v 1.21817648410797 1.28776574134827 0.892409443855286
v 1.22015726566315 1.28794753551483 0.875886201858521
v 1.20931136608124 1.27822601795197 0.878463506698608
v 1.20726680755615 1.27481913566589 0.892946362495422
v 1.21025371551514 1.28012037277222 0.867288827896118
v 1.21963763237 1.28649532794952 0.8625408411026
v 1.20228004455566 1.2668285369873 0.878657698631287
v 1.20026648044586 1.2604113817215 0.891149163246155
v 1.19003903865814 1.24187088012695 0.853510856628418
v 1.18626797199249 1.23083293437958 0.854571223258972
v 1.18954360485077 1.2369749546051 0.864738583564758
v 1.19362509250641 1.24606513977051 0.860703468322754
v 1.18507838249207 1.22811138629913 0.831751108169556
v 1.18783390522003 1.23153150081635 0.818532764911652
v 1.18485629558563 1.21858394145966 0.814928770065308
v 1.18353497982025 1.213902592659 0.82785177230835
v 1.21972835063934 1.2596982717514 0.813032507896423
v 1.21325767040253 1.25559759140015 0.809155166149139
v 1.21096551418304 1.25761675834656 0.816417217254639
v 1.21804225444794 1.26114821434021 0.819511532783508
v 1.2300101518631 1.26947295665741 0.816423535346985
v 1.23057675361633 1.26870918273926 0.822843432426453
v 1.23552012443542 1.27503895759583 0.823069453239441
v 1.23394167423248 1.27638053894043 0.815736174583435
v 1.22356986999512 1.25798463821411 0.806772112846375
v 1.21690821647644 1.25324201583862 0.802991271018982
v 1.22523748874664 1.26378917694092 0.816191613674164
v 1.22594261169434 1.26359152793884 0.810368061065674
v 1.22640120983124 1.27070415019989 0.800006628036499
v 1.22603940963745 1.27135610580444 0.805301308631897
v 1.22863030433655 1.2779529094696 0.802386403083801
v 1.2288419008255 1.27513551712036 0.797530829906464
v 1.22428119182587 1.26162385940552 0.803395211696625
v 1.22419035434723 1.2654173374176 0.805092871189117
v 1.22553157806396 1.26598048210144 0.800104379653931
v 1.22681772708893 1.2622344493866 0.799198269844055
v 1.2292799949646 1.26998996734619 0.810805141925812
v 1.23183524608612 1.27729368209839 0.809126555919647
v 1.23511242866516 1.28446781635284 0.806710720062256
v 1.23189949989319 1.28420042991638 0.798208832740784
v 1.20085561275482 1.2432861328125 0.802470803260803
v 1.20640468597412 1.25017213821411 0.80528724193573
v 1.21039927005768 1.24860942363739 0.799672722816467
v 1.20505094528198 1.24331474304199 0.797070264816284
v 1.2252824306488 1.25795865058899 0.798170924186707
v 1.21840620040894 1.25076603889465 0.784945487976074
v 1.21892535686493 1.25263166427612 0.788401007652283
v 1.2243971824646 1.25690150260925 0.786066949367523
v 1.22337031364441 1.25498235225677 0.783077895641327
v 1.19411408901215 1.22843182086945 0.794914484024048
v 1.19885158538818 1.2324059009552 0.790512204170227
v 1.19736158847809 1.22677886486053 0.785671710968018
v 1.19298553466797 1.22120356559753 0.789194822311401
v 1.19856059551239 1.22353827953339 0.780797958374023
v 1.19313454627991 1.21471726894379 0.782943665981293
v 1.1993260383606 1.20821154117584 0.767941653728485
v 1.1958122253418 1.21066975593567 0.774703145027161
v 1.20090913772583 1.22153389453888 0.774496853351593
v 1.20425772666931 1.22237873077393 0.767171621322632
v 1.21525728702545 1.23293328285217 0.763426184654236
v 1.22025895118713 1.23546528816223 0.759626090526581
v 1.21370613574982 1.2270872592926 0.751119375228882
v 1.20879173278809 1.22527241706848 0.758693218231201
v 1.21815454959869 1.24454283714294 0.781956791877747
v 1.21484446525574 1.24175810813904 0.784117221832275
v 1.21451616287231 1.24453186988831 0.784535050392151
v 1.21816551685333 1.24822604656219 0.783022105693817
v 1.21169137954712 1.23966860771179 0.785674095153809
v 1.2101423740387 1.23882293701172 0.786170065402985
v 1.21040713787079 1.24057197570801 0.786762118339539
v 1.21175479888916 1.24039459228516 0.78557676076889
v 1.21344923973083 1.24082767963409 0.784571647644043
v 1.21395099163055 1.24038434028625 0.782488107681274
v 1.21231842041016 1.23981177806854 0.784561514854431
v 1.21672606468201 1.24278855323792 0.77968442440033
v 1.22714054584503 1.24982571601868 0.770843744277954
v 1.22369182109833 1.24890661239624 0.773300290107727
v 1.22617030143738 1.25013041496277 0.777235984802246
v 1.22920560836792 1.25092422962189 0.775408625602722
v 1.21208822727203 1.24260532855988 0.786348342895508
v 1.21012020111084 1.24343657493591 0.789621889591217
v 1.21371364593506 1.24791145324707 0.789645075798035
v 1.21442449092865 1.24623763561249 0.787065088748932
v 1.2079918384552 1.24364483356476 0.792078614234924
v 1.20864403247833 1.24033522605896 0.788751423358917
v 1.20599067211151 1.23953127861023 0.790457308292389
v 1.21039485931396 1.23797643184662 0.784538209438324
v 1.20773935317993 1.23560845851898 0.784547805786133
v 1.20750629901886 1.23780238628387 0.78661322593689
v 1.20885670185089 1.23468458652496 0.780934572219849
v 1.21209585666656 1.23819053173065 0.781837224960327
v 1.21458923816681 1.24007821083069 0.778147459030151
v 1.21799516677856 1.24287521839142 0.773925006389618
v 1.21513473987579 1.23761796951294 0.771709024906158
v 1.21137177944183 1.23555850982666 0.776443421840668
v 1.21276140213013 1.24835276603699 0.793601095676422
v 1.20376086235046 1.23533821105957 0.788180589675903
v 1.20176708698273 1.23806583881378 0.794706881046295
v 1.20313680171967 1.23204255104065 0.784485399723053
v 1.20418977737427 1.22977602481842 0.780047535896301
v 1.20698308944702 1.22991871833801 0.775648951530457
v 1.21071481704712 1.23093748092651 0.768919110298157
v 1.21199023723602 1.21166729927063 0.749982357025146
v 1.20573043823242 1.21056020259857 0.758709669113159
v 1.22006821632385 1.28183579444885 0.855900645256042
v 1.21194505691528 1.27808213233948 0.858864903450012
v 1.21042728424072 1.27070546150208 0.854060053825378
v 1.20915591716766 1.27183783054352 0.857450246810913
v 1.21421933174133 1.27514410018921 0.855351686477661
v 1.2143851518631 1.27350902557373 0.853053689002991
v 1.19831430912018 1.25232744216919 0.857648134231567
v 1.20243239402771 1.25769102573395 0.855841457843781
v 1.2016429901123 1.25479519367218 0.853508591651917
v 1.19564783573151 1.24878144264221 0.852910041809082
v 1.20579159259796 1.25849556922913 0.841672897338867
v 1.20266568660736 1.25574660301208 0.84558117389679
v 1.20714092254639 1.26142370700836 0.848919868469238
v 1.20951855182648 1.26350402832031 0.846194565296173
v 1.21266674995422 1.26548779010773 0.843902707099915
v 1.21668672561646 1.2670636177063 0.842712044715881
v 1.21522641181946 1.26378047466278 0.837780356407166
v 1.21026539802551 1.26147365570068 0.839072227478027
v 1.22053480148315 1.27706038951874 0.853748381137848
v 1.22746098041534 1.27728652954102 0.85158908367157
v 1.22554516792297 1.27474665641785 0.849421143531799
v 1.2196968793869 1.27515959739685 0.851225316524506
v 1.23444950580597 1.26827168464661 0.842939496040344
v 1.23372209072113 1.2701690196991 0.844953656196594
v 1.23723936080933 1.27205836772919 0.844706058502197
v 1.23715317249298 1.26942622661591 0.841060638427734
v 1.23422420024872 1.26815104484558 0.838688373565674
v 1.23278772830963 1.26791858673096 0.84138822555542
v 1.23203945159912 1.29557538032532 0.909386932849884
v 1.23176109790802 1.29622507095337 0.890134036540985
v 1.21704494953156 1.28219020366669 0.9117591381073
v 1.20696556568146 1.2670875787735 0.909303724765778
v 1.19862389564514 1.25209653377533 0.903960585594177
v 1.18902540206909 1.22374796867371 0.803442537784576
v 1.18688070774078 1.21389889717102 0.798457741737366
v 1.18297958374023 1.20634162425995 0.811800956726074
v 1.1838858127594 1.19701206684113 0.804250061511993
v 1.1875137090683 1.20553231239319 0.790269136428833
v 1.19882559776306 1.19419240951538 0.773438692092896
v 1.191366314888 1.19830095767975 0.781071722507477
v 1.18855369091034 1.18714153766632 0.797120869159698
v 1.18626046180725 1.17960727214813 0.816315770149231
v 1.18282794952393 1.1899665594101 0.820115447044373
v 1.18755722045898 1.1762889623642 0.835358202457428
v 1.19179546833038 1.1663703918457 0.815141201019287
v 1.19138526916504 1.1683954000473 0.837493896484375
v 1.2008798122406 1.14864492416382 0.783850431442261
v 1.19798862934113 1.13753819465637 0.778366506099701
v 1.18945932388306 1.13215184211731 0.793628096580505
v 1.19135236740112 1.14227366447449 0.798576354980469
v 1.18190705776215 1.20068252086639 0.824261069297791
v 1.19056499004364 1.23542308807373 0.877347588539124
v 1.1933571100235 1.2450966835022 0.871817886829376
v 1.18700432777405 1.22591698169708 0.868104577064514
v 1.20378184318542 1.24358749389648 0.939032554626465
v 1.20657289028168 1.25731217861176 0.925362288951874
v 1.19647610187531 1.24440121650696 0.916408538818359
v 1.1965092420578 1.23290514945984 0.929503738880157
v 1.23724293708801 1.26742398738861 0.957937717437744
v 1.23368048667908 1.28393137454987 0.934869229793549
v 1.22068047523499 1.27192807197571 0.931623935699463
v 1.22062599658966 1.25840210914612 0.950777173042297
v 1.19728100299835 1.22111749649048 0.937420964241028
v 1.19870710372925 1.20410680770874 0.946416854858398
v 1.20777678489685 1.2048499584198 0.961612164974213
v 1.2063535451889 1.22603356838226 0.952115297317505
v 1.22428548336029 1.20803594589233 0.978959679603577
v 1.22320342063904 1.23408472537994 0.968721270561218
v 1.19184255599976 1.15318179130554 0.832301616668701
v 1.19420790672302 1.15976476669312 0.847493588924408
v 1.19355142116547 1.15494751930237 0.804454147815704
v 1.18976318836212 1.14485037326813 0.820335388183594
v 1.24546420574188 1.21126818656921 0.989074289798737
v 1.24339652061462 1.24216651916504 0.978352308273315
v 1.21233189105988 1.15024995803833 0.945311069488525
v 1.21196556091309 1.16513049602509 0.958177804946899
v 1.20123040676117 1.17464029788971 0.941556870937347
v 1.20222723484039 1.16024076938629 0.93239414691925
v 1.22608995437622 1.14012205600739 0.95831686258316
v 1.2275105714798 1.15798950195312 0.972270369529724
v 1.21143841743469 1.12950384616852 0.893794775009155
v 1.21220993995667 1.12877726554871 0.875867784023285
v 1.22230982780457 1.11880910396576 0.881651401519775
v 1.22232496738434 1.11701655387878 0.900294065475464
v 1.20380079746246 1.27166104316711 0.86880898475647
v 1.20597517490387 1.27257895469666 0.860923886299133
v 1.20234048366547 1.26577806472778 0.861207246780396
v 1.19983553886414 1.26259708404541 0.868470728397369
v 1.1976842880249 1.25548219680786 0.876587569713593
v 1.19545245170593 1.24721324443817 0.886186957359314
v 1.19235265254974 1.2318639755249 0.908398270606995
v 1.19229853153229 1.22271203994751 0.921527504920959
v 1.19394814968109 1.20067143440247 0.933966636657715
v 1.19215846061707 1.21350336074829 0.927256941795349
v 1.19541716575623 1.17623782157898 0.927699089050293
v 1.1961841583252 1.167196393013 0.921520233154297
v 1.19803428649902 1.15160048007965 0.863066256046295
v 1.19659543037415 1.14224588871002 0.845565378665924
v 1.20410668849945 1.13217973709106 0.854005634784698
v 1.20461010932922 1.13902723789215 0.870651066303253
v 1.22023344039917 1.11575973033905 0.864412188529968
v 1.21169352531433 1.12381792068481 0.860059201717377
v 1.19283032417297 1.12447118759155 0.825245797634125
v 1.1912556886673 1.11328589916229 0.819833695888519
v 1.19716465473175 1.103999376297 0.832182049751282
v 1.19945549964905 1.11451721191406 0.835662543773651
v 1.2051488161087 1.09508574008942 0.839782536029816
v 1.21572065353394 1.08901488780975 0.843372762203217
v 1.21763205528259 1.09982299804688 0.846753180027008
v 1.2085874080658 1.10630595684052 0.842845022678375
v 1.217533826828 1.14380478858948 0.757673025131226
v 1.21633124351501 1.13366985321045 0.753409206867218
v 1.2057181596756 1.13161420822144 0.762186408042908
v 1.20857131481171 1.14121532440186 0.766587913036346
v 1.18898737430573 1.10205829143524 0.817298471927643
v 1.19447982311249 1.09418916702271 0.831196904182434
v 1.20313251018524 1.1425952911377 0.887427866458893
v 1.19882428646088 1.1537389755249 0.883314251899719
v 1.20166409015656 1.08490693569183 0.838723361492157
v 1.20983505249023 1.11611866950989 0.848350167274475
v 1.20156788825989 1.12341904640198 0.842000961303711
v 1.2325314283371 1.10897564888 0.867291808128357
v 1.23513066768646 1.11111652851105 0.884658098220825
v 1.22457611560822 1.26395165920258 0.821252703666687
v 1.22555339336395 1.26667010784149 0.837536096572876
v 1.22583377361298 1.26820755004883 0.841049909591675
v 1.22991907596588 1.26828336715698 0.841373920440674
v 1.23030602931976 1.26736783981323 0.838016986846924
v 1.24374115467072 1.29817712306976 0.86456573009491
v 1.24173784255981 1.28993141651154 0.849356770515442
v 1.23010873794556 1.29062557220459 0.856808423995972
v 1.23187863826752 1.29493546485901 0.871114432811737
v 1.19347512722015 1.24603462219238 0.823523342609406
v 1.20301139354706 1.25474107265472 0.823185980319977
v 1.20361697673798 1.25265955924988 0.813968360424042
v 1.19676840305328 1.24431753158569 0.810943841934204
v 1.20503604412079 1.26130676269531 0.854972302913666
v 1.20388734340668 1.26272559165955 0.857929587364197
v 1.20600235462189 1.2643209695816 0.855030059814453
v 1.1974219083786 1.2364889383316 0.799107909202576
v 1.19232821464539 1.23423910140991 0.807299315929413
v 1.18484735488892 1.21832680702209 0.856265902519226
v 1.19689691066742 1.25352835655212 0.865869760513306
v 1.26014351844788 1.27533650398254 0.959506213665009
v 1.25384902954102 1.29358196258545 0.933184385299683
v 1.26807963848114 1.21619307994843 0.994351863861084
v 1.26495432853699 1.24813938140869 0.981466352939606
v 1.24571001529694 1.15093076229095 0.983206868171692
v 1.24490392208099 1.13119637966156 0.969096958637238
v 1.26288533210754 1.125204205513 0.973645985126495
v 1.26790249347687 1.15107536315918 0.988160014152527
v 1.23647594451904 1.10785675048828 0.903901338577271
v 1.22600173950195 1.08501744270325 0.841802656650543
v 1.22899448871613 1.09575951099396 0.84767472743988
v 1.24779415130615 1.3015946149826 0.906869173049927
v 1.24563038349152 1.30206525325775 0.883827328681946
v 1.19370639324188 1.23831355571747 0.897103905677795
v 1.1881091594696 1.23989045619965 0.843535602092743
v 1.19352853298187 1.24810552597046 0.846139848232269
v 1.1941454410553 1.2499041557312 0.839799523353577
v 1.188432097435 1.2409234046936 0.83492124080658
v 1.18499624729156 1.22793388366699 0.841869831085205
v 1.18393075466156 1.21333158016205 0.841945827007294
v 1.1831978559494 1.19708013534546 0.842970371246338
v 1.1848087310791 1.18487465381622 0.837362408638
v 1.20093941688538 1.18782687187195 0.949196696281433
v 1.21121752262115 1.18249821662903 0.965466201305389
v 1.2273622751236 1.18091094493866 0.980465352535248
v 1.24684488773346 1.17976570129395 0.990577638149261
v 1.19651675224304 1.18760800361633 0.937546610832214
v 1.2690657377243 1.1821323633194 0.994487106800079
v 1.22618961334229 1.25867772102356 0.790526509284973
v 1.22005462646484 1.25391507148743 0.794447898864746
v 1.22869515419006 1.26064312458038 0.793485105037689
v 1.22176969051361 1.24517548084259 0.770378649234772
v 1.2256315946579 1.24653053283691 0.768010020256042
v 1.22416341304779 1.24062860012054 0.765173316001892
v 1.21959984302521 1.23942279815674 0.767823994159698
v 1.21489012241364 1.19509029388428 0.756615519523621
v 1.20732808113098 1.19364905357361 0.76439243555069
v 1.21809244155884 1.15504348278046 0.761232018470764
v 1.21027910709381 1.15223622322083 0.770678997039795
v 1.230135679245 1.26864814758301 0.798059105873108
v 1.23173570632935 1.26916432380676 0.797691464424133
v 1.23203635215759 1.26665329933167 0.797901034355164
v 1.23011207580566 1.2663449048996 0.798620223999023
v 1.21309542655945 1.24240982532501 0.785458326339722
v 1.22787094116211 1.25707638263702 0.78096616268158
v 1.23081171512604 1.25759863853455 0.779668509960175
v 1.23002994060516 1.25449883937836 0.777474761009216
v 1.22702467441559 1.25385105609894 0.778730511665344
v 1.19872915744781 1.17685842514038 0.78909957408905
v 1.20211935043335 1.16158175468445 0.788179039955139
v 1.18698275089264 1.12329864501953 0.805102050304413
v 1.18861961364746 1.13426041603088 0.811606705188751
v 1.19454550743103 1.13384699821472 0.833126544952393
v 1.21986198425293 1.11009454727173 0.854113936424255
v 1.22992384433746 1.10309672355652 0.855609476566315
v 1.25529479980469 1.09961438179016 0.854681611061096
v 1.25961923599243 1.10297083854675 0.86608499288559
v 1.24580931663513 1.10359334945679 0.868559598922729
v 1.24293577671051 1.10037398338318 0.856498599052429
v 1.20926630496979 1.17838680744171 0.772208690643311
v 1.21689414978027 1.180171251297 0.762495100498199
v 1.218132853508 1.16743755340576 0.764067530632019
v 1.21106684207916 1.16492760181427 0.773927271366119
v 1.23432171344757 1.26824188232422 0.79339861869812
v 1.23529708385468 1.26919317245483 0.791610956192017
v 1.23481523990631 1.26560616493225 0.791414558887482
v 1.23349845409393 1.26593589782715 0.793740749359131
v 1.22921478748322 1.26393270492554 0.79844605922699
v 1.2310391664505 1.26336419582367 0.796456754207611
v 1.23029720783234 1.26227474212646 0.795355439186096
v 1.22858703136444 1.26905608177185 0.79789537191391
v 1.22826111316681 1.26604461669922 0.7984818816185
v 1.23253881931305 1.2736724615097 0.794867694377899
v 1.23019409179688 1.27240598201752 0.796873986721039
v 1.23185670375824 1.27817130088806 0.792899429798126
v 1.23340809345245 1.26780879497528 0.795865416526794
v 1.23279142379761 1.26573085784912 0.795881688594818
v 1.23042190074921 1.26492750644684 0.798683643341064
v 1.23191356658936 1.26493108272552 0.797843039035797
v 1.232661485672 1.27219009399414 0.796511471271515
v 1.23109292984009 1.27092170715332 0.797479391098022
v 1.23773777484894 1.28332138061523 0.814662933349609
v 1.24337029457092 1.28640627861023 0.812762379646301
v 1.24111378192902 1.28756594657898 0.804354071617126
v 1.23867928981781 1.28720188140869 0.794986844062805
v 1.23735427856445 1.28056764602661 0.78916597366333
v 1.22508549690247 1.16800701618195 0.758187413215637
v 1.22550785541534 1.15589344501495 0.755460798740387
v 1.26133620738983 1.30300331115723 0.877717435359955
v 1.25609827041626 1.29770338535309 0.8592249751091
v 1.21244657039642 1.24025392532349 0.785531044006348
v 1.22855031490326 1.28151488304138 0.852735757827759
v 1.19874107837677 1.25399351119995 0.834118247032166
v 1.21821057796478 1.26160955429077 0.825370788574219
v 1.21105051040649 1.25895965099335 0.824209570884705
v 1.21301066875458 1.2610045671463 0.831175863742828
v 1.21934068202972 1.26335883140564 0.831582725048065
v 1.23676776885986 1.28046894073486 0.84773051738739
v 1.24392557144165 1.28305101394653 0.840127289295197
v 1.24088859558105 1.27661466598511 0.842739701271057
v 1.24020326137543 1.27292370796204 0.837141990661621
v 1.24147820472717 1.27940654754639 0.831613183021545
v 1.2365630865097 1.27255189418793 0.829226016998291
v 1.23622179031372 1.26929521560669 0.834506034851074
v 1.20777225494385 1.26735496520996 0.85452127456665
v 1.20595061779022 1.267009973526 0.857276082038879
v 1.23102593421936 1.26753401756287 0.828208327293396
v 1.2249139547348 1.26420831680298 0.827079713344574
v 1.22541534900665 1.26483857631683 0.832389235496521
v 1.23101580142975 1.2667384147644 0.833307266235352
v 1.20611906051636 1.25787150859833 0.831838846206665
v 1.20044183731079 1.25875389575958 0.860704600811005
v 1.20140910148621 1.25417423248291 0.849565804004669
v 1.19565069675446 1.16240918636322 0.883624136447906
v 1.19535040855408 1.16211605072021 0.86971378326416
v 1.18392717838287 1.17229664325714 0.851504683494568
v 1.18445158004761 1.17305636405945 0.846355795860291
v 1.1920245885849 1.17152404785156 0.850281834602356
v 1.18794786930084 1.16945326328278 0.855278015136719
v 1.18892395496368 1.18533170223236 0.908721029758453
v 1.19131195545197 1.18636476993561 0.917066693305969
v 1.19001853466034 1.193026304245 0.913751721382141
v 1.18914937973022 1.18793940544128 0.907738447189331
v 1.1889796257019 1.19532656669617 0.907595455646515
v 1.1893298625946 1.19905245304108 0.908832907676697
v 1.18799185752869 1.195965051651 0.901224613189697
v 1.1884628534317 1.19308316707611 0.903422236442566
v 1.18986487388611 1.20586597919464 0.917476236820221
v 1.189532995224 1.21329963207245 0.910250067710876
v 1.18850314617157 1.20395994186401 0.901634573936462
v 1.18973195552826 1.22241020202637 0.885681629180908
v 1.18821203708649 1.20613157749176 0.883100152015686
v 1.18832659721375 1.20614743232727 0.892921149730682
v 1.18981671333313 1.21880030632019 0.89955335855484
v 1.18494784832001 1.17939722537994 0.84949666261673
v 1.18588256835938 1.18675422668457 0.854482412338257
v 1.19442200660706 1.1659836769104 0.857499897480011
v 1.28988707065582 1.13254952430725 0.970316886901855
v 1.29272413253784 1.15821361541748 0.984536290168762
v 1.21128070354462 1.13970637321472 0.930618047714233
v 1.2242157459259 1.12845683097839 0.940750360488892
v 1.20179295539856 1.15023732185364 0.920075416564941
v 1.19646096229553 1.16022944450378 0.910769760608673
v 1.24011206626892 1.1197737455368 0.948919832706451
v 1.2582973241806 1.11200928688049 0.952076852321625
v 1.18576061725616 1.21341347694397 0.871863543987274
v 1.18828785419464 1.20069074630737 0.87254011631012
v 1.21092760562897 1.13198494911194 0.912947475910187
v 1.22274923324585 1.12082827091217 0.920628666877747
v 1.20203363895416 1.14429688453674 0.904002070426941
v 1.19709479808807 1.15543866157532 0.898317337036133
v 1.24005162715912 1.1118688583374 0.927837014198303
v 1.25340819358826 1.10370147228241 0.903111279010773
v 1.25755167007446 1.10599541664124 0.925765097141266
v 1.18489217758179 1.17853045463562 0.862607896327972
v 1.18563616275787 1.18135476112366 0.858802616596222
v 1.18493568897247 1.17714560031891 0.853589713573456
v 1.18253934383392 1.17636275291443 0.857129871845245
v 1.1849057674408 1.20495319366455 0.858344972133636
v 1.18630492687225 1.19342756271362 0.862948179244995
v 1.23939085006714 1.28161430358887 0.822279214859009
v 1.24801921844482 1.28448927402496 0.82934182882309
v 1.24548637866974 1.28509652614594 0.820609986782074
v 1.25030159950256 1.28538596630096 0.837447345256805
v 1.28746020793915 1.25365042686462 0.976621210575104
v 1.28216361999512 1.27960598468781 0.955693602561951
v 1.29292273521423 1.18913435935974 0.992571949958801
v 1.29105079174042 1.22240996360779 0.989711880683899
v 1.22503781318665 1.23694753646851 0.757490813732147
v 1.21984589099884 1.2285178899765 0.746767699718475
v 1.23054766654968 1.26076579093933 0.787677645683289
v 1.23329281806946 1.26099944114685 0.786091208457947
v 1.23191869258881 1.25943970680237 0.782600402832031
v 1.22907483577728 1.25918936729431 0.784359037876129
v 1.23352265357971 1.2750358581543 0.848195195198059
v 1.24992120265961 1.10522186756134 0.884738683700562
v 1.24098587036133 1.09346151351929 0.84730851650238
v 1.23785519599915 1.08286130428314 0.840362727642059
v 1.21204698085785 1.07747864723206 0.841789722442627
v 1.22368156909943 1.07293283939362 0.841126680374146
v 1.23444390296936 1.26310396194458 0.789364099502563
v 1.23205626010895 1.26254975795746 0.791038751602173
v 1.23350274562836 1.27064943313599 0.796561360359192
v 1.22278141975403 1.25217771530151 0.781047582626343
v 1.23276400566101 1.2640380859375 0.793268144130707
v 1.23251593112946 1.26486194133759 0.795197904109955
v 1.23664844036102 1.26612401008606 0.790466785430908
v 1.23595070838928 1.26306319236755 0.788531541824341
v 1.22041165828705 1.26576578617096 0.83762663602829
v 1.22119462490082 1.26836442947388 0.842324256896973
v 1.23433482646942 1.27347874641418 0.791657388210297
v 1.23425054550171 1.27185797691345 0.794111251831055
v 1.23739087581635 1.27364230155945 0.789874672889709
v 1.19480311870575 1.12758994102478 0.773888885974884
v 1.18703961372375 1.12095725536346 0.788673281669617
v 1.23285114765167 1.25768852233887 0.778930306434631
v 1.23211419582367 1.25461113452911 0.776480197906494
v 1.27464783191681 1.29868364334106 0.928570032119751
v 1.26956748962402 1.10203015804291 0.897760152816772
v 1.2742840051651 1.10449695587158 0.918632388114929
v 1.18786609172821 1.19571661949158 0.880705833435059
v 1.18641901016235 1.18946671485901 0.880260348320007
v 1.18672740459442 1.19124066829681 0.887726545333862
v 1.18767249584198 1.19772517681122 0.88829517364502
v 1.22548711299896 1.14488327503204 0.752003908157349
v 1.18518090248108 1.11181676387787 0.803058087825775
v 1.23576200008392 1.07032918930054 0.840597629547119
v 1.20497703552246 1.25997269153595 0.853663742542267
v 1.20579779148102 1.26010870933533 0.85161304473877
v 1.23060441017151 1.27280819416046 0.847427427768707
v 1.28374814987183 1.11026275157928 0.946260571479797
v 1.22004294395447 1.24622106552124 0.776290655136108
v 1.22240698337555 1.24762558937073 0.779162704944611
v 1.25262534618378 1.09273433685303 0.845703721046448
v 1.22381865978241 1.1814706325531 0.757982432842255
v 1.23660683631897 1.26998209953308 0.790899515151978
v 1.26343333721161 1.1042263507843 0.880873322486877
v 1.18712139129639 1.18804287910461 0.898559093475342
v 1.18501400947571 1.18953442573547 0.895390033721924
v 1.18493795394897 1.18761134147644 0.892553210258484
v 1.18671202659607 1.18694949150085 0.893588423728943
v 1.18373250961304 1.1945161819458 0.896317362785339
v 1.18259716033936 1.19111251831055 0.894484460353851
v 1.18166923522949 1.19172835350037 0.898469567298889
v 1.18338620662689 1.19455242156982 0.900502562522888
v 1.18755888938904 1.19760167598724 0.895552515983582
v 1.18472611904144 1.19368088245392 0.892160892486572
v 1.18143260478973 1.19085049629211 0.901058971881866
v 1.18185687065125 1.19315481185913 0.902729392051697
v 1.18474864959717 1.19311213493347 0.904157757759094
v 1.1887401342392 1.190469622612 0.905671834945679
v 1.18030440807343 1.19089531898499 0.905848622322083
v 1.18433105945587 1.1902596950531 0.907915472984314
v 1.17876482009888 1.18665814399719 0.90892493724823
v 1.18382704257965 1.18598031997681 0.910997986793518
v 1.17794489860535 1.18093299865723 0.909591197967529
v 1.18366801738739 1.17989647388458 0.910825729370117
v 1.18631947040558 1.18584036827087 0.865443766117096
v 1.18650019168854 1.18025398254395 0.869092047214508
v 1.17691135406494 1.17560458183289 0.907369256019592
v 1.18333601951599 1.17431855201721 0.907068490982056
v 1.17633140087128 1.1705424785614 0.902559578418732
v 1.18258690834045 1.16954171657562 0.901772916316986
v 1.17661106586456 1.1674530506134 0.896079540252686
v 1.18151581287384 1.16642105579376 0.895783722400665
v 1.17649555206299 1.16455173492432 0.888733923435211
v 1.18124294281006 1.16243517398834 0.887054860591888
v 1.17694640159607 1.16362464427948 0.88053023815155
v 1.1812995672226 1.16062068939209 0.876761317253113
v 1.18165385723114 1.1847733259201 0.907080411911011
v 1.1806732416153 1.18024206161499 0.906972765922546
v 1.19052147865295 1.18187487125397 0.906183779239655
v 1.18200349807739 1.18919432163239 0.90526819229126
v 1.18656134605408 1.17992639541626 0.892634391784668
v 1.18935072422028 1.18088412284851 0.894844532012939
v 1.18851184844971 1.18044281005859 0.893346309661865
v 1.18908393383026 1.17779576778412 0.893144130706787
v 1.18643057346344 1.1860100030899 0.875171661376953
v 1.18545508384705 1.18257427215576 0.876856565475464
v 1.18616449832916 1.18597757816315 0.881238281726837
v 1.18629717826843 1.17973160743713 0.873543858528137
v 1.18757712841034 1.17960500717163 0.874945938587189
v 1.18841099739075 1.18203222751617 0.877570867538452
v 1.18945121765137 1.18403291702271 0.880586326122284
v 1.18746399879456 1.17712998390198 0.875436902046204
v 1.18562293052673 1.17653048038483 0.873055458068848
v 1.18840229511261 1.17725563049316 0.875446438789368
v 1.18878674507141 1.17859482765198 0.875350296497345
v 1.19002258777618 1.17928946018219 0.877562582492828
v 1.19016969203949 1.17930030822754 0.881649494171143
v 1.18711090087891 1.19144666194916 0.873085737228394
v 1.19099688529968 1.16879415512085 0.883928120136261
v 1.19139838218689 1.16707468032837 0.873783349990845
v 1.17823505401611 1.16554272174835 0.872264266014099
v 1.18063998222351 1.16189563274384 0.8660688996315
v 1.17965388298035 1.17158436775208 0.856185019016266
v 1.17899310588837 1.16547608375549 0.858454823493958
v 1.19129991531372 1.17738306522369 0.902612030506134
v 1.19059693813324 1.17344272136688 0.898255825042725
v 1.19055986404419 1.16837310791016 0.863375425338745
v 1.19011569023132 1.16987800598145 0.89246529340744
v 1.17881667613983 1.16710042953491 0.882759869098663
v 1.18041968345642 1.1683452129364 0.876566708087921
v 1.17806100845337 1.1669008731842 0.888626217842102
v 1.18388104438782 1.17598509788513 0.869992733001709
v 1.18157660961151 1.17406833171844 0.863883435726166
v 1.17921030521393 1.16946697235107 0.867034077644348
v 1.18246829509735 1.17159247398376 0.87267929315567
v 1.18022632598877 1.17056059837341 0.883910179138184
v 1.1826788187027 1.17145025730133 0.879592001438141
v 1.1835823059082 1.17252361774445 0.885193467140198
v 1.18592262268066 1.17347049713135 0.881516337394714
v 1.1868816614151 1.17503380775452 0.876923203468323
v 1.18476903438568 1.17376279830933 0.875898957252502
v 1.18999695777893 1.17491364479065 0.882728397846222
v 1.18742179870605 1.17411816120148 0.886147201061249
v 1.18922448158264 1.17625916004181 0.877699017524719
v 1.18182826042175 1.17326354980469 0.88876485824585
v 1.18070197105408 1.17450141906738 0.892935752868652
v 1.18285012245178 1.17804312705994 0.892563104629517
v 1.18503129482269 1.17561388015747 0.88970959186554
v 1.1786584854126 1.16867959499359 0.894843459129333
v 1.17837989330292 1.17168378829956 0.89390754699707
v 1.17900919914246 1.17049813270569 0.888813614845276
v 1.17861640453339 1.17382216453552 0.898383855819702
v 1.17927479743958 1.17182564735413 0.900758862495422
v 1.18016993999481 1.1757493019104 0.896651208400726
v 1.18158984184265 1.17811942100525 0.895981192588806
v 1.18048286437988 1.18053293228149 0.903880178928375
v 1.17960321903229 1.17721593379974 0.902092576026917
v 1.17967462539673 1.17582321166992 0.904897749423981
v 1.18014526367188 1.17843747138977 0.899421572685242
v 1.18134224414825 1.18097174167633 0.901078701019287
v 1.18219494819641 1.18104195594788 0.899483680725098
v 1.18126821517944 1.1788637638092 0.898502469062805
v 1.18354535102844 1.19000458717346 0.901646018028259
v 1.18422091007233 1.19065570831299 0.898935973644257
v 1.18299305438995 1.1874006986618 0.903016090393066
v 1.18507599830627 1.18884825706482 0.90338933467865
v 1.18406915664673 1.18634390830994 0.901143252849579
v 1.18626248836517 1.18881154060364 0.90180116891861
v 1.1846090555191 1.18624114990234 0.89923882484436
v 1.18587219715118 1.18520963191986 0.896068692207336
v 1.21241211891174 1.11549842357635 0.741425037384033
v 1.21427321434021 1.12395286560059 0.747888207435608
v 1.22544896602631 1.12297534942627 0.742414593696594
v 1.22529542446136 1.11390900611877 0.736915409564972
v 1.18332386016846 1.18379771709442 0.899125337600708
v 1.18280053138733 1.18376183509827 0.901489734649658
v 1.18220949172974 1.18448543548584 0.904971301555634
v 1.18465542793274 1.18145000934601 0.894683599472046
v 1.18331480026245 1.18047058582306 0.894928574562073
v 1.18278455734253 1.18083417415619 0.896711468696594
v 1.18428444862366 1.18293213844299 0.896684646606445
v 1.18672847747803 1.18722999095917 0.884921908378601
v 1.18834972381592 1.18404769897461 0.885928750038147
v 1.18820071220398 1.17879509925842 0.885368704795837
v 1.17908227443695 1.09532880783081 0.755062103271484
v 1.16723716259003 1.09223067760468 0.77329009771347
v 1.17272520065308 1.09733235836029 0.77863073348999
v 1.18409514427185 1.10121071338654 0.762055039405823
v 1.1682163476944 1.0927826166153 0.730321049690247
v 1.16528558731079 1.08974885940552 0.711408078670502
v 1.14651906490326 1.08858919143677 0.726511836051941
v 1.14878189563751 1.08639001846313 0.754293382167816
v 1.14612519741058 1.08576035499573 0.703299283981323
v 1.16404104232788 1.08491683006287 0.691566050052643
v 1.14522612094879 1.07292413711548 0.640483438968658
v 1.14548754692078 1.07727575302124 0.660768151283264
v 1.16255283355713 1.0770298242569 0.653218388557434
v 1.16207790374756 1.07257723808289 0.633845686912537
v 1.1154865026474 1.0346097946167 0.56028163433075
v 1.12778782844543 1.03715026378632 0.557054221630096
v 1.13315868377686 1.02288866043091 0.545459747314453
v 1.11909687519073 1.01752769947052 0.548159658908844
v 1.08426439762115 1.06779682636261 0.709687948226929
v 1.07484757900238 1.05944859981537 0.707979679107666
v 1.07155752182007 1.06835186481476 0.729819297790527
v 1.08150315284729 1.07543289661407 0.730917692184448
v 1.14910042285919 1.07041573524475 0.813115298748016
v 1.1560001373291 1.07279694080353 0.814727962017059
v 1.15542042255402 1.08036804199219 0.789497852325439
v 1.14769542217255 1.07903027534485 0.786574006080627
v 1.0735924243927 1.01912581920624 0.614229321479797
v 1.08015918731689 1.03205215930939 0.614160060882568
v 1.08209538459778 1.02755427360535 0.59859561920166
v 1.07628846168518 1.01506972312927 0.59717321395874
v 1.09089028835297 0.941468119621277 0.538545489311218
v 1.10530471801758 0.948198437690735 0.523974657058716
v 1.10305392742157 0.930126309394836 0.510070085525513
v 1.08880221843719 0.922681748867035 0.525817215442657
v 1.05867660045624 0.925749361515045 0.611379563808441
v 1.05835437774658 0.910466909408569 0.599854826927185
v 1.05949056148529 0.894880175590515 0.6219881772995
v 1.05984497070312 0.908432960510254 0.632572412490845
v 1.11647748947144 1.06964325904846 0.653974711894989
v 1.11592376232147 1.07400214672089 0.675929427146912
v 1.12970376014709 1.07590270042419 0.668431162834167
v 1.12994420528412 1.07192766666412 0.647396683692932
v 0.907176911830902 1.05385780334473 0.831133246421814
v 0.931602478027344 1.05777454376221 0.823646664619446
v 0.927041172981262 1.05318784713745 0.806782841682434
v 0.902142882347107 1.04927468299866 0.814659714698792
v 1.04807460308075 0.834879338741302 0.538789391517639
v 1.04414033889771 0.818884491920471 0.528143405914307
v 1.0436395406723 0.81312757730484 0.554555892944336
v 1.04862427711487 0.827781081199646 0.563195466995239
v 1.0386027097702 1.08016800880432 0.813202917575836
v 1.04099917411804 1.07084965705872 0.836197793483734
v 1.05475187301636 1.07482051849365 0.833939373493195
v 1.05236160755157 1.08498024940491 0.809508919715881
v 1.07957148551941 1.0482302904129 0.671215236186981
v 1.07738876342773 1.0535204410553 0.688541412353516
v 1.08579576015472 1.06211817264557 0.690131902694702
v 1.08719778060913 1.05660843849182 0.670711040496826
v 1.05584621429443 0.929572105407715 0.658174991607666
v 1.05534160137177 0.940290868282318 0.673568964004517
v 1.05473053455353 0.954831779003143 0.659529685974121
v 1.05390524864197 0.945428907871246 0.641380548477173
v 1.0551278591156 0.936217665672302 0.625741958618164
v 1.05703663825989 0.919126570224762 0.644467413425446
v 1.09477305412292 1.0618200302124 0.66592538356781
v 1.09477078914642 1.06810784339905 0.688848853111267
v 1.10444474220276 1.07102954387665 0.682916641235352
v 1.10491251945496 1.06615030765533 0.660062074661255
v 1.14015173912048 1.00708448886871 0.537725448608398
v 1.12329280376434 1.00047588348389 0.541274845600128
v 1.05133402347565 0.822460830211639 0.501883924007416
v 1.05434513092041 0.839799523353577 0.513312578201294
v 1.06648969650269 0.842198967933655 0.49070742726326
v 1.06389999389648 0.823720633983612 0.479232847690582
v 1.12381422519684 0.969244956970215 0.526235997676849
v 1.10769987106323 0.96455591917038 0.536327600479126
v 1.10937142372131 0.98100084066391 0.543412268161774
v 1.12508463859558 0.984983325004578 0.535614550113678
v 1.08018147945404 0.824546813964844 0.459718585014343
v 1.08208274841309 0.843796670436859 0.471331506967545
v 1.09895133972168 0.846169531345367 0.454101026058197
v 1.09687209129333 0.824188113212585 0.441377878189087
v 1.1457417011261 1.08159506320953 0.681447625160217
v 1.16318142414093 1.08086228370667 0.672293663024902
v 1.09576725959778 1.02853143215179 0.573138356208801
v 1.10463881492615 1.03167068958282 0.565875053405762
v 1.10683369636536 1.0141270160675 0.553800702095032
v 1.09640157222748 1.01194286346436 0.561663269996643
v 1.06479287147522 1.02854907512665 0.699567675590515
v 1.06029343605042 1.03307402133942 0.71920108795166
v 1.06046772003174 1.0551061630249 0.727257013320923
v 1.06727147102356 1.04650604724884 0.704108536243439
v 1.03812754154205 0.797671496868134 0.545816779136658
v 1.03927445411682 0.802466452121735 0.518107771873474
v 1.07699906826019 0.802628040313721 0.448876470327377
v 1.09398984909058 0.800995230674744 0.430725812911987
v 1.03794145584106 0.987450897693634 0.745256245136261
v 1.04084539413452 0.997823596000671 0.743237972259521
v 1.04816615581512 0.991216838359833 0.73516833782196
v 1.04469907283783 0.981972694396973 0.739040195941925
v 1.16782867908478 1.03607571125031 0.553457081317902
v 1.15644490718842 1.01918733119965 0.54085910320282
v 1.1453503370285 1.03264129161835 0.549496948719025
v 1.15351688861847 1.04521203041077 0.561279058456421
v 1.09714865684509 0.993922293186188 0.556604564189911
v 1.10910022258759 0.996542036533356 0.548025846481323
v 1.09601199626923 0.977626085281372 0.553822338581085
v 1.18313431739807 1.02330982685089 0.547910094261169
v 1.16932964324951 1.00046765804291 0.533245027065277
v 1.18160843849182 1.07997751235962 0.664004802703857
v 1.18104922771454 1.07557487487793 0.646433889865875
v 1.18273329734802 1.08465564250946 0.681314051151276
v 1.18470227718353 1.09060192108154 0.698115110397339
v 1.20331037044525 1.08970856666565 0.688674926757812
v 1.20172047615051 1.08320307731628 0.672892868518829
v 1.18711793422699 1.09580361843109 0.714305102825165
v 1.20557689666748 1.09631049633026 0.703579306602478
v 1.19459283351898 1.09783339500427 0.739018499851227
v 1.19771921634674 1.10374295711517 0.747120678424835
v 1.07072901725769 1.04074096679688 0.685760498046875
v 1.07312917709351 1.03550946712494 0.669492602348328
v 1.06053006649017 0.803759694099426 0.46869158744812
v 1.13468718528748 0.961038529872894 0.820396423339844
v 1.12014162540436 0.970017910003662 0.820757448673248
v 1.11946928501129 0.957516849040985 0.810728013515472
v 1.13348865509033 0.947273969650269 0.811056911945343
v 1.13621973991394 1.08106064796448 0.789833843708038
v 1.14128518104553 1.07031881809235 0.815039157867432
v 1.05558896064758 0.956984102725983 0.76535701751709
v 1.05520582199097 0.955507874488831 0.757599592208862
v 1.06458520889282 0.947795033454895 0.756262063980103
v 1.06658089160919 0.95068496465683 0.764326274394989
v 1.03380084037781 0.972211599349976 0.753360509872437
v 1.03224861621857 0.96900886297226 0.759520769119263
v 1.01688528060913 0.969741642475128 0.764397263526917
v 1.01719546318054 0.973552048206329 0.759002804756165
v 1.04991602897644 0.806364297866821 0.577678442001343
v 1.05555629730225 0.819709479808807 0.586398363113403
v 1.08624351024628 0.87574028968811 0.687995910644531
v 1.08124125003815 0.889138996601105 0.698059678077698
v 1.07002687454224 0.895866632461548 0.681350350379944
v 1.07362627983093 0.882917881011963 0.670542180538177
v 1.2165492773056 0.941452920436859 0.792497575283051
v 1.20098733901978 0.941528081893921 0.799307346343994
v 1.19857931137085 0.930081009864807 0.790576815605164
v 1.214768409729 0.930195271968842 0.783880591392517
v 1.16838157176971 0.95938628911972 0.820897102355957
v 1.1860032081604 0.955667972564697 0.813629448413849
v 1.18809497356415 0.967034995555878 0.821205019950867
v 1.16980063915253 0.972407698631287 0.828432679176331
v 1.15062952041626 0.952230393886566 0.81795608997345
v 1.14880311489105 0.938601970672607 0.808793783187866
v 1.06038069725037 0.91776978969574 0.675179421901703
v 1.05808389186859 0.928728818893433 0.688274502754211
v 1.05397462844849 0.944971024990082 0.711701393127441
v 1.05247378349304 0.951817214488983 0.720537185668945
v 1.05207586288452 0.961746037006378 0.711005508899689
v 1.05321669578552 0.955676674842834 0.700852811336517
v 1.16334915161133 1.07633817195892 0.816932082176208
v 1.15876913070679 1.06185376644135 0.836153984069824
v 1.16784954071045 1.0647759437561 0.837868928909302
v 1.19706404209137 1.0169118642807 0.839188814163208
v 1.1881605386734 1.02342283725739 0.841288685798645
v 1.18446850776672 1.01546907424927 0.840290546417236
v 1.1962867975235 1.00887322425842 0.837725818157196
v 1.18417775630951 0.884639382362366 0.749409317970276
v 1.17755675315857 0.873130917549133 0.734012842178345
v 1.19920098781586 0.87224018573761 0.731533706188202
v 1.20348119735718 0.883199453353882 0.745695054531097
v 1.05289268493652 0.951711237430573 0.735601007938385
v 1.05683529376984 0.947821974754333 0.742752254009247
v 1.05237329006195 0.956068754196167 0.746126532554626
v 1.04984128475189 0.95920991897583 0.740296423435211
v 1.05927062034607 0.940295934677124 0.738880574703217
v 1.0552282333374 0.944858968257904 0.729575753211975
v 1.05705690383911 0.937361240386963 0.722194910049438
v 1.06246638298035 0.932060539722443 0.732518076896667
v 1.07575345039368 0.901527345180511 0.706981480121613
v 1.06904232501984 0.913781881332397 0.717634558677673
v 1.06257951259613 0.920461416244507 0.70331221818924
v 1.06651544570923 0.908704340457916 0.6916264295578
v 1.19080257415771 0.833688855171204 0.68209308385849
v 1.19336307048798 0.846185803413391 0.698493957519531
v 1.17336761951447 0.846284925937653 0.700814843177795
v 1.17131900787354 0.832363545894623 0.685095310211182
v 1.03224396705627 1.01897323131561 0.750284790992737
v 1.01226127147675 1.02066922187805 0.756596148014069
v 1.0142422914505 1.03504586219788 0.759115815162659
v 1.03202867507935 1.03292155265808 0.752941906452179
v 1.01212644577026 0.964978098869324 0.785311043262482
v 1.01411318778992 0.965872526168823 0.791825771331787
v 1.00407814979553 0.965967774391174 0.797109186649323
v 1.00225138664246 0.964444994926453 0.791102111339569
v 0.983253359794617 1.00675773620605 0.759001553058624
v 0.958050549030304 1.00431454181671 0.761196494102478
v 0.963104903697968 1.01931703090668 0.765067040920258
v 0.988683581352234 1.02081048488617 0.760823011398315
v 1.13583660125732 1.05044937133789 0.835322499275208
v 1.14291954040527 1.05424904823303 0.836557805538177
v 1.13303470611572 1.07063400745392 0.818310737609863
v 1.00033986568451 0.98648476600647 0.755640387535095
v 0.999013602733612 0.977804660797119 0.758011221885681
v 0.97778332233429 0.973022162914276 0.761797189712524
v 0.977569580078125 0.982966542243958 0.758059442043304
v 0.911655724048615 1.05086958408356 0.848784625530243
v 0.935593008995056 1.05380582809448 0.840999841690063
v 0.929303705692291 0.988206803798676 0.76521098613739
v 0.953821241855621 0.990721046924591 0.760674476623535
v 0.952770233154297 0.977871894836426 0.762499630451202
v 0.928403437137604 0.974729359149933 0.769185602664948
v 1.07645189762115 0.870619475841522 0.661194086074829
v 1.09094631671906 0.863436579704285 0.677672982215881
v 1.07712113857269 0.791780114173889 0.612079441547394
v 1.08316540718079 0.804304897785187 0.620747745037079
v 1.06769108772278 0.811477422714233 0.6058349609375
v 1.06158888339996 0.79884147644043 0.597057163715363
v 1.0447074174881 0.791571795940399 0.569950520992279
v 1.072145819664 0.777859628200531 0.604430735111237
v 1.05637955665588 0.784889161586761 0.589656352996826
v 1.18236696720123 1.0764536857605 0.833999752998352
v 1.17559862136841 1.06973910331726 0.836619853973389
v 1.18608570098877 1.0561591386795 0.843866229057312
v 1.19186651706696 1.0657594203949 0.84256374835968
v 1.00897979736328 0.680545687675476 0.547463715076447
v 1.00266933441162 0.681147277355194 0.518297374248505
v 0.997286558151245 0.651132166385651 0.520421922206879
v 1.00512456893921 0.65008008480072 0.550347566604614
v 1.21256220340729 1.03616523742676 0.839780271053314
v 1.21694755554199 1.04874312877655 0.840949475765228
v 1.20424246788025 1.05602180957794 0.842933773994446
v 1.19850397109985 1.04465305805206 0.84230375289917
v 1.01268815994263 0.707461953163147 0.549183249473572
v 1.00740337371826 0.70743727684021 0.519327104091644
v 1.17761504650116 1.08560156822205 0.816828966140747
v 1.17041325569153 1.08031451702118 0.817134857177734
v 1.17502462863922 1.09478783607483 0.799159049987793
v 1.16836893558502 1.08933520317078 0.797564685344696
v 1.17848861217499 1.10321485996246 0.782570838928223
v 1.00156569480896 0.675457775592804 0.490067422389984
v 0.993848264217377 0.646125078201294 0.492153346538544
v 1.19698941707611 1.07550811767578 0.839888334274292
v 1.20822370052338 1.06659114360809 0.842236638069153
v 1.22031545639038 1.06080734729767 0.841552078723907
v 1.23353362083435 1.057941198349 0.840114951133728
v 1.24720942974091 1.0564831495285 0.838324189186096
v 1.2485933303833 1.06881809234619 0.836413323879242
v 1.03300905227661 0.781790256500244 0.53776228427887
v 1.03860068321228 0.776484131813049 0.564052999019623
v 1.05095827579498 0.537949681282043 0.611313462257385
v 1.04770290851593 0.524200975894928 0.601513266563416
v 1.07902216911316 0.517768144607544 0.602142810821533
v 1.07828211784363 0.530658841133118 0.614940226078033
v 1.14615404605865 0.531505048274994 0.605668365955353
v 1.11010587215424 0.527931451797485 0.612887561321259
v 1.11358034610748 0.516231417655945 0.597039341926575
v 1.14827299118042 0.519352197647095 0.58687561750412
v 1.15147411823273 0.649452090263367 0.64161604642868
v 1.15254163742065 0.668538928031921 0.637341558933258
v 1.12432909011841 0.671832382678986 0.638759732246399
v 1.12252533435822 0.652435541152954 0.643998205661774
v 1.05033314228058 0.769901752471924 0.584672152996063
v 1.06608533859253 0.763060688972473 0.600062489509583
v 1.03504967689514 0.784506797790527 0.50917261838913
v 0.974307060241699 0.512731671333313 0.489412516355515
v 0.974108457565308 0.479591190814972 0.4966801404953
v 0.975843012332916 0.486087054014206 0.534337103366852
v 0.973572015762329 0.518881559371948 0.529472708702087
v 1.01764738559723 0.487614333629608 0.585386991500854
v 1.0497841835022 0.48503515124321 0.59275233745575
v 1.04821801185608 0.505419373512268 0.596264243125916
v 1.01520609855652 0.513005971908569 0.58730137348175
v 1.11183154582977 0.799790024757385 0.414573192596436
v 1.10890662670135 0.774048745632172 0.406361758708954
v 1.09083640575409 0.776494204998016 0.422318458557129
v 1.16784751415253 0.789189279079437 0.387776076793671
v 1.16603589057922 0.761996030807495 0.379437655210495
v 1.14674925804138 0.767021238803864 0.3848837018013
v 1.14784622192383 0.794456124305725 0.393167048692703
v 1.14287757873535 0.614028930664062 0.378827333450317
v 1.14108800888062 0.644217550754547 0.379164934158325
v 1.15786063671112 0.642633855342865 0.375544846057892
v 1.15705716609955 0.614681601524353 0.376181751489639
v 1.00691020488739 0.667313635349274 0.462737083435059
v 1.01654207706451 0.695449113845825 0.464042365550995
v 1.03076934814453 0.684839963912964 0.439982682466507
v 1.02243685722351 0.656661629676819 0.438569337129593
v 1.11644005775452 0.507802844047546 0.579678654670715
v 1.14829587936401 0.511111319065094 0.565351843833923
v 0.987132251262665 0.508107364177704 0.450549840927124
v 0.98398220539093 0.473761945962906 0.45761114358902
v 1.00639700889587 0.467908620834351 0.427421003580093
v 1.00978970527649 0.503566086292267 0.422136783599854
v 1.03931784629822 0.497619211673737 0.408270567655563
v 1.03744995594025 0.463934481143951 0.41294339299202
v 1.1515851020813 0.518864631652832 0.420985996723175
v 1.14780783653259 0.51236218214035 0.423643916845322
v 1.13031756877899 0.531700253486633 0.404509752988815
v 1.1371009349823 0.543612241744995 0.398906767368317
v 1.14703190326691 0.565901279449463 0.632180094718933
v 1.1147872209549 0.564455926418304 0.636950254440308
v 1.11232697963715 0.545304775238037 0.626391291618347
v 1.14562964439392 0.547878265380859 0.621289730072021
v 1.0847145318985 0.756359577178955 0.610848903656006
v 1.09046494960785 0.771690607070923 0.614479064941406
v 1.10971403121948 0.76632297039032 0.619846343994141
v 1.11452662944794 0.78110659122467 0.627105832099915
v 1.09523773193359 0.78613692522049 0.621924042701721
v 1.12974178791046 0.859389901161194 0.704336762428284
v 1.12367916107178 0.870343387126923 0.717358589172363
v 1.10342514514923 0.871124684810638 0.702940762042999
v 1.10866498947144 0.859956622123718 0.692188620567322
v 1.18375515937805 0.943962633609772 0.805207669734955
v 1.18085420131683 0.932372033596039 0.79657369852066
v 1.08640599250793 0.485810101032257 0.589301526546478
v 1.08121037483215 0.46098792552948 0.589247167110443
v 1.11586570739746 0.461382955312729 0.575518786907196
v 1.12795782089233 0.490906596183777 0.56794798374176
v 1.01887261867523 0.460187762975693 0.585072755813599
v 0.991119027137756 0.489216774702072 0.56597238779068
v 0.994469821453094 0.459425240755081 0.567122519016266
v 0.975241482257843 0.44581326842308 0.500534653663635
v 0.978533148765564 0.4533851146698 0.538155317306519
v 1.00589215755463 0.433061301708221 0.432829529047012
v 1.03745651245117 0.430571526288986 0.419530630111694
v 1.12724280357361 0.458341836929321 0.436060905456543
v 1.12588179111481 0.433618605136871 0.447867304086685
v 1.10135269165039 0.430750459432602 0.432799905538559
v 1.10163986682892 0.456855684518814 0.422764092683792
v 1.10048413276672 0.606524348258972 0.393469035625458
v 1.08668446540833 0.584343314170837 0.396362543106079
v 1.06108057498932 0.605394601821899 0.405920505523682
v 1.06884109973907 0.62969172000885 0.406723201274872
v 1.14990711212158 0.821083903312683 0.403017222881317
v 1.16636860370636 0.815298557281494 0.397762477397919
v 1.11462771892548 0.824845135211945 0.42516416311264
v 1.13274931907654 0.824256777763367 0.411977380514145
v 1.13016521930695 0.797892689704895 0.401950538158417
v 1.15991747379303 0.921533465385437 0.458265662193298
v 1.15879774093628 0.898699760437012 0.442320823669434
v 1.13834118843079 0.898138642311096 0.452407360076904
v 1.1383364200592 0.919959485530853 0.467913925647736
v 1.13855504989624 0.941394031047821 0.485215991735458
v 1.16097629070282 0.94296270608902 0.47649684548378
v 1.16620337963104 0.977167189121246 0.515477180480957
v 1.1432991027832 0.973691582679749 0.519112586975098
v 1.14490330219269 0.990899205207825 0.531180441379547
v 1.20076394081116 1.07791721820831 0.656327128410339
v 1.19961214065552 1.07181692123413 0.639801144599915
v 0.998031616210938 0.637458622455597 0.46306300163269
v 1.15456104278564 0.48294135928154 0.538054943084717
v 1.1436173915863 0.456218868494034 0.5506272315979
v 1.15455031394958 0.450385987758636 0.521547138690948
v 1.16039848327637 0.474348574876785 0.508572101593018
v 1.00913727283478 0.701811194419861 0.490832656621933
v 1.04723608493805 0.804177403450012 0.491458117961884
v 1.04331266880035 0.784400045871735 0.48266339302063
v 1.06543099880219 0.947965323925018 0.588933050632477
v 1.06537330150604 0.926049709320068 0.577513456344604
v 1.1377215385437 1.04083955287933 0.558039903640747
v 1.14044392108917 1.04959213733673 0.568254828453064
v 0.988087892532349 0.519193828105927 0.564797639846802
v 1.00759387016296 0.402388244867325 0.439596921205521
v 1.03793978691101 0.399372905492783 0.428232163190842
v 1.04061079025269 0.368668615818024 0.437206357717514
v 1.0102367401123 0.372131824493408 0.44741091132164
v 1.13783037662506 0.411452412605286 0.482551842927933
v 1.13108062744141 0.382842779159546 0.496609091758728
v 1.11938679218292 0.379350006580353 0.474644303321838
v 1.12348282337189 0.407059282064438 0.461224526166916
v 1.12382745742798 0.354461133480072 0.508328974246979
v 1.11843252182007 0.326989948749542 0.519532978534698
v 1.11012363433838 0.321269631385803 0.498220533132553
v 1.113689661026 0.348929822444916 0.485837250947952
v 0.984133958816528 0.439472615718842 0.462400585412979
v 0.980723261833191 0.385584890842438 0.50501012802124
v 0.97814816236496 0.415750354528427 0.502430438995361
v 0.986374378204346 0.408221662044525 0.467219650745392
v 0.988524615764618 0.377794086933136 0.472814202308655
v 1.04892253875732 0.460179656744003 0.591863453388214
v 1.14558744430542 0.460452735424042 0.455386728048325
v 1.14228749275208 0.437782853841782 0.468424916267395
v 1.13198935985565 0.392018854618073 0.543902039527893
v 1.14350032806396 0.421525120735168 0.533250749111176
v 1.13066685199738 0.426695555448532 0.560113847255707
v 1.11875593662262 0.397168427705765 0.568402528762817
v 1.01435601711273 0.404582113027573 0.586850881576538
v 1.0172256231308 0.431706368923187 0.585773706436157
v 0.994447886943817 0.429238647222519 0.566792905330658
v 0.993568897247314 0.400773078203201 0.567928969860077
v 0.98131936788559 0.422544896602631 0.538082480430603
v 0.983273088932037 0.393491923809052 0.538971722126007
v 0.984261751174927 0.327788114547729 0.510751366615295
v 0.982794463634491 0.356360256671906 0.508279263973236
v 0.991270065307617 0.347873032093048 0.477955430746078
v 0.995018720626831 0.319786608219147 0.482525825500488
v 0.984975457191467 0.337258160114288 0.54273134469986
v 0.984471797943115 0.365759432315826 0.540757536888123
v 0.992257118225098 0.3450648188591 0.570018470287323
v 0.993012487888336 0.372682988643646 0.569210231304169
v 1.0097873210907 0.35026478767395 0.587977945804596
v 1.01163339614868 0.377166330814362 0.588149964809418
v 1.031134724617 0.352372884750366 0.597750604152679
v 1.03551077842712 0.378092110157013 0.597692549228668
v 1.0616899728775 0.377370178699493 0.597524523735046
v 1.054936170578 0.351438105106354 0.598260164260864
v 1.07816290855408 0.348769307136536 0.59166032075882
v 1.0870178937912 0.374269783496857 0.590211689472198
v 1.1125715970993 0.338126718997955 0.562357485294342
v 1.12130737304688 0.363894462585449 0.553688824176788
v 1.10844373703003 0.369386374950409 0.575509309768677
v 1.09892594814301 0.343849718570709 0.580478429794312
v 1.08098483085632 0.243653297424316 0.597982227802277
v 1.09089136123657 0.26819109916687 0.590487837791443
v 1.07292318344116 0.273727595806122 0.598549962043762
v 1.06391143798828 0.248913049697876 0.603887140750885
v 1.04697108268738 0.253888428211212 0.60918402671814
v 1.05489921569824 0.277547478675842 0.603210508823395
v 1.03675186634064 0.279961347579956 0.606246769428253
v 1.02917397022247 0.256495952606201 0.610794305801392
v 1.00273180007935 0.275441288948059 0.588818371295929
v 0.996306657791138 0.250827193260193 0.593583703041077
v 1.01170122623444 0.255580604076385 0.606132745742798
v 1.01875269412994 0.27981436252594 0.601405501365662
v 0.985564351081848 0.269321799278259 0.572894096374512
v 0.981923460960388 0.244305312633514 0.576862573623657
v 0.980562686920166 0.259450018405914 0.548982381820679
v 0.981355369091034 0.233575880527496 0.552368938922882
v 0.990652203559875 0.247814416885376 0.521440148353577
v 0.99008709192276 0.222440898418427 0.526809453964233
v 1.10377836227417 0.24602609872818 0.538161277770996
v 1.10843431949615 0.25308632850647 0.557711541652679
v 1.10053205490112 0.229458808898926 0.570418477058411
v 1.09844207763672 0.221495151519775 0.551709413528442
v 1.07011270523071 0.235986292362213 0.504061460494995
v 1.06740534305573 0.211518704891205 0.519816815853119
v 1.04930853843689 0.209236085414886 0.499843299388885
v 1.04968655109406 0.233560383319855 0.485195308923721
v 0.985284686088562 0.299479126930237 0.513133943080902
v 0.984729409217834 0.310146152973175 0.543969869613647
v 0.991500735282898 0.319186270236969 0.569649457931519
v 1.00842189788818 0.324749350547791 0.586254179477692
v 1.10491168498993 0.314568758010864 0.570808589458466
v 1.08951151371002 0.320750534534454 0.585407674312592
v 1.107750415802 0.294233500957489 0.510324537754059
v 1.11477863788605 0.301266729831696 0.530895471572876
v 1.02187156677246 0.258295357227325 0.473004460334778
v 1.00045144557953 0.265122830867767 0.490083694458008
v 0.998143434524536 0.292309165000916 0.486066341400146
v 1.02046096324921 0.286504685878754 0.468138188123703
v 0.982363402843475 0.285258233547211 0.546156883239746
v 0.989682257175446 0.294531762599945 0.570241034030914
v 1.00656986236572 0.300524890422821 0.58543074131012
v 1.04283440113068 0.304133415222168 0.600700676441193
v 1.02358877658844 0.304146885871887 0.597381711006165
v 1.06191444396973 0.301966667175293 0.596741735935211
v 1.09805965423584 0.292416632175446 0.57965624332428
v 1.08120501041412 0.298687279224396 0.590716958045959
v 1.10574305057526 0.269327521324158 0.52449095249176
v 1.11209607124329 0.276919603347778 0.543060779571533
v 1.02351689338684 0.210504114627838 0.493728846311569
v 1.00000870227814 0.214904069900513 0.505052268505096
v 1.00077569484711 0.239349067211151 0.497026264667511
v 1.02290856838226 0.23322457075119 0.480727940797806
v 1.02359771728516 0.189203977584839 0.509931981563568
v 1.04540920257568 0.188605666160583 0.516163349151611
v 1.02193284034729 0.234243869781494 0.616651475429535
v 1.03892970085144 0.230862855911255 0.616385281085968
v 1.00437986850739 0.232080698013306 0.610810041427612
v 0.98048210144043 0.206396520137787 0.556076884269714
v 0.978456258773804 0.220134079456329 0.580886125564575
v 0.990462899208069 0.19558197259903 0.533054828643799
v 1.0031601190567 0.192183077335358 0.515507340431213
v 1.08048367500305 0.180985510349274 0.591760277748108
v 1.07935345172882 0.173869013786316 0.574703872203827
v 1.08898973464966 0.200994193553925 0.562689602375031
v 1.08866500854492 0.206716001033783 0.579895675182343
v 1.0648205280304 0.195492029190063 0.618589758872986
v 1.07080173492432 0.219796478748322 0.603524625301361
v 1.05578553676605 0.225557327270508 0.610689103603363
v 1.05057120323181 0.202919542789459 0.62815910577774
v 1.01348865032196 0.208452939987183 0.631360054016113
v 1.03229057788849 0.207137167453766 0.632835268974304
v 0.995360851287842 0.207733929157257 0.62443882226944
v 0.974226713180542 0.191824793815613 0.587517857551575
v 0.979710280895233 0.202829003334045 0.609411060810089
v 0.988550841808319 0.22861909866333 0.600498139858246
v 0.976409018039703 0.178392350673676 0.560070097446442
v 0.992436051368713 0.137036919593811 0.550848662853241
v 0.971526622772217 0.148807227611542 0.568003296852112
v 0.995645225048065 0.165967702865601 0.540113806724548
v 1.01296961307526 0.0431638956069946 0.590360641479492
v 1.0114586353302 0.0115565061569214 0.60593718290329
v 0.990229368209839 0.0157385468482971 0.605884790420532
v 0.988576412200928 0.0472710132598877 0.59049391746521
v 1.07855212688446 0.154374063014984 0.606031537055969
v 1.07549643516541 0.147091329097748 0.587042152881622
v 1.04640781879425 0.176800549030304 0.646302938461304
v 1.06320774555206 0.169950246810913 0.635988593101501
v 0.961648046970367 0.134523451328278 0.609249830245972
v 0.966909289360046 0.145358741283417 0.633436620235443
v 0.972456037998199 0.174326181411743 0.620627641677856
v 0.96687775850296 0.163089036941528 0.596878826618195
v 1.07202255725861 0.0569694638252258 0.627331137657166
v 1.07564234733582 0.0877465605735779 0.613596200942993
v 1.07718575000763 0.095404326915741 0.634698867797852
v 1.07342040538788 0.0637391805648804 0.646763563156128
v 1.04548001289368 0.148169755935669 0.662307024002075
v 1.04339993000031 0.117153823375702 0.676053643226624
v 1.06035506725311 0.110344171524048 0.665772914886475
v 1.06309235095978 0.142019987106323 0.651190280914307
v 0.961638927459717 0.0696136355400085 0.633915662765503
v 0.964694678783417 0.0786705017089844 0.656604766845703
v 0.964145064353943 0.113420844078064 0.645944535732269
v 0.959967792034149 0.103300988674164 0.621407985687256
v 0.989603281021118 0.108366668224335 0.562477111816406
v 0.987682521343231 0.078380823135376 0.576118588447571
v 0.967877984046936 0.0902005434036255 0.593577265739441
v 0.968276619911194 0.120275318622589 0.580556571483612
v 1.01573944091797 0.104033350944519 0.561730027198792
v 1.01356542110443 0.0744621157646179 0.575345516204834
v 1.05522155761719 -0.00502485036849976 0.668696463108063
v 1.05435240268707 -0.0126141309738159 0.653762698173523
v 1.06314814090729 0.022807240486145 0.64061975479126
v 1.06446981430054 0.0301689505577087 0.657541573047638
v 1.03902399539948 0.0833193063735962 0.686079025268555
v 1.03373432159424 0.0465154051780701 0.692644953727722
v 1.04915285110474 0.0418228507041931 0.684025526046753
v 1.05614483356476 0.0772697925567627 0.676487445831299
v 0.96903920173645 -0.00306224822998047 0.658389866352081
v 0.972675561904907 0.00377613306045532 0.67803430557251
v 0.968056797981262 0.0413963794708252 0.667349636554718
v 0.965057551860809 0.0340204834938049 0.64651221036911
v 0.991299271583557 -0.0182098150253296 0.622956931591034
v 0.974130928516388 -0.0112955570220947 0.636622309684753
v 0.971119940280914 0.0242463946342468 0.621066331863403
v 1.01024746894836 -0.021760880947113 0.622239828109741
v 1.00904941558838 -0.054724395275116 0.636824250221252
v 0.992783784866333 -0.0519299507141113 0.637407958507538
v 1.04860043525696 -0.0398170351982117 0.679390847682953
v 1.04641199111938 -0.0456860661506653 0.665411055088043
v 1.03890514373779 -0.0315982103347778 0.699527382850647
v 1.04228758811951 0.00468611717224121 0.691305816173553
v 1.02932381629944 0.0096161961555481 0.699020802974701
v 1.0273574590683 -0.026573121547699 0.706685543060303
v 0.995838582515717 0.00964874029159546 0.700088441371918
v 0.996726751327515 -0.0265119075775146 0.707790493965149
v 1.01235353946686 -0.0247328877449036 0.710019171237946
v 1.0128732919693 0.011178731918335 0.702263653278351
v 0.977913022041321 -0.0307583212852478 0.68730229139328
v 0.98608660697937 -0.0277244448661804 0.699922561645508
v 0.982280254364014 0.00812327861785889 0.692272782325745
v 0.972991168498993 -0.0368050932884216 0.668857932090759
v 0.977733433246613 -0.0454480051994324 0.649360597133636
v 1.16562497615814 0.5023033618927 0.509380578994751
v 1.16052663326263 0.498352885246277 0.522478878498077
v 1.16234385967255 0.488703101873398 0.495190322399139
v 1.16386198997498 0.496118485927582 0.481347441673279
v 1.09759962558746 0.373170733451843 0.45522552728653
v 1.09952557086945 0.402836978435516 0.443680763244629
v 1.09469854831696 0.315304160118103 0.478257030248642
v 1.09523344039917 0.343196988105774 0.4655921459198
v 1.09249985218048 0.288915514945984 0.491418987512589
v 1.0897296667099 0.240138709545135 0.521569728851318
v 1.09037208557129 0.263934135437012 0.506299018859863
v 1.08587181568146 0.216370046138763 0.535180687904358
v 1.07777214050293 0.192611515522003 0.547112941741943
v 1.0691682100296 0.166529297828674 0.557934522628784
v 1.06224679946899 0.112397491931915 0.580857276916504
v 1.06339836120605 0.140685558319092 0.569559693336487
v 1.07562971115112 0.117825746536255 0.599899113178253
v 1.05811512470245 0.0497214794158936 0.607885003089905
v 1.0613374710083 0.0816875696182251 0.593440890312195
v 1.04470729827881 -0.018895149230957 0.63917201757431
v 1.05189681053162 0.0155189633369446 0.623568773269653
v 1.03699564933777 -0.0508807301521301 0.652398347854614
v 1.07257449626923 0.517090320587158 0.403404712677002
v 1.07467591762543 0.541709899902344 0.400899469852448
v 1.10149693489075 0.524449586868286 0.401224553585052
v 1.10103499889374 0.505174398422241 0.407011866569519
v 1.16354882717133 0.50764012336731 0.452388793230057
v 1.16230487823486 0.505979537963867 0.455947011709213
v 1.15663027763367 0.506585240364075 0.440426975488663
v 1.15899574756622 0.509734749794006 0.438386380672455
v 0.987215340137482 0.273311674594879 0.516910433769226
v 1.02710723876953 0.328074872493744 0.596623599529266
v 1.06942892074585 0.325165867805481 0.593319892883301
v 1.04853904247284 0.327635228633881 0.598037302494049
v 1.07283115386963 0.258271336555481 0.486793965101242
v 1.04885125160217 0.257561206817627 0.473530203104019
v 1.04768860340118 0.283451855182648 0.464210778474808
v 1.07230818271637 0.284484386444092 0.474523097276688
v 1.01880288124084 0.129711389541626 0.549856245517731
v 1.04334402084351 0.134093165397644 0.556845963001251
v 1.04015338420868 0.107186317443848 0.569790542125702
v 1.02052044868469 0.153072535991669 0.537639379501343
v 0.98695319890976 0.181618392467499 0.638356685638428
v 1.00566911697388 0.183732509613037 0.647791743278503
v 1.02385437488556 0.153910517692566 0.666744470596313
v 1.02622711658478 0.181772291660309 0.650185286998749
v 1.00104796886444 0.155686020851135 0.664015293121338
v 1.07178223133087 0.338022947311401 0.45120969414711
v 1.07233130931854 0.3100825548172 0.462631672620773
v 1.0456041097641 0.310685575008392 0.456239551305771
v 1.04336631298065 0.338687717914581 0.446370661258698
v 1.08931565284729 0.816036224365234 0.63083815574646
v 1.07409536838531 0.823010265827179 0.61637282371521
v 1.07710552215576 0.994257092475891 0.580869436264038
v 1.08639419078827 0.993163883686066 0.567285537719727
v 1.08331966400146 0.975162029266357 0.566992521286011
v 1.07216584682465 0.974396765232086 0.583555698394775
v 1.06501913070679 0.978382587432861 0.600392937660217
v 1.0709148645401 0.997777998447418 0.596300363540649
v 1.06218361854553 0.98358166217804 0.617605447769165
v 1.06780004501343 1.00257575511932 0.613703966140747
v 1.06397688388824 1.01231288909912 0.702799797058105
v 1.06134271621704 1.01530790328979 0.717935800552368
v 1.18994319438934 0.975741982460022 0.509814918041229
v 1.18680930137634 0.959854185581207 0.490480005741119
v 1.16297912597656 0.961561858654022 0.495491325855255
v 1.12772572040558 0.770398437976837 0.39334511756897
v 1.09995234012604 0.64924830198288 0.394885718822479
v 1.12198090553284 0.645838916301727 0.385672807693481
v 1.12492871284485 0.612240552902222 0.384427845478058
v 1.15585315227509 0.537926077842712 0.400644659996033
v 1.16661989688873 0.523069381713867 0.414904534816742
v 1.16821241378784 0.5102299451828 0.43617445230484
v 1.1694461107254 0.507067799568176 0.45194411277771
v 1.15098702907562 0.832013070583344 0.683034896850586
v 1.15256547927856 0.846496224403381 0.698310434818268
v 1.21875071525574 0.952232956886292 0.800697922706604
v 1.20276606082916 0.952801048755646 0.806914508342743
v 1.20630192756653 0.974364936351776 0.821637332439423
v 1.22089767456055 0.97320431470871 0.815620183944702
v 1.22282195091248 0.983477354049683 0.820728898048401
v 1.20816946029663 0.984843075275421 0.826433062553406
v 1.23100781440735 1.04488325119019 0.839094042778015
v 1.22808647155762 1.03148019313812 0.837032377719879
v 1.16674983501434 0.507971942424774 0.473086029291153
v 1.16724491119385 0.506386995315552 0.482646495103836
v 1.16259062290192 0.503934741020203 0.461429566144943
v 1.12781417369843 0.479517102241516 0.42568165063858
v 1.1269942522049 0.49542897939682 0.417715281248093
v 1.14618146419525 0.491318970918655 0.434398502111435
v 1.1466099023819 0.478569805622101 0.443130373954773
v 0.973883271217346 0.552154958248138 0.52146714925766
v 0.977060437202454 0.546449303627014 0.481039792299271
v 1.08254635334015 0.504353284835815 0.593376278877258
v 0.876162469387054 0.973219990730286 0.790944218635559
v 0.902867317199707 0.972925424575806 0.779188871383667
v 0.903446793556213 0.962595403194427 0.790190398693085
v 0.877188265323639 0.964495360851288 0.802449941635132
v 1.16157186031342 0.887089133262634 0.752619564533234
v 1.14974689483643 0.874564290046692 0.733394384384155
v 1.16170990467072 1.08471381664276 0.794268846511841
v 1.11285257339478 1.07446098327637 0.823949992656708
v 1.12365162372589 1.07177793979645 0.821581721305847
v 1.11615204811096 1.08565807342529 0.800321042537689
v 1.10664844512939 1.08846533298492 0.803884208202362
v 1.11035060882568 0.990486979484558 0.827791929244995
v 1.12179064750671 0.985194325447083 0.827490448951721
v 1.12364161014557 1.00281476974487 0.834354043006897
v 1.113236784935 1.0071017742157 0.834459245204926
v 1.12162375450134 0.630771398544312 0.647915005683899
v 1.15074348449707 0.62825882434845 0.644408702850342
v 1.16168034076691 0.790477097034454 0.640852332115173
v 1.16608417034149 0.803725838661194 0.655330061912537
v 1.14540815353394 0.804016709327698 0.653777301311493
v 1.14046239852905 0.79112434387207 0.640807211399078
v 1.1294469833374 0.884634613990784 0.743070483207703
v 1.11223351955414 0.882005989551544 0.727349758148193
v 1.19001638889313 1.04106521606445 0.567203640937805
v 1.1738498210907 1.04976606369019 0.572067737579346
v 1.17660880088806 1.05853974819183 0.591237485408783
v 1.19381678104401 1.05219221115112 0.586997091770172
v 0.945650577545166 0.959326326847076 0.806939840316772
v 0.933767676353455 0.95782345533371 0.79245913028717
v 0.957531154155731 0.960922598838806 0.781152844429016
v 0.966577529907227 0.959651052951813 0.789508938789368
v 1.01606333255768 0.535599231719971 0.59126889705658
v 0.987648844718933 0.554034948348999 0.562989473342896
v 1.06506204605103 0.855074286460876 0.621133089065552
v 1.06449329853058 0.843147933483124 0.609029591083527
v 1.07748734951019 0.834006726741791 0.62832647562027
v 1.07714784145355 0.844747304916382 0.640960574150085
v 1.06508040428162 0.894248783588409 0.652297258377075
v 1.06584680080414 0.881512045860291 0.642646849155426
v 1.06193661689758 0.905838906764984 0.663386344909668
v 1.03590166568756 0.977524757385254 0.748407542705536
v 1.04354572296143 0.973166286945343 0.742541134357452
v 1.04425287246704 0.967400789260864 0.746981263160706
v 1.1015887260437 0.483510076999664 0.414455950260162
v 1.10931968688965 0.557796716690063 0.393891155719757
v 1.11918187141418 0.572438061237335 0.391019135713577
v 1.16702115535736 0.508504390716553 0.466177552938461
v 1.17004096508026 0.507055521011353 0.464593380689621
v 1.18353235721588 1.11101388931274 0.785397112369537
v 1.1812207698822 1.10196721553802 0.800498843193054
v 0.979192733764648 0.994115829467773 0.757714211940765
v 1.00371289253235 0.996566772460938 0.754644811153412
v 1.0503716468811 0.967607498168945 0.720116257667542
v 1.04820513725281 0.974326908588409 0.729946613311768
v 1.05124270915985 0.985609650611877 0.724684178829193
v 1.0535204410553 0.98034542798996 0.712561130523682
v 1.05038917064667 0.958149671554565 0.728038907051086
v 1.04804921150208 0.965445101261139 0.735280275344849
v 1.09420788288116 1.07307827472687 0.709389090538025
v 1.0924711227417 1.07942914962769 0.728870749473572
v 1.10427701473236 1.08171880245209 0.725996494293213
v 1.10451924800873 1.07658135890961 0.706159293651581
v 1.11588931083679 1.078364610672 0.699043929576874
v 1.11624002456665 1.08335697650909 0.721603393554688
v 1.12998914718628 1.08411514759064 0.713894069194794
v 1.12967252731323 1.07988846302032 0.69083708524704
v 1.16098511219025 1.08763599395752 0.765122950077057
v 1.17396342754364 1.09334421157837 0.744363963603973
v 1.19095242023468 1.09679198265076 0.727483808994293
v 1.20801150798798 1.09983158111572 0.716391742229462
v 1.22525322437286 1.01830852031708 0.833666920661926
v 1.20775985717773 1.02132546901703 0.838345170021057
v 1.21025514602661 1.00708568096161 0.834293305873871
v 1.22433710098267 1.00577712059021 0.829382419586182
v 1.23821294307709 1.00482487678528 0.825873553752899
v 1.24033546447754 1.01699066162109 0.829845130443573
v 1.18837511539459 1.10863876342773 0.767484903335571
v 1.20019400119781 1.1132378578186 0.752710938453674
v 1.2112603187561 1.10758304595947 0.73486065864563
v 0.914133906364441 1.0379992723465 0.862375617027283
v 0.936739683151245 1.04089665412903 0.855018973350525
v 1.18862688541412 1.08476161956787 0.831125020980835
v 1.18370068073273 1.0931339263916 0.816343188285828
v 0.913500905036926 1.02006638050079 0.868917524814606
v 0.936986148357391 1.02349889278412 0.862200915813446
v 1.11912035942078 1.08754396438599 0.769246220588684
v 1.10874974727631 1.08949244022369 0.774976193904877
v 1.12588787078857 1.08321309089661 0.794900119304657
v 1.19161689281464 1.11725234985352 0.770751893520355
v 1.20218670368195 1.12232232093811 0.757288992404938
v 0.977843940258026 0.585265576839447 0.508361399173737
v 0.982754409313202 0.578182578086853 0.472251445055008
v 1.05265545845032 0.849636733531952 0.550176203250885
v 1.05791902542114 0.856365025043488 0.525823056697845
v 1.20363759994507 0.916021347045898 0.450130999088287
v 1.20111012458801 0.895712852478027 0.435077577829361
v 1.17980313301086 0.896944642066956 0.436560094356537
v 1.18182528018951 0.920014798641205 0.452508240938187
v 1.21384000778198 0.970173358917236 0.505866467952728
v 1.21045577526093 0.954593300819397 0.487042605876923
v 1.22550559043884 1.13389229774475 0.747738659381866
v 1.15445709228516 0.847135424613953 0.415414810180664
v 1.15733361244202 0.874327719211578 0.428563237190247
v 1.1776442527771 0.871764302253723 0.422084003686905
v 1.17495489120483 0.841165721416473 0.408993273973465
v 1.17963242530823 0.811652004718781 0.396788269281387
v 1.17933356761932 0.797818779945374 0.39108145236969
v 1.14471828937531 0.590820550918579 0.379611104726791
v 1.15605449676514 0.591100931167603 0.377698183059692
v 0.995874285697937 1.06558299064636 0.804915130138397
v 0.998460948467255 1.06442928314209 0.825777173042297
v 1.01376390457153 1.07018995285034 0.820995450019836
v 1.01144731044769 1.06837391853333 0.800096392631531
v 1.11693942546844 0.848951816558838 0.438339173793793
v 1.135946393013 0.849999189376831 0.425300240516663
v 1.06790518760681 1.02387082576752 0.683879137039185
v 1.06541430950165 1.00695812702179 0.687628507614136
v 1.19377720355988 0.99366569519043 0.530067443847656
v 1.15809679031372 1.05558288097382 0.577284812927246
v 1.16003465652466 1.06247687339783 0.595762729644775
v 1.1429181098938 1.05783069133759 0.583662867546082
v 1.14420676231384 1.06398522853851 0.601347923278809
v 1.17039442062378 0.510026574134827 0.477899223566055
v 1.1682276725769 0.510566055774689 0.476643294095993
v 1.01372885704041 0.981189846992493 0.832610487937927
v 1.0103645324707 0.976144313812256 0.824543058872223
v 1.02170360088348 0.974977731704712 0.820376515388489
v 1.02527713775635 0.980173826217651 0.82953417301178
v 1.15614640712738 0.464113742113113 0.481556862592697
v 1.15744495391846 0.480714917182922 0.467999219894409
v 1.15292692184448 0.507048010826111 0.543424725532532
v 1.16630864143372 0.507866859436035 0.527500331401825
v 1.17018413543701 0.514643371105194 0.533376932144165
v 1.17183494567871 0.516499578952789 0.543732345104218
v 1.07015192508698 0.428545355796814 0.422112822532654
v 1.07056963443756 0.460709899663925 0.414293080568314
v 1.07022786140442 0.397802412509918 0.431269347667694
v 1.07074105739594 0.366688013076782 0.440618962049484
v 1.06090700626373 0.188487470149994 0.532723486423492
v 1.04796779155731 0.16176301240921 0.541729748249054
v 1.03777301311493 0.0770339965820312 0.583259344100952
v 1.03539609909058 0.0454933643341064 0.597996950149536
v 1.03206753730774 0.012154757976532 0.613615870475769
v 1.02456271648407 -0.0523967146873474 0.642948687076569
v 1.02816414833069 -0.022122859954834 0.629445970058441
v 0.9093297123909 1.00180244445801 0.86875307559967
v 0.902650654315948 0.985356032848358 0.865275144577026
v 0.92805677652359 0.987258672714233 0.856449723243713
v 0.934780478477478 1.0043648481369 0.861436903476715
v 0.932624101638794 1.00257503986359 0.766335010528564
v 0.908420503139496 1.00086855888367 0.773479402065277
v 0.912581562995911 1.01610839366913 0.777093648910522
v 0.937387645244598 1.0177903175354 0.770332336425781
v 0.883083164691925 0.999513387680054 0.782068490982056
v 0.905048847198486 0.986030876636505 0.773711681365967
v 0.878726720809937 0.985339522361755 0.784415006637573
v 0.881192624568939 0.961075842380524 0.817554712295532
v 0.906839728355408 0.957982659339905 0.804877519607544
v 0.913613259792328 0.959564507007599 0.820739448070526
v 0.886179149150848 0.961588025093079 0.832358241081238
v 0.896115779876709 0.97322279214859 0.857599020004272
v 0.890422224998474 0.965476393699646 0.845958650112152
v 0.917130589485168 0.965426087379456 0.836339473724365
v 0.921513497829437 0.974717378616333 0.848602414131165
v 0.897628426551819 1.04016804695129 0.801160454750061
v 0.922632932662964 1.04320228099823 0.793391108512878
v 0.917401671409607 1.03051519393921 0.783964395523071
v 0.892544150352478 1.02849507331848 0.791528105735779
v 1.00022947788239 1.05512762069702 0.84311717748642
v 1.0159592628479 1.06152808666229 0.840442299842834
v 1.05573618412018 1.03325057029724 0.732169985771179
v 1.04712963104248 1.03253245353699 0.744353950023651
v 1.04347538948059 1.04941296577454 0.75301992893219
v 1.05227017402649 1.05152022838593 0.74038302898407
v 0.959838628768921 1.05713629722595 0.833972096443176
v 0.959965586662292 1.04418456554413 0.849740624427795
v 0.98232114315033 1.04895007610321 0.845680475234985
v 0.981117904186249 1.06045651435852 0.828987836837769
v 0.947501420974731 1.04571914672852 0.785337328910828
v 0.971294283866882 1.04856467247009 0.777311623096466
v 0.967710196971893 1.03463983535767 0.769777178764343
v 0.942523300647736 1.03259468078613 0.776877403259277
v 0.954374492168427 0.96734881401062 0.769183933734894
v 0.929535388946533 0.963543057441711 0.778685092926025
v 1.01113569736481 1.0608332157135 0.780491888523102
v 0.993706583976746 1.0602343082428 0.784913718700409
v 1.06921339035034 1.01837623119354 0.668650805950165
v 1.0549328327179 0.975344002246857 0.701630771160126
v 1.05583906173706 0.969453871250153 0.689862966537476
v 1.08792161941528 1.01084613800049 0.571538209915161
v 1.08890795707703 1.02539908885956 0.580887496471405
v 1.05713617801666 0.971976041793823 0.646647810935974
v 1.05648195743561 0.963821351528168 0.627274215221405
v 1.08412671089172 1.02281451225281 0.587244689464569
v 1.08113634586334 1.01166677474976 0.582776486873627
v 1.12124228477478 0.954251170158386 0.512136459350586
v 1.2101571559906 1.10178327560425 0.726759135723114
v 0.974583804607391 1.05876040458679 0.790849506855011
v 0.977729737758636 1.06373941898346 0.809435725212097
v 0.983933210372925 0.96246600151062 0.778621196746826
v 0.97946310043335 0.965858101844788 0.769926846027374
v 0.999516010284424 0.970778405666351 0.763272762298584
v 1.00060665607452 0.966411471366882 0.770362615585327
v 1.09976661205292 0.90918493270874 0.756047964096069
v 1.0889208316803 0.90828663110733 0.74366819858551
v 1.10020732879639 0.894260466098785 0.73585706949234
v 1.11320388317108 0.895598471164703 0.750368177890778
v 1.01462543010712 0.995282828807831 0.845486283302307
v 1.0276141166687 0.996503174304962 0.844691276550293
v 1.02674496173859 1.00944137573242 0.850558757781982
v 1.01167988777161 1.00629580020905 0.850633025169373
v 1.02395248413086 1.02570390701294 0.854289650917053
v 1.0193932056427 1.04491722583771 0.853713750839233
v 1.00250613689423 1.03867518901825 0.853915870189667
v 1.00685584545135 1.02082049846649 0.854916572570801
v 0.991008162498474 0.620010018348694 0.528407335281372
v 1.00241816043854 0.622591733932495 0.557855486869812
v 1.0736095905304 0.778849482536316 0.44022536277771
v 1.05685436725616 0.781768798828125 0.459808021783829
v 1.07408654689789 0.660264849662781 0.407349795103073
v 1.14681673049927 0.506499826908112 0.425625681877136
v 1.12792718410492 0.5202676653862 0.406088382005692
v 1.15242695808411 0.443313479423523 0.493209600448608
v 0.985540151596069 0.614070534706116 0.496462374925613
v 1.13520860671997 0.387183308601379 0.519398868083954
v 1.14471364021301 0.416153490543365 0.506422996520996
v 1.09554994106293 0.401986598968506 0.586334109306335
v 1.10490918159485 0.430792838335037 0.581522703170776
v 1.07506680488586 0.432217240333557 0.592881619930267
v 1.06871843338013 0.403873533010483 0.59662139415741
v 1.04490327835083 0.432376652956009 0.594390153884888
v 1.04054713249207 0.404823541641235 0.597006142139435
v 1.01815319061279 0.316105484962463 0.463104337453842
v 1.02147078514099 0.121880769729614 0.680263042449951
v 0.997431039810181 0.0871695876121521 0.686265349388123
v 1.0186105966568 0.0866538286209106 0.68990832567215
v 0.998493671417236 0.123451411724091 0.676950335502625
v 0.981505632400513 0.152715802192688 0.652454853057861
v 0.978796124458313 0.120600581169128 0.664829075336456
v 0.969175815582275 0.058071494102478 0.606434524059296
v 1.01525890827179 0.0491531491279602 0.696166574954987
v 0.996173501014709 0.0482748746871948 0.692808151245117
v 0.978279650211334 0.0848903656005859 0.674537777900696
v 0.979531228542328 0.0466833710670471 0.683073699474335
v 1.15725219249725 0.490513354539871 0.457624673843384
v 1.17224538326263 0.517877578735352 0.558697581291199
v 0.998714029788971 0.571450352668762 0.44117397069931
v 0.992431819438934 0.541077613830566 0.445744514465332
v 1.07901072502136 0.563557386398315 0.399006307125092
v 1.05355262756348 0.581673443317413 0.405417174100876
v 1.08333766460419 0.862964868545532 0.483797788619995
v 1.10034370422363 0.867143392562866 0.467300295829773
v 1.0869288444519 0.902971267700195 0.512049376964569
v 1.08516263961792 0.882887780666351 0.497824430465698
v 1.07120132446289 0.879126489162445 0.517094910144806
v 1.07395172119141 0.896752536296844 0.530818462371826
v 1.05802428722382 0.878668606281281 0.574967801570892
v 1.05581617355347 0.86413699388504 0.562623739242554
v 1.05678915977478 0.853625953197479 0.586226284503937
v 1.05817770957947 0.86662369966507 0.598627746105194
v 1.06099700927734 0.831405162811279 0.596726775169373
v 1.05322635173798 0.840831220149994 0.574320018291473
v 1.12901556491852 0.819803297519684 0.662219285964966
v 1.13067209720612 0.832606911659241 0.677237749099731
v 1.11132156848907 0.834319829940796 0.668658554553986
v 1.1103048324585 0.82290118932724 0.653972208499908
v 1.13193619251251 0.584241151809692 0.383968830108643
v 1.15667307376862 0.503183364868164 0.444392770528793
v 1.07087242603302 0.489664137363434 0.407295703887939
v 1.04291462898254 0.528883695602417 0.406828165054321
v 1.01394879817963 0.535300970077515 0.419530957937241
v 1.00824046134949 1.00790286064148 0.755293428897858
v 1.07136309146881 0.939276278018951 0.754765748977661
v 1.07631969451904 0.94273453950882 0.763353705406189
v 0.983711838722229 1.03233766555786 0.854732573032379
v 0.9873126745224 1.01474583148956 0.855425357818604
v 0.993065655231476 1.05023407936096 0.770196557044983
v 1.0262097120285 1.07546782493591 0.816331028938293
v 1.03745067119598 1.07739424705505 0.78938364982605
v 1.02489233016968 1.07219934463501 0.794866681098938
v 1.04395830631256 0.645105600357056 0.421727806329727
v 1.03610038757324 0.618730187416077 0.419365137815475
v 1.01316106319427 0.628407895565033 0.437083840370178
v 1.16884875297546 0.508710741996765 0.513650238513947
v 1.16908311843872 0.512669086456299 0.520409882068634
v 1.10326445102692 0.541723251342773 0.397491574287415
v 1.11942374706268 0.332213938236237 0.541621267795563
v 1.12654519081116 0.358575820922852 0.531144261360168
v 1.11393094062805 0.308108747005463 0.551703095436096
v 1.10906648635864 0.283770143985748 0.56445187330246
v 1.10337805747986 0.260733962059021 0.57669734954834
v 1.09410512447357 0.237793505191803 0.586782932281494
v 1.08206796646118 0.213406980037689 0.594215393066406
v 1.07497572898865 0.188175857067108 0.606853604316711
v 1.07834696769714 0.125266551971436 0.620641648769379
v 1.0742849111557 0.163303434848785 0.621890246868134
v 1.0736540555954 0.13413941860199 0.63742607831955
v 1.07139003276825 0.102755844593048 0.651497602462769
v 1.05918991565704 0.0362470746040344 0.672085642814636
v 1.06779217720032 0.0710343718528748 0.662994623184204
v 1.05073046684265 0.000895023345947266 0.681056976318359
v 1.04641628265381 -0.0333495140075684 0.691304922103882
v 1.16910481452942 0.509855508804321 0.486577779054642
v 1.16911828517914 0.509473502635956 0.499733865261078
v 1.13095009326935 1.08587396144867 0.762900292873383
v 1.05900013446808 0.995889782905579 0.707000851631165
v 1.05637490749359 0.999254584312439 0.720115482807159
v 1.012770652771 1.05008339881897 0.765659987926483
v 1.17188882827759 0.525733470916748 0.576665699481964
v 1.17320227622986 0.538284301757812 0.594031393527985
v 0.944829404354095 0.975344061851501 0.83882462978363
v 0.952220678329468 0.986970603466034 0.848210513591766
v 0.992459058761597 1.03573989868164 0.763562858104706
v 1.05699825286865 1.01700592041016 0.731235980987549
v 1.04800236225128 1.01881408691406 0.741084575653076
v 0.880869030952454 1.06994020938873 0.941078960895538
v 0.885330200195312 1.08617043495178 0.948994398117065
v 0.878720760345459 1.08160400390625 0.957870841026306
v 0.873113453388214 1.0649082660675 0.949964284896851
v 0.883803606033325 1.07672882080078 0.930634140968323
v 0.887230396270752 1.0925018787384 0.938726782798767
v 0.839624762535095 1.10721039772034 0.90043318271637
v 0.843683898448944 1.12175476551056 0.915718555450439
v 0.856507778167725 1.11781251430511 0.914044260978699
v 0.853211462497711 1.10336124897003 0.900028765201569
v 0.887752830982208 1.11459815502167 0.937938094139099
v 0.88450688123703 1.09941303730011 0.929041862487793
v 0.877406656742096 1.10595345497131 0.921189725399017
v 0.880823850631714 1.12107861042023 0.931651592254639
v 0.815478682518005 1.1029589176178 0.916703820228577
v 0.810267567634583 1.08912420272827 0.900395512580872
v 0.804284930229187 1.08113980293274 0.912115573883057
v 0.810875654220581 1.09510397911072 0.927950501441956
v 0.834047555923462 1.04901027679443 0.847470998764038
v 0.834944427013397 1.04023420810699 0.83858984708786
v 0.822544276714325 1.03867554664612 0.835180640220642
v 0.820622801780701 1.04900705814362 0.84548819065094
v 0.873584508895874 1.03774785995483 0.925216436386108
v 0.876981794834137 1.05357313156128 0.932885050773621
v 0.867953300476074 1.04809987545013 0.941512107849121
v 0.862338602542877 1.03139877319336 0.932683110237122
v 0.871090769767761 1.06217920780182 0.888819217681885
v 0.868388593196869 1.04851746559143 0.87857449054718
v 0.858081758022308 1.05453813076019 0.868597149848938
v 0.86025071144104 1.06877541542053 0.879235029220581
v 0.856197118759155 1.01610124111176 0.923389434814453
v 0.869216322898865 1.0220901966095 0.917380332946777
v 0.874990403652191 1.09107327461243 0.910313129425049
v 0.873249471187592 1.07659149169922 0.899221062660217
v 0.86273717880249 1.08275151252747 0.890762627124786
v 0.865023195743561 1.09727609157562 0.903587460517883
v 0.829673767089844 1.13001072406769 0.946268022060394
v 0.821999788284302 1.1165486574173 0.932078242301941
v 0.818602323532104 1.10871291160583 0.942402839660645
v 0.827541828155518 1.1226954460144 0.955762505531311
v 0.871422111988068 1.12692701816559 0.928570628166199
v 0.867894947528839 1.11200511455536 0.916325569152832
v 0.860355079174042 1.1324063539505 0.927644193172455
v 0.862293303012848 1.09767532348633 0.975483775138855
v 0.853629648685455 1.08102345466614 0.966552019119263
v 0.867386281490326 1.0800244808197 0.963459849357605
v 0.874724924564362 1.09639406204224 0.972019255161285
v 0.834749281406403 1.07783985137939 0.871027410030365
v 0.836952030658722 1.09267044067383 0.885491371154785
v 0.850371241569519 1.08880853652954 0.88614022731781
v 0.848074078559875 1.07397818565369 0.872907102108002
v 0.878787279129028 1.04592704772949 0.913614749908447
v 0.880982220172882 1.06089305877686 0.92187088727951
v 0.84497344493866 1.06404006481171 0.957130432128906
v 0.836405694484711 1.04722142219543 0.946527898311615
v 0.853284955024719 1.04585421085358 0.945092141628265
v 0.860334157943726 1.06311929225922 0.95458996295929
v 0.812434017658234 1.03645491600037 0.928873956203461
v 0.821035206317902 1.05203068256378 0.942818403244019
v 0.810031890869141 1.06082570552826 0.93427562713623
v 0.801640033721924 1.04543304443359 0.919133603572845
v 0.819471001625061 1.06329703330994 0.858490169048309
v 0.833907186985016 1.0621383190155 0.857786774635315
v 0.806519567966461 1.07438969612122 0.883211314678192
v 0.804374814033508 1.05977284908295 0.865491151809692
v 0.794393539428711 1.05116581916809 0.876996278762817
v 0.798859715461731 1.06639456748962 0.895176351070404
v 0.870940387248993 1.02248513698578 0.878301501274109
v 0.873618960380554 1.02928829193115 0.883384466171265
v 0.873142957687378 1.01897382736206 0.898017048835754
v 0.870124101638794 1.01124858856201 0.892686486244202
v 0.864716053009033 1.00945544242859 0.909363627433777
v 0.86052393913269 1.00097155570984 0.901575088500977
v 0.846834540367126 0.984884023666382 0.889965713024139
v 0.844458758831024 0.987476289272308 0.894532322883606
v 0.830989003181458 0.980387389659882 0.887584328651428
v 0.835801601409912 0.977463126182556 0.882105648517609
v 0.794490694999695 1.0046980381012 0.897976994514465
v 0.802661895751953 1.02064085006714 0.914163887500763
v 0.793166875839233 1.02993857860565 0.902439594268799
v 0.7855544090271 1.01326894760132 0.884279489517212
v 0.784353971481323 1.01092398166656 0.852558255195618
v 0.785606741905212 1.02386796474457 0.870467483997345
v 0.792758047580719 1.03575599193573 0.858807682991028
v 0.794422149658203 1.02391767501831 0.842940449714661
v 0.833262801170349 0.988967955112457 0.807212650775909
v 0.817032992839813 0.99440324306488 0.816881418228149
v 0.822964787483215 1.0064332485199 0.810439944267273
v 0.837197303771973 1.00139951705933 0.801888942718506
v 0.839971303939819 1.02884864807129 0.8120157122612
v 0.847536563873291 1.03657937049866 0.820362269878387
v 0.857632100582123 1.03689312934875 0.814823746681213
v 0.851206243038177 1.02748131752014 0.805802881717682
v 0.876206636428833 1.02799105644226 0.87462055683136
v 0.871229648590088 1.02358376979828 0.87484884262085
v 0.870057046413422 1.00915026664734 0.887116670608521
v 0.876618981361389 1.01080513000488 0.884237110614777
v 0.790341138839722 0.990999102592468 0.883106589317322
v 0.779098272323608 0.997633337974548 0.865184783935547
v 0.832169532775879 1.03050136566162 0.818195521831512
v 0.826395750045776 1.032799243927 0.825977981090546
v 0.837418496608734 1.03661417961121 0.830278873443604
v 0.841274499893188 1.03626239299774 0.82456374168396
v 0.856800615787506 1.03785967826843 0.846581697463989
v 0.855638027191162 1.0359103679657 0.84938383102417
v 0.863362550735474 1.02933144569397 0.862265944480896
v 0.863506197929382 1.03101563453674 0.86044454574585
v 0.868265748023987 1.02114534378052 0.875387728214264
v 0.868856966495514 1.02006864547729 0.877014517784119
v 0.867613911628723 1.00821721553802 0.890392780303955
v 0.866861343383789 1.00829255580902 0.888185024261475
v 0.793982028961182 0.982320129871368 0.873716115951538
v 0.799308300018311 0.977015197277069 0.864659428596497
v 0.80957692861557 0.975460290908813 0.873476386070251
v 0.805823802947998 0.979779243469238 0.882395625114441
v 0.800777792930603 1.01581406593323 0.829583942890167
v 0.792945563793182 1.00406956672668 0.83852607011795
v 0.85469377040863 1.03715348243713 0.852388143539429
v 0.846952080726624 1.03770232200623 0.837426781654358
v 0.845871388912201 1.03996336460114 0.844437897205353
v 0.858145833015442 0.996820032596588 0.896678507328033
v 0.831354200839996 0.9790358543396 0.815251708030701
v 0.850585401058197 0.975307703018188 0.804261386394501
v 0.851784586906433 0.967905640602112 0.815459847450256
v 0.832335293292999 0.971266269683838 0.825394690036774
v 0.852159857749939 0.986372411251068 0.796386003494263
v 0.856526136398315 0.999421179294586 0.792545557022095
v 0.874678790569305 1.03798353672028 0.808790445327759
v 0.8687863945961 1.02751123905182 0.799110174179077
v 0.879686772823334 1.04553258419037 0.82243549823761
v 0.862930536270142 1.04310131072998 0.828078031539917
v 0.867676138877869 1.04491317272186 0.842787504196167
v 0.884400844573975 1.04899859428406 0.837536334991455
v 0.892598032951355 1.03277313709259 0.868505120277405
v 0.89209520816803 1.01542687416077 0.87671685218811
v 0.870567679405212 0.995241641998291 0.885474324226379
v 0.886884570121765 0.997956156730652 0.877667784690857
v 0.831305146217346 1.01852869987488 0.808758735656738
v 0.821552574634552 1.02157247066498 0.816535234451294
v 0.829591989517212 1.06838846206665 0.954907417297363
v 0.839487850666046 1.08489263057709 0.965730905532837
v 0.828189313411713 1.0916793346405 0.959684133529663
v 0.818867206573486 1.07599437236786 0.947633028030396
v 0.82104766368866 1.09992098808289 0.951717615127563
v 0.830857813358307 1.11458301544189 0.963991224765778
v 0.87956166267395 1.06876385211945 0.910102307796478
v 0.881893754005432 1.08412981033325 0.919874429702759
v 0.891190767288208 1.10795021057129 0.946406245231628
v 0.863983750343323 1.03159654140472 0.863912105560303
v 0.865904033184052 1.03792262077332 0.869078874588013
v 0.825623869895935 0.974015355110168 0.873670697212219
v 0.834610223770142 0.971416354179382 0.867718636989594
v 0.84372091293335 0.97526478767395 0.878117084503174
v 0.80707049369812 0.98710697889328 0.893342137336731
v 0.826528191566467 0.985688745975494 0.896629452705383
v 0.832309067249298 0.999392449855804 0.910863995552063
v 0.812135457992554 0.998663127422333 0.906755328178406
v 0.807236433029175 0.973942637443542 0.855780601501465
v 0.819658041000366 0.970550060272217 0.846774458885193
v 0.826674044132233 0.969616830348969 0.858062088489532
v 0.815932035446167 0.972369790077209 0.865679681301117
v 0.87216854095459 1.04029071331024 0.858698010444641
v 0.86642587184906 1.03515768051147 0.859914720058441
v 0.872247040271759 0.972547173500061 0.867311954498291
v 0.878451943397522 0.983094930648804 0.874523282051086
v 0.862627744674683 0.982835531234741 0.881538152694702
v 0.855511426925659 0.973740756511688 0.873772919178009
v 0.853004574775696 0.983482837677002 0.886284232139587
v 0.866442501544952 0.966170787811279 0.855749249458313
v 0.848257064819336 0.96853494644165 0.862851917743683
v 0.889234185218811 1.04607057571411 0.854134440422058
v 0.836285531520844 0.967257440090179 0.837975382804871
v 0.856207847595215 0.964269280433655 0.829196989536285
v 0.861134946346283 0.964078426361084 0.842919826507568
v 0.841858625411987 0.966979324817657 0.8507159948349
v 0.812363743782043 1.08529222011566 0.938395082950592
v 0.804556488990784 1.07070374488831 0.923805594444275
v 0.807477533817291 1.03371560573578 0.835880696773529
v 0.804723620414734 1.04513621330261 0.848763227462769
v 0.813255310058594 1.02581357955933 0.825479567050934
v 0.825860321521759 1.10759592056274 0.90670257806778
v 0.830976486206055 1.12128472328186 0.922306060791016
v 0.819930553436279 1.07880020141602 0.874001383781433
v 0.82219260931015 1.09314823150635 0.890466570854187
v 0.828227877616882 1.03049659729004 0.934638977050781
v 0.80049604177475 0.989347457885742 0.835989952087402
v 0.788807034492493 0.992611587047577 0.847099781036377
v 0.803731799125671 0.999290227890015 0.827121734619141
v 0.863005995750427 1.01450908184052 0.793856024742126
v 0.843613147735596 1.01484739780426 0.800916254520416
v 0.786571145057678 0.985370635986328 0.864183664321899
v 0.887784719467163 1.01477980613708 0.784703731536865
v 0.845549464225769 0.992761969566345 0.902625918388367
v 0.862531542778015 0.995330333709717 0.890271663665771
v 0.858477711677551 0.995803952217102 0.893515586853027
v 0.885069310665131 1.09753215312958 0.965628981590271
v 0.877550721168518 1.05422711372375 0.900544285774231
v 0.855286180973053 1.04317784309387 0.858891487121582
v 0.845544755458832 1.04680299758911 0.851949691772461
v 0.814132928848267 0.984408795833588 0.82568347454071
v 0.814813673496246 0.976004302501678 0.835099756717682
v 0.80155086517334 0.980472564697266 0.844684898853302
v 0.854248404502869 1.04124283790588 0.83202052116394
v 0.860365509986877 1.04163932800293 0.845852494239807
v 0.837140917778015 1.13443303108215 0.937105059623718
v 0.849424362182617 1.03911328315735 0.835017681121826
v 0.850139975547791 1.00307834148407 0.912913382053375
v 1.21966111660004 0.962611854076385 0.808575332164764
v 1.230837225914 0.953184008598328 0.796886801719666
v 1.23237895965576 0.963474035263062 0.804092049598694
v 1.05885636806488 0.956782400608063 0.609834551811218
v 1.09300231933594 0.960111021995544 0.548944771289825
v 1.07879853248596 0.954618692398071 0.565263211727142
v 1.06074070930481 0.991187334060669 0.694223046302795
v 1.06149339675903 0.98519903421402 0.679835915565491
v 1.04465425014496 1.00678694248199 0.740332245826721
v 1.05304527282715 1.00291526317596 0.731492698192596
v 1.0616010427475 0.98986279964447 0.636778891086578
v 1.19239270687103 1.1793909072876 0.916278064250946
v 1.19398248195648 1.17337560653687 0.912582755088806
v 1.19336354732513 1.18675541877747 0.927693843841553
v 1.18321800231934 0.824917495250702 0.402733266353607
v 1.19148635864258 0.793911337852478 0.391388833522797
v 1.18955600261688 0.779006540775299 0.384313613176346
v 1.18658018112183 1.18288397789001 0.893378615379333
v 1.18824541568756 1.17563462257385 0.891107857227325
v 1.18470323085785 1.1798083782196 0.893256545066833
v 1.1865302324295 1.18561053276062 0.893612146377563
v 1.18677842617035 1.18484568595886 0.892939329147339
v 1.19097805023193 1.19727492332458 0.923332691192627
v 1.19445729255676 1.16868007183075 0.904130399227142
v 1.19514870643616 1.16501784324646 0.895459651947021
v 1.18943428993225 1.19356226921082 0.909084022045135
v 1.14484572410583 0.741414904594421 0.618886351585388
v 1.13877010345459 0.725813865661621 0.62174516916275
v 1.16404867172241 0.721705257892609 0.621047735214233
v 1.16886973381042 0.737441718578339 0.616866171360016
v 1.18924796581268 0.703604578971863 0.623183250427246
v 1.19199693202972 0.719536244869232 0.618313312530518
v 1.15861487388611 0.703888773918152 0.626148462295532
v 1.0412015914917 0.693467199802399 0.600225448608398
v 1.04659080505371 0.714510023593903 0.59982442855835
v 1.03048181533813 0.721985816955566 0.578032910823822
v 1.02409493923187 0.700708508491516 0.576520800590515
v 1.02596747875214 0.744977116584778 0.55467700958252
v 1.01943075656891 0.728290915489197 0.551154375076294
v 1.03748083114624 0.739872634410858 0.579449892044067
v 1.02129197120667 0.747828900814056 0.525635600090027
v 1.01489675045013 0.729166269302368 0.522081851959229
v 1.02320337295532 0.74656754732132 0.49658927321434
v 1.01651990413666 0.725332736968994 0.493060499429703
v 1.02386653423309 0.719307899475098 0.466501176357269
v 1.03817594051361 0.711233377456665 0.44267013669014
v 1.05038952827454 0.67314612865448 0.422240883111954
v 1.05726170539856 0.701123058795929 0.423800081014633
v 1.07861065864563 0.692050337791443 0.408439040184021
v 1.10135364532471 0.684204399585724 0.395075976848602
v 1.12225723266602 0.679109692573547 0.385147362947464
v 1.14144611358643 0.675746440887451 0.378813207149506
v 1.15909385681152 0.672995567321777 0.375046789646149
v 1.17537724971771 0.669766426086426 0.374346733093262
v 1.172079205513 0.639926433563232 0.374934196472168
v 1.13039076328278 1.08721506595612 0.737766802310944
v 1.1668119430542 1.04344797134399 0.844199180603027
v 1.15114486217499 1.05839097499847 0.835570335388184
v 1.15806376934052 1.03872179985046 0.843609929084778
v 1.13620626926422 0.977125823497772 0.827011704444885
v 1.15122747421265 0.967220425605774 0.825551629066467
v 1.15175259113312 0.982792973518372 0.832374751567841
v 1.13674247264862 0.995745480060577 0.834188461303711
v 1.17446410655975 1.02704238891602 0.842969059944153
v 1.18008852005005 1.031130194664 0.842942893505096
v 1.16777086257935 1.02026498317719 0.842778861522675
v 1.18008267879486 1.00662672519684 0.839163661003113
v 1.1946884393692 0.999301910400391 0.835251986980438
v 1.11544501781464 1.05176091194153 0.835076808929443
v 1.10252439975739 1.05385911464691 0.83644825220108
v 1.10445189476013 1.03016757965088 0.837372303009033
v 1.11543798446655 1.02743577957153 0.83838951587677
v 1.1078040599823 0.976796209812164 0.819127559661865
v 1.0973060131073 0.981731593608856 0.819862127304077
v 1.09441459178925 0.971382796764374 0.810096740722656
v 1.10604655742645 0.965592682361603 0.80900627374649
v 1.05936717987061 1.05617916584015 0.848142564296722
v 1.04517447948456 1.05324530601501 0.850123405456543
v 1.05020833015442 1.03306996822357 0.853921413421631
v 1.06407380104065 1.03493344783783 0.850722789764404
v 1.10005605220795 0.994495153427124 0.830667674541473
v 1.14158380031586 0.892668783664703 0.758738219738007
v 1.12470626831055 0.900925874710083 0.764105558395386
v 1.10999488830566 0.911319017410278 0.768029808998108
v 1.08048224449158 0.946743309497833 0.771529376506805
v 1.0831081867218 0.932227730751038 0.761750221252441
v 1.08932137489319 0.936772167682648 0.771139621734619
v 1.06929290294647 0.954179048538208 0.773338496685028
v 1.05955588817596 0.958851635456085 0.775028347969055
v 1.05077135562897 1.08304333686829 0.782971262931824
v 1.04966461658478 1.07172203063965 0.757829546928406
v 1.03864467144012 1.06599152088165 0.767829298973083
v 1.0352520942688 0.966225206851959 0.776574850082397
v 1.0337415933609 0.966029107570648 0.770429849624634
v 1.04463601112366 0.963129043579102 0.765588283538818
v 1.04597723484039 0.963798403739929 0.770520925521851
v 1.12725651264191 1.05012822151184 0.833993554115295
v 1.05277180671692 1.01523852348328 0.848881185054779
v 1.05241274833679 1.00011873245239 0.840833067893982
v 1.06531667709351 1.00177502632141 0.836237072944641
v 1.0666024684906 1.01662766933441 0.844228267669678
v 1.05124425888062 0.989351987838745 0.831946671009064
v 1.04896008968353 0.981324970722198 0.822417318820953
v 1.06062412261963 0.981160402297974 0.817744255065918
v 1.06348562240601 0.989921569824219 0.827430009841919
v 1.03601181507111 0.967251598834991 0.782733559608459
v 1.04902541637421 0.964543104171753 0.777231633663177
v 1.02893269062042 1.0668967962265 0.838559508323669
v 1.08576548099518 1.07859492301941 0.829808592796326
v 1.09973478317261 1.07704520225525 0.827628016471863
v 1.09528088569641 1.09094965457916 0.805017113685608
v 1.0821795463562 1.09143209457397 0.806149840354919
v 1.03064119815826 1.00723934173584 0.749374210834503
v 1.02614212036133 0.996857166290283 0.750569581985474
v 1.02247977256775 0.986993610858917 0.751374185085297
v 1.04461812973022 0.963634133338928 0.752831995487213
v 1.01832497119904 0.978991866111755 0.754359722137451
v 1.03031754493713 1.04836654663086 0.759885191917419
v 1.02647197246552 1.06147289276123 0.774537324905396
v 1.09007906913757 1.09235906600952 0.777407586574554
v 1.07818043231964 1.09136843681335 0.777459621429443
v 1.03312134742737 1.04949975013733 0.85199773311615
v 1.03794980049133 1.02926254272461 0.854481637477875
v 1.00900495052338 0.964726209640503 0.780388593673706
v 1.02024221420288 0.966526567935944 0.773941516876221
v 1.02297210693359 0.96606981754303 0.779195368289948
v 1.05434620380402 0.954789042472839 0.751658380031586
v 1.04498076438904 0.962705910205841 0.758803129196167
v 1.08923602104187 1.05573165416718 0.839366436004639
v 1.04089522361755 0.99773895740509 0.84144926071167
v 1.0405877828598 1.01191663742065 0.849433422088623
v 1.0750846862793 0.989372670650482 0.822651386260986
v 1.08645510673523 0.986188590526581 0.820291519165039
v 1.09000670909882 0.998908281326294 0.828395843505859
v 1.07816362380981 1.00134515762329 0.831384479999542
v 1.03297185897827 0.974009871482849 0.813755929470062
v 1.03706765174866 0.980094194412231 0.825215399265289
v 1.08332908153534 0.975838840007782 0.812916040420532
v 1.07189559936523 0.979216456413269 0.815543591976166
v 1.0244243144989 0.966276168823242 0.787519454956055
v 1.10008454322815 1.09143328666687 0.77799916267395
v 1.10497725009918 1.08831071853638 0.749038815498352
v 1.09498643875122 1.08874988555908 0.752829551696777
v 1.08519494533539 1.08668839931488 0.752336204051971
v 1.07359087467194 1.0829530954361 0.752528488636017
v 1.06087636947632 1.07699823379517 0.75300544500351
v 1.11670255661011 1.08708834648132 0.744065999984741
v 0.792365193367004 0.982415556907654 0.854863941669464
v 1.00416719913483 0.964891970157623 0.776071429252625
v 0.997258067131042 0.963350117206573 0.787877440452576
v 0.990790486335754 0.962547302246094 0.784142911434174
v 0.942833423614502 0.966260254383087 0.825552105903625
v 1.22878181934357 1.24705016613007 0.766733050346375
v 1.22781956195831 1.24155306816101 0.763734221458435
v 1.23488593101501 1.26087737083435 0.785464644432068
v 1.23385369777679 1.25944185256958 0.782146990299225
v 0.820193231105804 0.977018058300018 0.880774140357971
v 0.816870272159576 0.980112195014954 0.886657476425171
v 0.819810032844543 1.01441276073456 0.921132326126099
v 0.839324951171875 1.0138133764267 0.923551619052887
v 0.846403181552887 1.02981078624725 0.934980988502502
v 0.876328885555267 1.03157043457031 0.905941307544708
v 0.875809013843536 1.04065942764282 0.891595244407654
v 0.846571505069733 1.05926847457886 0.861638307571411
v 0.791241824626923 1.04031074047089 0.889529466629028
v 0.902726471424103 1.13290810585022 0.970340013504028
v 0.90890109539032 1.14848053455353 0.97691136598587
v 0.906266093254089 1.14372134208679 0.986614227294922
v 0.898568749427795 1.12875294685364 0.980129361152649
v 0.915233969688416 1.16247618198395 0.982476711273193
v 0.906193256378174 1.15485620498657 0.969460010528564
v 0.911279439926147 1.16932582855225 0.97605288028717
v 0.900247931480408 1.16099941730499 0.964672327041626
v 0.905434846878052 1.1757253408432 0.972954094409943
v 0.897866010665894 1.1815322637558 0.971904277801514
v 0.892584919929504 1.16694009304047 0.962371110916138
v 0.884324193000793 1.17127978801727 0.963200926780701
v 0.889681220054626 1.1851898431778 0.974177837371826
v 0.870032072067261 1.15985441207886 0.953830003738403
v 0.860437512397766 1.16167366504669 0.958224952220917
v 0.867970824241638 1.17468726634979 0.972173929214478
v 0.875997543334961 1.17378735542297 0.967009663581848
v 0.866149485111237 1.18199038505554 0.997664213180542
v 0.856572508811951 1.16936182975769 0.985801637172699
v 0.857223868370056 1.16332685947418 0.992692768573761
v 0.866693258285522 1.1763801574707 1.00352191925049
v 0.858483254909515 1.13658821582794 0.991788268089294
v 0.868097901344299 1.15036034584045 1.00276875495911
v 0.861839652061462 1.15719556808472 0.99904465675354
v 0.851172685623169 1.14281356334686 0.986935377120972
v 0.876590371131897 1.16207671165466 1.01303362846375
v 0.877747893333435 1.14636218547821 1.00384151935577
v 0.885966062545776 1.15693593025208 1.01243257522583
v 0.896396458148956 1.12348318099976 0.953943252563477
v 0.896389305591583 1.11709356307983 0.963482618331909
v 0.890367388725281 1.10179448127747 0.956217348575592
v 0.888461828231812 1.15144801139832 0.951873123645782
v 0.896051168441772 1.14548289775848 0.955314517021179
v 0.891861081123352 1.12995624542236 0.946428060531616
v 0.884396135807037 1.13612031936646 0.941827297210693
v 0.847965598106384 1.13493680953979 0.930288314819336
v 0.853870153427124 1.14863181114197 0.944553256034851
v 0.864811360836029 1.14598226547241 0.940788090229034
v 0.879574179649353 1.15624761581421 0.95160835981369
v 0.875151515007019 1.14157843589783 0.940076947212219
v 0.852124214172363 1.16070103645325 0.964999794960022
v 0.860558569431305 1.1732759475708 0.978613436222076
v 0.89001452922821 1.12794148921967 0.987737238407135
v 0.898037075996399 1.14245641231537 0.994850993156433
v 0.888004958629608 1.14385724067688 1.00036478042603
v 0.879700899124146 1.12944293022156 0.992407917976379
v 0.844469785690308 1.14769804477692 0.951298832893372
v 0.882442593574524 1.11239540576935 0.980070471763611
v 0.871066749095917 1.11388945579529 0.984198868274689
v 0.868700861930847 1.13231134414673 0.994414746761322
v 0.85930860042572 1.1172513961792 0.985214650630951
v 0.905901372432709 1.15444648265839 1.00150322914124
v 0.913464188575745 1.15680587291718 0.992433130741119
v 0.891777634620667 1.1130565404892 0.973128318786621
v 0.847071647644043 1.15653204917908 0.973372459411621
v 0.838310360908508 1.14337706565857 0.959936022758484
v 0.837067604064941 1.13653540611267 0.968613743782043
v 0.846587598323822 1.14981424808502 0.980703115463257
v 0.838116645812988 1.10684728622437 0.970439672470093
v 0.848428249359131 1.12247717380524 0.981090605258942
v 0.840907633304596 1.12889695167542 0.97524881362915
v 0.870499491691589 1.16993606090546 1.00999963283539
v 0.849417388439178 1.10135459899902 0.975434243679047
v 0.943783223628998 1.22561740875244 1.02035307884216
v 0.952992558479309 1.22798871994019 1.01591897010803
v 0.946918308734894 1.22682082653046 1.00756883621216
v 0.937097311019897 1.22391653060913 1.01253724098206
v 0.934722542762756 1.22501492500305 0.987287521362305
v 0.94741690158844 1.22651100158691 0.985465586185455
v 0.947723627090454 1.21928238868713 0.977874219417572
v 0.934796631336212 1.21715724468231 0.978264629840851
v 0.961550831794739 1.22723758220673 1.01203525066376
v 0.955503225326538 1.22770357131958 1.00381278991699
v 0.966255664825439 1.22179222106934 1.0085951089859
v 0.967390477657318 1.22679078578949 1.01923656463623
v 0.970883727073669 1.21999573707581 1.01878452301025
v 0.9759162068367 1.22047662734985 1.02610170841217
v 0.974256992340088 1.21257472038269 1.03110647201538
v 0.968182802200317 1.20869445800781 1.02078557014465
v 0.951149463653564 1.19881963729858 1.03816449642181
v 0.960480690002441 1.20648670196533 1.04627525806427
v 0.951936364173889 1.20595836639404 1.05259418487549
v 0.942800343036652 1.19845044612885 1.04416990280151
v 0.932968139648438 1.20860528945923 1.05851078033447
v 0.925645768642426 1.20091807842255 1.04980719089508
v 0.934363663196564 1.19972229003906 1.04718923568726
v 0.943203091621399 1.2077956199646 1.05610752105713
v 0.9305340051651 1.22218656539917 1.02826869487762
v 0.935578763484955 1.22293365001678 1.02482914924622
v 0.928357064723969 1.22072911262512 1.01816976070404
v 0.922700941562653 1.21954345703125 1.02183675765991
v 0.972440600395203 1.21561336517334 1.00015807151794
v 0.971153914928436 1.21977293491364 1.00107717514038
v 0.968136548995972 1.21492421627045 1.00937080383301
v 0.96634978055954 1.20870983600616 1.00602531433105
v 0.894396483898163 1.21680498123169 1.01143789291382
v 0.899231612682343 1.2159538269043 1.00562644004822
v 0.894526660442352 1.20938086509705 0.997905015945435
v 0.88802695274353 1.20988368988037 1.00349187850952
v 0.914933502674103 1.21091425418854 0.981401979923248
v 0.920833230018616 1.19792509078979 0.978356719017029
v 0.914806246757507 1.19473910331726 0.979578912258148
v 0.90795761346817 1.20689344406128 0.98509556055069
v 0.923623919487 1.21439003944397 0.979343473911285
v 0.938456892967224 1.20584332942963 0.976919174194336
v 0.928578615188599 1.20182800292969 0.977374911308289
v 0.95095956325531 1.20994329452515 0.977033913135529
v 0.880497753620148 1.20740211009979 1.01056218147278
v 0.883599400520325 1.21294903755188 1.01828241348267
v 1.00742816925049 1.245680809021 1.05395650863647
v 1.00329482555389 1.24333953857422 1.05073523521423
v 1.00024628639221 1.24573075771332 1.0546612739563
v 1.0046398639679 1.2476978302002 1.05806422233582
v 0.882940232753754 1.19642734527588 1.02964043617249
v 0.879479885101318 1.19451189041138 1.02347731590271
v 0.884307444095612 1.18717360496521 1.0270209312439
v 0.889118313789368 1.18933606147766 1.03163623809814
v 0.887986361980438 1.19990813732147 1.03831124305725
v 0.895329535007477 1.19266796112061 1.03802227973938
v 1.01283705234528 1.23397970199585 1.05856764316559
v 1.00807762145996 1.23109722137451 1.05596590042114
v 1.00776147842407 1.23455131053925 1.05198311805725
v 1.01237106323242 1.2376115322113 1.0548210144043
v 0.950928151607513 1.22854912281036 1.02615284919739
v 0.95951247215271 1.22993755340576 1.02199387550354
v 0.970716416835785 1.2370194196701 1.03578245639801
v 0.974134981632233 1.23381304740906 1.03130173683167
v 0.966838002204895 1.23205614089966 1.02672827243805
v 0.959234118461609 1.23316836357117 1.03217017650604
v 0.941775977611542 1.23027622699738 1.04250335693359
v 0.949228465557098 1.23207581043243 1.03992533683777
v 0.941896200180054 1.22682476043701 1.03350794315338
v 0.934440672397614 1.22540009021759 1.03655552864075
v 0.92393958568573 1.22728741168976 1.04178166389465
v 0.919380128383636 1.22960340976715 1.04534208774567
v 0.925166249275208 1.23323941230774 1.05129706859589
v 0.930909872055054 1.23146188259125 1.04809999465942
v 0.949188470840454 1.23798179626465 1.05743002891541
v 0.944755494594574 1.23810935020447 1.06031584739685
v 0.951957106590271 1.23916625976562 1.0667952299118
v 0.956225335597992 1.2391893863678 1.06444549560547
v 0.87682843208313 1.19206941127777 1.01921832561493
v 0.880212128162384 1.18398880958557 1.02287650108337
v 0.913454353809357 1.21217942237854 1.06263518333435
v 0.917620003223419 1.21729862689972 1.07052183151245
v 0.90860116481781 1.22283935546875 1.07029604911804
v 0.904048323631287 1.21722209453583 1.06193518638611
v 0.898169755935669 1.18445897102356 1.03113627433777
v 0.893011450767517 1.1812572479248 1.02747809886932
v 1.01150441169739 1.23279047012329 1.06402790546417
v 1.00679218769073 1.22967755794525 1.0614538192749
v 0.954752922058105 1.20178842544556 0.982947826385498
v 0.941913068294525 1.19659686088562 0.984103262424469
v 0.931758403778076 1.19220590591431 0.985027074813843
v 0.925283193588257 1.1887594461441 0.985265374183655
v 0.921492218971252 1.18491911888123 0.983846366405487
v 0.959786653518677 1.23573672771454 1.03909635543823
v 0.942254304885864 1.22559404373169 1.02837324142456
v 0.926449775695801 1.22188377380371 1.0303008556366
v 0.902134895324707 1.22904706001282 1.04521310329437
v 0.909129977226257 1.22866129875183 1.0418746471405
v 0.905387878417969 1.22630548477173 1.03512644767761
v 0.896655857563019 1.22556161880493 1.04004466533661
v 0.900368452072144 1.22484350204468 1.05974698066711
v 0.905437231063843 1.22994840145111 1.06709313392639
v 0.908585429191589 1.23456025123596 1.06220507621765
v 0.903328418731689 1.23058080673218 1.05569362640381
v 0.974322557449341 1.21103096008301 0.996854186058044
v 0.96552973985672 1.20441913604736 0.999814689159393
v 0.88134765625 1.20534837245941 1.02600169181824
v 0.878878116607666 1.20210754871368 1.01916599273682
v 0.875886559486389 1.19789266586304 1.01220965385437
v 0.910004794597626 1.21811294555664 1.01375246047974
v 0.913924932479858 1.21857500076294 1.01172626018524
v 0.90666139125824 1.21691370010376 0.998112678527832
v 0.902231514453888 1.21559834480286 1.00197374820709
v 0.92933851480484 1.2248330116272 1.00287508964539
v 0.94022136926651 1.22754895687103 0.998337924480438
v 0.922897458076477 1.22254014015198 0.990648031234741
v 0.899699330329895 1.20868003368378 0.992121756076813
v 0.897847294807434 1.20197153091431 0.987108051776886
v 0.891447186470032 1.20295166969299 0.993119716644287
v 0.884784579277039 1.20347392559052 0.999418437480927
v 0.87866199016571 1.2021119594574 1.00620305538177
v 0.894446790218353 1.19517374038696 0.98212730884552
v 0.887597262859344 1.19660663604736 0.987748563289642
v 0.880940675735474 1.1967830657959 0.994411468505859
v 0.875550270080566 1.1953649520874 1.00100612640381
v 0.883054196834564 1.17084240913391 1.01971483230591
v 0.888061165809631 1.17685616016388 1.02390694618225
v 0.875792264938354 1.17863440513611 1.01752364635468
v 0.91085010766983 1.18683207035065 0.977820456027985
v 0.902608394622803 1.19219505786896 0.979344308376312
v 0.906163096427917 1.19934916496277 0.983061909675598
v 0.916832149028778 1.17921316623688 0.980588257312775
v 0.95705246925354 1.22646307945251 0.984207451343536
v 0.958739280700684 1.22758841514587 0.992839634418488
v 0.965892374515533 1.22843360900879 0.991335928440094
v 0.965416014194489 1.22762048244476 0.983999907970428
v 0.972706913948059 1.22706913948059 1.02498984336853
v 0.978260934352875 1.22860753536224 1.03023719787598
v 0.981129348278046 1.22240257263184 1.0321170091629
v 0.887325763702393 1.21765279769897 1.02700066566467
v 0.896911978721619 1.22047090530396 1.0211580991745
v 0.96909886598587 1.23811912536621 1.04152226448059
v 1.00250267982483 1.22820556163788 1.0528130531311
v 0.993140876293182 1.22340893745422 1.04651308059692
v 0.992604911327362 1.22788763046265 1.04196429252625
v 1.00245976448059 1.23195719718933 1.04861235618591
v 0.974868834018707 1.23742604255676 1.05067038536072
v 0.982153832912445 1.23788583278656 1.05451512336731
v 0.98215913772583 1.23999917507172 1.04870295524597
v 0.975581645965576 1.23837721347809 1.04464328289032
v 0.938881456851959 1.23889219760895 1.06326293945312
v 0.944724857807159 1.2398556470871 1.06857025623322
v 0.968633770942688 1.21632051467896 1.05281376838684
v 0.968580305576324 1.20680546760559 1.03897023200989
v 0.975828409194946 1.21285378932953 1.04522478580475
v 0.935927629470825 1.23033308982849 1.04540622234344
v 0.937773168087006 1.23544239997864 1.05422639846802
v 0.942412912845612 1.23498106002808 1.05135476589203
v 0.96086573600769 1.23673045635223 1.04322981834412
v 0.954993188381195 1.23551499843597 1.04455327987671
v 0.961659491062164 1.23738861083984 1.04868280887604
v 0.966912806034088 1.23773765563965 1.04574286937714
v 0.89367014169693 1.22043907642365 1.05036854743958
v 0.898892939090729 1.21062994003296 1.05391716957092
v 1.0060179233551 1.23914861679077 1.05008745193481
v 1.01025700569153 1.24177885055542 1.0531485080719
v 0.872938215732574 1.18644714355469 1.01256501674652
v 0.872818827629089 1.1920827627182 1.00706505775452
v 0.92899215221405 1.22568488121033 1.03897130489349
v 0.95982813835144 1.2016190290451 1.03082132339478
v 0.92184317111969 1.22239398956299 1.03210067749023
v 0.936691105365753 1.22367823123932 1.07289588451385
v 0.941963732242584 1.22657763957977 1.07806897163391
v 0.939256966114044 1.23237419128418 1.07680368423462
v 0.932900249958038 1.22973704338074 1.07317161560059
v 0.992193877696991 1.24005174636841 1.06093382835388
v 0.998304724693298 1.24153971672058 1.06500315666199
v 0.998553693294525 1.24489486217499 1.06015491485596
v 0.992448627948761 1.24324774742126 1.05559802055359
v 0.977004766464233 1.23752248287201 1.03959894180298
v 0.983841359615326 1.23980796337128 1.04365110397339
v 0.986758708953857 1.23715496063232 1.04016315937042
v 0.97980010509491 1.23489046096802 1.03561222553253
v 0.983289957046509 1.23019623756409 1.03494584560394
v 0.990108728408813 1.23263025283813 1.03990352153778
v 0.994068026542664 1.23443150520325 1.06438541412354
v 0.984447836875916 1.23184096813202 1.05833089351654
v 0.987317144870758 1.22480273246765 1.05750012397766
v 0.997490286827087 1.22868537902832 1.06305623054504
v 0.918587684631348 1.19313704967499 1.0413613319397
v 0.916584432125092 1.20296478271484 1.05259323120117
v 0.910131096839905 1.19538331031799 1.04414749145508
v 0.93979549407959 1.21520662307739 1.06656718254089
v 0.928878486156464 1.21905624866486 1.06789076328278
v 0.922991096973419 1.21039831638336 1.06103360652924
v 0.908302545547485 1.20539891719818 1.05418801307678
v 0.971915900707245 1.22908234596252 1.05680179595947
v 0.9712855219841 1.22345912456512 1.05909395217896
v 0.977457225322723 1.22307479381561 1.05390548706055
v 0.915643215179443 1.22444891929626 1.03498375415802
v 1.0001562833786 1.23652100563049 1.04603660106659
v 0.927325487136841 1.1760733127594 1.00247955322266
v 0.932214856147766 1.18076062202454 1.00532937049866
v 0.92596572637558 1.17789816856384 1.01767349243164
v 0.921323597431183 1.17304730415344 1.01250541210175
v 0.994041562080383 1.24352025985718 1.04995965957642
v 0.997205853462219 1.24118411540985 1.04635763168335
v 0.934059977531433 1.23866021633148 1.0676097869873
v 0.932794690132141 1.23765540122986 1.07310938835144
v 0.938252329826355 1.23778641223907 1.07556772232056
v 0.94028776884079 1.23921179771423 1.07180261611938
v 0.902171611785889 1.19814467430115 1.04606187343597
v 0.919859945774078 1.22084760665894 1.07625651359558
v 0.912264168262482 1.22749578952789 1.0765825510025
v 0.904024302959442 1.18892002105713 1.03694868087769
v 0.908033967018127 1.18106472492218 1.02861189842224
v 0.912514388561249 1.18622040748596 1.03397214412689
v 0.952386498451233 1.2171847820282 1.06400370597839
v 0.926469922065735 1.19193649291992 1.03890252113342
v 0.919724106788635 1.18434906005859 1.03075218200684
v 0.915775239467621 1.17807579040527 1.02412700653076
v 0.912301182746887 1.17345952987671 1.02000308036804
v 0.903313159942627 1.1768399477005 1.02426612377167
v 1.0007346868515 1.22646796703339 1.05809259414673
v 1.0034282207489 1.23143005371094 1.06619942188263
v 0.893098473548889 1.16555964946747 1.01753902435303
v 0.898491442203522 1.17200040817261 1.02072167396545
v 0.902973294258118 1.16315054893494 1.01299691200256
v 0.907972574234009 1.168536901474 1.01647639274597
v 0.935178518295288 1.18431091308594 1.02220463752747
v 0.927980840206146 1.18368530273438 1.02762699127197
v 0.942714631557465 1.19160890579224 1.03040456771851
v 0.934405922889709 1.19083416461945 1.03583157062531
v 0.960479974746704 1.21297943592072 1.05966997146606
v 1.01279783248901 1.24166440963745 1.0740487575531
v 1.01058745384216 1.24579107761383 1.07303309440613
v 1.0036084651947 1.24331736564636 1.06856751441956
v 1.00602555274963 1.2386474609375 1.07025969028473
v 1.00032067298889 1.23644578456879 1.06748533248901
v 1.00875544548035 1.23425841331482 1.06883311271667
v 0.951013147830963 1.19488143920898 1.02200889587402
v 0.968442678451538 1.23768258094788 1.05350208282471
v 0.942528009414673 1.18891835212708 1.010049700737
v 0.956025958061218 1.19669568538666 1.00446546077728
v 0.961085379123688 1.20031714439392 1.01375317573547
v 0.943994104862213 1.19000816345215 0.994393229484558
v 0.934366464614868 1.18463277816772 0.994145393371582
v 0.924679517745972 1.17772018909454 0.990915060043335
v 0.927989661693573 1.18114566802979 0.993017613887787
v 0.921121716499329 1.17226958274841 0.987344205379486
v 0.955797255039215 1.19665813446045 0.992720603942871
v 1.00992202758789 1.25055801868439 1.06302881240845
v 1.01271271705627 1.24924838542938 1.05855190753937
v 0.923996269702911 1.1721363067627 1.00009298324585
v 0.91959536075592 1.16604816913605 0.996726214885712
v 0.950557291507721 1.22851550579071 0.995244562625885
v 0.915069103240967 1.21996700763702 1.02471697330475
v 0.909827470779419 1.2218097448349 1.02620220184326
v 0.901350736618042 1.22377443313599 1.02849698066711
v 0.891557335853577 1.22202801704407 1.03398823738098
v 0.912820756435394 1.16226732730865 1.00639772415161
v 0.882457315921783 1.18735754489899 0.979129552841187
v 0.875320792198181 1.18740165233612 0.985529959201813
v 0.896010994911194 1.1551296710968 1.00792372226715
v 1.01571273803711 1.24569690227509 1.05740892887115
v 0.956592917442322 1.23422336578369 1.0703010559082
v 0.958888292312622 1.23516345024109 1.06969237327576
v 0.957196474075317 1.22125601768494 0.977925360202789
v 0.966339707374573 1.2234799861908 0.979104042053223
v 0.974200665950775 1.2124091386795 0.983672916889191
v 0.965154528617859 1.20689833164215 0.982361376285553
v 0.960840404033661 1.21371841430664 0.977063715457916
v 0.969920575618744 1.21784019470215 0.979369103908539
v 0.907606780529022 1.21869289875031 1.01597166061401
v 0.903614461421967 1.21959555149078 1.01847076416016
v 0.893316924571991 1.20440888404846 1.0458801984787
v 0.888234078884125 1.21402478218079 1.04226040840149
v 0.985792994499207 1.22479200363159 1.03705585002899
v 0.985544562339783 1.21993482112885 1.04185485839844
v 0.980145156383514 1.21624875068665 1.03754353523254
v 0.9906165599823 1.22159242630005 1.0525484085083
v 0.977219998836517 1.23145651817322 1.05474090576172
v 0.972633957862854 1.23373365402222 1.0555727481842
v 0.920495986938477 1.22090578079224 1.008220911026
v 0.913719058036804 1.21962594985962 0.994692921638489
v 0.967704296112061 1.22504496574402 0.998775720596313
v 0.96172833442688 1.2259087562561 1.00046944618225
v 0.948151648044586 1.2347149848938 1.04766225814819
v 0.962425768375397 1.22219777107239 1.06921744346619
v 0.967554926872253 1.21861410140991 1.06477284431458
v 0.954613626003265 1.23740589618683 1.05268859863281
v 1.01819729804993 1.24188375473022 1.05899429321289
v 1.01903665065765 1.23820495605469 1.06269645690918
v 0.982521116733551 1.21763217449188 1.04866790771484
v 0.931848227977753 1.23676204681396 1.05748009681702
v 0.96069061756134 1.22862792015076 1.0706650018692
v 0.954200804233551 1.22414433956146 1.06972193717957
v 0.91000759601593 1.23326814174652 1.07198166847229
v 0.917909026145935 1.16845381259918 1.00991153717041
v 1.00269877910614 1.24682807922363 1.06356191635132
v 1.00872480869293 1.24954831600189 1.06855821609497
v 1.01484942436218 1.2381911277771 1.07228875160217
v 1.01718688011169 1.23660552501678 1.06785547733307
v 0.883779048919678 1.20886778831482 1.03338265419006
v 0.91892421245575 1.21939253807068 1.02360105514526
v 0.869495570659637 1.18548357486725 0.991683959960938
v 0.966393887996674 1.20256781578064 0.990992903709412
v 0.975889444351196 1.20921516418457 0.990700423717499
v 0.960795342922211 1.23875331878662 1.0580472946167
v 0.927645087242126 1.2236362695694 1.07372033596039
v 0.955349683761597 1.22469735145569 1.07424795627594
v 0.948794722557068 1.22214591503143 1.07717001438141
v 0.944756925106049 1.21935534477234 1.07245063781738
v 0.957524657249451 1.23028016090393 1.07328951358795
v 1.02252316474915 1.23965740203857 1.07145595550537
v 1.02007293701172 1.24116337299347 1.0756584405899
v 1.02457070350647 1.24134206771851 1.06641507148743
v 1.0229709148407 1.24485468864441 1.06263875961304
v 1.02002143859863 1.24812698364258 1.06102967262268
v 1.01777839660645 1.24434304237366 1.07713890075684
v 1.01547586917877 1.24796676635742 1.07601976394653
v 1.01317954063416 1.25133383274078 1.07159209251404
v 1.02199304103851 1.24703526496887 1.0802206993103
v 1.02515769004822 1.2444041967392 1.07914412021637
v 1.03413426876068 1.24846506118774 1.07264423370361
v 1.03464102745056 1.24727010726929 1.07574689388275
v 1.0318695306778 1.24530804157257 1.07416963577271
v 1.03016209602356 1.2445707321167 1.07066297531128
v 1.03708517551422 1.25140476226807 1.07567059993744
v 1.03777647018433 1.24955654144287 1.07851541042328
v 1.03312087059021 1.24625611305237 1.07927370071411
v 1.02992737293243 1.24425852298737 1.07649075984955
v 1.03655934333801 1.24851155281067 1.08243370056152
v 1.0337690114975 1.24944961071014 1.08501243591309
v 1.03053617477417 1.24740898609161 1.08183908462524
v 1.02838957309723 1.24532437324524 1.07911562919617
v 1.02720260620117 1.24237942695618 1.07459342479706
v 1.03904986381531 1.25342082977295 1.07949936389923
v 1.03852534294128 1.25404739379883 1.08448910713196
v 1.03912425041199 1.25093483924866 1.08475160598755
v 1.03965282440186 1.25120854377747 1.08082175254822
v 1.02753973007202 1.24750828742981 1.06628966331482
v 1.03194105625153 1.25092327594757 1.07033324241638
v 1.03508269786835 1.25394511222839 1.07418465614319
v 1.03691613674164 1.25593328475952 1.07850992679596
v 1.02959203720093 1.25411939620972 1.0697990655899
v 1.03289413452148 1.25635409355164 1.0743602514267
v 1.03432893753052 1.25762450695038 1.07820010185242
v 1.02708911895752 1.25660789012909 1.07134938240051
v 1.03087890148163 1.25792849063873 1.07591128349304
v 1.02432155609131 1.25061213970184 1.06457352638245
v 1.0209892988205 1.25319635868073 1.06545877456665
v 1.03244566917419 1.25820517539978 1.07838869094849
v 1.0363107919693 1.25628125667572 1.08347272872925
v 1.02794432640076 1.24833810329437 1.0831036567688
v 1.03139400482178 1.25113952159882 1.08599615097046
v 1.0258606672287 1.250319480896 1.08334541320801
v 1.0296745300293 1.25311613082886 1.08585703372955
v 1.03624820709229 1.2508852481842 1.08692979812622
v 1.03499662876129 1.25314402580261 1.08738613128662
v 1.01677930355072 1.25110387802124 1.06197023391724
v 1.01398468017578 1.2521733045578 1.06653153896332
v 1.01833295822144 1.25429773330688 1.06973075866699
v 1.02427577972412 1.25757765769958 1.07515585422516
v 1.0177366733551 1.25317001342773 1.07483863830566
v 1.0198380947113 1.25035786628723 1.07917213439941
v 1.02442038059235 1.25296008586884 1.0824636220932
v 1.02322721481323 1.25586152076721 1.07954335212708
v 1.02825117111206 1.25542664527893 1.08449733257294
v 1.02777028083801 1.25740659236908 1.08221054077148
v 1.02892851829529 1.25842225551605 1.07900536060333
v 1.0314679145813 1.25696730613708 1.08472084999084
v 1.03308582305908 1.25521636009216 1.0863915681839
v 1.0337587594986 1.25763750076294 1.082160115242
v 1.03154277801514 1.25830864906311 1.08087921142578
v 1.03038144111633 1.25783395767212 1.08292150497437
v 0.992531716823578 1.25039434432983 1.08315920829773
v 0.987890064716339 1.24727618694305 1.07789421081543
v 0.984395265579224 1.24853479862213 1.08119571208954
v 0.989036202430725 1.2513610124588 1.08680653572083
v 0.99770575761795 1.23796010017395 1.08499884605408
v 0.993091285228729 1.23457598686218 1.08089029788971
v 0.992559731006622 1.23939967155457 1.07777643203735
v 0.997107744216919 1.24317193031311 1.08219480514526
v 0.994515478610992 1.23572134971619 1.09013319015503
v 0.989930689334869 1.23223066329956 1.0860857963562
v 0.987694978713989 1.23109436035156 1.07559466362
v 0.977862656116486 1.22667479515076 1.06631112098694
v 0.977311849594116 1.23238837718964 1.06374216079712
v 0.987165868282318 1.23624515533447 1.07271909713745
v 0.965130209922791 1.2378134727478 1.07460176944733
v 0.965181767940521 1.24038326740265 1.069859623909
v 0.990559458732605 1.24394345283508 1.07713830471039
v 0.995186924934387 1.2475643157959 1.08176016807556
v 0.975032806396484 1.24193453788757 1.08383595943451
v 0.98105800151825 1.2445981502533 1.09007906913757
v 0.981905519962311 1.24761295318604 1.08578824996948
v 0.975786149501801 1.24503457546234 1.07947897911072
v 0.968230962753296 1.24091780185699 1.06475138664246
v 0.972867250442505 1.24006378650665 1.06116366386414
v 0.975975275039673 1.23676037788391 1.06162059307098
v 0.976435601711273 1.23682069778442 1.08659648895264
v 0.967327833175659 1.23212647438049 1.07747578620911
v 0.970578968524933 1.22610580921173 1.07648229598999
v 0.979911863803864 1.2314909696579 1.08564639091492
v 0.985210955142975 1.24095511436462 1.0712468624115
v 0.978477716445923 1.24574792385101 1.07463765144348
v 0.982343673706055 1.24457192420959 1.07143354415894
v 0.984337329864502 1.22884440422058 1.08090710639954
v 0.985513865947723 1.23501145839691 1.09082043170929
v 0.994674444198608 1.24617743492126 1.10227942466736
v 0.993128836154938 1.25057518482208 1.1017324924469
v 0.986081182956696 1.24725389480591 1.09540629386902
v 0.987721621990204 1.24269676208496 1.09671545028687
v 0.982512235641479 1.24000358581543 1.09206652641296
v 0.99052882194519 1.238041639328 1.09487128257751
v 0.995891153812408 1.25557804107666 1.09465086460114
v 0.999013900756836 1.25478458404541 1.09040927886963
v 1.00166404247284 1.25235772132874 1.0886447429657
v 0.97520112991333 1.22301185131073 1.07203435897827
v 1.00321173667908 1.24819278717041 1.08888125419617
v 1.00382518768311 1.24286079406738 1.09109711647034
v 0.986699223518372 1.25046408176422 1.09147977828979
v 0.993376851081848 1.2542769908905 1.09862077236176
v 0.997036218643188 1.24228036403656 1.10033178329468
v 1.00065612792969 1.24010670185089 1.09584856033325
v 1.00580048561096 1.24421656131744 1.10114479064941
v 1.00224685668945 1.24594795703888 1.10512375831604
v 1.00902986526489 1.24647688865662 1.09665298461914
v 1.00795149803162 1.25112593173981 1.09396600723267
v 1.00587439537048 1.25462293624878 1.09344112873077
v 1.00011682510376 1.24905836582184 1.10673689842224
v 0.998380482196808 1.25274753570557 1.10614371299744
v 0.997888267040253 1.25621056556702 1.10290312767029
v 1.00487160682678 1.25196552276611 1.11135363578796
v 1.00773143768311 1.24951148033142 1.11071622371674
v 1.02104210853577 1.25649440288544 1.1102682352066
v 1.02121186256409 1.25412499904633 1.11272716522217
v 1.01786971092224 1.25215625762939 1.10912609100342
v 1.01805138587952 1.25352513790131 1.10612177848816
v 1.01531910896301 1.250244140625 1.1070910692215
v 1.01424717903137 1.24976229667664 1.10289359092712
v 1.0166003704071 1.25105333328247 1.11271572113037
v 1.01310861110687 1.24955642223358 1.10929393768311
v 1.01972103118896 1.252570271492 1.11677074432373
v 1.01658844947815 1.25355434417725 1.11881422996521
v 1.01310801506042 1.2518904209137 1.11423850059509
v 1.01100790500641 1.25042963027954 1.11143112182617
v 1.0232093334198 1.25818455219269 1.11508345603943
v 1.02349197864532 1.25560081005096 1.11581945419312
v 1.01042056083679 1.24745047092438 1.1063334941864
v 1.01201605796814 1.25331234931946 1.09878993034363
v 1.01643121242523 1.25649380683899 1.10390186309814
v 1.01984405517578 1.25928902626038 1.10923385620117
v 1.02157974243164 1.2608391046524 1.11425232887268
v 1.01410746574402 1.2597439289093 1.10321021080017
v 1.01783061027527 1.26178300380707 1.10887789726257
v 1.01904821395874 1.26248788833618 1.11353409290314
v 1.01111054420471 1.26210498809814 1.10473382472992
v 1.01517248153687 1.2634265422821 1.1102706193924
v 1.00931704044342 1.25675749778748 1.09761214256287
v 1.00615382194519 1.25887608528137 1.09881114959717
v 1.01694178581238 1.26316237449646 1.11335158348083
v 1.02063226699829 1.26041233539581 1.11886072158813
v 1.02258992195129 1.25790977478027 1.12011909484863
v 1.02318847179413 1.2544207572937 1.12027251720428
v 1.01110780239105 1.25321352481842 1.11495423316956
v 1.01501476764679 1.2556517124176 1.11906909942627
v 1.0092921257019 1.25481832027435 1.11589550971985
v 1.01359713077545 1.25732493400574 1.11945176124573
v 1.0195277929306 1.25485503673553 1.12179255485535
v 1.01878809928894 1.25701868534088 1.12181258201599
v 1.00301194190979 1.25686955451965 1.09510445594788
v 0.999953329563141 1.25751125812531 1.098708152771
v 1.00308299064636 1.25955808162689 1.10228276252747
v 1.00803530216217 1.26242792606354 1.1083562374115
v 1.00136804580688 1.25801193714142 1.10667014122009
v 1.00264883041382 1.25486505031586 1.11043071746826
v 1.00750398635864 1.25722026824951 1.11498141288757
v 1.00657308101654 1.26018249988556 1.11226451396942
v 1.01210188865662 1.25917112827301 1.11818432807922
v 1.01135993003845 1.26151621341705 1.11614727973938
v 1.01249957084656 1.26343727111816 1.11312556266785
v 1.01565337181091 1.26080274581909 1.11936545372009
v 1.01738607883453 1.25922799110413 1.12102484703064
v 1.01792824268341 1.26189601421356 1.11724638938904
v 1.01565051078796 1.2629930973053 1.11568450927734
v 1.01420021057129 1.26191449165344 1.11749958992004
v 0.968863546848297 1.24861395359039 1.09295392036438
v 0.965791046619415 1.24593377113342 1.08880352973938
v 0.961469829082489 1.24809622764587 1.09022295475006
v 0.9648078083992 1.25089275836945 1.09485268592834
v 0.97183620929718 1.23775815963745 1.0977383852005
v 0.968452155590057 1.23402309417725 1.09262728691101
v 0.969604074954987 1.23800718784332 1.09056448936462
v 0.972718894481659 1.24101722240448 1.09546494483948
v 0.968397498130798 1.23665726184845 1.1010901927948
v 0.964233338832855 1.23275005817413 1.09609508514404
v 0.964771807193756 1.2309433221817 1.08732080459595
v 0.959048807621002 1.22736608982086 1.07994723320007
v 0.960239231586456 1.23268342018127 1.07785367965698
v 0.966212153434753 1.23564028739929 1.08526909351349
v 0.968608379364014 1.2422080039978 1.08926022052765
v 0.971869170665741 1.24487471580505 1.09389448165894
v 0.951365768909454 1.24352300167084 1.09037375450134
v 0.955815851688385 1.24581122398376 1.09628391265869
v 0.957774460315704 1.24787354469299 1.09318816661835
v 0.953377306461334 1.24539470672607 1.0872437953949
v 0.950020551681519 1.24183237552643 1.07508015632629
v 0.955129742622375 1.24051773548126 1.07415807247162
v 0.95850282907486 1.23735070228577 1.07574248313904
v 0.951554894447327 1.23890018463135 1.09327077865601
v 0.944887161254883 1.23516964912415 1.08390724658966
v 0.947809994220734 1.22926723957062 1.08524656295776
v 0.954614818096161 1.23291015625 1.09346866607666
v 0.965062737464905 1.24032783508301 1.08402180671692
v 0.957253932952881 1.24613654613495 1.08439528942108
v 0.961952447891235 1.24410653114319 1.08325159549713
v 0.959878921508789 1.2295743227005 1.09066653251648
v 0.959148108959198 1.23597836494446 1.09858512878418
v 0.967142283916473 1.24736475944519 1.11100256443024
v 0.965952336788177 1.25137174129486 1.10957956314087
v 0.959383428096771 1.24833977222443 1.10171270370483
v 0.960373401641846 1.2439216375351 1.10379123687744
v 0.955918371677399 1.24151527881622 1.09874105453491
v 0.963838815689087 1.23927736282349 1.1035441160202
v 0.970066785812378 1.2545211315155 1.10222673416138
v 0.973988056182861 1.25288605690002 1.09994411468506
v 0.976557850837708 1.24924576282501 1.10046863555908
v 0.953924000263214 1.22546422481537 1.08330845832825
v 0.94421660900116 1.23979949951172 1.08090782165527
v 0.977560341358185 1.24599730968475 1.10197961330414
v 0.977183759212494 1.24294376373291 1.10433459281921
v 0.961135864257812 1.25048136711121 1.09821844100952
v 0.966731131076813 1.25391507148743 1.10592579841614
v 0.97012335062027 1.24346566200256 1.11032462120056
v 0.974054992198944 1.2412576675415 1.10764694213867
v 0.978194832801819 1.2446357011795 1.11247801780701
v 0.974199235439301 1.24625325202942 1.11531901359558
v 0.981497943401337 1.24627602100372 1.1092700958252
v 0.981314957141876 1.24935162067413 1.10678935050964
v 0.979879796504974 1.25219488143921 1.10505151748657
v 0.971484184265137 1.24995803833008 1.11576819419861
v 0.970485210418701 1.25334143638611 1.11436772346497
v 0.970495462417603 1.25571835041046 1.11040019989014
v 0.974369704723358 1.25217843055725 1.11960744857788
v 0.977936208248138 1.24938941001892 1.11958336830139
v 0.991567492485046 1.25542569160461 1.1209465265274
v 0.990973651409149 1.25410413742065 1.122882604599
v 0.988081574440002 1.25241339206696 1.11931371688843
v 0.988993108272552 1.25309932231903 1.11725974082947
v 0.985969603061676 1.25033354759216 1.11720728874207
v 0.985247910022736 1.24934959411621 1.11403584480286
v 0.985958218574524 1.25087559223175 1.12218117713928
v 0.983551681041718 1.24921798706055 1.11890840530396
v 0.988650143146515 1.25272345542908 1.12596964836121
v 0.984837532043457 1.25389623641968 1.12727117538452
v 0.982292115688324 1.2521561384201 1.12334799766541
v 0.980986416339874 1.25004553794861 1.12065994739532
v 0.992962121963501 1.25701248645782 1.12509548664093
v 0.992531836032867 1.25521516799927 1.12583482265472
v 0.981353998184204 1.24753999710083 1.11626410484314
v 0.984428524971008 1.25177896022797 1.11069667339325
v 0.988148987293243 1.25515520572662 1.1150267124176
v 0.99086731672287 1.25769519805908 1.11925446987152
v 0.99164342880249 1.25942540168762 1.12343573570251
v 0.986224114894867 1.25765025615692 1.11368370056152
v 0.988877654075623 1.25984239578247 1.11830544471741
v 0.989484846591949 1.26110446453094 1.1219630241394
v 0.983573257923126 1.25984692573547 1.11339974403381
v 0.986547946929932 1.26150465011597 1.11834335327148
v 0.982561469078064 1.25457525253296 1.10896229743958
v 0.979608595371246 1.25686526298523 1.10830748081207
v 0.987596452236176 1.26178753376007 1.12123727798462
v 0.98930150270462 1.25998330116272 1.12752985954285
v 0.990877091884613 1.25728297233582 1.12919616699219
v 0.990978181362152 1.25441980361938 1.12921869754791
v 0.97965794801712 1.25310039520264 1.12385678291321
v 0.982686877250671 1.25551855564117 1.12742280960083
v 0.977618455886841 1.25510716438293 1.123286485672
v 0.981317222118378 1.25746560096741 1.12682628631592
v 0.987335622310638 1.2549192905426 1.12971305847168
v 0.986376106739044 1.25668692588806 1.12982535362244
v 0.977132081985474 1.25478100776672 1.1045446395874
v 0.973384976387024 1.25614833831787 1.10648012161255
v 0.97618693113327 1.25794506072998 1.11002421379089
v 0.980246305465698 1.26078963279724 1.11556458473206
v 0.973296582698822 1.2572808265686 1.11375212669373
v 0.973226368427277 1.25501561164856 1.11748790740967
v 0.976740062236786 1.25753092765808 1.12154006958008
v 0.977333068847656 1.25964713096619 1.11858487129211
v 0.980672717094421 1.25955641269684 1.12510311603546
v 0.981154084205627 1.26132166385651 1.12270784378052
v 0.983569145202637 1.26220393180847 1.12013280391693
v 0.984020173549652 1.26069962978363 1.12652325630188
v 0.98499584197998 1.25879561901093 1.12858295440674
v 0.987515866756439 1.2614586353302 1.12511992454529
v 0.985813796520233 1.26215136051178 1.12300562858582
v 0.98358952999115 1.26177024841309 1.12446105480194
v 0.946182250976562 1.24107813835144 1.07760310173035
v 0.935179233551025 1.24607980251312 1.09527456760406
v 0.933726906776428 1.24382591247559 1.09099066257477
v 0.93002849817276 1.24528276920319 1.09149360656738
v 0.931406021118164 1.24754524230957 1.09573173522949
v 0.935945570468903 1.2367570400238 1.10098361968994
v 0.934346199035645 1.23357331752777 1.09642767906189
v 0.936616897583008 1.23690533638 1.09383296966553
v 0.938267052173615 1.23970127105713 1.09848260879517
v 0.931174516677856 1.23616623878479 1.10315132141113
v 0.929144561290741 1.23291897773743 1.09860825538635
v 0.932262599468231 1.23091661930084 1.0905157327652
v 0.929323196411133 1.22670912742615 1.08093678951263
v 0.931872606277466 1.23171663284302 1.07945680618286
v 0.934585511684418 1.23458647727966 1.08801031112671
v 0.913884162902832 1.23547387123108 1.07571887969971
v 0.917099475860596 1.23827075958252 1.08136749267578
v 0.920554041862488 1.24028611183167 1.07943725585938
v 0.916882932186127 1.23802661895752 1.07269382476807
v 0.936252772808075 1.24073815345764 1.09183931350708
v 0.937680602073669 1.24319076538086 1.09645295143127
v 0.921036064624786 1.24147033691406 1.0898916721344
v 0.923211693763733 1.24355256557465 1.09523129463196
v 0.92633318901062 1.24524319171906 1.09307289123535
v 0.924336910247803 1.24350666999817 1.0879065990448
v 0.921834528446198 1.23917388916016 1.07118761539459
v 0.9246786236763 1.24082827568054 1.07814383506775
v 0.928416848182678 1.2393524646759 1.07743155956268
v 0.927207767963409 1.23901164531708 1.07078576087952
v 0.931015729904175 1.23674261569977 1.07820963859558
v 0.919701337814331 1.2376275062561 1.09191346168518
v 0.915685474872589 1.2344286441803 1.08313131332397
v 0.916608095169067 1.22898471355438 1.0841691493988
v 0.921581566333771 1.23305225372314 1.09338092803955
v 0.934209227561951 1.23874533176422 1.08653092384338
v 0.928056478500366 1.24358010292053 1.08644509315491
v 0.93166846036911 1.24182724952698 1.08580255508423
v 0.926949024200439 1.22975945472717 1.09260094165802
v 0.924279928207397 1.23584818840027 1.09897685050964
v 0.926322519779205 1.24579834938049 1.10786807537079
v 0.926826059818268 1.24853920936584 1.10573506355286
v 0.924771189689636 1.24586248397827 1.09981513023376
v 0.923871159553528 1.24253940582275 1.1021876335144
v 0.922081410884857 1.2400062084198 1.09756922721863
v 0.926180005073547 1.23870611190796 1.1035361289978
v 0.933259129524231 1.25039172172546 1.10133671760559
v 0.937188565731049 1.2491888999939 1.10106682777405
v 0.939605474472046 1.24645888805389 1.10207319259644
v 0.923054754734039 1.22446846961975 1.08312177658081
v 0.940314471721649 1.24349510669708 1.10415530204773
v 0.938364386558533 1.24087834358215 1.10651731491089
v 0.927710711956024 1.24750709533691 1.09741222858429
v 0.929592549800873 1.25022375583649 1.1032520532608
v 0.928753435611725 1.24251508712769 1.10910844802856
v 0.933614909648895 1.24019610881805 1.10842943191528
v 0.935759127140045 1.24287903308868 1.11306011676788
v 0.930917680263519 1.24501752853394 1.11381530761719
v 0.94020539522171 1.24366688728333 1.11080384254456
v 0.94185608625412 1.24609005451202 1.10830867290497
v 0.940641105175018 1.24872601032257 1.10602915287018
v 0.928349912166595 1.24835407733917 1.11210179328918
v 0.928901135921478 1.25041007995605 1.10986709594727
v 0.931100249290466 1.25142407417297 1.10715866088867
v 0.930618941783905 1.25040459632874 1.11629283428192
v 0.933445692062378 1.24755573272705 1.11827683448792
v 0.946118056774139 1.25209307670593 1.12084436416626
v 0.944840908050537 1.25064182281494 1.12206816673279
v 0.943254232406616 1.24912762641907 1.11932778358459
v 0.944747745990753 1.24983048439026 1.11756467819214
v 0.941702902317047 1.24726510047913 1.11741280555725
v 0.941960334777832 1.24644315242767 1.11473643779755
v 0.940470218658447 1.24815058708191 1.12125325202942
v 0.938865423202515 1.24668550491333 1.11847043037415
v 0.942016005516052 1.24979567527771 1.12466073036194
v 0.938138902187347 1.25182175636292 1.12532377243042
v 0.936574041843414 1.24981188774109 1.12236595153809
v 0.936064183712006 1.24784278869629 1.11989641189575
v 0.946277022361755 1.25373792648315 1.12437438964844
v 0.945673644542694 1.25188529491425 1.12476801872253
v 0.937509119510651 1.24512434005737 1.11627197265625
v 0.943182826042175 1.24819874763489 1.11185956001282
v 0.945122718811035 1.25112748146057 1.11565852165222
v 0.946571826934814 1.25412464141846 1.11989963054657
v 0.945673942565918 1.25601923465729 1.12348663806915
v 0.94392204284668 1.25305807590485 1.11404514312744
v 0.944957077503204 1.25568842887878 1.1183500289917
v 0.944147825241089 1.25718677043915 1.12148880958557
v 0.941493988037109 1.25444364547729 1.11261701583862
v 0.942907154560089 1.25669479370117 1.11722981929779
v 0.942087292671204 1.25032007694244 1.10959720611572
v 0.939566910266876 1.25187873840332 1.10802721977234
v 0.943171918392181 1.25761699676514 1.12010955810547
v 0.942913293838501 1.2566591501236 1.12562131881714
v 0.943347156047821 1.25452375411987 1.12715983390808
v 0.943192839622498 1.25169837474823 1.12743473052979
v 0.934319317340851 1.25117790699005 1.12204015254974
v 0.936480462551117 1.25372111797333 1.12519991397858
v 0.932887315750122 1.25298404693604 1.12013745307922
v 0.93610006570816 1.25565767288208 1.12382674217224
v 0.939907431602478 1.25276446342468 1.12749755382538
v 0.939558148384094 1.25472474098206 1.12717664241791
v 0.938308000564575 1.25092363357544 1.10501146316528
v 0.934967517852783 1.25192666053772 1.10536551475525
v 0.936098217964172 1.25324153900146 1.10833704471588
v 0.938313543796539 1.25556623935699 1.11273074150085
v 0.932721316814423 1.25317764282227 1.11057257652283
v 0.93055921792984 1.25211524963379 1.11335277557373
v 0.933253884315491 1.25470864772797 1.11774790287018
v 0.935012698173523 1.25572061538696 1.11489009857178
v 0.936542332172394 1.25701498985291 1.12157583236694
v 0.937956392765045 1.25764465332031 1.11923837661743
v 0.940447390079498 1.25756502151489 1.1174738407135
v 0.93971198797226 1.25777697563171 1.12350130081177
v 0.939484238624573 1.25672769546509 1.12566709518433
v 0.942313194274902 1.25777804851532 1.12339377403259
v 0.941671848297119 1.25805115699768 1.12098503112793
v 0.939913868904114 1.25808620452881 1.1215626001358
v 0.913040161132812 1.23247241973877 1.07804942131042
v 0.984185874462128 1.21694207191467 0.996990978717804
v 0.981552243232727 1.22057151794434 0.999985635280609
v 0.976026117801666 1.22956252098083 0.996797025203705
v 0.97461324930191 1.23200714588165 0.990512788295746
v 0.975133657455444 1.23085010051727 0.983797907829285
v 0.977641224861145 1.22688949108124 0.98066121339798
v 0.981311082839966 1.2223938703537 0.980813503265381
v 0.978872656822205 1.2250816822052 1.00039768218994
v 0.985707998275757 1.21471893787384 0.991342604160309
v 0.984473705291748 1.21722793579102 0.984538614749908
v 0.993846952915192 1.22193419933319 0.984994471073151
v 0.994503736495972 1.21897709369659 0.991678714752197
v 0.99059671163559 1.22674322128296 0.980629086494446
v 0.98625659942627 1.23119425773621 0.980281829833984
v 0.982097625732422 1.23434817790985 0.983516156673431
v 0.992057383060455 1.22056555747986 0.997346580028534
v 0.988426685333252 1.22379624843597 1.00060153007507
v 0.984512329101562 1.22847628593445 1.00024628639221
v 0.999924421310425 1.22387719154358 0.997405469417572
v 1.00496363639832 1.2239236831665 0.992407560348511
v 1.00939857959747 1.23710560798645 0.981519222259521
v 1.01196932792664 1.23344826698303 0.981747031211853
v 1.00773859024048 1.23191714286804 0.981585919857025
v 1.00470018386841 1.23519587516785 0.980708360671997
v 1.00508141517639 1.23036313056946 0.9827561378479
v 1.00037026405334 1.23110580444336 0.981514930725098
v 1.01082503795624 1.22775292396545 0.985097169876099
v 1.00741815567017 1.22741949558258 0.986000239849091
v 1.01217579841614 1.22572231292725 0.990552604198456
v 1.00907957553864 1.22514450550079 0.989477276802063
v 1.01533222198486 1.22893261909485 0.984637856483459
v 1.01554298400879 1.23439145088196 0.982663452625275
v 1.01817810535431 1.23142850399017 0.985446393489838
v 1.01440644264221 1.23738574981689 0.983495593070984
v 1.00301384925842 1.22607851028442 0.986020386219025
v 0.99407970905304 1.23495209217072 0.980873346328735
v 1.00099396705627 1.23845064640045 0.981418430805206
v 1.00705099105835 1.24025464057922 0.983098924160004
v 1.01225101947784 1.24003219604492 0.98619282245636
v 0.997578084468842 1.24111866950989 0.985250771045685
v 1.00473713874817 1.24183404445648 0.987319707870483
v 1.00964546203613 1.24084138870239 0.989507377147675
v 0.995637714862823 1.24093103408813 0.99083799123764
v 1.00352454185486 1.24120354652405 0.991501748561859
v 0.98865669965744 1.23781967163086 0.983865439891815
v 0.98577219247818 1.2379401922226 0.989877462387085
v 1.00787723064423 1.24059462547302 0.991909742355347
v 1.0157276391983 1.23732888698578 0.990408778190613
v 1.01846075057983 1.23502779006958 0.987631380558014
v 1.01059579849243 1.22589147090912 0.994573414325714
v 1.01605319976807 1.22702121734619 0.98995566368103
v 1.01497459411621 1.22810792922974 0.99415910243988
v 1.0071337223053 1.22709941864014 0.997979402542114
v 1.01252579689026 1.23038649559021 0.997032344341278
v 1.01872766017914 1.22905826568604 0.989138960838318
v 1.01816487312317 1.23107445240021 0.992040753364563
v 0.980128705501556 1.23491024971008 0.989931166172028
v 0.981275856494904 1.23290061950684 0.996212542057037
v 0.986814558506012 1.23523676395416 0.996137499809265
v 0.996245384216309 1.23790311813354 0.996605098247528
v 0.990732371807098 1.23091244697571 1.00030207633972
v 0.995599985122681 1.22634530067444 1.00060844421387
v 1.0036529302597 1.22983431816101 0.999957203865051
v 0.999502003192902 1.23388659954071 1.00005960464478
v 1.00952768325806 1.23303949832916 0.998130559921265
v 1.00660991668701 1.23578810691833 0.997668266296387
v 1.00444054603577 1.2389577627182 0.995286345481873
v 1.01234745979309 1.23566281795502 0.995619118213654
v 1.01567602157593 1.23373556137085 0.994412839412689
v 1.01229786872864 1.23842573165894 0.992387354373932
v 1.00912296772003 1.23880422115326 0.993910789489746
v 1.00974440574646 1.23677325248718 0.995852768421173
v 0.912862956523895 1.23701047897339 1.06738710403442
v 0.918696582317352 1.2380805015564 1.06472158432007
v 0.913741528987885 1.23551440238953 1.05876541137695
v 0.9078688621521 1.23253488540649 1.05193519592285
v 0.898480594158173 1.22761833667755 1.04992651939392
v 0.914003372192383 1.23162233829498 1.04869341850281
v 0.919577956199646 1.23500955104828 1.0556161403656
v 0.926182746887207 1.23805689811707 1.06312048435211
v 0.914820373058319 1.22752737998962 1.04068160057068
v 1.21466410160065 1.27237868309021 0.853723764419556
v 1.21132147312164 1.26953220367432 0.853684902191162
v 1.20905137062073 1.26359164714813 0.850110411643982
v 1.21113157272339 1.26519417762756 0.848197460174561
v 1.21402561664581 1.26709675788879 0.847044706344604
v 1.21768021583557 1.26823115348816 0.845628619194031
v 1.22448480129242 1.27332735061646 0.849653005599976
v 1.2191686630249 1.27351379394531 0.851203978061676
v 1.23296129703522 1.26791942119598 0.843586444854736
v 1.23141980171204 1.26873230934143 0.845373272895813
v 1.23198306560516 1.26773166656494 0.842863321304321
v 1.2258528470993 1.26839089393616 0.843697130680084
v 1.22966229915619 1.26789224147797 0.843534469604492
v 1.20750796794891 1.26434981822968 0.854079306125641
v 1.20662927627563 1.26265621185303 0.853996634483337
v 1.20914494991302 1.26704895496368 0.854295194149017
v 1.22176742553711 1.26877737045288 0.844522953033447
v 1.20672416687012 1.2618715763092 0.853249430656433
v 1.20763444900513 1.26222717761993 0.851918578147888
v 1.22878348827362 1.27112174034119 0.847493648529053
v 1.21425569057465 1.26825666427612 0.848922967910767
v 1.2179502248764 1.26959013938904 0.84740537405014
v 1.22317051887512 1.27190971374512 0.848021268844604
v 1.21844887733459 1.27154350280762 0.849465727806091
v 1.22587859630585 1.26939916610718 0.844704329967499
v 1.2283478975296 1.26868677139282 0.844367682933807
v 1.2114931344986 1.26623368263245 0.849733471870422
v 1.22215592861176 1.27019107341766 0.846247434616089
v 1.21430945396423 1.26948380470276 0.850284218788147
v 1.22906279563904 1.26932156085968 0.845406174659729
v 1.22704195976257 1.27051496505737 0.845996022224426
v 1.20737636089325 1.26352620124817 0.854246258735657
v 1.20748090744019 1.26286673545837 0.853318393230438
v 1.22060585021973 1.08667647838593 0.68297016620636
v 1.21968173980713 1.0805242061615 0.666504979133606
v 1.21153748035431 1.26760959625244 0.851799488067627
v 1.208340883255 1.26349711418152 0.852452397346497
v 1.20971584320068 1.26477313041687 0.851384341716766
v 1.20967090129852 1.26570725440979 0.852624356746674
v 1.2082234621048 1.26415812969208 0.853288054466248
v 0.956306934356689 1.06106758117676 0.815603613853455
v 0.951964497566223 1.05614066123962 0.798592925071716
v 0.961140513420105 1.02659451961517 0.857296645641327
v 0.96344792842865 1.00521099567413 0.855434358119965
v 1.1377454996109 0.874971330165863 0.438640505075455
v 1.09306228160858 0.827329576015472 0.643075585365295
v 1.09305024147034 0.837717175483704 0.656785607337952
v 1.16905605792999 0.818243265151978 0.670255362987518
v 1.14885902404785 0.818096876144409 0.668147206306458
v 1.06360626220703 0.889205813407898 0.552082538604736
v 1.06153440475464 0.872843563556671 0.538995087146759
v 1.10200774669647 0.909284889698029 0.49595445394516
v 1.10106182098389 0.887392997741699 0.481090515851974
v 1.06834495067596 0.860498905181885 0.503361642360687
v 1.11975467205048 0.794398128986359 0.637861311435699
v 1.12491083145142 0.806396961212158 0.648712754249573
v 1.10639774799347 0.810571551322937 0.641044616699219
v 1.10054647922516 0.798445522785187 0.631155967712402
v 1.18576991558075 0.806308746337891 0.651461005210876
v 1.18865692615509 0.820466041564941 0.667104125022888
v 1.05766904354095 0.894510209560394 0.587509870529175
v 1.05817985534668 0.880681097507477 0.611107349395752
v 1.07669937610626 0.856992244720459 0.652010858058929
v 1.09289932250977 0.850496709346771 0.668146014213562
v 1.13151466846466 0.846768260002136 0.690819978713989
v 1.11142373085022 0.847845196723938 0.680806636810303
v 1.1189866065979 0.93714714050293 0.496791303157806
v 1.14025282859802 0.959245920181274 0.502577722072601
v 1.06436657905579 0.906916379928589 0.564660966396332
v 1.18404185771942 0.941462934017181 0.471100836992264
v 1.17559266090393 0.859970211982727 0.71749210357666
v 1.15244877338409 0.860120296478271 0.714901804924011
v 1.06461834907532 0.867641270160675 0.632689654827118
v 1.19824516773224 1.06649422645569 0.622846722602844
v 1.19600892066956 1.06000542640686 0.604909002780914
v 1.17833685874939 1.06523633003235 0.609703063964844
v 1.17985236644745 1.07057523727417 0.628205418586731
v 1.16118252277374 1.06791961193085 0.614731907844543
v 1.14484572410583 1.06858730316162 0.620572209358215
v 1.13008975982666 1.06766474246979 0.626704692840576
v 1.09530389308929 1.05716955661774 0.643862903118134
v 1.10547912120819 1.06196975708008 0.638580322265625
v 1.07990682125092 1.04352259635925 0.653622210025787
v 1.08693075180054 1.05147099494934 0.649179697036743
v 1.0733368396759 1.03033566474915 0.653225779533386
v 1.0681471824646 1.01347529888153 0.652652144432068
v 1.06334495544434 0.994881629943848 0.653790950775146
v 1.06584429740906 1.00056266784668 0.671826720237732
v 1.06732964515686 1.00792145729065 0.633981823921204
v 1.0728018283844 1.02480459213257 0.634196519851685
v 1.07930862903595 1.03780484199524 0.632575154304504
v 1.20613598823547 1.0308290719986 0.564945459365845
v 1.20119023323059 1.01353549957275 0.546552002429962
v 1.22213613986969 1.09329092502594 0.697899103164673
v 0.797573685646057 1.05581426620483 0.907498598098755
v 0.901998519897461 1.13932704925537 0.961655378341675
v 1.2095240354538 0.995498955249786 0.83088630437851
v 1.22468340396881 0.994092404842377 0.825910687446594
v 1.23457729816437 0.983870506286621 0.816705644130707
v 1.23602199554443 0.994241297245026 0.821712613105774
v 1.14967262744904 1.03160488605499 0.842857420444489
v 1.16008055210114 1.01113486289978 0.841698408126831
v 1.17568075656891 0.99666291475296 0.836966633796692
v 1.19232940673828 0.98846822977066 0.831886231899261
v 1.07704794406891 0.934857070446014 0.556028842926025
v 1.2050689458847 0.963416397571564 0.813738405704498
v 1.19008147716522 0.977918982505798 0.827356100082397
v 1.17166972160339 0.984946668148041 0.833739161491394
v 1.1541553735733 0.999261200428009 0.837466955184937
v 1.13934063911438 1.02078294754028 0.840318322181702
v 1.125972032547 1.02531361579895 0.838268756866455
v 1.10350811481476 1.01064085960388 0.834578216075897
v 1.09201693534851 1.01412999629974 0.834126532077789
v 1.09181392192841 1.03276193141937 0.838969528675079
v 1.078617811203 1.03461503982544 0.844341278076172
v 1.07952880859375 1.01617562770844 0.838451862335205
v 0.995444536209106 1.00129234790802 0.850359559059143
v 0.981206774711609 0.994221448898315 0.846663773059845
v 0.97180962562561 0.984101176261902 0.839856386184692
v 0.965253114700317 0.974750757217407 0.830319285392761
v 0.96395480632782 0.967732608318329 0.819181144237518
v 0.967854499816895 0.962540626525879 0.807263195514679
v 0.977976441383362 0.961001396179199 0.795506119728088
v 1.01733040809631 0.96736067533493 0.771195650100708
v 1.03224396705627 0.96712464094162 0.765438914299011
v 1.06096625328064 0.946670532226562 0.749628007411957
v 1.06524038314819 0.938330948352814 0.746773838996887
v 1.08721172809601 0.896532237529755 0.721131920814514
v 1.07826924324036 0.909990787506104 0.730745851993561
v 1.09564888477325 0.884002208709717 0.71271139383316
v 1.09106540679932 0.718061745166779 0.620874881744385
v 1.09746921062469 0.734774053096771 0.617476522922516
v 1.07783341407776 0.741666316986084 0.610521256923676
v 1.07148337364197 0.724819302558899 0.611886978149414
v 1.17256700992584 0.755180537700653 0.615499079227448
v 1.15030074119568 0.758411824703217 0.620092749595642
v 1.02756321430206 0.765210211277008 0.530571043491364
v 1.03266704082489 0.760330259799957 0.558652102947235
v 1.04380440711975 0.754286289215088 0.581607758998871
v 1.05921268463135 0.747813999652863 0.598344326019287
v 1.03011167049408 0.766583502292633 0.502045691013336
v 1.10573279857635 0.745027542114258 0.399997234344482
v 1.08705079555511 0.74967885017395 0.415598630905151
v 1.16396474838257 0.732567846775055 0.375338017940521
v 1.1451119184494 0.736658215522766 0.379842340946198
v 1.03812110424042 0.763905107975006 0.475463330745697
v 1.12553310394287 0.74094569683075 0.38775160908699
v 1.06896722316742 0.754443287849426 0.432933837175369
v 1.05137348175049 0.759472608566284 0.452634394168854
v 1.1042240858078 0.750532031059265 0.617097318172455
v 1.12408900260925 0.745919823646545 0.619548380374908
v 1.12967169284821 0.76244044303894 0.621585845947266
v 1.18972992897034 0.894660234451294 0.762558937072754
v 1.17020761966705 0.898193359375 0.76674485206604
v 1.15103483200073 0.902129054069519 0.771481394767761
v 1.13969945907593 0.915782034397125 0.787818074226379
v 1.12603580951691 0.924387753009796 0.790592074394226
v 1.11885619163513 0.916376650333405 0.77978527545929
v 1.13318932056427 0.907533466815948 0.776491343975067
v 1.10005211830139 0.947872996330261 0.789158284664154
v 1.08832621574402 0.956448554992676 0.788875818252563
v 1.08442044258118 0.951084434986115 0.780341327190399
v 1.09568190574646 0.941613793373108 0.779669165611267
v 1.07335662841797 0.957381963729858 0.781645357608795
v 1.06240677833557 0.962621808052063 0.783221006393433
v 1.05103540420532 0.966385841369629 0.785911321640015
v 1.0381293296814 0.967987358570099 0.791349053382874
v 1.04512333869934 0.974601686000824 0.812042891979218
v 1.05742752552032 0.974387764930725 0.807500958442688
v 1.10397493839264 0.956034123897552 0.79804128408432
v 1.11765098571777 0.94627183675766 0.798863410949707
v 1.19627594947815 0.917989671230316 0.781932711601257
v 1.21240079402924 0.918130815029144 0.774999737739563
v 1.05948555469513 0.978276312351227 0.663092851638794
v 1.05567705631256 0.961831867694855 0.675003886222839
v 1.05491840839386 0.948013186454773 0.68775749206543
v 1.05608868598938 0.937121689319611 0.700425386428833
v 1.05877220630646 0.929197371006012 0.713424146175385
v 1.06485521793365 0.923294305801392 0.725700855255127
v 1.07318735122681 0.919964849948883 0.737342417240143
v 1.06908631324768 0.929525434970856 0.742603242397308
v 1.08163595199585 0.919073700904846 0.748469829559326
v 1.07631266117096 0.929369807243347 0.752182066440582
v 1.09042298793793 0.920522570610046 0.759872615337372
v 1.09933018684387 0.923543155193329 0.770650327205658
v 1.10780251026154 0.928879022598267 0.7801673412323
v 1.11404454708099 0.936605453491211 0.789948403835297
v 1.14475214481354 0.926105618476868 0.798066139221191
v 1.13144040107727 0.934582710266113 0.800550043582916
v 1.16476202011108 0.93543803691864 0.802415251731873
v 1.16692912578583 0.947466731071472 0.811800539493561
v 1.15689516067505 0.911743342876434 0.782899379730225
v 1.16054475307465 0.922891318798065 0.792657256126404
v 1.17883110046387 1.04544949531555 0.844496428966522
v 1.19305145740509 1.03315734863281 0.841570496559143
v 0.993382453918457 0.965596854686737 0.802057981491089
v 0.982261061668396 0.964581668376923 0.804742813110352
v 0.987917542457581 0.963186204433441 0.795673251152039
v 0.99465274810791 0.964188098907471 0.796265602111816
v 0.980175375938416 0.968190252780914 0.814307987689972
v 0.995137512683868 0.972891569137573 0.818913638591766
v 0.981557905673981 0.973562240600586 0.824212551116943
v 0.993345558643341 0.96840900182724 0.80998432636261
v 0.986274123191833 0.980495095252991 0.833397030830383
v 0.99843692779541 0.977919101715088 0.827754497528076
v 0.993024349212646 0.987461805343628 0.840448260307312
v 1.00300049781799 0.983619093894958 0.834776759147644
v 1.00703203678131 0.987848222255707 0.839429259300232
v 1.00277471542358 0.992699384689331 0.844044923782349
v 1.03970658779144 0.987881422042847 0.833951652050018
v 1.02742171287537 0.98783951997757 0.837158918380737
v 1.01539945602417 0.987787485122681 0.838575005531311
v 1.02677428722382 0.967760860919952 0.794352054595947
v 1.01598131656647 0.967891037464142 0.800040125846863
v 1.00495624542236 0.968033015727997 0.805113017559052
v 1.0071120262146 0.971734941005707 0.814206838607788
v 1.01831531524658 0.970637083053589 0.809152066707611
v 1.02961528301239 0.970048010349274 0.804057478904724
v 1.1940530538559 0.905812442302704 0.772281527519226
v 1.1759250164032 0.908182144165039 0.778300404548645
v 1.07678365707397 0.962349772453308 0.791177034378052
v 1.06629300117493 0.966667592525482 0.793127179145813
v 1.05477344989777 0.969363331794739 0.796310305595398
v 1.04182004928589 0.970373034477234 0.800609111785889
v 1.06905972957611 0.972071826457977 0.803484678268433
v 1.08029770851135 0.968347072601318 0.801186442375183
v 1.09176468849182 0.962991535663605 0.798831462860107
v 1.17863416671753 0.9200040102005 0.787288784980774
v 1.21013474464417 0.905454874038696 0.765587210655212
v 1.06404507160187 1.08775293827057 0.779925346374512
v 1.06697106361389 1.08910024166107 0.807524919509888
v 1.06948149204254 1.07765638828278 0.832199454307556
v 1.0744537115097 1.05676162242889 0.843514323234558
v 1.2424818277359 1.02986109256744 0.833716809749603
v 0.811107575893402 1.01048529148102 0.819296061992645
v 1.21787691116333 0.871611714363098 0.728754878044128
v 1.22048795223236 0.882704615592957 0.741785764694214
v 1.20853793621063 0.836678028106689 0.678027808666229
v 1.21134376525879 0.846292316913605 0.695920169353485
v 1.15596151351929 0.775372445583344 0.627590954303741
v 1.17758679389954 0.775083780288696 0.622789859771729
v 1.18201172351837 0.791335225105286 0.635864734649658
v 1.19370079040527 0.733318507671356 0.611804068088531
v 1.19587111473083 0.752658843994141 0.608643710613251
v 1.20099115371704 0.793713927268982 0.629140853881836
v 1.20397901535034 0.809964299201965 0.645985305309296
v 1.19612801074982 0.859655439853668 0.71556943655014
v 1.20742607116699 0.893532812595367 0.757443368434906
v 1.22459661960602 0.905581653118134 0.76225209236145
v 1.22597992420197 0.918711602687836 0.770161807537079
v 1.22756397724152 0.93037474155426 0.779017090797424
v 1.11649262905121 1.05517721176147 0.593737781047821
v 1.11700439453125 1.0607795715332 0.612498164176941
v 1.12973213195801 1.06320691108704 0.607255220413208
v 1.1288388967514 1.05734896659851 0.588928818702698
v 1.09615647792816 1.04740142822266 0.60525381565094
v 1.09584259986877 1.05256962776184 0.623628616333008
v 1.10575675964355 1.05721890926361 0.61809504032135
v 1.10565614700317 1.05179679393768 0.599128484725952
v 1.08716416358948 1.04631412029266 0.628511548042297
v 1.08770155906677 1.04115223884583 0.610521554946899
v 1.1156200170517 1.04711723327637 0.576185882091522
v 1.10494685173035 1.04415667057037 0.581886887550354
v 1.12764978408813 1.04904580116272 0.571812152862549
v 1.08848774433136 1.03479754924774 0.594223618507385
v 1.09606575965881 1.04010534286499 0.588166296482086
v 1.22141003608704 1.19597995281219 0.751471042633057
v 1.21927785873413 1.2125152349472 0.745378732681274
v 1.229896068573 1.25020861625671 0.769702851772308
v 1.23146617412567 1.25107455253601 0.774418711662292
v 1.23201072216034 1.16702723503113 0.755355715751648
v 1.23267102241516 1.15596103668213 0.752469897270203
v 1.22957539558411 1.23746418952942 0.756101012229919
v 1.22659420967102 1.22876763343811 0.744568169116974
v 1.2376708984375 1.26607406139374 0.790178894996643
v 1.23721206188202 1.26289188861847 0.788132786750793
v 1.23452615737915 1.2576949596405 0.778479635715485
v 1.23382079601288 1.25449788570404 0.775940299034119
v 1.23346507549286 1.14447009563446 0.749343931674957
v 1.23078012466431 1.17983555793762 0.755834817886353
v 1.23568654060364 1.12144529819489 0.739632427692413
v 1.23646306991577 1.11204063892365 0.734635293483734
v 1.22506523132324 1.10647439956665 0.730214238166809
v 1.22437191009521 1.10088336467743 0.721364557743073
v 1.2099072933197 1.04348993301392 0.583675384521484
v 1.216952085495 1.0655916929245 0.633729457855225
v 1.21563076972961 1.06181752681732 0.617388665676117
v 1.21873593330383 1.07360434532166 0.65015172958374
v 1.22351408004761 1.09729337692261 0.710298717021942
v 1.23463273048401 1.13239431381226 0.744728326797485
v 1.23143398761749 1.24679946899414 0.765438675880432
v 1.23101568222046 1.24168062210083 0.762719631195068
v 1.23633241653442 1.26065599918365 0.784901976585388
v 1.23543858528137 1.25917601585388 0.781676054000854
v 1.23674011230469 1.08400356769562 0.68045037984848
v 1.23626935482025 1.07784676551819 0.663691580295563
v 1.21286773681641 1.05350875854492 0.60113126039505
v 1.22305631637573 1.02371954917908 0.56371408700943
v 1.22025108337402 1.00673091411591 0.544962882995605
v 1.23732888698578 1.09046828746796 0.695652008056641
v 1.21743452548981 0.987863957881927 0.527154624462128
v 1.00768995285034 0.569410502910614 0.584708452224731
v 1.0263010263443 0.55102950334549 0.601226806640625
v 1.03650546073914 0.564191937446594 0.612154722213745
v 1.02285289764404 0.578356146812439 0.600638926029205
v 1.01721477508545 0.621762633323669 0.582808375358582
v 1.01860356330872 0.647749662399292 0.577704548835754
v 1.02085328102112 0.674236178398132 0.575492560863495
v 1.05641198158264 0.553576827049255 0.621244311332703
v 1.08560752868652 0.566511332988739 0.634963929653168
v 1.08093678951263 0.547066211700439 0.62646073102951
v 1.03674840927124 0.668953776359558 0.599764108657837
v 1.03437328338623 0.643345952033997 0.601053178310394
v 1.03302788734436 0.583771228790283 0.610142230987549
v 1.03201794624329 0.597747921943665 0.608039975166321
v 1.01677739620209 0.597797811031342 0.591197073459625
v 1.06183981895447 0.570609927177429 0.628864526748657
v 1.04392206668854 0.577052414417267 0.619150161743164
v 1.13215899467468 0.708151757717133 0.626298367977142
v 1.12714827060699 0.690401911735535 0.632973909378052
v 1.15414392948151 0.686776757240295 0.632083296775818
v 1.05315709114075 0.732671499252319 0.597934365272522
v 1.06530714035034 0.706413209438324 0.615473866462708
v 1.1741156578064 0.552509427070618 0.609165668487549
v 1.04728782176971 0.593585729598999 0.622139692306519
v 1.09041941165924 0.587534308433533 0.64180326461792
v 1.06657385826111 0.590091705322266 0.633072853088379
v 1.09730613231659 0.655809879302979 0.64120888710022
v 1.07494843006134 0.65901392698288 0.632488131523132
v 1.07277143001556 0.635841846466064 0.635484158992767
v 1.09540915489197 0.633382439613342 0.644384264945984
v 1.05489373207092 0.663133382797241 0.619079828262329
v 1.05935788154602 0.685986638069153 0.617163836956024
v 1.10039699077606 0.676029860973358 0.636419534683228
v 1.07911002635956 0.6804558634758 0.628858387470245
v 1.0846756696701 0.700599551200867 0.625490963459015
v 1.05274069309235 0.638334155082703 0.620453119277954
v 1.09384477138519 0.609819412231445 0.645094573497772
v 1.1212944984436 0.608147084712982 0.648188591003418
v 1.15060651302338 0.606761336326599 0.6450035572052
v 1.17888212203979 0.602211475372314 0.640671253204346
v 1.18164014816284 0.624473750591278 0.641863882541656
v 1.10506200790405 0.695210218429565 0.630446135997772
v 1.11774122714996 0.730426430702209 0.620838582515717
v 1.11070418357849 0.7133549451828 0.624892175197601
v 1.13470149040222 0.777436077594757 0.628551065921783
v 1.01377308368683 0.341642618179321 0.455577254295349
v 1.16725277900696 0.5044264793396 0.494688957929611
v 1.16344881057739 0.500648140907288 0.469732105731964
v 0.990216672420502 0.608781695365906 0.466201394796371
v 0.985729455947876 0.589857876300812 0.542401969432831
v 1.00099241733551 0.595189332962036 0.569313526153564
v 1.14594340324402 0.500075817108154 0.429110556840897
v 1.12666976451874 0.509015917778015 0.410924851894379
v 1.00570571422577 0.600757122039795 0.437748968601227
v 1.04668986797333 0.556285381317139 0.405002355575562
v 1.15701043605804 0.498937040567398 0.448812156915665
v 1.03263807296753 0.619366884231567 0.604266881942749
v 1.05014705657959 0.614179491996765 0.621491312980652
v 1.06989336013794 0.612080335617065 0.635745644569397
v 1.1182621717453 0.585705757141113 0.644409775733948
v 1.1493718624115 0.585813522338867 0.64032256603241
v 1.17726147174835 0.583112180233002 0.632725059986115
v 1.14164519309998 0.565360605716705 0.386686205863953
v 1.15501618385315 0.573628306388855 0.381892085075378
v 1.14722800254822 0.576998829841614 0.381385922431946
v 1.16730558872223 0.58858460187912 0.378031432628632
v 1.16617333889008 0.569510817527771 0.383333116769791
v 1.1535656452179 0.556247472763062 0.389340996742249
v 1.16571867465973 0.552097678184509 0.391313582658768
v 1.16581964492798 0.536681175231934 0.401887536048889
v 1.10358560085297 0.715886235237122 0.397342056035995
v 1.08350300788879 0.721779465675354 0.411541104316711
v 1.16172254085541 0.703198909759521 0.374859213829041
v 1.14344477653503 0.70659601688385 0.378952652215958
v 1.03133797645569 0.742237985134125 0.469904959201813
v 1.12416803836823 0.710708856582642 0.386242568492889
v 1.06406474113464 0.728532314300537 0.42764475941658
v 1.04522979259491 0.73577356338501 0.447025001049042
v 1.18630576133728 0.665949940681458 0.636265993118286
v 1.1875764131546 0.686114907264709 0.630026876926422
v 1.17908132076263 0.700242578983307 0.374074727296829
v 1.22649300098419 1.2130571603775 0.743063151836395
v 1.22857594490051 1.19493579864502 0.748937487602234
v 1.26726257801056 1.30553293228149 0.901710629463196
v 1.25020778179169 1.08203125 0.839047968387604
v 1.25264179706573 1.29127144813538 0.846337199211121
v 1.23336613178253 1.25098204612732 0.773902356624603
v 1.23756515979767 1.26968538761139 0.790486812591553
v 1.23668217658997 1.10336065292358 0.728901267051697
v 1.23693525791168 1.09664118289948 0.719957590103149
v 1.1702047586441 0.51149320602417 0.491793215274811
v 1.23708462715149 1.09373664855957 0.708379864692688
v 1.16942310333252 0.512027025222778 0.505124986171722
v 1.20659160614014 0.824154376983643 0.661940574645996
v 1.03976702690125 -0.0756756067276001 0.673164546489716
v 1.04299783706665 -0.0713202357292175 0.687300324440002
v 1.03783416748047 -0.100322782993317 0.69145929813385
v 1.03684413433075 -0.102069675922394 0.677734553813934
v 1.02674090862274 -0.0599567294120789 0.714130759239197
v 1.0373831987381 -0.0646527409553528 0.706339359283447
v 1.01266956329346 -0.0575575828552246 0.717354893684387
v 0.998984694480896 -0.058104932308197 0.7139573097229
v 1.00234663486481 -0.0887443423271179 0.719847679138184
v 1.01397061347961 -0.0887341499328613 0.724447131156921
v 0.989549160003662 -0.0596482157707214 0.706061005592346
v 0.984494626522064 -0.090394139289856 0.703167855739594
v 0.98227322101593 -0.0618897676467896 0.695285618305206
v 0.977354228496552 -0.0666549205780029 0.677345633506775
v 0.980629980564117 -0.0931477546691895 0.685512185096741
v 0.981173157691956 -0.0749694108963013 0.658999919891357
v 0.983969271183014 -0.098596453666687 0.667755365371704
v 0.994107782840729 -0.0798068046569824 0.64767324924469
v 1.03179979324341 -0.078927218914032 0.66013240814209
v 1.03022933006287 -0.104361951351166 0.663077652454376
v 1.02605545520782 -0.0908982157707214 0.721114337444305
v 1.03419578075409 -0.0951210260391235 0.712497413158417
v 1.03670835494995 -0.0980415940284729 0.701964735984802
v 1.04176831245422 -0.0682095885276794 0.697791695594788
v 1.03633451461792 -0.127082526683807 0.694020569324493
v 1.03832292556763 -0.128309071063995 0.677946448326111
v 1.02594685554504 -0.121537864208221 0.727983057498932
v 1.03089666366577 -0.123957693576813 0.715696275234222
v 1.00484263896942 -0.118484675884247 0.725920379161835
v 1.01470136642456 -0.118660032749176 0.73256242275238
v 0.982017517089844 -0.1171515583992 0.711300551891327
v 0.993317782878876 -0.117838442325592 0.71908974647522
v 0.992891788482666 -0.0894034504890442 0.712507843971252
v 0.979256749153137 -0.118113934993744 0.693931818008423
v 0.982024908065796 -0.120474517345428 0.672395706176758
v 1.02996063232422 -0.128694117069244 0.661521077156067
v 1.033766746521 -0.12595123052597 0.705166459083557
v 0.922503173351288 -0.19911926984787 0.528820097446442
v 0.924162447452545 -0.19465035200119 0.529044985771179
v 0.928222715854645 -0.194793164730072 0.526983141899109
v 0.928712129592896 -0.200154721736908 0.525704026222229
v 0.957192718982697 -0.202559888362885 0.506063461303711
v 0.959234893321991 -0.192054450511932 0.503592491149902
v 0.967833459377289 -0.194525539875031 0.503623723983765
v 0.968379199504852 -0.20655232667923 0.505128800868988
v 0.940834224224091 -0.201431930065155 0.512890219688416
v 0.940376996994019 -0.204966723918915 0.516553401947021
v 0.935816645622253 -0.204584181308746 0.518672287464142
v 0.933330237865448 -0.20078057050705 0.516156077384949
v 0.910442471504211 -0.194139897823334 0.564780592918396
v 0.910748481750488 -0.198790729045868 0.567073583602905
v 0.907081961631775 -0.198144733905792 0.569962501525879
v 0.905817270278931 -0.194195449352264 0.569195747375488
v 0.918374180793762 -0.198832929134369 0.542357802391052
v 0.91868257522583 -0.203295886516571 0.545216679573059
v 0.915127694606781 -0.202252924442291 0.547858715057373
v 0.913219809532166 -0.198907196521759 0.546824812889099
v 0.963673233985901 -0.189217627048492 0.527441322803497
v 0.977815508842468 -0.18915182352066 0.526045560836792
v 0.972514688968658 -0.19311386346817 0.512483537197113
v 0.960165441036224 -0.189954221248627 0.51386159658432
v 0.978872299194336 -0.202647149562836 0.514320194721222
v 0.984780490398407 -0.200566351413727 0.528890669345856
v 0.977796673774719 -0.207928359508514 0.532041370868683
v 0.972724497318268 -0.207220017910004 0.518802464008331
v 0.964513659477234 -0.206713378429413 0.532549917697906
v 0.960980296134949 -0.20628696680069 0.520455479621887
v 0.957120418548584 -0.199147760868073 0.530448794364929
v 0.951708316802979 -0.198233544826508 0.517476797103882
v 0.938204288482666 -0.196222841739655 0.535122275352478
v 0.943233668804169 -0.189062297344208 0.53303200006485
v 0.937573432922363 -0.192432463169098 0.521740674972534
v 0.931722700595856 -0.198299586772919 0.525069236755371
v 0.953140377998352 -0.190589964389801 0.528038918972015
v 0.945196688175201 -0.193370521068573 0.518223226070404
v 0.956191420555115 -0.201196730136871 0.527545928955078
v 0.951681137084961 -0.205781161785126 0.53257691860199
v 0.945134460926056 -0.205332696437836 0.521612107753754
v 0.949682295322418 -0.200853884220123 0.516369223594666
v 0.94284725189209 -0.20424622297287 0.536123812198639
v 0.936882019042969 -0.204664051532745 0.525844693183899
v 0.928472638130188 -0.187887728214264 0.545095145702362
v 0.937772512435913 -0.189870297908783 0.539701044559479
v 0.931945562362671 -0.193462550640106 0.531659841537476
v 0.92512434720993 -0.192061126232147 0.535194218158722
v 0.93559730052948 -0.20169073343277 0.530059456825256
v 0.940234839916229 -0.200166761875153 0.538743793964386
v 0.935519933700562 -0.204277098178864 0.542996346950531
v 0.930760204792023 -0.204370081424713 0.53360116481781
v 0.927038908004761 -0.20253711938858 0.546964883804321
v 0.92379629611969 -0.203868925571442 0.536505818367004
v 0.923303365707397 -0.194329798221588 0.546718537807465
v 0.920280158519745 -0.19718474149704 0.536792755126953
v 0.91283106803894 -0.193421185016632 0.564256310462952
v 0.91675078868866 -0.186614573001862 0.562505602836609
v 0.914628386497498 -0.190365970134735 0.553232967853546
v 0.911462485790253 -0.197299540042877 0.554709553718567
v 0.923212885856628 -0.187820732593536 0.556602299213409
v 0.919919013977051 -0.190535724163055 0.549460589885712
v 0.923875212669373 -0.196286261081696 0.546858191490173
v 0.92524129152298 -0.193855345249176 0.553669214248657
v 0.923305988311768 -0.202187597751617 0.55789315700531
v 0.92181408405304 -0.203705370426178 0.549698948860168
v 0.916341781616211 -0.201016128063202 0.563956499099731
v 0.914962530136108 -0.203032791614532 0.554117202758789
v 0.907469511032104 -0.186083614826202 0.582438945770264
v 0.906128644943237 -0.187629282474518 0.574414134025574
v 0.904360234737396 -0.193388760089874 0.576348125934601
v 0.906620502471924 -0.191956698894501 0.585975468158722
v 0.91256320476532 -0.185942232608795 0.57583075761795
v 0.910683929920197 -0.188657581806183 0.56983208656311
v 0.914121687412262 -0.193861901760101 0.568323075771332
v 0.914475321769714 -0.190910995006561 0.57383805513382
v 0.914735615253448 -0.19941383600235 0.577185869216919
v 0.913762450218201 -0.200157582759857 0.57115375995636
v 0.909668326377869 -0.198306262493134 0.583196520805359
v 0.907356142997742 -0.199574649333954 0.575476408004761
v 0.963965892791748 -0.188190758228302 0.542137145996094
v 0.982200622558594 -0.185515224933624 0.540220975875854
v 0.967811703681946 -0.206627428531647 0.510159134864807
v 0.988431632518768 -0.19878739118576 0.543345510959625
v 0.961203873157501 -0.206115424633026 0.511203050613403
v 0.963560283184052 -0.206423699855804 0.545150279998779
v 0.980653166770935 -0.207256495952606 0.54649817943573
v 0.959940195083618 -0.198992550373077 0.53562343120575
v 0.935722708702087 -0.195149838924408 0.516031563282013
v 0.944751143455505 -0.204541385173798 0.552503228187561
v 0.942625641822815 -0.198092639446259 0.543783247470856
v 0.94050520658493 -0.195500671863556 0.514013707637787
v 0.946534514427185 -0.187141597270966 0.549036383628845
v 0.931845784187317 -0.186883747577667 0.562573671340942
v 0.927480101585388 -0.203572690486908 0.528874635696411
v 0.923733711242676 -0.203214108943939 0.53070992231369
v 0.928883910179138 -0.202819287776947 0.564340353012085
v 0.925620436668396 -0.192838609218597 0.555713415145874
v 0.914329767227173 -0.193130552768707 0.547207355499268
v 0.917643189430237 -0.201246201992035 0.579177439212799
v 0.91429215669632 -0.191423714160919 0.573474884033203
v 0.917231440544128 -0.194184958934784 0.544666707515717
v 0.919078230857849 -0.184349119663239 0.578355729579926
v 0.906650424003601 -0.192106306552887 0.569109082221985
v 0.911294460296631 -0.199965298175812 0.593206584453583
v 0.908195495605469 -0.191929161548615 0.597891867160797
v 0.909081757068634 -0.191626131534576 0.566490173339844
v 0.910869598388672 -0.183768093585968 0.592800199985504
v 1.01889836788177 -0.105287373065948 0.653405547142029
v 1.02105975151062 -0.0813383460044861 0.650261700153351
v 1.00822269916534 -0.0820512175559998 0.64635044336319
v 1.00642538070679 -0.104632914066315 0.65065723657608
v 0.99430900812149 -0.102855861186981 0.654493689537048
v 1.01665782928467 -0.126976549625397 0.651137709617615
v 1.0027961730957 -0.124735414981842 0.649973452091217
v 0.991769731044769 -0.123695909976959 0.657158613204956
v 0.974590361118317 -0.138331472873688 0.701668381690979
v 0.979331731796265 -0.137465178966522 0.718977451324463
v 0.992615699768066 -0.139092981815338 0.725911855697632
v 1.00350844860077 -0.140760958194733 0.733647227287292
v 1.01440465450287 -0.141990125179291 0.7403484582901
v 1.02608919143677 -0.15086418390274 0.657841801643372
v 1.01185619831085 -0.146242201328278 0.64375364780426
v 0.996918737888336 -0.142203748226166 0.641274452209473
v 0.984304666519165 -0.140901982784271 0.651862144470215
v 0.991561472415924 -0.180945813655853 0.555383265018463
v 0.973246932029724 -0.177140772342682 0.558998703956604
v 0.983173131942749 -0.170540273189545 0.577193140983582
v 0.997459888458252 -0.182075202465057 0.576442122459412
v 0.956581175327301 -0.17904132604599 0.567070245742798
v 0.966023683547974 -0.169595539569855 0.585775554180145
v 0.941812932491302 -0.180076658725739 0.579595804214478
v 0.951586127281189 -0.17254227399826 0.597986578941345
v 0.928590059280396 -0.180583417415619 0.593964815139771
v 0.938924252986908 -0.175709784030914 0.611296415328979
v 0.916929841041565 -0.181770265102386 0.606819808483124
v 0.92683744430542 -0.180091202259064 0.624110281467438
v 0.910518765449524 -0.190673768520355 0.613152503967285
v 0.91837739944458 -0.189402043819427 0.631504416465759
v 0.996422529220581 -0.198543727397919 0.559173285961151
v 0.999946713447571 -0.197980463504791 0.580654144287109
v 0.986452341079712 -0.208928287029266 0.56456732749939
v 0.989519596099854 -0.209643304347992 0.585293292999268
v 0.970295667648315 -0.207456648349762 0.5694739818573
v 0.975028872489929 -0.208573639392853 0.590984642505646
v 0.920699238777161 -0.20219224691391 0.627964377403259
v 0.914216279983521 -0.202024757862091 0.608729362487793
v 0.953261733055115 -0.20586758852005 0.57856947183609
v 0.958870232105255 -0.20669823884964 0.60015881061554
v 0.937747955322266 -0.205418527126312 0.589233636856079
v 0.943870782852173 -0.206477582454681 0.610515773296356
v 0.924832165241241 -0.204634249210358 0.59976863861084
v 0.931000471115112 -0.205883204936981 0.620222747325897
v 0.994652152061462 -0.167459070682526 0.600219786167145
v 0.977008581161499 -0.159935295581818 0.605877041816711
v 0.963683426380157 -0.163581669330597 0.618391752243042
v 0.951221108436584 -0.169078528881073 0.632269620895386
v 0.939029693603516 -0.17762702703476 0.645196437835693
v 0.929189443588257 -0.187910497188568 0.652586698532104
v 0.960617899894714 -0.158889710903168 0.659002602100372
v 0.95048999786377 -0.177330553531647 0.669056415557861
v 0.942339181900024 -0.189469158649445 0.673459410667419
v 0.953465580940247 -0.190392673015594 0.694898068904877
v 0.959314703941345 -0.176436841487885 0.69345486164093
v 0.976566076278687 -0.178970038890839 0.731189131736755
v 0.968662679195404 -0.17702180147171 0.714406490325928
v 0.962322115898132 -0.191035807132721 0.716697931289673
v 0.970378994941711 -0.194507539272308 0.734470903873444
v 0.96491003036499 -0.159054338932037 0.686531662940979
v 0.973120987415314 -0.158622324466705 0.708253860473633
v 0.982401490211487 -0.158676445484161 0.723096013069153
v 0.991472601890564 -0.198420941829681 0.752989888191223
v 0.994832158088684 -0.180966556072235 0.752227783203125
v 0.984349489212036 -0.180315911769867 0.742776572704315
v 0.979121148586273 -0.196800410747528 0.745860755443573
v 1.00918996334076 -0.203165590763092 0.753111839294434
v 1.01236391067505 -0.184960424900055 0.75520384311676
v 1.02570748329163 -0.189840614795685 0.740231156349182
v 1.02337276935577 -0.206976711750031 0.739577651023865
v 0.999708294868469 -0.160104811191559 0.742594480514526
v 0.991071999073029 -0.159209191799164 0.733795404434204
v 1.01335155963898 -0.162534296512604 0.74778026342392
v 1.02592790126801 -0.165719568729401 0.736152827739716
v 1.02774977684021 -0.19062727689743 0.719751596450806
v 1.0280202627182 -0.168280065059662 0.718234241008759
v 1.02717888355255 -0.207481205463409 0.71989107131958
v 1.00289869308472 -0.18403035402298 0.601416766643524
v 1.00200355052948 -0.19672566652298 0.605684876441956
v 0.974015712738037 -0.151799023151398 0.637191593647003
v 0.988367080688477 -0.151462018489838 0.625431180000305
v 1.0070493221283 -0.161771357059479 0.627879440784454
v 1.01232433319092 -0.184247434139252 0.627479553222656
v 1.0069168806076 -0.198083817958832 0.632154762744904
v 1.01986348628998 -0.18754380941391 0.651997208595276
v 1.01245987415314 -0.199960052967072 0.655378937721252
v 0.993263363838196 -0.205843985080719 0.610316038131714
v 0.99770051240921 -0.203929960727692 0.636629939079285
v 1.00394117832184 -0.205650627613068 0.659312725067139
v 1.02488136291504 -0.189675629138947 0.672864437103271
v 1.01880896091461 -0.202486932277679 0.675085186958313
v 1.0258252620697 -0.189029276371002 0.690966844558716
v 1.02272152900696 -0.204180181026459 0.691349625587463
v 1.02534103393555 -0.20577734708786 0.704882979393005
v 1.02627897262573 -0.189262211322784 0.705092072486877
v 1.02918457984924 -0.168924272060394 0.692587912082672
v 1.02887415885925 -0.167939007282257 0.7053542137146
v 1.02772045135498 -0.169695913791656 0.674620628356934
v 1.02208375930786 -0.168907225131989 0.652510285377502
v 0.929861068725586 -0.201144397258759 0.650273084640503
v 0.941347718238831 -0.200816810131073 0.67216694355011
v 0.953463554382324 -0.20103257894516 0.693006813526154
v 0.963205993175507 -0.203910768032074 0.714118003845215
v 0.972940504550934 -0.207530558109283 0.73003089427948
v 0.981445550918579 -0.209417760372162 0.739584803581238
v 0.992230594158173 -0.210663020610809 0.745671451091766
v 1.00646340847015 -0.212686955928802 0.744374215602875
v 1.01707971096039 -0.215197861194611 0.735327124595642
v 1.01943111419678 -0.216733038425446 0.719802021980286
v 1.0181303024292 -0.216650784015656 0.706509351730347
v 1.01069736480713 -0.210287153720856 0.678622364997864
v 1.01573061943054 -0.214664280414581 0.693573474884033
v 1.03517305850983 -0.150690972805023 0.676257252693176
v 1.03519380092621 -0.14933854341507 0.693736910820007
v 1.03288054466248 -0.147805988788605 0.705335438251495
v 1.02585983276367 -0.144053876399994 0.731391310691833
v 1.02929329872131 -0.146263182163239 0.716559648513794
v 0.980298519134521 -0.208487570285797 0.616457462310791
v 0.965124309062958 -0.207126677036285 0.625261664390564
v 0.95091038942337 -0.206421434879303 0.634957253932953
v 0.938974559307098 -0.205618679523468 0.64356255531311
v 0.948624789714813 -0.205771028995514 0.666720032691956
v 0.959735333919525 -0.206901967525482 0.659556806087494
v 0.973392963409424 -0.208378732204437 0.650836825370789
v 0.98687219619751 -0.207153618335724 0.642318964004517
v 0.960022211074829 -0.207058846950531 0.687646806240082
v 0.969732284545898 -0.209061801433563 0.680947005748749
v 0.982483148574829 -0.21048492193222 0.673534691333771
v 0.994044601917267 -0.209745228290558 0.665057957172394
v 1.00171494483948 -0.214649856090546 0.684293270111084
v 0.991863250732422 -0.21425324678421 0.692755520343781
v 0.980438768863678 -0.212373435497284 0.699546456336975
v 0.971457004547119 -0.209831655025482 0.706977844238281
v 0.980604290962219 -0.212196409702301 0.721864104270935
v 0.988906919956207 -0.214136302471161 0.714020133018494
v 0.998957872390747 -0.216215908527374 0.707148194313049
v 1.00705850124359 -0.217186987400055 0.699667930603027
v 0.987222790718079 -0.213348686695099 0.730382323265076
v 1.00354278087616 -0.215578854084015 0.736608743667603
v 0.994473040103912 -0.214358150959015 0.735670149326324
v 1.01077783107758 -0.21776682138443 0.731286585330963
v 1.01151514053345 -0.21842759847641 0.72076028585434
v 1.00987112522125 -0.218221127986908 0.71043336391449
v 1.00485110282898 -0.217076361179352 0.723151743412018
v 1.00241589546204 -0.216804921627045 0.716004312038422
v 0.993816256523132 -0.214827239513397 0.722562789916992
v 0.998182415962219 -0.215321838855743 0.72830057144165
v 1.00601267814636 -0.216838181018829 0.72879958152771
v 1.00254714488983 -0.21595698595047 0.731315612792969
v 0.976064324378967 -0.141743957996368 0.674445450305939
v 1.24537038803101 1.04399633407593 0.83717143535614
v 1.23373830318451 0.97394847869873 0.810962796211243
v 1.0380220413208 0.174404919147491 0.528042733669281
v 1.02234363555908 0.172334730625153 0.525303423404694
v 1.00687944889069 0.175657391548157 0.525674998760223
v 1.02806687355042 0.592858195304871 0.417295098304749
v 1.1182359457016 0.872124135494232 0.45211198925972
v 1.11839699745178 0.915699541568756 0.48089012503624
v 1.11868000030518 0.89372193813324 0.465984523296356
v 1.02037394046783 0.564873337745667 0.417120784521103
v 1.07564830780029 0.915590465068817 0.543885290622711
v 1.17555904388428 0.56733649969101 0.621717095375061
v 1.22893798351288 0.942052781581879 0.789042234420776
v 1.11696803569794 1.06527245044708 0.632948517799377
v 1.18425917625427 0.64578652381897 0.639489412307739
v 1.18428111076355 1.19048833847046 0.892621278762817
v 1.18663859367371 1.18837809562683 0.891557574272156
v 1.18661522865295 1.18579018115997 0.888981938362122
v 1.18795323371887 1.18167674541473 0.890173852443695
v 1.18878734111786 1.17802929878235 0.890544176101685
v 1.18936467170715 1.17573618888855 0.890988349914551
v 1.18611526489258 1.18372702598572 0.890362143516541
v 1.18867719173431 1.18275964260101 0.893957138061523
v 1.1867800951004 1.18541932106018 0.891950726509094
v 1.18552982807159 1.18591773509979 0.890925645828247
v 1.23523390293121 1.06965756416321 0.647115051746368
v 1.2333619594574 1.06195592880249 0.630944609642029
v 1.23126745223999 1.05853974819183 0.61531138420105
v 1.22869968414307 1.04799687862396 0.598897278308868
v 1.23218333721161 1.25022339820862 0.769043684005737
v 1.19357252120972 0.808751881122589 0.397501647472382
v 1.19500410556793 0.824451923370361 0.40505376458168
v 1.19841170310974 0.775558054447174 0.615586876869202
v 1.18600344657898 0.755237758159637 0.377343118190765
v 1.19692993164062 0.845135867595673 0.409612625837326
v 1.2144478559494 0.858768343925476 0.713674068450928
v 1.22563517093658 1.0372633934021 0.581851780414581
v 1.18248903751373 0.727931022644043 0.374482750892639
v 1.2229425907135 0.893162667751312 0.754476428031921
v 1.19899916648865 0.872238993644714 0.419741064310074
v 1.16903042793274 0.612299561500549 0.37565541267395
v 1.20727169513702 0.936694502830505 0.468042433261871
v 1.30331182479858 1.28516972064972 0.87123042345047
v 1.31319689750671 1.27317976951599 0.865883708000183
v 1.30454003810883 1.27717173099518 0.855060398578644
v 1.29406893253326 1.28706109523773 0.857311010360718
v 1.29866516590118 1.27940964698792 0.845031023025513
v 1.28884983062744 1.28591752052307 0.846235990524292
v 1.31796598434448 1.25980269908905 0.860781669616699
v 1.31057357788086 1.26575028896332 0.851974010467529
v 1.31089496612549 1.24287557601929 0.822964191436768
v 1.31081318855286 1.24724423885345 0.831229686737061
v 1.31638848781586 1.23850584030151 0.832030475139618
v 1.31522583961487 1.2320157289505 0.821609973907471
v 1.30539560317993 1.22868847846985 0.801299691200256
v 1.30657696723938 1.21429049968719 0.798725783824921
v 1.2988361120224 1.21974897384644 0.788018107414246
v 1.2968647480011 1.23247051239014 0.792478561401367
v 1.26559412479401 1.25958430767059 0.801614880561829
v 1.27017319202423 1.26103806495667 0.806536316871643
v 1.2747597694397 1.25765526294708 0.800797283649445
v 1.26935231685638 1.25565123558044 0.795333623886108
v 1.25805842876434 1.26916790008545 0.810044169425964
v 1.25384545326233 1.27623057365417 0.811386287212372
v 1.2561844587326 1.27446508407593 0.817949533462524
v 1.26082527637482 1.26849460601807 0.815472543239594
v 1.25916218757629 1.25785982608795 0.797235131263733
v 1.26300692558289 1.25326132774353 0.79131418466568
v 1.25890231132507 1.26400518417358 0.802346587181091
v 1.26213836669922 1.2636992931366 0.80674797296524
v 1.25261390209198 1.27087247371674 0.793834090232849
v 1.24918174743652 1.27526879310608 0.792973518371582
v 1.25133347511292 1.27805185317993 0.797581017017365
v 1.25517761707306 1.27171862125397 0.798428356647491
v 1.25708115100861 1.26208698749542 0.796008586883545
v 1.25254046916962 1.26245379447937 0.793407797813416
v 1.25393962860107 1.26630163192749 0.794038712978363
v 1.25725531578064 1.266077876091 0.797674298286438
v 1.25599050521851 1.27040934562683 0.804417073726654
v 1.25224840641022 1.27762627601624 0.804700314998627
v 1.24768853187561 1.28412902355194 0.803825438022614
v 1.2460777759552 1.28375911712646 0.795413374900818
v 1.27726876735687 1.24421763420105 0.784639358520508
v 1.27097582817078 1.24442756175995 0.781445980072021
v 1.26724553108215 1.24909520149231 0.785730957984924
v 1.27345967292786 1.25039684772491 0.789343357086182
v 1.25345051288605 1.25810766220093 0.79161012172699
v 1.2524881362915 1.25179409980774 0.776473760604858
v 1.24670815467834 1.25556075572968 0.777229189872742
v 1.24765181541443 1.25735521316528 0.780845403671265
v 1.25400221347809 1.25359296798706 0.780236840248108
v 1.28074944019318 1.22945642471313 0.775200068950653
v 1.2799928188324 1.22186529636383 0.769609093666077
v 1.27243518829346 1.22811233997345 0.768747866153717
v 1.27368032932281 1.23345994949341 0.773469805717468
v 1.26912212371826 1.22414243221283 0.764026522636414
v 1.27606880664825 1.21551632881165 0.763705611228943
v 1.26262843608856 1.2104926109314 0.752047002315521
v 1.25757610797882 1.22328591346741 0.75407350063324
v 1.2639274597168 1.22269654273987 0.75936233997345
v 1.27023756504059 1.21176183223724 0.757958889007568
v 1.24599885940552 1.2337783575058 0.756747484207153
v 1.25000870227814 1.22562170028687 0.748944163322449
v 1.24165737628937 1.22764956951141 0.744349181652069
v 1.23952066898346 1.23567867279053 0.755571067333221
v 1.2509970664978 1.24578166007996 0.773695945739746
v 1.25146698951721 1.24935436248779 0.774888515472412
v 1.25570905208588 1.24588775634766 0.774611294269562
v 1.2551177740097 1.24331343173981 0.773781538009644
v 1.2595431804657 1.24059569835663 0.773806571960449
v 1.25943338871002 1.24157667160034 0.773852467536926
v 1.26113641262054 1.24176216125488 0.774264335632324
v 1.26131129264832 1.23986887931824 0.773784279823303
v 1.25764191150665 1.2418065071106 0.773879528045654
v 1.25833380222321 1.24051916599274 0.773142397403717
v 1.25582659244537 1.24148559570312 0.772238790988922
v 1.25196743011475 1.24382305145264 0.771014213562012
v 1.23767495155334 1.24979829788208 0.768696188926697
v 1.2378591299057 1.25099492073059 0.773487329483032
v 1.24122297763824 1.25006639957428 0.773237705230713
v 1.24175310134888 1.24899053573608 0.768853783607483
v 1.2597324848175 1.24444913864136 0.77522873878479
v 1.25704276561737 1.24782621860504 0.776200652122498
v 1.25903308391571 1.24931085109711 0.778804540634155
v 1.26226580142975 1.24521470069885 0.776719272136688
v 1.26591515541077 1.24525487422943 0.778897523880005
v 1.26775765419006 1.24062669277191 0.775782227516174
v 1.26384210586548 1.24165034294128 0.774950861930847
v 1.26001822948456 1.23862195014954 0.772304475307465
v 1.2640552520752 1.23837649822235 0.773156881332397
v 1.26274287700653 1.23597574234009 0.771201133728027
v 1.25995671749115 1.23545813560486 0.768650770187378
v 1.25735783576965 1.23907399177551 0.770618796348572
v 1.25336956977844 1.24090957641602 0.768637657165527
v 1.25566935539246 1.23641192913055 0.766005396842957
v 1.24997985363007 1.23832631111145 0.763602256774902
v 1.24802017211914 1.24350452423096 0.766488909721375
v 1.2622218132019 1.24950730800629 0.781751394271851
v 1.2681086063385 1.23621881008148 0.772647500038147
v 1.27291071414948 1.23902058601379 0.777146577835083
v 1.26696705818176 1.23284113407135 0.770169496536255
v 1.26385426521301 1.23057103157043 0.766158103942871
v 1.2530289888382 1.23177194595337 0.759365797042847
v 1.25916302204132 1.23043572902679 0.762527823448181
v 1.25353801250458 1.21134698390961 0.746498942375183
v 1.24349629878998 1.21264779567719 0.743102431297302
v 1.29381561279297 1.27754545211792 0.839518368244171
v 1.28528380393982 1.28104138374329 0.84094375371933
v 1.29302263259888 1.27090382575989 0.834767758846283
v 1.28916049003601 1.27334189414978 0.835220813751221
v 1.29049742221832 1.27496492862701 0.837752163410187
v 1.29513478279114 1.2711056470871 0.836186766624451
v 1.30539810657501 1.25344574451447 0.831492781639099
v 1.305699467659 1.25029897689819 0.825546324253082
v 1.30068373680115 1.25610280036926 0.829096019268036
v 1.30073535442352 1.25874078273773 0.832183837890625
v 1.29125797748566 1.25941801071167 0.820408046245575
v 1.29011011123657 1.26411628723145 0.826158761978149
v 1.29358327388763 1.26215696334839 0.827221751213074
v 1.29595494270325 1.25698697566986 0.82234263420105
v 1.28617691993713 1.26564979553223 0.82538515329361
v 1.28621971607208 1.26161241531372 0.820035219192505
v 1.28145003318787 1.263880610466 0.821193993091583
v 1.28203761577606 1.26692199707031 0.826078414916992
v 1.28383433818817 1.27688598632812 0.839056432247162
v 1.28385031223297 1.27486145496368 0.835956335067749
v 1.27774906158447 1.27461349964142 0.837340593338013
v 1.27668046951294 1.27681696414948 0.840195894241333
v 1.2672553062439 1.26815533638 0.835405349731445
v 1.26413679122925 1.2694981098175 0.834997534751892
v 1.26531755924225 1.27176821231842 0.838268756866455
v 1.26833558082581 1.26958632469177 0.836708068847656
v 1.26807975769043 1.2676887512207 0.832970261573792
v 1.26579904556274 1.26818370819092 0.831635355949402
v 1.30126595497131 1.29335498809814 0.893616020679474
v 1.3139796257019 1.28121936321259 0.887538433074951
v 1.2907862663269 1.29640901088715 0.874778807163239
v 1.32353806495667 1.26726806163788 0.878771126270294
v 1.32750165462494 1.25313448905945 0.869610905647278
v 1.29893851280212 1.20815360546112 0.783516347408295
v 1.28935205936432 1.21494603157043 0.774686098098755
v 1.28951323032379 1.22470927238464 0.780210196971893
v 1.29537582397461 1.19719481468201 0.777907013893127
v 1.28545320034027 1.20598101615906 0.767707705497742
v 1.2676956653595 1.19400596618652 0.757863283157349
v 1.27832567691803 1.19861793518066 0.761997520923615
v 1.3043509721756 1.18852746486664 0.791822969913483
v 1.29945468902588 1.17825746536255 0.790452361106873
v 1.28812897205353 1.18660283088684 0.775035381317139
v 1.30834639072418 1.17409384250641 0.806923389434814
v 1.30716466903687 1.16509580612183 0.810803711414337
v 1.29476749897003 1.16449332237244 0.792303919792175
v 1.27540838718414 1.1458283662796 0.768240571022034
v 1.29013752937317 1.1399222612381 0.776888310909271
v 1.29107046127319 1.12748098373413 0.771171092987061
v 1.27793741226196 1.13412189483643 0.762820243835449
v 1.30709362030029 1.2002238035202 0.795901656150818
v 1.32113397121429 1.2359071969986 0.845227479934692
v 1.32124328613281 1.22672188282013 0.834033012390137
v 1.3153121471405 1.24624907970428 0.841503739356995
v 1.34139835834503 1.24473571777344 0.907613337039948
v 1.34295082092285 1.2331702709198 0.891756057739258
v 1.33595550060272 1.24367475509644 0.880664229393005
v 1.33310639858246 1.25813186168671 0.892563760280609
v 1.32016718387604 1.26836133003235 0.939319014549255
v 1.33348286151886 1.25735175609589 0.924054265022278
v 1.32456076145172 1.27277684211731 0.905408263206482
v 1.31133890151978 1.28438866138458 0.916701555252075
v 1.34796512126923 1.22024047374725 0.901288628578186
v 1.34709203243256 1.22735261917114 0.918699860572815
v 1.35002613067627 1.20629405975342 0.925212979316711
v 1.35052013397217 1.20525169372559 0.907310903072357
v 1.33924424648285 1.23485398292542 0.938257098197937
v 1.34346723556519 1.20947396755219 0.947054386138916
v 1.31115365028381 1.15724217891693 0.819940447807312
v 1.30532026290894 1.14996027946472 0.805309295654297
v 1.30129504203796 1.14165639877319 0.794935286045074
v 1.28988552093506 1.15237879753113 0.783587098121643
v 1.33118724822998 1.21140837669373 0.965811967849731
v 1.32634162902832 1.24139928817749 0.95581841468811
v 1.3400707244873 1.15367770195007 0.910245060920715
v 1.34216332435608 1.16178667545319 0.894944906234741
v 1.34725296497345 1.17618954181671 0.902107954025269
v 1.34574627876282 1.16872811317444 0.920561790466309
v 1.33394348621368 1.14417898654938 0.926896810531616
v 1.34073901176453 1.16131055355072 0.939812362194061
v 1.31621050834656 1.13028585910797 0.866365551948547
v 1.30862677097321 1.12003266811371 0.877914786338806
v 1.30031037330627 1.11845004558563 0.861078381538391
v 1.30681705474854 1.12757086753845 0.851830661296844
v 1.30535435676575 1.27113223075867 0.843059360980988
v 1.30843150615692 1.2621523141861 0.841181099414825
v 1.30278432369232 1.26586699485779 0.836593091487885
v 1.29942882061005 1.2719578742981 0.838272988796234
v 1.32051539421082 1.24702596664429 0.853349328041077
v 1.31359910964966 1.25501835346222 0.847093522548676
v 1.3356648683548 1.23127508163452 0.870234131813049
v 1.3414009809494 1.2226619720459 0.880054533481598
v 1.34829998016357 1.201296210289 0.89418226480484
v 1.34598135948181 1.21291208267212 0.887932777404785
v 1.34094905853271 1.16793549060822 0.882748126983643
v 1.34474194049835 1.17747342586517 0.887801885604858
v 1.31528747081757 1.14956796169281 0.833181798458099
v 1.31092011928558 1.13770043849945 0.842824876308441
v 1.30418348312378 1.13084769248962 0.829773545265198
v 1.30822503566742 1.14023900032043 0.817974865436554
v 1.29322361946106 1.1152058839798 0.847719609737396
v 1.29833292961121 1.12327790260315 0.839687705039978
v 1.30071949958801 1.1203887462616 0.801894247531891
v 1.29752445220947 1.11149799823761 0.81455135345459
v 1.29639446735382 1.10013949871063 0.812980830669403
v 1.2978343963623 1.10842227935791 0.798215329647064
v 1.29098308086395 1.09183573722839 0.824752688407898
v 1.29172348976135 1.10388052463531 0.826040387153625
v 1.28400206565857 1.09773349761963 0.833742439746857
v 1.28251492977142 1.08576309680939 0.830976486206055
v 1.25174176692963 1.14209067821503 0.751390337944031
v 1.26374650001526 1.13862252235413 0.756484627723694
v 1.26662361621857 1.12772607803345 0.751523077487946
v 1.25381779670715 1.13096022605896 0.747149348258972
v 1.29794979095459 1.09606802463531 0.798546433448792
v 1.2977991104126 1.08832585811615 0.813769638538361
v 1.31881546974182 1.1419358253479 0.858361184597015
v 1.32382476329803 1.1520768404007 0.850704610347748
v 1.29243302345276 1.0802206993103 0.825445234775543
v 1.29980647563934 1.12148249149323 0.82067084312439
v 1.29340827465057 1.11483502388 0.831058263778687
v 1.28378772735596 1.10935413837433 0.855085849761963
v 1.29075872898102 1.11218070983887 0.870318174362183
v 1.26560807228088 1.26418018341064 0.811805427074432
v 1.27242004871368 1.26702535152435 0.82662045955658
v 1.26874029636383 1.26754367351532 0.829189777374268
v 1.27042734622955 1.26839756965637 0.831806778907776
v 1.27379214763641 1.26854431629181 0.82988703250885
v 1.26874494552612 1.29770934581757 0.85816478729248
v 1.2822140455246 1.29488861560822 0.858423292636871
v 1.27680897712708 1.29022145271301 0.846021413803101
v 1.26340365409851 1.28954863548279 0.844804108142853
v 1.29331147670746 1.2468798160553 0.799010813236237
v 1.28472328186035 1.2451399564743 0.790388822555542
v 1.2797132730484 1.25276398658752 0.795313656330109
v 1.28473043441772 1.25501346588135 0.802670419216156
v 1.29790353775024 1.26211810112 0.832617342472076
v 1.29707407951355 1.26478266716003 0.832966506481171
v 1.29968082904816 1.26265227794647 0.833781719207764
v 1.27966070175171 1.23721408843994 0.780330300331116
v 1.28782033920288 1.23495960235596 0.785163342952728
v 1.31838536262512 1.21795070171356 0.822067379951477
v 1.30982708930969 1.25392234325409 0.837616503238678
v 1.30228269100189 1.2757511138916 0.949457466602325
v 1.29455232620239 1.29486489295959 0.924166977405548
v 1.3084477186203 1.24753665924072 0.969376802444458
v 1.31327545642853 1.21603584289551 0.980941832065582
v 1.32883369922638 1.15672838687897 0.957761526107788
v 1.31064605712891 1.15554666519165 0.971975862979889
v 1.30512082576752 1.1320983171463 0.95707243680954
v 1.32337939739227 1.1367654800415 0.942851126194
v 1.29951667785645 1.11125862598419 0.889127016067505
v 1.27475070953369 1.0946272611618 0.83789849281311
v 1.27277803421021 1.0830078125 0.833311080932617
v 1.28525257110596 1.30207335948944 0.8984255194664
v 1.27684843540192 1.30178999900818 0.876599013805389
v 1.32841229438782 1.23831975460052 0.860995590686798
v 1.30861294269562 1.24092030525208 0.814156472682953
v 1.30310261249542 1.24197316169739 0.805732309818268
v 1.30029821395874 1.25136423110962 0.813917398452759
v 1.30442047119141 1.24968254566193 0.819451987743378
v 1.31144106388092 1.22812724113464 0.811614632606506
v 1.31280338764191 1.21237146854401 0.811040043830872
v 1.31452119350433 1.19537925720215 0.812093496322632
v 1.31143140792847 1.18283832073212 0.80695253610611
v 1.34893405437469 1.18609297275543 0.928224086761475
v 1.34957182407379 1.18998956680298 0.909687876701355
v 1.33312571048737 1.18222999572754 0.966518580913544
v 1.34321069717407 1.18396687507629 0.948153018951416
v 1.34851014614105 1.18893814086914 0.897506177425385
v 1.31530427932739 1.18386197090149 0.982756793498993
v 1.2483983039856 1.258828997612 0.785292506217957
v 1.24778079986572 1.26080405712128 0.789433002471924
v 1.2561719417572 1.25453329086304 0.785905063152313
v 1.24260175228119 1.24534475803375 0.765317142009735
v 1.24404954910278 1.23986351490021 0.76243644952774
v 1.23845398426056 1.24078750610352 0.761945962905884
v 1.2377701997757 1.24642443656921 0.765193045139313
v 1.24460601806641 1.19499111175537 0.748765826225281
v 1.25561952590942 1.19387114048004 0.752456784248352
v 1.24967181682587 1.15433132648468 0.754066467285156
v 1.26155614852905 1.15053176879883 0.759200394153595
v 1.24860441684723 1.26869487762451 0.793965339660645
v 1.24926137924194 1.26726353168488 0.795221567153931
v 1.24733173847198 1.2673921585083 0.795215606689453
v 1.2471479177475 1.26925384998322 0.79449737071991
v 1.25823938846588 1.24305462837219 0.774005472660065
v 1.24168276786804 1.25768423080444 0.778332948684692
v 1.24129712581635 1.2540431022644 0.77515697479248
v 1.23798513412476 1.25441634654999 0.775369226932526
v 1.23840153217316 1.25758123397827 0.777876496315002
v 1.27626872062683 1.17547154426575 0.771267950534821
v 1.27449548244476 1.1590324640274 0.772067308425903
v 1.29756081104279 1.1185154914856 0.785466849803925
v 1.29931282997131 1.1304292678833 0.788105607032776
v 1.3041729927063 1.13077533245087 0.807788074016571
v 1.28797042369843 1.108478307724 0.838084399700165
v 1.27809178829193 1.10417497158051 0.845061779022217
v 1.2678394317627 1.10025775432587 0.850493490695953
v 1.2732892036438 1.10427272319794 0.860943078994751
v 1.25885570049286 1.1775289773941 0.760000348091125
v 1.26041328907013 1.16298174858093 0.76169490814209
v 1.24844765663147 1.16676294803619 0.757153809070587
v 1.24664115905762 1.17985558509827 0.755388617515564
v 1.24225604534149 1.2685284614563 0.79213547706604
v 1.24327063560486 1.26611030101776 0.792082965373993
v 1.24083781242371 1.26559948921204 0.790258884429932
v 1.24036979675293 1.26919341087341 0.790821135044098
v 1.24989283084869 1.26428842544556 0.793695032596588
v 1.24734234809875 1.26234197616577 0.791545510292053
v 1.24737763404846 1.26346492767334 0.793217360973358
v 1.25065362453461 1.26616609096527 0.793350100517273
v 1.24989402294159 1.26912868022919 0.79310542345047
v 1.24461925029755 1.27340567111969 0.792370080947876
v 1.24371862411499 1.27796244621277 0.790461480617523
v 1.24780297279358 1.27217543125153 0.792858064174652
v 1.24465930461884 1.26812386512756 0.793719291687012
v 1.24493217468262 1.26602149009705 0.793946504592896
v 1.24730408191681 1.26509153842926 0.794959306716919
v 1.24898552894592 1.26505255699158 0.794359266757965
v 1.24527513980865 1.27163445949554 0.793505787849426
v 1.2472368478775 1.27047908306122 0.793625712394714
v 1.24920690059662 1.28269171714783 0.811722695827484
v 1.24020206928253 1.15563678741455 0.752032399177551
v 1.23899149894714 1.1679779291153 0.75571745634079
v 1.25886595249176 1.24122023582458 0.773989915847778
v 1.27596628665924 1.2823451757431 0.841980159282684
v 1.29370963573456 1.25466108322144 0.810492277145386
v 1.27336621284485 1.26218795776367 0.81219744682312
v 1.27532303333282 1.26389038562775 0.818374872207642
v 1.28063464164734 1.26118052005768 0.814641296863556
v 1.27856647968292 1.25930857658386 0.808046698570251
v 1.26691925525665 1.28001666069031 0.841050624847412
v 1.26108264923096 1.276282787323 0.838470935821533
v 1.25669991970062 1.28183948993683 0.837385058403015
v 1.25960445404053 1.27241492271423 0.832879543304443
v 1.26201593875885 1.26896512508392 0.828488707542419
v 1.25886106491089 1.27213001251221 0.824194133281708
v 1.25490391254425 1.27862167358398 0.828741610050201
v 1.29794704914093 1.26695489883423 0.834855616092682
v 1.29545426368713 1.26772451400757 0.833520293235779
v 1.2633980512619 1.26745986938477 0.820451080799103
v 1.26591467857361 1.26662397384644 0.824713587760925
v 1.27039587497711 1.26519095897675 0.821449041366577
v 1.26824569702148 1.2645388841629 0.816694021224976
v 1.28660786151886 1.25812947750092 0.811896741390228
v 1.30422377586365 1.25921046733856 0.835107207298279
v 1.29908204078674 1.25531673431396 0.825052738189697
v 1.3204003572464 1.16088759899139 0.838981688022614
v 1.32669711112976 1.16141748428345 0.85053163766861
v 1.3179943561554 1.17218160629272 0.821355819702148
v 1.31892096996307 1.17002844810486 0.825422644615173
v 1.31269192695618 1.16812324523926 0.821190476417542
v 1.31371891498566 1.17202949523926 0.817733108997345
v 1.34129321575165 1.18478572368622 0.871091306209564
v 1.34019112586975 1.18836522102356 0.869049072265625
v 1.3418036699295 1.19261479377747 0.87390410900116
v 1.34241807460785 1.18592739105225 0.877780139446259
v 1.34022188186646 1.19539952278137 0.867222487926483
v 1.33898103237152 1.19353485107422 0.864471912384033
v 1.33830749988556 1.19597601890564 0.862031161785126
v 1.34042930603027 1.19893622398376 0.868618547916412
v 1.33740508556366 1.20417833328247 0.862977862358093
v 1.3388819694519 1.21304845809937 0.870383381843567
v 1.34251487255096 1.20544326305389 0.877440452575684
v 1.32719933986664 1.22207021713257 0.849436223506927
v 1.33341908454895 1.21798980236053 0.861600160598755
v 1.33261120319366 1.20589971542358 0.856182098388672
v 1.32910680770874 1.20476484298706 0.846831679344177
v 1.31852519512177 1.18477892875671 0.820471704006195
v 1.31616866588593 1.17765355110168 0.817172050476074
v 1.31562924385071 1.16375958919525 0.828628540039062
v 1.32632029056549 1.13183736801147 0.911773204803467
v 1.33231556415558 1.14241480827332 0.897377610206604
v 1.33516216278076 1.15176320075989 0.884213209152222
v 1.33606958389282 1.16030597686768 0.8741375207901
v 1.31780302524567 1.12302649021149 0.926154017448425
v 1.30329549312592 1.11614263057709 0.9358189702034
v 1.32463717460632 1.21261382102966 0.835843682289124
v 1.3254326581955 1.19921922683716 0.83713287115097
v 1.32422840595245 1.13474869728088 0.882454037666321
v 1.31720042228699 1.12375736236572 0.895692944526672
v 1.32741940021515 1.14580178260803 0.871229708194733
v 1.33081030845642 1.15488648414612 0.863858759403229
v 1.30860614776611 1.11493718624115 0.909934937953949
v 1.29356741905212 1.1081120967865 0.916534185409546
v 1.28592848777771 1.10446763038635 0.894504606723785
v 1.32494807243347 1.17693758010864 0.826533019542694
v 1.32414329051971 1.17471182346344 0.821224212646484
v 1.32062196731567 1.17512845993042 0.819728136062622
v 1.3220306634903 1.17974162101746 0.823633790016174
v 1.3225884437561 1.19204199314117 0.828527688980103
v 1.32035875320435 1.20341336727142 0.824674010276794
v 1.25168609619141 1.28095293045044 0.819385826587677
v 1.23373603820801 1.22885179519653 0.743730425834656
v 1.23430573940277 1.23713684082031 0.755659520626068
v 1.24297297000885 1.26131629943848 0.785594344139099
v 1.24241030216217 1.25924587249756 0.781239151954651
v 1.2390239238739 1.25934600830078 0.781124114990234
v 1.23959970474243 1.2609680891037 0.784743845462799
v 1.26997780799866 1.27419114112854 0.839729428291321
v 1.278111577034 1.10718512535095 0.87719064950943
v 1.26421630382538 1.09284603595734 0.842451810836792
v 1.26227784156799 1.08196544647217 0.836272120475769
v 1.28284394741058 1.0733836889267 0.832017600536346
v 1.27209150791168 1.06993806362152 0.834794342517853
v 1.24008798599243 1.26305055618286 0.788137853145599
v 1.24320757389069 1.26290953159332 0.789076566696167
v 1.24485075473785 1.2705671787262 0.794227361679077
v 1.24606454372406 1.2523101568222 0.774672985076904
v 1.24487912654877 1.26495933532715 0.793003380298615
v 1.24372136592865 1.26407694816589 0.791123807430267
v 1.23867833614349 1.26616716384888 0.790212988853455
v 1.23839282989502 1.2631208896637 0.787924647331238
v 1.27674317359924 1.26554727554321 0.823371887207031
v 1.27773296833038 1.26767301559448 0.827396929264069
v 1.24274170398712 1.27157759666443 0.792280793190002
v 1.24104011058807 1.27319943904877 0.790343046188354
v 1.28073644638062 1.12274491786957 0.758472204208374
v 1.29211688041687 1.1150975227356 0.769552767276764
v 1.23570609092712 1.25448751449585 0.775524258613586
v 1.23626005649567 1.25757336616516 0.777925312519073
v 1.32887518405914 1.19359278678894 0.845831155776978
v 1.33221876621246 1.19628608226776 0.852170169353485
v 1.33380448818207 1.18896543979645 0.850327849388123
v 1.33063888549805 1.18686592578888 0.845279097557068
v 1.24174308776855 1.14400815963745 0.74924099445343
v 1.29713320732117 1.10532736778259 0.783879637718201
v 1.26102256774902 1.06917536258698 0.834794759750366
v 1.29613423347473 1.26116621494293 0.829371929168701
v 1.29756808280945 1.2608745098114 0.831334233283997
v 1.27225995063782 1.27217984199524 0.837773203849792
v 1.24676108360291 1.24646520614624 0.769024610519409
v 1.24582505226135 1.24813365936279 0.772798657417297
v 1.23742270469666 1.1810302734375 0.754334390163422
v 1.23861455917358 1.26993560791016 0.790625333786011
v 1.33729827404022 1.18621969223022 0.861634135246277
v 1.3362193107605 1.18468511104584 0.858523011207581
v 1.3384712934494 1.18588662147522 0.855429112911224
v 1.33905696868896 1.18824350833893 0.857782006263733
v 1.34015297889709 1.19471406936646 0.857452988624573
v 1.34205317497253 1.19521403312683 0.861103892326355
v 1.34312319755554 1.19181394577026 0.858799397945404
v 1.34105706214905 1.19060301780701 0.856323480606079
v 1.33642363548279 1.19736063480377 0.857767820358276
v 1.33696460723877 1.19272148609161 0.854765832424164
v 1.3447824716568 1.19490361213684 0.862806558609009
v 1.34438240528107 1.19207692146301 0.861199259757996
v 1.33970081806183 1.19185423851013 0.866374254226685
v 1.34234690666199 1.19447994232178 0.865291059017181
v 1.34442627429962 1.19178104400635 0.868974268436432
v 1.34802877902985 1.19229650497437 0.865123987197876
v 1.34746015071869 1.18648743629456 0.871428847312927
v 1.35122537612915 1.18749022483826 0.866546154022217
v 1.34796810150146 1.17971324920654 0.870499312877655
v 1.35224282741547 1.18096923828125 0.866484403610229
v 1.32407128810883 1.18395614624023 0.830308318138123
v 1.3243842124939 1.17858958244324 0.834438800811768
v 1.34721338748932 1.17428362369537 0.866888523101807
v 1.35200011730194 1.17542850971222 0.864134550094604
v 1.34501051902771 1.16908764839172 0.861716866493225
v 1.35008454322815 1.17027246952057 0.859261989593506
v 1.34244632720947 1.16572165489197 0.855573892593384
v 1.34722280502319 1.16670072078705 0.853260695934296
v 1.3393018245697 1.16327714920044 0.848265647888184
v 1.34413230419159 1.16492462158203 0.846739292144775
v 1.33495163917542 1.16186046600342 0.839035749435425
v 1.33987462520599 1.1650185585022 0.839451789855957
v 1.34787678718567 1.18043076992035 0.865760207176208
v 1.3470938205719 1.18531215190887 0.866323828697205
v 1.33981502056122 1.18081963062286 0.86938613653183
v 1.34570908546448 1.18984234333038 0.864554047584534
v 1.33501994609833 1.17515420913696 0.858061075210571
v 1.33359515666962 1.17508661746979 0.8551886677742
v 1.33651471138 1.17868757247925 0.853289008140564
v 1.33452773094177 1.17786705493927 0.856674134731293
v 1.33225202560425 1.18260562419891 0.845424592494965
v 1.3310079574585 1.17949068546295 0.841009497642517
v 1.32896590232849 1.18341946601868 0.839168429374695
v 1.32792484760284 1.17708146572113 0.838454842567444
v 1.32853317260742 1.17828226089478 0.842984914779663
v 1.32794845104218 1.17646825313568 0.840476810932159
v 1.32856321334839 1.18011355400085 0.846514821052551
v 1.32802510261536 1.17465543746948 0.840203404426575
v 1.32817709445953 1.17490935325623 0.837641775608063
v 1.32744002342224 1.17444729804993 0.841253578662872
v 1.32729506492615 1.17557168006897 0.84175169467926
v 1.32686042785645 1.17578673362732 0.843698263168335
v 1.3275820016861 1.17567479610443 0.8473801612854
v 1.32717156410217 1.18945050239563 0.837736308574677
v 1.32518017292023 1.16744816303253 0.841314792633057
v 1.33065748214722 1.16885983943939 0.84949004650116
v 1.33542323112488 1.16692137718201 0.832892119884491
v 1.33064293861389 1.16307759284973 0.829539120197296
v 1.32564675807953 1.17163515090942 0.8197301030159
v 1.32801687717438 1.16713452339172 0.822567224502563
v 1.33816695213318 1.17742657661438 0.866081416606903
v 1.33691132068634 1.1729109287262 0.861652910709381
v 1.3210871219635 1.16900300979614 0.832923948764801
v 1.3343563079834 1.17027688026428 0.855889737606049
v 1.33888757228851 1.16779887676239 0.842188358306885
v 1.33520066738129 1.16925239562988 0.837481021881104
v 1.34271132946014 1.16762828826904 0.847315907478333
v 1.32793033123016 1.17527687549591 0.833463668823242
v 1.33181691169739 1.17223060131073 0.834633052349091
v 1.33219587802887 1.1709156036377 0.828675329685211
v 1.32860219478607 1.17438912391663 0.826724648475647
v 1.33350145816803 1.1709657907486 0.840790569782257
v 1.33765649795532 1.17068099975586 0.843546032905579
v 1.33091223239899 1.17081952095032 0.843757510185242
v 1.33469212055206 1.17056107521057 0.84658408164978
v 1.32904899120331 1.17272555828094 0.841096043586731
v 1.33015263080597 1.17262578010559 0.838503122329712
v 1.32771980762482 1.17101073265076 0.846350431442261
v 1.33168864250183 1.17098784446716 0.850671410560608
v 1.32728898525238 1.17309165000916 0.842798352241516
v 1.33820080757141 1.17235553264618 0.848890721797943
v 1.33605432510376 1.17273759841919 0.852598190307617
v 1.33974277973175 1.17653036117554 0.853316187858582
v 1.34145951271057 1.17461776733398 0.851306676864624
v 1.34110736846924 1.17075443267822 0.847603440284729
v 1.34418618679047 1.17184042930603 0.851256966590881
v 1.34464776515961 1.1689624786377 0.853065133094788
v 1.34575867652893 1.17402100563049 0.856028258800507
v 1.3463054895401 1.1719343662262 0.858802795410156
v 1.34362888336182 1.17622780799866 0.854638814926147
v 1.34205222129822 1.17859303951263 0.854435086250305
v 1.34784734249115 1.17605757713318 0.863230466842651
v 1.34649968147278 1.17735183238983 0.860142946243286
v 1.34631943702698 1.18089842796326 0.862722992897034
v 1.34472131729126 1.17862939834595 0.857581198215485
v 1.34452879428864 1.18139970302582 0.85955148935318
v 1.34329223632812 1.17959332466125 0.856259346008301
v 1.34275388717651 1.18150353431702 0.857083439826965
v 1.34197461605072 1.18984735012054 0.86184823513031
v 1.34043776988983 1.18971526622772 0.859736561775208
v 1.34384036064148 1.18787312507629 0.86333703994751
v 1.34211885929108 1.18633794784546 0.861150324344635
v 1.34109723567963 1.18792402744293 0.861524939537048
v 1.33952629566193 1.1874395608902 0.860826373100281
v 1.34066474437714 1.18541181087494 0.85917454957962
v 1.33856594562531 1.18286967277527 0.859212636947632
v 1.25864005088806 1.11215853691101 0.73526406288147
v 1.24663388729095 1.11271953582764 0.734196960926056
v 1.24488759040833 1.12160730361938 0.73975658416748
v 1.2561811208725 1.12069392204285 0.741496682167053
v 1.34346926212311 1.18401861190796 0.860567569732666
v 1.34183096885681 1.18368566036224 0.857728958129883
v 1.34537446498871 1.18441987037659 0.863624155521393
v 1.33940064907074 1.17885541915894 0.857023894786835
v 1.34025752544403 1.18147873878479 0.856949329376221
v 1.34122133255005 1.18051075935364 0.855517148971558
v 1.34021949768066 1.17866206169128 0.855243802070618
v 1.33259427547455 1.18384122848511 0.848852157592773
v 1.33076775074005 1.18013179302216 0.850291430950165
v 1.33059751987457 1.17548489570618 0.850151479244232
v 1.29430103302002 1.08557784557343 0.744814932346344
v 1.28989434242249 1.09291076660156 0.750657439231873
v 1.30453276634216 1.08701837062836 0.76546037197113
v 1.30940234661102 1.08019232749939 0.76140820980072
v 1.30523312091827 1.08081269264221 0.722239553928375
v 1.32751417160034 1.07174956798553 0.743812203407288
v 1.32705116271973 1.07099223136902 0.715700268745422
v 1.30711102485657 1.07568144798279 0.703183174133301
v 1.32493484020233 1.06663584709167 0.692621409893036
v 1.30663073062897 1.07027947902679 0.684014081954956
v 1.31713938713074 1.0529283285141 0.63128650188446
v 1.30093729496002 1.05626833438873 0.626967787742615
v 1.30299341678619 1.06102657318115 0.645872473716736
v 1.3198618888855 1.05762922763824 0.651273727416992
v 1.32748782634735 1.00790464878082 0.552562355995178
v 1.31943011283875 0.992392420768738 0.541652858257294
v 1.30733406543732 1.00040447711945 0.540246546268463
v 1.3166663646698 1.01326668262482 0.550920009613037
v 1.38377237319946 1.03849303722382 0.693083882331848
v 1.3909227848053 1.0481663942337 0.715809106826782
v 1.39977014064789 1.03973114490509 0.715014100074768
v 1.39051580429077 1.02872145175934 0.691146075725555
v 1.33110964298248 1.05568099021912 0.803455889225006
v 1.32987844944 1.06325566768646 0.777016282081604
v 1.32225835323334 1.0650931596756 0.778443813323975
v 1.32496285438538 1.05873394012451 0.803741991519928
v 1.370157122612 0.986724197864532 0.599043071269989
v 1.36466586589813 0.982010722160339 0.583238244056702
v 1.36191987991333 0.995252370834351 0.584872484207153
v 1.3663694858551 1.00028896331787 0.599594235420227
v 1.32714366912842 0.912712097167969 0.528970837593079
v 1.32440972328186 0.894927859306335 0.516681909561157
v 1.30973410606384 0.90460741519928 0.503600716590881
v 1.31290185451508 0.921744227409363 0.516020596027374
v 1.36489021778107 0.893530070781708 0.597151935100555
v 1.36522698402405 0.877359807491302 0.617948949337006
v 1.36023032665253 0.864134013652802 0.607898831367493
v 1.35959136486053 0.878341257572174 0.585929036140442
v 1.34475111961365 1.04312109947205 0.641320407390594
v 1.33189702033997 1.04841196537018 0.636452496051788
v 1.3353443145752 1.05317771434784 0.656868457794189
v 1.34867012500763 1.0476496219635 0.662488400936127
v 1.56235635280609 1.01958513259888 0.80539858341217
v 1.5648832321167 1.01577770709991 0.787931203842163
v 1.54077124595642 1.02112805843353 0.782194674015045
v 1.53872203826904 1.02494895458221 0.799304723739624
v 1.34828722476959 0.799678146839142 0.524616897106171
v 1.34835803508759 0.793595731258392 0.548308134078979
v 1.34883332252502 0.777664661407471 0.53883570432663
v 1.3480007648468 0.782798945903778 0.514429748058319
v 1.4319224357605 1.05368947982788 0.799938142299652
v 1.41878354549408 1.05907571315765 0.797557294368744
v 1.41360247135162 1.04869294166565 0.81941545009613
v 1.42689061164856 1.04415214061737 0.822093367576599
v 1.3771094083786 1.01565420627594 0.653989493846893
v 1.37139880657196 1.02519857883453 0.653755128383636
v 1.37748646736145 1.03204357624054 0.672849416732788
v 1.38347351551056 1.02154433727264 0.67101925611496
v 1.37709379196167 0.898878991603851 0.641637444496155
v 1.37731575965881 0.913414061069489 0.625801086425781
v 1.38220477104187 0.923620343208313 0.643871188163757
v 1.38295328617096 0.910087943077087 0.657356083393097
v 1.37229788303375 0.90362560749054 0.610844075679779
v 1.37184178829193 0.887971878051758 0.629134237766266
v 1.36457681655884 1.03175401687622 0.65085768699646
v 1.35576009750366 1.03750395774841 0.646221280097961
v 1.35979497432709 1.04254519939423 0.667993783950806
v 1.36918878555298 1.03887701034546 0.672367870807648
v 1.31165015697479 0.975999653339386 0.535229504108429
v 1.29688858985901 0.986118972301483 0.53327202796936
v 1.34132897853851 0.787419676780701 0.491290062665939
v 1.32946860790253 0.790937960147858 0.470566272735596
v 1.33108913898468 0.810963749885559 0.48119443655014
v 1.34239673614502 0.805476903915405 0.501455068588257
v 1.30129790306091 0.945454239845276 0.518480658531189
v 1.30545496940613 0.961504220962524 0.529307305812836
v 1.31939232349396 0.953059494495392 0.536305010318756
v 1.31602144241333 0.936977326869965 0.527288496494293
v 1.31362009048462 0.794274091720581 0.453159600496292
v 1.29561531543732 0.798699676990509 0.43677631020546
v 1.2973473072052 0.821954309940338 0.448609948158264
v 1.31540298461914 0.816175580024719 0.463954031467438
v 1.32264423370361 1.06217014789581 0.671514391899109
v 1.30508077144623 1.06611120700836 0.66484797000885
v 1.34643375873566 0.997318685054779 0.562567949295044
v 1.34138596057892 0.981248378753662 0.552453696727753
v 1.33095669746399 0.986298739910126 0.546113669872284
v 1.33773481845856 1.00245261192322 0.55683308839798
v 1.39261412620544 0.996704757213593 0.684783458709717
v 1.39406836032867 1.01447939872742 0.687342584133148
v 1.40776145458221 1.02538311481476 0.712619662284851
v 1.4003438949585 1.00159859657288 0.703327178955078
v 1.34946608543396 0.761750638484955 0.530647158622742
v 1.34841001033783 0.765666961669922 0.505513668060303
v 1.31210017204285 0.771558403968811 0.442646235227585
v 1.29352235794067 0.774433970451355 0.426205962896347
v 1.42273962497711 0.95726490020752 0.725580334663391
v 1.41259753704071 0.952272653579712 0.719141781330109
v 1.40997898578644 0.962739109992981 0.715716063976288
v 1.4201465845108 0.967872798442841 0.722965002059937
v 1.27799367904663 1.02093970775604 0.550469696521759
v 1.294588804245 1.02689409255981 0.557136178016663
v 1.29828369617462 1.01258337497711 0.544943571090698
v 1.28384494781494 1.00173282623291 0.53754186630249
v 1.33628702163696 0.963513970375061 0.547536909580231
v 1.33241367340088 0.947368860244751 0.545445740222931
v 1.32481372356415 0.969116032123566 0.540405809879303
v 1.25998866558075 1.01200926303864 0.54585075378418
v 1.2671674489975 0.986675143241882 0.530119955539703
v 1.28711831569672 1.06816697120667 0.659051537513733
v 1.28533899784088 1.06383228302002 0.641575336456299
v 1.28793919086456 1.07297515869141 0.675995945930481
v 1.26984131336212 1.07517755031586 0.66992175579071
v 1.26901173591614 1.08159744739532 0.685839772224426
v 1.28737425804138 1.07903826236725 0.692767202854156
v 1.2671571969986 1.08948111534119 0.700410604476929
v 1.28529822826385 1.08602261543274 0.70847487449646
v 1.2764036655426 1.09089589118958 0.731664538383484
v 1.2736588716507 1.09805119037628 0.738275289535522
v 1.38668215274811 1.00800573825836 0.668605148792267
v 1.38090431690216 1.00235712528229 0.652778506278992
v 1.3286292552948 0.769731283187866 0.460598260164261
v 1.32670438289642 0.949503123760223 0.811511635780334
v 1.32460701465607 0.934886932373047 0.803803265094757
v 1.34033918380737 0.941360473632812 0.802340745925903
v 1.34198069572449 0.954027533531189 0.81102979183197
v 1.33819258213043 1.05469131469727 0.805811107158661
v 1.34065067768097 1.06390702724457 0.779783964157104
v 1.39829611778259 0.931414067745209 0.751541256904602
v 1.38540995121002 0.926405429840088 0.752033710479736
v 1.38730657100677 0.92304515838623 0.743887603282928
v 1.39801430702209 0.929301738739014 0.743529796600342
v 1.4247407913208 0.943215250968933 0.73330682516098
v 1.44267439842224 0.944838523864746 0.737796306610107
v 1.44352805614471 0.941674470901489 0.744310259819031
v 1.42528927326202 0.941559612751007 0.739381790161133
v 1.34333789348602 0.772978365421295 0.561441898345947
v 1.34210205078125 0.787145853042603 0.570766627788544
v 1.34216165542603 0.851751029491425 0.679880857467651
v 1.3536274433136 0.856372475624084 0.659395039081573
v 1.36182737350464 0.869158685207367 0.668792843818665
v 1.35312688350677 0.864944696426392 0.688326954841614
v 1.24359166622162 0.940376043319702 0.791368842124939
v 1.24160552024841 0.928740084171295 0.783217430114746
v 1.25907802581787 0.927436053752899 0.789811670780182
v 1.25957596302032 0.938820600509644 0.798308849334717
v 1.29431939125061 0.954309463500977 0.817590057849884
v 1.29591166973114 0.967029571533203 0.82377153635025
v 1.27794623374939 0.96352881193161 0.819221019744873
v 1.27711880207062 0.951217591762543 0.811680555343628
v 1.31024634838104 0.943793416023254 0.811064839363098
v 1.3087592124939 0.930055201053619 0.803411245346069
v 1.38068342208862 0.900090754032135 0.672560214996338
v 1.37459528446198 0.888173878192902 0.659497141838074
v 1.3918125629425 0.916144192218781 0.695814847946167
v 1.39210212230682 0.92610901594162 0.68449866771698
v 1.39659559726715 0.932041943073273 0.694693922996521
v 1.39666450023651 0.922871470451355 0.706050455570221
v 1.31911623477936 1.06329703330994 0.805162727832794
v 1.31664061546326 1.05310726165771 0.826495230197906
v 1.32315170764923 1.04875218868256 0.825344681739807
v 1.28187775611877 1.01465785503387 0.835151672363281
v 1.28062677383423 1.00694179534912 0.833995580673218
v 1.29265749454498 1.0114471912384 0.835132658481598
v 1.29153394699097 1.01910841464996 0.835639595985413
v 1.25735664367676 0.878700375556946 0.748266994953156
v 1.23739337921143 0.880076289176941 0.744327008724213
v 1.23553097248077 0.868640840053558 0.730606853961945
v 1.25722455978394 0.865737617015839 0.733429551124573
v 1.39806342124939 0.923649370670319 0.721299231052399
v 1.40350961685181 0.931132137775421 0.724086880683899
v 1.40124452114105 0.928481101989746 0.730882823467255
v 1.39421701431274 0.920921206474304 0.729241251945496
v 1.3894727230072 0.914162874221802 0.72493177652359
v 1.38443648815155 0.906904399394989 0.719356775283813
v 1.38908529281616 0.9101203083992 0.707478404045105
v 1.39366745948792 0.917275071144104 0.715046346187592
v 1.36261343955994 0.877551794052124 0.696042418479919
v 1.3702529668808 0.881258726119995 0.677891731262207
v 1.37702035903931 0.893749594688416 0.688845157623291
v 1.37185633182526 0.889370083808899 0.705768644809723
v 1.22562336921692 0.829708576202393 0.681886196136475
v 1.24463307857513 0.824124574661255 0.68390166759491
v 1.24800407886505 0.838387608528137 0.699609220027924
v 1.22844088077545 0.842197418212891 0.698709905147552
v 1.43390226364136 0.991697430610657 0.731805562973022
v 1.43661308288574 1.00583791732788 0.735407769680023
v 1.45341157913208 1.00754284858704 0.74078106880188
v 1.45367527008057 0.992023706436157 0.737143278121948
v 1.45339417457581 0.937193036079407 0.767238974571228
v 1.46497750282288 0.936065912246704 0.772057175636292
v 1.46372485160828 0.937379240989685 0.778716564178467
v 1.45184576511383 0.938523888587952 0.774424195289612
v 1.48017132282257 0.977276206016541 0.737110555171967
v 1.47586834430695 0.991024672985077 0.740498423576355
v 1.50028610229492 0.989317178726196 0.74245285987854
v 1.50469541549683 0.974289894104004 0.73843377828598
v 1.34081697463989 1.03427672386169 0.827202677726746
v 1.34538793563843 1.05302286148071 0.80879271030426
v 1.33577883243561 1.03899419307709 0.826174795627594
v 1.46219730377197 0.956931948661804 0.733324885368347
v 1.48459815979004 0.953652799129486 0.735749244689941
v 1.48470366001129 0.944367527961731 0.739195346832275
v 1.46295619010925 0.948347389698029 0.736478209495544
v 1.55955350399017 1.01501297950745 0.823156774044037
v 1.53621625900269 1.02055811882019 0.816721200942993
v 1.53328585624695 0.957658112049103 0.74020254611969
v 1.53495478630066 0.944463431835175 0.743815183639526
v 1.50996720790863 0.949792146682739 0.738675713539124
v 1.50845432281494 0.961418747901917 0.737262964248657
v 1.33224558830261 0.839764833450317 0.669297397136688
v 1.34508550167084 0.844579041004181 0.649833500385284
v 1.31770575046539 0.764919638633728 0.59776109457016
v 1.33243823051453 0.768794178962708 0.581305146217346
v 1.33027458190918 0.78252100944519 0.591058373451233
v 1.31588816642761 0.778823792934418 0.607366919517517
v 1.34367418289185 0.757450222969055 0.553717136383057
v 1.31825911998749 0.750282108783722 0.58978134393692
v 1.33330988883972 0.754043340682983 0.57370787858963
v 1.30544304847717 1.06741166114807 0.821980118751526
v 1.29765963554382 1.05892169475555 0.83318692445755
v 1.30059480667114 1.04894387722015 0.835693001747131
v 1.31033670902252 1.05977773666382 0.825518906116486
v 1.35471796989441 0.646289348602295 0.534431099891663
v 1.35201871395111 0.619517922401428 0.535936057567596
v 1.3581383228302 0.619053721427917 0.506615102291107
v 1.35800993442535 0.646754860877991 0.504658460617065
v 1.27286517620087 1.03317224979401 0.836419522762299
v 1.28751540184021 1.03976738452911 0.837123036384583
v 1.28540682792664 1.05107998847961 0.836525440216064
v 1.27240681648254 1.04522359371185 0.836074531078339
v 1.3581200838089 0.671895503997803 0.506665229797363
v 1.35502600669861 0.672367572784424 0.535860955715179
v 1.30811047554016 1.07528352737427 0.802196145057678
v 1.31386923789978 1.06818187236786 0.804336369037628
v 1.31200790405273 1.07697820663452 0.782415866851807
v 1.30651354789734 1.08476793766022 0.783337593078613
v 1.2992547750473 1.09442293643951 0.767185568809509
v 1.35832667350769 0.614055871963501 0.479984879493713
v 1.35480666160583 0.64098846912384 0.47757813334465
v 1.29522216320038 1.06902933120728 0.828617811203003
v 1.28425669670105 1.06180572509766 0.833965480327606
v 1.27226984500885 1.05759310722351 0.835520148277283
v 1.26013243198395 1.05637609958649 0.836488962173462
v 1.34592771530151 0.741532027721405 0.548671007156372
v 1.35091853141785 0.744947373867035 0.524237096309662
v 1.29183125495911 0.521544933319092 0.604807436466217
v 1.26419162750244 0.516798138618469 0.610452771186829
v 1.26250922679901 0.504281938076019 0.598703980445862
v 1.2946172952652 0.508492588996887 0.596480190753937
v 1.19792985916138 0.527951121330261 0.604673027992249
v 1.19472980499268 0.514940917491913 0.586086988449097
v 1.22763049602509 0.507359504699707 0.595984101295471
v 1.23232102394104 0.519745945930481 0.609728336334229
v 1.21671462059021 0.64268559217453 0.638710856437683
v 1.24614143371582 0.639575481414795 0.637866139411926
v 1.24813759326935 0.659298539161682 0.632758319377899
v 1.21966278553009 0.662433505058289 0.634737133979797
v 1.32038128376007 0.734675168991089 0.586033165454865
v 1.33556079864502 0.738328814506531 0.569585084915161
v 1.3487776517868 0.74714583158493 0.498184651136398
v 1.36616539955139 0.493614822626114 0.488743364810944
v 1.36772239208221 0.500806212425232 0.525461316108704
v 1.36672258377075 0.470252692699432 0.534027099609375
v 1.36692583560944 0.461826711893082 0.498508840799332
v 1.32509028911591 0.474672555923462 0.585535526275635
v 1.32663881778717 0.498126924037933 0.583959937095642
v 1.29430270195007 0.49278250336647 0.593240141868591
v 1.29336547851562 0.473288506269455 0.59421181678772
v 1.27449345588684 0.777429342269897 0.411235779523849
v 1.29105365276337 0.748976051807404 0.417892873287201
v 1.27112710475922 0.750943660736084 0.403768509626389
v 1.21430385112762 0.783041894435883 0.386504799127579
v 1.23658633232117 0.781933665275574 0.391562730073929
v 1.23018312454224 0.754968404769897 0.383969932794571
v 1.20852851867676 0.755673289299011 0.379203259944916
v 1.19857501983643 0.605749666690826 0.380136877298355
v 1.1829925775528 0.610393345355988 0.376706093549728
v 1.18752574920654 0.637452721595764 0.375937044620514
v 1.20576703548431 0.633540749549866 0.37896853685379
v 1.34590721130371 0.633559286594391 0.452376633882523
v 1.32875287532806 0.627399861812592 0.429635494947433
v 1.32671976089478 0.652507126331329 0.432234793901443
v 1.34376692771912 0.659413576126099 0.454366356134415
v 1.19305598735809 0.505707681179047 0.567246556282043
v 1.22395730018616 0.498024523258209 0.579743266105652
v 1.3568080663681 0.453241556882858 0.461344540119171
v 1.35393285751343 0.486170172691345 0.452589750289917
v 1.33408880233765 0.444451421499252 0.431512087583542
v 1.30112051963806 0.441641002893448 0.417522042989731
v 1.29956829547882 0.474137842655182 0.410616546869278
v 1.33172345161438 0.477953612804413 0.424541383981705
v 1.18337094783783 0.515690445899963 0.424162924289703
v 1.19664990901947 0.535241603851318 0.402104616165161
v 1.20541751384735 0.522547960281372 0.408506214618683
v 1.18817269802094 0.508487105369568 0.429779082536697
v 1.20393228530884 0.560478329658508 0.629108309745789
v 1.20096361637115 0.543833374977112 0.618987917900085
v 1.23402106761932 0.535246133804321 0.621707379817963
v 1.23533117771149 0.553144812583923 0.631479144096375
v 1.30043566226959 0.74785041809082 0.601263523101807
v 1.30206573009491 0.731662511825562 0.598702728748322
v 1.28161144256592 0.746376693248749 0.608764350414276
v 1.30050206184387 0.762372255325317 0.609538614749908
v 1.28124248981476 0.761669874191284 0.616534233093262
v 1.29621553421021 0.843011319637299 0.700689792633057
v 1.31555485725403 0.839189469814301 0.686277151107788
v 1.32560551166534 0.850255787372589 0.697827339172363
v 1.3069155216217 0.853827655315399 0.714314639568329
v 1.27641522884369 0.927659094333649 0.794183373451233
v 1.2769068479538 0.939183175563812 0.803098678588867
v 1.25541007518768 0.475237429141998 0.588783025741577
v 1.21438455581665 0.482911139726639 0.569747269153595
v 1.22683727741241 0.453643947839737 0.578111469745636
v 1.26147270202637 0.452597230672836 0.590428233146667
v 1.32417488098145 0.450037121772766 0.586568117141724
v 1.34845781326294 0.447135210037231 0.568877935409546
v 1.35156142711639 0.47517317533493 0.564293920993805
v 1.36449682712555 0.439492225646973 0.540348708629608
v 1.36674976348877 0.429957717657089 0.504864871501923
v 1.33402276039124 0.41251677274704 0.43925005197525
v 1.3008371591568 0.409008324146271 0.426559776067734
v 1.20878303050995 0.444841623306274 0.444671928882599
v 1.23432946205139 0.441338717937469 0.429853498935699
v 1.2353503704071 0.414757162332535 0.441376507282257
v 1.21073985099792 0.420812606811523 0.458818733692169
v 1.24301052093506 0.588570415973663 0.392875373363495
v 1.27759480476379 0.604310750961304 0.402308702468872
v 1.28294336795807 0.580371558666229 0.401972055435181
v 1.25359952449799 0.564292788505554 0.396039187908173
v 1.22241199016571 0.808263421058655 0.396193981170654
v 1.24047362804413 0.808654010295868 0.400972574949265
v 1.25495660305023 0.780006170272827 0.399467170238495
v 1.25820004940033 0.806954920291901 0.409204959869385
v 1.27694725990295 0.803343653678894 0.421404331922531
v 1.2499588727951 0.909953355789185 0.455360770225525
v 1.2711888551712 0.903044164180756 0.463282883167267
v 1.265509724617 0.881834447383881 0.447952091693878
v 1.24448418617249 0.887749433517456 0.439495861530304
v 1.25539886951447 0.930281102657318 0.473837852478027
v 1.27664089202881 0.923563838005066 0.481230169534683
v 1.26343429088593 0.964777648448944 0.511246085166931
v 1.28822386264801 0.971981287002563 0.526271164417267
v 1.28396105766296 0.955224752426147 0.513056755065918
v 1.26930320262909 1.06967151165009 0.653523564338684
v 1.26775276660919 1.06408548355103 0.637022852897644
v 1.35098552703857 0.607160687446594 0.452625870704651
v 1.18895649909973 0.475881099700928 0.544455409049988
v 1.17963838577271 0.468224167823792 0.51750510931015
v 1.18733692169189 0.443880200386047 0.531230509281158
v 1.19993448257446 0.450144588947296 0.55641758441925
v 1.35414707660675 0.667292237281799 0.478903919458389
v 1.34103322029114 0.76837819814682 0.481416791677475
v 1.34059691429138 0.747888386249542 0.473517447710037
v 1.35868155956268 0.915415167808533 0.576984167098999
v 1.35277247428894 0.893391668796539 0.565204441547394
v 1.30858957767487 1.0286078453064 0.56312757730484
v 1.30848610401154 1.01913547515869 0.552959382534027
v 1.35367798805237 0.50303190946579 0.55914431810379
v 1.33323407173157 0.381034851074219 0.448253035545349
v 1.33042073249817 0.35097873210907 0.457280606031418
v 1.29850733280182 0.347544133663177 0.447199881076813
v 1.29969680309296 0.378172099590302 0.435985088348389
v 1.20092952251434 0.399845242500305 0.494791775941849
v 1.21420395374298 0.39332789182663 0.472540408372879
v 1.21982216835022 0.364974141120911 0.487616062164307
v 1.20866346359253 0.371183335781097 0.5098597407341
v 1.2173787355423 0.342625617980957 0.52273041009903
v 1.22712361812592 0.335296928882599 0.500663042068481
v 1.23061215877533 0.307176649570465 0.513454020023346
v 1.22380828857422 0.315372347831726 0.535192310810089
v 1.35716390609741 0.418538123369217 0.468716412782669
v 1.36296463012695 0.36783754825592 0.514971733093262
v 1.35392761230469 0.357988238334656 0.482483178377151
v 1.35562980175018 0.386718571186066 0.475315093994141
v 1.36489510536194 0.397996664047241 0.510223925113678
v 1.29580342769623 0.45084336400032 0.593458235263824
v 1.19466173648834 0.427399396896362 0.479937076568604
v 1.19112884998322 0.44955587387085 0.465038955211639
v 1.21053802967072 0.38317459821701 0.55633682012558
v 1.22450053691864 0.388651430606842 0.577965140342712
v 1.21260917186737 0.419289946556091 0.568508803844452
v 1.19853675365448 0.413199961185455 0.544555306434631
v 1.32927715778351 0.394867748022079 0.592372596263885
v 1.3494393825531 0.388907670974731 0.575013160705566
v 1.34910237789154 0.418121427297592 0.570946633815765
v 1.32686138153076 0.422317117452621 0.588795781135559
v 1.36302816867828 0.40864223241806 0.544064581394196
v 1.36090505123138 0.379326522350311 0.547664821147919
v 1.35956335067749 0.309775531291962 0.524519205093384
v 1.34804785251617 0.299441158771515 0.495717704296112
v 1.35141205787659 0.32918119430542 0.489443898200989
v 1.3610954284668 0.338505148887634 0.519841253757477
v 1.35852289199829 0.322201371192932 0.555030882358551
v 1.35941016674042 0.350739240646362 0.551047384738922
v 1.3494815826416 0.360364258289337 0.578534543514252
v 1.34975934028625 0.332522690296173 0.58063018321991
v 1.33231902122498 0.339417099952698 0.597452461719513
v 1.33107924461365 0.367262959480286 0.595642626285553
v 1.30705571174622 0.369477450847626 0.604596734046936
v 1.31046962738037 0.342728972434998 0.606330215930939
v 1.2809157371521 0.369258344173431 0.604562401771545
v 1.25577998161316 0.366305768489838 0.597255408763885
v 1.26431941986084 0.340480923652649 0.600604116916656
v 1.28698980808258 0.343225002288818 0.606641054153442
v 1.23022186756134 0.329398274421692 0.575002908706665
v 1.24413192272186 0.335447192192078 0.590903282165527
v 1.23430979251862 0.361333966255188 0.584881722927094
v 1.22091209888458 0.355250298976898 0.566448152065277
v 1.25920021533966 0.231649041175842 0.608389735221863
v 1.27517342567444 0.237393736839294 0.614851474761963
v 1.2667680978775 0.262598693370819 0.608168721199036
v 1.25032782554626 0.256330370903015 0.60149610042572
v 1.29110372066498 0.242447555065155 0.622009038925171
v 1.3091151714325 0.245745360851288 0.624447703361511
v 1.30230712890625 0.269094884395599 0.616980731487274
v 1.28523361682892 0.265418946743011 0.615817070007324
v 1.3375061750412 0.264253079891205 0.602411568164825
v 1.32047188282013 0.268823206424713 0.613375544548035
v 1.32715272903442 0.24511581659317 0.620334506034851
v 1.34326088428497 0.24028217792511 0.60946136713028
v 1.35890364646912 0.232865452766418 0.594757735729218
v 1.35555934906006 0.257006645202637 0.588624894618988
v 1.36303162574768 0.22103750705719 0.573741316795349
v 1.36290538311005 0.245416879653931 0.567803025245667
v 1.35408759117126 0.233424544334412 0.54209566116333
v 1.35688936710358 0.208759903907776 0.547665357589722
v 1.23835015296936 0.231835305690765 0.553773283958435
v 1.24471914768219 0.207549393177032 0.56508082151413
v 1.2411230802536 0.216784954071045 0.582687675952911
v 1.23334443569183 0.241187810897827 0.570242047309875
v 1.27180600166321 0.220990598201752 0.522004127502441
v 1.29273724555969 0.217391192913055 0.503379106521606
v 1.2943856716156 0.193696856498718 0.518710851669312
v 1.27542161941528 0.198081433773041 0.536390244960785
v 1.35860764980316 0.295758545398712 0.558677315711975
v 1.35776126384735 0.282827794551849 0.529818296432495
v 1.33298563957214 0.312964379787445 0.598007321357727
v 1.35027682781219 0.306315302848816 0.582019686698914
v 1.2372407913208 0.304533958435059 0.584031581878662
v 1.25245046615601 0.310720801353455 0.596715092658997
v 1.23338115215302 0.280877768993378 0.526285231113434
v 1.22733986377716 0.289145648479462 0.546691179275513
v 1.32082843780518 0.240216076374054 0.490132123231888
v 1.32174146175385 0.266369104385376 0.483030736446381
v 1.3454270362854 0.272467732429504 0.501509726047516
v 1.34395527839661 0.246070444583893 0.50700581073761
v 1.36105620861053 0.270170092582703 0.562434792518616
v 1.35217428207397 0.280794739723206 0.585356533527374
v 1.33459401130676 0.288498640060425 0.598685264587402
v 1.3162933588028 0.293013989925385 0.609297037124634
v 1.29690718650818 0.293365240097046 0.611279487609863
v 1.2781697511673 0.291214227676392 0.606914758682251
v 1.25959002971649 0.287730693817139 0.600979745388031
v 1.24350965023041 0.281189322471619 0.591789662837982
v 1.2298686504364 0.265305161476135 0.55823028087616
v 1.23566293716431 0.255930602550507 0.540122151374817
v 1.3208841085434 0.194104015827179 0.513893246650696
v 1.32070922851562 0.21575540304184 0.499875068664551
v 1.34433305263519 0.222529947757721 0.516112148761749
v 1.34569990634918 0.199844360351562 0.525768458843231
v 1.32255816459656 0.173924088478088 0.529467880725861
v 1.30044782161713 0.17291384935379 0.534660935401917
v 1.29971206188202 0.217950105667114 0.632568001747131
v 1.31689524650574 0.221775650978088 0.633537352085114
v 1.33394205570221 0.22124320268631 0.628820717334747
v 1.36381912231445 0.209170639514923 0.602716684341431
v 1.36504232883453 0.196209371089935 0.579222977161407
v 1.35742723941803 0.183889448642731 0.554729580879211
v 1.34447026252747 0.178697645664215 0.53627598285675
v 1.26138997077942 0.167817294597626 0.604483485221863
v 1.25262045860291 0.192851781845093 0.592367589473724
v 1.25611639022827 0.184272348880768 0.576515555381775
v 1.26659202575684 0.158782601356506 0.588932573795319
v 1.27566707134247 0.181994378566742 0.631894707679749
v 1.28852295875549 0.18949967622757 0.642457187175751
v 1.28381717205048 0.212500512599945 0.624973654747009
v 1.2702534198761 0.206880331039429 0.61522912979126
v 1.3056013584137 0.195835292339325 0.648857653141022
v 1.32405352592468 0.198546946048737 0.648466289043427
v 1.34229469299316 0.198574542999268 0.643599987030029
v 1.36976170539856 0.184067606925964 0.611783504486084
v 1.35101222991943 0.218524277210236 0.619770646095276
v 1.35948753356934 0.194072127342224 0.631435632705688
v 1.37099575996399 0.16918021440506 0.58390474319458
v 1.35947942733765 0.126991748809814 0.571962594985962
v 1.35407388210297 0.154863238334656 0.560458242893219
v 1.37823295593262 0.14110404253006 0.592601180076599
v 1.34465086460114 0.0318676233291626 0.608010649681091
v 1.36975479125977 0.0379770398139954 0.611961960792542
v 1.36948919296265 0.00619590282440186 0.627322971820831
v 1.3476722240448 0.000236093997955322 0.623717367649078
v 1.27156853675842 0.133091032505035 0.601447463035583
v 1.26577973365784 0.140590906143188 0.61985456943512
v 1.27699208259583 0.15656566619873 0.649447917938232
v 1.29204404354095 0.164876043796539 0.660117924213409
v 1.38508868217468 0.128624856472015 0.634902656078339
v 1.37864375114441 0.156834423542023 0.621188700199127
v 1.36793899536133 0.167089343070984 0.643550634384155
v 1.37413668632507 0.138964831829071 0.65732741355896
v 1.2807309627533 0.0421987771987915 0.640344262123108
v 1.2753632068634 0.0482625961303711 0.658522605895996
v 1.26918303966522 0.0807685852050781 0.646424174308777
v 1.27517950534821 0.0733176469802856 0.627106130123138
v 1.29392242431641 0.13486111164093 0.676190257072449
v 1.27856063842773 0.126553654670715 0.664843559265137
v 1.28182530403137 0.095703125 0.678072154521942
v 1.29731225967407 0.103355705738068 0.689433217048645
v 1.38888621330261 0.0634031295776367 0.658994436264038
v 1.38856852054596 0.097527801990509 0.647530972957611
v 1.37858259677887 0.107362449169159 0.669883012771606
v 1.38014316558838 0.0724027752876282 0.680381774902344
v 1.36532008647919 0.0992505550384521 0.583970367908478
v 1.38362729549408 0.11366868019104 0.606104731559753
v 1.38619661331177 0.0838887095451355 0.619930505752563
v 1.36911511421204 0.0694475769996643 0.598007678985596
v 1.33703470230103 0.0926832556724548 0.579961776733398
v 1.34149169921875 0.0632347464561462 0.593287885189056
v 1.29853391647339 -0.0212464928627014 0.680639863014221
v 1.28633809089661 0.0134750604629517 0.669245958328247
v 1.29057693481445 0.00862783193588257 0.652006387710571
v 1.30295693874359 -0.0277473926544189 0.667160034179688
v 1.30386638641357 0.0689743161201477 0.699295580387115
v 1.28779304027557 0.0627284049987793 0.688395619392395
v 1.29807376861572 0.0253068804740906 0.696368038654327
v 1.31217241287231 0.0314169526100159 0.705980598926544
v 1.38610017299652 -0.0112902522087097 0.681734383106232
v 1.38789188861847 0.0270274877548218 0.670342147350311
v 1.37976121902466 0.0339177250862122 0.689893841743469
v 1.37808108329773 -0.00487631559371948 0.699835062026978
v 1.37026536464691 -0.0281816124916077 0.643968939781189
v 1.38579154014587 0.0166906118392944 0.645320296287537
v 1.38508117198944 -0.0196138024330139 0.660073101520538
v 1.37023043632507 -0.0632723569869995 0.657389938831329
v 1.35356783866882 -0.0675956010818481 0.654537618160248
v 1.35035943984985 -0.0334338545799255 0.640108942985535
v 1.31331562995911 -0.0606862902641296 0.679652690887451
v 1.30797600746155 -0.055926501750946 0.691790103912354
v 1.31392312049866 -0.0473528504371643 0.712119102478027
v 1.32422518730164 -0.0412218570709229 0.72026538848877
v 1.31946182250977 -0.00507789850234985 0.712307155132294
v 1.30764746665955 -0.0110610127449036 0.703899621963501
v 1.35225367546082 -0.00168764591217041 0.717771768569946
v 1.33534395694733 -0.00199627876281738 0.717424035072327
v 1.33881843090057 -0.0383428335189819 0.724961161613464
v 1.35415279865265 -0.0383192300796509 0.724671125411987
v 1.37537062168121 -0.0410684943199158 0.707569122314453
v 1.36672234535217 -0.00189971923828125 0.711685121059418
v 1.36591815948486 -0.0385841131210327 0.718609809875488
v 1.38348424434662 -0.0462254285812378 0.690675616264343
v 1.38347554206848 -0.0551847219467163 0.670891106128693
v 1.17560255527496 0.498820036649704 0.515170454978943
v 1.17569303512573 0.491039007902145 0.488335579633713
v 1.17701506614685 0.482418745756149 0.503615260124207
v 1.18174839019775 0.493040919303894 0.530145585536957
v 1.24090969562531 0.356298267841339 0.466536045074463
v 1.23777139186859 0.386757850646973 0.453092098236084
v 1.24601006507874 0.299744188785553 0.492439568042755
v 1.24480128288269 0.326404511928558 0.47895410656929
v 1.24805891513824 0.273735463619232 0.50702041387558
v 1.25029456615448 0.249452948570251 0.522510528564453
v 1.25148296356201 0.224681973457336 0.537516713142395
v 1.25740492343903 0.200025141239166 0.550797522068024
v 1.26745522022247 0.176427364349365 0.561984896659851
v 1.27793967723846 0.151350140571594 0.572853088378906
v 1.28842616081238 0.0980075597763062 0.595937371253967
v 1.27348124980927 0.103901982307434 0.614640235900879
v 1.28531789779663 0.125995278358459 0.584370076656342
v 1.29623198509216 0.03585284948349 0.621950149536133
v 1.29113292694092 0.0681394338607788 0.60852038860321
v 1.30476129055023 0.00111985206604004 0.637354612350464
v 1.3142386674881 -0.0333457589149475 0.653342306613922
v 1.323979139328 -0.0654392838478088 0.667205691337585
v 1.26470959186554 0.49787050485611 0.405281007289886
v 1.23471570014954 0.489895522594452 0.411536812782288
v 1.23528754711151 0.509511470794678 0.405677288770676
v 1.26282703876495 0.521687984466553 0.401695489883423
v 1.17562389373779 0.506549000740051 0.455486357212067
v 1.17822086811066 0.508301734924316 0.441969692707062
v 1.18178260326385 0.503962993621826 0.4467893242836
v 1.17751610279083 0.503594040870667 0.461015164852142
v 1.35617208480835 0.258142709732056 0.535832047462463
v 1.31340146064758 0.317341685295105 0.606915473937988
v 1.29226362705231 0.317613482475281 0.607782006263733
v 1.27178812026978 0.315207540988922 0.603244125843048
v 1.26927495002747 0.241995096206665 0.504159152507782
v 1.26834058761597 0.267840445041656 0.49012753367424
v 1.29246199131012 0.265204608440399 0.479910999536514
v 1.2919260263443 0.241034686565399 0.491783499717712
v 1.33171725273132 0.117775619029999 0.568548560142517
v 1.31124436855316 0.0938076376914978 0.585819363594055
v 1.30646133422852 0.119995892047882 0.573146879673004
v 1.32799160480499 0.140185594558716 0.556363821029663
v 1.33210945129395 0.172853291034698 0.665225505828857
v 1.35156083106995 0.172702610492706 0.658600032329559
v 1.3147976398468 0.141879975795746 0.681816935539246
v 1.33713793754578 0.145037353038788 0.681465089321136
v 1.31151342391968 0.170165240764618 0.665106534957886
v 1.26840817928314 0.319449126720428 0.46350821852684
v 1.29679620265961 0.31854373216629 0.45867058634758
v 1.29458343982697 0.29102635383606 0.469724625349045
v 1.26773750782013 0.293529152870178 0.476195752620697
v 1.32869637012482 0.794105887413025 0.602917671203613
v 1.31414890289307 0.791341662406921 0.619709014892578
v 1.35744690895081 0.960845470428467 0.568560779094696
v 1.35771679878235 0.941072106361389 0.571079075336456
v 1.34547507762909 0.942851483821869 0.556712448596954
v 1.34712469577789 0.960813701152802 0.556849241256714
v 1.36696827411652 0.944591224193573 0.586191236972809
v 1.36586427688599 0.964443325996399 0.582194983959198
v 1.37207973003387 0.96954619884491 0.598523736000061
v 1.37356781959534 0.950451076030731 0.60197377204895
v 1.39174294471741 0.981484293937683 0.689500689506531
v 1.39694011211395 0.984910666942596 0.70389986038208
v 1.25984990596771 0.948378384113312 0.491975545883179
v 1.23594486713409 0.953016877174377 0.488457322120667
v 1.23944532871246 0.968432188034058 0.507168292999268
v 1.25079357624054 0.752516746520996 0.3923160135746
v 1.25058627128601 0.627304553985596 0.391650944948196
v 1.21719920635223 0.597974181175232 0.384446442127228
v 1.22679483890533 0.629026174545288 0.383890986442566
v 1.17696094512939 0.535183548927307 0.402362167835236
v 1.26481306552887 0.819395780563354 0.680520236492157
v 1.26866710186005 0.834243535995483 0.695694983005524
v 1.26107883453369 0.9499232172966 0.806122064590454
v 1.24492454528809 0.951589286327362 0.800301790237427
v 1.26261389255524 0.972917139530182 0.819840431213379
v 1.26335883140564 0.984255373477936 0.825092434883118
v 1.24836802482605 0.983693718910217 0.81990259885788
v 1.24732792377472 0.972937405109406 0.814273476600647
v 1.25861883163452 1.04307699203491 0.836288034915924
v 1.25750052928925 1.03008449077606 0.834947884082794
v 1.17441165447235 0.505809664726257 0.475096732378006
v 1.17783045768738 0.500334978103638 0.466408997774124
v 1.17409515380859 0.504423975944519 0.485335379838943
v 1.20891559123993 0.465722888708115 0.432877212762833
v 1.19113850593567 0.466999530792236 0.452027261257172
v 1.19188821315765 0.481857359409332 0.442269533872604
v 1.20948839187622 0.484314173460007 0.42395955324173
v 1.36422228813171 0.523560166358948 0.476934641599655
v 1.36837124824524 0.530714750289917 0.514285683631897
v 1.25841581821442 0.49339947104454 0.591659307479858
v 1.58864665031433 0.941099643707275 0.762457966804504
v 1.58979856967926 0.932380139827728 0.773540377616882
v 1.56234157085419 0.931556463241577 0.76312530040741
v 1.56142461299896 0.941645979881287 0.752291083335876
v 1.28001511096954 0.878524720668793 0.750173330307007
v 1.28503918647766 0.862913250923157 0.73123973608017
v 1.31696283817291 1.07080554962158 0.781658172607422
v 1.36222219467163 1.05292582511902 0.812540411949158
v 1.3683215379715 1.06702709197998 0.790993273258209
v 1.35891783237457 1.06500577926636 0.788706183433533
v 1.35346794128418 1.0521377325058 0.81084156036377
v 1.35510957241058 0.972600221633911 0.818125426769257
v 1.35450601577759 0.988853454589844 0.824582636356354
v 1.34346354007721 0.986628592014313 0.826422274112701
v 1.34303116798401 0.969033300876617 0.8199502825737
v 1.21279573440552 0.621944069862366 0.641431450843811
v 1.24294233322144 0.618360996246338 0.641540288925171
v 1.23973786830902 0.780298948287964 0.635595798492432
v 1.26011192798615 0.777129888534546 0.633776187896729
v 1.25947690010071 0.789751291275024 0.648696780204773
v 1.23957455158234 0.793769538402557 0.651113033294678
v 1.30950558185577 0.871383666992188 0.739332735538483
v 1.32406544685364 0.864548444747925 0.722784459590912
v 1.2598489522934 1.03150856494904 0.565410017967224
v 1.26167166233063 1.04273724555969 0.584997892379761
v 1.27953004837036 1.04487299919128 0.587526679039001
v 1.27776575088501 1.03559029102325 0.568730115890503
v 1.52191305160522 0.928937494754791 0.783332228660583
v 1.49854779243469 0.930444240570068 0.767693281173706
v 1.50636839866638 0.931656539440155 0.757500231266022
v 1.53290390968323 0.927922010421753 0.768182396888733
v 1.35546934604645 0.53463339805603 0.553275346755981
v 1.32690715789795 0.518791258335114 0.585062384605408
v 1.3476939201355 0.824456095695496 0.60864120721817
v 1.33589255809784 0.817041158676147 0.63058602809906
v 1.33090472221375 0.805078506469727 0.616714119911194
v 1.34270906448364 0.811468482017517 0.595277309417725
v 1.36112487316132 0.86506462097168 0.638558268547058
v 1.35453867912292 0.852847754955292 0.629220366477966
v 1.36804163455963 0.876560747623444 0.648544371128082
v 1.41110563278198 0.939059317111969 0.727761089801788
v 1.41191959381104 0.943214952945709 0.722862601280212
v 1.42387878894806 0.948672652244568 0.727756023406982
v 1.23398697376251 0.467537671327591 0.419315218925476
v 1.22842526435852 0.54326319694519 0.396836936473846
v 1.21889066696167 0.559371769428253 0.3926020860672
v 1.17353498935699 0.507445931434631 0.467718154191971
v 1.30050110816956 1.0936313867569 0.782752513885498
v 1.29468274116516 1.10324549674988 0.767947912216187
v 1.45995700359344 0.967554926872253 0.733514368534088
v 1.48318338394165 0.964520335197449 0.735192775726318
v 1.4009256362915 0.938215374946594 0.703877210617065
v 1.3989417552948 0.950614869594574 0.696981847286224
v 1.40391087532043 0.957080960273743 0.70794004201889
v 1.40578329563141 0.945619285106659 0.712549149990082
v 1.40565013885498 0.937068521976471 0.718298375606537
v 1.40046715736389 0.929093837738037 0.712176263332367
v 1.37490653991699 1.04528284072876 0.693421363830566
v 1.36430275440216 1.04990494251251 0.690380930900574
v 1.36852514743805 1.05681586265564 0.710618257522583
v 1.38016319274902 1.05352866649628 0.713845789432526
v 1.35191714763641 1.05269837379456 0.684562027454376
v 1.33854281902313 1.05763053894043 0.678171813488007
v 1.34116792678833 1.06257724761963 0.700490832328796
v 1.35519862174988 1.05896031856537 0.706995069980621
v 1.31521153450012 1.07463920116425 0.754918038845062
v 1.29934573173523 1.08265054225922 0.736223876476288
v 1.28100824356079 1.08874225616455 0.722007513046265
v 1.26442801952362 1.09380173683167 0.712450265884399
v 1.25534391403198 1.01744616031647 0.832824468612671
v 1.25251388549805 1.00524282455444 0.828508734703064
v 1.26787924766541 1.0057692527771 0.831827759742737
v 1.27285039424896 1.01917505264282 0.835433781147003
v 1.28623974323273 1.10141730308533 0.753526091575623
v 1.27218198776245 1.10806798934937 0.742285668849945
v 1.26015090942383 1.1038761138916 0.729128837585449
v 1.5588219165802 1.0016633272171 0.836589157581329
v 1.53573262691498 1.00743186473846 0.83113694190979
v 1.30125832557678 1.07732844352722 0.816127359867096
v 1.30215108394623 1.08500981330872 0.799088835716248
v 1.53665351867676 0.989658296108246 0.838031828403473
v 1.56021010875702 0.983476459980011 0.843368291854858
v 1.35537052154541 1.06722664833069 0.757031202316284
v 1.34991252422333 1.06399726867676 0.784498572349548
v 1.36537063121796 1.0675984621048 0.762004613876343
v 1.2835465669632 1.11110591888428 0.755606055259705
v 1.27009057998657 1.11742794513702 0.746052026748657
v 1.36641728878021 0.559682965278625 0.498187929391861
v 1.36080086231232 0.551824331283569 0.465560257434845
v 1.34342932701111 0.823488712310791 0.513546824455261
v 1.34866154193878 0.81566059589386 0.536150872707367
v 1.22708678245544 0.91403192281723 0.450796037912369
v 1.22230136394501 0.891988396644592 0.434616804122925
v 1.24331891536713 1.13228344917297 0.74497652053833
v 1.24014496803284 0.836240887641907 0.412718534469604
v 1.21837532520294 0.835708498954773 0.406807333230972
v 1.21968722343445 0.866115927696228 0.419795751571655
v 1.24154686927795 0.863505303859711 0.425195008516312
v 1.20780062675476 0.808120369911194 0.395531356334686
v 1.20465505123138 0.794674038887024 0.390473574399948
v 1.19393765926361 0.583207607269287 0.38151752948761
v 1.1804233789444 0.587429285049438 0.378765732049942
v 1.47693705558777 1.03686189651489 0.78600287437439
v 1.46033489704132 1.04080545902252 0.783185839653015
v 1.45742952823639 1.0428421497345 0.803476452827454
v 1.47409057617188 1.03618478775024 0.80664324760437
v 1.25953376293182 0.833514034748077 0.421242415904999
v 1.27895998954773 0.828371524810791 0.433675140142441
v 1.38646793365479 0.99154531955719 0.668947577476501
v 1.38691508769989 0.975765407085419 0.674627542495728
v 1.24187445640564 0.987393736839294 0.528172075748444
v 1.29444372653961 1.03775572776794 0.57290643453598
v 1.29619646072388 1.04504668712616 0.590162813663483
v 1.31192684173584 1.04351580142975 0.593645930290222
v 1.30984330177307 1.03700625896454 0.576863646507263
v 1.17232155799866 0.50895631313324 0.476767748594284
v 1.45266771316528 0.95448237657547 0.813750267028809
v 1.43980288505554 0.954564690589905 0.811733305454254
v 1.44318699836731 0.94874781370163 0.802337050437927
v 1.4565304517746 0.94897472858429 0.805688619613647
v 1.18032681941986 0.472217321395874 0.476783156394958
v 1.18210768699646 0.45669949054718 0.491006433963776
v 1.18812429904938 0.501147568225861 0.547423005104065
v 1.17511391639709 0.505508065223694 0.530727028846741
v 1.26663422584534 0.410418272018433 0.429614841938019
v 1.26635277271271 0.44108447432518 0.419007003307343
v 1.26694655418396 0.379981219768524 0.440106332302094
v 1.2677526473999 0.348310172557831 0.451843976974487
v 1.28444886207581 0.17344057559967 0.549610316753387
v 1.29981124401093 0.146719872951508 0.558251440525055
v 1.31575989723206 0.0644104480743408 0.599469065666199
v 1.32007730007172 0.0328566431999207 0.613843262195587
v 1.32567894458771 -0.000694513320922852 0.629359185695648
v 1.33152270317078 -0.0351991653442383 0.645984292030334
v 1.33761978149414 -0.0685615539550781 0.658362865447998
v 1.56395423412323 0.964649081230164 0.844032049179077
v 1.53858304023743 0.969530999660492 0.838554620742798
v 1.54459929466248 0.952661871910095 0.832825183868408
v 1.57032001018524 0.948356866836548 0.839735150337219
v 1.52997601032257 0.971909821033478 0.741559267044067
v 1.52577543258667 0.987222969532013 0.745849967002869
v 1.55081534385681 0.984507441520691 0.750704348087311
v 1.55468845367432 0.969298303127289 0.746776103973389
v 1.58066248893738 0.966881096363068 0.754288256168365
v 1.58530068397522 0.952980816364288 0.756091415882111
v 1.55833387374878 0.954691350460052 0.746771037578583
v 1.58788228034973 0.927864968776703 0.788123965263367
v 1.5844361782074 0.927932143211365 0.803389608860016
v 1.55593013763428 0.927804827690125 0.794089555740356
v 1.56143856048584 0.926842153072357 0.778342366218567
v 1.57668423652649 0.936662316322327 0.830387234687805
v 1.55084443092346 0.940605044364929 0.823478221893311
v 1.55457448959351 0.932541847229004 0.810833334922791
v 1.58164978027344 0.930365443229675 0.81788969039917
v 1.56820285320282 1.00718355178833 0.773637652397156
v 1.57213973999023 0.995456099510193 0.763116836547852
v 1.54686105251312 0.998870253562927 0.757557511329651
v 1.54355311393738 1.01143038272858 0.76803731918335
v 1.45413517951965 1.03406727313995 0.823850929737091
v 1.47150874137878 1.02649223804474 0.825028538703918
v 1.41115832328796 1.00642764568329 0.721086621284485
v 1.41706132888794 1.0239794254303 0.728621184825897
v 1.42652726173401 1.02233552932739 0.738740563392639
v 1.42168152332306 1.00646996498108 0.730053544044495
v 1.5133810043335 1.02592873573303 0.811122477054596
v 1.49275898933411 1.03115773200989 0.808342814445496
v 1.49117720127106 1.01953148841858 0.8253573179245
v 1.51309490203857 1.01323413848877 0.827034890651703
v 1.51961588859558 1.01625728607178 0.762870013713837
v 1.52246654033661 1.00305390357971 0.753193974494934
v 1.4973578453064 1.00531899929047 0.748690366744995
v 1.49618494510651 1.01950287818909 0.756974339485168
v 1.53497409820557 0.933895707130432 0.753769755363464
v 1.50912380218506 0.939156711101532 0.745517730712891
v 1.46103918552399 1.03365731239319 0.763311147689819
v 1.47854804992676 1.03160262107849 0.766658186912537
v 1.38189256191254 0.985950767993927 0.653501927852631
v 1.38985335826874 0.939373254776001 0.674059152603149
v 1.39454030990601 0.945420503616333 0.686127960681915
v 1.35029816627502 0.978946566581726 0.560572028160095
v 1.35339868068695 0.993478655815125 0.568994104862213
v 1.37540435791016 0.931218206882477 0.61181378364563
v 1.3800847530365 0.939667344093323 0.63102662563324
v 1.35801124572754 0.978982627391815 0.570393025875092
v 1.35801601409912 0.990322530269623 0.574602961540222
v 1.2978310585022 0.931144893169403 0.505606770515442
v 1.26138389110565 1.09690570831299 0.722322225570679
v 1.49527716636658 1.03306591510773 0.788604378700256
v 1.49558901786804 1.02831733226776 0.770147562026978
v 1.47920799255371 0.933759808540344 0.757058501243591
v 1.46143305301666 0.938165783882141 0.749687552452087
v 1.46243894100189 0.942016959190369 0.74198579788208
v 1.48309552669525 0.936819434165955 0.74763035774231
v 1.34649217128754 0.891861796379089 0.748522877693176
v 1.32922911643982 0.881017982959747 0.745166897773743
v 1.34039771556854 0.87593412399292 0.729455471038818
v 1.35560989379883 0.888735353946686 0.735333800315857
v 1.45230102539062 0.967927217483521 0.826584219932556
v 1.45689034461975 0.977742850780487 0.832928419113159
v 1.43954229354858 0.981562912464142 0.83386504650116
v 1.43789422512054 0.970024943351746 0.826599419116974
v 1.44303274154663 0.99668949842453 0.838716864585876
v 1.4625209569931 0.991666078567505 0.837640523910522
v 1.46798157691956 1.00876212120056 0.836596250534058
v 1.44882845878601 1.01558256149292 0.83664208650589
v 1.3502379655838 0.59379255771637 0.543452620506287
v 1.35883891582489 0.591719150543213 0.515805244445801
v 1.32748258113861 0.747538685798645 0.452023923397064
v 1.31044507026672 0.747668385505676 0.434089362621307
v 1.2782998085022 0.633733510971069 0.402741372585297
v 1.20903313159943 0.511020421981812 0.412496149539948
v 1.19045031070709 0.500848531723022 0.432383984327316
v 1.1878445148468 0.434353440999985 0.505028545856476
v 1.36231994628906 0.586233496665955 0.48601022362709
v 1.19599366188049 0.405987858772278 0.519457280635834
v 1.20615422725677 0.376958608627319 0.533090174198151
v 1.24753046035767 0.393165946006775 0.592524290084839
v 1.27514338493347 0.396086633205414 0.601260662078857
v 1.26868844032288 0.423905253410339 0.596606492996216
v 1.23813354969025 0.422821074724197 0.586845338344574
v 1.30339539051056 0.396748691797256 0.60080897808075
v 1.29939901828766 0.424156367778778 0.59674596786499
v 1.32411563396454 0.293919205665588 0.476424038410187
v 1.31830716133118 0.109423756599426 0.695383310317993
v 1.34463834762573 0.076394259929657 0.704322099685669
v 1.3407016992569 0.113889276981354 0.695038437843323
v 1.3235422372818 0.0737878084182739 0.705083549022675
v 1.36183261871338 0.112578749656677 0.68598085641861
v 1.35745644569397 0.145109474658966 0.673385262489319
v 1.38662612438202 0.0513072609901428 0.632071316242218
v 1.33018159866333 0.0358695983886719 0.711411237716675
v 1.34855818748474 0.0386496782302856 0.711239576339722
v 1.36432290077209 0.0772663354873657 0.696064174175262
v 1.36591029167175 0.0381075739860535 0.703763842582703
v 1.18112945556641 0.484882980585098 0.463692992925644
v 1.3497120141983 0.516759932041168 0.444314301013947
v 1.34464335441589 0.544913291931152 0.43711918592453
v 1.28841316699982 0.556791305541992 0.401758015155792
v 1.2596116065979 0.543144226074219 0.397916674613953
v 1.29941439628601 0.843202292919159 0.460489928722382
v 1.31763625144958 0.836438715457916 0.475126087665558
v 1.32114684581757 0.876131892204285 0.503286957740784
v 1.33604490756989 0.86743700504303 0.519451200962067
v 1.33390510082245 0.849348664283752 0.506090760231018
v 1.31903553009033 0.856885254383087 0.489011406898499
v 1.35339629650116 0.845856070518494 0.56168258190155
v 1.35365068912506 0.834458470344543 0.58525288105011
v 1.34953379631042 0.820471405982971 0.572283089160919
v 1.34977567195892 0.830703258514404 0.548857927322388
v 1.34770166873932 0.807582497596741 0.559842824935913
v 1.34032499790192 0.79961484670639 0.58192390203476
v 1.2814222574234 0.801437675952911 0.657824277877808
v 1.29993736743927 0.800654888153076 0.647685587406158
v 1.30310785770416 0.813878536224365 0.662632584571838
v 1.28442895412445 0.816085577011108 0.673069834709167
v 1.20631468296051 0.57390958070755 0.386701941490173
v 1.18247997760773 0.498570382595062 0.450380891561508
v 1.26606583595276 0.471070647239685 0.411110758781433
v 1.29675459861755 0.504830777645111 0.405829519033432
v 1.32707834243774 0.509555101394653 0.418706059455872
v 1.45681953430176 0.978998899459839 0.734780192375183
v 1.37546133995056 0.920190989971161 0.752435803413391
v 1.3793751001358 0.915858387947083 0.743331789970398
v 1.48434805870056 0.984420239925385 0.835106253623962
v 1.48907470703125 1.00182318687439 0.834158480167389
v 1.47557961940765 1.02172720432281 0.751906752586365
v 1.44429934024811 1.0488109588623 0.800637781620026
v 1.44686603546143 1.04526817798615 0.778825521469116
v 1.43474638462067 1.05094647407532 0.775735259056091
v 1.30602467060089 0.615245580673218 0.413707166910172
v 1.33411431312561 0.599424481391907 0.428277373313904
v 1.31055080890656 0.590306282043457 0.411673784255981
v 1.17223298549652 0.50717294216156 0.514829099178314
v 1.23340475559235 0.526453971862793 0.400468945503235
v 1.21538066864014 0.348685562610626 0.545009613037109
v 1.22305810451508 0.32208651304245 0.555758953094482
v 1.2283798456192 0.297680795192719 0.566104233264923
v 1.2333710193634 0.27350777387619 0.576909065246582
v 1.23839724063873 0.250026941299438 0.587233304977417
v 1.24687838554382 0.225850582122803 0.597522258758545
v 1.25813448429108 0.201553881168365 0.604924499988556
v 1.26573538780212 0.175978124141693 0.618996858596802
v 1.26721203327179 0.11138391494751 0.633572936058044
v 1.26988637447357 0.118844449520111 0.650535702705383
v 1.26835083961487 0.148131668567657 0.63594925403595
v 1.27230834960938 0.0881235003471375 0.663704037666321
v 1.27892422676086 0.0538969039916992 0.674337029457092
v 1.28958559036255 0.0193671584129333 0.684035956859589
v 1.30083346366882 -0.0156343579292297 0.692905366420746
v 1.30877757072449 -0.0512786507606506 0.702221512794495
v 1.17238068580627 0.508681893348694 0.487192302942276
v 1.17237436771393 0.508484125137329 0.500243902206421
v 1.34427797794342 1.06792712211609 0.751204490661621
v 1.39527642726898 0.965784728527069 0.692716717720032
v 1.40002012252808 0.9697305560112 0.704235196113586
v 1.45734822750092 1.02295088768005 0.748227596282959
v 1.52662122249603 0.942492306232452 0.816836476325989
v 1.52010309696198 0.954248607158661 0.826770544052124
v 1.47357785701752 1.00705921649933 0.744792580604553
v 1.40730774402618 0.991031348705292 0.717392683029175
v 1.41840887069702 0.994274079799652 0.724721670150757
v 1.59649121761322 1.04435670375824 0.90179431438446
v 1.60796236991882 1.04121065139771 0.909740328788757
v 1.6014758348465 1.05921542644501 0.914775013923645
v 1.59128749370575 1.06200969219208 0.906240403652191
v 1.5900411605835 1.0498526096344 0.890230357646942
v 1.58655309677124 1.06676185131073 0.894920945167542
v 1.6276752948761 1.07881617546082 0.848049163818359
v 1.61422753334045 1.07328593730927 0.849671602249146
v 1.61162948608398 1.08983790874481 0.86048835515976
v 1.62462663650513 1.09512078762054 0.860017001628876
v 1.58306908607483 1.08925986289978 0.889134645462036
v 1.58865928649902 1.09452390670776 0.880212366580963
v 1.59175562858582 1.07822442054749 0.872670888900757
v 1.58654642105103 1.07256650924683 0.883667707443237
v 1.65469026565552 1.07788014411926 0.86293363571167
v 1.66145384311676 1.07185101509094 0.874764919281006
v 1.66730499267578 1.0557553768158 0.861610770225525
v 1.65924167633057 1.06220138072968 0.849725127220154
v 1.63144421577454 1.01174771785736 0.807171821594238
v 1.64525008201599 1.01241719722748 0.804135680198669
v 1.64345741271973 1.00025224685669 0.796936631202698
v 1.6311012506485 1.00176155567169 0.80060887336731
v 1.60491573810577 1.00988328456879 0.892246723175049
v 1.61896324157715 1.00552880764008 0.89846533536911
v 1.61383748054504 1.02291190624237 0.904195189476013
v 1.60086619853973 1.02680802345276 0.896794021129608
v 1.59800124168396 1.02977705001831 0.851280570030212
v 1.60623013973236 1.03527140617371 0.839096069335938
v 1.60838627815247 1.01950216293335 0.830864131450653
v 1.60035479068756 1.01445364952087 0.844136357307434
v 1.60998165607452 0.993037819862366 0.887022376060486
v 1.62477242946625 0.988559007644653 0.891010463237762
v 1.59360122680664 1.061527967453 0.865480422973633
v 1.60296678543091 1.06719481945038 0.855754256248474
v 1.60444569587708 1.05104959011078 0.846930265426636
v 1.59548687934875 1.0455801486969 0.858483552932739
v 1.64164006710052 1.10894620418549 0.887445449829102
v 1.6459538936615 1.10341262817383 0.898033201694489
v 1.6542112827301 1.08768105506897 0.886958062648773
v 1.64871537685394 1.0936473608017 0.875718712806702
v 1.59738707542419 1.100226521492 0.874420881271362
v 1.6079181432724 1.10613548755646 0.871327042579651
v 1.60086178779602 1.08381569385529 0.865072309970856
v 1.61972737312317 1.07849085330963 0.926035046577454
v 1.60697793960571 1.07667338848114 0.924872279167175
v 1.61493575572968 1.05811536312103 0.918909788131714
v 1.62872850894928 1.0601909160614 0.919254779815674
v 1.63095033168793 1.04488778114319 0.824616670608521
v 1.61778044700623 1.04027509689331 0.829284310340881
v 1.61616635322571 1.05690789222717 0.839115798473358
v 1.62974333763123 1.06196618080139 0.836285829544067
v 1.59613919258118 1.01577258110046 0.879301309585571
v 1.59327292442322 1.0325585603714 0.884760141372681
v 1.63632559776306 1.04283106327057 0.913443446159363
v 1.62234234809875 1.0400390625 0.91287887096405
v 1.62898397445679 1.02224802970886 0.906179904937744
v 1.6443932056427 1.02434253692627 0.903982281684875
v 1.66575849056244 1.01303434371948 0.886438727378845
v 1.67309987545013 1.0212322473526 0.874359369277954
v 1.66585695743561 1.03788328170776 0.886648416519165
v 1.65778684616089 1.03002524375916 0.89733099937439
v 1.63176321983337 1.02714836597443 0.814847111701965
v 1.64665675163269 1.02954602241516 0.814105153083801
v 1.66192603111267 1.04546713829041 0.835665702819824
v 1.67176699638367 1.03911828994751 0.847352266311646
v 1.67421174049377 1.02172303199768 0.832420170307159
v 1.66230714321136 1.02796483039856 0.820556402206421
v 1.600825548172 0.983670055866241 0.85263466835022
v 1.60516703128815 0.974129021167755 0.869759321212769
v 1.6018146276474 0.985370457172394 0.872589945793152
v 1.59724771976471 0.994033396244049 0.85666036605835
v 1.61432468891144 0.977752685546875 0.881360709667206
v 1.61804473400116 0.965442359447479 0.875645339488983
v 1.62906074523926 0.945741653442383 0.864244520664215
v 1.63937926292419 0.940685868263245 0.855607092380524
v 1.64469170570374 0.9461909532547 0.862719058990479
v 1.63242471218109 0.951056897640228 0.870031595230103
v 1.6800491809845 0.978509545326233 0.861154198646545
v 1.68581008911133 0.984824955463409 0.844925820827484
v 1.67992222309113 1.00394666194916 0.860115766525269
v 1.67389321327209 0.996315181255341 0.874471247196198
v 1.68305659294128 0.978881299495697 0.813368678092957
v 1.67212343215942 0.989495992660522 0.803399324417114
v 1.67464542388916 1.00390887260437 0.817371010780334
v 1.68317294120789 0.994291126728058 0.82970005273819
v 1.63167572021484 0.95413202047348 0.775223016738892
v 1.62705111503601 0.964938282966614 0.770729660987854
v 1.64328670501709 0.968546211719513 0.778030753135681
v 1.64988875389099 0.958499431610107 0.78402853012085
v 1.62743020057678 0.989419877529144 0.780781507492065
v 1.61469054222107 0.989356637001038 0.77431058883667
v 1.60978472232819 0.999588668346405 0.78403627872467
v 1.62086689472198 0.99791693687439 0.789648115634918
v 1.5967390537262 0.985885500907898 0.850281715393066
v 1.59785318374634 0.967802047729492 0.858533143997192
v 1.60481834411621 0.96559077501297 0.863393783569336
v 1.60237169265747 0.980632960796356 0.853010773658752
v 1.68259918689728 0.961754202842712 0.848638892173767
v 1.69102835655212 0.966483116149902 0.828025698661804
v 1.63542079925537 0.990172386169434 0.785773515701294
v 1.62703263759613 0.99666953086853 0.79268079996109
v 1.63010835647583 0.99719375371933 0.796431839466095
v 1.64060139656067 0.99293714761734 0.790456652641296
v 1.61353540420532 0.998149156570435 0.820247769355774
v 1.60755157470703 0.989251315593719 0.836142659187317
v 1.60655224323273 0.989323735237122 0.835133254528046
v 1.61344599723816 0.99674916267395 0.819594442844391
v 1.60490047931671 0.978315353393555 0.852771461009979
v 1.60855317115784 0.965488374233246 0.866387903690338
v 1.60854434967041 0.96779066324234 0.866039991378784
v 1.6037917137146 0.979439795017242 0.851844847202301
v 1.67913639545441 0.94999235868454 0.839284181594849
v 1.6681342124939 0.948752403259277 0.850885510444641
v 1.66429197788239 0.941694676876068 0.841580748558044
v 1.67278480529785 0.943539321422577 0.82987380027771
v 1.67500185966492 0.96918249130249 0.80069625377655
v 1.66577613353729 0.979161143302917 0.792691111564636
v 1.61218106746674 0.999083340167999 0.820168733596802
v 1.62022531032562 1.00269222259521 0.808499872684479
v 1.62077760696411 0.999725759029388 0.805908143520355
v 1.61988043785095 0.957910895347595 0.871072888374329
v 1.63520228862762 0.944552302360535 0.782432019710541
v 1.63629388809204 0.936180412769318 0.791915357112885
v 1.61580038070679 0.933906257152557 0.783657312393188
v 1.61517035961151 0.941835939884186 0.773428499698639
v 1.61206829547882 0.952266991138458 0.766635656356812
v 1.60739517211914 0.964820146560669 0.763170719146729
v 1.59631156921387 0.991841375827789 0.768816411495209
v 1.59164869785309 1.00278639793396 0.779023289680481
v 1.58776569366455 1.01034379005432 0.793467462062836
v 1.58441710472107 1.01341342926025 0.809927582740784
v 1.60168647766113 1.00774931907654 0.814732789993286
v 1.60533034801483 1.00612199306488 0.797843813896179
v 1.58031249046326 0.994541764259338 0.842853546142578
v 1.58176302909851 0.975792586803436 0.850382149219513
v 1.60386335849762 0.952990531921387 0.85856294631958
v 1.58701288700104 0.95768266916275 0.851430594921112
v 1.64541149139404 0.981926679611206 0.78265655040741
v 1.63555824756622 0.979318022727966 0.776778101921082
v 1.64969742298126 1.04700088500977 0.907322287559509
v 1.65788245201111 1.05468440055847 0.898238718509674
v 1.64945483207703 1.0716689825058 0.907768607139587
v 1.64094996452332 1.06453835964203 0.914905965328217
v 1.64513981342316 1.09615635871887 0.908103466033936
v 1.65392017364502 1.07983469963074 0.898147463798523
v 1.5890406370163 1.05541348457336 0.877671837806702
v 1.59152257442474 1.03930485248566 0.871469080448151
v 1.58166861534119 1.08393204212189 0.900063633918762
v 1.60473918914795 0.992940306663513 0.835048019886017
v 1.60277140140533 1.00115358829498 0.837780296802521
v 1.64904761314392 0.937929332256317 0.844338417053223
v 1.63127446174622 0.936872243881226 0.849135041236877
v 1.63987028598785 0.933962285518646 0.837228178977966
v 1.66774833202362 0.959047257900238 0.861360549926758
v 1.66409552097321 0.973078906536102 0.872526049613953
v 1.64619505405426 0.971150755882263 0.878456294536591
v 1.65039014816284 0.955563724040985 0.868845224380493
v 1.66504859924316 0.939260184764862 0.820931792259216
v 1.65804302692413 0.936555981636047 0.833267331123352
v 1.64664459228516 0.932602047920227 0.825714826583862
v 1.65224575996399 0.934490323066711 0.812804102897644
v 1.5992773771286 1.00091409683228 0.833721399307251
v 1.60548770427704 0.993676245212555 0.836491584777832
v 1.60098624229431 0.933682084083557 0.837620675563812
v 1.61785328388214 0.934101998806 0.843078851699829
v 1.61121380329132 0.941830515861511 0.853146314620972
v 1.59507358074188 0.943249225616455 0.846721172332764
v 1.62207424640656 0.942793130874634 0.858370542526245
v 1.60583782196045 0.92900550365448 0.825019836425781
v 1.62447667121887 0.930513501167297 0.831197679042816
v 1.5816969871521 1.00899243354797 0.827601552009583
v 1.63373553752899 0.930990517139435 0.804869890213013
v 1.62957668304443 0.930005550384521 0.818400979042053
v 1.60973906517029 0.928272187709808 0.81122213602066
v 1.61325550079346 0.929074108600616 0.796778440475464
v 1.66185784339905 1.06334888935089 0.886888384819031
v 1.66871094703674 1.04683613777161 0.874478936195374
v 1.65851020812988 0.99698144197464 0.796593725681305
v 1.66132116317749 1.01067745685577 0.806775212287903
v 1.65320825576782 0.987209975719452 0.789110541343689
v 1.64272117614746 1.08099842071533 0.852922081947327
v 1.63824021816254 1.09662318229675 0.865698337554932
v 1.64684748649597 1.04753029346466 0.826498985290527
v 1.64534735679626 1.06455230712891 0.839684963226318
v 1.65127444267273 1.00732493400574 0.895333826541901
v 1.66851222515106 0.954124450683594 0.800611257553101
v 1.66338586807251 0.963254511356354 0.79219126701355
v 1.68074703216553 0.958994448184967 0.810738742351532
v 1.60139334201813 0.97871720790863 0.763446450233459
v 1.62100529670715 0.977243721485138 0.769902527332306
v 1.68543636798859 0.953347623348236 0.828562259674072
v 1.57626700401306 0.981926739215851 0.756581723690033
v 1.63315153121948 0.958903431892395 0.874625682830811
v 1.61806440353394 0.954055607318878 0.869170606136322
v 1.61275696754456 0.952609419822693 0.86449670791626
v 1.59443438053131 1.07710826396942 0.919953346252441
v 1.59366250038147 1.02332925796509 0.865293383598328
v 1.61021661758423 1.00710880756378 0.824732780456543
v 1.61990714073181 1.01014959812164 0.813511371612549
v 1.66922450065613 0.945629417896271 0.809956610202789
v 1.6552562713623 0.940413773059845 0.800868630409241
v 1.65417718887329 0.949062407016754 0.791535675525665
v 1.61042547225952 1.00296592712402 0.819253206253052
v 1.61562490463257 1.0035572052002 0.802705824375153
v 1.63263320922852 1.11166954040527 0.877761840820312
v 1.61980164051056 1.00070154666901 0.805850982666016
v 1.62900292873383 0.973167777061462 0.88464879989624
v 1.24619853496552 0.962271869182587 0.807791590690613
v 1.36925029754639 0.923257410526276 0.595249891281128
v 1.32985842227936 0.930559456348419 0.54004567861557
v 1.34299278259277 0.923265635967255 0.555828392505646
v 1.38596177101135 0.954586088657379 0.665394425392151
v 1.39061677455902 0.961056470870972 0.679736256599426
v 1.40781879425049 0.975970923900604 0.714364051818848
v 1.41831409931183 0.980133831501007 0.721438407897949
v 1.37797892093658 0.956601679325104 0.620714664459229
v 1.3417112827301 1.17946171760559 0.877005934715271
v 1.33921551704407 1.17315554618835 0.873377442359924
v 1.34606826305389 1.1872410774231 0.887041389942169
v 1.20728266239166 0.822800397872925 0.402029931545258
v 1.33650946617126 1.1793224811554 0.860100865364075
v 1.33302462100983 1.1727294921875 0.854968309402466
v 1.33851611614227 1.17639636993408 0.855846524238586
v 1.33600890636444 1.18144690990448 0.860102891921997
v 1.33625030517578 1.18256938457489 0.860681414604187
v 1.34520196914673 1.196892619133 0.883337557315826
v 1.33596909046173 1.16790461540222 0.867198824882507
v 1.33256566524506 1.1642359495163 0.859678983688354
v 1.34047663211823 1.19368708133698 0.869141578674316
v 1.24239802360535 0.728601336479187 0.613024830818176
v 1.2189736366272 0.730053901672363 0.613004446029663
v 1.21940469741821 0.714354336261749 0.617317199707031
v 1.24433493614197 0.712380886077881 0.615427911281586
v 1.22047293186188 0.697399020195007 0.622524976730347
v 1.33009314537048 0.663107872009277 0.587505340576172
v 1.34523844718933 0.668634712696075 0.563012361526489
v 1.34291541576385 0.688816785812378 0.564134001731873
v 1.32770323753357 0.68438333272934 0.586358487606049
v 1.35155391693115 0.708984076976776 0.541848957538605
v 1.34039068222046 0.705199837684631 0.566100001335144
v 1.35349571704865 0.693098366260529 0.538017690181732
v 1.35649311542511 0.693100094795227 0.509888350963593
v 1.35510408878326 0.710906505584717 0.514429748058319
v 1.35220718383789 0.689553022384644 0.482355892658234
v 1.35094463825226 0.709870576858521 0.487189054489136
v 1.34184324741364 0.68289041519165 0.458178162574768
v 1.3261706829071 0.677356600761414 0.436439990997314
v 1.30420100688934 0.644595384597778 0.417376697063446
v 1.28043806552887 0.666000604629517 0.404312312602997
v 1.30493116378784 0.671177327632904 0.4188412129879
v 1.23350417613983 0.662360787391663 0.384159594774246
v 1.25571441650391 0.661778211593628 0.393243461847305
v 1.19267761707306 0.667464137077332 0.375271856784821
v 1.21232616901398 0.664992928504944 0.378434062004089
v 1.3445862531662 1.06796085834503 0.724895596504211
v 1.31403768062592 1.03350019454956 0.835053443908691
v 1.32037115097046 1.02763080596924 0.834318935871124
v 1.32940888404846 1.04405355453491 0.825243175029755
v 1.32834112644196 0.96473091840744 0.819523453712463
v 1.33007037639618 0.982631981372833 0.826308488845825
v 1.31402802467346 0.974406123161316 0.827317714691162
v 1.31158351898193 0.958447575569153 0.820005536079407
v 1.30421543121338 1.02034497261047 0.836240291595459
v 1.30037713050842 1.02448010444641 0.836052238941193
v 1.30831062793732 1.01342105865479 0.836055099964142
v 1.28048157691956 0.99702113866806 0.832035601139069
v 1.29476261138916 1.00319361686707 0.834817469120026
v 1.3574538230896 1.03146648406982 0.823883414268494
v 1.35472798347473 1.00863027572632 0.827926516532898
v 1.36467599868774 1.01001060009003 0.826626360416412
v 1.36840748786926 1.03192579746246 0.823836743831635
v 1.35580861568451 0.958593606948853 0.809325337409973
v 1.35612201690674 0.947033584117889 0.798735499382019
v 1.36701023578644 0.951122283935547 0.799119055271149
v 1.36592674255371 0.962214112281799 0.809182405471802
v 1.40645110607147 1.03063082695007 0.832513034343719
v 1.40000033378601 1.01014602184296 0.834273338317871
v 1.41351342201233 1.00664079189301 0.837640285491943
v 1.41961658000946 1.02626955509186 0.835097432136536
v 1.36464881896973 0.97539097070694 0.817880034446716
v 1.3008953332901 0.882422566413879 0.75436532497406
v 1.32096433639526 0.888594686985016 0.758953809738159
v 1.33840310573578 0.895992934703827 0.761066555976868
v 1.37217283248901 0.924819529056549 0.761131525039673
v 1.36359763145447 0.917506575584412 0.761212110519409
v 1.36762428283691 0.911972165107727 0.751875996589661
v 1.38329815864563 0.930305302143097 0.759975850582123
v 1.39580392837524 0.933838129043579 0.75929594039917
v 1.43307888507843 1.03900480270386 0.754320561885834
v 1.42301785945892 1.04368150234222 0.746706604957581
v 1.42238616943359 1.05635809898376 0.771494626998901
v 1.42443645000458 0.93928724527359 0.75868421792984
v 1.41011619567871 0.937112987041473 0.754046857357025
v 1.41071224212646 0.936309516429901 0.746751546859741
v 1.42550110816956 0.939152300357819 0.752062201499939
v 1.34846687316895 1.03175127506256 0.824614405632019
v 1.41171586513519 0.98985093832016 0.832343101501465
v 1.39824628829956 0.992991626262665 0.828849732875824
v 1.39908158779144 0.978610277175903 0.821359276771545
v 1.4119690656662 0.976225674152374 0.824639678001404
v 1.41339123249054 0.965885579586029 0.816100716590881
v 1.40057563781738 0.966931939125061 0.812951564788818
v 1.40194475650787 0.957731783390045 0.803713440895081
v 1.41476440429688 0.957625329494476 0.806552469730377
v 1.42400634288788 0.940547704696655 0.76501053571701
v 1.40867578983307 0.938106000423431 0.763441383838654
v 1.43947529792786 1.03943073749542 0.82254284620285
v 1.38494348526001 1.05456352233887 0.815038919448853
v 1.39081478118896 1.06683027744293 0.792542457580566
v 1.37882900238037 1.06767022609711 0.791494607925415
v 1.3728461265564 1.05446088314056 0.813419878482819
v 1.43640911579132 0.968342959880829 0.72974157333374
v 1.43360638618469 0.979060292243958 0.729672253131866
v 1.43966388702393 0.958195865154266 0.730113506317139
v 1.41058778762817 0.936630308628082 0.73423820734024
v 1.44180655479431 0.950128018856049 0.73291277885437
v 1.44043266773224 1.02191758155823 0.744435012340546
v 1.44505369663239 1.03491914272308 0.759371280670166
v 1.39638090133667 1.06600081920624 0.765222430229187
v 1.38471841812134 1.06827986240387 0.764502167701721
v 1.43274080753326 1.02082335948944 0.836893379688263
v 1.42710816860199 1.00103604793549 0.839777410030365
v 1.43972933292389 0.938667714595795 0.762569665908813
v 1.44144201278687 0.938624560832977 0.756344318389893
v 1.45569515228271 0.936423897743225 0.761956751346588
v 1.39924108982086 0.928185522556305 0.736663818359375
v 1.41102457046509 0.93607634305954 0.741188526153564
v 1.37964189052582 1.03250014781952 0.826361298561096
v 1.42479491233826 0.984501719474792 0.833459913730621
v 1.42422759532928 0.971760034561157 0.825163304805756
v 1.38825750350952 0.966625213623047 0.810649931430817
v 1.38675618171692 0.978797972202301 0.818534135818481
v 1.37542831897736 0.977795004844666 0.817304253578186
v 1.37685692310333 0.964685916900635 0.809547543525696
v 1.42788004875183 0.955590069293976 0.80944299697876
v 1.43089616298676 0.94922262430191 0.798540472984314
v 1.37823534011841 0.954327046871185 0.79976350069046
v 1.38980317115784 0.956629812717438 0.801113605499268
v 1.43855607509613 0.939680933952332 0.768362522125244
v 1.37414944171906 1.06842947006226 0.764370560646057
v 1.37915694713593 1.06490123271942 0.738673269748688
v 1.36888432502747 1.06560099124908 0.735072791576385
v 1.40119647979736 1.05686414241791 0.740021407604218
v 1.38987326622009 1.06184840202332 0.73967981338501
v 1.41297888755798 1.04970037937164 0.741015315055847
v 1.35756182670593 1.06605994701385 0.730075836181641
v 1.67858624458313 0.948664307594299 0.818734288215637
v 1.459228515625 0.936686933040619 0.756794333457947
v 1.47374629974365 0.933757841587067 0.763788461685181
v 1.46881079673767 0.934816062450409 0.76744532585144
v 1.52762007713318 0.934612512588501 0.802140295505524
v 1.23436367511749 1.24147725105286 0.762164831161499
v 1.23433780670166 1.24692702293396 0.76541543006897
v 1.23709964752197 1.2595134973526 0.781633973121643
v 1.23783934116364 1.2610365152359 0.785031735897064
v 1.65467619895935 0.943035304546356 0.852024078369141
v 1.65821576118469 0.948705434799194 0.857484996318817
v 1.65834534168243 0.989954471588135 0.883640170097351
v 1.63508117198944 1.00476551055908 0.897768139839172
v 1.64080083370209 0.987528085708618 0.888775229454041
v 1.59920072555542 0.99977833032608 0.874668478965759
v 1.59621870517731 1.00675535202026 0.858692646026611
v 1.61916434764862 1.02414429187775 0.821066856384277
v 1.67998445034027 1.01276350021362 0.845530033111572
v 1.57106566429138 1.11351525783539 0.919488251209259
v 1.57822060585022 1.11177849769592 0.929498314857483
v 1.56973886489868 1.1280552148819 0.933740317821503
v 1.56377959251404 1.1300675868988 0.923032164573669
v 1.55720520019531 1.14510035514832 0.926993727684021
v 1.55862522125244 1.15072870254517 0.918290972709656
v 1.56399345397949 1.13495349884033 0.913291394710541
v 1.56430983543396 1.15719521045685 0.912872791290283
v 1.56885027885437 1.14079260826111 0.906629621982574
v 1.57202517986298 1.1627379655838 0.909882307052612
v 1.58037877082825 1.16699171066284 0.909956037998199
v 1.58471858501434 1.15098488330841 0.900969386100769
v 1.57633972167969 1.14630270004272 0.902304649353027
v 1.59841334819794 1.13823342323303 0.892427325248718
v 1.59362041950226 1.15456712245941 0.90308403968811
v 1.60275888442993 1.15709698200226 0.907283306121826
v 1.60910582542419 1.14156746864319 0.895234167575836
v 1.60769557952881 1.17093575000763 0.932306170463562
v 1.60874056816101 1.16685688495636 0.939233899116516
v 1.61822819709778 1.15143382549286 0.929733633995056
v 1.61714696884155 1.15569388866425 0.92153012752533
v 1.61940562725067 1.12399899959564 0.934363543987274
v 1.62531495094299 1.12966334819794 0.92740273475647
v 1.61535608768463 1.14594626426697 0.937252223491669
v 1.60998713970184 1.14015018939972 0.943829536437988
v 1.60212373733521 1.15370810031891 0.953226804733276
v 1.59284579753876 1.14846098423004 0.955249905586243
v 1.60210752487183 1.13497543334961 0.94735848903656
v 1.58533668518066 1.07974493503571 0.911411643028259
v 1.57822132110596 1.09658920764923 0.915713906288147
v 1.57589066028595 1.10117483139038 0.904497742652893
v 1.580411195755 1.12886595726013 0.894713521003723
v 1.58455348014832 1.11154496669769 0.887565016746521
v 1.57838606834412 1.10633432865143 0.894673347473145
v 1.5736300945282 1.12360513210297 0.90031909942627
v 1.6203978061676 1.11081099510193 0.87188845872879
v 1.60348308086395 1.12221145629883 0.881945610046387
v 1.61485660076141 1.126056432724 0.883769035339355
v 1.58893322944641 1.13393616676331 0.89224898815155
v 1.5933746099472 1.11687386035919 0.883448541164398
v 1.61917209625244 1.14188289642334 0.90133011341095
v 1.6112744808197 1.15747916698456 0.913654088973999
v 1.58892214298248 1.11178851127625 0.9357630610466
v 1.60066056251526 1.11415278911591 0.938813805580139
v 1.59085929393768 1.13135433197021 0.945871829986572
v 1.57974720001221 1.12880647182465 0.94182825088501
v 1.62577199935913 1.12685608863831 0.889650404453278
v 1.61016356945038 1.09670329093933 0.932611048221588
v 1.59820008277893 1.09444236755371 0.930340886116028
v 1.61159753799438 1.11806929111481 0.938087165355682
v 1.62123870849609 1.10097301006317 0.93034815788269
v 1.57165884971619 1.14311730861664 0.946234107017517
v 1.56187355518341 1.14265751838684 0.937806069850922
v 1.58656334877014 1.09391915798187 0.924330770969391
v 1.62587857246399 1.13983345031738 0.910065829753876
v 1.62800312042236 1.13543796539307 0.919314503669739
v 1.63719666004181 1.11932182312012 0.908704340457916
v 1.63383722305298 1.12431764602661 0.898647248744965
v 1.63983988761902 1.08924329280853 0.91600227355957
v 1.63552808761597 1.11264753341675 0.916993498802185
v 1.6299295425415 1.10656309127808 0.924631118774414
v 1.60659623146057 1.16093730926514 0.94675201177597
v 1.63107323646545 1.0834014415741 0.923302292823792
v 1.53085350990295 1.21642017364502 0.954382121562958
v 1.53581309318542 1.2132556438446 0.946181893348694
v 1.52530455589294 1.21453416347504 0.942103028297424
v 1.52070987224579 1.21694242954254 0.95096492767334
v 1.53348898887634 1.20913755893707 0.920881032943726
v 1.53243315219879 1.1993807554245 0.9137864112854
v 1.51922857761383 1.20132768154144 0.91437691450119
v 1.5202944278717 1.20991015434265 0.920602917671204
v 1.5117301940918 1.21501731872559 0.948682069778442
v 1.51620173454285 1.21387767791748 0.939723968505859
v 1.50689053535461 1.20974040031433 0.946587085723877
v 1.50323462486267 1.20977318286896 0.957737565040588
v 1.50692582130432 1.21599686145782 0.956501007080078
v 1.49909830093384 1.21147668361664 0.965336561203003
v 1.50722098350525 1.19963097572327 0.961631715297699
v 1.5021390914917 1.20488929748535 0.971794843673706
v 1.52691197395325 1.19503831863403 0.979684472084045
v 1.53612411022186 1.19619405269623 0.984841406345367
v 1.52749061584473 1.20463013648987 0.992938101291656
v 1.51823937892914 1.20310914516449 0.987140953540802
v 1.5473644733429 1.20894813537598 0.996863305568695
v 1.53668236732483 1.20689046382904 0.995969891548157
v 1.54452729225159 1.19795703887939 0.987451314926147
v 1.55376005172729 1.19992363452911 0.988837361335754
v 1.54517042636871 1.21533560752869 0.96120822429657
v 1.55215072631836 1.21155631542206 0.954357266426086
v 1.54566180706024 1.21146738529205 0.951096653938293
v 1.53963351249695 1.2151426076889 0.958378374576569
v 1.49998545646667 1.20297622680664 0.939144730567932
v 1.50708436965942 1.19708442687988 0.946282386779785
v 1.50530397891998 1.20336186885834 0.948924243450165
v 1.50083017349243 1.20707321166992 0.939494013786316
v 1.57858431339264 1.20856308937073 0.94234573841095
v 1.58442771434784 1.199746966362 0.935714244842529
v 1.57714247703552 1.19757294654846 0.931003034114838
v 1.57303357124329 1.20566058158875 0.937756896018982
v 1.55394017696381 1.19446289539337 0.915494799613953
v 1.56207311153412 1.19145822525024 0.919076025485992
v 1.55490076541901 1.17792165279388 0.916876554489136
v 1.54755878448486 1.18121218681335 0.915685892105103
v 1.54428374767303 1.19702851772308 0.913756012916565
v 1.53961837291718 1.18415760993958 0.914752125740051
v 1.5290162563324 1.18795990943909 0.915086030960083
v 1.51637601852417 1.19206428527832 0.91555655002594
v 1.59243178367615 1.1998438835144 0.943071246147156
v 1.5901335477829 1.20698499679565 0.948809385299683
v 1.47080934047699 1.24113881587982 0.992584526538849
v 1.4745762348175 1.24459135532379 0.995493471622467
v 1.47810411453247 1.24166464805603 0.992082417011261
v 1.47429871559143 1.23809742927551 0.989180088043213
v 1.59301030635834 1.19417214393616 0.964233696460724
v 1.58765709400177 1.18731689453125 0.969038248062134
v 1.59234142303467 1.18390202522278 0.963768482208252
v 1.59598314762115 1.19087719917297 0.958059072494507
v 1.58932948112488 1.19896245002747 0.971886992454529
v 1.58203911781311 1.19147491455078 0.975394606590271
v 1.46680426597595 1.2311704158783 1.00037360191345
v 1.46628856658936 1.23343920707703 0.995541572570801
v 1.47030806541443 1.22988831996918 0.993047654628754
v 1.47119235992432 1.22765135765076 0.997978568077087
v 1.51510798931122 1.21985399723053 0.95780348777771
v 1.52435684204102 1.22026634216309 0.960773587226868
v 1.50553822517395 1.22921526432037 0.971713185310364
v 1.51667189598083 1.22557377815247 0.96708619594574
v 1.50826585292816 1.22267985343933 0.963083684444427
v 1.5013747215271 1.2251136302948 0.968088030815125
v 1.53579580783844 1.22646427154541 0.975603342056274
v 1.54242968559265 1.22057151794434 0.969397187232971
v 1.53455185890198 1.22059643268585 0.967215418815613
v 1.52782201766968 1.22696459293365 0.973544716835022
v 1.55388987064362 1.22482228279114 0.973338663578033
v 1.54766309261322 1.22986030578613 0.97994601726532
v 1.55388331413269 1.23249924182892 0.982057690620422
v 1.55893981456757 1.22791695594788 0.975934326648712
v 1.52992653846741 1.23691356182098 0.990530252456665
v 1.52381253242493 1.23921811580658 0.998040378093719
v 1.52856469154358 1.23987150192261 1.00038385391235
v 1.53488755226135 1.23808526992798 0.992804944515228
v 1.59632134437561 1.18003070354462 0.959903955459595
v 1.59922647476196 1.18626141548157 0.952872276306152
v 1.56718897819519 1.21499931812286 0.997960090637207
v 1.57540690898895 1.22034382820129 0.994291603565216
v 1.57252645492554 1.22780609130859 1.00142168998718
v 1.56414580345154 1.22192645072937 1.00480341911316
v 1.57921636104584 1.18137514591217 0.970971465110779
v 1.58425354957581 1.17729985713959 0.967008948326111
v 1.46948862075806 1.23140859603882 1.00560975074768
v 1.47390604019165 1.227747797966 1.00328636169434
v 1.5277144908905 1.18092811107635 0.92413055896759
v 1.51459121704102 1.18594622612 0.923333585262299
v 1.53805065155029 1.17676424980164 0.924588441848755
v 1.54474127292633 1.17332291603088 0.924734234809875
v 1.54933941364288 1.16851115226746 0.923325777053833
v 1.5168205499649 1.22951817512512 0.973588466644287
v 1.53347027301788 1.21844696998596 0.962471008300781
v 1.54963088035583 1.21610224246979 0.962643802165985
v 1.57538914680481 1.22809600830078 0.974056720733643
v 1.58009803295135 1.22401893138885 0.968921184539795
v 1.57076978683472 1.22316026687622 0.964983463287354
v 1.56824731826782 1.22673726081848 0.971366226673126
v 1.57910180091858 1.22742962837219 0.988923013210297
v 1.575643658638 1.23171436786652 0.984114527702332
v 1.57125759124756 1.23685908317566 0.990370452404022
v 1.57521033287048 1.23389863967896 0.995559751987457
v 1.49771523475647 1.19813168048859 0.936724781990051
v 1.50757336616516 1.1919162273407 0.940410792827606
v 1.59471929073334 1.20147478580475 0.957328736782074
v 1.59665501117706 1.19635486602783 0.9508455991745
v 1.5985004901886 1.19071781635284 0.945639371871948
v 1.56325948238373 1.20939469337463 0.945993781089783
v 1.56927573680878 1.20439636707306 0.934626698493958
v 1.56390285491943 1.20432639122009 0.930650293827057
v 1.55886745452881 1.20893919467926 0.943987667560577
v 1.54176187515259 1.21207714080811 0.935242533683777
v 1.54623234272003 1.20767116546631 0.922976076602936
v 1.52998757362366 1.21345543861389 0.931928277015686
v 1.57115983963013 1.19541096687317 0.925738871097565
v 1.58022403717041 1.18981146812439 0.926961898803711
v 1.57314276695251 1.18723559379578 0.92151939868927
v 1.58782386779785 1.19211506843567 0.932640314102173
v 1.59440350532532 1.19273054599762 0.939091861248016
v 1.58386075496674 1.1817215681076 0.921855330467224
v 1.57622456550598 1.17879843711853 0.917140483856201
v 1.59147262573242 1.18373703956604 0.927993297576904
v 1.59732973575592 1.18416571617126 0.93452000617981
v 1.59496235847473 1.16378438472748 0.960137605667114
v 1.60102033615112 1.17174959182739 0.954089164733887
v 1.5894410610199 1.17187333106995 0.963854789733887
v 1.55931556224823 1.16918301582336 0.916193664073944
v 1.56440007686615 1.18298542499542 0.918258905410767
v 1.56767702102661 1.17545688152313 0.915588736534119
v 1.55347466468811 1.16170787811279 0.921362400054932
v 1.51132082939148 1.20992255210876 0.92047393321991
v 1.50328993797302 1.21096479892731 0.920511901378632
v 1.50374436378479 1.21378231048584 0.927877008914948
v 1.51087999343872 1.2124537229538 0.929089903831482
v 1.49495339393616 1.2141284942627 0.972009658813477
v 1.49673295021057 1.21982860565186 0.968125104904175
v 1.5017077922821 1.21763741970062 0.96237188577652
v 1.57735085487366 1.2148517370224 0.951008796691895
v 1.58763515949249 1.21362042427063 0.956450939178467
v 1.50765347480774 1.23166704177856 0.976855218410492
v 1.47644782066345 1.22391271591187 0.994510471820831
v 1.47540676593781 1.22646570205688 0.989449679851532
v 1.48426413536072 1.22100293636322 0.982541620731354
v 1.48504066467285 1.217928647995 0.988308548927307
v 1.50318384170532 1.23309898376465 0.986940085887909
v 1.50153160095215 1.23257482051849 0.980881571769714
v 1.49546670913696 1.23570871353149 0.985311686992645
v 1.49651670455933 1.23488545417786 0.991579413414001
v 1.53609395027161 1.24154186248779 1.00077319145203
v 1.54140269756317 1.23986911773682 0.994827091693878
v 1.51051449775696 1.21398854255676 0.992236256599426
v 1.50233197212219 1.20803678035736 0.986063003540039
v 1.50898408889771 1.20128798484802 0.979873776435852
v 1.54213714599609 1.22781014442444 0.977922439575195
v 1.53613877296448 1.23301029205322 0.984072029590607
v 1.54129230976105 1.23458862304688 0.986354947090149
v 1.51629042625427 1.23107624053955 0.977678835391998
v 1.51023435592651 1.23244988918304 0.98097026348114
v 1.51630556583405 1.23305892944336 0.983096718788147
v 1.52272891998291 1.23064136505127 0.97831803560257
v 1.57979595661163 1.21199011802673 0.986941397190094
v 1.584512591362 1.22131550312042 0.979991436004639
v 1.46784234046936 1.23698091506958 0.992779195308685
v 1.47142899036407 1.23366224765778 0.989848554134369
v 1.60241663455963 1.1786937713623 0.946917057037354
v 1.60111284255981 1.18277728557587 0.940325319766998
v 1.54829263687134 1.22207796573639 0.971164345741272
v 1.5173317193985 1.19507336616516 0.972007751464844
v 1.55447816848755 1.2176331281662 0.963889598846436
v 1.54513835906982 1.22729337215424 1.0078125
v 1.54955470561981 1.23361039161682 1.00669813156128
v 1.5428683757782 1.23659610748291 1.00960862636566
v 1.54059541225433 1.23117828369141 1.01266503334045
v 1.48799026012421 1.23813056945801 0.998433589935303
v 1.48629236221313 1.23992514610291 0.99257493019104
v 1.48122346401215 1.24259519577026 0.997265934944153
v 1.48264384269714 1.24070775508881 1.0027482509613
v 1.49943614006042 1.23043572902679 0.976174473762512
v 1.49596762657166 1.22705936431885 0.973046839237213
v 1.48935604095459 1.23020792007446 0.978294551372528
v 1.49287581443787 1.23387479782104 0.980761706829071
v 1.49239325523376 1.22210669517517 0.973819494247437
v 1.48594558238983 1.2253702878952 0.979064166545868
v 1.48705887794495 1.23364925384521 1.00345265865326
v 1.48368561267853 1.22759056091309 1.00390636920929
v 1.4927431344986 1.22270631790161 0.998079717159271
v 1.49530839920044 1.22980916500092 0.997148454189301
v 1.56013083457947 1.19119644165039 0.981213271617889
v 1.56853377819061 1.19408190250397 0.982472240924835
v 1.56298518180847 1.20303106307983 0.990239918231964
v 1.55767035484314 1.21204829216003 0.998054206371307
v 1.55238616466522 1.222039103508 1.00331354141235
v 1.54125928878784 1.21693015098572 1.00402402877808
v 1.57121682167053 1.20618510246277 0.99023425579071
v 1.50685429573059 1.22663962841034 0.994337379932404
v 1.50160002708435 1.22034156322479 0.993424236774445
v 1.50806522369385 1.22200894355774 0.99761825799942
v 1.56121647357941 1.22082769870758 0.966082692146301
v 1.47643136978149 1.23046433925629 0.98605090379715
v 1.54779207706451 1.16596925258636 0.94612729549408
v 1.55532038211823 1.16585278511047 0.956176936626434
v 1.55064916610718 1.17249798774719 0.961088240146637
v 1.54286766052246 1.17169690132141 0.948528409004211
v 1.48334288597107 1.23872947692871 0.987835466861725
v 1.47947680950165 1.23538613319397 0.985232651233673
v 1.5468966960907 1.24105799198151 0.998688995838165
v 1.54109382629395 1.24206042289734 1.00336956977844
v 1.54369139671326 1.24162590503693 1.00699472427368
v 1.54942631721497 1.24117195606232 1.00425851345062
v 1.57625436782837 1.1976490020752 0.982659876346588
v 1.56993412971497 1.23377645015717 1.00659930706024
v 1.56288015842438 1.22674417495728 1.00969970226288
v 1.57415175437927 1.18653416633606 0.976035475730896
v 1.56561958789825 1.18308103084564 0.974703669548035
v 1.56986916065216 1.1768524646759 0.969573199748993
v 1.52830719947815 1.2180700302124 1.00232601165771
v 1.55192267894745 1.18931782245636 0.979598522186279
v 1.55794453620911 1.18127799034119 0.97283947467804
v 1.56167459487915 1.17370188236237 0.966807961463928
v 1.56522834300995 1.16802191734314 0.962585806846619
v 1.57416915893555 1.17175376415253 0.965688705444336
v 1.47935318946838 1.2240287065506 1.00012421607971
v 1.47809648513794 1.23103761672974 1.00705146789551
v 1.57959747314453 1.16517734527588 0.961993038654327
v 1.58559715747833 1.15729093551636 0.959575533866882
v 1.57531452178955 1.1546858549118 0.955924093723297
v 1.56957006454468 1.16188585758209 0.959087491035461
v 1.54982483386993 1.17961359024048 0.969535052776337
v 1.5420595407486 1.17885315418243 0.964662909507751
v 1.54383516311646 1.1878707408905 0.976968288421631
v 1.53497290611267 1.18703830242157 0.972452938556671
v 1.51966750621796 1.21279072761536 0.999159038066864
v 1.4701601266861 1.24337899684906 1.01327633857727
v 1.4765248298645 1.23926544189453 1.00926792621613
v 1.47825217247009 1.2434995174408 1.00634050369263
v 1.47201061248779 1.24718713760376 1.0111221075058
v 1.48151075839996 1.23635077476501 1.00660634040833
v 1.47341084480286 1.23439419269562 1.00942373275757
v 1.52536702156067 1.18756568431854 0.963922619819641
v 1.51013731956482 1.2340544462204 0.988957166671753
v 1.53267967700958 1.17963111400604 0.952048540115356
v 1.51425337791443 1.19038474559784 0.955286622047424
v 1.5183345079422 1.18510603904724 0.945674777030945
v 1.53805422782898 1.17178630828857 0.935857057571411
v 1.52911591529846 1.17709493637085 0.935512781143188
v 1.54893469810486 1.16271758079529 0.933133959770203
v 1.54416012763977 1.16765534877777 0.935012698173523
v 1.55254125595093 1.15570962429047 0.930298149585724
v 1.51643538475037 1.18306589126587 0.933736026287079
v 1.46621060371399 1.24591159820557 0.997060358524323
v 1.4700403213501 1.24892210960388 1.00044906139374
v 1.55199956893921 1.16015362739563 0.943542242050171
v 1.55608367919922 1.15299069881439 0.940852522850037
v 1.51917612552643 1.21325087547302 0.930384159088135
v 1.56561803817749 1.2165002822876 0.957463324069977
v 1.56040155887604 1.21391642093658 0.956444323062897
v 1.58404040336609 1.21948266029358 0.963486731052399
v 1.57361841201782 1.21970987319946 0.958592653274536
v 1.56489968299866 1.15284323692322 0.949930429458618
v 1.58843088150024 1.17023897171021 0.913506090641022
v 1.59659743309021 1.17205536365509 0.918983459472656
v 1.58231329917908 1.14532911777496 0.951843738555908
v 1.46275854110718 1.24208748340607 0.996994256973267
v 1.52220058441162 1.23670792579651 1.0044367313385
v 1.52446103096008 1.23578691482544 1.00545597076416
v 1.50963497161865 1.20301699638367 0.914879679679871
v 1.50101935863495 1.20550620555878 0.916883826255798
v 1.49566960334778 1.19624447822571 0.923162281513214
v 1.49788308143616 1.20037269592285 0.918051898479462
v 1.50628042221069 1.19577097892761 0.91606342792511
v 1.504239320755 1.1905825138092 0.922575652599335
v 1.56658887863159 1.21066188812256 0.947382688522339
v 1.57071614265442 1.2127730846405 0.949340343475342
v 1.58466756343842 1.20473968982697 0.979462146759033
v 1.58879148960114 1.21362721920013 0.972885251045227
v 1.49067533016205 1.21706748008728 0.977413594722748
v 1.49718117713928 1.20958256721497 0.978520750999451
v 1.49224174022675 1.21364283561707 0.983348190784454
v 1.4887113571167 1.21794402599335 0.994094550609589
v 1.50604128837585 1.23069941997528 0.992451786994934
v 1.50156164169312 1.2286479473114 0.992663860321045
v 1.55633771419525 1.2057489156723 0.926682233810425
v 1.55168223381042 1.20979523658752 0.940173268318176
v 1.50953197479248 1.21206855773926 0.937479496002197
v 1.50324535369873 1.21155858039856 0.936179518699646
v 1.5298867225647 1.23138630390167 0.980877637863159
v 1.51917088031769 1.22404932975769 1.00723433494568
v 1.51329612731934 1.21915423870087 1.00387454032898
v 1.52385365962982 1.23473954200745 0.986316561698914
v 1.46122550964355 1.23655354976654 1.00428175926208
v 1.46082353591919 1.23891878128052 0.999533474445343
v 1.49610018730164 1.21350884437561 0.989866197109222
v 1.54788136482239 1.23687326908112 0.988597512245178
v 1.52727353572845 1.22612833976746 1.00685501098633
v 1.52110600471497 1.23048067092896 1.0073333978653
v 1.57140874862671 1.23765599727631 1.00020158290863
v 1.55975031852722 1.15986514091492 0.952964425086975
v 1.47776412963867 1.24576902389526 1.00091803073883
v 1.47275018692017 1.24985241889954 1.0058856010437
v 1.46765923500061 1.23935651779175 1.01278567314148
v 1.46408534049988 1.23645460605621 1.00931262969971
v 1.59239530563354 1.20727634429932 0.965327978134155
v 1.55629181861877 1.21235990524292 0.955633997917175
v 1.60332131385803 1.17235445976257 0.925875544548035
v 1.50502479076385 1.1883670091629 0.931616544723511
v 1.4954948425293 1.19481647014618 0.930572867393494
v 1.51833295822144 1.23720836639404 0.992035984992981
v 1.55490827560425 1.22852635383606 1.00802779197693
v 1.53717923164368 1.22240138053894 1.00936818122864
v 1.53403925895691 1.22629082202911 1.01396703720093
v 1.52671098709106 1.22755336761475 1.01147603988647
v 1.52395153045654 1.23241698741913 1.0095579624176
v 1.46327233314514 1.24305272102356 1.01595878601074
v 1.45956373214722 1.24037671089172 1.01262712478638
v 1.45643520355225 1.2405446767807 1.00790238380432
v 1.45653891563416 1.242751121521 1.0031430721283
v 1.45913553237915 1.24553871154785 1.00056147575378
v 1.46576261520386 1.24669277667999 1.0164635181427
v 1.46769499778748 1.25012493133545 1.01415872573853
v 1.46859395503998 1.25245404243469 1.00902771949768
v 1.46228754520416 1.24994361400604 1.0191650390625
v 1.4588485956192 1.24695217609406 1.01924276351929
v 1.44765901565552 1.2487758398056 1.01324725151062
v 1.45161414146423 1.24461305141449 1.0118203163147
v 1.45093846321106 1.24640548229218 1.01530003547668
v 1.44831156730652 1.24860608577728 1.01668357849121
v 1.44601798057556 1.2513542175293 1.01878023147583
v 1.44557130336761 1.25236582756042 1.0155394077301
v 1.45374155044556 1.24603891372681 1.01719641685486
v 1.45113325119019 1.24853539466858 1.01970648765564
v 1.45423877239227 1.25022339820862 1.0217113494873
v 1.45157623291016 1.2528076171875 1.02423405647278
v 1.44839704036713 1.25125408172607 1.0224072933197
v 1.4558242559433 1.2476544380188 1.0193864107132
v 1.4560478925705 1.24363660812378 1.01529502868652
v 1.44450402259827 1.25525259971619 1.01899147033691
v 1.44462215900421 1.2533860206604 1.02077770233154
v 1.44601619243622 1.25403153896332 1.02415990829468
v 1.44597351551056 1.25698161125183 1.02337312698364
v 1.45316958427429 1.24595701694489 1.00620138645172
v 1.44935667514801 1.25034248828888 1.00988602638245
v 1.44694519042969 1.25441455841064 1.0134414434433
v 1.44593358039856 1.25748312473297 1.01730585098267
v 1.45154917240143 1.25314974784851 1.00856852531433
v 1.4492015838623 1.25669002532959 1.01291060447693
v 1.44845366477966 1.25906920433044 1.0164110660553
v 1.45419406890869 1.2562563419342 1.00948572158813
v 1.45136702060699 1.25880086421967 1.01381206512451
v 1.45906686782837 1.25185799598694 1.00402700901031
v 1.45584285259247 1.24858260154724 1.00367760658264
v 1.45017433166504 1.25981462001801 1.01630640029907
v 1.4476466178894 1.25914597511292 1.02160513401031
v 1.45699572563171 1.2515504360199 1.02223265171051
v 1.45382976531982 1.25476980209351 1.02462220191956
v 1.4589569568634 1.25375306606293 1.02184510231018
v 1.45542478561401 1.25702238082886 1.02397108078003
v 1.44990956783295 1.25703048706055 1.02595353126526
v 1.448894739151 1.25472581386566 1.02600431442261
v 1.46287941932678 1.24896788597107 1.00050497055054
v 1.46653687953949 1.25163459777832 1.0041036605835
v 1.4627583026886 1.25458979606628 1.00731897354126
v 1.45784592628479 1.25871992111206 1.0122230052948
v 1.46495151519775 1.25491309165955 1.01200044155121
v 1.46416306495667 1.25299906730652 1.0168628692627
v 1.46013593673706 1.25616002082825 1.01997327804565
v 1.46030724048615 1.25826954841614 1.01644456386566
v 1.45637702941895 1.25889778137207 1.02192807197571
v 1.45605933666229 1.26017260551453 1.01922237873077
v 1.45394587516785 1.2601820230484 1.01615869998932
v 1.45275473594666 1.26037871837616 1.02217888832092
v 1.45142459869385 1.25903832912445 1.02434825897217
v 1.44973969459534 1.26018047332764 1.01992428302765
v 1.45340240001678 1.26064324378967 1.0201895236969
v 1.45164728164673 1.26039862632751 1.01828622817993
v 1.48925280570984 1.25321805477142 1.01738786697388
v 1.49347448348999 1.25578474998474 1.01982402801514
v 1.497389793396 1.2514021396637 1.0151379108429
v 1.49317312240601 1.24892950057983 1.01283967494965
v 1.48499655723572 1.24189889431 1.02273368835449
v 1.48418569564819 1.24594950675964 1.01845014095306
v 1.4879401922226 1.24140751361847 1.01467680931091
v 1.48902058601379 1.23754596710205 1.0190601348877
v 1.4895133972168 1.24123382568359 1.02748703956604
v 1.4937162399292 1.23698759078979 1.02400469779968
v 1.49357891082764 1.23296308517456 1.01411247253418
v 1.49260902404785 1.23703718185425 1.00974297523499
v 1.5016576051712 1.23123061656952 1.00079131126404
v 1.50186085700989 1.22665011882782 1.00472414493561
v 1.51569044589996 1.24224805831909 1.00361740589142
v 1.51654970645905 1.24018812179565 1.00877022743225
v 1.48590624332428 1.25006198883057 1.01687788963318
v 1.48983001708984 1.2456511259079 1.01272869110107
v 1.50756800174713 1.24589943885803 1.01768445968628
v 1.50592505931854 1.24816060066223 1.01313042640686
v 1.50071501731873 1.25181090831757 1.01893782615662
v 1.50252103805542 1.24997162818909 1.02327954769135
v 1.50658917427063 1.23833501338959 0.996988534927368
v 1.51178789138794 1.24118721485138 0.999166131019592
v 1.50322461128235 1.2350001335144 0.998264610767365
v 1.50736308097839 1.24171304702759 1.02169156074524
v 1.50424838066101 1.23640465736389 1.02271223068237
v 1.51219344139099 1.22908699512482 1.0140438079834
v 1.51541769504547 1.23510706424713 1.01320326328278
v 1.49460673332214 1.24133396148682 1.00746166706085
v 1.50250685214996 1.24758350849152 1.0090754032135
v 1.49804449081421 1.24503135681152 1.00702357292175
v 1.49855089187622 1.23245513439178 1.01923227310181
v 1.49942874908447 1.24113047122955 1.02723550796509
v 1.49146318435669 1.25448155403137 1.03570795059204
v 1.49764156341553 1.24976325035095 1.030592918396
v 1.49847602844238 1.25388622283936 1.02796149253845
v 1.49251866340637 1.25853168964386 1.03377830982208
v 1.50223708152771 1.24601578712463 1.02640914916992
v 1.49483561515808 1.24490916728973 1.03082847595215
v 1.48352658748627 1.25941276550293 1.0238823890686
v 1.48771333694458 1.26160871982574 1.02664518356323
v 1.48036694526672 1.25623738765717 1.02310800552368
v 1.50644063949585 1.22482752799988 1.01077508926392
v 1.4794328212738 1.24808609485626 1.02806150913239
v 1.47886788845062 1.25238823890686 1.02431392669678
v 1.49682426452637 1.2561514377594 1.0237238407135
v 1.49125051498413 1.26160335540771 1.03015637397766
v 1.48859000205994 1.25013315677643 1.03570175170898
v 1.48378300666809 1.24691247940063 1.03248000144958
v 1.4838387966156 1.25482428073883 1.03974044322968
v 1.47921359539032 1.25202405452728 1.03693795204163
v 1.47503900527954 1.25289797782898 1.03285217285156
v 1.47511231899261 1.2566944360733 1.02887582778931
v 1.47701859474182 1.25989592075348 1.02744626998901
v 1.48665714263916 1.25853407382965 1.03986215591431
v 1.48799633979797 1.26191568374634 1.03792250156403
v 1.48759734630585 1.26448750495911 1.0341123342514
v 1.48259890079498 1.26253223419189 1.04407548904419
v 1.47929906845093 1.25958037376404 1.04456782341003
v 1.4645881652832 1.26576471328735 1.04404783248901
v 1.46704435348511 1.26187288761139 1.04048371315002
v 1.468257188797 1.2614711523056 1.04363346099854
v 1.46526002883911 1.26418101787567 1.04680871963501
v 1.47079122066498 1.25748872756958 1.03807878494263
v 1.47065186500549 1.2591278553009 1.0419727563858
v 1.47328209877014 1.25912344455719 1.04396343231201
v 1.47092735767365 1.26134240627289 1.04695475101471
v 1.47434389591217 1.26314878463745 1.04839754104614
v 1.47173500061035 1.26564490795135 1.0518251657486
v 1.46787238121033 1.26380503177643 1.05059719085693
v 1.47587966918945 1.26059317588806 1.04568290710449
v 1.46359801292419 1.26638114452362 1.04970502853394
v 1.46384656429291 1.26861977577209 1.0484824180603
v 1.47549414634705 1.25626015663147 1.04133093357086
v 1.47152507305145 1.25995993614197 1.03309369087219
v 1.46791863441467 1.26414120197296 1.0373660326004
v 1.46589660644531 1.26821255683899 1.04209172725677
v 1.46560120582581 1.27113103866577 1.04691076278687
v 1.47025585174561 1.26728475093842 1.036212682724
v 1.46800303459167 1.27078092098236 1.04132556915283
v 1.46766877174377 1.27265965938568 1.04577088356018
v 1.47351539134979 1.27022433280945 1.03671455383301
v 1.47054898738861 1.27283012866974 1.04193592071533
v 1.47768115997314 1.26555562019348 1.03130483627319
v 1.47409296035767 1.26283192634583 1.03105425834656
v 1.46949422359467 1.27339124679565 1.04509258270264
v 1.46549534797668 1.26977181434631 1.05313861370087
v 1.46718299388885 1.27211546897888 1.05125594139099
v 1.46489238739014 1.26650393009186 1.05377912521362
v 1.47664332389832 1.26466059684753 1.04822337627411
v 1.47372627258301 1.26761567592621 1.05160236358643
v 1.47883582115173 1.26632261276245 1.04812049865723
v 1.4753030538559 1.26944541931152 1.05158376693726
v 1.46999645233154 1.26944637298584 1.0543520450592
v 1.46905565261841 1.26732301712036 1.05441236495972
v 1.48032665252686 1.26262545585632 1.02795171737671
v 1.48440980911255 1.26448559761047 1.03044128417969
v 1.4817750453949 1.26764321327209 1.03366565704346
v 1.47751545906067 1.27210187911987 1.03921055793762
v 1.48478388786316 1.26727795600891 1.03732204437256
v 1.48446249961853 1.26518249511719 1.04172897338867
v 1.48023557662964 1.26875388622284 1.0461620092392
v 1.48019242286682 1.27117919921875 1.04282903671265
v 1.47620439529419 1.27143883705139 1.04960608482361
v 1.47615838050842 1.27334475517273 1.04675841331482
v 1.47385323047638 1.27396547794342 1.04386842250824
v 1.47250735759735 1.27318143844604 1.05089998245239
v 1.47127437591553 1.27163028717041 1.05328786373138
v 1.46928524971008 1.27352142333984 1.04898285865784
v 1.47329306602478 1.27400171756744 1.04854321479797
v 1.47127723693848 1.27406668663025 1.04688763618469
v 1.51476323604584 1.25467324256897 1.02652430534363
v 1.51936984062195 1.25767838954926 1.02670574188232
v 1.52214157581329 1.25390756130219 1.02255058288574
v 1.51735544204712 1.25120902061462 1.0224072933197
v 1.51317119598389 1.24548435211182 1.03331398963928
v 1.51159644126892 1.2477126121521 1.03085279464722
v 1.5140118598938 1.24385166168213 1.02642488479614
v 1.5158611536026 1.24074375629425 1.0288223028183
v 1.51739513874054 1.24513733386993 1.03627967834473
v 1.52090787887573 1.24043715000153 1.03167057037354
v 1.51877546310425 1.23661589622498 1.02411127090454
v 1.51664018630981 1.24048471450806 1.02148675918579
v 1.52171695232391 1.23580157756805 1.01381993293762
v 1.5235561132431 1.23120450973511 1.01688277721405
v 1.51213073730469 1.25108540058136 1.02850770950317
v 1.51462578773499 1.24754047393799 1.0241539478302
v 1.53204989433289 1.25000762939453 1.02162718772888
v 1.52981877326965 1.25144195556641 1.01875746250153
v 1.52625489234924 1.25460529327393 1.02450084686279
v 1.52831828594208 1.25319290161133 1.02720737457275
v 1.52649712562561 1.24289274215698 1.00774502754211
v 1.53172540664673 1.24493646621704 1.00752890110016
v 1.52309536933899 1.23989272117615 1.01045489311218
v 1.53241193294525 1.24597918987274 1.02554726600647
v 1.53019773960114 1.24014163017273 1.02806031703949
v 1.5359411239624 1.2350480556488 1.01966738700867
v 1.53794264793396 1.24058043956757 1.01620447635651
v 1.51738321781158 1.24469673633575 1.01903641223907
v 1.52542948722839 1.25107002258301 1.01676988601685
v 1.52036607265472 1.24837005138397 1.01686453819275
v 1.52452576160431 1.23619055747986 1.02690768241882
v 1.52645766735077 1.24407351016998 1.03271079063416
v 1.51981687545776 1.25847685337067 1.04230201244354
v 1.52548861503601 1.25306034088135 1.03525710105896
v 1.52564465999603 1.25699830055237 1.0319561958313
v 1.52045774459839 1.26210808753967 1.03959941864014
v 1.52892160415649 1.24949789047241 1.03066825866699
v 1.52252984046936 1.24826812744141 1.03730988502502
v 1.51079750061035 1.26059937477112 1.03300213813782
v 1.51511359214783 1.2631368637085 1.03362703323364
v 1.50829029083252 1.25719785690308 1.03472805023193
v 1.52977061271667 1.23050832748413 1.01985812187195
v 1.53839135169983 1.24480628967285 1.01224708557129
v 1.50850856304169 1.2520923614502 1.03960537910461
v 1.50733184814453 1.25411748886108 1.03708386421204
v 1.52372765541077 1.25856471061707 1.02880442142487
v 1.51910495758057 1.26391851902008 1.03606796264648
v 1.51704525947571 1.25428152084351 1.0437433719635
v 1.51236772537231 1.25132250785828 1.04251003265381
v 1.51357758045197 1.25834107398987 1.04831647872925
v 1.50892925262451 1.25577235221863 1.04692792892456
v 1.50497436523438 1.25634431838989 1.04432988166809
v 1.50429332256317 1.25853824615479 1.04140496253967
v 1.50573539733887 1.26125574111938 1.03894019126892
v 1.51610112190247 1.26237785816193 1.04704523086548
v 1.51674449443817 1.26527190208435 1.04439842700958
v 1.51597571372986 1.26678013801575 1.04039359092712
v 1.51370811462402 1.26539134979248 1.05054998397827
v 1.51044309139252 1.26214206218719 1.0522186756134
v 1.49596297740936 1.26773583889008 1.05500817298889
v 1.49817585945129 1.26467061042786 1.05160140991211
v 1.49969005584717 1.26451206207275 1.05342555046082
v 1.49725341796875 1.26676034927368 1.05675363540649
v 1.50178742408752 1.26040482521057 1.04881453514099
v 1.50174880027771 1.26202368736267 1.051593542099
v 1.50466275215149 1.26161170005798 1.05285859107971
v 1.50253987312317 1.26391732692719 1.05593538284302
v 1.50655722618103 1.26562762260437 1.05591773986816
v 1.50440812110901 1.26809048652649 1.05907273292542
v 1.50027585029602 1.26649236679077 1.05910968780518
v 1.50749742984772 1.26289010047913 1.05383968353271
v 1.49622452259064 1.26852595806122 1.05921053886414
v 1.49542033672333 1.27015483379364 1.05837798118591
v 1.50633549690247 1.2592693567276 1.05051350593567
v 1.50145626068115 1.26215195655823 1.04488158226013
v 1.49837350845337 1.26617729663849 1.04862034320831
v 1.49618363380432 1.26976919174194 1.05272924900055
v 1.49629890918732 1.27228093147278 1.05617618560791
v 1.50035548210144 1.26849818229675 1.04638469219208
v 1.49823319911957 1.27185916900635 1.05060338973999
v 1.4982373714447 1.27387344837189 1.05379319190979
v 1.50333762168884 1.27065944671631 1.0451934337616
v 1.50089192390442 1.27355349063873 1.04966425895691
v 1.50639295578003 1.26673483848572 1.04082202911377
v 1.50337314605713 1.26452589035034 1.0422055721283
v 1.50010967254639 1.27446055412292 1.05242395401001
v 1.49834334850311 1.27147936820984 1.0610568523407
v 1.49950063228607 1.27387952804565 1.05891084671021
v 1.49849820137024 1.26883888244629 1.06151926517487
v 1.5090491771698 1.26679027080536 1.05536925792694
v 1.50649046897888 1.26970863342285 1.05839335918427
v 1.51079249382019 1.26892280578613 1.0537942647934
v 1.50766313076019 1.27176070213318 1.05712521076202
v 1.50315880775452 1.27134168148041 1.06079411506653
v 1.50224423408508 1.26957178115845 1.06118059158325
v 1.50849843025208 1.26385402679443 1.03740680217743
v 1.51252138614655 1.26585304737091 1.03779244422913
v 1.51017022132874 1.26852798461914 1.0411388874054
v 1.50697159767151 1.27254664897919 1.04589986801147
v 1.51353776454926 1.26927256584167 1.04351925849915
v 1.51419413089752 1.26792192459106 1.04750156402588
v 1.51123952865601 1.27108108997345 1.05136656761169
v 1.51031374931335 1.27272927761078 1.04822039604187
v 1.50802493095398 1.27358794212341 1.05493903160095
v 1.50716257095337 1.27504706382751 1.05242419242859
v 1.50412368774414 1.27500224113464 1.05041682720184
v 1.50467228889465 1.27493011951447 1.05684041976929
v 1.50413918495178 1.27341246604919 1.05917596817017
v 1.50089645385742 1.27509117126465 1.0561466217041
v 1.50488591194153 1.27555274963379 1.05455672740936
v 1.50222563743591 1.27537870407104 1.05358612537384
v 1.5361385345459 1.24531948566437 1.00936889648438
v 1.55184483528137 1.25486660003662 1.02514171600342
v 1.55541217327118 1.25652575492859 1.02420377731323
v 1.55606865882874 1.2535206079483 1.02043175697327
v 1.55273175239563 1.2518275976181 1.02132594585419
v 1.55134177207947 1.24729323387146 1.03254771232605
v 1.54893624782562 1.24940538406372 1.0300931930542
v 1.54956328868866 1.24591422080994 1.02596259117126
v 1.55207180976868 1.24328291416168 1.02857160568237
v 1.55665445327759 1.24761307239532 1.03344249725342
v 1.55772185325623 1.2434766292572 1.02960121631622
v 1.55274939537048 1.23949313163757 1.02325916290283
v 1.55005776882172 1.2425377368927 1.02070164680481
v 1.5514965057373 1.2374575138092 1.01239705085754
v 1.55416810512543 1.23333549499512 1.01457607746124
v 1.56865751743317 1.24105501174927 1.00389051437378
v 1.56527709960938 1.24248290061951 1.00109934806824
v 1.5632336139679 1.24669802188873 1.00740385055542
v 1.56698834896088 1.24535763263702 1.00911271572113
v 1.54958605766296 1.25223362445831 1.02734231948853
v 1.55018651485443 1.24917268753052 1.0233142375946
v 1.5644371509552 1.25072610378265 1.01738286018372
v 1.5608069896698 1.25180125236511 1.01589059829712
v 1.55983328819275 1.25428509712219 1.02070391178131
v 1.5631628036499 1.2535924911499 1.02221238613129
v 1.5604909658432 1.24311470985413 1.00007224082947
v 1.5550229549408 1.2424054145813 1.00079607963562
v 1.55482006072998 1.24440968036652 1.00750529766083
v 1.55894482135773 1.24644160270691 1.00701320171356
v 1.55238676071167 1.24188661575317 1.00964546203613
v 1.56597721576691 1.24760568141937 1.01997947692871
v 1.56399095058441 1.24318432807922 1.02303075790405
v 1.56712985038757 1.23707973957062 1.01424860954285
v 1.56836414337158 1.24208831787109 1.01163029670715
v 1.55093193054199 1.24628281593323 1.01835131645203
v 1.55685067176819 1.25110459327698 1.01554417610168
v 1.55309557914734 1.24907410144806 1.01640844345093
v 1.55870580673218 1.2392430305481 1.02449631690979
v 1.56252264976501 1.24697196483612 1.02800345420837
v 1.56214642524719 1.25874423980713 1.03416299819946
v 1.56379127502441 1.25416076183319 1.02891385555267
v 1.56289374828339 1.25676250457764 1.02606427669525
v 1.56165981292725 1.26096022129059 1.03144991397858
v 1.56450748443604 1.25092434883118 1.02494525909424
v 1.56152617931366 1.25065875053406 1.03187680244446
v 1.55036306381226 1.25929379463196 1.03036236763
v 1.5541672706604 1.26078820228577 1.02907061576843
v 1.54831194877625 1.25687289237976 1.0325562953949
v 1.56072890758514 1.23202455043793 1.01621007919312
v 1.54984855651855 1.25237131118774 1.03748440742493
v 1.54777145385742 1.25446760654449 1.03516244888306
v 1.55935263633728 1.25732159614563 1.02444922924042
v 1.55840623378754 1.2614997625351 1.02962779998779
v 1.55986285209656 1.25550937652588 1.03697156906128
v 1.55493009090424 1.25257790088654 1.03825974464417
v 1.55857062339783 1.25934529304504 1.0413990020752
v 1.55368149280548 1.25635504722595 1.04261875152588
v 1.54859447479248 1.25620722770691 1.04148077964783
v 1.54660105705261 1.25780606269836 1.03882002830505
v 1.54739856719971 1.25993800163269 1.03607940673828
v 1.5607818365097 1.26248455047607 1.03855085372925
v 1.56005597114563 1.26411044597626 1.0357072353363
v 1.55717992782593 1.26413035392761 1.03361940383911
v 1.55891013145447 1.26516675949097 1.04213678836823
v 1.55650341510773 1.26242804527283 1.04551601409912
v 1.54383015632629 1.266974568367 1.05025243759155
v 1.54484629631042 1.26395058631897 1.04755425453186
v 1.54667389392853 1.26381826400757 1.04894304275513
v 1.54527294635773 1.26594483852386 1.05140745639801
v 1.54737114906311 1.26006245613098 1.04516196250916
v 1.5483957529068 1.2610297203064 1.04698860645294
v 1.55159020423889 1.26081097126007 1.04719114303589
v 1.54991936683655 1.26325452327728 1.05008959770203
v 1.55405008792877 1.26452195644379 1.04904317855835
v 1.55226814746857 1.26767599582672 1.05226564407349
v 1.54861545562744 1.26555204391479 1.05300414562225
v 1.5540623664856 1.2626314163208 1.04777920246124
v 1.54473972320557 1.26740229129791 1.05368113517761
v 1.54393541812897 1.26904356479645 1.05305457115173
v 1.55232095718384 1.25932502746582 1.04565930366516
v 1.54577541351318 1.26097798347473 1.04212164878845
v 1.54413318634033 1.26484036445618 1.04560542106628
v 1.54331183433533 1.26849448680878 1.04894292354584
v 1.54428029060364 1.27099537849426 1.05142092704773
v 1.54516792297363 1.26599884033203 1.04319095611572
v 1.54429960250854 1.26972126960754 1.04695653915405
v 1.54532444477081 1.27201652526855 1.04940724372864
v 1.54741811752319 1.26737153530121 1.041100025177
v 1.54628157615662 1.27071511745453 1.04519248008728
v 1.54894638061523 1.26422643661499 1.03710436820984
v 1.54647147655487 1.26256549358368 1.03946280479431
v 1.54620695114136 1.2723023891449 1.04780411720276
v 1.54724955558777 1.27056920528412 1.0545825958252
v 1.54725635051727 1.27235221862793 1.05252861976624
v 1.54770970344543 1.26788234710693 1.05528903007507
v 1.55571436882019 1.26649832725525 1.04828858375549
v 1.55377697944641 1.26966190338135 1.05132961273193
v 1.55691432952881 1.26826775074005 1.04570817947388
v 1.55411028862 1.27151799201965 1.04933929443359
v 1.55103588104248 1.27096569538116 1.05360102653503
v 1.55086445808411 1.2690486907959 1.05434811115265
v 1.54964077472687 1.26191532611847 1.0338853597641
v 1.55331838130951 1.26339292526245 1.03283023834229
v 1.55239164829254 1.26571679115295 1.03589737415314
v 1.5506649017334 1.26880991458893 1.03998601436615
v 1.55598306655884 1.26662230491638 1.03675079345703
v 1.55843615531921 1.26647067070007 1.03896951675415
v 1.55623424053192 1.26965641975403 1.04322648048401
v 1.55400729179382 1.27001345157623 1.0408855676651
v 1.55324375629425 1.27232277393341 1.04712498188019
v 1.55145764350891 1.27263045310974 1.04532194137573
v 1.54879868030548 1.2717809677124 1.04453003406525
v 1.5500795841217 1.27326846122742 1.0495970249176
v 1.55069029331207 1.27264547348022 1.05174350738525
v 1.54738998413086 1.27298355102539 1.05018448829651
v 1.54957962036133 1.27326416969299 1.04786133766174
v 1.54773592948914 1.27290260791779 1.04790902137756
v 1.56963276863098 1.23885297775269 1.00682163238525
v 1.48763597011566 1.20334696769714 0.936010479927063
v 1.49003219604492 1.20762610435486 0.938690185546875
v 1.49504685401917 1.21699976921082 0.926904201507568
v 1.49440026283264 1.21609091758728 0.933562040328979
v 1.49373483657837 1.21417737007141 0.920836687088013
v 1.4882276058197 1.20526814460754 0.918853521347046
v 1.49082589149475 1.20988631248474 0.918420732021332
v 1.49218535423279 1.21213805675507 0.938091278076172
v 1.48569715023041 1.20020627975464 0.930614173412323
v 1.48601794242859 1.20099914073944 0.923309028148651
v 1.47636747360229 1.20453119277954 0.930902600288391
v 1.47621250152588 1.2055127620697 0.92353081703186
v 1.47855496406555 1.20987367630005 0.918311059474945
v 1.48277103900909 1.21434724330902 0.918042957782745
v 1.48668956756592 1.21799111366272 0.920613408088684
v 1.47910332679749 1.20676040649414 0.936352550983429
v 1.48274922370911 1.21065783500671 0.938871562480927
v 1.48617005348206 1.21560549736023 0.937601208686829
v 1.47113227844238 1.21023571491241 0.936473429203033
v 1.4655739068985 1.20973169803619 0.932119190692902
v 1.45935118198395 1.2205525636673 0.920288324356079
v 1.46403384208679 1.21856117248535 0.919417083263397
v 1.46129655838013 1.2157895565033 0.921131789684296
v 1.45741724967957 1.21698832511902 0.921106338500977
v 1.46872532367706 1.2148494720459 0.919564843177795
v 1.46389770507812 1.21421718597412 0.921655714511871
v 1.46244215965271 1.2119152545929 0.925517320632935
v 1.45913088321686 1.21236610412598 0.925163149833679
v 1.46155607700348 1.21087646484375 0.929536640644073
v 1.45851135253906 1.21121597290039 0.930540084838867
v 1.45511651039124 1.21343922615051 0.924881219863892
v 1.45385217666626 1.21792042255402 0.922014117240906
v 1.4518506526947 1.21567058563232 0.92525315284729
v 1.45450437068939 1.22116661071777 0.92218941450119
v 1.46699452400208 1.21073722839355 0.925488591194153
v 1.47485327720642 1.21833789348602 0.918183207511902
v 1.4675714969635 1.22168159484863 0.919197082519531
v 1.46140933036804 1.22392892837524 0.921245098114014
v 1.45657825469971 1.22432732582092 0.92436683177948
v 1.47116005420685 1.22521638870239 0.922049522399902
v 1.46399033069611 1.22651922702789 0.92468786239624
v 1.45949125289917 1.22574758529663 0.927197873592377
v 1.47322845458984 1.22605788707733 0.927370965480804
v 1.46549725532532 1.22668433189392 0.928813874721527
v 1.48280966281891 1.22276949882507 0.926066517829895
v 1.47976326942444 1.22164106369019 0.920489072799683
v 1.46162819862366 1.22618198394775 0.92940217256546
v 1.45120191574097 1.21959924697876 0.926790416240692
v 1.45407247543335 1.22263014316559 0.929104328155518
v 1.46040296554565 1.21223032474518 0.934248089790344
v 1.45477724075317 1.21239542961121 0.930387258529663
v 1.45591950416565 1.21436667442322 0.934218049049377
v 1.46377074718475 1.21405625343323 0.937463164329529
v 1.45830535888672 1.21725869178772 0.93659245967865
v 1.45235395431519 1.21660351753235 0.93197500705719
v 1.45189452171326 1.21384859085083 0.929327368736267
v 1.48907899856567 1.21964240074158 0.925944626331329
v 1.48845648765564 1.21886467933655 0.932372093200684
v 1.48258113861084 1.22148633003235 0.932879686355591
v 1.47337484359741 1.22404968738556 0.933326005935669
v 1.47995257377625 1.21756076812744 0.937755465507507
v 1.47548413276672 1.21330857276917 0.939324498176575
v 1.46720111370087 1.21740031242371 0.939202725887299
v 1.47081565856934 1.22128546237946 0.938033223152161
v 1.46105813980103 1.22030019760132 0.937347888946533
v 1.46386456489563 1.22310650348663 0.936062276363373
v 1.46534466743469 1.22533321380615 0.9328373670578
v 1.45798003673553 1.22226071357727 0.934307456016541
v 1.45476055145264 1.21987628936768 0.933740377426147
v 1.45753681659698 1.22416734695435 0.930668473243713
v 1.46054518222809 1.22358310222626 0.934154748916626
v 1.46083569526672 1.22498667240143 0.931761741638184
v 1.56789338588715 1.24014353752136 0.995701968669891
v 1.56196308135986 1.24062168598175 0.993653476238251
v 1.56573462486267 1.23707592487335 0.987610638141632
v 1.57064080238342 1.23265528678894 0.980736255645752
v 1.57927072048187 1.22783553600311 0.978717446327209
v 1.56447887420654 1.23085582256317 0.978273391723633
v 1.55974733829498 1.23547279834747 0.985312461853027
v 1.55434620380402 1.23974120616913 0.993119359016418
v 1.56281638145447 1.22522985935211 0.970961153507233
v 1.29167568683624 1.2695107460022 0.834104895591736
v 1.28847718238831 1.27156710624695 0.834304213523865
v 1.28965938091278 1.26573693752289 0.828882694244385
v 1.29251825809479 1.26430356502533 0.829369902610779
v 1.28226017951965 1.26788222789764 0.829094052314758
v 1.28633964061737 1.26705002784729 0.828254342079163
v 1.28393614292145 1.27308869361877 0.835091948509216
v 1.27863562107086 1.27268385887146 0.836161017417908
v 1.2706937789917 1.26821637153625 0.836090743541718
v 1.26875936985016 1.26730942726135 0.834688365459442
v 1.26927018165588 1.26712131500244 0.833284616470337
v 1.27144050598145 1.26724672317505 0.832744240760803
v 1.27482938766479 1.26788282394409 0.831193745136261
v 1.29619216918945 1.26328229904175 0.832331299781799
v 1.2955048084259 1.26514148712158 0.833425402641296
v 1.29391634464264 1.26706528663635 0.833341777324677
v 1.27841758728027 1.26824712753296 0.82978630065918
v 1.29463744163513 1.2631551027298 0.830429077148438
v 1.29586052894592 1.26266670227051 0.831476271152496
v 1.27413582801819 1.27042233943939 0.836104869842529
v 1.28303241729736 1.26965153217316 0.83115816116333
v 1.28701484203339 1.26826989650726 0.830337882041931
v 1.28374350070953 1.27116358280182 0.832844316959381
v 1.27913975715637 1.27127134799957 0.833796858787537
v 1.27323949337006 1.26865172386169 0.833903849124908
v 1.27559101581573 1.26905739307404 0.832623064517975
v 1.29015958309174 1.26674354076385 0.830418705940247
v 1.27906167507172 1.26967310905457 0.83161735534668
v 1.28786873817444 1.26975202560425 0.83231508731842
v 1.27526962757111 1.27012860774994 0.834435939788818
v 1.27296209335327 1.26904249191284 0.835026383399963
v 1.29535555839539 1.26384973526001 0.832392692565918
v 1.29524755477905 1.26364278793335 0.831994533538818
v 1.25251877307892 1.08265030384064 0.681752562522888
v 1.25255417823792 1.07646250724792 0.665433049201965
v 1.29083907604218 1.26801323890686 0.832495868206024
v 1.29426085948944 1.26437246799469 0.831606984138489
v 1.29255902767181 1.26546823978424 0.831159770488739
v 1.29308903217316 1.26628112792969 0.832534790039062
v 1.29457926750183 1.26483130455017 0.832512974739075
v 1.51748692989349 1.02543199062347 0.776288509368896
v 1.51581954956055 1.02971649169922 0.79335880279541
v 1.51247906684875 0.995110869407654 0.834368884563446
v 1.50952124595642 0.973228573799133 0.833772540092468
v 1.26174306869507 0.858818769454956 0.434289574623108
v 1.31623589992523 0.801494419574738 0.634123682975769
v 1.3207141160965 0.813608467578888 0.648880422115326
v 1.24181091785431 0.808567404747009 0.667820513248444
v 1.26154291629791 0.803885340690613 0.664712071418762
v 1.34443926811218 0.840606570243835 0.52616810798645
v 1.34710836410522 0.857148289680481 0.539295017719269
v 1.30242931842804 0.864172279834747 0.474142014980316
v 1.30583035945892 0.884576261043549 0.489019721746445
v 1.33273530006409 0.830265700817108 0.492846637964249
v 1.28012728691101 0.776100933551788 0.628464877605438
v 1.29892766475677 0.77653044462204 0.619886219501495
v 1.29799461364746 0.789031147956848 0.632588267326355
v 1.27977693080902 0.788564622402191 0.642319560050964
v 1.22337055206299 0.815460801124573 0.666119694709778
v 1.22107410430908 0.801185131072998 0.649138867855072
v 1.35727417469025 0.862287819385529 0.574219048023224
v 1.35760402679443 0.849533259868622 0.597420036792755
v 1.34015190601349 0.830830335617065 0.641579329967499
v 1.32529401779175 0.826844334602356 0.660356462001801
v 1.30793237686157 0.827383816242218 0.675415515899658
v 1.2888091802597 0.830593109130859 0.687014937400818
v 1.29443895816803 0.91451370716095 0.49128121137619
v 1.28068709373474 0.940463840961456 0.497460305690765
v 1.35042595863342 0.874970972537994 0.552124261856079
v 1.2320522069931 0.934968411922455 0.46935510635376
v 1.27496147155762 0.848353326320648 0.712273240089417
v 1.2522896528244 0.8520148396492 0.716647982597351
v 1.3513822555542 0.838807284832001 0.620184659957886
v 1.26537132263184 1.05850219726562 0.620292901992798
v 1.28357803821564 1.05801713466644 0.623564183712006
v 1.28171014785767 1.05167675018311 0.605381369590759
v 1.26321041584015 1.05026161670685 0.60234123468399
v 1.29847717285156 1.0509922504425 0.608383297920227
v 1.31445145606995 1.04816222190857 0.612062811851501
v 1.32881140708923 1.04419994354248 0.616418600082397
v 1.36057114601135 1.02729749679565 0.630133926868439
v 1.35178673267365 1.03351879119873 0.625608742237091
v 1.37307918071747 1.01120162010193 0.637080013751984
v 1.36749827861786 1.02008593082428 0.634293913841248
v 1.37708294391632 0.997437477111816 0.636762022972107
v 1.3789871931076 0.980818808078766 0.636719465255737
v 1.38248682022095 0.969066917896271 0.657743513584137
v 1.37992072105408 0.962467789649963 0.638637363910675
v 1.37610387802124 0.975498139858246 0.617663681507111
v 1.37396800518036 0.992617726325989 0.618440628051758
v 1.36965703964233 1.00599539279938 0.61845338344574
v 1.24082779884338 1.00764179229736 0.545457005500793
v 1.24172425270081 1.02507519721985 0.564531445503235
v 1.25171995162964 1.08966839313507 0.696701943874359
v 1.67491352558136 1.02989435195923 0.860575318336487
v 1.56988978385925 1.11805057525635 0.908493101596832
v 1.24998259544373 0.994133114814758 0.824414134025574
v 1.2647750377655 0.994974911212921 0.828974962234497
v 1.31273245811462 1.00446426868439 0.83499139547348
v 1.32615077495575 1.01960670948029 0.8342564702034
v 1.29602670669556 0.993074417114258 0.833215594291687
v 1.27902340888977 0.986546754837036 0.829242706298828
v 1.3410359621048 0.903608679771423 0.545063376426697
v 1.26190733909607 0.961881279945374 0.812273383140564
v 1.27867913246155 0.975380539894104 0.825110197067261
v 1.2963547706604 0.98059755563736 0.830132365226746
v 1.3150030374527 0.990713119506836 0.832808554172516
v 1.33253765106201 1.0067435503006 0.831938326358795
v 1.34526073932648 1.00813806056976 0.829031825065613
v 1.36404514312744 0.991025269031525 0.823376595973969
v 1.3743748664856 0.992790460586548 0.823093414306641
v 1.38577079772949 0.993547379970551 0.824950456619263
v 1.38732445240021 1.01134848594666 0.830161571502686
v 1.37539625167847 1.01087868213654 0.827139973640442
v 1.47481632232666 0.972487092018127 0.83081328868866
v 1.49106049537659 0.964668869972229 0.826468110084534
v 1.50075078010559 0.954037010669708 0.819506347179413
v 1.50648021697998 0.944380700588226 0.810202300548553
v 1.50647366046906 0.937252938747406 0.798079967498779
v 1.50033557415009 0.932772159576416 0.78568959236145
v 1.4877758026123 0.932222127914429 0.772484242916107
v 1.44401156902313 0.939727783203125 0.751245856285095
v 1.42714667320251 0.940428376197815 0.746470928192139
v 1.39074230194092 0.921418428421021 0.736301362514496
v 1.38435173034668 0.91367894411087 0.73433780670166
v 1.36475515365601 0.888108253479004 0.721160888671875
v 1.3521329164505 0.874870181083679 0.713350176811218
v 1.33910727500916 0.862800657749176 0.706093370914459
v 1.28698909282684 0.697374105453491 0.61054265499115
v 1.30643463134766 0.698819160461426 0.600248217582703
v 1.30436730384827 0.715299844741821 0.598670482635498
v 1.284836769104 0.71325558423996 0.608031451702118
v 1.24087715148926 0.747003436088562 0.613673686981201
v 1.21906626224518 0.749291360378265 0.612183749675751
v 1.34846746921539 0.724940657615662 0.544901132583618
v 1.35272479057312 0.727689743041992 0.519191026687622
v 1.32288753986359 0.718376159667969 0.585007071495056
v 1.33739197254181 0.720845818519592 0.566921830177307
v 1.34983694553375 0.728811919689178 0.492450594902039
v 1.28761279582977 0.722364485263824 0.411465764045715
v 1.26663219928741 0.722784280776978 0.398004531860352
v 1.22373723983765 0.725949287414551 0.379879653453827
v 1.20281672477722 0.72759747505188 0.375911444425583
v 1.34057748317719 0.727058947086334 0.467237681150436
v 1.24514627456665 0.724023997783661 0.387374520301819
v 1.32682085037231 0.724755942821503 0.445439517498016
v 1.30851411819458 0.722933113574982 0.4272081553936
v 1.26189720630646 0.745681047439575 0.612541139125824
v 1.26307928562164 0.728814601898193 0.611429333686829
v 1.28268766403198 0.729445695877075 0.607300281524658
v 1.2561194896698 0.890555083751678 0.761030256748199
v 1.27580010890961 0.891026318073273 0.763627290725708
v 1.29637110233307 0.893016219139099 0.767122447490692
v 1.31144952774048 0.905505537986755 0.782430231571198
v 1.31481897830963 0.896336078643799 0.770830154418945
v 1.3322616815567 0.902807056903839 0.772916078567505
v 1.3271381855011 0.911773204803467 0.783883094787598
v 1.35696172714233 0.928800702095032 0.779474675655365
v 1.35859656333923 0.922770023345947 0.769971907138824
v 1.36965680122375 0.929554998874664 0.77031147480011
v 1.36857330799103 0.935077726840973 0.778473794460297
v 1.38124239444733 0.934100210666656 0.769619703292847
v 1.39401519298553 0.937443256378174 0.770073890686035
v 1.40809285640717 0.940919995307922 0.771471083164215
v 1.42261672019958 0.941828668117523 0.774784803390503
v 1.41642832756042 0.950706899166107 0.79687237739563
v 1.40322911739349 0.950359165668488 0.793333530426025
v 1.35617852210999 0.937182128429413 0.788249731063843
v 1.33991599082947 0.929685354232788 0.791968107223511
v 1.25689113140106 0.915258467197418 0.779942393302917
v 1.24002981185913 0.916289985179901 0.775270998477936
v 1.38224387168884 0.946916580200195 0.648675739765167
v 1.38510847091675 0.931531190872192 0.659594774246216
v 1.38651084899902 0.918719410896301 0.671658515930176
v 1.38578629493713 0.909174680709839 0.684398591518402
v 1.38397705554962 0.902106285095215 0.698661088943481
v 1.37891125679016 0.898398280143738 0.712913513183594
v 1.37869942188263 0.905729234218597 0.730812311172485
v 1.37261569499969 0.897390186786652 0.726339221000671
v 1.37274765968323 0.907600283622742 0.741783261299133
v 1.3659919500351 0.898811340332031 0.739089250564575
v 1.35933256149292 0.902258694171906 0.750941038131714
v 1.35197925567627 0.906816005706787 0.761617541313171
v 1.34554874897003 0.913146257400513 0.772024214267731
v 1.34128737449646 0.920598208904266 0.782057225704193
v 1.32435154914856 0.922582924365997 0.794396638870239
v 1.3099513053894 0.917010486125946 0.793414711952209
v 1.29289031028748 0.928345620632172 0.799244165420532
v 1.29304158687592 0.940733075141907 0.808708965778351
v 1.29278373718262 0.915572583675385 0.788872539997101
v 1.29367971420288 0.903688132762909 0.778648376464844
v 1.30458664894104 1.03752493858337 0.836164593696594
v 1.28996527194977 1.02829527854919 0.836822152137756
v 1.47534501552582 0.937041938304901 0.782698750495911
v 1.47357249259949 0.93566632270813 0.77623176574707
v 1.47967767715454 0.934363424777985 0.775146961212158
v 1.48653149604797 0.935627102851868 0.784112095832825
v 1.4897837638855 0.938989818096161 0.794859170913696
v 1.47441804409027 0.944601237773895 0.800888478755951
v 1.47654509544373 0.940011739730835 0.791475892066956
v 1.48906350135803 0.944685518741608 0.805369675159454
v 1.484379529953 0.951908826828003 0.814199924468994
v 1.47025787830353 0.950171530246735 0.809524655342102
v 1.47679316997528 0.959179818630219 0.821286022663116
v 1.46522331237793 0.955984115600586 0.816576302051544
v 1.46593332290649 0.964665234088898 0.825288832187653
v 1.46049952507019 0.960343897342682 0.820599973201752
v 1.42557978630066 0.963300228118896 0.818157553672791
v 1.43776941299438 0.961881160736084 0.819823622703552
v 1.45070672035217 0.960922002792358 0.82065749168396
v 1.43701839447021 0.941306948661804 0.777865052223206
v 1.45010101795197 0.94090074300766 0.783035755157471
v 1.46340894699097 0.940507352352142 0.787745475769043
v 1.4606306552887 0.944620609283447 0.796968936920166
v 1.44742977619171 0.944381952285767 0.792347013950348
v 1.43431806564331 0.944364666938782 0.788363397121429
v 1.25582242012024 0.902362644672394 0.770795941352844
v 1.27405190467834 0.902791023254395 0.775672197341919
v 1.38045370578766 0.939182758331299 0.779553651809692
v 1.39167928695679 0.941878318786621 0.781066000461578
v 1.40477359294891 0.944227457046509 0.782209634780884
v 1.41966784000397 0.945360660552979 0.785786926746368
v 1.39115309715271 0.948184907436371 0.791335940361023
v 1.37944626808167 0.945651710033417 0.789832174777985
v 1.3675332069397 0.942294359207153 0.788614332675934
v 1.27504134178162 0.915072619915009 0.785310089588165
v 1.23869240283966 0.903336942195892 0.766014099121094
v 1.40947508811951 1.06171119213104 0.767957627773285
v 1.4049596786499 1.06376731395721 0.79412704706192
v 1.39976096153259 1.05256462097168 0.816434681415558
v 1.39309930801392 1.03288340568542 0.828614473342896
v 1.65557217597961 0.972693085670471 0.78527045249939
v 1.22038578987122 0.786518156528473 0.63323050737381
v 1.21983349323273 0.769675016403198 0.61966872215271
v 1.24027645587921 0.765313744544983 0.622175455093384
v 1.23212766647339 0.855476975440979 0.715814054012299
v 1.23799514770508 0.891075253486633 0.758597135543823
v 1.33510160446167 1.02888679504395 0.583686947822571
v 1.32355225086212 1.03365814685822 0.580392718315125
v 1.32601189613342 1.03986954689026 0.597552061080933
v 1.33793568611145 1.03491199016571 0.601403057575226
v 1.35349154472351 1.01726174354553 0.592760741710663
v 1.34520423412323 1.02341663837433 0.587773859500885
v 1.34824991226196 1.02906954288483 0.605912327766418
v 1.35686731338501 1.02279758453369 0.610395073890686
v 1.36051726341248 1.00995814800262 0.597052216529846
v 1.36399912834167 1.01544666290283 0.615094363689423
v 1.34201383590698 1.01502466201782 0.571205615997314
v 1.33240818977356 1.02059352397919 0.566842794418335
v 1.32113456726074 1.0251122713089 0.56425678730011
v 1.35682129859924 1.00314295291901 0.581486880779266
v 1.35054385662079 1.00931942462921 0.57675701379776
v 1.2356219291687 1.19582939147949 0.747483551502228
v 1.23436546325684 1.2126796245575 0.741538166999817
v 1.2345609664917 1.25002408027649 0.768558442592621
v 1.23538315296173 1.25091326236725 0.773220300674438
v 1.24864733219147 1.09826350212097 0.71958190202713
v 1.24777460098267 1.10480856895447 0.727884292602539
v 1.24375486373901 1.03813672065735 0.58275705575943
v 1.24753439426422 1.0575590133667 0.617274761199951
v 1.25034511089325 1.06213927268982 0.632634401321411
v 1.25203096866608 1.06964373588562 0.648710250854492
v 1.2506457567215 1.09439718723297 0.709274768829346
v 1.24571681022644 1.04806423187256 0.599941253662109
v 1.3382009267807 0.54762589931488 0.57337099313736
v 1.31834971904755 0.531960785388947 0.59179276227951
v 1.32563865184784 0.554844677448273 0.588463723659515
v 1.31089401245117 0.542972028255463 0.600999653339386
v 1.34099793434143 0.617795944213867 0.563142776489258
v 1.33845198154449 0.593814253807068 0.569021463394165
v 1.344966173172 0.643263936042786 0.562303602695465
v 1.29020142555237 0.535133063793182 0.612662494182587
v 1.26432859897614 0.531997442245483 0.619317173957825
v 1.26498794555664 0.549632787704468 0.627211511135101
v 1.33056819438934 0.639789342880249 0.58677089214325
v 1.3275557756424 0.615207493305206 0.5873863697052
v 1.31815707683563 0.559557914733887 0.597252786159515
v 1.33409357070923 0.571963548660278 0.577643811702728
v 1.32155191898346 0.572432279586792 0.594359517097473
v 1.28842568397522 0.551003992557526 0.618696331977844
v 1.30673217773438 0.554838538169861 0.607082486152649
v 1.24637413024902 0.694660007953644 0.620117723941803
v 1.22125959396362 0.680382966995239 0.628589272499084
v 1.24804580211639 0.678473591804504 0.62636137008667
v 1.32483518123627 0.702148079872131 0.585424304008484
v 1.3093489408493 0.682080805301666 0.603238224983215
v 1.30736267566681 0.570317327976227 0.608799457550049
v 1.28917217254639 0.569412708282471 0.622758090496063
v 1.26532673835754 0.570351958274841 0.633114337921143
v 1.27184498310089 0.637996733188629 0.63247275352478
v 1.26968479156494 0.615921854972839 0.635958671569824
v 1.29215919971466 0.613949835300446 0.624796092510223
v 1.29416441917419 0.637295484542847 0.621949136257172
v 1.31271851062775 0.661105394363403 0.605980157852173
v 1.31319332122803 0.638395428657532 0.606892347335815
v 1.27220070362091 0.658943653106689 0.627784609794617
v 1.29371070861816 0.659560143947601 0.618904173374176
v 1.29043316841125 0.679741144180298 0.614873647689819
v 1.31149816513062 0.614094138145447 0.608050048351288
v 1.23882603645325 0.596688747406006 0.642917633056641
v 1.2670670747757 0.592258214950562 0.636504173278809
v 1.20907485485077 0.600312948226929 0.642251253128052
v 1.27063131332397 0.678092062473297 0.621969938278198
v 1.26700031757355 0.696114659309387 0.616349935531616
v 1.26451849937439 0.713060736656189 0.613041996955872
v 1.26103103160858 0.762140154838562 0.620402455329895
v 1.32780158519745 0.321311056613922 0.467291802167892
v 1.17675685882568 0.496407151222229 0.475227802991867
v 1.17366862297058 0.501810014247894 0.499049335718155
v 1.35591745376587 0.580536842346191 0.457078903913498
v 1.35951292514801 0.56520676612854 0.530990242958069
v 1.34635758399963 0.569718599319458 0.558005809783936
v 1.2103523015976 0.498798489570618 0.417720317840576
v 1.19180417060852 0.4926638007164 0.436043679714203
v 1.33980405330658 0.572221755981445 0.431636571884155
v 1.29222857952118 0.532047152519226 0.403575271368027
v 1.18203294277191 0.492687821388245 0.455219894647598
v 1.32514536380768 0.592192769050598 0.590431213378906
v 1.30940639972687 0.590652823448181 0.609108030796051
v 1.29010713100433 0.59048730134964 0.624425530433655
v 1.23660373687744 0.573730230331421 0.638562679290771
v 1.20588803291321 0.579281091690063 0.637190699577332
v 1.19331014156342 0.557568430900574 0.389485955238342
v 1.18875682353973 0.570662975311279 0.384094655513763
v 1.17813384532928 0.569803833961487 0.383655995130539
v 1.17858970165253 0.552386999130249 0.391248732805252
v 1.2837575674057 0.694866299629211 0.407290428876877
v 1.26125288009644 0.693493485450745 0.395099490880966
v 1.2176399230957 0.695860266685486 0.378721922636032
v 1.19774484634399 0.698159456253052 0.375189274549484
v 1.34086108207703 0.705788850784302 0.462124347686768
v 1.23886549472809 0.694171965122223 0.385389536619186
v 1.32632744312286 0.701204001903534 0.440450221300125
v 1.30609667301178 0.697202205657959 0.422443419694901
v 1.32304775714874 -0.0903822779655457 0.68802535533905
v 1.32845067977905 -0.117305338382721 0.692254543304443
v 1.32533371448517 -0.112511098384857 0.706746757030487
v 1.31791377067566 -0.0866219997406006 0.700698971748352
v 1.32754039764404 -0.0748023986816406 0.727837204933167
v 1.31827580928802 -0.0801758766174316 0.719434857368469
v 1.3406685590744 -0.0713161826133728 0.732248187065125
v 1.34274482727051 -0.102564990520477 0.739867448806763
v 1.35504674911499 -0.102031588554382 0.736509203910828
v 1.35436987876892 -0.0706073641777039 0.731036067008972
v 1.36511254310608 -0.0712871551513672 0.723954081535339
v 1.37389969825745 -0.102892935276031 0.720446467399597
v 1.38042294979095 -0.105179846286774 0.703485488891602
v 1.38082361221313 -0.0772635340690613 0.697108864784241
v 1.37353658676147 -0.0731834173202515 0.713687777519226
v 1.38171112537384 -0.0861831903457642 0.678866028785706
v 1.38149726390839 -0.111508786678314 0.685389459133148
v 1.36987626552582 -0.092041015625 0.667286276817322
v 1.33152794837952 -0.0928521752357483 0.675199031829834
v 1.33581495285034 -0.120056807994843 0.677110612392426
v 1.33003008365631 -0.105399072170258 0.735634088516235
v 1.32307291030884 -0.110152184963226 0.725026607513428
v 1.3152391910553 -0.0843164324760437 0.70961332321167
v 1.32389914989471 -0.110875904560089 0.715895414352417
v 1.32901310920715 -0.142069280147552 0.707735419273376
v 1.32835507392883 -0.143366158008575 0.691897690296173
v 1.33188271522522 -0.135405600070953 0.74260401725769
v 1.33015942573547 -0.138341128826141 0.729628801345825
v 1.3556147813797 -0.132254898548126 0.740673065185547
v 1.34396398067474 -0.132550060749054 0.747658133506775
v 1.37826383113861 -0.130718410015106 0.727859973907471
v 1.36506080627441 -0.102231025695801 0.729900419712067
v 1.36758375167847 -0.131471812725067 0.735410690307617
v 1.38417375087738 -0.13076263666153 0.710349678993225
v 1.38491749763489 -0.133126795291901 0.688742399215698
v 1.3369255065918 -0.143424928188324 0.675088405609131
v 1.32986426353455 -0.138184130191803 0.719285845756531
v 1.45024478435516 -0.206302106380463 0.543482780456543
v 1.44428157806396 -0.208244979381561 0.539007484912872
v 1.44468629360199 -0.203011810779572 0.541053116321564
v 1.44868183135986 -0.202837407588959 0.543408632278442
v 1.4177497625351 -0.20789247751236 0.521745562553406
v 1.40642750263214 -0.212403237819672 0.519234597682953
v 1.40719509124756 -0.199935615062714 0.518491268157959
v 1.41546905040741 -0.197567403316498 0.519751191139221
v 1.4343603849411 -0.20843106508255 0.527132332324982
v 1.44168925285339 -0.207716047763824 0.530766367912292
v 1.43893718719482 -0.212333977222443 0.532432079315186
v 1.43432116508484 -0.212331354618073 0.530326247215271
v 1.4609307050705 -0.20482736825943 0.578378975391388
v 1.46563005447388 -0.206710994243622 0.582306087017059
v 1.4638946056366 -0.208638250827789 0.583468198776245
v 1.46085453033447 -0.209767520427704 0.581049084663391
v 1.45484054088593 -0.207316696643829 0.557025671005249
v 1.45936787128448 -0.207468211650848 0.561504185199738
v 1.45772409439087 -0.211191236972809 0.562604308128357
v 1.45475554466248 -0.211742460727692 0.55984365940094
v 1.4116542339325 -0.194410145282745 0.5420161485672
v 1.41540229320526 -0.194678485393524 0.528592348098755
v 1.40220379829407 -0.197897136211395 0.526397109031677
v 1.39631712436676 -0.194279849529266 0.539123237133026
v 1.3959778547287 -0.20829576253891 0.527387857437134
v 1.40332043170929 -0.213768780231476 0.532302021980286
v 1.39748954772949 -0.21531468629837 0.544920086860657
v 1.38962042331696 -0.207125246524811 0.541220903396606
v 1.4159642457962 -0.213370859622955 0.53452479839325
v 1.41165280342102 -0.214545428752899 0.546703457832336
v 1.41944360733032 -0.205574572086334 0.546183347702026
v 1.42507421970367 -0.203680217266083 0.532502412796021
v 1.43733036518097 -0.20411878824234 0.550100326538086
v 1.44374120235443 -0.205995738506317 0.53958535194397
v 1.43814659118652 -0.199818670749664 0.536859035491943
v 1.43205761909485 -0.196171224117279 0.548184514045715
v 1.43061792850494 -0.200357496738434 0.53288209438324
v 1.42181301116943 -0.197130024433136 0.542648315429688
v 1.41908800601959 -0.208012282848358 0.542944312095642
v 1.42539751529694 -0.207478702068329 0.530420303344727
v 1.42922782897949 -0.2128866314888 0.535570919513702
v 1.42302680015564 -0.2135871052742 0.547279238700867
v 1.43166196346283 -0.212660014629364 0.550381302833557
v 1.43778312206268 -0.21243280172348 0.539839863777161
v 1.44553744792938 -0.197181761264801 0.560111343860626
v 1.4480904340744 -0.201438844203949 0.549356818199158
v 1.44139122962952 -0.201964437961578 0.5459965467453
v 1.43637323379517 -0.198138654232025 0.554667294025421
v 1.43770229816437 -0.209790527820587 0.543708801269531
v 1.44235873222351 -0.212880551815033 0.54714971780777
v 1.43757629394531 -0.212165415287018 0.556845664978027
v 1.43350636959076 -0.208496987819672 0.552690505981445
v 1.44620656967163 -0.210421979427338 0.561185836791992
v 1.44909858703613 -0.212959706783295 0.550443589687347
v 1.45044076442719 -0.202172219753265 0.561274409294128
v 1.45291471481323 -0.206694185733795 0.551080882549286
v 1.45993804931641 -0.202838838100433 0.578852772712708
v 1.461221575737 -0.208027899265289 0.568734586238861
v 1.45844161510468 -0.202459990978241 0.56675910949707
v 1.45675659179688 -0.197665870189667 0.576932430267334
v 1.45347487926483 -0.201778709888458 0.563184559345245
v 1.4505558013916 -0.198121845722198 0.570663452148438
v 1.44989621639252 -0.205513060092926 0.561263799667358
v 1.45169258117676 -0.212226808071136 0.564189314842224
v 1.44984889030457 -0.211104929447174 0.571957945823669
v 1.44867622852325 -0.203801810741425 0.567606627941132
v 1.45756042003632 -0.212057054042816 0.568234086036682
v 1.45616972446442 -0.210360109806061 0.577961146831512
v 1.46331870555878 -0.198601543903351 0.597192108631134
v 1.4646452665329 -0.205343067646027 0.599975228309631
v 1.46616685390472 -0.203916370868683 0.590499818325043
v 1.46427929401398 -0.198833405971527 0.588981926441193
v 1.46055591106415 -0.200171411037445 0.584198594093323
v 1.45908570289612 -0.197689950466156 0.590351700782776
v 1.45712208747864 -0.203601896762848 0.58273583650589
v 1.45770621299744 -0.210390985012054 0.585010170936584
v 1.45671534538269 -0.210101902484894 0.59102326631546
v 1.45739793777466 -0.202166378498077 0.588019967079163
v 1.46326076984406 -0.209557712078094 0.589035391807556
v 1.46138107776642 -0.209538519382477 0.597218751907349
v 1.39123725891113 -0.192412436008453 0.552563905715942
v 1.41067695617676 -0.194948971271515 0.555804193019867
v 1.40795564651489 -0.212765991687775 0.524193167686462
v 1.38481521606445 -0.207328259944916 0.555046439170837
v 1.41492414474487 -0.212619602680206 0.525803804397583
v 1.41097366809845 -0.215199768543243 0.558945655822754
v 1.39333379268646 -0.21611076593399 0.558667898178101
v 1.41570973396301 -0.206515848636627 0.551215171813965
v 1.43967080116272 -0.202822029590607 0.530846178531647
v 1.43161499500275 -0.206432998180389 0.557976901531219
v 1.42894685268402 -0.213923156261444 0.565966129302979
v 1.43534302711487 -0.203084170818329 0.52855396270752
v 1.42760753631592 -0.194911420345306 0.563413739204407
v 1.44177615642548 -0.194455802440643 0.577641367912292
v 1.44545936584473 -0.211503803730011 0.54243940114975
v 1.44886481761932 -0.211154162883759 0.544443249702454
v 1.44415426254272 -0.211929261684418 0.578359067440033
v 1.44859898090363 -0.203142583370209 0.569486439228058
v 1.45871996879578 -0.204701602458954 0.561183094978333
v 1.45848166942596 -0.203151643276215 0.587757050991058
v 1.45426344871521 -0.211490333080292 0.593414306640625
v 1.45565629005432 -0.203069865703583 0.559589862823486
v 1.45333969593048 -0.193750441074371 0.59355092048645
v 1.46400809288025 -0.203346192836761 0.583163380622864
v 1.46218824386597 -0.204387366771698 0.612242341041565
v 1.45960831642151 -0.212201416492462 0.607261061668396
v 1.46191084384918 -0.202653825283051 0.580613374710083
v 1.46036338806152 -0.196071088314056 0.607739508152008
v 1.34308242797852 -0.097123384475708 0.665246963500977
v 1.34695267677307 -0.120651662349701 0.667576491832733
v 1.35633814334869 -0.0969415903091431 0.663420617580414
v 1.37113761901855 -0.115749299526215 0.673071384429932
v 1.35986328125 -0.119895398616791 0.667563617229462
v 1.35098004341125 -0.141547381877899 0.664068937301636
v 1.3759857416153 -0.137939512729645 0.67345917224884
v 1.36517179012299 -0.139476954936981 0.665580987930298
v 1.38185846805573 -0.151783287525177 0.735151052474976
v 1.38941669464111 -0.150268375873566 0.717411279678345
v 1.36872208118439 -0.153311550617218 0.740796804428101
v 1.34538233280182 -0.155646622180939 0.755157947540283
v 1.3573534488678 -0.154285252094269 0.74823796749115
v 1.35665059089661 -0.158054053783417 0.656706750392914
v 1.34201908111572 -0.162569105625153 0.671579897403717
v 1.37214863300323 -0.154576361179352 0.656074225902557
v 1.38512587547302 -0.152574360370636 0.666834890842438
v 1.38085687160492 -0.190371215343475 0.567240655422211
v 1.37364065647125 -0.192732155323029 0.588030993938446
v 1.38798129558563 -0.180521428585052 0.589748382568359
v 1.39957809448242 -0.186415016651154 0.572064876556396
v 1.40566408634186 -0.180164635181427 0.600009977817535
v 1.41647529602051 -0.188477575778961 0.581652522087097
v 1.42040765285492 -0.182301461696625 0.6128009557724
v 1.43109250068665 -0.189121425151825 0.594540357589722
v 1.43248176574707 -0.185764014720917 0.626477360725403
v 1.44345605373383 -0.19090610742569 0.60912823677063
v 1.44274032115936 -0.192295730113983 0.639142096042633
v 1.45346665382385 -0.193857491016388 0.621953368186951
v 1.4501953125 -0.202054440975189 0.646196365356445
v 1.45915997028351 -0.203182637691498 0.627964019775391
v 1.37590849399567 -0.208730041980743 0.570206820964813
v 1.37052655220032 -0.209427535533905 0.590835392475128
v 1.38640332221985 -0.219270765781403 0.575619578361511
v 1.38126480579376 -0.221766173839569 0.596069693565369
v 1.4027042388916 -0.218129098415375 0.581728219985962
v 1.39619994163513 -0.220522701740265 0.602788269519806
v 1.44812071323395 -0.215284287929535 0.642363131046295
v 1.45569634437561 -0.215006768703461 0.622999787330627
v 1.41926944255829 -0.21732634305954 0.591406047344208
v 1.41207027435303 -0.218802988529205 0.612548768520355
v 1.43404066562653 -0.217790901660919 0.602474212646484
v 1.42649078369141 -0.218866646289825 0.623522341251373
v 1.44609200954437 -0.217696011066437 0.613463342189789
v 1.43858289718628 -0.218814551830292 0.633877992630005
v 1.37541437149048 -0.177864015102386 0.611859977245331
v 1.39363050460815 -0.17094498872757 0.619310975074768
v 1.40772128105164 -0.173808157444 0.632997989654541
v 1.41912245750427 -0.179920494556427 0.647295832633972
v 1.42907094955444 -0.190100133419037 0.659841775894165
v 1.43818163871765 -0.200014412403107 0.666800856590271
v 1.40754461288452 -0.170350253582001 0.673761248588562
v 1.4158878326416 -0.189529359340668 0.68312394618988
v 1.42383527755737 -0.201447904109955 0.687253057956696
v 1.40452432632446 -0.189377844333649 0.707300424575806
v 1.41107177734375 -0.202708423137665 0.708585977554321
v 1.38491582870483 -0.192237317562103 0.745738863945007
v 1.39157569408417 -0.207633674144745 0.748466491699219
v 1.40036725997925 -0.203681766986847 0.730528652667999
v 1.39355432987213 -0.18997186422348 0.729134917259216
v 1.39872074127197 -0.170875012874603 0.701120018959045
v 1.38933539390564 -0.17066103219986 0.724030137062073
v 1.37963771820068 -0.171836078166962 0.739360690116882
v 1.36978662014008 -0.212326943874359 0.766669988632202
v 1.38240361213684 -0.210537493228912 0.759827196598053
v 1.37678933143616 -0.194075524806976 0.757053673267365
v 1.36586725711823 -0.195155918598175 0.765987038612366
v 1.34822344779968 -0.198905289173126 0.769011497497559
v 1.35277712345123 -0.216658294200897 0.765748679637909
v 1.33608031272888 -0.203019917011261 0.753999352455139
v 1.33931279182434 -0.220511019229889 0.752701044082642
v 1.36109602451324 -0.173904001712799 0.757311105728149
v 1.37028753757477 -0.173382222652435 0.748687148094177
v 1.34696865081787 -0.176203787326813 0.762536585330963
v 1.33551108837128 -0.179686009883881 0.750423729419708
v 1.3374799489975 -0.180910170078278 0.733372867107391
v 1.33801305294037 -0.203645646572113 0.734520435333252
v 1.33748400211334 -0.220714747905731 0.733473360538483
v 1.366868019104 -0.195087134838104 0.612947463989258
v 1.36795711517334 -0.208190262317657 0.616311192512512
v 1.39672160148621 -0.162883698940277 0.651923418045044
v 1.38134431838989 -0.162876188755035 0.638839364051819
v 1.36216843128204 -0.173475801944733 0.640224695205688
v 1.35729789733887 -0.19584983587265 0.63956618309021
v 1.36296236515045 -0.20950573682785 0.643819153308868
v 1.35731291770935 -0.211470186710358 0.667986273765564
v 1.34954714775085 -0.199602544307709 0.664843678474426
v 1.37637972831726 -0.218152463436127 0.621469974517822
v 1.37158668041229 -0.215800821781158 0.648427546024323
v 1.36505365371704 -0.217328608036041 0.671768546104431
v 1.35028338432312 -0.214170515537262 0.688317060470581
v 1.3439998626709 -0.201911985874176 0.686446905136108
v 1.34546411037445 -0.216053068637848 0.704943299293518
v 1.34184598922729 -0.201765477657318 0.7045738697052
v 1.34045684337616 -0.202061593532562 0.719046473503113
v 1.34128928184509 -0.21824187040329 0.718488693237305
v 1.33810591697693 -0.181810200214386 0.705817997455597
v 1.33763670921326 -0.180851876735687 0.719063103199005
v 1.34039318561554 -0.183000385761261 0.687495052814484
v 1.34648323059082 -0.180602967739105 0.665443539619446
v 1.43732523918152 -0.213783919811249 0.66410756111145
v 1.42463362216949 -0.213370978832245 0.685423016548157
v 1.41149747371674 -0.213439047336578 0.706453859806061
v 1.4003267288208 -0.216230928897858 0.727685332298279
v 1.38957071304321 -0.220354020595551 0.743362307548523
v 1.38054013252258 -0.222606122493744 0.752629220485687
v 1.35608005523682 -0.226167738437653 0.757113337516785
v 1.36976432800293 -0.224045932292938 0.75857675075531
v 1.34643971920013 -0.228514492511749 0.748108923435211
v 1.34552991390228 -0.229765236377716 0.73265814781189
v 1.34839046001434 -0.228988468647003 0.71973729133606
v 1.35781216621399 -0.221881806850433 0.691487550735474
v 1.35217356681824 -0.226301252841949 0.706723570823669
v 1.33185839653015 -0.164746105670929 0.690070033073425
v 1.33102083206177 -0.163598358631134 0.707959055900574
v 1.33203864097595 -0.160094082355499 0.720462799072266
v 1.3339718580246 -0.156692683696747 0.746888339519501
v 1.33353567123413 -0.158935129642487 0.732021391391754
v 1.38942456245422 -0.220827162265778 0.628154098987579
v 1.40422832965851 -0.219092190265656 0.637478470802307
v 1.41780340671539 -0.218635737895966 0.647745609283447
v 1.42888200283051 -0.218092501163483 0.656887173652649
v 1.41798436641693 -0.218378126621246 0.679710149765015
v 1.40770363807678 -0.219281852245331 0.672311246395111
v 1.39484083652496 -0.220419824123383 0.663271307945251
v 1.38188242912292 -0.219179809093475 0.654436111450195
v 1.40547931194305 -0.219669878482819 0.70066624879837
v 1.39662516117096 -0.221637427806854 0.693744897842407
v 1.38497424125671 -0.222934901714325 0.686077475547791
v 1.37424731254578 -0.22170490026474 0.677517652511597
v 1.36601233482361 -0.226691782474518 0.697073042392731
v 1.37473034858704 -0.226545631885529 0.705555319786072
v 1.38488113880157 -0.224893152713776 0.712608993053436
v 1.39306139945984 -0.222360193729401 0.720231890678406
v 1.38318586349487 -0.224953949451447 0.734954178333282
v 1.37566816806793 -0.226727902889252 0.726884186267853
v 1.36687183380127 -0.228568375110626 0.719692349433899
v 1.35986042022705 -0.229075372219086 0.712550401687622
v 1.37579989433289 -0.226317584514618 0.743250966072083
v 1.35964357852936 -0.229036152362823 0.749329090118408
v 1.36818468570709 -0.227098405361176 0.748607039451599
v 1.35291767120361 -0.230548322200775 0.743826508522034
v 1.35320234298706 -0.230933845043182 0.733371019363403
v 1.35595524311066 -0.230398714542389 0.723179936408997
v 1.36260914802551 -0.229261815547943 0.728530466556549
v 1.35959053039551 -0.229638278484344 0.735653400421143
v 1.37028396129608 -0.227476894855499 0.73503041267395
v 1.36541855335236 -0.228009283542633 0.740773320198059
v 1.35788536071777 -0.229503452777863 0.741278767585754
v 1.36090290546417 -0.228703558444977 0.743734538555145
v 1.39149940013885 -0.154047787189484 0.688692152500153
v 1.32496559619904 0.15879362821579 0.544305860996246
v 1.3088082075119 0.160386502742767 0.545952975749969
v 1.34112823009491 0.163452863693237 0.546052813529968
v 1.31620192527771 0.564603090286255 0.411129713058472
v 1.28124952316284 0.851556003093719 0.446822494268417
v 1.28995835781097 0.894026100635529 0.47536239027977
v 1.2850353717804 0.873212993144989 0.460111498832703
v 1.32171583175659 0.537935078144073 0.413881719112396
v 1.33838963508606 0.885674774646759 0.532871961593628
v 1.34120225906372 1.03932964801788 0.621043980121613
v 1.33841598033905 1.18881678581238 0.853892624378204
v 1.336221575737 1.18600630760193 0.852070450782776
v 1.33496797084808 1.18266546726227 0.851064264774323
v 1.33440804481506 1.17902374267578 0.850634455680847
v 1.33346736431122 1.17554211616516 0.851327538490295
v 1.33200657367706 1.17262709140778 0.853533923625946
v 1.3373167514801 1.18112480640411 0.853039979934692
v 1.33530211448669 1.18012130260468 0.857725620269775
v 1.33589804172516 1.18235015869141 0.858107328414917
v 1.33786964416504 1.18376708030701 0.853991150856018
f 2 3 1
f 1 3 4
f 3 2 5
f 5 2 6
f 3 7 4
f 4 7 8
f 10 11 9
f 9 11 12
f 14 15 13
f 13 15 16
f 18 19 17
f 17 19 20
f 22 23 21
f 21 23 24
f 26 18 25
f 25 18 17
f 27 28 17
f 17 28 25
f 30 31 29
f 29 31 32
f 34 35 33
f 33 35 36
f 21 24 37
f 37 24 38
f 40 31 39
f 39 31 38
f 34 33 28
f 28 33 25
f 41 42 44
f 44 42 43
f 36 45 33
f 33 45 25
f 46 47 49
f 49 47 48
f 51 52 50
f 50 52 53
f 55 53 54
f 54 53 52
f 57 58 56
f 56 58 59
f 61 62 60
f 60 62 63
f 65 66 64
f 64 66 67
f 69 70 68
f 68 70 71
f 65 73 72
f 72 73 74
f 64 75 65
f 65 75 73
f 77 78 76
f 76 78 79
f 80 81 83
f 83 81 82
f 81 85 84
f 84 85 86
f 88 89 87
f 87 89 69
f 88 87 90
f 90 87 91
f 93 94 92
f 92 94 95
f 96 84 43
f 43 84 44
f 51 98 97
f 97 98 86
f 97 99 51
f 51 99 52
f 54 52 100
f 100 52 99
f 58 101 59
f 59 101 102
f 62 103 63
f 63 103 104
f 105 106 6
f 6 106 5
f 108 109 107
f 107 109 110
f 112 113 111
f 111 113 114
f 116 117 115
f 115 117 118
f 120 121 119
f 119 121 122
f 124 125 123
f 123 125 126
f 128 129 127
f 127 129 130
f 130 131 127
f 127 131 132
f 134 1 133
f 133 1 135
f 1 4 135
f 135 4 136
f 4 8 136
f 136 8 137
f 138 139 15
f 15 139 140
f 140 139 141
f 141 139 142
f 144 57 143
f 143 57 56
f 145 146 141
f 141 146 147
f 146 149 148
f 148 149 150
f 152 153 151
f 151 153 154
f 141 147 140
f 140 147 155
f 157 11 156
f 156 11 158
f 160 161 159
f 159 161 162
f 164 165 163
f 163 165 166
f 165 160 166
f 166 160 159
f 168 169 167
f 167 169 170
f 169 171 170
f 170 171 172
f 149 173 150
f 150 173 174
f 175 176 149
f 149 176 173
f 178 172 177
f 177 172 171
f 180 181 179
f 179 181 182
f 184 180 183
f 183 180 179
f 186 187 185
f 185 187 188
f 190 191 189
f 189 191 192
f 7 193 8
f 8 193 194
f 196 162 195
f 195 162 161
f 197 168 198
f 198 168 167
f 181 199 182
f 182 199 200
f 202 203 201
f 201 203 204
f 187 186 205
f 205 186 206
f 208 209 207
f 207 209 210
f 212 213 211
f 211 213 214
f 215 216 218
f 218 216 217
f 220 209 219
f 219 209 208
f 204 186 221
f 221 186 185
f 201 204 222
f 222 204 221
f 223 211 220
f 220 211 209
f 224 225 214
f 214 225 210
f 203 206 204
f 204 206 186
f 227 187 226
f 226 187 205
f 27 228 21
f 21 228 22
f 230 231 229
f 229 231 232
f 234 235 233
f 233 235 236
f 238 239 237
f 237 239 240
f 119 122 118
f 118 122 115
f 112 242 241
f 241 242 243
f 98 51 244
f 244 51 50
f 245 138 14
f 14 138 15
f 11 10 158
f 158 10 246
f 89 85 69
f 69 85 70
f 11 157 12
f 12 157 247
f 249 164 248
f 248 164 163
f 177 250 178
f 178 250 251
f 253 254 252
f 252 254 255
f 187 227 188
f 188 227 256
f 212 257 213
f 213 257 258
f 260 134 259
f 259 134 133
f 165 164 135
f 135 164 133
f 160 165 136
f 136 165 135
f 136 137 160
f 160 137 161
f 137 261 161
f 161 261 195
f 263 264 262
f 262 264 265
f 13 16 266
f 266 16 267
f 268 267 155
f 155 267 16
f 147 269 155
f 155 269 268
f 162 196 167
f 167 196 198
f 167 170 162
f 162 170 159
f 170 172 159
f 159 172 166
f 172 178 166
f 166 178 163
f 178 251 163
f 163 251 248
f 168 270 169
f 169 270 271
f 272 273 171
f 171 273 177
f 271 272 169
f 169 272 171
f 168 197 270
f 270 197 274
f 250 177 275
f 275 177 273
f 277 45 276
f 276 45 278
f 280 281 279
f 279 281 282
f 284 104 283
f 283 104 103
f 285 215 286
f 286 215 218
f 288 289 287
f 287 289 290
f 291 80 66
f 66 80 83
f 293 294 292
f 292 294 295
f 73 91 74
f 74 91 87
f 91 73 92
f 92 73 75
f 279 77 280
f 280 77 76
f 80 291 70
f 70 291 71
f 277 47 96
f 96 47 82
f 297 175 296
f 296 175 149
f 299 154 298
f 298 154 153
f 225 300 210
f 210 300 207
f 224 301 206
f 206 301 205
f 210 209 214
f 214 209 211
f 226 205 302
f 302 205 301
f 304 305 303
f 303 305 306
f 308 309 307
f 307 309 310
f 72 291 65
f 65 291 66
f 66 83 67
f 67 83 46
f 312 313 311
f 311 313 314
f 316 317 315
f 315 317 36
f 29 318 35
f 35 318 319
f 321 32 320
f 320 32 322
f 311 314 323
f 323 314 324
f 315 325 316
f 316 325 326
f 318 287 319
f 319 287 290
f 328 321 327
f 327 321 320
f 329 330 39
f 39 330 331
f 332 333 40
f 40 333 322
f 309 334 285
f 285 334 335
f 236 2 134
f 134 2 1
f 260 336 233
f 233 336 337
f 237 14 265
f 265 14 13
f 84 86 44
f 44 86 98
f 189 192 7
f 7 192 193
f 44 98 41
f 41 98 244
f 237 240 14
f 14 240 245
f 7 3 189
f 189 3 5
f 338 71 72
f 72 71 291
f 262 265 266
f 266 265 13
f 124 123 339
f 339 123 105
f 123 109 105
f 105 109 106
f 189 5 190
f 190 5 106
f 111 114 12
f 12 114 9
f 264 340 265
f 265 340 237
f 342 343 341
f 341 343 344
f 6 235 105
f 105 235 339
f 234 346 345
f 345 346 347
f 349 350 348
f 348 350 351
f 107 352 108
f 108 352 353
f 355 356 354
f 354 356 357
f 237 340 238
f 238 340 358
f 12 247 111
f 111 247 359
f 264 263 116
f 116 263 360
f 361 362 222
f 222 362 201
f 364 365 363
f 363 365 366
f 368 369 367
f 367 369 370
f 372 373 371
f 371 373 374
f 375 376 372
f 372 376 377
f 378 379 381
f 381 379 380
f 382 383 269
f 269 383 268
f 150 174 365
f 365 174 384
f 380 377 381
f 381 377 376
f 271 270 180
f 180 270 181
f 273 272 252
f 252 272 184
f 272 271 184
f 184 271 180
f 181 270 274
f 252 255 273
f 273 255 275
f 254 385 255
f 255 385 386
f 387 388 179
f 179 388 183
f 389 387 182
f 182 387 179
f 182 200 389
f 389 200 390
f 388 391 183
f 183 391 253
f 391 392 253
f 253 392 254
f 394 379 393
f 393 379 378
f 185 188 395
f 395 188 396
f 221 185 397
f 397 185 395
f 222 221 398
f 398 221 397
f 188 256 396
f 396 256 399
f 400 401 256
f 256 401 399
f 402 403 405
f 405 403 404
f 148 150 364
f 364 150 365
f 393 406 394
f 394 406 407
f 158 246 393
f 393 246 406
f 342 19 238
f 238 19 239
f 23 22 350
f 350 22 354
f 244 50 245
f 245 50 138
f 55 142 53
f 53 142 139
f 145 144 296
f 296 144 143
f 355 228 341
f 341 228 20
f 41 240 42
f 42 240 239
f 283 308 284
f 284 308 307
f 349 409 408
f 408 409 410
f 244 245 41
f 41 245 240
f 268 383 406
f 406 383 407
f 346 411 349
f 349 411 409
f 251 412 248
f 248 412 413
f 275 414 250
f 250 414 415
f 25 45 26
f 26 45 277
f 43 26 96
f 96 26 277
f 416 417 61
f 61 417 62
f 329 24 408
f 408 24 23
f 31 40 32
f 32 40 322
f 39 38 329
f 329 38 24
f 37 38 30
f 30 38 31
f 418 419 421
f 421 419 420
f 78 295 79
f 79 295 294
f 124 339 422
f 422 339 345
f 232 131 357
f 357 131 351
f 2 236 6
f 6 236 235
f 252 184 253
f 253 184 183
f 227 423 256
f 256 423 400
f 423 227 305
f 305 227 226
f 424 258 425
f 425 258 257
f 426 427 212
f 212 427 257
f 259 133 249
f 249 133 164
f 419 418 428
f 428 418 429
f 327 430 328
f 328 430 288
f 49 431 46
f 46 431 67
f 306 302 424
f 424 302 258
f 313 432 314
f 314 432 433
f 32 321 29
f 29 321 318
f 324 314 433
f 287 318 328
f 328 318 321
f 134 260 236
f 236 260 233
f 345 339 234
f 234 339 235
f 357 351 354
f 354 351 350
f 408 23 349
f 349 23 350
f 317 278 36
f 36 278 45
f 432 313 429
f 429 313 428
f 435 428 434
f 434 428 313
f 42 239 18
f 18 239 19
f 43 42 26
f 26 42 18
f 121 120 436
f 436 120 437
f 302 301 258
f 258 301 213
f 110 109 126
f 126 109 123
f 238 358 342
f 342 358 343
f 341 20 342
f 342 20 19
f 322 438 320
f 320 438 439
f 320 439 327
f 327 439 430
f 333 440 322
f 322 440 438
f 289 288 323
f 323 288 430
f 115 340 116
f 116 340 264
f 146 145 149
f 149 145 296
f 15 140 16
f 16 140 155
f 441 442 152
f 152 442 153
f 225 224 203
f 203 224 206
f 175 297 154
f 154 297 151
f 293 443 294
f 294 443 444
f 248 413 249
f 249 413 445
f 446 447 400
f 400 447 401
f 388 387 396
f 396 387 395
f 387 389 395
f 395 389 397
f 391 388 399
f 399 388 396
f 401 392 399
f 399 392 391
f 255 386 275
f 275 386 414
f 449 450 448
f 448 450 451
f 335 452 285
f 285 452 215
f 453 298 442
f 442 298 153
f 211 223 212
f 212 223 426
f 425 257 454
f 454 257 427
f 266 10 262
f 262 10 9
f 360 113 456
f 456 113 455
f 8 194 137
f 137 194 261
f 10 266 246
f 246 266 267
f 203 202 225
f 225 202 300
f 262 9 263
f 263 9 114
f 108 353 190
f 190 353 191
f 389 390 397
f 397 390 398
f 457 422 128
f 128 422 129
f 156 158 378
f 378 158 393
f 347 346 348
f 348 346 349
f 447 458 401
f 401 458 392
f 364 382 148
f 148 382 269
f 55 54 57
f 57 54 58
f 75 64 459
f 459 64 460
f 100 90 101
f 101 90 95
f 101 58 100
f 100 58 54
f 142 55 144
f 144 55 57
f 147 146 269
f 269 146 148
f 459 93 75
f 75 93 92
f 144 145 142
f 142 145 141
f 228 27 20
f 20 27 17
f 154 299 175
f 175 299 176
f 214 213 224
f 224 213 301
f 424 461 306
f 306 461 303
f 285 286 309
f 309 286 310
f 462 334 308
f 308 334 309
f 302 306 226
f 226 306 305
f 37 28 21
f 21 28 27
f 29 35 30
f 30 35 34
f 30 34 37
f 37 34 28
f 344 436 356
f 356 436 229
f 325 290 326
f 326 290 289
f 311 439 312
f 312 439 438
f 35 319 36
f 36 319 315
f 439 311 430
f 430 311 323
f 315 319 325
f 325 319 290
f 440 463 438
f 438 463 312
f 341 344 355
f 355 344 356
f 360 456 116
f 116 456 117
f 354 22 355
f 355 22 228
f 326 289 324
f 324 289 323
f 74 87 68
f 68 87 69
f 50 53 138
f 138 53 139
f 268 406 267
f 267 406 246
f 190 106 108
f 108 106 109
f 241 455 112
f 112 455 113
f 358 122 343
f 343 122 121
f 129 347 130
f 130 347 348
f 348 351 130
f 130 351 131
f 229 232 356
f 356 232 357
f 340 115 358
f 358 115 122
f 111 359 112
f 112 359 242
f 125 124 457
f 457 124 422
f 231 132 232
f 232 132 131
f 343 121 344
f 344 121 436
f 263 114 360
f 360 114 113
f 347 129 345
f 345 129 422
f 230 229 437
f 437 229 436
f 464 446 423
f 423 446 400
f 465 466 468
f 468 466 467
f 470 471 469
f 469 471 472
f 469 472 373
f 373 472 374
f 474 469 473
f 473 469 373
f 471 475 472
f 472 475 476
f 472 477 374
f 374 477 478
f 477 472 476
f 479 480 476
f 476 480 477
f 473 373 377
f 377 373 372
f 481 482 479
f 479 482 480
f 483 484 481
f 481 484 482
f 403 402 485
f 485 402 486
f 487 488 483
f 483 488 484
f 487 489 488
f 488 489 490
f 489 491 490
f 490 491 492
f 491 493 492
f 492 493 494
f 493 495 494
f 494 495 496
f 497 498 481
f 481 498 483
f 484 499 482
f 482 499 367
f 370 480 367
f 367 480 482
f 480 370 477
f 477 370 478
f 500 497 479
f 479 497 481
f 451 473 380
f 380 473 377
f 448 451 379
f 379 451 380
f 501 502 504
f 504 502 503
f 449 505 507
f 507 505 506
f 486 508 505
f 505 508 506
f 508 509 506
f 506 509 510
f 511 507 510
f 510 507 506
f 509 508 512
f 512 508 513
f 515 509 514
f 514 509 512
f 509 515 510
f 510 515 516
f 510 516 511
f 511 516 517
f 486 505 485
f 485 505 518
f 505 449 518
f 518 449 448
f 383 382 403
f 403 382 404
f 363 404 364
f 364 404 382
f 403 485 383
f 383 485 407
f 519 520 361
f 361 520 362
f 522 496 521
f 521 496 495
f 450 474 451
f 451 474 473
f 363 366 523
f 523 366 524
f 525 499 488
f 488 499 484
f 488 490 525
f 525 490 526
f 496 522 520
f 520 522 527
f 494 496 519
f 519 496 520
f 492 494 528
f 528 494 519
f 529 530 495
f 495 530 521
f 490 492 526
f 526 492 528
f 529 495 531
f 531 495 493
f 533 534 532
f 532 534 535
f 523 524 533
f 533 524 534
f 486 402 532
f 532 402 533
f 529 536 530
f 530 536 537
f 536 538 537
f 537 538 539
f 540 541 539
f 539 541 537
f 530 537 535
f 535 537 541
f 542 539 543
f 543 539 538
f 539 542 540
f 540 542 544
f 541 540 513
f 513 540 512
f 540 544 512
f 512 544 514
f 546 547 545
f 545 547 548
f 549 550 531
f 531 550 551
f 550 549 552
f 552 549 553
f 546 550 554
f 554 550 552
f 547 546 555
f 555 546 554
f 498 556 558
f 558 556 557
f 559 557 560
f 560 557 556
f 561 562 560
f 560 562 559
f 557 559 552
f 552 559 554
f 559 562 554
f 554 562 555
f 558 557 553
f 553 557 552
f 475 471 563
f 563 471 564
f 565 563 567
f 567 563 566
f 471 470 564
f 564 470 466
f 564 466 568
f 568 466 465
f 568 465 569
f 569 465 570
f 572 573 571
f 571 573 574
f 569 575 567
f 567 575 576
f 577 565 576
f 576 565 567
f 578 579 581
f 581 579 580
f 575 561 576
f 576 561 560
f 556 577 560
f 560 577 576
f 577 556 497
f 497 556 498
f 565 577 500
f 500 577 497
f 563 565 475
f 475 565 500
f 553 489 558
f 558 489 487
f 531 493 549
f 549 493 491
f 489 553 491
f 491 553 549
f 394 407 518
f 518 407 485
f 518 448 394
f 394 448 379
f 545 548 538
f 538 548 543
f 551 545 536
f 536 545 538
f 536 529 551
f 551 529 531
f 507 582 449
f 449 582 450
f 511 583 507
f 507 583 582
f 511 517 583
f 583 517 584
f 585 586 588
f 588 586 587
f 590 591 589
f 589 591 592
f 591 590 593
f 593 590 594
f 596 597 595
f 595 597 598
f 599 600 602
f 602 600 601
f 604 605 603
f 603 605 606
f 608 609 607
f 607 609 610
f 612 613 611
f 611 613 614
f 615 616 618
f 618 616 617
f 620 621 619
f 619 621 622
f 624 625 623
f 623 625 626
f 628 629 627
f 627 629 630
f 632 633 631
f 631 633 634
f 635 636 638
f 638 636 637
f 639 640 642
f 642 640 641
f 644 645 643
f 643 645 646
f 619 622 647
f 647 622 648
f 650 651 649
f 649 651 652
f 601 653 602
f 602 653 654
f 656 657 655
f 655 657 658
f 660 661 659
f 659 661 662
f 664 665 663
f 663 665 666
f 593 594 667
f 667 594 668
f 669 670 672
f 672 670 671
f 673 674 676
f 676 674 675
f 633 632 677
f 677 632 678
f 663 666 679
f 679 666 680
f 681 682 684
f 684 682 683
f 686 687 685
f 685 687 688
f 690 661 689
f 689 661 691
f 693 686 692
f 692 686 685
f 695 597 694
f 694 597 668
f 594 696 668
f 668 696 694
f 697 698 696
f 696 698 699
f 700 701 697
f 697 701 698
f 702 585 703
f 703 585 588
f 671 690 672
f 672 690 689
f 640 639 704
f 704 639 705
f 679 706 663
f 663 706 658
f 708 709 707
f 707 709 710
f 711 712 610
f 610 712 607
f 713 714 716
f 716 714 715
f 717 718 720
f 720 718 719
f 722 634 721
f 721 634 633
f 724 725 723
f 723 725 726
f 728 729 727
f 727 729 730
f 732 733 731
f 731 733 734
f 707 710 735
f 735 710 736
f 643 737 644
f 644 737 738
f 740 741 739
f 739 741 742
f 608 744 743
f 743 744 745
f 747 748 746
f 746 748 749
f 751 752 750
f 750 752 753
f 754 755 757
f 757 755 756
f 758 759 761
f 761 759 760
f 763 764 762
f 762 764 765
f 767 768 766
f 766 768 769
f 771 772 770
f 770 772 773
f 775 776 774
f 774 776 777
f 779 780 778
f 778 780 781
f 783 712 782
f 782 712 784
f 785 786 788
f 788 786 787
f 790 628 789
f 789 628 627
f 792 793 791
f 791 793 794
f 795 796 726
f 726 796 723
f 798 799 797
f 797 799 800
f 721 633 801
f 801 633 677
f 797 800 802
f 802 800 803
f 805 806 804
f 804 806 807
f 809 810 808
f 808 810 811
f 813 814 812
f 812 814 815
f 809 808 817
f 817 808 816
f 818 819 804
f 804 819 805
f 820 821 818
f 818 821 819
f 821 820 587
f 587 820 822
f 809 823 810
f 810 823 824
f 814 807 815
f 815 807 806
f 826 426 825
f 825 426 223
f 426 826 427
f 427 826 827
f 828 829 454
f 454 829 830
f 831 832 677
f 677 832 801
f 834 835 833
f 833 835 836
f 838 839 837
f 837 839 840
f 841 842 844
f 844 842 843
f 845 846 803
f 803 846 802
f 847 831 678
f 678 831 677
f 848 849 851
f 851 849 850
f 853 854 852
f 852 854 855
f 857 858 856
f 856 858 680
f 860 861 859
f 859 861 862
f 864 865 863
f 863 865 866
f 868 869 867
f 867 869 870
f 839 871 840
f 840 871 872
f 849 848 874
f 874 848 873
f 876 877 875
f 875 877 878
f 880 881 879
f 879 881 882
f 883 884 886
f 886 884 885
f 846 887 802
f 802 887 888
f 890 891 889
f 889 891 888
f 893 894 892
f 892 894 895
f 896 897 728
f 728 897 729
f 899 900 898
f 898 900 901
f 902 852 904
f 904 852 903
f 849 905 850
f 850 905 906
f 875 878 907
f 907 878 908
f 910 911 909
f 909 911 912
f 914 915 913
f 913 915 916
f 917 918 862
f 862 918 859
f 919 920 856
f 856 920 921
f 923 924 922
f 922 924 925
f 926 927 925
f 925 927 922
f 929 930 928
f 928 930 693
f 932 695 931
f 931 695 694
f 823 867 824
f 824 867 933
f 935 936 934
f 934 936 937
f 938 868 823
f 823 868 867
f 940 847 939
f 939 847 678
f 632 655 678
f 678 655 939
f 941 942 619
f 619 942 620
f 687 943 688
f 688 943 944
f 851 850 945
f 945 850 903
f 850 906 903
f 903 906 904
f 946 947 949
f 949 947 948
f 951 952 950
f 950 952 953
f 955 956 954
f 954 956 957
f 907 958 875
f 875 958 874
f 960 961 959
f 959 961 962
f 963 853 902
f 902 853 852
f 909 964 910
f 910 964 965
f 967 968 966
f 966 968 969
f 971 972 970
f 970 972 973
f 974 960 975
f 975 960 959
f 977 978 976
f 976 978 979
f 981 977 980
f 980 977 976
f 980 982 981
f 981 982 983
f 985 983 984
f 984 983 982
f 984 986 985
f 985 986 987
f 989 990 988
f 988 990 991
f 993 994 992
f 992 994 995
f 997 998 996
f 996 998 999
f 1001 1002 1000
f 1000 1002 1003
f 1005 1006 1004
f 1004 1006 1007
f 1004 1008 1005
f 1005 1008 1009
f 1008 1010 1009
f 1009 1010 1011
f 1013 1011 1012
f 1012 1011 1010
f 1014 1015 1017
f 1017 1015 1016
f 1019 1020 1018
f 1018 1020 1021
f 1022 1023 976
f 976 1023 980
f 1024 1025 982
f 982 1025 984
f 992 995 1026
f 1026 995 1027
f 956 955 1028
f 1028 955 1029
f 1030 1031 1033
f 1033 1031 1032
f 1010 1008 1034
f 1034 1008 1035
f 1008 1004 1035
f 1035 1004 1036
f 1037 1038 1002
f 1002 1038 1007
f 1002 1001 1037
f 1037 1001 1039
f 1040 1041 997
f 997 1041 998
f 1015 1014 1043
f 1043 1014 1042
f 1044 1045 1047
f 1047 1045 1046
f 1044 1020 1048
f 1048 1020 1049
f 1050 1051 1003
f 1003 1051 1000
f 1052 1050 1006
f 1006 1050 1003
f 1053 1054 1011
f 1011 1054 1009
f 1013 1045 1055
f 1055 1045 1056
f 1058 1059 1057
f 1057 1059 1060
f 1062 1063 1061
f 1061 1063 1064
f 1065 1066 1050
f 1050 1066 1051
f 1067 1065 1052
f 1052 1065 1050
f 1068 1069 1054
f 1054 1069 1070
f 1071 1068 1053
f 1053 1068 1054
f 1073 1071 1072
f 1072 1071 1074
f 1074 1071 1055
f 1055 1071 1053
f 1076 1077 1075
f 1075 1077 1078
f 1079 1080 1057
f 1057 1080 1058
f 1081 1082 1064
f 1064 1082 1061
f 1084 1085 1083
f 1083 1085 1086
f 1088 1089 1087
f 1087 1089 1090
f 1092 1093 1091
f 1091 1093 1094
f 1096 1097 1095
f 1095 1097 1098
f 1099 1100 1102
f 1102 1100 1101
f 1103 1104 1099
f 1099 1104 1100
f 1106 1107 1105
f 1105 1107 1108
f 1110 1111 1109
f 1109 1111 1112
f 1114 1115 1113
f 1113 1115 1116
f 1118 1119 1117
f 1117 1119 1077
f 1117 1120 1122
f 1122 1120 1121
f 1105 1123 1106
f 1106 1123 1124
f 1125 1126 1128
f 1128 1126 1127
f 1130 1131 1129
f 1129 1131 1132
f 1134 1135 1133
f 1133 1135 1114
f 1113 1136 1114
f 1114 1136 1133
f 1118 1137 1113
f 1113 1137 1136
f 1118 1117 1137
f 1137 1117 1122
f 1139 1140 1138
f 1138 1140 1141
f 1143 953 1142
f 1142 953 952
f 1145 957 1144
f 1144 957 956
f 1028 1146 956
f 956 1146 1144
f 1014 1147 1042
f 1042 1147 1148
f 1014 1017 1147
f 1147 1017 1149
f 1059 1058 1150
f 1150 1058 1151
f 1153 1080 1152
f 1152 1080 1154
f 1156 1088 1155
f 1155 1088 1087
f 1157 1158 1106
f 1106 1158 1107
f 1106 1124 1157
f 1157 1124 1159
f 1161 1162 1160
f 1160 1162 1163
f 1165 1166 1164
f 1164 1166 1167
f 1168 1031 1012
f 1012 1031 1046
f 1024 1023 1035
f 1035 1023 1034
f 1036 1038 1025
f 1025 1038 1169
f 1170 1171 1039
f 1039 1171 1037
f 1028 1029 1042
f 1042 1029 1043
f 1172 1173 1175
f 1175 1173 1174
f 1055 1053 1013
f 1013 1053 1011
f 1005 1009 1070
f 1070 1009 1054
f 996 999 1062
f 1062 999 1063
f 1016 1060 1017
f 1017 1060 1059
f 1017 1059 1149
f 1149 1059 1150
f 1177 1178 1176
f 1176 1178 1103
f 1176 1072 1179
f 1179 1072 1074
f 1073 1102 1086
f 1086 1102 1083
f 1180 1181 1067
f 1067 1181 1065
f 1182 1183 1184
f 1184 1183 1181
f 1186 1187 1185
f 1185 1187 1188
f 1189 1190 798
f 798 1190 799
f 1192 1193 1191
f 1191 1193 1194
f 1195 1196 1194
f 1194 1196 1191
f 1196 1195 1198
f 1198 1195 1197
f 1200 674 1199
f 1199 674 673
f 928 1201 1203
f 1203 1201 1202
f 861 1204 862
f 862 1204 921
f 1205 1206 913
f 913 1206 1207
f 882 1208 879
f 879 1208 1209
f 1210 1211 1167
f 1167 1211 1164
f 1212 769 1213
f 1213 769 768
f 727 1214 728
f 728 1214 1215
f 1217 1218 1216
f 1216 1218 1219
f 1220 813 1221
f 1221 813 812
f 827 828 427
f 427 828 454
f 1223 1224 1222
f 1222 1224 1165
f 1226 1227 1225
f 1225 1227 1228
f 851 1229 848
f 848 1229 1230
f 834 854 835
f 835 854 1231
f 1233 1234 1232
f 1232 1234 1235
f 1237 751 1236
f 1236 751 750
f 743 819 1238
f 1238 819 821
f 1240 1241 1239
f 1239 1241 1242
f 1244 1245 1243
f 1243 1245 1246
f 844 1247 841
f 841 1247 1248
f 1250 1251 1249
f 1249 1251 1252
f 1254 893 1253
f 1253 893 1237
f 1255 1256 1258
f 1258 1256 1257
f 1260 1261 1259
f 1259 1261 1262
f 945 903 855
f 855 903 852
f 855 1263 945
f 945 1263 1264
f 832 845 801
f 801 845 803
f 800 721 803
f 803 721 801
f 721 800 722
f 722 800 799
f 1266 1267 1265
f 1265 1267 1268
f 1270 795 1269
f 1269 795 726
f 725 1271 726
f 726 1271 1269
f 737 765 738
f 738 765 764
f 759 740 760
f 760 740 739
f 717 1272 1274
f 1274 1272 1273
f 1163 1226 1275
f 1275 1226 1225
f 1277 882 1276
f 1276 882 881
f 1041 1040 1027
f 1027 1040 1026
f 900 935 901
f 901 935 934
f 1164 1278 1165
f 1165 1278 1222
f 1211 1279 1164
f 1164 1279 1278
f 442 1280 453
f 453 1280 1281
f 788 1282 785
f 785 1282 1283
f 1285 1286 1284
f 1284 1286 1287
f 1284 1288 1285
f 1285 1288 1289
f 757 1289 754
f 754 1289 1288
f 605 604 675
f 675 604 676
f 1290 1291 1293
f 1293 1291 1292
f 1295 1296 1294
f 1294 1296 1297
f 696 699 694
f 694 699 931
f 1298 1299 592
f 592 1299 589
f 1299 1300 589
f 589 1300 700
f 1300 1301 700
f 700 1301 701
f 743 745 819
f 819 745 805
f 1303 1304 1302
f 1302 1304 1305
f 1306 1307 1305
f 1305 1307 1302
f 609 1298 610
f 610 1298 592
f 587 822 588
f 588 822 1308
f 703 588 1309
f 1309 588 1308
f 1310 703 571
f 571 703 1309
f 1311 1312 789
f 789 1312 790
f 825 223 1313
f 1313 223 220
f 219 1314 220
f 220 1314 1313
f 1315 1316 1311
f 1311 1316 1312
f 1317 1318 1319
f 1319 1318 1241
f 441 1320 442
f 442 1320 1280
f 1321 217 572
f 572 217 216
f 1323 1230 1322
f 1322 1230 1229
f 1324 1325 631
f 631 1325 656
f 1034 1168 1010
f 1010 1168 1012
f 1327 1328 1326
f 1326 1328 1329
f 1331 1202 1330
f 1330 1202 1201
f 571 1309 572
f 572 1309 1321
f 573 572 1332
f 1332 572 216
f 1334 1335 1333
f 1333 1335 1336
f 1337 1338 918
f 918 1338 859
f 1339 863 1340
f 1340 863 866
f 1341 1342 1344
f 1344 1342 1343
f 1345 1346 919
f 919 1346 920
f 1347 1348 673
f 673 1348 1199
f 693 1349 928
f 928 1349 1201
f 1351 1257 1350
f 1350 1257 1256
f 1350 1352 1351
f 1351 1352 1353
f 653 930 654
f 654 930 662
f 1279 1354 1278
f 1278 1354 1355
f 1357 1358 1356
f 1356 1358 1359
f 937 1360 1140
f 1140 1360 1361
f 1225 1228 909
f 909 1228 964
f 901 934 1362
f 1362 934 1139
f 1364 1365 1363
f 1363 1365 1362
f 1367 912 1366
f 1366 912 911
f 1143 1142 1368
f 1368 1142 1369
f 1144 1186 1145
f 1145 1186 1185
f 1146 1175 1144
f 1144 1175 1186
f 1175 1146 1172
f 1172 1146 1148
f 1147 1018 1148
f 1148 1018 1172
f 1018 1147 1019
f 1019 1147 1149
f 1149 1150 1019
f 1019 1150 1370
f 1150 1151 1370
f 1370 1151 1371
f 1151 1153 1371
f 1371 1153 1177
f 1152 1156 1178
f 1178 1156 1372
f 1155 1158 1373
f 1373 1158 1374
f 1157 1159 1376
f 1376 1159 1375
f 1378 1379 1377
f 1377 1379 1380
f 1382 1383 1381
f 1381 1383 1384
f 1382 1386 1385
f 1385 1386 1387
f 1386 1233 1387
f 1387 1233 1232
f 1389 1390 1388
f 1388 1390 1391
f 1393 1394 1392
f 1392 1394 1395
f 1397 1398 1396
f 1396 1398 1399
f 629 1397 630
f 630 1397 1396
f 1342 1400 1343
f 1343 1400 1401
f 1403 1404 1402
f 1402 1404 1405
f 1407 1408 1406
f 1406 1408 1409
f 1411 1412 1410
f 1410 1412 1413
f 793 1414 794
f 794 1414 1415
f 1417 1341 1416
f 1416 1341 1344
f 704 705 1347
f 1347 705 1418
f 741 1419 742
f 742 1419 1420
f 1422 669 1421
f 1421 669 672
f 645 1423 646
f 646 1423 1424
f 1196 1198 614
f 614 1198 611
f 613 1425 614
f 614 1425 1426
f 1427 616 659
f 659 616 660
f 614 1426 1196
f 1196 1426 1191
f 696 594 697
f 697 594 590
f 697 590 700
f 700 590 589
f 703 1310 702
f 702 1310 1428
f 1421 672 1192
f 1192 672 689
f 1271 648 1269
f 1269 648 622
f 621 1270 622
f 622 1270 1269
f 1429 1430 1417
f 1417 1430 1341
f 1431 1432 1434
f 1434 1432 1433
f 1436 1437 1435
f 1435 1437 1438
f 1440 1441 1439
f 1439 1441 1442
f 1443 1444 1446
f 1446 1444 1445
f 823 809 938
f 938 809 817
f 810 1447 811
f 811 1447 1448
f 1449 1450 679
f 679 1450 706
f 913 916 1205
f 1205 916 1451
f 1275 1225 912
f 912 1225 909
f 1452 1453 880
f 880 1453 881
f 1444 1401 1445
f 1445 1401 1400
f 936 1454 937
f 937 1454 1360
f 824 1455 810
f 810 1455 1447
f 631 656 632
f 632 656 655
f 966 1456 967
f 967 1456 1457
f 1459 1460 1458
f 1458 1460 1461
f 1460 1462 1461
f 1461 1462 1463
f 972 974 973
f 973 974 975
f 990 995 991
f 991 995 994
f 1464 1187 1033
f 1033 1187 1174
f 1018 1021 1172
f 1172 1021 1173
f 1000 999 1001
f 1001 999 998
f 976 979 1022
f 1022 979 1032
f 1023 1024 980
f 980 1024 982
f 989 986 1171
f 1171 986 1169
f 1171 1170 989
f 989 1170 990
f 1170 1027 990
f 990 1027 995
f 1041 1039 998
f 998 1039 1001
f 1051 1063 1000
f 1000 1063 999
f 1066 1064 1051
f 1051 1064 1063
f 1183 1081 1066
f 1066 1081 1064
f 1178 1372 1103
f 1103 1372 1104
f 1092 1091 1465
f 1465 1091 1182
f 1467 1465 1466
f 1466 1465 1468
f 1469 1470 1184
f 1184 1470 1468
f 1095 1098 1471
f 1471 1098 1101
f 1076 1374 1120
f 1120 1374 1376
f 1110 1472 1127
f 1127 1472 1132
f 1472 1473 1132
f 1132 1473 1129
f 1474 1475 1466
f 1466 1475 1473
f 1119 1118 1116
f 1116 1118 1113
f 1375 1121 1376
f 1376 1121 1120
f 1127 1132 1128
f 1128 1132 1131
f 1227 1476 1228
f 1228 1476 1361
f 1365 1477 1362
f 1362 1477 872
f 1478 1479 1323
f 1323 1479 1230
f 1480 1481 914
f 914 1481 915
f 913 1277 914
f 914 1277 1276
f 1168 1034 1022
f 1022 1034 1023
f 1035 1036 1024
f 1024 1036 1025
f 1039 1041 1170
f 1170 1041 1027
f 1042 1148 1028
f 1028 1148 1146
f 968 1459 969
f 969 1459 1458
f 1482 1483 664
f 664 1483 665
f 1485 1486 1484
f 1484 1486 1487
f 1489 1490 1488
f 1488 1490 1491
f 1492 1493 722
f 722 1493 634
f 1495 1496 1494
f 1494 1496 1497
f 1498 1207 1339
f 1339 1207 863
f 1224 1499 1165
f 1165 1499 1166
f 1160 1163 1500
f 1500 1163 1275
f 1500 877 1160
f 1160 877 1501
f 876 873 1502
f 1502 873 1479
f 945 1264 851
f 851 1264 1229
f 835 1231 839
f 839 1231 871
f 1503 1283 778
f 778 1283 1282
f 716 715 1505
f 1505 715 1504
f 1446 1445 1507
f 1507 1445 1506
f 779 792 1381
f 1381 792 791
f 1430 1409 1341
f 1341 1409 1342
f 1411 1429 1508
f 1508 1429 1417
f 635 1510 1509
f 1509 1510 1511
f 1377 1380 1315
f 1315 1380 1316
f 1445 1400 1506
f 1506 1400 1408
f 918 917 1336
f 1336 917 1333
f 1513 1514 1512
f 1512 1514 870
f 1515 1516 1363
f 1363 1516 1364
f 1453 1517 881
f 881 1517 1276
f 992 1518 993
f 993 1518 1519
f 1520 1029 1518
f 1518 1029 955
f 1520 1026 1521
f 1521 1026 1040
f 1522 1015 1521
f 1521 1015 1043
f 996 1523 997
f 997 1523 1522
f 1060 1016 1524
f 1524 1016 1523
f 1061 1525 1062
f 1062 1525 1524
f 1079 1527 1526
f 1526 1527 1528
f 1093 1529 1094
f 1094 1529 1528
f 1111 1530 1112
f 1112 1530 1531
f 1532 1533 1105
f 1105 1533 1123
f 934 937 1139
f 1139 937 1140
f 1138 1363 1139
f 1139 1363 1362
f 1534 1222 1355
f 1355 1222 1278
f 1535 1223 1534
f 1534 1223 1222
f 821 587 1238
f 1238 587 586
f 1319 711 1317
f 1317 711 1536
f 1538 1200 1537
f 1537 1200 1199
f 1508 1417 1539
f 1539 1417 1416
f 1540 1541 840
f 840 1541 837
f 1231 898 871
f 871 898 901
f 1500 1275 1367
f 1367 1275 912
f 1543 1379 1542
f 1542 1379 1395
f 1539 772 1508
f 1508 772 1544
f 1546 1403 1545
f 1545 1403 1402
f 1548 1549 1547
f 1547 1549 1550
f 1552 1548 1551
f 1551 1548 1547
f 1554 1555 1553
f 1553 1555 1556
f 1558 1559 1557
f 1557 1559 1560
f 1562 1563 1561
f 1561 1563 1564
f 1566 1567 1565
f 1565 1567 1568
f 1570 1571 1569
f 1569 1571 1572
f 1574 1575 1573
f 1573 1575 1576
f 1577 1578 1572
f 1572 1578 1569
f 1580 1581 1579
f 1579 1581 1582
f 1584 1585 1583
f 1583 1585 1586
f 1588 1555 1587
f 1587 1555 1589
f 1591 1592 1590
f 1590 1592 1593
f 1595 1596 1594
f 1594 1596 1597
f 1596 1581 1597
f 1597 1581 1576
f 1599 1570 1598
f 1598 1570 1569
f 1601 1602 1600
f 1600 1602 1603
f 1605 1606 1604
f 1604 1606 1607
f 1608 1609 1568
f 1568 1609 1565
f 1611 1612 1610
f 1610 1612 1613
f 1615 1616 1614
f 1614 1616 1617
f 1619 1617 1618
f 1618 1617 1616
f 1621 1622 1620
f 1620 1622 1623
f 1625 1626 1624
f 1624 1626 1627
f 1629 1630 1628
f 1628 1630 1631
f 1633 1634 1632
f 1632 1634 1635
f 1636 1637 1639
f 1639 1637 1638
f 1641 1642 1640
f 1640 1642 1643
f 1624 1627 1644
f 1644 1627 1645
f 1647 1648 1646
f 1646 1648 1649
f 1651 1652 1650
f 1650 1652 1653
f 1655 1656 1654
f 1654 1656 1657
f 1659 1660 1658
f 1658 1660 1661
f 1662 1663 1631
f 1631 1663 1628
f 1651 1665 1664
f 1664 1665 1666
f 1667 1656 1619
f 1619 1656 1617
f 1669 1670 1668
f 1668 1670 1671
f 1632 1635 1672
f 1672 1635 1673
f 1674 1675 1638
f 1638 1675 1639
f 1677 1678 1676
f 1676 1678 1679
f 1680 1640 1681
f 1681 1640 1643
f 1682 1683 1643
f 1643 1683 1681
f 1670 1669 1235
f 1235 1669 1232
f 1396 1399 1674
f 1674 1399 1675
f 627 630 1679
f 1679 630 1676
f 1681 1315 1680
f 1680 1315 1311
f 1683 1377 1681
f 1681 1377 1315
f 1672 1673 1387
f 1387 1673 1385
f 1636 1684 1646
f 1646 1684 1685
f 1687 1688 1686
f 1686 1688 1689
f 1585 1690 1586
f 1586 1690 1691
f 1599 1692 1551
f 1551 1692 1693
f 1552 1558 1694
f 1694 1558 1557
f 1696 1615 1695
f 1695 1615 1614
f 1698 1699 1697
f 1697 1699 1623
f 1700 1701 1703
f 1703 1701 1702
f 1705 1706 1704
f 1704 1706 1707
f 1708 1709 1640
f 1640 1709 1641
f 1710 1711 1713
f 1713 1711 1712
f 1652 1655 1653
f 1653 1655 1654
f 1714 1699 1712
f 1712 1699 1713
f 1715 1710 1716
f 1716 1710 1713
f 1717 1708 1680
f 1680 1708 1640
f 1393 1392 1715
f 1715 1392 1710
f 1719 1720 1718
f 1718 1720 1721
f 1680 1311 1717
f 1717 1311 789
f 1378 1711 1392
f 1392 1711 1710
f 1388 1391 1719
f 1719 1391 1720
f 1723 1606 1722
f 1722 1606 1689
f 1725 1568 1724
f 1724 1568 1567
f 1726 1647 1685
f 1685 1647 1646
f 1728 1554 1727
f 1727 1554 1553
f 1591 1687 1600
f 1600 1687 1686
f 1730 1595 1729
f 1729 1595 1594
f 1601 1605 1731
f 1731 1605 1604
f 1733 1663 1732
f 1732 1663 1734
f 1736 1639 1735
f 1735 1639 1675
f 1658 1644 1737
f 1737 1644 1645
f 1726 1662 1724
f 1724 1662 1631
f 1399 1738 1675
f 1675 1738 1735
f 1621 1667 1739
f 1739 1667 1619
f 1714 1740 1620
f 1620 1740 1741
f 1592 1549 1593
f 1593 1549 1742
f 1602 1571 1603
f 1603 1571 1550
f 1688 1690 1689
f 1689 1690 1722
f 1588 1559 1582
f 1582 1559 1579
f 1673 1735 1385
f 1385 1735 1738
f 1387 1232 1672
f 1672 1232 1669
f 1580 1692 1573
f 1573 1692 1743
f 1377 1683 1378
f 1378 1683 1711
f 1664 1666 1744
f 1744 1666 1745
f 1744 1696 1664
f 1664 1696 1695
f 1746 1747 1732
f 1732 1747 1748
f 1749 1750 1677
f 1677 1750 1678
f 1709 1708 1750
f 1750 1708 1678
f 1668 1632 1669
f 1669 1632 1672
f 1633 1746 1734
f 1734 1746 1732
f 1679 1678 1717
f 1717 1678 1708
f 789 627 1717
f 1717 627 1679
f 1563 1723 1564
f 1564 1723 1722
f 1728 1584 1751
f 1751 1584 1583
f 1674 1676 1396
f 1396 1676 630
f 1666 1566 1745
f 1745 1566 1565
f 1627 1629 1645
f 1645 1629 1628
f 1637 1749 1638
f 1638 1749 1677
f 1648 1665 1649
f 1649 1665 1752
f 1740 1642 1741
f 1741 1642 1657
f 1676 1674 1677
f 1677 1674 1638
f 1683 1682 1711
f 1711 1682 1712
f 1618 1753 1619
f 1619 1753 1739
f 1701 1739 1702
f 1702 1739 1753
f 1754 1214 1756
f 1756 1214 1755
f 647 1757 619
f 619 1757 941
f 1759 1193 1758
f 1758 1193 691
f 1419 1760 1420
f 1420 1760 1761
f 682 1762 683
f 683 1762 1763
f 1412 780 1413
f 1413 780 1384
f 1383 1398 1384
f 1384 1398 1413
f 1197 1424 1764
f 1764 1424 1423
f 1537 1287 1538
f 1538 1287 1286
f 1634 1684 1635
f 1635 1684 1736
f 1724 1631 1725
f 1725 1631 1630
f 1562 1730 1610
f 1610 1730 1729
f 1735 1673 1736
f 1736 1673 1635
f 1757 1195 941
f 941 1195 1194
f 1766 200 1765
f 1765 200 199
f 475 500 476
f 476 500 479
f 498 558 483
f 483 558 487
f 545 551 546
f 546 551 550
f 453 1281 219
f 219 1281 1314
f 298 453 208
f 208 453 219
f 368 1765 1767
f 1767 1765 199
f 523 405 363
f 363 405 404
f 523 533 405
f 405 533 402
f 298 208 299
f 299 208 207
f 299 207 176
f 176 207 300
f 176 300 173
f 173 300 202
f 173 202 174
f 174 202 201
f 1337 918 1768
f 1768 918 1336
f 1769 1770 1338
f 1338 1770 859
f 581 570 578
f 578 570 1771
f 555 562 580
f 580 562 561
f 504 1772 501
f 501 1772 548
f 517 542 584
f 584 542 543
f 515 514 516
f 516 514 544
f 542 517 544
f 544 517 516
f 561 575 580
f 580 575 581
f 575 569 581
f 581 569 570
f 501 548 1773
f 1773 548 547
f 1774 1775 570
f 570 1775 1771
f 369 368 1776
f 1776 368 1767
f 372 369 375
f 375 369 1776
f 822 1280 1308
f 1308 1280 1320
f 820 1281 822
f 822 1281 1280
f 818 1314 820
f 820 1314 1281
f 1314 818 1313
f 1313 818 804
f 807 814 825
f 825 814 826
f 814 813 826
f 826 813 827
f 813 1220 827
f 827 1220 828
f 580 579 555
f 555 579 547
f 1477 1540 872
f 872 1540 840
f 367 499 368
f 368 499 1765
f 1766 1765 525
f 525 1765 499
f 1777 1766 526
f 526 1766 525
f 520 527 362
f 362 527 384
f 361 1778 519
f 519 1778 528
f 371 1779 372
f 372 1779 369
f 369 1779 370
f 370 1779 478
f 1779 371 478
f 478 371 374
f 1778 1777 528
f 528 1777 526
f 1781 1782 1780
f 1780 1782 1783
f 431 460 67
f 67 460 64
f 68 338 74
f 74 338 72
f 1785 1782 1784
f 1784 1782 1786
f 1787 1788 1790
f 1790 1788 1789
f 1792 1789 1791
f 1791 1789 1793
f 1791 1794 1792
f 1792 1794 1795
f 1794 1796 1795
f 1795 1796 1797
f 1797 1798 938
f 938 1798 868
f 1798 1799 868
f 868 1799 869
f 1801 1802 1800
f 1800 1802 1451
f 1803 1804 1205
f 1205 1804 1206
f 1805 1806 864
f 864 1806 865
f 1806 1807 865
f 865 1807 1808
f 68 71 338
f 287 328 288
f 1320 1321 1308
f 1308 1321 1309
f 1320 441 1321
f 1321 441 217
f 441 152 217
f 217 152 218
f 151 286 152
f 152 286 218
f 297 310 151
f 151 310 286
f 296 307 297
f 297 307 310
f 296 143 307
f 307 143 284
f 143 56 284
f 284 56 104
f 56 59 104
f 104 59 63
f 59 102 63
f 63 102 60
f 102 94 60
f 60 94 282
f 93 459 279
f 279 459 77
f 459 460 77
f 77 460 78
f 460 431 78
f 78 431 295
f 431 49 295
f 295 49 292
f 48 421 49
f 49 421 292
f 276 278 418
f 418 278 429
f 317 432 278
f 278 432 429
f 432 317 433
f 433 317 316
f 326 324 316
f 316 324 433
f 1536 592 1809
f 1809 592 591
f 1810 744 1812
f 1812 744 1811
f 1814 1815 1813
f 1813 1815 1816
f 1817 748 1818
f 1818 748 747
f 1812 1819 1810
f 1810 1819 1817
f 1820 1821 748
f 748 1821 749
f 1823 1824 1822
f 1822 1824 1825
f 1827 1828 1826
f 1826 1828 1829
f 1831 1832 1830
f 1830 1832 1833
f 1834 1827 1243
f 1243 1827 1826
f 1313 804 825
f 825 804 807
f 1835 1253 1236
f 1236 1253 1237
f 1836 1837 1438
f 1438 1837 1435
f 1838 1505 1840
f 1840 1505 1839
f 1841 1842 716
f 716 1842 713
f 1843 1844 1510
f 1510 1844 1845
f 1847 1848 1846
f 1846 1848 1849
f 1850 1240 1822
f 1822 1240 1239
f 636 1831 637
f 637 1831 1830
f 1852 1853 1851
f 1851 1853 1854
f 1855 1856 1858
f 1858 1856 1857
f 1846 1849 1859
f 1859 1849 1860
f 1343 1401 1509
f 1509 1401 1861
f 1509 1861 635
f 635 1861 636
f 1863 1864 1862
f 1862 1864 1865
f 1283 1503 1867
f 1867 1503 1866
f 1868 1867 681
f 681 1867 682
f 1286 1285 683
f 683 1285 684
f 757 756 1274
f 1274 756 1869
f 1274 1869 717
f 717 1869 718
f 1434 1433 719
f 719 1433 720
f 1200 1538 1545
f 1545 1538 1763
f 1285 1289 684
f 684 1289 1273
f 684 1273 681
f 681 1273 1272
f 785 1283 1868
f 1868 1283 1867
f 786 785 1870
f 1870 785 1868
f 1289 757 1273
f 1273 757 1274
f 1539 1416 1871
f 1871 1416 1872
f 773 1871 1403
f 1403 1871 1404
f 675 674 1405
f 1405 674 1402
f 1864 1873 1865
f 1865 1873 1874
f 638 1843 635
f 635 1843 1510
f 1344 1343 1511
f 1511 1343 1509
f 772 1539 773
f 773 1539 1871
f 674 1200 1402
f 1402 1200 1545
f 1538 1286 1763
f 1763 1286 683
f 1444 1443 1875
f 1875 1443 1876
f 1875 1876 1831
f 1831 1876 1832
f 1416 1344 1872
f 1872 1344 1511
f 1877 1878 774
f 774 1878 1879
f 1878 1847 1879
f 1879 1847 1846
f 1880 714 1881
f 1881 714 1848
f 1401 1444 1861
f 1861 1444 1875
f 1861 1875 636
f 636 1875 1831
f 1823 1863 1882
f 1882 1863 1862
f 1441 1440 1884
f 1884 1440 1883
f 1883 1852 1884
f 1884 1852 1851
f 1886 1887 1885
f 1885 1887 1888
f 1358 1889 1359
f 1359 1889 1890
f 1891 1886 1892
f 1892 1886 1885
f 774 1879 775
f 775 1879 1893
f 1859 1893 1846
f 1846 1893 1879
f 713 1842 1849
f 1849 1842 1860
f 1318 1895 1894
f 1894 1895 1896
f 1873 1897 1874
f 1874 1897 1898
f 1898 605 1899
f 1899 605 675
f 1405 1844 675
f 675 1844 1899
f 1404 1845 1405
f 1405 1845 1844
f 593 1296 591
f 591 1296 1809
f 1295 1292 1900
f 1900 1292 1895
f 606 1897 1291
f 1291 1897 1896
f 1510 1845 1511
f 1511 1845 1872
f 1871 1872 1404
f 1404 1872 1845
f 1866 770 1762
f 1762 770 1546
f 1762 682 1866
f 1866 682 1867
f 1870 1868 1272
f 1272 1868 681
f 1272 717 1870
f 1870 717 720
f 1870 720 786
f 786 720 1433
f 786 1433 787
f 787 1433 1432
f 1261 1414 1432
f 1432 1414 787
f 1389 1234 1260
f 1260 1234 1415
f 1719 1670 1388
f 1388 1670 1235
f 1718 1671 1719
f 1719 1671 1670
f 1705 1747 1718
f 1718 1747 1671
f 1659 1901 1704
f 1704 1901 1748
f 1877 1903 1902
f 1902 1903 1904
f 1259 1905 1390
f 1390 1905 1394
f 1715 1720 1393
f 1393 1720 1391
f 1716 1721 1715
f 1715 1721 1720
f 1698 1706 1716
f 1716 1706 1721
f 277 276 47
f 47 276 48
f 84 96 81
f 81 96 82
f 80 70 81
f 81 70 85
f 99 97 88
f 88 97 89
f 90 100 88
f 88 100 99
f 101 95 102
f 102 95 94
f 1906 1907 280
f 280 1907 281
f 97 86 89
f 89 86 85
f 60 282 61
f 61 282 281
f 83 82 46
f 46 82 47
f 293 292 420
f 420 292 421
f 419 1908 420
f 420 1908 1909
f 92 95 91
f 91 95 90
f 279 282 93
f 93 282 94
f 276 418 48
f 48 418 421
f 1910 1660 1697
f 1697 1660 1707
f 1703 1624 1700
f 1700 1624 1644
f 1622 1910 1623
f 1623 1910 1697
f 1701 1700 1911
f 1911 1700 1661
f 1700 1644 1661
f 1661 1644 1658
f 1901 1737 1733
f 1733 1737 1645
f 1625 1912 1604
f 1604 1912 1731
f 1912 1913 1731
f 1731 1913 1914
f 1913 1577 1914
f 1914 1577 1572
f 1915 1578 1616
f 1616 1578 1618
f 1915 1916 1598
f 1598 1916 1743
f 1916 1574 1743
f 1743 1574 1573
f 1575 1917 1576
f 1576 1917 1597
f 1917 1609 1597
f 1597 1609 1594
f 1608 1611 1729
f 1729 1611 1610
f 1918 1612 1629
f 1629 1612 1630
f 1626 1918 1627
f 1627 1918 1629
f 1920 1921 1919
f 1919 1921 1922
f 1920 1924 1923
f 1923 1924 1925
f 1926 1927 1924
f 1924 1927 1925
f 1929 1930 1928
f 1928 1930 1931
f 1932 1933 1935
f 1935 1933 1934
f 1937 1938 1936
f 1936 1938 1939
f 1941 1942 1940
f 1940 1942 1943
f 1941 1945 1944
f 1944 1945 1946
f 1947 1948 1694
f 1694 1948 1949
f 1950 1951 1953
f 1953 1951 1952
f 1955 1956 1954
f 1954 1956 1589
f 1958 1956 1957
f 1957 1956 1932
f 1960 1934 1959
f 1959 1934 1933
f 1962 1963 1961
f 1961 1963 1964
f 1965 1955 1751
f 1751 1955 1954
f 1935 1930 1932
f 1932 1930 1957
f 1951 1950 1926
f 1926 1950 1929
f 1966 1967 1593
f 1593 1967 1590
f 1969 1967 1968
f 1968 1967 1964
f 1962 1921 1970
f 1970 1921 1971
f 1963 1945 1964
f 1964 1945 1968
f 1972 1948 1922
f 1922 1948 1919
f 1966 1972 1961
f 1961 1972 1922
f 1958 1953 1587
f 1587 1953 1560
f 1974 1975 1973
f 1973 1975 1976
f 1978 1979 1977
f 1977 1979 1691
f 1979 1975 1691
f 1691 1975 1586
f 1938 1942 1939
f 1939 1942 1980
f 1952 1947 1557
f 1557 1947 1694
f 1969 1978 1981
f 1981 1978 1977
f 1983 1984 1982
f 1982 1984 1985
f 1986 1987 1989
f 1989 1987 1988
f 1990 1991 1983
f 1983 1991 1984
f 1990 1993 1992
f 1992 1993 1994
f 1995 1996 1994
f 1994 1996 1997
f 1999 2000 1998
f 1998 2000 2001
f 2003 2004 2002
f 2002 2004 2005
f 2007 2008 2006
f 2006 2008 2009
f 2011 2012 2010
f 2010 2012 2013
f 2014 2015 2017
f 2017 2015 2016
f 2018 2019 2021
f 2021 2019 2020
f 2022 1989 2024
f 2024 1989 2023
f 1989 1988 2023
f 2023 1988 2025
f 2026 2027 2017
f 2017 2027 2014
f 2029 2030 2028
f 2028 2030 2031
f 2033 2034 2032
f 2032 2034 2035
f 2032 2035 2036
f 2036 2035 2037
f 2039 2040 2038
f 2038 2040 2041
f 1982 2042 1983
f 1983 2042 2043
f 2045 2046 2044
f 2044 2046 2047
f 2049 2050 2048
f 2048 2050 2051
f 2053 2054 2052
f 2052 2054 2055
f 2057 2058 2056
f 2056 2058 2059
f 2060 2061 2033
f 2033 2061 2034
f 2063 2064 2062
f 2062 2064 2065
f 2066 2035 2067
f 2067 2035 2034
f 2069 2039 2068
f 2068 2039 2038
f 2025 2070 2023
f 2023 2070 2071
f 2072 2024 2071
f 2071 2024 2023
f 2074 2020 2073
f 2073 2020 2019
f 2050 2049 2047
f 2047 2049 2075
f 1983 2043 1990
f 1990 2043 1993
f 2006 2050 2007
f 2007 2050 2076
f 2050 2006 2051
f 2051 2006 2077
f 2079 2080 2078
f 2078 2080 2081
f 2082 2083 2085
f 2085 2083 2084
f 2010 2013 2086
f 2086 2013 2087
f 2089 2033 2088
f 2088 2033 2032
f 2090 2060 2089
f 2089 2060 2033
f 2092 2093 2091
f 2091 2093 2094
f 2096 1986 2095
f 2095 1986 2097
f 2097 1986 2022
f 2022 1986 1989
f 2015 2094 2016
f 2016 2094 2098
f 2016 2098 2100
f 2100 2098 2099
f 2017 2016 2101
f 2101 2016 2100
f 2017 2101 2026
f 2026 2101 2102
f 2100 2099 2104
f 2104 2099 2103
f 2104 2105 2100
f 2100 2105 2101
f 2105 2106 2101
f 2101 2106 2102
f 2108 2061 2107
f 2107 2061 2109
f 2111 2112 2110
f 2110 2112 2020
f 2020 2074 2110
f 2110 2074 2113
f 2115 2116 2114
f 2114 2116 2117
f 2118 2119 1995
f 1995 2119 2120
f 2121 2122 2027
f 2027 2122 2014
f 2047 2075 2044
f 2044 2075 2123
f 2124 2125 2127
f 2127 2125 2126
f 2129 2130 2128
f 2128 2130 2131
f 2132 2133 2057
f 2057 2133 2058
f 2134 1999 2136
f 2136 1999 2135
f 2055 2138 2137
f 2137 2138 2139
f 2141 2142 2140
f 2140 2142 2143
f 2083 2082 2064
f 2064 2082 2065
f 2082 2144 2065
f 2065 2144 2145
f 2040 2146 2041
f 2041 2146 2147
f 2060 2090 2148
f 2148 2090 2149
f 2048 2051 2137
f 2137 2051 2150
f 2151 1997 2135
f 2135 1997 1996
f 2152 2150 2077
f 2077 2150 2051
f 2046 2045 2118
f 2118 2045 2119
f 2154 2155 2153
f 2153 2155 2156
f 2158 2159 2157
f 2157 2159 2160
f 2162 2163 2161
f 2161 2163 2164
f 2164 2163 2165
f 2165 2163 2166
f 2168 2169 2167
f 2167 2169 2170
f 2003 2172 2171
f 2171 2172 2173
f 2174 2175 2002
f 2002 2175 2176
f 2145 2177 2065
f 2065 2177 2062
f 2178 2179 2180
f 2180 2179 2134
f 2181 2052 2152
f 2152 2052 2150
f 2040 2127 2146
f 2146 2127 2182
f 2130 2162 2131
f 2131 2162 2161
f 2052 2055 2150
f 2150 2055 2137
f 2184 2185 2183
f 2183 2185 2186
f 2159 2030 2160
f 2160 2030 2187
f 2146 2182 2029
f 2029 2182 2188
f 2189 2190 2192
f 2192 2190 2191
f 2172 2003 2176
f 2176 2003 2002
f 1998 2151 1999
f 1999 2151 2135
f 2177 2172 2062
f 2062 2172 2176
f 2172 2177 2173
f 2173 2177 2193
f 2063 2194 2064
f 2064 2194 2195
f 2066 2197 2196
f 2196 2197 2198
f 2002 2005 2174
f 2174 2005 2199
f 2004 2003 2200
f 2200 2003 2171
f 2198 2201 2171
f 2171 2201 2200
f 2197 2202 2198
f 2198 2202 2201
f 2202 2197 2203
f 2203 2197 2204
f 2196 2198 2173
f 2173 2198 2171
f 2205 2069 2170
f 2170 2069 2206
f 2197 2066 2204
f 2204 2066 2067
f 2107 2207 2108
f 2108 2207 2208
f 2210 2208 2209
f 2209 2208 2207
f 2185 2211 2212
f 2213 2214 2211
f 2211 2214 2212
f 1998 2001 2213
f 2213 2001 2214
f 2134 2215 1999
f 1999 2215 2000
f 2216 2217 2219
f 2219 2217 2218
f 2206 2220 2170
f 2170 2220 2167
f 2069 2068 2206
f 2206 2068 2221
f 2151 1998 2222
f 2222 1998 2213
f 2124 2039 2205
f 2205 2039 2069
f 2142 2223 2143
f 2143 2223 2128
f 2203 2186 2202
f 2202 2186 2185
f 2185 2184 2211
f 2211 2184 2224
f 2224 2225 2222
f 2222 2225 2226
f 2071 2227 2072
f 2072 2227 2228
f 2229 2074 2230
f 2230 2074 2073
f 2074 2229 2113
f 2113 2229 2231
f 2232 2225 2227
f 2227 2225 2224
f 2233 2234 2031
f 2031 2234 2028
f 2236 2231 2235
f 2235 2231 2229
f 2230 2183 2229
f 2229 2183 2235
f 2237 1987 2096
f 2096 1987 1986
f 2152 2238 2181
f 2181 2238 2239
f 2080 2240 2081
f 2081 2240 2241
f 2236 2242 1971
f 1971 2242 1970
f 1925 2113 1923
f 1923 2113 2231
f 2110 1927 2111
f 2111 1927 1928
f 2103 2111 1931
f 1931 2111 1928
f 1931 2243 2103
f 2103 2243 2104
f 2105 2104 2244
f 2244 2104 2243
f 1939 1980 2148
f 2148 1980 2109
f 1980 1944 2109
f 2109 1944 2107
f 1946 2245 2207
f 2207 2245 2209
f 2245 1970 2209
f 2209 1970 2242
f 2231 2236 1923
f 1923 2236 1971
f 2113 1925 2110
f 2110 1925 1927
f 2234 2246 2028
f 2028 2246 2147
f 2247 2248 2058
f 2058 2248 2059
f 2114 2117 2249
f 2249 2117 2250
f 2252 2253 2251
f 2251 2253 2254
f 2094 2015 2091
f 2091 2015 2255
f 2256 2255 2014
f 2014 2255 2015
f 2257 2145 2258
f 2258 2145 2144
f 2131 2161 2123
f 2123 2161 2044
f 2045 2044 2164
f 2164 2044 2161
f 2045 2164 2119
f 2119 2164 2165
f 2259 2120 2165
f 2165 2120 2119
f 2260 2261 2259
f 2259 2261 2120
f 2205 2262 2124
f 2124 2262 2125
f 2180 2263 2178
f 2178 2263 2264
f 2265 2266 2092
f 2092 2266 2093
f 1992 2267 2268
f 2184 2228 2224
f 2224 2228 2227
f 2048 2269 2049
f 2049 2269 2141
f 2129 2168 2157
f 2157 2168 2167
f 2049 2141 2075
f 2075 2141 2140
f 2199 2215 2270
f 2270 2215 2271
f 2142 2141 2272
f 2272 2141 2269
f 2089 2026 2090
f 2090 2026 2102
f 2146 2029 2147
f 2147 2029 2028
f 2111 2103 2112
f 2112 2103 2099
f 2061 2060 2109
f 2109 2060 2148
f 2273 2274 2041
f 2041 2274 2038
f 2260 2275 2261
f 2261 2275 2136
f 2057 2138 2132
f 2132 2138 2276
f 2272 2269 2056
f 2056 2269 2139
f 2277 2278 2270
f 2270 2278 2199
f 2029 2188 2030
f 2030 2188 2187
f 2040 2039 2127
f 2127 2039 2124
f 2064 2195 2083
f 2083 2195 2279
f 2056 2139 2057
f 2057 2139 2138
f 2278 2277 2247
f 2247 2277 2248
f 2062 2176 2063
f 2063 2176 2175
f 2280 2210 2242
f 2242 2210 2209
f 2282 2233 2281
f 2281 2233 2031
f 2216 2219 2283
f 2283 2219 2221
f 2158 2220 2218
f 2218 2220 2219
f 2217 2282 2218
f 2218 2282 2281
f 2220 2158 2167
f 2167 2158 2157
f 2223 2264 2128
f 2128 2264 2263
f 2261 1996 2120
f 2120 1996 1995
f 2213 2211 2222
f 2222 2211 2224
f 2283 2221 2284
f 2284 2221 2068
f 2135 1996 2136
f 2136 1996 2261
f 2144 2081 2258
f 2258 2081 2241
f 2235 2280 2236
f 2236 2280 2242
f 2246 2273 2147
f 2147 2273 2041
f 2036 2285 2032
f 2032 2285 2088
f 2077 2286 2152
f 2152 2286 2238
f 1937 1960 1973
f 1973 1960 1959
f 2070 2232 2071
f 2071 2232 2227
f 2244 2287 2105
f 2105 2287 2106
f 1936 1939 2149
f 2149 1939 2148
f 1944 1946 2107
f 2107 1946 2207
f 2285 2121 2088
f 2088 2121 2027
f 2253 2249 2254
f 2254 2249 2250
f 2006 2009 2077
f 2077 2009 2286
f 2289 2086 2288
f 2288 2086 2087
f 2223 2142 2290
f 2290 2142 2272
f 2128 2131 2143
f 2143 2131 2123
f 2156 2291 2153
f 2153 2291 2175
f 2292 2293 2278
f 2278 2293 2294
f 2075 2140 2123
f 2123 2140 2143
f 2262 2169 2275
f 2275 2169 2180
f 2275 2180 2136
f 2136 2180 2134
f 2274 2284 2038
f 2038 2284 2068
f 2127 2126 2182
f 2182 2126 2166
f 2094 2093 2098
f 2098 2093 2021
f 2098 2021 2099
f 2099 2021 2112
f 2018 2021 2266
f 2266 2021 2093
f 2251 2289 2252
f 2252 2289 2288
f 1997 2151 2226
f 2226 2151 2222
f 2206 2221 2220
f 2220 2221 2219
f 2269 2048 2139
f 2139 2048 2137
f 2159 2158 2281
f 2281 2158 2218
f 2156 2155 2190
f 2190 2155 2191
f 1974 1965 1583
f 1583 1965 1751
f 2088 2027 2089
f 2089 2027 2026
f 2030 2159 2031
f 2031 2159 2281
f 2106 2149 2102
f 2102 2149 2090
f 2287 1936 2106
f 2106 1936 2149
f 2293 2154 2294
f 2294 2154 2153
f 2021 2020 2112
f 2247 2295 2278
f 2278 2295 2292
f 2284 2296 2283
f 2283 2296 2297
f 2298 2296 2274
f 2274 2296 2284
f 2273 2299 2274
f 2274 2299 2298
f 2246 2300 2273
f 2273 2300 2299
f 2283 2297 2216
f 2216 2297 2301
f 2216 2301 2217
f 2217 2301 2302
f 2302 2303 2217
f 2217 2303 2282
f 2304 2301 2305
f 2305 2301 2297
f 2307 2308 2306
f 2306 2308 2309
f 2306 2310 2307
f 2307 2310 2311
f 2307 2312 2308
f 2308 2312 2313
f 2314 2315 2312
f 2312 2315 2316
f 2316 2317 2312
f 2312 2317 2313
f 2317 2305 2313
f 2313 2305 2318
f 2314 2312 2311
f 2311 2312 2307
f 2319 2320 2322
f 2322 2320 2321
f 2322 2311 2319
f 2319 2311 2310
f 2313 2318 2308
f 2308 2318 2309
f 2296 2298 2318
f 2318 2298 2309
f 2309 2298 2323
f 2323 2298 2299
f 2306 2309 2324
f 2324 2309 2323
f 2310 2306 2325
f 2325 2306 2324
f 2296 2318 2297
f 2297 2318 2305
f 2319 2310 2326
f 2326 2310 2325
f 2328 2325 2327
f 2327 2325 2324
f 2325 2328 2326
f 2326 2328 2329
f 2331 2328 2330
f 2330 2328 2327
f 2332 2333 2327
f 2327 2333 2330
f 2328 2331 2329
f 2329 2331 2334
f 2324 2323 2327
f 2327 2323 2332
f 2300 2332 2299
f 2299 2332 2323
f 2326 2335 2319
f 2319 2335 2320
f 2305 2317 2336
f 2336 2317 2316
f 2336 2316 2337
f 2337 2316 2315
f 2338 2304 2336
f 2336 2304 2305
f 2337 2339 2336
f 2336 2339 2338
f 2337 2315 2341
f 2341 2315 2340
f 2342 2300 2234
f 2234 2300 2246
f 2303 2343 2282
f 2282 2343 2233
f 2234 2233 2342
f 2342 2233 2343
f 2342 2343 2333
f 2333 2343 2344
f 2333 2344 2330
f 2330 2344 2345
f 2346 2344 2303
f 2303 2344 2343
f 2332 2300 2333
f 2333 2300 2342
f 2347 2346 2302
f 2302 2346 2303
f 2301 2304 2302
f 2302 2304 2347
f 2304 2338 2347
f 2347 2338 2348
f 2348 2349 2347
f 2347 2349 2346
f 2350 2351 2348
f 2348 2351 2349
f 2349 2345 2346
f 2346 2345 2344
f 2345 2349 2352
f 2352 2349 2351
f 2338 2339 2348
f 2348 2339 2350
f 2350 2339 2353
f 2353 2339 2354
f 2356 2357 2355
f 2355 2357 2353
f 2351 2350 2357
f 2357 2350 2353
f 2353 2354 2355
f 2355 2354 2335
f 2320 2335 2341
f 2341 2335 2354
f 2339 2337 2354
f 2354 2337 2341
f 2352 2331 2345
f 2345 2331 2330
f 2356 2334 2352
f 2352 2334 2331
f 2356 2352 2357
f 2357 2352 2351
f 2355 2329 2356
f 2356 2329 2334
f 2335 2326 2355
f 2355 2326 2329
f 2321 2314 2322
f 2322 2314 2311
f 2321 2320 2340
f 2340 2320 2341
f 2315 2314 2340
f 2340 2314 2321
f 2125 2260 2126
f 2126 2260 2259
f 2157 2160 2129
f 2129 2160 2130
f 2188 2163 2187
f 2187 2163 2162
f 2182 2166 2188
f 2188 2166 2163
f 2180 2169 2263
f 2263 2169 2168
f 2160 2187 2130
f 2130 2187 2162
f 2275 2260 2262
f 2262 2260 2125
f 2128 2263 2129
f 2129 2263 2168
f 2262 2205 2169
f 2169 2205 2170
f 2165 2166 2259
f 2259 2166 2126
f 2359 2360 2358
f 2358 2360 2361
f 2363 2364 2362
f 2362 2364 2365
f 2367 2363 2366
f 2366 2363 2362
f 2368 2369 2371
f 2371 2369 2370
f 2372 2373 2248
f 2248 2373 2059
f 2364 2374 2365
f 2365 2374 2375
f 2377 2378 2376
f 2376 2378 2379
f 2290 2380 2223
f 2223 2380 2381
f 2223 2381 2264
f 2264 2381 2382
f 2384 2385 2383
f 2383 2385 2386
f 2364 2371 2374
f 2374 2371 2387
f 2059 2373 2290
f 2290 2373 2380
f 2378 2360 2379
f 2379 2360 2388
f 2374 2387 2359
f 2359 2387 2389
f 2390 2367 2386
f 2386 2367 2391
f 2393 2394 2392
f 2392 2394 2395
f 2386 2391 2383
f 2383 2391 2396
f 2367 2366 2391
f 2391 2366 2397
f 2363 2367 2368
f 2368 2367 2390
f 2398 2399 2361
f 2361 2399 2358
f 2399 2400 2358
f 2358 2400 2375
f 2390 2401 2368
f 2368 2401 2369
f 2372 2384 2376
f 2376 2384 2383
f 2374 2359 2375
f 2375 2359 2358
f 2402 2403 2365
f 2365 2403 2362
f 2359 2389 2360
f 2360 2389 2388
f 2364 2363 2371
f 2371 2363 2368
f 2405 2398 2404
f 2404 2398 2361
f 2392 2395 2406
f 2406 2395 2397
f 2377 2396 2394
f 2394 2396 2395
f 2394 2393 2404
f 2404 2393 2405
f 2396 2377 2383
f 2383 2377 2376
f 2406 2397 2407
f 2407 2397 2366
f 2400 2402 2375
f 2375 2402 2365
f 2385 2270 2401
f 2401 2270 2271
f 2403 2407 2362
f 2362 2407 2366
f 2371 2370 2387
f 2387 2370 2382
f 2391 2397 2396
f 2396 2397 2395
f 2378 2377 2404
f 2404 2377 2394
f 2360 2378 2361
f 2361 2378 2404
f 2407 2408 2406
f 2406 2408 2409
f 2410 2408 2403
f 2403 2408 2407
f 2411 2410 2402
f 2402 2410 2403
f 2412 2411 2400
f 2400 2411 2402
f 2406 2409 2392
f 2392 2409 2413
f 2392 2413 2393
f 2393 2413 2414
f 2415 2405 2414
f 2414 2405 2393
f 2416 2413 2417
f 2417 2413 2409
f 2419 2420 2418
f 2418 2420 2421
f 2420 2422 2421
f 2421 2422 2423
f 2420 2424 2422
f 2422 2424 2425
f 2426 2427 2424
f 2424 2427 2428
f 2428 2429 2424
f 2424 2429 2425
f 2426 2424 2419
f 2419 2424 2420
f 2419 2418 2431
f 2431 2418 2430
f 2425 2432 2422
f 2422 2432 2423
f 2408 2410 2432
f 2432 2410 2423
f 2423 2410 2433
f 2433 2410 2411
f 2421 2423 2434
f 2434 2423 2433
f 2435 2418 2434
f 2434 2418 2421
f 2429 2417 2425
f 2425 2417 2432
f 2408 2432 2409
f 2409 2432 2417
f 2418 2435 2430
f 2430 2435 2436
f 2438 2435 2437
f 2437 2435 2434
f 2435 2438 2436
f 2436 2438 2439
f 2441 2438 2440
f 2440 2438 2437
f 2442 2443 2437
f 2437 2443 2440
f 2439 2438 2444
f 2444 2438 2441
f 2433 2442 2434
f 2434 2442 2437
f 2412 2442 2411
f 2411 2442 2433
f 2436 2445 2430
f 2430 2445 2446
f 2430 2446 2431
f 2431 2446 2447
f 2417 2429 2448
f 2448 2429 2428
f 2427 2449 2428
f 2428 2449 2448
f 2450 2416 2448
f 2448 2416 2417
f 2451 2450 2449
f 2449 2450 2448
f 2427 2452 2449
f 2449 2452 2453
f 2447 2446 2452
f 2452 2446 2453
f 2454 2412 2399
f 2399 2412 2400
f 2415 2455 2405
f 2405 2455 2398
f 2399 2398 2454
f 2454 2398 2455
f 2454 2455 2443
f 2443 2455 2456
f 2443 2456 2440
f 2440 2456 2457
f 2458 2456 2415
f 2415 2456 2455
f 2443 2442 2454
f 2454 2442 2412
f 2459 2458 2414
f 2414 2458 2415
f 2413 2416 2414
f 2414 2416 2459
f 2459 2416 2460
f 2460 2416 2450
f 2460 2461 2459
f 2459 2461 2458
f 2462 2463 2460
f 2460 2463 2461
f 2461 2457 2458
f 2458 2457 2456
f 2457 2461 2464
f 2464 2461 2463
f 2451 2462 2450
f 2450 2462 2460
f 2462 2451 2465
f 2465 2451 2466
f 2468 2469 2467
f 2467 2469 2465
f 2463 2462 2469
f 2469 2462 2465
f 2465 2466 2467
f 2467 2466 2445
f 2446 2445 2453
f 2453 2445 2466
f 2451 2449 2466
f 2466 2449 2453
f 2464 2441 2457
f 2457 2441 2440
f 2468 2444 2464
f 2464 2444 2441
f 2468 2464 2469
f 2469 2464 2463
f 2467 2439 2468
f 2468 2439 2444
f 2445 2436 2467
f 2467 2436 2439
f 2447 2426 2431
f 2431 2426 2419
f 2427 2426 2452
f 2452 2426 2447
f 2369 2179 2370
f 2370 2179 2178
f 2376 2379 2372
f 2372 2379 2373
f 2389 2381 2388
f 2388 2381 2380
f 2387 2382 2389
f 2389 2382 2381
f 2270 2385 2277
f 2277 2385 2384
f 2379 2388 2373
f 2373 2388 2380
f 2401 2271 2369
f 2369 2271 2179
f 2248 2277 2372
f 2372 2277 2384
f 2401 2390 2385
f 2385 2390 2386
f 2264 2382 2178
f 2178 2382 2370
f 2215 2134 2271
f 2271 2134 2179
f 2005 2000 2199
f 2199 2000 2215
f 2004 2001 2005
f 2005 2001 2000
f 2200 2214 2004
f 2004 2214 2001
f 2470 2471 2473
f 2473 2471 2472
f 2475 2476 2474
f 2474 2476 2477
f 2479 2475 2478
f 2478 2475 2474
f 2481 2482 2480
f 2480 2482 2483
f 2476 2484 2477
f 2477 2484 2485
f 2487 2488 2486
f 2486 2488 2489
f 2133 2490 2058
f 2058 2490 2491
f 2058 2491 2247
f 2247 2491 2492
f 2494 2495 2493
f 2493 2495 2496
f 2476 2483 2484
f 2484 2483 2497
f 2472 2498 2488
f 2488 2498 2489
f 2484 2497 2471
f 2471 2497 2499
f 2500 2479 2496
f 2496 2479 2501
f 2502 2503 2505
f 2505 2503 2504
f 2496 2501 2493
f 2493 2501 2506
f 2479 2478 2501
f 2501 2478 2507
f 2475 2479 2480
f 2480 2479 2500
f 2508 2509 2473
f 2473 2509 2470
f 2509 2510 2470
f 2470 2510 2485
f 2511 2481 2500
f 2500 2481 2480
f 2512 2494 2486
f 2486 2494 2493
f 2485 2484 2470
f 2470 2484 2471
f 2513 2514 2477
f 2477 2514 2474
f 2471 2499 2472
f 2472 2499 2498
f 2476 2475 2483
f 2483 2475 2480
f 2516 2508 2515
f 2515 2508 2473
f 2502 2505 2517
f 2517 2505 2507
f 2504 2487 2505
f 2505 2487 2506
f 2503 2516 2504
f 2504 2516 2515
f 2506 2487 2493
f 2493 2487 2486
f 2517 2507 2518
f 2518 2507 2478
f 2510 2513 2485
f 2485 2513 2477
f 2511 2495 2293
f 2293 2495 2154
f 2514 2518 2474
f 2474 2518 2478
f 2483 2482 2497
f 2497 2482 2492
f 2501 2507 2506
f 2506 2507 2505
f 2488 2487 2515
f 2515 2487 2504
f 2472 2488 2473
f 2473 2488 2515
f 2518 2519 2517
f 2517 2519 2520
f 2521 2519 2514
f 2514 2519 2518
f 2522 2521 2513
f 2513 2521 2514
f 2523 2522 2510
f 2510 2522 2513
f 2517 2520 2502
f 2502 2520 2524
f 2502 2524 2503
f 2503 2524 2525
f 2525 2526 2503
f 2503 2526 2516
f 2527 2524 2528
f 2528 2524 2520
f 2530 2531 2529
f 2529 2531 2532
f 2531 2533 2532
f 2532 2533 2534
f 2531 2535 2533
f 2533 2535 2536
f 2537 2538 2535
f 2535 2538 2539
f 2539 2540 2535
f 2535 2540 2536
f 2537 2535 2530
f 2530 2535 2531
f 2529 2541 2530
f 2530 2541 2542
f 2543 2534 2536
f 2536 2534 2533
f 2519 2521 2543
f 2543 2521 2534
f 2534 2521 2544
f 2544 2521 2522
f 2532 2534 2545
f 2545 2534 2544
f 2529 2532 2546
f 2546 2532 2545
f 2536 2540 2543
f 2543 2540 2528
f 2519 2543 2520
f 2520 2543 2528
f 2541 2529 2547
f 2547 2529 2546
f 2548 2549 2545
f 2545 2549 2546
f 2549 2550 2546
f 2546 2550 2547
f 2551 2552 2548
f 2548 2552 2549
f 2548 2553 2551
f 2551 2553 2554
f 2550 2549 2555
f 2555 2549 2552
f 2545 2544 2548
f 2548 2544 2553
f 2523 2553 2522
f 2522 2553 2544
f 2547 2556 2541
f 2541 2556 2557
f 2541 2557 2542
f 2542 2557 2558
f 2528 2540 2559
f 2559 2540 2539
f 2538 2560 2539
f 2539 2560 2559
f 2561 2527 2559
f 2559 2527 2528
f 2560 2562 2559
f 2559 2562 2561
f 2560 2538 2564
f 2564 2538 2563
f 2558 2557 2563
f 2563 2557 2564
f 2565 2523 2509
f 2509 2523 2510
f 2526 2566 2516
f 2516 2566 2508
f 2509 2508 2565
f 2565 2508 2566
f 2565 2566 2554
f 2554 2566 2567
f 2554 2567 2551
f 2551 2567 2568
f 2569 2567 2526
f 2526 2567 2566
f 2553 2523 2554
f 2554 2523 2565
f 2570 2569 2525
f 2525 2569 2526
f 2524 2527 2525
f 2525 2527 2570
f 2527 2561 2570
f 2570 2561 2571
f 2571 2572 2570
f 2570 2572 2569
f 2573 2574 2571
f 2571 2574 2572
f 2572 2568 2569
f 2569 2568 2567
f 2568 2572 2575
f 2575 2572 2574
f 2562 2573 2561
f 2561 2573 2571
f 2573 2562 2576
f 2576 2562 2577
f 2579 2580 2578
f 2578 2580 2576
f 2574 2573 2580
f 2580 2573 2576
f 2576 2577 2578
f 2578 2577 2556
f 2557 2556 2564
f 2564 2556 2577
f 2562 2560 2577
f 2577 2560 2564
f 2575 2552 2568
f 2568 2552 2551
f 2579 2555 2575
f 2575 2555 2552
f 2579 2575 2580
f 2580 2575 2574
f 2550 2555 2578
f 2578 2555 2579
f 2556 2547 2578
f 2578 2547 2550
f 2558 2537 2542
f 2542 2537 2530
f 2538 2537 2563
f 2563 2537 2558
f 2292 2295 2481
f 2481 2295 2482
f 2486 2489 2512
f 2512 2489 2581
f 2499 2491 2498
f 2498 2491 2490
f 2497 2492 2499
f 2499 2492 2491
f 2155 2154 2494
f 2494 2154 2495
f 2581 2489 2490
f 2490 2489 2498
f 2293 2292 2511
f 2511 2292 2481
f 2191 2155 2512
f 2512 2155 2494
f 2500 2496 2511
f 2511 2496 2495
f 2247 2492 2295
f 2295 2492 2482
f 2583 2584 2582
f 2582 2584 2585
f 2587 2588 2586
f 2586 2588 2589
f 2591 2587 2590
f 2590 2587 2586
f 2593 2594 2592
f 2592 2594 2595
f 2596 2597 2599
f 2599 2597 2598
f 2588 2600 2589
f 2589 2600 2601
f 2602 2603 2605
f 2605 2603 2604
f 2606 2607 2609
f 2609 2607 2608
f 2609 2608 2190
f 2190 2608 2610
f 2611 2612 2614
f 2614 2612 2613
f 2600 2588 2615
f 2615 2588 2595
f 2599 2598 2606
f 2606 2598 2607
f 2584 2616 2604
f 2604 2616 2605
f 2600 2615 2583
f 2583 2615 2617
f 2591 2619 2618
f 2618 2619 2614
f 2621 2622 2620
f 2620 2622 2623
f 2619 2624 2614
f 2614 2624 2611
f 2591 2590 2619
f 2619 2590 2625
f 2587 2591 2592
f 2592 2591 2618
f 2626 2627 2585
f 2585 2627 2582
f 2627 2628 2582
f 2582 2628 2601
f 2629 2593 2618
f 2618 2593 2592
f 2602 2597 2611
f 2611 2597 2612
f 2600 2583 2601
f 2601 2583 2582
f 2630 2631 2589
f 2589 2631 2586
f 2583 2617 2584
f 2584 2617 2616
f 2588 2587 2595
f 2595 2587 2592
f 2633 2626 2632
f 2632 2626 2585
f 2620 2623 2634
f 2634 2623 2625
f 2622 2603 2623
f 2623 2603 2624
f 2621 2633 2622
f 2622 2633 2632
f 2611 2624 2602
f 2602 2624 2603
f 2634 2625 2635
f 2635 2625 2590
f 2628 2630 2601
f 2601 2630 2589
f 2613 2195 2629
f 2629 2195 2194
f 2631 2635 2586
f 2586 2635 2590
f 2595 2594 2615
f 2615 2594 2610
f 2619 2625 2624
f 2624 2625 2623
f 2632 2604 2622
f 2622 2604 2603
f 2585 2584 2632
f 2632 2584 2604
f 2635 2636 2634
f 2634 2636 2637
f 2638 2636 2631
f 2631 2636 2635
f 2639 2638 2630
f 2630 2638 2631
f 2640 2639 2628
f 2628 2639 2630
f 2634 2637 2620
f 2620 2637 2641
f 2620 2641 2621
f 2621 2641 2642
f 2642 2643 2621
f 2621 2643 2633
f 2641 2637 2644
f 2644 2637 2645
f 2646 2647 2649
f 2649 2647 2648
f 2648 2650 2649
f 2649 2650 2651
f 2648 2652 2650
f 2650 2652 2653
f 2652 2654 2656
f 2656 2654 2655
f 2656 2657 2652
f 2652 2657 2653
f 2654 2652 2647
f 2647 2652 2648
f 2647 2646 2659
f 2659 2646 2658
f 2660 2651 2653
f 2653 2651 2650
f 2636 2638 2660
f 2660 2638 2651
f 2651 2638 2661
f 2661 2638 2639
f 2651 2661 2649
f 2649 2661 2662
f 2663 2646 2662
f 2662 2646 2649
f 2653 2657 2660
f 2660 2657 2645
f 2636 2660 2637
f 2637 2660 2645
f 2646 2663 2658
f 2658 2663 2664
f 2665 2666 2662
f 2662 2666 2663
f 2666 2667 2663
f 2663 2667 2664
f 2668 2669 2665
f 2665 2669 2666
f 2665 2670 2668
f 2668 2670 2671
f 2667 2666 2672
f 2672 2666 2669
f 2662 2661 2665
f 2665 2661 2670
f 2640 2670 2639
f 2639 2670 2661
f 2673 2674 2664
f 2664 2674 2658
f 2658 2674 2659
f 2659 2674 2675
f 2645 2657 2676
f 2676 2657 2656
f 2677 2676 2655
f 2655 2676 2656
f 2676 2678 2645
f 2645 2678 2644
f 2677 2679 2676
f 2676 2679 2678
f 2655 2680 2677
f 2677 2680 2681
f 2675 2674 2680
f 2680 2674 2681
f 2682 2640 2627
f 2627 2640 2628
f 2643 2683 2633
f 2633 2683 2626
f 2682 2627 2683
f 2683 2627 2626
f 2683 2684 2682
f 2682 2684 2671
f 2684 2685 2671
f 2671 2685 2668
f 2686 2684 2643
f 2643 2684 2683
f 2670 2640 2671
f 2671 2640 2682
f 2687 2686 2642
f 2642 2686 2643
f 2642 2641 2687
f 2687 2641 2644
f 2687 2644 2688
f 2688 2644 2678
f 2688 2689 2687
f 2687 2689 2686
f 2690 2691 2688
f 2688 2691 2689
f 2689 2685 2686
f 2686 2685 2684
f 2685 2689 2692
f 2692 2689 2691
f 2679 2690 2678
f 2678 2690 2688
f 2690 2679 2693
f 2693 2679 2694
f 2696 2697 2695
f 2695 2697 2693
f 2691 2690 2697
f 2697 2690 2693
f 2693 2694 2695
f 2695 2694 2673
f 2674 2673 2681
f 2681 2673 2694
f 2679 2677 2694
f 2694 2677 2681
f 2685 2692 2668
f 2668 2692 2669
f 2696 2672 2692
f 2692 2672 2669
f 2696 2692 2697
f 2697 2692 2691
f 2695 2667 2696
f 2696 2667 2672
f 2673 2664 2695
f 2695 2664 2667
f 2675 2654 2659
f 2659 2654 2647
f 2655 2654 2680
f 2680 2654 2675
f 2291 2156 2593
f 2593 2156 2594
f 2597 2602 2598
f 2598 2602 2605
f 2616 2617 2607
f 2607 2617 2608
f 2615 2610 2617
f 2617 2610 2608
f 2597 2596 2612
f 2612 2596 2698
f 2598 2605 2607
f 2607 2605 2616
f 2194 2291 2629
f 2629 2291 2593
f 2629 2618 2613
f 2613 2618 2614
f 2190 2610 2156
f 2156 2610 2594
f 2700 2010 2699
f 2699 2010 2086
f 2267 2701 2116
f 2116 2701 2702
f 2116 2702 2117
f 2117 2702 2703
f 2704 2705 2250
f 2250 2705 2254
f 2011 2706 2267
f 2267 2706 2701
f 2699 2086 2707
f 2707 2086 2289
f 2010 2700 2011
f 2011 2700 2706
f 2708 2707 2251
f 2251 2707 2289
f 2703 2704 2117
f 2117 2704 2250
f 2705 2708 2254
f 2254 2708 2251
f 2709 2710 2708
f 2708 2710 2707
f 2711 2709 2705
f 2705 2709 2708
f 2712 2711 2704
f 2704 2711 2705
f 2713 2712 2703
f 2703 2712 2704
f 2707 2710 2699
f 2699 2710 2714
f 2699 2714 2700
f 2700 2714 2715
f 2716 2706 2715
f 2715 2706 2700
f 2714 2710 2717
f 2717 2710 2718
f 2720 2721 2719
f 2719 2721 2722
f 2721 2723 2722
f 2722 2723 2724
f 2721 2725 2723
f 2723 2725 2726
f 2727 2728 2725
f 2725 2728 2726
f 2729 2725 2720
f 2720 2725 2721
f 2731 2729 2730
f 2730 2729 2720
f 2719 2732 2720
f 2720 2732 2730
f 2726 2733 2723
f 2723 2733 2724
f 2709 2711 2733
f 2733 2711 2724
f 2724 2711 2734
f 2734 2711 2712
f 2722 2724 2735
f 2735 2724 2734
f 2719 2722 2736
f 2736 2722 2735
f 2726 2728 2733
f 2733 2728 2718
f 2709 2733 2710
f 2710 2733 2718
f 2732 2719 2737
f 2737 2719 2736
f 2738 2739 2735
f 2735 2739 2736
f 2739 2740 2736
f 2736 2740 2737
f 2741 2742 2738
f 2738 2742 2739
f 2738 2743 2741
f 2741 2743 2744
f 2740 2739 2745
f 2745 2739 2742
f 2735 2734 2738
f 2738 2734 2743
f 2713 2743 2712
f 2712 2743 2734
f 2737 2746 2732
f 2732 2746 2747
f 2732 2747 2730
f 2730 2747 2731
f 2718 2728 2748
f 2748 2728 2727
f 2749 2750 2727
f 2727 2750 2748
f 2748 2751 2718
f 2718 2751 2717
f 2750 2752 2748
f 2748 2752 2751
f 2750 2749 2754
f 2754 2749 2753
f 2731 2747 2753
f 2753 2747 2754
f 2727 2725 2749
f 2749 2725 2729
f 2749 2729 2753
f 2753 2729 2731
f 2702 2755 2703
f 2703 2755 2713
f 2706 2716 2701
f 2701 2716 2756
f 2755 2702 2756
f 2756 2702 2701
f 2756 2757 2755
f 2755 2757 2744
f 2757 2758 2744
f 2744 2758 2741
f 2759 2757 2716
f 2716 2757 2756
f 2743 2713 2744
f 2744 2713 2755
f 2760 2759 2715
f 2715 2759 2716
f 2715 2714 2760
f 2760 2714 2717
f 2760 2717 2761
f 2761 2717 2751
f 2761 2762 2760
f 2760 2762 2759
f 2763 2764 2761
f 2761 2764 2762
f 2762 2758 2759
f 2759 2758 2757
f 2758 2762 2765
f 2765 2762 2764
f 2752 2763 2751
f 2751 2763 2761
f 2763 2752 2766
f 2766 2752 2767
f 2768 2769 2766
f 2766 2769 2770
f 2764 2763 2770
f 2770 2763 2766
f 2766 2767 2768
f 2768 2767 2746
f 2747 2746 2754
f 2754 2746 2767
f 2752 2750 2767
f 2767 2750 2754
f 2758 2765 2741
f 2741 2765 2742
f 2769 2745 2765
f 2765 2745 2742
f 2769 2765 2770
f 2770 2765 2764
f 2768 2740 2769
f 2769 2740 2745
f 2746 2737 2768
f 2768 2737 2740
f 2201 2212 2200
f 2200 2212 2214
f 2201 2202 2212
f 2212 2202 2185
f 2512 2581 2191
f 2191 2581 2192
f 2059 2290 2056
f 2056 2290 2272
f 2174 2199 2294
f 2294 2199 2278
f 2063 2175 2194
f 2194 2175 2291
f 2192 2581 2133
f 2133 2581 2490
f 2133 2132 2192
f 2192 2132 2189
f 2054 2276 2055
f 2055 2276 2138
f 2083 2279 2084
f 2084 2279 2771
f 2771 2279 2599
f 2599 2279 2596
f 2606 2772 2599
f 2599 2772 2771
f 2772 2773 2771
f 2771 2773 2084
f 2773 2774 2084
f 2084 2774 2085
f 2085 2775 2082
f 2082 2775 2144
f 2774 2078 2085
f 2085 2078 2775
f 2078 2774 2079
f 2079 2774 2776
f 2774 2773 2776
f 2776 2773 2777
f 2773 2772 2777
f 2777 2772 2778
f 2190 2189 2609
f 2609 2189 2778
f 2053 2052 2779
f 2779 2052 2181
f 2144 2775 2081
f 2081 2775 2078
f 2294 2153 2174
f 2174 2153 2175
f 2132 2276 2189
f 2189 2276 2778
f 2606 2609 2772
f 2772 2609 2778
f 2195 2613 2698
f 2698 2613 2612
f 2596 2279 2698
f 2698 2279 2195
f 2054 2777 2276
f 2276 2777 2778
f 2777 2054 2776
f 2776 2054 2053
f 2053 2779 2776
f 2776 2779 2079
f 2779 2181 2079
f 2079 2181 2080
f 2181 2239 2080
f 2080 2239 2240
f 2122 2256 2014
f 2042 1982 2076
f 2076 1982 2007
f 1982 1985 2007
f 2007 1985 2008
f 2095 2097 2265
f 2265 2097 2266
f 2076 2050 2042
f 2042 2050 2047
f 2046 2043 2047
f 2047 2043 2042
f 2118 1993 2046
f 2046 1993 2043
f 1995 1994 2118
f 2118 1994 1993
f 2267 1992 2011
f 2011 1992 2012
f 1997 2012 1994
f 1994 2012 1992
f 2226 2013 1997
f 1997 2013 2012
f 2225 2087 2226
f 2226 2087 2013
f 2225 2232 2087
f 2087 2232 2288
f 2232 2070 2288
f 2288 2070 2252
f 2070 2025 2252
f 2252 2025 2253
f 1988 2249 2025
f 2025 2249 2253
f 2116 2115 2267
f 2267 2115 2268
f 2096 1984 2237
f 2237 1984 1991
f 2095 1985 2096
f 2096 1985 1984
f 2265 2008 2095
f 2095 2008 1985
f 2092 2009 2265
f 2265 2009 2008
f 2091 2286 2092
f 2092 2286 2009
f 2255 2238 2091
f 2091 2238 2286
f 2256 2239 2255
f 2255 2239 2238
f 2122 2240 2256
f 2256 2240 2239
f 2121 2241 2122
f 2122 2241 2240
f 2022 2018 2097
f 2097 2018 2266
f 2022 2024 2018
f 2018 2024 2019
f 2024 2072 2019
f 2019 2072 2073
f 2072 2228 2073
f 2073 2228 2230
f 2228 2184 2230
f 2230 2184 2183
f 2121 2285 2241
f 2241 2285 2258
f 2285 2036 2258
f 2258 2036 2257
f 2177 2145 2193
f 2193 2145 2257
f 2173 2193 2196
f 2196 2193 2037
f 2036 2037 2257
f 2257 2037 2193
f 2196 2037 2066
f 2066 2037 2035
f 2061 2108 2034
f 2034 2108 2067
f 2108 2208 2067
f 2067 2208 2204
f 2208 2210 2204
f 2204 2210 2203
f 2210 2280 2203
f 2203 2280 2186
f 2183 2186 2235
f 2235 2186 2280
f 1987 2114 1988
f 1988 2114 2249
f 2237 2115 1987
f 1987 2115 2114
f 1991 2268 2237
f 2237 2268 2115
f 1991 1990 2268
f 2268 1990 1992
f 107 110 2781
f 2781 110 2780
f 117 2782 118
f 118 2782 2783
f 119 2784 120
f 120 2784 2785
f 125 2786 126
f 126 2786 2787
f 127 2788 128
f 128 2788 2789
f 127 132 2788
f 2788 132 2790
f 231 230 2792
f 2792 230 2791
f 118 2783 119
f 119 2783 2784
f 241 243 2794
f 2794 243 2793
f 2781 2795 107
f 107 2795 352
f 120 2785 437
f 437 2785 2796
f 126 2787 110
f 110 2787 2780
f 455 2797 456
f 456 2797 2798
f 128 2789 457
f 457 2789 2799
f 456 2798 117
f 117 2798 2782
f 2794 2797 241
f 241 2797 455
f 457 2799 125
f 125 2799 2786
f 132 231 2790
f 2790 231 2792
f 230 437 2791
f 2791 437 2796
f 2792 2789 2790
f 2790 2789 2788
f 2785 2784 2801
f 2801 2784 2800
f 2786 2802 2787
f 2787 2802 2803
f 2792 2791 2805
f 2805 2791 2804
f 2784 2783 2800
f 2800 2783 2806
f 2785 2801 2796
f 2796 2801 2807
f 2787 2803 2780
f 2780 2803 2808
f 2789 2809 2799
f 2799 2809 2810
f 2799 2810 2786
f 2786 2810 2802
f 2791 2796 2804
f 2804 2796 2807
f 2789 2792 2809
f 2809 2792 2805
f 2812 2797 2811
f 2811 2797 2794
f 2809 2805 2810
f 2810 2805 2804
f 2810 2804 2802
f 2802 2804 2807
f 2802 2807 2803
f 2803 2807 2801
f 2808 2803 2800
f 2800 2803 2801
f 2814 699 2813
f 2813 699 698
f 2808 2815 2780
f 2780 2815 2781
f 2817 2782 2816
f 2816 2782 2798
f 2815 2818 2781
f 2781 2818 2795
f 2797 2812 2798
f 2798 2812 2816
f 2783 2782 2806
f 2806 2782 2817
f 2800 2806 2808
f 2808 2806 2815
f 2794 2793 2811
f 2811 2793 2819
f 174 201 384
f 384 201 362
f 200 1766 390
f 390 1766 1777
f 1777 1778 390
f 390 1778 398
f 1778 361 398
f 398 361 222
f 2820 2821 628
f 628 2821 629
f 1406 2820 790
f 790 2820 628
f 794 1415 1233
f 1233 1415 1234
f 1406 790 1407
f 1407 790 1312
f 1407 1312 2822
f 2822 1312 1316
f 2823 1380 1543
f 1543 1380 1379
f 1385 1738 1382
f 1382 1738 1383
f 1381 791 1382
f 1382 791 1386
f 791 794 1386
f 1386 794 1233
f 1259 1390 1260
f 1260 1390 1389
f 1905 1542 1394
f 1394 1542 1395
f 1410 1413 1397
f 1397 1413 1398
f 2821 1410 629
f 629 1410 1397
f 2823 2822 1380
f 1380 2822 1316
f 1392 1395 1378
f 1378 1395 1379
f 1738 1399 1383
f 1383 1399 1398
f 1388 1235 1389
f 1389 1235 1234
f 1393 1391 1394
f 1394 1391 1390
f 1381 1384 779
f 779 1384 780
f 1282 788 792
f 792 788 793
f 1431 1262 1432
f 1432 1262 1261
f 1400 1342 1408
f 1408 1342 1409
f 1508 1544 1411
f 1411 1544 1412
f 788 787 793
f 793 787 1414
f 2821 2820 1429
f 1429 2820 1430
f 2822 2823 1506
f 1506 2823 1507
f 778 1282 779
f 779 1282 792
f 2820 1406 1430
f 1430 1406 1409
f 1410 2821 1411
f 1411 2821 1429
f 1407 2822 1408
f 1408 2822 1506
f 1544 781 1412
f 1412 781 780
f 1260 1415 1261
f 1261 1415 1414
f 1334 2824 923
f 923 2824 924
f 2826 1268 2825
f 2825 1268 1267
f 769 1212 2827
f 2827 1212 2828
f 1492 1190 1266
f 1266 1190 1267
f 1488 2829 1489
f 1489 2829 2830
f 922 1329 923
f 923 1329 1328
f 1484 2831 1485
f 1485 2831 2832
f 1482 2833 1485
f 1485 2833 1486
f 1324 1493 1489
f 1489 1493 1490
f 1265 1491 1266
f 1266 1491 1490
f 2835 2836 2834
f 2834 2836 2837
f 1250 2838 2827
f 2827 2838 2839
f 1488 1491 2840
f 2840 1491 2841
f 1268 2826 2842
f 2842 2826 2843
f 2844 2845 1495
f 1495 2845 1496
f 1427 2847 2846
f 2846 2847 926
f 2829 1488 2848
f 2848 1488 2840
f 1329 922 2849
f 2849 922 927
f 2850 2851 768
f 768 2851 1213
f 1265 1268 2852
f 2852 1268 2842
f 1491 1265 2841
f 2841 1265 2852
f 2854 2855 2853
f 2853 2855 2856
f 2855 2857 2856
f 2856 2857 598
f 2857 2858 598
f 598 2858 595
f 2858 2859 595
f 595 2859 626
f 649 652 2860
f 2860 652 2861
f 639 642 2862
f 2862 642 2863
f 2864 705 2862
f 2862 705 639
f 2865 1418 2864
f 2864 1418 705
f 2866 2867 2865
f 2865 2867 1418
f 1760 1348 1761
f 1761 1348 2867
f 1764 2868 1197
f 1197 2868 1198
f 2869 611 2868
f 2868 611 1198
f 2870 612 2869
f 2869 612 611
f 1352 1350 944
f 944 1350 688
f 1350 1256 688
f 688 1256 685
f 1256 1255 685
f 685 1255 692
f 1255 2871 692
f 692 2871 2872
f 701 2873 698
f 698 2873 2813
f 2872 1349 692
f 692 1349 693
f 1696 1744 1574
f 1574 1744 1575
f 1753 1618 1577
f 1577 1618 1578
f 1729 1594 1608
f 1608 1594 1609
f 1725 1630 1611
f 1611 1630 1612
f 1604 1607 1625
f 1625 1607 1626
f 1624 1703 1625
f 1625 1703 1912
f 1703 1702 1912
f 1912 1702 1913
f 1702 1753 1913
f 1913 1753 1577
f 1598 1569 1915
f 1915 1569 1578
f 1616 1615 1915
f 1915 1615 1916
f 1615 1696 1916
f 1916 1696 1574
f 1744 1745 1575
f 1575 1745 1917
f 1745 1565 1917
f 1917 1565 1609
f 1568 1725 1608
f 1608 1725 1611
f 2874 1613 1918
f 1918 1613 1612
f 1607 2874 1626
f 1626 2874 1918
f 1610 1613 1562
f 1562 1613 1563
f 1547 1550 1570
f 1570 1550 1571
f 1573 1576 1580
f 1580 1576 1581
f 1553 1556 1595
f 1595 1556 1596
f 1556 1582 1596
f 1596 1582 1581
f 1551 1547 1599
f 1599 1547 1570
f 1731 1914 1601
f 1601 1914 1602
f 1686 1689 1605
f 1605 1689 1606
f 1598 1743 1599
f 1599 1743 1692
f 2874 1607 1723
f 1723 1607 1606
f 1727 1553 1730
f 1730 1553 1595
f 1600 1686 1601
f 1601 1686 1605
f 1914 1572 1602
f 1602 1572 1571
f 1579 1693 1580
f 1580 1693 1692
f 1613 2874 1563
f 1563 2874 1723
f 1561 1727 1562
f 1562 1727 1730
f 1949 1742 1548
f 1548 1742 1549
f 1694 1949 1552
f 1552 1949 1548
f 1954 1589 1554
f 1554 1589 1555
f 1693 1579 1558
f 1558 1579 1559
f 1561 1564 1584
f 1584 1564 1585
f 1582 1556 1588
f 1588 1556 1555
f 1600 1603 1591
f 1591 1603 1592
f 1981 1977 1687
f 1687 1977 1688
f 1564 1722 1585
f 1585 1722 1690
f 1551 1693 1552
f 1552 1693 1558
f 1751 1954 1728
f 1728 1954 1554
f 1590 1981 1591
f 1591 1981 1687
f 1603 1550 1592
f 1592 1550 1549
f 1977 1691 1688
f 1688 1691 1690
f 1587 1560 1588
f 1588 1560 1559
f 1727 1561 1728
f 1728 1561 1584
f 2875 1919 1947
f 1947 1919 1948
f 1557 1560 1952
f 1952 1560 1953
f 1933 1932 1955
f 1955 1932 1956
f 1587 1589 1958
f 1958 1589 1956
f 1959 1933 1965
f 1965 1933 1955
f 1961 1964 1966
f 1966 1964 1967
f 1981 1590 1969
f 1969 1590 1967
f 1742 1949 1972
f 1972 1949 1948
f 1593 1742 1966
f 1966 1742 1972
f 1957 1950 1958
f 1958 1950 1953
f 1583 1586 1974
f 1974 1586 1975
f 1940 1943 1978
f 1978 1943 1979
f 1943 1976 1979
f 1979 1976 1975
f 1951 2875 1952
f 1952 2875 1947
f 1968 1940 1969
f 1969 1940 1978
f 1973 1959 1974
f 1974 1959 1965
f 1923 1971 1920
f 1920 1971 1921
f 1919 2875 1920
f 1920 2875 1924
f 2875 1951 1924
f 1924 1951 1926
f 1950 1957 1929
f 1929 1957 1930
f 2244 2243 1934
f 1934 2243 1935
f 1973 1976 1937
f 1937 1976 1938
f 1944 1980 1941
f 1941 1980 1942
f 1940 1968 1941
f 1941 1968 1945
f 2287 2244 1960
f 1960 2244 1934
f 1970 2245 1962
f 1962 2245 1963
f 2243 1931 1935
f 1935 1931 1930
f 1927 1926 1928
f 1928 1926 1929
f 1961 1922 1962
f 1962 1922 1921
f 2245 1946 1963
f 1963 1946 1945
f 1976 1943 1938
f 1938 1943 1942
f 1936 2287 1937
f 1937 2287 1960
f 743 1238 608
f 608 1238 609
f 607 1811 608
f 608 1811 744
f 1304 2876 1305
f 1305 2876 2877
f 586 585 1298
f 1298 585 1299
f 585 702 1299
f 1299 702 1300
f 702 1428 1300
f 1300 1428 1301
f 1238 586 609
f 609 586 1298
f 2878 2879 1218
f 1218 2879 2877
f 2880 2881 1812
f 1812 2881 1819
f 2883 1821 2882
f 2882 1821 1820
f 2840 2841 620
f 620 2841 621
f 2842 2843 795
f 795 2843 796
f 892 895 2844
f 2844 895 2845
f 2848 2840 942
f 942 2840 620
f 2849 927 1202
f 1202 927 1203
f 2852 2842 1270
f 1270 2842 795
f 2841 2852 621
f 621 2852 1270
f 941 1759 942
f 942 1759 2884
f 659 929 1427
f 1427 929 2847
f 1237 2851 751
f 751 2851 2850
f 1216 2885 1217
f 1217 2885 1754
f 2887 734 2886
f 2886 734 733
f 2889 1816 2888
f 2888 1816 1815
f 2890 1245 2889
f 2889 1245 1816
f 1824 2891 1825
f 1825 2891 1246
f 2892 2893 2895
f 2895 2893 2894
f 1854 1833 1851
f 1851 1833 1832
f 1851 1832 1884
f 1884 1832 1876
f 1884 1876 1441
f 1441 1876 1443
f 1441 1443 1442
f 1442 1443 1446
f 1442 1446 2896
f 2896 1446 1507
f 2897 2823 2898
f 2898 2823 1543
f 1542 2899 1543
f 1543 2899 2898
f 1542 1905 2899
f 2899 1905 2900
f 1905 1259 2900
f 2900 1259 2901
f 1262 1431 2902
f 2902 1431 1904
f 1431 1434 1904
f 1904 1434 1902
f 1902 1434 2903
f 2903 1434 719
f 2903 719 2904
f 2904 719 718
f 1869 1881 718
f 718 1881 2904
f 1881 1869 1880
f 1880 1869 756
f 1880 756 2905
f 2905 756 755
f 2905 755 2906
f 2906 755 758
f 762 2907 763
f 763 2907 2908
f 724 723 2909
f 2909 723 894
f 796 895 723
f 723 895 894
f 2843 2845 796
f 796 2845 895
f 2826 1496 2843
f 2843 1496 2845
f 2825 1497 2826
f 2826 1497 1496
f 1189 2836 2825
f 2825 2836 1497
f 797 891 798
f 798 891 2837
f 802 888 797
f 797 888 891
f 2910 2911 2913
f 2913 2911 2912
f 1780 1783 2915
f 2915 1783 2914
f 2916 2917 831
f 831 2917 832
f 2918 2919 845
f 845 2919 846
f 2920 2916 847
f 847 2916 831
f 2921 2922 857
f 857 2922 858
f 2923 2924 860
f 860 2924 861
f 2919 2912 846
f 846 2912 887
f 2925 2920 940
f 940 2920 847
f 2924 2926 861
f 861 2926 1204
f 2917 2918 832
f 832 2918 845
f 2927 2928 1449
f 1449 2928 1450
f 2929 2930 889
f 889 2930 2931
f 2896 1507 2897
f 2897 1507 2823
f 2902 2901 1262
f 1262 2901 1259
f 2932 2933 750
f 750 2933 1236
f 2933 2934 1236
f 1236 2934 1835
f 2936 2937 2935
f 2935 2937 2938
f 2940 2941 2939
f 2939 2941 2942
f 2943 2944 1841
f 1841 2944 1842
f 2945 1860 2944
f 2944 1860 1842
f 2945 2946 1860
f 1860 2946 1859
f 1889 2947 1890
f 1890 2947 1856
f 1856 2947 1857
f 1857 2947 2948
f 2950 709 2949
f 2949 709 1829
f 2952 730 2951
f 2951 730 729
f 2866 2953 2867
f 2867 2953 1761
f 2953 2954 1761
f 1761 2954 1420
f 2954 2955 1420
f 1420 2955 742
f 2955 2956 742
f 742 2956 739
f 2956 2957 739
f 739 2957 760
f 2957 2958 760
f 760 2958 761
f 2958 2959 761
f 761 2959 2960
f 2959 2961 2960
f 2960 2961 2962
f 2963 2964 1839
f 1839 2964 1840
f 2964 2965 1840
f 1840 2965 2942
f 2966 2950 2939
f 2939 2950 2949
f 2935 2967 2936
f 2936 2967 2968
f 2969 2970 736
f 736 2970 735
f 734 2887 1815
f 1815 2887 2888
f 2887 2882 2888
f 2888 2882 2881
f 1819 1820 1817
f 1817 1820 748
f 1195 1757 1197
f 1197 1757 1424
f 1757 647 1424
f 1424 647 646
f 647 648 646
f 646 648 643
f 648 1271 643
f 643 1271 737
f 1271 725 737
f 737 725 765
f 725 724 765
f 765 724 762
f 762 724 2907
f 2907 724 2909
f 1254 1437 2909
f 2909 1437 2907
f 1438 1253 1836
f 1836 1253 1835
f 1836 1835 2938
f 2938 1835 2934
f 2971 2972 2935
f 2935 2972 2967
f 897 896 2969
f 2969 896 2970
f 1815 1814 734
f 734 1814 731
f 728 1215 896
f 896 1215 732
f 2885 1216 733
f 733 1216 2886
f 1216 1219 2886
f 2886 1219 2883
f 2876 1304 1821
f 1821 1304 749
f 1304 1303 749
f 749 1303 746
f 1818 2973 1817
f 1817 2973 1810
f 747 2974 1818
f 1818 2974 2973
f 747 746 2974
f 2974 746 1303
f 2976 2977 2975
f 2975 2977 2978
f 2976 2979 2901
f 2901 2979 2900
f 2980 2981 2982
f 2982 2981 2979
f 2981 2980 2983
f 2983 2980 2984
f 2985 2897 2983
f 2983 2897 2898
f 2987 2988 2986
f 2986 2988 2985
f 2896 2988 1442
f 1442 2988 1439
f 1903 2977 1904
f 1904 2977 2902
f 1856 1855 1890
f 1890 1855 2989
f 2989 2990 1890
f 1890 2990 1359
f 2990 2991 1359
f 1359 2991 1356
f 2946 2992 1859
f 1859 2992 1893
f 2992 2993 1893
f 1893 2993 775
f 2993 2994 775
f 775 2994 776
f 2986 1356 2987
f 2987 1356 2991
f 2975 2978 776
f 776 2978 777
f 2982 2994 2980
f 2980 2994 2995
f 1357 2984 2995
f 2995 2984 2980
f 2995 2996 1357
f 1357 2996 1358
f 2996 2997 1358
f 1358 2997 1889
f 2998 2999 2932
f 2932 2999 2933
f 2999 2971 2933
f 2933 2971 2934
f 1837 1836 2937
f 2937 1836 2938
f 2943 1841 2941
f 2941 1841 1838
f 3001 2944 3000
f 3000 2944 2943
f 3001 3002 2944
f 2944 3002 2945
f 3002 3003 2945
f 2945 3003 2946
f 2997 3003 1889
f 1889 3003 2947
f 2947 3003 2948
f 2948 3003 3002
f 3001 3004 3002
f 3002 3004 2948
f 3000 3005 3001
f 3001 3005 3004
f 2940 3006 3000
f 3000 3006 3005
f 2999 3007 2971
f 2971 3007 2972
f 2998 2951 2999
f 2999 2951 3007
f 3008 2952 2998
f 2998 2952 2951
f 2966 2965 2936
f 2936 2965 2937
f 2935 2938 2971
f 2971 2938 2934
f 3003 2997 2946
f 2946 2997 2992
f 2997 2996 2992
f 2992 2996 2993
f 2996 2995 2993
f 2993 2995 2994
f 1356 2986 1357
f 1357 2986 2984
f 2982 2975 2994
f 2994 2975 776
f 1844 1843 1899
f 1899 1843 3009
f 1843 638 3009
f 3009 638 3010
f 638 637 3010
f 3010 637 3011
f 637 1830 3011
f 3011 1830 3012
f 1830 1833 3012
f 3012 1833 2894
f 1833 1854 2894
f 2894 1854 2895
f 1854 1853 2895
f 2895 1853 1888
f 1858 1857 1885
f 1885 1857 1892
f 1899 3009 1898
f 1898 3009 1874
f 3009 3010 1874
f 1874 3010 1865
f 3010 3011 1865
f 1865 3011 1862
f 3011 3012 1862
f 1862 3012 1882
f 3012 2894 1882
f 1882 2894 2893
f 1850 2890 782
f 782 2890 2889
f 783 2880 1811
f 1811 2880 1812
f 744 1810 745
f 745 1810 2973
f 745 2973 805
f 805 2973 806
f 2973 2974 806
f 806 2974 815
f 1303 812 2974
f 2974 812 815
f 1303 1302 812
f 812 1302 1221
f 1307 3013 1302
f 1302 3013 1221
f 1734 3014 1633
f 1633 3014 1634
f 1646 1649 1636
f 1636 1649 1637
f 1654 1657 1641
f 1641 1657 1642
f 1639 1736 1636
f 1636 1736 1684
f 1716 1713 1698
f 1698 1713 1699
f 1718 1721 1705
f 1705 1721 1706
f 1653 1654 1709
f 1709 1654 1641
f 1620 1623 1714
f 1714 1623 1699
f 1712 1682 1714
f 1714 1682 1740
f 1668 1671 1746
f 1746 1671 1747
f 1752 1650 1749
f 1749 1650 1750
f 1750 1650 1709
f 1709 1650 1653
f 1632 1668 1633
f 1633 1668 1746
f 1649 1752 1637
f 1637 1752 1749
f 1682 1643 1740
f 1740 1643 1642
f 3014 1685 1634
f 1634 1685 1684
f 1704 1748 1705
f 1705 1748 1747
f 1697 1707 1698
f 1698 1707 1706
f 1739 1701 1621
f 1621 1701 1622
f 1567 1566 1647
f 1647 1566 1648
f 1664 1695 1651
f 1651 1695 1652
f 1614 1617 1655
f 1655 1617 1656
f 1704 1707 1659
f 1659 1707 1660
f 3014 1734 1662
f 1662 1734 1663
f 1650 1752 1651
f 1651 1752 1665
f 1741 1657 1667
f 1667 1657 1656
f 1695 1614 1652
f 1652 1614 1655
f 1724 1567 1726
f 1726 1567 1647
f 1645 1628 1733
f 1733 1628 1663
f 1685 3014 1726
f 1726 3014 1662
f 1620 1741 1621
f 1621 1741 1667
f 1566 1666 1648
f 1648 1666 1665
f 1658 1737 1659
f 1659 1737 1901
f 1911 1661 1910
f 1910 1661 1660
f 1701 1911 1622
f 1622 1911 1910
f 1732 1748 1733
f 1733 1748 1901
f 1857 2948 1892
f 1892 2948 3004
f 1892 3004 1891
f 1891 3004 3005
f 1828 3006 1829
f 1829 3006 2949
f 2967 736 2968
f 2968 736 710
f 2972 2969 2967
f 2967 2969 736
f 2969 2972 897
f 897 2972 3007
f 897 3007 729
f 729 3007 2951
f 3016 753 3015
f 3015 753 752
f 3018 767 3017
f 3017 767 766
f 3019 3020 1249
f 1249 3020 3021
f 2915 2914 3019
f 3019 2914 3020
f 3023 2914 3022
f 3022 2914 1783
f 2827 2839 769
f 769 2839 766
f 3025 2838 3024
f 3024 2838 3021
f 768 767 2850
f 2850 767 3026
f 2850 3026 751
f 751 3026 752
f 750 753 2932
f 2932 753 3027
f 3008 2998 3027
f 3027 2998 2932
f 3028 3029 3008
f 3008 3029 2952
f 3029 3030 2952
f 2952 3030 730
f 3032 3033 3031
f 3031 3033 3034
f 3036 3037 3035
f 3035 3037 3038
f 2870 3039 612
f 612 3039 3040
f 3041 3042 3031
f 3031 3042 3038
f 3034 1352 3043
f 3043 1352 944
f 612 3040 613
f 613 3040 3044
f 613 3044 1425
f 1425 3044 1422
f 3045 3042 669
f 669 3042 670
f 3041 3043 599
f 599 3043 600
f 772 771 1544
f 1544 771 781
f 1503 771 1866
f 1866 771 770
f 771 1503 781
f 781 1503 778
f 61 281 416
f 416 281 1907
f 283 103 3046
f 3046 103 3047
f 76 79 3048
f 3048 79 3049
f 280 76 1906
f 1906 76 3048
f 3051 335 3050
f 3050 335 334
f 3053 417 3052
f 3052 417 416
f 3055 435 3054
f 3054 435 434
f 428 435 419
f 419 435 1908
f 420 1909 293
f 293 1909 443
f 79 294 3049
f 3049 294 444
f 3057 444 3056
f 3056 444 443
f 3051 3058 335
f 335 3058 452
f 216 215 1332
f 1332 215 452
f 308 283 462
f 462 283 3046
f 3050 334 3059
f 3059 334 462
f 103 62 3047
f 3047 62 417
f 313 312 434
f 434 312 463
f 3061 574 3060
f 3060 574 573
f 1310 3062 1428
f 1428 3062 3063
f 1258 3064 1255
f 1255 3064 2871
f 932 3065 2853
f 2853 3065 3066
f 699 2814 931
f 931 2814 3067
f 3068 1301 3063
f 3063 1301 1428
f 571 574 1310
f 1310 574 3062
f 3060 573 3069
f 3069 573 1332
f 3070 3071 1906
f 1906 3071 1907
f 3072 3073 1908
f 1908 3073 1909
f 3075 2814 3074
f 3074 2814 2813
f 2854 3076 1258
f 1258 3076 3064
f 2871 3077 2872
f 2872 3077 3078
f 3074 2813 3079
f 3079 2813 2873
f 2872 3078 1349
f 1349 3078 3080
f 2873 701 3068
f 3068 701 1301
f 1330 1201 3080
f 3080 1201 1349
f 1264 1263 3081
f 3081 1263 3082
f 3083 3084 3082
f 3082 3084 3081
f 811 1448 3086
f 3086 1448 3085
f 808 811 3087
f 3087 811 3086
f 3088 3083 833
f 833 3083 3082
f 884 3089 885
f 885 3089 3090
f 3087 1790 808
f 808 1790 816
f 1790 3087 1787
f 1787 3087 3091
f 3092 3091 3086
f 3086 3091 3087
f 3093 3094 3084
f 3084 3094 3095
f 3089 3096 3090
f 3090 3096 3088
f 3097 3093 3083
f 3083 3093 3084
f 3099 3100 3098
f 3098 3100 1786
f 3101 1788 2913
f 2913 1788 3102
f 838 837 885
f 885 837 886
f 886 837 3103
f 3103 837 1541
f 3094 3093 3104
f 3104 3093 3097
f 3105 3106 3089
f 3089 3106 3096
f 3108 3109 3107
f 3107 3109 3110
f 3111 3112 3091
f 3091 3112 1787
f 3114 3108 3113
f 3113 3108 3107
f 3114 3115 3112
f 3112 3115 3102
f 3091 3092 3111
f 3111 3092 3116
f 839 838 835
f 835 838 836
f 885 3090 838
f 838 3090 836
f 3110 3117 1247
f 1247 3117 3118
f 1247 3118 1248
f 1248 3118 3119
f 3120 3121 3119
f 3119 3121 1248
f 1247 844 3110
f 3110 844 3107
f 844 843 3107
f 3107 843 3113
f 843 3099 3113
f 3113 3099 3122
f 1781 3123 3098
f 3098 3123 3124
f 2915 2931 1780
f 1780 2931 2930
f 3019 3125 2915
f 2915 3125 2931
f 890 3125 2834
f 2834 3125 1252
f 3125 3019 1252
f 1252 3019 1249
f 907 908 946
f 946 908 947
f 1185 1188 1369
f 1369 1188 948
f 954 957 951
f 951 957 952
f 910 965 953
f 953 965 950
f 905 958 960
f 960 958 961
f 3126 978 949
f 949 978 962
f 936 935 967
f 967 935 968
f 994 993 969
f 969 993 966
f 902 904 971
f 971 904 972
f 983 985 973
f 973 985 970
f 906 905 974
f 974 905 960
f 977 981 959
f 959 981 975
f 911 910 1143
f 1143 910 953
f 952 957 1142
f 1142 957 1145
f 911 1143 1366
f 1366 1143 1368
f 1185 1369 1145
f 1145 1369 1142
f 993 1519 966
f 966 1519 1456
f 965 1454 950
f 950 1454 1457
f 900 899 1459
f 1459 899 1460
f 988 991 1461
f 1461 991 1458
f 899 963 1460
f 1460 963 1462
f 985 987 970
f 970 987 1463
f 904 906 972
f 972 906 974
f 981 983 975
f 975 983 973
f 935 900 968
f 968 900 1459
f 991 994 1458
f 1458 994 969
f 1154 1526 1088
f 1088 1526 1089
f 1109 1112 1092
f 1092 1112 1093
f 1083 1098 1084
f 1084 1098 1097
f 1078 1471 1100
f 1100 1471 1101
f 1075 1078 1104
f 1104 1078 1100
f 1152 1154 1156
f 1156 1154 1088
f 1156 1155 1372
f 1372 1155 1373
f 1372 1373 1104
f 1104 1373 1075
f 1467 1109 1465
f 1465 1109 1092
f 1465 1182 1468
f 1468 1182 1184
f 1474 1470 1096
f 1096 1470 1097
f 1102 1101 1083
f 1083 1101 1098
f 1112 1531 1093
f 1093 1531 1529
f 1102 1073 1099
f 1099 1073 1072
f 1526 1154 1079
f 1079 1154 1080
f 1081 1091 1082
f 1082 1091 1094
f 1069 1068 1085
f 1085 1068 1086
f 1153 1151 1080
f 1080 1151 1058
f 1371 1177 1179
f 1179 1177 1176
f 1099 1072 1103
f 1103 1072 1176
f 1068 1071 1086
f 1086 1071 1073
f 1085 1084 1180
f 1180 1084 1469
f 1066 1065 1183
f 1183 1065 1181
f 1153 1152 1177
f 1177 1152 1178
f 1091 1081 1182
f 1182 1081 1183
f 1057 1525 1079
f 1079 1525 1527
f 1120 1117 1076
f 1076 1117 1077
f 1087 1090 1107
f 1107 1090 1108
f 1127 1126 1110
f 1110 1126 1111
f 1095 1116 1096
f 1096 1116 1115
f 1471 1078 1119
f 1119 1078 1077
f 1087 1107 1155
f 1155 1107 1158
f 1376 1374 1157
f 1157 1374 1158
f 1076 1075 1374
f 1374 1075 1373
f 1109 1467 1110
f 1110 1467 1472
f 1467 1466 1472
f 1472 1466 1473
f 1135 1475 1114
f 1114 1475 1115
f 1471 1119 1095
f 1095 1119 1116
f 1126 1532 1111
f 1111 1532 1530
f 914 1276 1480
f 1480 1276 1517
f 3127 3128 1223
f 1223 3128 1224
f 824 933 1455
f 1455 933 3129
f 3131 1448 3130
f 3130 1448 1447
f 3132 3133 1452
f 1452 3133 1453
f 3130 1447 1322
f 1322 1447 1455
f 933 1514 3129
f 3129 1514 3134
f 1161 3135 1480
f 1480 3135 1481
f 3128 3136 1224
f 1224 3136 1499
f 3133 1162 1453
f 1453 1162 1517
f 1515 3127 1535
f 1535 3127 1223
f 3095 3085 3131
f 3131 3085 1448
f 3137 3092 3085
f 3085 3092 3086
f 3138 3116 3137
f 3137 3116 3092
f 3110 3109 3117
f 3117 3109 3139
f 3105 3140 3117
f 3117 3140 3118
f 3140 3141 3118
f 3118 3141 3119
f 3142 3120 3141
f 3141 3120 3119
f 1498 3143 1277
f 1277 3143 882
f 3144 3145 1340
f 1340 3145 1339
f 1340 3146 3144
f 3144 3146 3147
f 3145 3144 3143
f 3143 3144 3148
f 871 901 872
f 872 901 1362
f 3149 3148 3147
f 3147 3148 3144
f 1208 3150 1209
f 3098 1786 1781
f 1781 1786 1782
f 2930 2929 3123
f 3123 2929 2911
f 1794 1791 2916
f 2916 1791 2917
f 1793 3101 2918
f 2918 3101 2919
f 1796 1794 2920
f 2920 1794 2916
f 3151 3152 2921
f 2921 3152 2922
f 3153 3154 2923
f 2923 3154 2924
f 2919 3101 2912
f 2912 3101 2913
f 3155 1796 2925
f 2925 1796 2920
f 3154 3156 2924
f 2924 3156 2926
f 1791 1793 2917
f 2917 1793 2918
f 3157 3158 2927
f 2927 3158 2928
f 1780 2930 1781
f 1781 2930 3123
f 2825 1267 1189
f 1189 1267 1190
f 2827 2828 1250
f 1250 2828 1251
f 1489 2830 1324
f 1324 2830 1325
f 923 1328 1334
f 1334 1328 1335
f 1485 2832 1482
f 1482 2832 1483
f 1266 1490 1492
f 1492 1490 1493
f 1333 1346 1334
f 1334 1346 2824
f 722 799 1492
f 1492 799 1190
f 664 657 1482
f 1482 657 2833
f 631 634 1324
f 1324 634 1493
f 2828 1494 1251
f 1251 1494 2835
f 1249 3021 1250
f 1250 3021 2838
f 798 2837 1189
f 1189 2837 2836
f 3100 842 3160
f 3160 842 3159
f 1788 3101 1789
f 1789 3101 1793
f 1792 816 1789
f 1789 816 1790
f 817 816 1795
f 1795 816 1792
f 938 817 1797
f 1797 817 1795
f 1796 3155 1797
f 1797 3155 1798
f 3155 3158 1798
f 1798 3158 1799
f 3157 3152 1801
f 1801 3152 1802
f 3151 3156 1803
f 1803 3156 1804
f 3154 3153 1805
f 1805 3153 1806
f 3153 3161 1806
f 1806 3161 1807
f 3099 843 3100
f 3100 843 842
f 1788 1787 3102
f 3102 1787 3112
f 2910 3115 3124
f 3124 3115 3122
f 3099 3098 3122
f 3122 3098 3124
f 416 1907 3052
f 3052 1907 3071
f 3046 3047 3163
f 3163 3047 3162
f 249 445 259
f 259 445 3164
f 425 3165 424
f 424 3165 461
f 408 410 329
f 329 410 330
f 39 331 40
f 40 331 332
f 305 304 423
f 423 304 464
f 385 254 458
f 458 254 392
f 250 415 251
f 251 415 412
f 233 337 234
f 234 337 3166
f 435 3055 1908
f 1908 3055 3072
f 443 1909 3056
f 3056 1909 3073
f 3167 3049 3057
f 3057 3049 444
f 452 3058 1332
f 1332 3058 3069
f 234 3166 346
f 346 3166 411
f 3046 3163 462
f 462 3163 3059
f 259 3164 260
f 260 3164 336
f 3047 417 3162
f 3162 417 3053
f 463 3168 434
f 434 3168 3054
f 454 830 425
f 425 830 3165
f 3062 3169 3063
f 3063 3169 3170
f 1355 1354 1534
f 1534 1354 3171
f 3063 3170 3068
f 3068 3170 3172
f 574 3061 3062
f 3062 3061 3169
f 1534 3171 1535
f 1535 3171 3173
f 3079 2873 3172
f 3172 2873 3068
f 2838 3025 2839
f 2839 3025 3174
f 3176 3177 3175
f 3175 3177 3178
f 3180 1125 3179
f 3179 1125 1128
f 3182 3183 3181
f 3181 3183 3184
f 1134 3185 1130
f 1130 3185 3182
f 3186 3187 3189
f 3189 3187 3188
f 3191 3189 3190
f 3190 3189 3188
f 1137 1122 3190
f 3190 1122 3192
f 3175 3178 3193
f 3193 3178 3194
f 3181 3184 3179
f 3179 3184 3195
f 3197 3198 3196
f 3196 3198 3180
f 3200 3178 3199
f 3199 3178 3177
f 3202 3196 3201
f 3201 3196 3195
f 3204 3184 3203
f 3203 3184 3183
f 3206 3207 3205
f 3205 3207 3186
f 3205 3186 3208
f 3208 3186 3189
f 3209 3208 3191
f 3191 3208 3189
f 3210 3194 3200
f 3200 3194 3178
f 3201 3195 3204
f 3204 3195 3184
f 3197 3211 3177
f 3177 3211 3199
f 3213 3214 3212
f 3212 3214 3215
f 3217 3218 3216
f 3216 3218 3219
f 3221 3222 3220
f 3220 3222 3223
f 3225 3226 3224
f 3224 3226 3227
f 3229 3230 3228
f 3228 3230 3231
f 3233 3234 3232
f 3232 3234 3235
f 3237 3238 3236
f 3236 3238 3239
f 3238 3240 3239
f 3239 3240 3241
f 3232 3235 3242
f 3242 3235 3243
f 3245 3246 3244
f 3244 3246 3247
f 3248 3249 3245
f 3245 3249 3246
f 3251 3252 3250
f 3250 3252 3253
f 3255 3252 3254
f 3254 3252 3251
f 3256 3257 3259
f 3259 3257 3258
f 3261 3262 3260
f 3260 3262 3263
f 3265 3263 3264
f 3264 3263 3262
f 3256 3259 3266
f 3266 3259 3267
f 3269 3270 3268
f 3268 3270 3271
f 3269 3272 3270
f 3270 3272 3273
f 3274 3275 3277
f 3277 3275 3276
f 3278 3279 3276
f 3276 3279 3277
f 3281 3282 3280
f 3280 3282 3283
f 3280 3284 3281
f 3281 3284 3285
f 3287 3288 3286
f 3286 3288 3289
f 3290 3291 3288
f 3288 3291 3289
f 3234 3218 3235
f 3235 3218 3217
f 3232 3292 3233
f 3233 3292 3293
f 3239 3294 3236
f 3236 3294 3219
f 3233 3293 3237
f 3237 3293 3295
f 3296 3294 3241
f 3241 3294 3239
f 3240 3238 3297
f 3297 3238 3298
f 3217 3216 3235
f 3235 3216 3243
f 3297 3299 3240
f 3240 3299 3242
f 3246 3300 3247
f 3247 3300 3223
f 3301 3302 3254
f 3254 3302 3244
f 3249 3303 3246
f 3246 3303 3300
f 3245 3304 3248
f 3248 3304 3292
f 3252 3221 3253
f 3253 3221 3220
f 3250 3248 3299
f 3299 3248 3292
f 3222 3221 3255
f 3255 3221 3252
f 3297 3301 3251
f 3251 3301 3254
f 3258 3214 3259
f 3259 3214 3213
f 3257 3256 3304
f 3304 3256 3305
f 3263 3306 3260
f 3260 3306 3215
f 3261 3257 3302
f 3302 3257 3304
f 3307 3306 3265
f 3265 3306 3263
f 3262 3301 3264
f 3264 3301 3308
f 3259 3213 3267
f 3267 3213 3212
f 3308 3309 3264
f 3264 3309 3266
f 3270 3310 3271
f 3271 3310 3231
f 3311 3312 3278
f 3278 3312 3268
f 3270 3273 3310
f 3310 3273 3313
f 3272 3269 3305
f 3305 3269 3314
f 3277 3229 3274
f 3274 3229 3228
f 3275 3272 3309
f 3309 3272 3305
f 3279 3230 3277
f 3277 3230 3229
f 3276 3308 3278
f 3278 3308 3311
f 3281 3315 3282
f 3282 3315 3227
f 3290 3316 3283
f 3283 3316 3317
f 3281 3285 3315
f 3315 3285 3318
f 3284 3280 3314
f 3314 3280 3319
f 3289 3225 3286
f 3286 3225 3224
f 3287 3284 3312
f 3284 3314 3312
f 3291 3226 3289
f 3289 3226 3225
f 3288 3311 3290
f 3290 3311 3316
f 3212 3215 3307
f 3307 3215 3306
f 3294 3296 3219
f 3219 3296 3216
f 3303 3220 3300
f 3300 3220 3223
f 3224 3227 3318
f 3318 3227 3315
f 3228 3231 3313
f 3313 3231 3310
f 3234 3233 3236
f 3236 3233 3237
f 3243 3241 3242
f 3242 3241 3240
f 3247 3255 3244
f 3244 3255 3254
f 3253 3249 3250
f 3250 3249 3248
f 3260 3258 3261
f 3261 3258 3257
f 3266 3267 3264
f 3264 3267 3265
f 3268 3271 3278
f 3278 3271 3279
f 3274 3273 3275
f 3275 3273 3272
f 3283 3282 3290
f 3290 3282 3291
f 3286 3285 3287
f 3287 3285 3284
f 3218 3234 3219
f 3219 3234 3236
f 3295 3298 3237
f 3237 3298 3238
f 3216 3296 3243
f 3243 3296 3241
f 3242 3299 3232
f 3232 3299 3292
f 3223 3222 3247
f 3247 3222 3255
f 3244 3302 3245
f 3245 3302 3304
f 3303 3249 3220
f 3220 3249 3253
f 3297 3251 3299
f 3299 3251 3250
f 3215 3214 3260
f 3260 3214 3258
f 3301 3262 3302
f 3302 3262 3261
f 3212 3307 3267
f 3267 3307 3265
f 3266 3309 3256
f 3256 3309 3305
f 3271 3231 3279
f 3279 3231 3230
f 3268 3312 3269
f 3269 3312 3314
f 3228 3313 3274
f 3274 3313 3273
f 3308 3276 3309
f 3309 3276 3275
f 3282 3227 3291
f 3291 3227 3226
f 3317 3319 3283
f 3283 3319 3280
f 3224 3318 3286
f 3286 3318 3285
f 3312 3311 3287
f 3311 3288 3287
f 3320 3321 3194
f 3194 3321 3193
f 1375 3321 1121
f 1121 3321 3322
f 3323 3324 3322
f 3322 3324 3192
f 3175 1124 3176
f 3176 1124 1123
f 3179 3195 3180
f 3180 3195 3196
f 3181 1131 3182
f 3182 1131 1130
f 3207 3185 3186
f 3186 3185 3187
f 1136 3188 1133
f 1133 3188 3187
f 3190 3188 1137
f 1137 3188 1136
f 3193 1159 3175
f 3175 1159 1124
f 3179 1128 3181
f 3181 1128 1131
f 1533 3198 1123
f 1123 3198 3176
f 3321 1375 3193
f 3193 1375 1159
f 3321 3320 3322
f 3322 3320 3323
f 1122 1121 3192
f 3192 1121 3322
f 3194 3210 3320
f 3320 3210 3325
f 3324 3323 3327
f 3327 3323 3326
f 3320 3325 3323
f 3323 3325 3326
f 3208 3328 3205
f 3205 3328 3329
f 3330 3206 3329
f 3329 3206 3205
f 3203 3331 3204
f 3204 3331 3332
f 3210 3333 3325
f 3325 3333 3334
f 3325 3334 3326
f 3326 3334 3335
f 3327 3326 3336
f 3336 3326 3335
f 3327 3209 3324
f 3324 3209 3191
f 3190 3192 3191
f 3191 3192 3324
f 3338 3339 3337
f 3337 3339 3340
f 3338 3341 3339
f 3339 3341 3342
f 3341 3343 3342
f 3342 3343 3344
f 3343 3345 3344
f 3344 3345 3346
f 3345 3347 3346
f 3346 3347 3348
f 3347 3349 3348
f 3348 3349 3350
f 3337 3340 3351
f 3351 3340 3352
f 3351 3352 3353
f 3353 3352 3354
f 3353 3354 3355
f 3355 3354 3356
f 3350 3349 3357
f 3357 3349 3358
f 3355 3356 3359
f 3359 3356 3360
f 3359 3360 3361
f 3361 3360 3362
f 3361 3362 3363
f 3363 3362 3364
f 3363 3364 3358
f 3358 3364 3357
f 3339 3342 3365
f 3365 3342 3366
f 3342 3344 3366
f 3366 3344 3367
f 3344 3346 3367
f 3367 3346 3368
f 3346 3348 3368
f 3368 3348 3369
f 3348 3350 3369
f 3369 3350 3370
f 3368 3369 3371
f 3371 3369 3372
f 3369 3370 3372
f 3372 3370 3373
f 3373 3374 3372
f 3372 3374 3375
f 3377 3378 3376
f 3376 3378 3379
f 3377 3375 3378
f 3378 3375 3374
f 3375 3380 3372
f 3372 3380 3371
f 3377 3381 3375
f 3375 3381 3380
f 3376 3382 3377
f 3377 3382 3381
f 3384 3385 3383
f 3383 3385 3386
f 3384 3383 3388
f 3388 3383 3387
f 3388 3387 3389
f 3389 3387 3390
f 3392 3385 3391
f 3391 3385 3384
f 3388 3393 3384
f 3384 3393 3391
f 3389 3394 3388
f 3388 3394 3393
f 3389 3395 3394
f 3394 3395 3396
f 3395 3389 3397
f 3397 3389 3390
f 3339 3365 3340
f 3340 3365 3398
f 3340 3398 3352
f 3352 3398 3399
f 3371 3400 3368
f 3368 3400 3367
f 3400 3401 3367
f 3367 3401 3366
f 3366 3401 3365
f 3365 3401 3402
f 3398 3365 3403
f 3403 3365 3402
f 3398 3403 3399
f 3399 3403 3404
f 3403 3405 3404
f 3404 3405 3406
f 3352 3399 3354
f 3354 3399 3407
f 3399 3404 3407
f 3407 3404 3408
f 3404 3406 3408
f 3408 3406 3409
f 3405 3410 3406
f 3406 3410 3411
f 3410 3412 3411
f 3411 3412 3413
f 3397 3414 3395
f 3395 3414 3415
f 3417 3415 3416
f 3416 3415 3412
f 3410 3418 3412
f 3412 3418 3416
f 3410 3405 3418
f 3418 3405 3419
f 3405 3403 3419
f 3419 3403 3402
f 3370 3350 3420
f 3420 3350 3357
f 3373 3370 3421
f 3421 3370 3420
f 3374 3373 3422
f 3422 3373 3421
f 3378 3374 3423
f 3423 3374 3422
f 3378 3423 3379
f 3379 3423 3424
f 3424 3425 3379
f 3379 3425 3386
f 3383 3426 3387
f 3387 3426 3427
f 3387 3427 3390
f 3390 3427 3428
f 3390 3428 3397
f 3397 3428 3429
f 3429 3430 3397
f 3397 3430 3414
f 3411 3413 3431
f 3431 3413 3432
f 3406 3411 3409
f 3409 3411 3431
f 3401 3400 3335
f 3335 3400 3336
f 3401 3335 3402
f 3402 3335 3334
f 3402 3334 3419
f 3419 3334 3333
f 3419 3333 3418
f 3418 3333 3433
f 3418 3433 3416
f 3416 3433 3434
f 3435 3417 3434
f 3434 3417 3416
f 3394 3396 3436
f 3436 3396 3437
f 3393 3394 3332
f 3332 3394 3436
f 3393 3332 3391
f 3391 3332 3331
f 3330 3392 3331
f 3331 3392 3391
f 3382 3329 3381
f 3381 3329 3328
f 3354 3407 3356
f 3356 3407 3438
f 3356 3438 3360
f 3360 3438 3439
f 3360 3439 3362
f 3362 3439 3440
f 3362 3440 3364
f 3364 3440 3441
f 3364 3441 3357
f 3357 3441 3420
f 3421 3420 3442
f 3442 3420 3441
f 3442 3441 3443
f 3443 3441 3440
f 3443 3440 3444
f 3444 3440 3439
f 3444 3439 3445
f 3445 3439 3438
f 3445 3438 3408
f 3408 3438 3407
f 3422 3421 3446
f 3446 3421 3442
f 3446 3442 3447
f 3447 3442 3443
f 3447 3443 3448
f 3448 3443 3444
f 3448 3444 3449
f 3449 3444 3445
f 3449 3445 3409
f 3409 3445 3408
f 3409 3431 3449
f 3449 3431 3450
f 3449 3450 3448
f 3448 3450 3451
f 3451 3452 3448
f 3448 3452 3447
f 3447 3452 3446
f 3446 3452 3453
f 3446 3453 3422
f 3422 3453 3423
f 3424 3423 3454
f 3454 3423 3453
f 3452 3455 3453
f 3453 3455 3454
f 3452 3451 3455
f 3455 3451 3456
f 3450 3457 3451
f 3451 3457 3456
f 3431 3432 3450
f 3450 3432 3457
f 3454 3458 3424
f 3424 3458 3425
f 3427 3426 3459
f 3459 3426 3460
f 3428 3427 3461
f 3461 3427 3459
f 3428 3461 3429
f 3429 3461 3462
f 3462 3463 3429
f 3429 3463 3430
f 3464 3465 3462
f 3462 3465 3463
f 3455 3466 3454
f 3454 3466 3458
f 3465 3464 3466
f 3466 3464 3467
f 3461 3459 3468
f 3468 3459 3469
f 3468 3469 3464
f 3464 3469 3467
f 3464 3462 3468
f 3468 3462 3461
f 3459 3460 3469
f 3469 3460 3467
f 3295 3351 3298
f 3298 3351 3353
f 3353 3355 3298
f 3298 3355 3297
f 3297 3355 3301
f 3301 3355 3359
f 3301 3359 3308
f 3308 3359 3361
f 3308 3361 3311
f 3311 3361 3363
f 3311 3363 3316
f 3316 3363 3358
f 3316 3358 3317
f 3317 3358 3349
f 3349 3347 3317
f 3317 3347 3319
f 3347 3345 3319
f 3319 3345 3314
f 3345 3343 3314
f 3314 3343 3305
f 3343 3341 3305
f 3305 3341 3304
f 3304 3341 3292
f 3292 3341 3338
f 3292 3338 3293
f 3293 3338 3337
f 3293 3337 3295
f 3295 3337 3351
f 3437 3202 3436
f 3436 3202 3201
f 3436 3201 3332
f 3332 3201 3204
f 3433 3200 3434
f 3434 3200 3199
f 3211 3435 3199
f 3199 3435 3434
f 3333 3210 3433
f 3433 3210 3200
f 3380 3470 3371
f 3400 3371 3336
f 3336 3371 3470
f 3381 3328 3380
f 3380 3328 3470
f 3470 3328 3209
f 3209 3328 3208
f 3336 3470 3327
f 3327 3470 3209
f 1545 1763 1546
f 1546 1763 1762
f 1403 1546 773
f 773 1546 770
f 1221 3013 1220
f 1220 3013 3471
f 1305 2877 1306
f 1306 2877 2879
f 1220 3471 828
f 828 3471 829
f 1217 1754 3472
f 3472 1754 1756
f 1049 3473 1048
f 1048 3473 3474
f 1371 1179 3473
f 3473 1179 3474
f 1074 3475 1179
f 1179 3475 3474
f 3474 3475 1048
f 1048 3475 1056
f 919 666 1345
f 1345 666 665
f 856 680 919
f 919 680 666
f 679 680 1449
f 1449 680 858
f 1367 878 1500
f 1500 878 877
f 1366 908 1367
f 1367 908 878
f 1512 916 1513
f 1513 916 915
f 947 1368 948
f 948 1368 1369
f 1047 1021 1044
f 1044 1021 1020
f 1370 1049 1019
f 1019 1049 1020
f 1173 1030 1174
f 1174 1030 1033
f 3126 1188 1464
f 1464 1188 1187
f 1800 1451 1512
f 1512 1451 916
f 1175 1174 1186
f 1186 1174 1187
f 1030 1173 1047
f 1047 1173 1021
f 1513 915 3476
f 3476 915 1481
f 1345 665 3477
f 3477 665 1483
f 1502 1501 876
f 876 1501 877
f 1205 1451 1803
f 1803 1451 1802
f 3479 2832 3478
f 3478 2832 2831
f 1449 858 2927
f 2927 858 2922
f 908 1366 947
f 947 1366 1368
f 949 948 3126
f 3126 948 1188
f 3480 3135 1502
f 1502 3135 1501
f 2927 2922 3157
f 3157 2922 3152
f 3477 1483 3479
f 3479 1483 2832
f 1803 1802 3151
f 3151 1802 3152
f 663 658 664
f 664 658 657
f 655 658 939
f 939 658 706
f 1512 870 1800
f 1800 870 869
f 875 874 876
f 876 874 873
f 849 874 905
f 905 874 958
f 949 962 946
f 946 962 961
f 978 3126 979
f 979 3126 1464
f 1031 1168 1032
f 1032 1168 1022
f 1045 1013 1046
f 1046 1013 1012
f 1045 1044 1056
f 1056 1044 1048
f 1047 1046 1030
f 1030 1046 1031
f 939 706 940
f 940 706 1450
f 979 1464 1032
f 1032 1464 1033
f 3480 1478 3476
f 3476 1478 3134
f 2829 1487 2830
f 2830 1487 1486
f 848 1230 873
f 873 1230 1479
f 867 870 933
f 933 870 1514
f 1800 869 1801
f 1801 869 1799
f 2830 1486 1325
f 1325 1486 2833
f 940 1450 2925
f 2925 1450 2928
f 946 961 907
f 907 961 958
f 959 962 977
f 977 962 978
f 3476 3134 1513
f 1513 3134 1514
f 2925 2928 3155
f 3155 2928 3158
f 1325 2833 656
f 656 2833 657
f 1801 1799 3157
f 3157 1799 3158
f 1074 1055 3475
f 3475 1055 1056
f 1371 3473 1370
f 1370 3473 1049
f 2884 615 3481
f 3481 615 618
f 3478 2831 2846
f 2846 2831 617
f 2831 1484 617
f 617 1484 618
f 1484 1487 618
f 618 1487 3481
f 2848 3481 2829
f 2829 3481 1487
f 1480 1517 1161
f 1161 1517 1162
f 3129 1323 1455
f 1455 1323 1322
f 3129 3134 1323
f 1323 3134 1478
f 1535 3173 1515
f 1515 3173 1516
f 3085 3095 3137
f 3137 3095 3094
f 3137 3094 3138
f 3138 3094 3104
f 3117 3139 3105
f 3105 3139 3106
f 1138 1141 3127
f 3127 1141 3128
f 3081 3131 1264
f 1264 3131 3130
f 1227 1226 3132
f 3132 1226 3133
f 1264 3130 1229
f 1229 3130 1322
f 1160 1501 1161
f 1161 1501 3135
f 1141 1476 3128
f 3128 1476 3136
f 1226 1163 3133
f 3133 1163 1162
f 1363 1138 1515
f 1515 1138 3127
f 3084 3095 3081
f 3081 3095 3131
f 3089 884 3105
f 3105 884 3140
f 884 883 3140
f 3140 883 3141
f 883 3482 3141
f 3141 3482 3142
f 3476 1481 3480
f 3480 1481 3135
f 1502 1479 3480
f 3480 1479 1478
f 3168 463 440
f 714 1880 715
f 715 1880 2905
f 896 732 2970
f 2970 732 731
f 1263 834 3082
f 3082 834 833
f 898 1231 853
f 853 1231 854
f 3125 890 2931
f 2931 890 889
f 1237 893 2851
f 2851 893 892
f 898 853 899
f 899 853 963
f 988 987 989
f 989 987 986
f 1002 1007 1003
f 1003 1007 1006
f 1038 1036 1007
f 1007 1036 1004
f 1070 1052 1005
f 1005 1052 1006
f 1069 1067 1070
f 1070 1067 1052
f 1130 1129 1134
f 1134 1129 1135
f 879 1167 880
f 880 1167 1166
f 1171 1169 1037
f 1037 1169 1038
f 1085 1180 1069
f 1069 1180 1067
f 1209 1210 879
f 879 1210 1167
f 2885 1215 1754
f 1754 1215 1214
f 1263 855 834
f 834 855 854
f 708 1244 1826
f 1826 1244 1243
f 2909 894 1254
f 1254 894 893
f 1228 1361 964
f 964 1361 1360
f 2908 2907 1436
f 1436 2907 1437
f 2990 1440 2991
f 2991 1440 1439
f 964 1360 965
f 965 1360 1454
f 950 1457 951
f 951 1457 1456
f 970 1463 971
f 971 1463 1462
f 1025 1169 984
f 984 1169 986
f 1084 1097 1469
f 1469 1097 1470
f 1096 1115 1474
f 1474 1115 1475
f 1140 1361 1141
f 1141 1361 1476
f 1212 1495 2828
f 2828 1495 1494
f 880 1166 1452
f 1452 1166 1499
f 715 2905 1504
f 1504 2905 2906
f 954 1519 955
f 955 1519 1518
f 1026 1520 992
f 992 1520 1518
f 1029 1520 1043
f 1043 1520 1521
f 997 1522 1040
f 1040 1522 1521
f 1015 1522 1016
f 1016 1522 1523
f 1523 996 1524
f 1524 996 1062
f 1057 1060 1525
f 1525 1060 1524
f 1094 1528 1082
f 1082 1528 1527
f 1526 1528 1089
f 1089 1528 1529
f 1090 1531 1108
f 1108 1531 1530
f 1125 1533 1126
f 1126 1533 1532
f 3483 1755 727
f 727 1755 1214
f 735 1814 707
f 707 1814 1813
f 2891 1834 1246
f 1246 1834 1243
f 2904 1881 1847
f 1847 1881 1848
f 1852 1855 1853
f 1853 1855 1858
f 1902 2903 1877
f 1877 2903 1878
f 2903 2904 1878
f 1878 2904 1847
f 714 713 1848
f 1848 713 1849
f 1440 2990 1883
f 1883 2990 2989
f 1883 2989 1852
f 1852 2989 1855
f 2895 1888 2892
f 2892 1888 1887
f 774 777 1877
f 1877 777 1903
f 1251 2835 1252
f 1252 2835 2834
f 1213 2844 1212
f 1212 2844 1495
f 2851 892 1213
f 1213 892 2844
f 3123 2911 3124
f 3124 2911 2910
f 887 2929 888
f 888 2929 889
f 1435 2963 1436
f 1436 2963 2961
f 1253 1438 1254
f 1254 1438 1437
f 2970 731 735
f 735 731 1814
f 733 732 2885
f 2885 732 1215
f 2901 2902 2976
f 2976 2902 2977
f 2975 2982 2976
f 2976 2982 2979
f 2899 2900 2981
f 2981 2900 2979
f 2899 2981 2898
f 2898 2981 2983
f 2986 2985 2984
f 2984 2985 2983
f 2897 2985 2896
f 2896 2985 2988
f 2991 1439 2987
f 2987 1439 2988
f 777 2978 1903
f 1903 2978 2977
f 1885 1888 1858
f 1858 1888 1853
f 3090 3088 836
f 836 3088 833
f 3083 3088 3097
f 3097 3088 3096
f 3097 3096 3104
f 3104 3096 3106
f 3111 3116 3108
f 3108 3116 3109
f 3112 3111 3114
f 3114 3111 3108
f 3113 3122 3114
f 3114 3122 3115
f 891 890 2837
f 2837 890 2834
f 951 1456 954
f 954 1456 1519
f 967 1457 936
f 936 1457 1454
f 971 1462 902
f 902 1462 963
f 1461 1463 988
f 988 1463 987
f 1466 1468 1474
f 1474 1468 1470
f 1089 1529 1090
f 1090 1529 1531
f 1184 1181 1469
f 1469 1181 1180
f 1082 1527 1061
f 1061 1527 1525
f 1129 1473 1135
f 1135 1473 1475
f 1108 1530 1105
f 1105 1530 1532
f 1452 1499 3132
f 3132 1499 3136
f 3109 3116 3139
f 3139 3116 3138
f 2912 2911 887
f 887 2911 2929
f 2836 2835 1497
f 1497 2835 1494
f 2913 3102 2910
f 2910 3102 3115
f 1133 3187 1134
f 1134 3187 3185
f 3177 3176 3197
f 3197 3176 3198
f 3203 3183 3206
f 3206 3183 3207
f 3196 3202 3197
f 3197 3202 3211
f 3183 3182 3207
f 3207 3182 3185
f 1125 3180 1533
f 1533 3180 3198
f 3331 3203 3330
f 3330 3203 3206
f 3376 3379 3385
f 3385 3379 3386
f 3382 3376 3392
f 3392 3376 3385
f 3412 3415 3413
f 3413 3415 3414
f 3417 3396 3415
f 3415 3396 3395
f 3383 3386 3426
f 3426 3386 3425
f 3413 3414 3432
f 3432 3414 3430
f 3437 3396 3435
f 3435 3396 3417
f 3329 3382 3330
f 3330 3382 3392
f 3426 3425 3460
f 3460 3425 3458
f 3432 3430 3457
f 3457 3430 3463
f 3457 3463 3456
f 3456 3463 3465
f 3460 3458 3467
f 3467 3458 3466
f 3466 3455 3465
f 3465 3455 3456
f 3202 3437 3211
f 3211 3437 3435
f 3104 3106 3138
f 3138 3106 3139
f 3132 3136 1227
f 1227 3136 1476
f 943 687 600
f 600 687 601
f 596 625 667
f 667 625 1297
f 687 686 601
f 601 686 653
f 1319 784 711
f 711 784 712
f 1811 607 783
f 783 607 712
f 862 921 917
f 917 921 920
f 3478 925 3479
f 3479 925 924
f 2846 926 3478
f 3478 926 925
f 659 662 929
f 929 662 930
f 856 921 857
f 857 921 1204
f 1206 864 1207
f 1207 864 863
f 2876 1219 2877
f 2877 1219 1218
f 667 1297 593
f 593 1297 1296
f 917 920 1333
f 1333 920 1346
f 686 693 653
f 653 693 930
f 1277 913 1498
f 1498 913 1207
f 592 1536 610
f 610 1536 711
f 864 1206 1805
f 1805 1206 1804
f 1317 1536 1900
f 1900 1536 1809
f 1900 1809 1295
f 1295 1809 1296
f 3479 924 3477
f 3477 924 2824
f 927 926 1203
f 1203 926 2847
f 3484 2859 3032
f 3032 2859 3033
f 3472 2878 1217
f 1217 2878 1218
f 2889 2888 2880
f 2880 2888 2881
f 2886 2883 2887
f 2887 2883 2882
f 929 928 2847
f 2847 928 1203
f 857 1204 2921
f 2921 1204 2926
f 1820 1819 2882
f 2882 1819 2881
f 1821 2883 2876
f 2876 2883 1219
f 782 2889 783
f 783 2889 2880
f 1352 3034 1353
f 1353 3034 3033
f 3031 3034 3041
f 3041 3034 3043
f 944 943 3043
f 3043 943 600
f 1339 3145 1498
f 1498 3145 3143
f 1208 882 3148
f 3148 882 3143
f 2921 2926 3151
f 3151 2926 3156
f 3477 2824 1345
f 1345 2824 1346
f 1805 1804 3154
f 3154 1804 3156
f 886 3103 883
f 883 3103 3482
f 841 1248 3485
f 3485 1248 3121
f 2811 2819 2812
f 2812 2819 2816
f 2818 2815 2817
f 2817 2815 2806
f 2817 2816 2818
f 2818 2816 2819
f 2793 2795 2819
f 2819 2795 2818
f 243 352 2793
f 2793 352 2795
f 242 353 243
f 243 353 352
f 359 191 242
f 242 191 353
f 247 192 359
f 359 192 191
f 157 193 247
f 247 193 192
f 156 194 157
f 157 194 193
f 378 261 156
f 156 261 194
f 378 381 261
f 261 381 195
f 195 381 196
f 196 381 376
f 196 376 198
f 198 376 375
f 375 1776 198
f 198 1776 197
f 1776 1767 197
f 197 1767 274
f 181 274 199
f 199 274 1767
f 568 566 564
f 564 566 563
f 568 569 566
f 566 569 567
f 501 1773 1771
f 1771 1773 578
f 547 579 1773
f 1773 579 578
f 3486 470 474
f 474 470 469
f 450 582 3487
f 3487 582 3488
f 582 583 3488
f 3488 583 3489
f 583 584 3489
f 3489 584 3490
f 3490 584 3491
f 3491 584 543
f 470 3486 466
f 466 3486 467
f 3489 3490 503
f 503 3490 504
f 503 3492 3489
f 3489 3492 3488
f 3492 503 3493
f 3493 503 502
f 3495 3492 3494
f 3494 3492 3493
f 3487 3488 3495
f 3495 3488 3492
f 468 1774 465
f 465 1774 570
f 3494 3493 1775
f 1775 3493 1771
f 3490 3491 504
f 504 3491 1772
f 3491 543 1772
f 1772 543 548
f 450 3487 474
f 474 3487 3486
f 3495 467 3487
f 3487 467 3486
f 3494 468 3495
f 3495 468 467
f 468 3494 1774
f 1774 3494 1775
f 501 1771 502
f 502 1771 3493
f 527 366 384
f 384 366 365
f 522 524 527
f 527 524 366
f 521 534 522
f 522 534 524
f 530 535 521
f 521 535 534
f 508 486 513
f 513 486 532
f 513 532 541
f 541 532 535
f 667 668 596
f 596 668 597
f 1294 1297 624
f 624 1297 625
f 603 641 604
f 604 641 640
f 1290 1293 650
f 650 1293 651
f 1758 691 660
f 660 691 661
f 602 671 599
f 599 671 670
f 654 662 690
f 690 662 661
f 2856 598 695
f 695 598 597
f 602 654 671
f 671 654 690
f 604 640 676
f 676 640 704
f 1826 1829 708
f 708 1829 709
f 1288 1284 740
f 740 1284 741
f 755 754 758
f 758 754 759
f 2853 2856 932
f 932 2856 695
f 689 691 1192
f 1192 691 1193
f 784 1319 1240
f 1240 1319 1241
f 1813 1816 1244
f 1244 1816 1245
f 754 1288 759
f 759 1288 740
f 1894 1242 1318
f 1318 1242 1241
f 2867 1348 1418
f 1418 1348 1347
f 676 704 673
f 673 704 1347
f 1284 1287 741
f 741 1287 1419
f 1421 1426 1422
f 1422 1426 1425
f 1758 660 615
f 615 660 616
f 1192 1191 1421
f 1421 1191 1426
f 2962 1839 1504
f 1504 1839 1505
f 941 1194 1759
f 1759 1194 1193
f 1287 1537 1419
f 1419 1537 1760
f 1882 2893 1823
f 1823 2893 1824
f 1886 1891 1827
f 1827 1891 1828
f 1887 1886 1834
f 1834 1886 1827
f 1841 716 1838
f 1838 716 1505
f 782 784 1850
f 1850 784 1240
f 1239 1242 1863
f 1863 1242 1864
f 1242 1894 1864
f 1864 1894 1873
f 1822 1239 1823
f 1823 1239 1863
f 1318 1317 1895
f 1895 1317 1900
f 1894 1896 1873
f 1873 1896 1897
f 1291 1896 1292
f 1292 1896 1895
f 605 1898 606
f 606 1898 1897
f 1258 1257 2854
f 2854 1257 2855
f 1257 1351 2855
f 2855 1351 2857
f 1351 1353 2857
f 2857 1353 2858
f 1353 3033 2858
f 2858 3033 2859
f 2860 2861 3036
f 3036 2861 3037
f 2862 2863 2870
f 2870 2863 3039
f 2870 2869 2862
f 2862 2869 2864
f 2868 2865 2869
f 2869 2865 2864
f 1764 2866 2868
f 2868 2866 2865
f 1537 1199 1760
f 1760 1199 1348
f 615 2884 1758
f 1758 2884 1759
f 1825 1246 2890
f 2890 1246 1245
f 2893 2892 1824
f 1824 2892 2891
f 761 2960 758
f 758 2960 2906
f 3000 2943 2940
f 2940 2943 2941
f 2968 710 2950
f 2950 710 709
f 1764 1423 2866
f 2866 1423 2953
f 1423 645 2953
f 2953 645 2954
f 645 644 2954
f 2954 644 2955
f 644 738 2955
f 2955 738 2956
f 738 764 2956
f 2956 764 2957
f 764 763 2957
f 2957 763 2958
f 763 2908 2958
f 2958 2908 2959
f 2908 1436 2959
f 2959 1436 2961
f 1837 2964 1435
f 1435 2964 2963
f 1837 2937 2964
f 2964 2937 2965
f 2936 2968 2966
f 2966 2968 2950
f 1840 2942 1838
f 1838 2942 2941
f 2939 2949 2940
f 2940 2949 3006
f 2939 2942 2966
f 2966 2942 2965
f 1822 1825 1850
f 1850 1825 2890
f 1891 3005 1828
f 1828 3005 3006
f 3035 3038 3045
f 3045 3038 3042
f 3045 3044 3035
f 3035 3044 3040
f 669 1422 3045
f 3045 1422 3044
f 599 670 3041
f 3041 670 3042
f 931 3067 932
f 932 3067 3065
f 2853 3066 2854
f 2854 3066 3076
f 3067 3496 3065
f 3065 3496 3497
f 3066 3498 3076
f 3076 3498 3499
f 707 1813 708
f 708 1813 1244
f 2960 2962 2906
f 2906 2962 1504
f 2892 1887 2891
f 2891 1887 1834
f 1839 2962 2963
f 2963 2962 2961
f 595 626 596
f 596 626 625
f 623 626 3484
f 3484 626 2859
f 1291 1290 606
f 606 1290 603
f 1290 650 603
f 603 650 641
f 641 650 642
f 642 650 649
f 2860 2863 649
f 649 2863 642
f 3036 3039 2860
f 2860 3039 2863
f 3035 3040 3036
f 3036 3040 3039
f 1294 1293 1295
f 1295 1293 1292
f 624 651 1294
f 1294 651 1293
f 623 652 624
f 624 652 651
f 3484 2861 623
f 623 2861 652
f 3032 3037 3484
f 3484 3037 2861
f 3031 3038 3032
f 3032 3038 3037
f 3481 2848 2884
f 2884 2848 942
f 2846 617 1427
f 1427 617 616
f 3049 3167 3048
f 3048 3167 3500
f 1906 3048 3070
f 3070 3048 3500
f 1337 1768 3501
f 3501 1768 3502
f 3020 3503 3021
f 3021 3503 3024
f 2914 3023 3020
f 3020 3023 3503
f 859 1770 860
f 860 1770 3504
f 1336 3505 1768
f 1768 3505 3502
f 3065 3497 3066
f 3066 3497 3498
f 2814 3075 3067
f 3067 3075 3496
f 2839 3174 766
f 766 3174 3017
f 1337 3501 1338
f 1338 3501 1769
f 767 3018 3026
f 3026 3018 3506
f 3076 3499 3064
f 3064 3499 3507
f 727 730 3483
f 3483 730 3030
f 3064 3507 2871
f 2871 3507 3077
f 3100 3160 1786
f 1786 3160 1784
f 3026 3506 752
f 752 3506 3015
f 860 3504 2923
f 2923 3504 3508
f 753 3016 3027
f 3027 3016 3509
f 3027 3509 3008
f 3008 3509 3028
f 1782 1785 1783
f 1783 1785 3022
f 2923 3508 3153
f 3153 3508 3161
f 3148 3149 1208
f 1208 3149 3150
f 1335 1328 3510
f 3510 1328 1327
f 1336 1335 3505
f 3505 1335 3510
f 866 3511 1340
f 1340 3511 3146
f 865 1808 866
f 866 1808 3511
f 842 841 3159
f 3159 841 3485
f 2849 3512 1329
f 1329 3512 1326
f 1202 1331 2849
f 2849 1331 3512
f 3514 3515 3513
f 3513 3515 3516
f 3518 3516 3517
f 3517 3516 3515
f 3519 3520 3514
f 3514 3520 3515
f 3522 3523 3521
f 3521 3523 3524
f 3526 3527 3525
f 3525 3527 3528
f 3530 3531 3529
f 3529 3531 3532
f 3534 3535 3533
f 3533 3535 3536
f 3529 3532 3537
f 3537 3532 3538
f 3537 3539 3529
f 3529 3539 3540
f 3542 3543 3541
f 3541 3543 3544
f 3546 3547 3545
f 3545 3547 3548
f 3550 3534 3549
f 3549 3534 3533
f 3550 3543 3551
f 3551 3543 3552
f 3537 3545 3539
f 3539 3545 3548
f 3553 3554 3556
f 3556 3554 3555
f 3537 3557 3545
f 3545 3557 3546
f 3558 3559 3561
f 3561 3559 3560
f 3563 3564 3562
f 3562 3564 3565
f 3564 3563 3566
f 3566 3563 3567
f 3569 3570 3568
f 3568 3570 3571
f 3573 3574 3572
f 3572 3574 3575
f 3577 3578 3576
f 3576 3578 3579
f 3581 3582 3580
f 3580 3582 3583
f 3585 3586 3584
f 3584 3586 3579
f 3586 3587 3579
f 3579 3587 3576
f 3589 3590 3588
f 3588 3590 3591
f 3592 3593 3595
f 3595 3593 3594
f 3597 3598 3596
f 3596 3598 3595
f 3583 3600 3599
f 3599 3600 3601
f 3603 3599 3602
f 3602 3599 3601
f 3605 3606 3604
f 3604 3606 3607
f 3608 3555 3596
f 3596 3555 3554
f 3597 3610 3609
f 3609 3610 3565
f 3564 3611 3565
f 3565 3611 3609
f 3611 3564 3612
f 3612 3564 3566
f 3613 3614 3569
f 3569 3614 3570
f 3615 3616 3573
f 3573 3616 3574
f 3517 3617 3518
f 3518 3617 3618
f 3620 3621 3619
f 3619 3621 3622
f 3624 3625 3623
f 3623 3625 3626
f 3628 3629 3627
f 3627 3629 3630
f 3632 3633 3631
f 3631 3633 3634
f 3636 3637 3635
f 3635 3637 3638
f 3640 3641 3639
f 3639 3641 3642
f 3643 3644 3639
f 3639 3644 3640
f 3646 3513 3645
f 3645 3513 3647
f 3648 3514 3646
f 3646 3514 3513
f 3649 3519 3648
f 3648 3519 3514
f 3650 3651 3527
f 3527 3651 3652
f 3654 3651 3653
f 3653 3651 3650
f 3568 3571 3655
f 3655 3571 3656
f 3657 3658 3653
f 3653 3658 3659
f 3661 3662 3660
f 3660 3662 3658
f 3664 3665 3663
f 3663 3665 3666
f 3667 3657 3650
f 3650 3657 3653
f 3669 3523 3668
f 3668 3523 3670
f 3672 3673 3671
f 3671 3673 3674
f 3676 3677 3675
f 3675 3677 3678
f 3671 3674 3676
f 3676 3674 3677
f 3680 3681 3679
f 3679 3681 3682
f 3683 3684 3680
f 3680 3684 3681
f 3685 3686 3661
f 3661 3686 3662
f 3686 3687 3662
f 3662 3687 3688
f 3684 3683 3689
f 3689 3683 3690
f 3692 3693 3691
f 3691 3693 3694
f 3691 3694 3695
f 3695 3694 3696
f 3698 3699 3697
f 3697 3699 3700
f 3702 3703 3701
f 3701 3703 3704
f 3705 3706 3519
f 3519 3706 3520
f 3673 3672 3707
f 3707 3672 3708
f 3709 3710 3682
f 3682 3710 3679
f 3711 3712 3692
f 3692 3712 3693
f 3714 3715 3713
f 3713 3715 3716
f 3718 3700 3717
f 3717 3700 3699
f 3720 3721 3719
f 3719 3721 3722
f 3724 3725 3723
f 3723 3725 3726
f 3727 3728 3730
f 3730 3728 3729
f 3722 3721 3731
f 3731 3721 3732
f 3697 3700 3733
f 3733 3700 3714
f 3733 3714 3734
f 3734 3714 3713
f 3721 3723 3732
f 3732 3723 3735
f 3720 3736 3724
f 3724 3736 3737
f 3700 3718 3714
f 3714 3718 3715
f 3717 3699 3738
f 3738 3699 3739
f 3536 3740 3533
f 3533 3740 3540
f 3742 3743 3741
f 3741 3743 3744
f 3746 3747 3745
f 3745 3747 3748
f 3750 3751 3749
f 3749 3751 3752
f 3627 3632 3628
f 3628 3632 3631
f 3754 3755 3753
f 3753 3755 3626
f 3562 3565 3756
f 3756 3565 3610
f 3527 3652 3528
f 3528 3652 3757
f 3758 3524 3669
f 3669 3524 3523
f 3582 3598 3583
f 3583 3598 3600
f 3759 3670 3522
f 3522 3670 3523
f 3675 3678 3760
f 3760 3678 3761
f 3762 3763 3690
f 3690 3763 3689
f 3765 3766 3764
f 3764 3766 3767
f 3768 3739 3698
f 3698 3739 3699
f 3726 3725 3770
f 3770 3725 3769
f 3645 3647 3771
f 3771 3647 3772
f 3645 3678 3646
f 3646 3678 3677
f 3646 3677 3648
f 3648 3677 3674
f 3673 3649 3674
f 3674 3649 3648
f 3707 3773 3673
f 3673 3773 3649
f 3775 3776 3774
f 3774 3776 3777
f 3779 3526 3778
f 3778 3526 3525
f 3526 3779 3667
f 3667 3779 3780
f 3780 3781 3667
f 3667 3781 3657
f 3672 3679 3708
f 3708 3679 3710
f 3671 3680 3672
f 3672 3680 3679
f 3676 3683 3671
f 3671 3683 3680
f 3675 3690 3676
f 3676 3690 3683
f 3760 3762 3675
f 3675 3762 3690
f 3682 3681 3783
f 3783 3681 3782
f 3689 3784 3684
f 3684 3784 3785
f 3684 3785 3681
f 3681 3785 3782
f 3786 3709 3783
f 3783 3709 3682
f 3784 3689 3787
f 3787 3689 3763
f 3789 3557 3788
f 3788 3557 3790
f 3792 3793 3791
f 3791 3793 3794
f 3616 3615 3795
f 3795 3615 3796
f 3797 3798 3727
f 3727 3798 3728
f 3800 3801 3799
f 3799 3801 3802
f 3803 3578 3592
f 3592 3578 3593
f 3805 3806 3804
f 3804 3806 3807
f 3599 3603 3585
f 3585 3603 3586
f 3587 3586 3604
f 3604 3586 3603
f 3588 3591 3794
f 3794 3591 3791
f 3581 3803 3582
f 3582 3803 3592
f 3594 3561 3608
f 3608 3561 3790
f 3662 3688 3808
f 3808 3688 3809
f 3665 3664 3810
f 3810 3664 3811
f 3719 3812 3720
f 3720 3812 3736
f 3717 3813 3718
f 3718 3813 3737
f 3723 3721 3724
f 3724 3721 3720
f 3813 3717 3814
f 3814 3717 3738
f 3815 3816 303
f 303 3816 304
f 3818 3819 3817
f 3817 3819 3820
f 3578 3803 3579
f 3579 3803 3584
f 3558 3593 3577
f 3577 3593 3578
f 3822 3823 3821
f 3821 3823 3824
f 3546 3826 3825
f 3825 3826 3827
f 3828 3829 3547
f 3547 3829 3541
f 3831 3542 3830
f 3830 3542 3832
f 3834 3822 3833
f 3833 3822 3821
f 3835 3836 3827
f 3827 3836 3825
f 3800 3799 3828
f 3828 3799 3829
f 3830 3832 3837
f 3837 3832 3838
f 331 330 3551
f 3551 330 3839
f 3831 333 3552
f 3552 333 332
f 3819 3797 3841
f 3841 3797 3840
f 3513 3516 3647
f 3647 3516 3746
f 337 336 3745
f 3745 336 3772
f 3525 3528 3775
f 3775 3528 3749
f 3610 3597 3554
f 3554 3597 3596
f 3706 3702 3520
f 3520 3702 3701
f 3756 3610 3553
f 3553 3610 3554
f 3757 3750 3528
f 3528 3750 3749
f 3517 3515 3701
f 3701 3515 3520
f 3842 3584 3581
f 3581 3584 3803
f 3525 3775 3778
f 3778 3775 3774
f 3638 3843 3635
f 3635 3843 3618
f 3617 3621 3618
f 3618 3621 3635
f 3617 3517 3704
f 3704 3517 3701
f 3521 3624 3522
f 3522 3624 3623
f 3749 3844 3775
f 3775 3844 3776
f 3846 3847 3845
f 3845 3847 3848
f 3843 3747 3618
f 3618 3747 3518
f 3850 3851 3849
f 3849 3851 3748
f 3853 3854 3852
f 3852 3854 3855
f 3856 3857 3622
f 3622 3857 3619
f 3859 3860 3858
f 3858 3860 3861
f 3862 3844 3752
f 3752 3844 3749
f 3863 3759 3623
f 3623 3759 3522
f 3864 3777 3630
f 3630 3777 3776
f 3713 3865 3734
f 3734 3865 3866
f 3868 3869 3867
f 3867 3869 3870
f 3872 3873 3871
f 3871 3873 3874
f 3876 3877 3875
f 3875 3877 3878
f 3879 3880 3878
f 3878 3880 3881
f 3882 3883 3885
f 3885 3883 3884
f 3780 3886 3781
f 3781 3886 3887
f 3888 3685 3869
f 3869 3685 3661
f 3880 3879 3883
f 3883 3879 3884
f 3693 3783 3694
f 3694 3783 3782
f 3696 3785 3764
f 3764 3785 3784
f 3694 3782 3696
f 3696 3782 3785
f 3693 3786 3783
f 3787 3765 3784
f 3784 3765 3764
f 386 385 3765
f 3765 385 3766
f 3695 3889 3691
f 3691 3889 3890
f 3691 3890 3692
f 3692 3890 3891
f 3892 3711 3891
f 3891 3711 3692
f 3767 3893 3695
f 3695 3893 3889
f 3766 3894 3767
f 3767 3894 3893
f 3882 3885 3895
f 3895 3885 3896
f 3898 3698 3897
f 3897 3698 3697
f 3897 3697 3899
f 3899 3697 3733
f 3899 3733 3900
f 3900 3733 3734
f 3901 3768 3898
f 3898 3768 3698
f 3901 3902 3768
f 3768 3902 3903
f 3904 3905 3907
f 3907 3905 3906
f 3869 3661 3870
f 3870 3661 3660
f 3908 3909 3896
f 3896 3909 3895
f 3909 3758 3895
f 3895 3758 3669
f 3751 3531 3752
f 3752 3531 3848
f 3858 3536 3854
f 3854 3536 3535
f 3652 3562 3757
f 3757 3562 3756
f 3651 3654 3563
f 3563 3654 3567
f 3655 3656 3808
f 3808 3656 3659
f 3530 3740 3845
f 3845 3740 3861
f 3751 3750 3556
f 3556 3750 3553
f 3817 3820 3796
f 3796 3820 3795
f 410 409 3910
f 3910 409 3855
f 3750 3757 3553
f 3553 3757 3756
f 3908 3886 3909
f 3909 3886 3780
f 409 411 3855
f 3855 411 3851
f 413 412 3760
f 3760 412 3762
f 415 414 3763
f 3763 414 3787
f 3790 3557 3538
f 3538 3557 3537
f 3555 3608 3538
f 3538 3608 3790
f 3574 3911 3575
f 3575 3911 3912
f 3535 3534 3910
f 3910 3534 3839
f 3831 3552 3542
f 3542 3552 3543
f 3534 3550 3839
f 3839 3550 3551
f 3543 3550 3544
f 3544 3550 3549
f 3913 3914 3916
f 3916 3914 3915
f 3806 3805 3589
f 3589 3805 3590
f 3849 3843 3917
f 3917 3843 3638
f 3853 3644 3859
f 3859 3644 3742
f 3747 3746 3518
f 3518 3746 3516
f 3695 3696 3767
f 3767 3696 3764
f 3903 3918 3768
f 3768 3918 3739
f 3738 3739 3816
f 3816 3739 3918
f 3919 3920 3769
f 3769 3920 3770
f 3921 3726 3922
f 3922 3726 3770
f 3678 3645 3761
f 3761 3645 3771
f 3924 3913 3923
f 3923 3913 3916
f 3802 3925 3838
f 3838 3925 3837
f 3577 3926 3558
f 3558 3926 3559
f 3815 3919 3814
f 3814 3919 3769
f 3927 3928 3822
f 3822 3928 3823
f 3829 3832 3541
f 3541 3832 3542
f 3834 3927 3822
f 3832 3829 3838
f 3838 3829 3799
f 3745 3772 3746
f 3746 3772 3647
f 3849 3748 3843
f 3843 3748 3747
f 3854 3853 3858
f 3858 3853 3859
f 3854 3535 3855
f 3855 3535 3910
f 3557 3789 3546
f 3546 3789 3826
f 3923 3823 3924
f 3924 3823 3928
f 3823 3923 3929
f 3929 3923 3930
f 3531 3751 3532
f 3532 3751 3556
f 3532 3556 3538
f 3538 3556 3555
f 3932 3634 3931
f 3931 3634 3633
f 3814 3769 3813
f 3813 3769 3725
f 3620 3636 3621
f 3621 3636 3635
f 3847 3862 3848
f 3848 3862 3752
f 3531 3530 3848
f 3848 3530 3845
f 3933 3934 3830
f 3830 3934 3831
f 3925 3933 3837
f 3837 3933 3830
f 3934 440 3831
f 3831 440 333
f 3925 3802 3833
f 3833 3802 3801
f 3776 3844 3630
f 3630 3844 3627
f 3808 3659 3662
f 3662 3659 3658
f 3667 3650 3526
f 3526 3650 3527
f 3935 3666 3936
f 3936 3666 3665
f 3718 3737 3715
f 3715 3737 3736
f 3663 3809 3664
f 3664 3809 3688
f 3807 3806 3938
f 3938 3806 3937
f 445 413 3761
f 3761 413 3760
f 3902 447 3903
f 3903 447 446
f 3897 3890 3898
f 3898 3890 3889
f 3899 3891 3897
f 3897 3891 3890
f 3898 3889 3901
f 3901 3889 3893
f 3893 3894 3901
f 3901 3894 3902
f 414 386 3787
f 3787 386 3765
f 3940 3941 3939
f 3939 3941 3942
f 3840 3797 3943
f 3943 3797 3727
f 3665 3810 3936
f 3936 3810 3944
f 3921 3735 3726
f 3726 3735 3723
f 3920 3945 3770
f 3770 3945 3922
f 3521 3524 3774
f 3774 3524 3778
f 3864 3946 3625
f 3625 3946 3947
f 3773 3705 3649
f 3649 3705 3519
f 3779 3778 3758
f 3758 3778 3524
f 3812 3716 3736
f 3736 3716 3715
f 3624 3521 3777
f 3777 3521 3774
f 3703 3856 3704
f 3704 3856 3622
f 3900 3892 3899
f 3899 3892 3891
f 3641 3917 3642
f 3642 3917 3948
f 3895 3669 3882
f 3882 3669 3668
f 3855 3851 3852
f 3852 3851 3850
f 3894 458 3902
f 3902 458 447
f 3781 3887 3660
f 3660 3887 3870
f 3570 3566 3571
f 3571 3566 3567
f 3950 3576 3949
f 3949 3576 3587
f 3605 3602 3614
f 3614 3602 3612
f 3614 3612 3570
f 3570 3612 3566
f 3571 3567 3656
f 3656 3567 3654
f 3660 3658 3781
f 3781 3658 3657
f 3604 3607 3587
f 3587 3607 3949
f 3653 3659 3654
f 3654 3659 3656
f 3529 3540 3530
f 3530 3540 3740
f 3687 3811 3688
f 3688 3811 3664
f 3813 3725 3737
f 3737 3725 3724
f 3919 3815 461
f 461 3815 303
f 3818 3798 3819
f 3819 3798 3797
f 3819 3841 3820
f 3820 3841 3951
f 3816 3815 3738
f 3738 3815 3814
f 3540 3539 3533
f 3533 3539 3549
f 3548 3547 3544
f 3544 3547 3541
f 3539 3548 3549
f 3549 3548 3544
f 3741 3931 3860
f 3860 3931 3846
f 3801 3800 3835
f 3835 3800 3836
f 3934 3933 3824
f 3824 3933 3821
f 3825 3828 3546
f 3546 3828 3547
f 3833 3821 3925
f 3925 3821 3933
f 3800 3828 3836
f 3836 3828 3825
f 3824 3952 3934
f 3934 3952 440
f 3860 3846 3861
f 3861 3846 3845
f 3629 3946 3630
f 3630 3946 3864
f 3740 3536 3861
f 3861 3536 3858
f 3833 3801 3834
f 3834 3801 3835
f 3583 3599 3580
f 3580 3599 3585
f 3651 3563 3652
f 3652 3563 3562
f 3758 3909 3779
f 3779 3909 3780
f 3621 3617 3622
f 3622 3617 3704
f 3625 3947 3626
f 3626 3947 3753
f 3633 3632 3847
f 3847 3632 3862
f 3852 3850 3640
f 3640 3850 3641
f 3644 3853 3640
f 3640 3853 3852
f 3859 3742 3860
f 3860 3742 3741
f 3632 3627 3862
f 3862 3627 3844
f 3755 3863 3626
f 3626 3863 3623
f 3917 3638 3948
f 3948 3638 3637
f 3644 3643 3742
f 3742 3643 3743
f 3931 3633 3846
f 3846 3633 3847
f 3625 3624 3864
f 3864 3624 3777
f 3917 3641 3849
f 3849 3641 3850
f 3744 3932 3741
f 3741 3932 3931
f 3903 446 3918
f 3918 446 464
f 3953 3954 3956
f 3956 3954 3955
f 3958 3959 3957
f 3957 3959 3960
f 3876 3958 3877
f 3877 3958 3957
f 3877 3957 3961
f 3961 3957 3962
f 3963 3964 3958
f 3958 3964 3959
f 3965 3966 3876
f 3876 3966 3958
f 3966 3963 3958
f 3966 3967 3963
f 3963 3967 3968
f 3878 3877 3879
f 3879 3877 3961
f 3967 3969 3968
f 3968 3969 3970
f 3969 3971 3970
f 3970 3971 3972
f 3974 3904 3973
f 3973 3904 3907
f 3971 3975 3972
f 3972 3975 3976
f 3976 3975 3978
f 3978 3975 3977
f 3979 3980 3977
f 3977 3980 3978
f 3981 3982 3979
f 3979 3982 3980
f 3983 3984 3981
f 3981 3984 3982
f 3972 3985 3970
f 3970 3985 3986
f 3871 3987 3969
f 3969 3987 3971
f 3872 3871 3967
f 3967 3871 3969
f 3965 3872 3966
f 3966 3872 3967
f 3970 3986 3968
f 3968 3986 3988
f 3879 3961 3884
f 3884 3961 3940
f 3884 3940 3885
f 3885 3940 3939
f 3989 3990 3992
f 3992 3990 3991
f 3942 3993 3995
f 3995 3993 3994
f 3994 3996 3995
f 3995 3996 3974
f 3997 3998 3994
f 3994 3998 3996
f 3999 3997 3993
f 3993 3997 3994
f 4001 3996 4000
f 4000 3996 3998
f 4000 3998 4002
f 4002 3998 4003
f 4004 4003 3997
f 3997 4003 3998
f 3997 3999 4004
f 4004 3999 4005
f 4006 3995 3973
f 3973 3995 3974
f 3939 3942 4006
f 4006 3942 3995
f 3906 3887 3907
f 3907 3887 3886
f 3887 3906 3870
f 3870 3906 3867
f 3908 3973 3886
f 3886 3973 3907
f 3865 4007 3866
f 3866 4007 4008
f 3984 3983 4009
f 4009 3983 4010
f 3961 3962 3940
f 3940 3962 3941
f 4012 3868 4011
f 4011 3868 3867
f 4013 3975 3987
f 3987 3975 3971
f 4014 3977 4013
f 4013 3977 3975
f 4015 4010 4007
f 4007 4010 3983
f 4007 3983 4008
f 4008 3983 3981
f 4008 3981 4016
f 4016 3981 3979
f 4017 3984 4018
f 4018 3984 4009
f 3977 4014 3979
f 3979 4014 4016
f 3982 3984 4019
f 4019 3984 4017
f 4021 4022 4020
f 4020 4022 4023
f 4022 4012 4023
f 4023 4012 4011
f 4023 3904 4020
f 4020 3904 3974
f 4024 4025 4018
f 4018 4025 4017
f 4026 4027 4024
f 4024 4027 4025
f 4028 4026 4029
f 4029 4026 4024
f 4018 4021 4024
f 4024 4021 4029
f 4030 4031 4026
f 4026 4031 4027
f 4032 4030 4028
f 4028 4030 4026
f 4029 4001 4028
f 4028 4001 4000
f 4028 4000 4032
f 4032 4000 4002
f 4034 4035 4033
f 4033 4035 4036
f 4037 4038 4019
f 4019 4038 4039
f 4041 4039 4040
f 4040 4039 4038
f 4040 4038 4042
f 4042 4038 4036
f 4042 4036 4043
f 4043 4036 4035
f 3985 4044 4046
f 4046 4044 4045
f 4047 4048 4045
f 4045 4048 4046
f 4047 4049 4048
f 4048 4049 4050
f 4042 4047 4040
f 4040 4047 4045
f 4043 4049 4042
f 4042 4049 4047
f 4040 4045 4041
f 4041 4045 4044
f 4052 3959 4051
f 4051 3959 3964
f 4053 4054 4051
f 4051 4054 4055
f 3956 3960 4052
f 4052 3960 3959
f 3953 3956 4056
f 4056 3956 4052
f 4058 3953 4057
f 4057 3953 4056
f 4060 4061 4059
f 4059 4061 4062
f 4063 4064 4054
f 4054 4064 4057
f 4054 4053 4063
f 4063 4053 4065
f 4066 4067 4069
f 4069 4067 4068
f 4048 4050 4063
f 4063 4050 4064
f 4063 4065 4048
f 4048 4065 4046
f 3985 4046 3986
f 3986 4046 4065
f 3986 4065 3988
f 3988 4065 4053
f 3988 4053 3964
f 3964 4053 4051
f 3976 3978 4044
f 4044 3978 4041
f 3980 3982 4039
f 4039 3982 4019
f 4039 4041 3980
f 3980 4041 3978
f 3973 3908 4006
f 4006 3908 3896
f 3885 3939 3896
f 3896 3939 4006
f 4031 4034 4027
f 4027 4034 4033
f 4027 4033 4025
f 4025 4033 4037
f 4019 4017 4037
f 4037 4017 4025
f 3993 3942 4070
f 4070 3942 3941
f 3999 3993 4071
f 4071 3993 4070
f 3999 4071 4005
f 4005 4071 4072
f 4073 4074 4076
f 4076 4074 4075
f 4078 4079 4077
f 4077 4079 4080
f 4082 4080 4081
f 4081 4080 4079
f 4084 4085 4083
f 4083 4085 4086
f 4087 4088 4090
f 4090 4088 4089
f 4092 4093 4091
f 4091 4093 4094
f 4096 4097 4095
f 4095 4097 4098
f 4100 4101 4099
f 4099 4101 4102
f 4103 4104 4106
f 4106 4104 4105
f 4108 4109 4107
f 4107 4109 4110
f 4112 4113 4111
f 4111 4113 4114
f 4116 4117 4115
f 4115 4117 4118
f 4120 4121 4119
f 4119 4121 4122
f 4123 4124 4126
f 4126 4124 4125
f 4127 4128 4130
f 4130 4128 4129
f 4132 4133 4131
f 4131 4133 4134
f 4136 4108 4135
f 4135 4108 4107
f 4138 4139 4137
f 4137 4139 4140
f 4141 4142 4088
f 4088 4142 4089
f 4144 4145 4143
f 4143 4145 4146
f 4148 4149 4147
f 4147 4149 4150
f 4152 4153 4151
f 4151 4153 4154
f 4156 4082 4155
f 4155 4082 4081
f 4157 4158 4160
f 4160 4158 4159
f 4161 4162 4164
f 4164 4162 4163
f 4166 4122 4165
f 4165 4122 4121
f 4168 4152 4167
f 4167 4152 4151
f 4169 4170 4172
f 4172 4170 4171
f 4174 4175 4173
f 4173 4175 4176
f 4178 4149 4177
f 4177 4149 4179
f 4173 4176 4180
f 4180 4176 4181
f 4156 4085 4182
f 4182 4085 4183
f 4182 4184 4156
f 4156 4184 4082
f 4185 4186 4184
f 4184 4186 4187
f 4186 4188 4187
f 4187 4188 4189
f 4190 4191 4073
f 4073 4191 4074
f 4177 4179 4158
f 4158 4179 4159
f 4193 4127 4192
f 4192 4127 4130
f 4144 4194 4151
f 4151 4194 4167
f 4196 4197 4195
f 4195 4197 4198
f 4095 4199 4096
f 4096 4199 4200
f 4201 4202 4204
f 4204 4202 4203
f 4205 4206 4208
f 4208 4206 4207
f 4121 4120 4209
f 4209 4120 4210
f 4212 4213 4211
f 4211 4213 4214
f 4216 4217 4215
f 4215 4217 4218
f 4220 4221 4219
f 4219 4221 4222
f 4224 4196 4223
f 4223 4196 4195
f 4225 4226 4134
f 4134 4226 4131
f 4228 4229 4227
f 4227 4229 4230
f 4232 4233 4231
f 4231 4233 4098
f 4235 4236 4234
f 4234 4236 4237
f 4239 4240 4238
f 4238 4240 4241
f 4242 4243 4245
f 4245 4243 4244
f 4246 4247 4249
f 4249 4247 4248
f 4251 4252 4250
f 4250 4252 4253
f 4255 4256 4254
f 4254 4256 4257
f 4259 4260 4258
f 4258 4260 4261
f 4263 4264 4262
f 4262 4264 4265
f 4267 4268 4266
f 4266 4268 4269
f 4271 4199 4270
f 4270 4199 4272
f 4273 4274 4276
f 4276 4274 4275
f 4115 4118 4277
f 4277 4118 4278
f 4280 4281 4279
f 4279 4281 4282
f 4211 4283 4212
f 4212 4283 4284
f 4286 4287 4285
f 4285 4287 4288
f 4165 4121 4289
f 4289 4121 4209
f 4291 4286 4290
f 4290 4286 4285
f 4293 4294 4292
f 4292 4294 4295
f 4297 4298 4296
f 4296 4298 4299
f 4301 4302 4300
f 4300 4302 4303
f 4299 4304 4296
f 4296 4304 4305
f 4306 4292 4307
f 4307 4292 4295
f 4307 4308 4306
f 4306 4308 4309
f 4310 4309 4075
f 4075 4309 4308
f 4299 4298 4312
f 4312 4298 4311
f 4302 4301 4293
f 4293 4301 4294
f 3735 3921 4313
f 4313 3921 4314
f 4315 4314 3922
f 3922 4314 3921
f 4316 3945 829
f 829 3945 830
f 4289 4317 4165
f 4165 4317 4318
f 4320 4321 4319
f 4319 4321 4322
f 4324 4325 4323
f 4323 4325 4326
f 4327 4328 4330
f 4330 4328 4329
f 4290 4331 4291
f 4291 4331 4332
f 4165 4318 4166
f 4166 4318 4333
f 4334 4335 4337
f 4337 4335 4336
f 4339 4340 4338
f 4338 4340 4341
f 4168 4343 4342
f 4342 4343 4344
f 4346 4347 4345
f 4345 4347 4348
f 4350 4351 4349
f 4349 4351 4352
f 4354 4355 4353
f 4353 4355 4356
f 4357 4358 4324
f 4324 4358 4325
f 4337 4359 4334
f 4334 4359 4360
f 4362 4363 4361
f 4361 4363 4364
f 4366 4367 4365
f 4365 4367 4368
f 4369 4370 4372
f 4372 4370 4371
f 4331 4290 4374
f 4374 4290 4373
f 4373 4376 4375
f 4375 4376 4377
f 4379 4380 4378
f 4378 4380 4381
f 4217 4382 4218
f 4218 4382 4383
f 4385 4386 4384
f 4384 4386 4387
f 4388 4389 4338
f 4338 4389 4390
f 4337 4336 4392
f 4392 4336 4391
f 4394 4362 4393
f 4393 4362 4361
f 4396 4397 4395
f 4395 4397 4398
f 4400 4401 4399
f 4399 4401 4402
f 4345 4403 4346
f 4346 4403 4404
f 4405 4406 4342
f 4342 4406 4407
f 4409 4410 4408
f 4408 4410 4411
f 4408 4412 4409
f 4409 4412 4413
f 4181 4415 4414
f 4414 4415 4416
f 4182 4183 4417
f 4417 4183 4418
f 4419 4353 4311
f 4311 4353 4312
f 4421 4422 4420
f 4420 4422 4423
f 4353 4356 4312
f 4312 4356 4424
f 4166 4333 4425
f 4425 4333 4426
f 4425 4143 4166
f 4166 4143 4122
f 4427 4107 4428
f 4428 4107 4110
f 4429 4430 4174
f 4174 4430 4175
f 4335 4431 4336
f 4336 4431 4390
f 4336 4390 4391
f 4391 4390 4389
f 4432 4433 4435
f 4435 4433 4434
f 4437 4438 4436
f 4436 4438 4439
f 4441 4442 4440
f 4440 4442 4443
f 4359 4444 4361
f 4361 4444 4393
f 4446 4447 4445
f 4445 4447 4448
f 4338 4341 4388
f 4388 4341 4449
f 4450 4451 4398
f 4398 4451 4395
f 4453 4454 4452
f 4452 4454 4455
f 4457 4458 4456
f 4456 4458 4459
f 4460 4461 4448
f 4448 4461 4445
f 4463 4464 4462
f 4462 4464 4465
f 4462 4465 4466
f 4466 4465 4467
f 4468 4469 4467
f 4467 4469 4466
f 4469 4468 4470
f 4470 4468 4471
f 4472 4473 4471
f 4471 4473 4470
f 4475 4476 4474
f 4474 4476 4477
f 4479 4480 4478
f 4478 4480 4481
f 4483 4484 4482
f 4482 4484 4485
f 4487 4488 4486
f 4486 4488 4489
f 4491 4492 4490
f 4490 4492 4493
f 4494 4495 4493
f 4493 4495 4490
f 4496 4497 4494
f 4494 4497 4495
f 4497 4496 4498
f 4498 4496 4499
f 4500 4501 4503
f 4503 4501 4502
f 4505 4506 4504
f 4504 4506 4507
f 4466 4508 4462
f 4462 4508 4509
f 4470 4510 4469
f 4469 4510 4511
f 4513 4479 4512
f 4512 4479 4478
f 4515 4443 4514
f 4514 4443 4442
f 4516 4517 4519
f 4519 4517 4518
f 4521 4495 4520
f 4520 4495 4497
f 4522 4490 4521
f 4521 4490 4495
f 4491 4523 4488
f 4488 4523 4524
f 4525 4489 4524
f 4524 4489 4488
f 4484 4526 4485
f 4485 4526 4527
f 4503 4528 4500
f 4500 4528 4529
f 4530 4531 4533
f 4533 4531 4532
f 4535 4506 4534
f 4534 4506 4530
f 4486 4536 4487
f 4487 4536 4537
f 4487 4537 4492
f 4492 4537 4538
f 4494 4539 4496
f 4496 4539 4540
f 4542 4533 4541
f 4541 4533 4499
f 4544 4545 4543
f 4543 4545 4546
f 4548 4549 4547
f 4547 4549 4550
f 4536 4551 4537
f 4537 4551 4552
f 4537 4552 4538
f 4538 4552 4553
f 4554 4539 4556
f 4556 4539 4555
f 4557 4540 4554
f 4554 4540 4539
f 4559 4557 4558
f 4558 4557 4560
f 4540 4557 4541
f 4541 4557 4559
f 4562 4563 4561
f 4561 4563 4564
f 4546 4565 4543
f 4543 4565 4566
f 4547 4567 4548
f 4548 4567 4568
f 4570 4571 4569
f 4569 4571 4572
f 4574 4575 4573
f 4573 4575 4576
f 4578 4579 4577
f 4577 4579 4580
f 4582 4583 4581
f 4581 4583 4584
f 4585 4586 4588
f 4588 4586 4587
f 4589 4585 4590
f 4590 4585 4588
f 4592 4593 4591
f 4591 4593 4594
f 4596 4597 4595
f 4595 4597 4598
f 4600 4601 4599
f 4599 4601 4602
f 4563 4604 4603
f 4603 4604 4605
f 4603 4606 4608
f 4608 4606 4607
f 4609 4610 4594
f 4594 4610 4591
f 4611 4612 4614
f 4614 4612 4613
f 4616 4617 4615
f 4615 4617 4618
f 4602 4620 4619
f 4619 4620 4621
f 4619 4622 4602
f 4602 4622 4599
f 4605 4599 4623
f 4623 4599 4622
f 4605 4623 4603
f 4603 4623 4606
f 4625 4626 4624
f 4624 4626 4627
f 4438 4437 4628
f 4628 4437 4629
f 4442 4441 4630
f 4630 4441 4631
f 4630 4632 4442
f 4442 4632 4514
f 4633 4634 4529
f 4529 4634 4500
f 4500 4634 4501
f 4501 4634 4635
f 4637 4546 4636
f 4636 4546 4545
f 4639 4565 4638
f 4638 4565 4640
f 4573 4576 4641
f 4641 4576 4642
f 4593 4643 4594
f 4594 4643 4644
f 4645 4609 4644
f 4644 4609 4594
f 4647 4648 4646
f 4646 4648 4649
f 4651 4652 4650
f 4650 4652 4653
f 4654 4498 4519
f 4519 4498 4532
f 4520 4508 4521
f 4521 4508 4511
f 4522 4510 4523
f 4523 4510 4655
f 4524 4656 4525
f 4525 4656 4657
f 4514 4529 4515
f 4515 4529 4528
f 4658 4659 4661
f 4661 4659 4660
f 4496 4540 4499
f 4499 4540 4541
f 4493 4555 4494
f 4494 4555 4539
f 4549 4483 4550
f 4550 4483 4482
f 4545 4544 4501
f 4501 4544 4502
f 4636 4545 4635
f 4635 4545 4501
f 4589 4663 4662
f 4662 4663 4664
f 4662 4665 4558
f 4558 4665 4559
f 4569 4586 4570
f 4570 4586 4560
f 4552 4666 4553
f 4553 4666 4667
f 4668 4669 4670
f 4670 4669 4666
f 4672 4673 4671
f 4671 4673 4674
f 4287 4675 4288
f 4288 4675 4676
f 4678 4679 4677
f 4677 4679 4680
f 4681 4678 4682
f 4682 4678 4677
f 4682 4683 4681
f 4681 4683 4684
f 4161 4164 4685
f 4685 4164 4686
f 4414 4687 4689
f 4689 4687 4688
f 4405 4690 4346
f 4346 4690 4347
f 4691 4399 4693
f 4693 4399 4692
f 1209 4694 4365
f 4365 4694 4366
f 4650 1211 4651
f 4651 1211 1210
f 4695 4696 4255
f 4255 4696 4256
f 4697 4698 4218
f 4218 4698 4215
f 4700 4701 4699
f 4699 4701 4702
f 4703 4704 4303
f 4303 4704 4300
f 4315 3922 4316
f 4316 3922 3945
f 4653 4706 4705
f 4705 4706 4707
f 4709 4710 4708
f 4708 4710 4711
f 4335 4334 4713
f 4713 4334 4712
f 4714 4340 4321
f 4321 4340 4322
f 4716 4717 4715
f 4715 4717 4718
f 4238 4241 4719
f 4719 4241 4720
f 4231 4721 4307
f 4307 4721 4308
f 4723 4724 4722
f 4722 4724 4725
f 4727 4728 4726
f 4726 4728 4729
f 4730 4731 4327
f 4327 4731 4328
f 4733 4734 4732
f 4732 4734 4735
f 4720 4381 4736
f 4736 4381 4737
f 4738 4739 4741
f 4741 4739 4740
f 4743 4744 4742
f 4742 4744 4745
f 4338 4390 4339
f 4339 4390 4431
f 4746 4747 4431
f 4431 4747 4339
f 4291 4332 4289
f 4289 4332 4317
f 4289 4209 4291
f 4291 4209 4286
f 4287 4286 4210
f 4210 4286 4209
f 4749 4750 4748
f 4748 4750 4751
f 4212 4284 4752
f 4752 4284 4753
f 4752 4754 4212
f 4212 4754 4213
f 4252 4251 4225
f 4225 4251 4226
f 4227 4230 4248
f 4248 4230 4249
f 4205 4755 4757
f 4757 4755 4756
f 4708 4711 4758
f 4758 4711 4647
f 4367 4366 4759
f 4759 4366 4760
f 4526 4513 4527
f 4527 4513 4512
f 4420 4423 4385
f 4385 4423 4386
f 4705 4761 4653
f 4653 4761 4650
f 4761 1279 4650
f 4650 1279 1211
f 4762 4763 3944
f 3944 4763 3936
f 4274 4273 4765
f 4765 4273 4764
f 4767 4768 4766
f 4766 4768 4769
f 4770 4771 4769
f 4769 4771 4766
f 4771 4770 4242
f 4242 4770 4243
f 4093 4163 4094
f 4094 4163 4162
f 4772 4773 4775
f 4775 4773 4774
f 4777 4778 4776
f 4776 4778 4779
f 4417 4185 4182
f 4182 4185 4184
f 4780 4078 4781
f 4781 4078 4077
f 4781 4077 4782
f 4782 4077 4189
f 4188 4783 4189
f 4189 4783 4782
f 4295 4232 4307
f 4307 4232 4231
f 4785 4786 4784
f 4784 4786 4787
f 4784 1307 4785
f 4785 1307 1306
f 4078 4780 4096
f 4096 4780 4097
f 4075 4074 4310
f 4310 4074 4788
f 4788 4074 4789
f 4789 4074 4191
f 4789 4191 4059
f 4059 4191 4790
f 4791 4277 4792
f 4792 4277 4278
f 3732 3735 4793
f 4793 3735 4313
f 4793 4794 3732
f 3732 4794 3731
f 4792 4795 4791
f 4791 4795 4796
f 4797 4798 4799
f 4799 4798 4724
f 4763 4800 3936
f 3936 4800 3935
f 4801 4062 3729
f 3729 4062 3730
f 4713 4712 4802
f 4802 4712 4803
f 4146 4804 4119
f 4119 4804 4805
f 4498 4654 4497
f 4497 4654 4520
f 4806 4807 1326
f 1326 4807 1327
f 4689 4688 1330
f 1330 4688 1331
f 4801 4789 4062
f 4062 4789 4059
f 3730 4062 4808
f 4808 4062 4061
f 4810 4811 4809
f 4809 4811 4812
f 4813 4403 4814
f 4814 4403 4345
f 4815 4816 4349
f 4349 4816 4350
f 4817 4818 4820
f 4820 4818 4819
f 4406 4821 4407
f 4407 4821 4822
f 4823 4161 4824
f 4824 4161 4685
f 4181 4414 4825
f 4825 4414 4689
f 4741 4740 4826
f 4826 4740 4827
f 4828 4829 4827
f 4827 4829 4826
f 4142 4141 4415
f 4415 4141 4148
f 4830 1354 4761
f 4761 1354 1279
f 4832 4833 4831
f 4831 4833 4834
f 4835 4836 4626
f 4626 4836 4421
f 4451 4709 4395
f 4395 4709 4708
f 4627 4420 4837
f 4837 4420 4385
f 4837 1365 4838
f 4838 1365 1364
f 4397 4396 4839
f 4839 4396 4840
f 4842 4628 4841
f 4841 4628 4629
f 4671 4674 4631
f 4631 4674 4630
f 4674 4659 4630
f 4630 4659 4632
f 4633 4632 4658
f 4658 4632 4659
f 4658 4504 4633
f 4633 4504 4634
f 4635 4634 4507
f 4507 4634 4504
f 4843 4636 4507
f 4507 4636 4635
f 4844 4637 4843
f 4843 4637 4636
f 4637 4844 4640
f 4640 4844 4664
f 4638 4663 4642
f 4642 4663 4845
f 4847 4643 4846
f 4846 4643 4641
f 4644 4848 4645
f 4645 4848 4849
f 4851 4852 4850
f 4850 4852 4853
f 4855 4856 4854
f 4854 4856 4857
f 4859 4860 4858
f 4858 4860 4857
f 4715 4718 4859
f 4859 4718 4860
f 4862 4863 4861
f 4861 4863 4864
f 4866 4867 4865
f 4865 4867 4868
f 4870 4871 4869
f 4869 4871 4872
f 4869 4872 4116
f 4116 4872 4117
f 4820 4819 4874
f 4874 4819 4873
f 4876 4877 4875
f 4875 4877 4878
f 4880 4881 4879
f 4879 4881 4882
f 4884 4885 4883
f 4883 4885 4886
f 4887 4888 4280
f 4280 4888 4281
f 4818 4817 4889
f 4889 4817 4890
f 4891 4193 4823
f 4823 4193 4192
f 4892 4893 4228
f 4228 4893 4229
f 4158 4157 4894
f 4894 4157 4895
f 4896 4897 4132
f 4132 4897 4133
f 4099 4683 4100
f 4100 4683 4682
f 4101 4100 4899
f 4899 4100 4898
f 4150 4106 4147
f 4147 4106 4900
f 4100 4682 4898
f 4898 4682 4677
f 4080 4082 4187
f 4187 4082 4184
f 4077 4080 4189
f 4189 4080 4187
f 4191 4190 4790
f 4790 4190 4901
f 4177 4158 4680
f 4680 4158 4894
f 4108 4136 4752
f 4752 4136 4754
f 4752 4753 4108
f 4108 4753 4109
f 4817 4902 4890
f 4890 4902 4903
f 4904 4905 4907
f 4907 4905 4906
f 4909 4910 4908
f 4908 4910 4911
f 4913 4914 4912
f 4912 4914 4915
f 4916 4917 4919
f 4919 4917 4918
f 4312 4424 4299
f 4299 4424 4304
f 4920 4921 4297
f 4297 4921 4298
f 4194 4922 4167
f 4167 4922 4923
f 4924 4400 4691
f 4691 4400 4399
f 4395 4708 4396
f 4396 4708 4758
f 4367 4925 4368
f 4368 4925 4926
f 4919 4918 4873
f 4873 4918 4874
f 4836 4927 4421
f 4421 4927 4422
f 4921 4928 4298
f 4298 4928 4311
f 4143 4146 4122
f 4122 4146 4119
f 4929 4930 4455
f 4455 4930 4452
f 4932 4933 4931
f 4931 4933 4934
f 4935 4936 4932
f 4932 4936 4933
f 4461 4460 4457
f 4457 4460 4458
f 4480 4479 4475
f 4475 4479 4476
f 4660 4673 4517
f 4517 4673 4937
f 4661 4505 4658
f 4658 4505 4504
f 4484 4483 4489
f 4489 4483 4486
f 4462 4509 4463
f 4463 4509 4518
f 4469 4511 4466
f 4466 4511 4508
f 4655 4473 4656
f 4656 4473 4477
f 4476 4657 4477
f 4477 4657 4656
f 4479 4513 4476
f 4476 4513 4657
f 4489 4525 4484
f 4484 4525 4526
f 4483 4549 4486
f 4486 4549 4536
f 4549 4548 4536
f 4536 4548 4551
f 4548 4568 4551
f 4551 4568 4670
f 4663 4589 4845
f 4845 4589 4590
f 4668 4577 4938
f 4938 4577 4580
f 4940 4938 4939
f 4939 4938 4941
f 4940 4942 4669
f 4669 4942 4943
f 4587 4582 4944
f 4944 4582 4581
f 4848 4847 4608
f 4608 4847 4564
f 4616 4945 4613
f 4613 4945 4598
f 4615 4946 4616
f 4616 4946 4945
f 4947 4939 4948
f 4948 4939 4946
f 4599 4605 4600
f 4600 4605 4604
f 4608 4607 4848
f 4848 4607 4849
f 4613 4612 4616
f 4616 4612 4617
f 4835 4949 4709
f 4709 4949 4710
f 4357 1477 4837
f 4837 1477 1365
f 4712 4950 4803
f 4803 4950 4951
f 4401 4952 4402
f 4402 4952 4953
f 4759 4760 4402
f 4402 4760 4399
f 4508 4520 4509
f 4509 4520 4654
f 4510 4522 4511
f 4511 4522 4521
f 4513 4526 4657
f 4657 4526 4525
f 4632 4633 4514
f 4514 4633 4529
f 4931 4934 4453
f 4453 4934 4454
f 4153 4954 4154
f 4154 4954 4955
f 4957 4958 4956
f 4956 4958 4959
f 4961 4962 4960
f 4960 4962 4963
f 4120 4964 4210
f 4210 4964 4965
f 4967 4968 4966
f 4966 4968 4969
f 4349 4692 4815
f 4815 4692 4970
f 4652 4971 4653
f 4653 4971 4706
f 4758 4647 4972
f 4972 4647 4646
f 4973 4363 4646
f 4646 4363 4972
f 4950 4360 4974
f 4974 4360 4364
f 4431 4335 4746
f 4746 4335 4713
f 4358 4714 4325
f 4325 4714 4321
f 4765 4764 4266
f 4266 4764 4975
f 4202 4976 4203
f 4203 4976 4977
f 4917 4978 4918
f 4918 4978 4979
f 4279 4282 4854
f 4854 4282 4269
f 4820 4880 4817
f 4817 4880 4902
f 4890 4903 4980
f 4980 4903 4886
f 4982 4983 4981
f 4981 4983 4123
f 4795 4851 4796
f 4796 4851 4850
f 4918 4979 4874
f 4874 4979 4881
f 4809 4404 4810
f 4810 4404 4403
f 4354 4985 4984
f 4984 4985 4986
f 1364 1516 4838
f 4838 1516 4987
f 4759 4988 4367
f 4367 4988 4925
f 4989 4990 4481
f 4481 4990 4478
f 4443 4515 4990
f 4990 4515 4991
f 4527 4512 4992
f 4992 4512 4991
f 4528 4503 4992
f 4992 4503 4993
f 4993 4994 4485
f 4485 4994 4482
f 4544 4995 4502
f 4502 4995 4994
f 4995 4996 4550
f 4550 4996 4547
f 4998 4999 4997
f 4997 4999 4566
f 4998 5000 4578
f 4578 5000 4579
f 5001 5002 4596
f 4596 5002 4597
f 5003 4591 5004
f 5004 4591 4610
f 4626 4421 4627
f 4627 4421 4420
f 4837 4838 4627
f 4627 4838 4624
f 4761 4705 4830
f 4830 4705 5005
f 4705 4707 5005
f 5005 4707 5006
f 4308 4721 4075
f 4075 4721 4076
f 5007 4200 4797
f 4797 4200 4798
f 4685 4686 5008
f 5008 4686 5009
f 4889 4890 5010
f 5010 4890 4980
f 4323 1541 4324
f 4324 1541 1540
f 4385 4384 4358
f 4358 4384 4714
f 4396 4758 4840
f 4840 4758 4972
f 4866 4852 5011
f 5011 4852 5012
f 5013 4260 4980
f 4980 4260 5010
f 4875 4878 5014
f 5014 4878 5015
f 5017 5018 5016
f 5016 5018 5019
f 5016 5019 5020
f 5020 5019 5021
f 5023 5024 5022
f 5022 5024 5025
f 5027 5028 5026
f 5026 5028 5029
f 5031 5032 5030
f 5030 5032 5033
f 5035 5036 5034
f 5034 5036 5037
f 5039 5040 5038
f 5038 5040 5041
f 5043 5044 5042
f 5042 5044 5045
f 5038 5046 5039
f 5039 5046 5047
f 5049 5050 5048
f 5048 5050 5051
f 5053 5054 5052
f 5052 5054 5055
f 5057 5024 5056
f 5056 5024 5058
f 5060 5061 5059
f 5059 5061 5062
f 5064 5065 5063
f 5063 5065 5066
f 5043 5050 5064
f 5064 5050 5065
f 5038 5041 5067
f 5067 5041 5068
f 5070 5071 5069
f 5069 5071 5072
f 5074 5075 5073
f 5073 5075 5076
f 5034 5077 5035
f 5035 5077 5078
f 5080 5081 5079
f 5079 5081 5082
f 5084 5085 5083
f 5083 5085 5086
f 5085 5084 5087
f 5087 5084 5088
f 5090 5091 5089
f 5089 5091 5092
f 5094 5095 5093
f 5093 5095 5096
f 5098 5099 5097
f 5097 5099 5100
f 5102 5103 5101
f 5101 5103 5104
f 5105 5106 5108
f 5108 5106 5107
f 5110 5111 5109
f 5109 5111 5112
f 5114 5094 5113
f 5113 5094 5093
f 5116 5117 5115
f 5115 5117 5118
f 5120 5121 5119
f 5119 5121 5122
f 5124 5125 5123
f 5123 5125 5126
f 5128 5129 5127
f 5127 5129 5130
f 5097 5131 5098
f 5098 5131 5132
f 5134 5135 5133
f 5133 5135 5122
f 5084 5125 5088
f 5088 5125 5136
f 5138 5139 5137
f 5137 5139 5140
f 5142 5102 5141
f 5141 5102 5101
f 5106 5143 5107
f 5107 5143 5144
f 5146 5147 5145
f 5145 5147 5148
f 5149 5150 5109
f 5109 5150 5110
f 5151 5110 5152
f 5152 5110 5150
f 4715 5140 4716
f 4716 5140 5139
f 5143 4870 5144
f 5144 4870 4869
f 4115 5146 4116
f 4116 5146 5145
f 4791 4796 5149
f 5149 4796 5150
f 4796 4850 5150
f 5150 4850 5152
f 4858 5142 4859
f 4859 5142 5141
f 5153 5154 5115
f 5115 5154 5105
f 5156 5157 5155
f 5155 5157 5158
f 5159 5160 5053
f 5053 5160 5054
f 5161 5162 5020
f 5020 5162 5068
f 5026 5029 5163
f 5163 5029 5021
f 5083 5086 5164
f 5164 5086 5165
f 5090 5167 5166
f 5166 5167 5168
f 5169 5170 5172
f 5172 5170 5171
f 5174 5175 5173
f 5173 5175 5176
f 5177 5109 5178
f 5178 5109 5112
f 5179 5180 5182
f 5182 5180 5181
f 5123 5126 5120
f 5120 5126 5121
f 5180 5167 5181
f 5181 5167 5183
f 5184 5185 5179
f 5179 5185 5180
f 5186 5149 5177
f 5177 5149 5109
f 4868 5184 4865
f 4865 5184 5179
f 5188 5189 5187
f 5187 5189 5190
f 4277 4791 5186
f 5186 4791 5149
f 5179 5182 4865
f 4865 5182 4853
f 5189 4862 5190
f 5190 4862 4861
f 5156 5075 5191
f 5191 5075 5192
f 5036 5035 5193
f 5193 5035 5194
f 5115 5118 5153
f 5153 5118 5195
f 5022 5025 5196
f 5196 5025 5197
f 5155 5158 5069
f 5069 5158 5062
f 5063 5066 5198
f 5198 5066 5199
f 5073 5076 5200
f 5200 5076 5072
f 5202 5131 5201
f 5201 5131 5203
f 5143 5106 5204
f 5204 5106 5205
f 5114 5113 5206
f 5206 5113 5127
f 5098 5132 5193
f 5193 5132 5195
f 5204 5207 5143
f 5143 5207 4870
f 5088 5136 5208
f 5208 5136 5092
f 5209 5210 5089
f 5089 5210 5183
f 5211 5018 5060
f 5060 5018 5061
f 5017 5040 5070
f 5070 5040 5071
f 5191 5160 5156
f 5156 5160 5157
f 5048 5028 5049
f 5049 5028 5058
f 5207 5204 4858
f 4858 5204 5142
f 4859 5141 4715
f 4715 5141 5140
f 5212 5162 5042
f 5042 5162 5051
f 5182 5152 4853
f 4853 5152 4850
f 5214 5134 5213
f 5213 5134 5133
f 5164 5165 5133
f 5133 5165 5213
f 5215 5216 5201
f 5201 5216 5217
f 5147 5218 5148
f 5148 5218 5219
f 5147 5177 5218
f 5218 5177 5178
f 5141 5101 5140
f 5140 5101 5137
f 5201 5217 5202
f 5202 5217 5104
f 5146 5186 5147
f 5147 5186 5177
f 4277 5186 4115
f 4115 5186 5146
f 5191 5192 5031
f 5031 5192 5032
f 5052 5055 5220
f 5220 5055 5197
f 4116 5145 4869
f 4869 5145 5144
f 5034 5037 5214
f 5214 5037 5134
f 5097 5100 5114
f 5114 5100 5094
f 5108 5107 5219
f 5219 5107 5148
f 5221 5135 5116
f 5116 5135 5117
f 5124 5111 5209
f 5209 5111 5210
f 5107 5144 5148
f 5148 5144 5145
f 5152 5182 5151
f 5151 5182 5181
f 5208 5222 5088
f 5088 5222 5087
f 5222 5208 5171
f 5171 5208 5172
f 5223 1756 4698
f 4698 1756 1755
f 4427 5224 4107
f 4107 5224 4135
f 4178 4679 5225
f 5225 4679 5226
f 5227 5228 4892
f 4892 5228 4893
f 5229 5230 4171
f 4171 5230 4172
f 4855 4268 4884
f 4884 4268 4885
f 4884 4871 4855
f 4855 4871 4856
f 4684 5231 4896
f 4896 5231 4897
f 4768 4767 5009
f 5009 4767 5008
f 5205 5154 5102
f 5102 5154 5103
f 5099 5098 5194
f 5194 5098 5193
f 5198 5199 5079
f 5079 5199 5033
f 5102 5142 5205
f 5205 5142 5204
f 5224 4427 4681
f 4681 4427 4678
f 3712 3711 5232
f 5232 3711 5233
f 3968 3988 3963
f 3963 3988 3964
f 3976 4044 3972
f 3972 4044 3985
f 4038 4037 4036
f 4036 4037 4033
f 4794 4762 3731
f 3731 4762 3944
f 3731 3944 3722
f 3722 3944 3810
f 3874 5234 5232
f 5232 5234 3712
f 3906 3905 3867
f 3867 3905 4011
f 3904 4023 3905
f 3905 4023 4011
f 3719 3722 3811
f 3811 3722 3810
f 3812 3719 3687
f 3687 3719 3811
f 3716 3812 3686
f 3686 3812 3687
f 3713 3716 3685
f 3685 3716 3686
f 4810 4403 5235
f 5235 4403 4813
f 4345 1770 4814
f 4814 1770 1769
f 4067 4066 4058
f 4058 4066 5236
f 4043 4068 4049
f 4049 4068 4050
f 4034 5237 3989
f 3989 5237 3990
f 4031 4030 4072
f 4072 4030 4005
f 4003 4004 4002
f 4002 4004 4032
f 4004 4005 4032
f 4032 4005 4030
f 4067 4064 4068
f 4068 4064 4050
f 4058 4057 4067
f 4067 4057 4064
f 4035 4034 5238
f 5238 4034 3989
f 5236 5239 4058
f 4058 5239 5240
f 5234 3874 5241
f 5241 3874 3873
f 5241 3873 3881
f 3881 3873 3878
f 4800 4763 4788
f 4788 4763 4310
f 4763 4762 4310
f 4310 4762 4309
f 4762 4794 4309
f 4309 4794 4306
f 4794 4793 4306
f 4306 4793 4292
f 4293 4313 4302
f 4302 4313 4314
f 4302 4314 4303
f 4303 4314 4315
f 4303 4315 4703
f 4703 4315 4316
f 4035 4069 4043
f 4043 4069 4068
f 4324 1540 4357
f 4357 1540 1477
f 5232 3987 3874
f 3874 3987 3871
f 3987 5232 4013
f 4013 5232 5233
f 4013 5233 4014
f 4014 5233 5242
f 3888 4015 3865
f 3865 4015 4007
f 3866 4008 5243
f 5243 4008 4016
f 3873 5244 3878
f 3878 5244 3875
f 3965 5244 3872
f 3872 5244 3873
f 3876 3875 3965
f 3965 3875 5244
f 5243 4016 5242
f 5242 4016 4014
f 5246 5247 5245
f 5245 5247 5248
f 3576 3950 3577
f 3577 3950 3926
f 3584 3842 3585
f 3585 3842 3580
f 5249 5247 1784
f 1784 5247 1785
f 5250 5251 5253
f 5253 5251 5252
f 5255 5252 5254
f 5254 5252 5256
f 5254 5256 5258
f 5258 5256 5257
f 5258 5257 5260
f 5260 5257 5259
f 4356 5261 4424
f 4424 5261 5259
f 4355 5262 4356
f 4356 5262 5261
f 4924 5264 5263
f 5263 5264 5265
f 4693 5266 4691
f 4691 5266 5267
f 4351 5268 4352
f 4352 5268 5269
f 1808 1807 4351
f 4351 1807 5268
f 3580 3842 3581
f 3799 3802 3838
f 4800 4788 4801
f 4801 4788 4789
f 3729 3935 4801
f 4801 3935 4800
f 3728 3666 3729
f 3729 3666 3935
f 3728 3798 3666
f 3666 3798 3663
f 3798 3818 3663
f 3663 3818 3809
f 3818 3817 3809
f 3809 3817 3808
f 3796 3655 3817
f 3817 3655 3808
f 3615 3568 3796
f 3796 3568 3655
f 3573 3569 3615
f 3615 3569 3568
f 3572 3613 3573
f 3573 3613 3569
f 3792 3606 3572
f 3572 3606 3613
f 3607 3791 3949
f 3949 3791 3591
f 3590 3950 3591
f 3591 3950 3949
f 3805 3926 3590
f 3590 3926 3950
f 3804 3559 3805
f 3805 3559 3926
f 3804 3914 3559
f 3559 3914 3560
f 3924 3789 3913
f 3913 3789 3788
f 3924 3928 3789
f 3789 3928 3826
f 3928 3927 3826
f 3826 3927 3827
f 3927 3834 3827
f 3827 3834 3835
f 4079 4078 5270
f 5270 4078 5007
f 5271 5272 4233
f 4233 5272 5273
f 5275 5276 5274
f 5274 5276 5277
f 5278 5279 4236
f 4236 5279 4237
f 5278 5280 5271
f 5271 5280 5272
f 4235 5281 4236
f 4236 5281 5282
f 5284 5285 5283
f 5283 5285 5286
f 5288 5289 5287
f 5287 5289 5290
f 5292 5293 5291
f 5291 5293 5294
f 5287 5290 4726
f 4726 5290 5295
f 4293 4292 4313
f 4313 4292 4793
f 4720 4736 4719
f 4719 4736 5296
f 5297 4909 5298
f 5298 4909 4908
f 5299 5300 4976
f 4976 5300 5301
f 5302 4202 5303
f 5303 4202 4201
f 5304 5305 4983
f 4983 5305 5306
f 5308 5309 5307
f 5307 5309 5310
f 4722 4725 5283
f 5283 4725 5311
f 5291 5294 4125
f 4125 5294 4126
f 5313 5314 5312
f 5312 5314 5315
f 5316 5317 5319
f 5319 5317 5318
f 5321 5308 5320
f 5320 5308 5307
f 4819 4981 4873
f 4873 4981 5322
f 4981 4123 5322
f 5322 4123 4126
f 5324 5325 5323
f 5323 5325 5326
f 4764 5327 4975
f 4975 5327 5328
f 4172 5327 4169
f 4169 5327 5329
f 4768 4171 4769
f 4769 4171 4170
f 4243 4755 4244
f 4244 4755 5330
f 4755 4205 5330
f 5330 4205 4208
f 4206 4906 4207
f 4207 4906 4905
f 4686 5014 5009
f 5009 5014 5229
f 4756 4770 4170
f 4170 4770 4769
f 4170 4169 4756
f 4756 4169 4757
f 4273 5329 4764
f 4764 5329 5327
f 4276 5331 4273
f 4273 5331 5329
f 4770 4756 4243
f 4243 4756 4755
f 5333 4889 5332
f 5332 4889 5010
f 4877 5332 4878
f 4878 5332 4259
f 4875 4164 4876
f 4876 4164 4163
f 5334 5335 5324
f 5324 5335 5325
f 4983 5306 4123
f 4123 5306 4124
f 4818 4982 4819
f 4819 4982 4981
f 5332 5010 4259
f 4259 5010 4260
f 5014 4686 4875
f 4875 4686 4164
f 4171 4768 5229
f 5229 4768 5009
f 5337 4916 5336
f 5336 4916 4919
f 5293 5337 5294
f 5294 5337 5336
f 4982 4818 5333
f 5333 4818 4889
f 5338 5339 4262
f 4262 5339 5340
f 5307 5310 5338
f 5338 5310 5339
f 5341 5342 4204
f 4204 5342 5309
f 5336 4919 5322
f 5322 4919 4873
f 5294 5336 4126
f 4126 5336 5322
f 5323 5326 5343
f 5343 5326 5286
f 4914 5344 4915
f 4915 5344 5345
f 5312 5315 5344
f 5344 5315 5345
f 5347 5348 5346
f 5346 5348 5349
f 5350 5351 4832
f 4832 5351 4833
f 5352 5353 5349
f 5349 5353 5346
f 5354 5338 4265
f 4265 5338 4262
f 5320 5307 5354
f 5354 5307 5338
f 4201 5308 5303
f 5303 5308 5321
f 5356 5357 5355
f 5355 5357 4799
f 5358 5359 5334
f 5334 5359 5335
f 5358 5360 4093
f 4093 5360 4163
f 5360 5305 4163
f 4163 5305 4876
f 5305 5304 4876
f 4876 5304 4877
f 5270 4778 4079
f 4079 4778 4081
f 4779 5361 4774
f 4774 5361 5357
f 5356 5359 4775
f 4775 5359 4092
f 5333 5304 4982
f 4982 5304 4983
f 5332 4877 5333
f 5333 4877 5304
f 5015 4258 5230
f 5230 4258 5328
f 5327 4172 5328
f 5328 4172 5230
f 4169 5329 4757
f 4757 5329 5331
f 4757 5331 4205
f 4205 5331 4206
f 5331 4276 4206
f 4206 4276 4906
f 4276 4275 4906
f 4906 4275 4907
f 4275 4888 4907
f 4907 4888 4744
f 4887 4717 4745
f 4745 4717 4864
f 4716 5139 4861
f 4861 5139 5190
f 5139 5138 5190
f 5190 5138 5187
f 5138 5216 5187
f 5187 5216 5176
f 5215 5362 5173
f 5173 5362 5130
f 5364 5365 5363
f 5363 5365 5340
f 4742 4863 5366
f 5366 4863 4867
f 4862 5189 4868
f 4868 5189 5184
f 5189 5188 5184
f 5184 5188 5185
f 5188 5175 5185
f 5185 5175 5168
f 3560 3788 3561
f 3561 3788 3790
f 3596 3595 3608
f 3608 3595 3594
f 3598 3582 3595
f 3595 3582 3592
f 3600 3609 3601
f 3601 3609 3611
f 3602 3601 3612
f 3612 3601 3611
f 3606 3605 3613
f 3613 3605 3614
f 3793 5367 3794
f 3794 5367 5368
f 3598 3597 3600
f 3600 3597 3609
f 3793 3792 3575
f 3575 3792 3572
f 3561 3594 3558
f 3558 3594 3593
f 3807 3915 3804
f 3804 3915 3914
f 3916 3915 5370
f 5370 3915 5369
f 3602 3605 3603
f 3603 3605 3604
f 3606 3792 3607
f 3607 3792 3791
f 3914 3913 3560
f 3560 3913 3788
f 5174 5129 5166
f 5166 5129 5371
f 5170 5169 5093
f 5093 5169 5113
f 5166 5371 5090
f 5090 5371 5091
f 5128 5169 5372
f 5372 5169 5172
f 5127 5113 5128
f 5128 5113 5169
f 5114 5206 5203
f 5203 5206 5362
f 5200 5373 5073
f 5073 5373 5096
f 5374 5375 5200
f 5200 5375 5373
f 5039 5047 5374
f 5374 5047 5375
f 5087 5046 5085
f 5085 5046 5376
f 5212 5377 5067
f 5067 5377 5376
f 5042 5045 5212
f 5212 5045 5377
f 5064 5378 5043
f 5043 5378 5044
f 5063 5077 5064
f 5064 5077 5378
f 5079 5082 5198
f 5198 5082 5078
f 5099 5081 5100
f 5100 5081 5379
f 5100 5379 5094
f 5094 5379 5095
f 5381 5382 5380
f 5380 5382 5383
f 5385 5386 5384
f 5384 5386 5383
f 5385 5387 5386
f 5386 5387 5388
f 5390 5391 5389
f 5389 5391 5392
f 5393 5394 5396
f 5396 5394 5395
f 5398 5399 5397
f 5397 5399 5400
f 5402 5403 5401
f 5401 5403 5404
f 5406 5407 5405
f 5405 5407 5404
f 5408 5409 5163
f 5163 5409 5410
f 5411 5412 5414
f 5414 5412 5413
f 5057 5416 5415
f 5415 5416 5417
f 5393 5416 5418
f 5418 5416 5419
f 5396 5395 5420
f 5420 5395 5421
f 5423 5424 5422
f 5422 5424 5425
f 5415 5417 5220
f 5220 5417 5426
f 5418 5391 5393
f 5393 5391 5394
f 5414 5388 5411
f 5411 5388 5392
f 5059 5427 5060
f 5060 5427 5428
f 5423 5427 5429
f 5429 5427 5430
f 5432 5382 5431
f 5431 5382 5425
f 5429 5407 5423
f 5423 5407 5424
f 5380 5409 5381
f 5381 5409 5433
f 5381 5433 5422
f 5422 5433 5428
f 5027 5412 5056
f 5056 5412 5419
f 5435 5436 5434
f 5434 5436 5437
f 5159 5439 5438
f 5438 5439 5440
f 5053 5436 5159
f 5159 5436 5439
f 5441 5403 5398
f 5398 5403 5399
f 5163 5410 5026
f 5026 5410 5413
f 5438 5440 5442
f 5442 5440 5430
f 5444 5445 5443
f 5443 5445 5446
f 5447 5448 5450
f 5450 5448 5449
f 5451 5446 5452
f 5452 5446 5445
f 5454 5455 5453
f 5453 5455 5451
f 5456 5454 5458
f 5458 5454 5457
f 5460 5461 5459
f 5459 5461 5462
f 5464 5465 5463
f 5463 5465 5466
f 5468 5469 5467
f 5467 5469 5470
f 5472 5473 5471
f 5471 5473 5474
f 5475 5476 5478
f 5478 5476 5477
f 5479 5480 5482
f 5482 5480 5481
f 5483 5484 5448
f 5448 5484 5485
f 5448 5485 5449
f 5449 5485 5486
f 5487 5476 5488
f 5488 5476 5475
f 5490 5491 5489
f 5489 5491 5492
f 5494 5495 5493
f 5493 5495 5496
f 5498 5494 5497
f 5497 5494 5493
f 5500 5501 5499
f 5499 5501 5502
f 5503 5504 5446
f 5446 5504 5443
f 5506 5507 5505
f 5505 5507 5508
f 5510 5511 5509
f 5509 5511 5512
f 5514 5515 5513
f 5513 5515 5516
f 5518 5519 5517
f 5517 5519 5520
f 5495 5521 5496
f 5496 5521 5522
f 5524 5525 5523
f 5523 5525 5526
f 5527 5528 5494
f 5494 5528 5495
f 5499 5502 5529
f 5529 5502 5530
f 5531 5532 5485
f 5485 5532 5486
f 5485 5484 5531
f 5531 5484 5533
f 5482 5481 5534
f 5534 5481 5535
f 5536 5512 5506
f 5506 5512 5511
f 5455 5503 5451
f 5451 5503 5446
f 5467 5470 5511
f 5511 5470 5537
f 5538 5467 5510
f 5510 5467 5511
f 5540 5541 5539
f 5539 5541 5542
f 5543 5544 5546
f 5546 5544 5545
f 5548 5472 5547
f 5547 5472 5471
f 5493 5496 5549
f 5549 5496 5550
f 5496 5522 5550
f 5550 5522 5551
f 5553 5554 5552
f 5552 5554 5555
f 5557 5447 5556
f 5556 5447 5558
f 5557 5483 5447
f 5447 5483 5448
f 5478 5477 5553
f 5553 5477 5559
f 5477 5560 5559
f 5559 5560 5561
f 5476 5562 5477
f 5477 5562 5560
f 5476 5487 5562
f 5562 5487 5563
f 5560 5564 5561
f 5561 5564 5565
f 5564 5560 5566
f 5566 5560 5562
f 5563 5567 5562
f 5562 5567 5566
f 5569 5521 5568
f 5568 5521 5570
f 5481 5572 5571
f 5571 5572 5573
f 5574 5535 5571
f 5571 5535 5481
f 5576 5577 5575
f 5575 5577 5578
f 5579 5580 5456
f 5456 5580 5581
f 5475 5582 5488
f 5488 5582 5583
f 5584 5536 5505
f 5505 5536 5506
f 5585 5586 5588
f 5588 5586 5587
f 5590 5591 5589
f 5589 5591 5592
f 5519 5593 5520
f 5520 5593 5594
f 5595 5596 5462
f 5462 5596 5597
f 5599 5600 5598
f 5598 5600 5514
f 5602 5603 5601
f 5601 5603 5604
f 5524 5543 5525
f 5525 5543 5546
f 5543 5524 5606
f 5606 5524 5605
f 5607 5608 5500
f 5500 5608 5501
f 5610 5551 5609
f 5609 5551 5522
f 5611 5510 5598
f 5598 5510 5509
f 5612 5597 5457
f 5457 5597 5458
f 5510 5611 5538
f 5538 5611 5613
f 5580 5508 5581
f 5581 5508 5507
f 5615 5616 5614
f 5614 5616 5617
f 5619 5620 5618
f 5618 5620 5621
f 5623 5624 5622
f 5622 5624 5625
f 5627 5624 5626
f 5626 5624 5623
f 5629 5630 5628
f 5628 5630 5631
f 5633 5634 5632
f 5632 5634 5466
f 5635 5636 5463
f 5463 5636 5637
f 5523 5638 5524
f 5524 5638 5605
f 5639 5640 5641
f 5641 5640 5595
f 5611 5513 5613
f 5613 5513 5642
f 5643 5586 5608
f 5608 5586 5501
f 5622 5625 5590
f 5590 5625 5591
f 5598 5514 5611
f 5611 5514 5513
f 5645 5646 5644
f 5644 5646 5647
f 5620 5619 5491
f 5491 5619 5648
f 5649 5643 5492
f 5492 5643 5608
f 5650 5651 5653
f 5653 5651 5652
f 5463 5466 5635
f 5635 5466 5634
f 5597 5612 5462
f 5462 5612 5459
f 5635 5634 5523
f 5523 5634 5638
f 5654 5638 5633
f 5633 5638 5634
f 5655 5656 5525
f 5525 5656 5526
f 5658 5659 5657
f 5657 5659 5527
f 5660 5464 5637
f 5637 5464 5463
f 5632 5466 5661
f 5661 5466 5465
f 5661 5662 5632
f 5632 5662 5658
f 5662 5663 5658
f 5658 5663 5659
f 5665 5659 5664
f 5664 5659 5663
f 5632 5658 5633
f 5633 5658 5657
f 5666 5629 5530
f 5530 5629 5667
f 5528 5527 5665
f 5665 5527 5659
f 5668 5669 5570
f 5570 5669 5568
f 5669 5668 5670
f 5670 5668 5671
f 5646 5672 5673
f 5672 5674 5673
f 5673 5674 5675
f 5674 5460 5675
f 5675 5460 5459
f 5461 5676 5462
f 5462 5676 5595
f 5677 5678 5680
f 5680 5678 5679
f 5628 5681 5629
f 5629 5681 5667
f 5682 5529 5667
f 5667 5529 5530
f 5675 5459 5683
f 5683 5459 5612
f 5585 5666 5502
f 5502 5666 5530
f 5589 5684 5602
f 5602 5684 5603
f 5646 5645 5663
f 5663 5645 5664
f 5685 5647 5673
f 5673 5647 5646
f 5686 5687 5683
f 5683 5687 5685
f 5688 5689 5533
f 5533 5689 5531
f 5690 5691 5535
f 5535 5691 5534
f 5692 5690 5574
f 5574 5690 5535
f 5685 5687 5689
f 5689 5687 5693
f 5489 5694 5490
f 5490 5694 5695
f 5690 5692 5696
f 5696 5692 5697
f 5696 5644 5690
f 5690 5644 5691
f 5447 5450 5558
f 5558 5450 5698
f 5699 5700 5642
f 5642 5700 5613
f 5701 5702 5540
f 5540 5702 5541
f 5431 5703 5432
f 5432 5703 5697
f 5385 5384 5574
f 5574 5384 5692
f 5389 5387 5573
f 5573 5387 5571
f 5565 5390 5573
f 5573 5390 5389
f 5390 5565 5704
f 5704 5565 5564
f 5566 5705 5564
f 5564 5705 5704
f 5569 5441 5609
f 5609 5441 5398
f 5568 5405 5569
f 5569 5405 5441
f 5670 5706 5669
f 5669 5706 5406
f 5703 5431 5670
f 5670 5431 5706
f 5432 5697 5384
f 5384 5697 5692
f 5574 5571 5385
f 5385 5571 5387
f 5607 5707 5489
f 5489 5707 5694
f 5518 5708 5519
f 5519 5708 5709
f 5711 5576 5710
f 5710 5576 5575
f 5713 5714 5712
f 5712 5714 5715
f 5553 5552 5478
f 5478 5552 5716
f 5717 5475 5716
f 5716 5475 5478
f 5718 5719 5605
f 5605 5719 5606
f 5505 5622 5584
f 5584 5622 5590
f 5508 5623 5505
f 5505 5623 5622
f 5626 5623 5580
f 5580 5623 5508
f 5580 5579 5626
f 5626 5579 5720
f 5579 5721 5720
f 5720 5721 5722
f 5666 5585 5723
f 5723 5585 5588
f 5724 5725 5639
f 5639 5725 5640
f 5554 5726 5555
f 5555 5726 5727
f 5453 5728 5729
f 5689 5688 5685
f 5685 5688 5647
f 5604 5730 5512
f 5512 5730 5509
f 5628 5631 5618
f 5618 5631 5592
f 5601 5604 5536
f 5536 5604 5512
f 5732 5676 5731
f 5731 5676 5660
f 5730 5604 5733
f 5733 5604 5603
f 5563 5487 5551
f 5551 5487 5550
f 5489 5492 5607
f 5607 5492 5608
f 5573 5572 5565
f 5565 5572 5561
f 5609 5522 5569
f 5569 5522 5521
f 5499 5734 5500
f 5500 5734 5735
f 5596 5736 5721
f 5721 5736 5722
f 5737 5600 5594
f 5594 5600 5520
f 5599 5730 5517
f 5517 5730 5733
f 5660 5738 5731
f 5731 5738 5739
f 5648 5649 5491
f 5491 5649 5492
f 5501 5586 5502
f 5502 5586 5585
f 5525 5546 5655
f 5655 5546 5740
f 5600 5599 5520
f 5520 5599 5517
f 5708 5739 5709
f 5709 5739 5738
f 5636 5635 5526
f 5526 5635 5523
f 5670 5671 5703
f 5703 5671 5741
f 5490 5695 5742
f 5742 5695 5743
f 5682 5678 5744
f 5744 5678 5677
f 5678 5681 5679
f 5679 5681 5621
f 5742 5743 5679
f 5679 5743 5680
f 5618 5621 5628
f 5628 5621 5681
f 5725 5724 5589
f 5589 5724 5684
f 5456 5458 5579
f 5579 5458 5721
f 5675 5683 5673
f 5673 5683 5685
f 5529 5682 5745
f 5745 5682 5744
f 5721 5458 5596
f 5596 5458 5597
f 5701 5540 5719
f 5719 5540 5606
f 5703 5741 5697
f 5697 5741 5696
f 5500 5735 5607
f 5607 5735 5707
f 5549 5746 5493
f 5493 5746 5497
f 5700 5747 5613
f 5613 5747 5538
f 5420 5421 5434
f 5434 5421 5400
f 5689 5693 5531
f 5531 5693 5532
f 5705 5566 5748
f 5748 5566 5567
f 5609 5398 5610
f 5610 5398 5397
f 5669 5406 5568
f 5568 5406 5405
f 5488 5583 5549
f 5549 5583 5746
f 5714 5713 5710
f 5710 5713 5711
f 5747 5468 5538
f 5538 5468 5467
f 5548 5547 5749
f 5749 5547 5750
f 5733 5603 5751
f 5751 5603 5684
f 5589 5602 5590
f 5590 5602 5584
f 5636 5752 5614
f 5614 5752 5615
f 5753 5754 5738
f 5738 5754 5755
f 5602 5601 5584
f 5584 5601 5536
f 5723 5736 5630
f 5630 5736 5640
f 5595 5640 5596
f 5596 5640 5736
f 5734 5499 5745
f 5745 5499 5529
f 5627 5587 5643
f 5643 5587 5586
f 5553 5559 5554
f 5554 5559 5480
f 5559 5561 5480
f 5480 5561 5572
f 5554 5480 5726
f 5726 5480 5479
f 5749 5750 5715
f 5715 5750 5712
f 5683 5612 5686
f 5686 5612 5457
f 5678 5682 5681
f 5681 5682 5667
f 5598 5509 5599
f 5599 5509 5730
f 5679 5621 5742
f 5742 5621 5620
f 5652 5616 5653
f 5653 5616 5615
f 5220 5426 5052
f 5052 5426 5437
f 5487 5488 5550
f 5550 5488 5549
f 5742 5620 5490
f 5490 5620 5491
f 5551 5610 5563
f 5563 5610 5567
f 5610 5397 5567
f 5567 5397 5748
f 5614 5617 5753
f 5753 5617 5754
f 5480 5572 5481
f 5755 5756 5738
f 5738 5756 5709
f 5745 5744 5758
f 5758 5744 5757
f 5745 5758 5734
f 5734 5758 5759
f 5735 5734 5760
f 5760 5734 5759
f 5707 5735 5761
f 5761 5735 5760
f 5744 5677 5757
f 5757 5677 5762
f 5677 5680 5762
f 5762 5680 5763
f 5763 5680 5764
f 5764 5680 5743
f 5765 5766 5762
f 5762 5766 5757
f 5768 5769 5767
f 5767 5769 5770
f 5771 5772 5770
f 5770 5772 5767
f 5770 5769 5774
f 5774 5769 5773
f 5775 5776 5774
f 5774 5776 5777
f 5773 5778 5774
f 5774 5778 5775
f 5779 5766 5773
f 5773 5766 5778
f 5777 5771 5774
f 5774 5771 5770
f 5780 5781 5783
f 5783 5781 5782
f 5781 5780 5771
f 5771 5780 5772
f 5773 5769 5779
f 5779 5769 5768
f 5768 5759 5779
f 5779 5759 5758
f 5768 5784 5759
f 5759 5784 5760
f 5767 5785 5768
f 5768 5785 5784
f 5785 5767 5786
f 5786 5767 5772
f 5766 5779 5757
f 5757 5779 5758
f 5780 5787 5772
f 5772 5787 5786
f 5785 5786 5788
f 5788 5786 5789
f 5786 5787 5789
f 5789 5787 5790
f 5788 5789 5791
f 5791 5789 5792
f 5791 5793 5788
f 5788 5793 5794
f 5795 5792 5790
f 5790 5792 5789
f 5785 5788 5784
f 5784 5788 5794
f 5784 5794 5760
f 5760 5794 5761
f 5787 5780 5796
f 5796 5780 5783
f 5775 5778 5797
f 5797 5778 5766
f 5797 5798 5775
f 5775 5798 5776
f 5766 5765 5797
f 5797 5765 5799
f 5798 5797 5800
f 5800 5797 5799
f 5798 5801 5776
f 5776 5801 5802
f 5707 5761 5694
f 5694 5761 5803
f 5695 5804 5743
f 5743 5804 5764
f 5804 5695 5803
f 5803 5695 5694
f 5803 5793 5804
f 5804 5793 5805
f 5793 5791 5805
f 5805 5791 5806
f 5804 5805 5764
f 5764 5805 5807
f 5803 5761 5793
f 5793 5761 5794
f 5808 5763 5807
f 5807 5763 5764
f 5808 5765 5763
f 5763 5765 5762
f 5809 5799 5808
f 5808 5799 5765
f 5809 5808 5810
f 5810 5808 5807
f 5811 5809 5812
f 5812 5809 5810
f 5805 5806 5807
f 5807 5806 5810
f 5806 5813 5810
f 5810 5813 5812
f 5799 5809 5800
f 5800 5809 5811
f 5815 5800 5814
f 5814 5800 5811
f 5814 5817 5816
f 5816 5817 5818
f 5814 5811 5817
f 5817 5811 5812
f 5814 5816 5815
f 5815 5816 5796
f 5815 5796 5801
f 5801 5796 5783
f 5801 5798 5815
f 5815 5798 5800
f 5791 5792 5806
f 5806 5792 5813
f 5818 5813 5795
f 5795 5813 5792
f 5818 5817 5813
f 5813 5817 5812
f 5816 5818 5790
f 5790 5818 5795
f 5790 5787 5816
f 5816 5787 5796
f 5771 5777 5781
f 5781 5777 5782
f 5782 5802 5783
f 5783 5802 5801
f 5782 5777 5802
f 5802 5777 5776
f 5588 5587 5722
f 5722 5587 5720
f 5591 5619 5592
f 5592 5619 5618
f 5625 5624 5648
f 5648 5624 5649
f 5624 5627 5649
f 5649 5627 5643
f 5631 5630 5725
f 5725 5630 5640
f 5625 5648 5591
f 5591 5648 5619
f 5588 5722 5723
f 5723 5722 5736
f 5631 5725 5592
f 5592 5725 5589
f 5723 5630 5666
f 5666 5630 5629
f 5587 5627 5720
f 5720 5627 5626
f 5820 5821 5819
f 5819 5821 5822
f 5824 5825 5823
f 5823 5825 5826
f 5823 5826 5827
f 5827 5826 5828
f 5829 5830 5832
f 5832 5830 5831
f 5518 5833 5708
f 5708 5833 5834
f 5835 5836 5824
f 5824 5836 5825
f 5838 5839 5837
f 5837 5839 5840
f 5751 5684 5842
f 5842 5684 5841
f 5843 5841 5724
f 5724 5841 5684
f 5845 5846 5844
f 5844 5846 5847
f 5848 5830 5836
f 5836 5830 5825
f 5518 5751 5833
f 5833 5751 5842
f 5839 5838 5821
f 5821 5838 5849
f 5850 5848 5822
f 5822 5848 5836
f 5851 5845 5828
f 5828 5845 5852
f 5854 5855 5853
f 5853 5855 5856
f 5845 5844 5852
f 5852 5844 5857
f 5858 5827 5852
f 5852 5827 5828
f 5851 5828 5829
f 5829 5828 5826
f 5819 5859 5820
f 5820 5859 5860
f 5835 5861 5819
f 5819 5861 5859
f 5851 5829 5862
f 5862 5829 5832
f 5844 5847 5837
f 5837 5847 5834
f 5819 5822 5835
f 5835 5822 5836
f 5823 5863 5824
f 5824 5863 5864
f 5849 5850 5821
f 5821 5850 5822
f 5825 5830 5826
f 5826 5830 5829
f 5820 5860 5865
f 5865 5860 5866
f 5858 5854 5867
f 5867 5854 5853
f 5854 5857 5855
f 5855 5857 5840
f 5855 5865 5856
f 5856 5865 5866
f 5837 5840 5844
f 5844 5840 5857
f 5827 5858 5868
f 5868 5858 5867
f 5824 5864 5835
f 5835 5864 5861
f 5732 5731 5862
f 5862 5731 5846
f 5863 5823 5868
f 5868 5823 5827
f 5843 5831 5848
f 5848 5831 5830
f 5854 5858 5857
f 5857 5858 5852
f 5855 5840 5865
f 5865 5840 5839
f 5865 5839 5820
f 5820 5839 5821
f 5868 5867 5870
f 5870 5867 5869
f 5868 5870 5863
f 5863 5870 5871
f 5863 5871 5864
f 5864 5871 5872
f 5864 5872 5861
f 5861 5872 5873
f 5867 5853 5869
f 5869 5853 5874
f 5853 5856 5874
f 5874 5856 5875
f 5856 5866 5875
f 5875 5866 5876
f 5877 5878 5874
f 5874 5878 5869
f 5880 5881 5879
f 5879 5881 5882
f 5883 5884 5880
f 5880 5884 5881
f 5881 5884 5886
f 5886 5884 5885
f 5887 5888 5886
f 5886 5888 5889
f 5885 5890 5886
f 5886 5890 5887
f 5889 5882 5886
f 5886 5882 5881
f 5882 5891 5879
f 5879 5891 5892
f 5885 5884 5893
f 5893 5884 5883
f 5883 5871 5893
f 5893 5871 5870
f 5883 5894 5871
f 5871 5894 5872
f 5880 5895 5883
f 5883 5895 5894
f 5896 5895 5879
f 5879 5895 5880
f 5893 5878 5885
f 5885 5878 5890
f 5878 5893 5869
f 5869 5893 5870
f 5897 5896 5892
f 5892 5896 5879
f 5895 5896 5898
f 5898 5896 5899
f 5896 5897 5899
f 5899 5897 5900
f 5898 5899 5901
f 5901 5899 5902
f 5901 5903 5898
f 5898 5903 5904
f 5900 5905 5899
f 5899 5905 5902
f 5898 5904 5895
f 5895 5904 5894
f 5894 5904 5872
f 5872 5904 5873
f 5897 5892 5907
f 5907 5892 5906
f 5892 5891 5906
f 5906 5891 5908
f 5887 5890 5909
f 5909 5890 5878
f 5888 5887 5910
f 5910 5887 5909
f 5878 5877 5909
f 5909 5877 5911
f 5909 5911 5910
f 5910 5911 5912
f 5913 5914 5910
f 5910 5914 5888
f 5908 5914 5906
f 5906 5914 5913
f 5861 5873 5859
f 5859 5873 5915
f 5860 5916 5866
f 5866 5916 5876
f 5916 5860 5915
f 5915 5860 5859
f 5915 5903 5916
f 5916 5903 5917
f 5903 5901 5917
f 5917 5901 5918
f 5916 5917 5876
f 5876 5917 5919
f 5903 5915 5904
f 5904 5915 5873
f 5920 5875 5919
f 5919 5875 5876
f 5920 5877 5875
f 5875 5877 5874
f 5920 5921 5877
f 5877 5921 5911
f 5921 5920 5922
f 5922 5920 5919
f 5923 5921 5924
f 5924 5921 5922
f 5917 5918 5919
f 5919 5918 5922
f 5918 5925 5922
f 5922 5925 5924
f 5921 5923 5911
f 5911 5923 5912
f 5927 5912 5926
f 5926 5912 5923
f 5926 5929 5928
f 5928 5929 5930
f 5926 5923 5929
f 5929 5923 5924
f 5926 5928 5927
f 5927 5928 5907
f 5927 5907 5913
f 5913 5907 5906
f 5913 5910 5927
f 5927 5910 5912
f 5901 5902 5918
f 5918 5902 5925
f 5930 5925 5905
f 5905 5925 5902
f 5930 5929 5925
f 5925 5929 5924
f 5928 5930 5900
f 5900 5930 5905
f 5900 5897 5928
f 5928 5897 5907
f 5882 5889 5891
f 5891 5889 5908
f 5908 5889 5914
f 5914 5889 5888
f 5832 5831 5641
f 5641 5831 5639
f 5833 5838 5834
f 5834 5838 5837
f 5842 5841 5849
f 5849 5841 5850
f 5841 5843 5850
f 5850 5843 5848
f 5847 5846 5739
f 5739 5846 5731
f 5842 5849 5833
f 5833 5849 5838
f 5862 5832 5732
f 5732 5832 5641
f 5847 5739 5834
f 5834 5739 5708
f 5862 5846 5851
f 5851 5846 5845
f 5831 5843 5639
f 5639 5843 5724
f 5676 5732 5595
f 5595 5732 5641
f 5676 5461 5660
f 5660 5461 5464
f 5461 5460 5464
f 5464 5460 5465
f 5460 5674 5465
f 5465 5674 5661
f 5931 5932 5934
f 5934 5932 5933
f 5936 5937 5935
f 5935 5937 5938
f 5935 5938 5939
f 5939 5938 5940
f 5942 5943 5941
f 5941 5943 5944
f 5945 5946 5936
f 5936 5946 5937
f 5948 5949 5947
f 5947 5949 5950
f 5951 5952 5519
f 5519 5952 5593
f 5953 5951 5709
f 5709 5951 5519
f 5955 5956 5954
f 5954 5956 5957
f 5958 5942 5946
f 5946 5942 5937
f 5948 5959 5949
f 5949 5959 5933
f 5960 5958 5934
f 5934 5958 5946
f 5961 5955 5940
f 5940 5955 5962
f 5963 5964 5966
f 5966 5964 5965
f 5955 5954 5962
f 5962 5954 5967
f 5968 5939 5962
f 5962 5939 5940
f 5961 5940 5941
f 5941 5940 5938
f 5931 5969 5932
f 5932 5969 5970
f 5945 5971 5931
f 5931 5971 5969
f 5941 5944 5961
f 5961 5944 5972
f 5954 5957 5947
f 5947 5957 5973
f 5945 5931 5946
f 5946 5931 5934
f 5935 5974 5936
f 5936 5974 5975
f 5959 5960 5933
f 5933 5960 5934
f 5937 5942 5938
f 5938 5942 5941
f 5932 5970 5976
f 5976 5970 5977
f 5968 5964 5978
f 5978 5964 5963
f 5965 5964 5950
f 5950 5964 5967
f 5976 5977 5965
f 5965 5977 5966
f 5947 5950 5954
f 5954 5950 5967
f 5939 5968 5979
f 5979 5968 5978
f 5936 5975 5945
f 5945 5975 5971
f 5972 5754 5956
f 5956 5754 5617
f 5974 5935 5979
f 5979 5935 5939
f 5953 5943 5958
f 5958 5943 5942
f 5964 5968 5967
f 5967 5968 5962
f 5965 5950 5976
f 5976 5950 5949
f 5976 5949 5932
f 5932 5949 5933
f 5979 5978 5981
f 5981 5978 5980
f 5979 5981 5974
f 5974 5981 5982
f 5974 5982 5975
f 5975 5982 5983
f 5975 5983 5971
f 5971 5983 5984
f 5978 5963 5980
f 5980 5963 5985
f 5963 5966 5985
f 5985 5966 5986
f 5986 5966 5987
f 5987 5966 5977
f 5988 5989 5985
f 5985 5989 5980
f 5991 5992 5990
f 5990 5992 5993
f 5994 5995 5991
f 5991 5995 5992
f 5992 5995 5997
f 5997 5995 5996
f 5998 5999 5997
f 5997 5999 6000
f 5996 6001 5997
f 5997 6001 5998
f 6000 5993 5997
f 5997 5993 5992
f 6002 6003 5993
f 5993 6003 5990
f 5995 5994 5996
f 5996 5994 6004
f 5994 5982 6004
f 6004 5982 5981
f 5994 6005 5982
f 5982 6005 5983
f 5991 6006 5994
f 5994 6006 6005
f 6006 5991 6007
f 6007 5991 5990
f 5996 6004 6001
f 6001 6004 5989
f 5989 6004 5980
f 5980 6004 5981
f 6003 6008 5990
f 5990 6008 6007
f 6009 6006 6010
f 6010 6006 6007
f 6008 6011 6007
f 6007 6011 6010
f 6012 6009 6013
f 6013 6009 6010
f 6009 6012 6015
f 6015 6012 6014
f 6011 6016 6010
f 6010 6016 6013
f 6006 6009 6005
f 6005 6009 6015
f 6005 6015 5983
f 5983 6015 5984
f 6008 6003 6018
f 6018 6003 6017
f 6003 6002 6017
f 6017 6002 6019
f 5998 6001 6020
f 6020 6001 5989
f 5999 5998 6021
f 6021 5998 6020
f 5989 5988 6020
f 6020 5988 6022
f 6021 6020 6023
f 6023 6020 6022
f 6021 6024 5999
f 5999 6024 6025
f 6019 6025 6017
f 6017 6025 6024
f 5971 5984 5969
f 5969 5984 6026
f 5970 6027 5977
f 5977 6027 5987
f 6027 5970 6026
f 6026 5970 5969
f 6026 6014 6027
f 6027 6014 6028
f 6014 6012 6028
f 6028 6012 6029
f 6027 6028 5987
f 5987 6028 6030
f 6026 5984 6014
f 6014 5984 6015
f 6031 5986 6030
f 6030 5986 5987
f 6031 5988 5986
f 5986 5988 5985
f 6032 6022 6031
f 6031 6022 5988
f 6032 6031 6033
f 6033 6031 6030
f 6034 6032 6035
f 6035 6032 6033
f 6028 6029 6030
f 6030 6029 6033
f 6029 6036 6033
f 6033 6036 6035
f 6032 6034 6022
f 6022 6034 6023
f 6038 6023 6037
f 6037 6023 6034
f 6037 6040 6039
f 6039 6040 6041
f 6037 6034 6040
f 6040 6034 6035
f 6037 6039 6038
f 6038 6039 6018
f 6038 6018 6024
f 6024 6018 6017
f 6024 6021 6038
f 6038 6021 6023
f 6012 6013 6029
f 6029 6013 6036
f 6041 6036 6016
f 6016 6036 6013
f 6041 6040 6036
f 6036 6040 6035
f 6041 6016 6039
f 6039 6016 6011
f 6011 6008 6039
f 6039 6008 6018
f 5993 6000 6002
f 6002 6000 6019
f 6019 6000 6025
f 6025 6000 5999
f 5943 5756 5944
f 5944 5756 5755
f 6042 5948 5973
f 5973 5948 5947
f 5952 5951 5959
f 5959 5951 5960
f 5951 5953 5960
f 5960 5953 5958
f 5616 5957 5617
f 5617 5957 5956
f 6042 5952 5948
f 5948 5952 5959
f 5944 5755 5972
f 5972 5755 5754
f 5957 5616 5973
f 5973 5616 5652
f 5956 5955 5972
f 5972 5955 5961
f 5943 5953 5756
f 5756 5953 5709
f 6044 6045 6043
f 6043 6045 6046
f 6048 6049 6047
f 6047 6049 6050
f 6047 6050 6051
f 6051 6050 6052
f 6054 6055 6053
f 6053 6055 6056
f 6057 6058 6060
f 6060 6058 6059
f 6061 6062 6048
f 6048 6062 6049
f 6063 6064 6066
f 6066 6064 6065
f 6067 6068 6070
f 6070 6068 6069
f 6071 6069 5653
f 5653 6069 6068
f 6072 6073 6075
f 6075 6073 6074
f 6062 6076 6049
f 6049 6076 6054
f 6058 6067 6059
f 6059 6067 6070
f 6064 6077 6065
f 6065 6077 6045
f 6078 6076 6046
f 6046 6076 6062
f 6073 6080 6079
f 6079 6080 6052
f 6082 6083 6081
f 6081 6083 6084
f 6072 6085 6073
f 6073 6085 6080
f 6086 6051 6080
f 6080 6051 6052
f 6079 6052 6053
f 6053 6052 6050
f 6043 6087 6044
f 6044 6087 6088
f 6061 6089 6043
f 6043 6089 6087
f 6053 6056 6079
f 6079 6056 6090
f 6063 6072 6060
f 6060 6072 6075
f 6043 6046 6061
f 6061 6046 6062
f 6047 6091 6048
f 6048 6091 6092
f 6077 6078 6045
f 6045 6078 6046
f 6049 6054 6050
f 6050 6054 6053
f 6044 6088 6093
f 6093 6088 6094
f 6086 6082 6095
f 6095 6082 6081
f 6083 6082 6066
f 6066 6082 6085
f 6093 6094 6083
f 6083 6094 6084
f 6072 6063 6085
f 6085 6063 6066
f 6051 6086 6096
f 6096 6086 6095
f 6048 6092 6061
f 6061 6092 6089
f 5656 5655 6090
f 6090 5655 6074
f 6091 6047 6096
f 6096 6047 6051
f 6071 6055 6076
f 6076 6055 6054
f 6082 6086 6085
f 6085 6086 6080
f 6093 6083 6065
f 6065 6083 6066
f 6044 6093 6045
f 6045 6093 6065
f 6096 6095 6098
f 6098 6095 6097
f 6096 6098 6091
f 6091 6098 6099
f 6091 6099 6092
f 6092 6099 6100
f 6092 6100 6089
f 6089 6100 6101
f 6095 6081 6097
f 6097 6081 6102
f 6081 6084 6102
f 6102 6084 6103
f 6103 6084 6104
f 6104 6084 6094
f 6106 6097 6105
f 6105 6097 6102
f 6107 6108 6110
f 6110 6108 6109
f 6111 6112 6108
f 6108 6112 6109
f 6109 6112 6114
f 6114 6112 6113
f 6114 6115 6117
f 6117 6115 6116
f 6113 6118 6114
f 6114 6118 6115
f 6117 6110 6114
f 6114 6110 6109
f 6110 6119 6107
f 6107 6119 6120
f 6112 6111 6113
f 6113 6111 6121
f 6111 6099 6121
f 6121 6099 6098
f 6111 6122 6099
f 6099 6122 6100
f 6123 6122 6108
f 6108 6122 6111
f 6124 6123 6107
f 6107 6123 6108
f 6113 6121 6118
f 6118 6121 6106
f 6106 6121 6097
f 6097 6121 6098
f 6125 6124 6120
f 6120 6124 6107
f 6126 6123 6127
f 6127 6123 6124
f 6125 6128 6124
f 6124 6128 6127
f 6129 6126 6130
f 6130 6126 6127
f 6126 6129 6132
f 6132 6129 6131
f 6128 6133 6127
f 6127 6133 6130
f 6123 6126 6122
f 6122 6126 6132
f 6122 6132 6100
f 6100 6132 6101
f 6120 6134 6125
f 6125 6134 6135
f 6120 6119 6134
f 6134 6119 6136
f 6115 6118 6137
f 6137 6118 6106
f 6115 6137 6116
f 6116 6137 6138
f 6137 6106 6139
f 6139 6106 6105
f 6138 6137 6140
f 6140 6137 6139
f 6141 6142 6138
f 6138 6142 6116
f 6136 6142 6134
f 6134 6142 6141
f 6089 6101 6087
f 6087 6101 6143
f 6088 6144 6094
f 6094 6144 6104
f 6143 6144 6087
f 6087 6144 6088
f 6131 6145 6143
f 6143 6145 6144
f 6129 6146 6131
f 6131 6146 6145
f 6144 6145 6104
f 6104 6145 6147
f 6143 6101 6131
f 6131 6101 6132
f 6148 6103 6147
f 6147 6103 6104
f 6103 6148 6102
f 6102 6148 6105
f 6148 6149 6105
f 6105 6149 6139
f 6149 6148 6150
f 6150 6148 6147
f 6151 6149 6152
f 6152 6149 6150
f 6145 6146 6147
f 6147 6146 6150
f 6146 6153 6150
f 6150 6153 6152
f 6149 6151 6139
f 6139 6151 6140
f 6155 6140 6154
f 6154 6140 6151
f 6154 6157 6156
f 6156 6157 6158
f 6154 6151 6157
f 6157 6151 6152
f 6154 6156 6155
f 6155 6156 6135
f 6155 6135 6141
f 6141 6135 6134
f 6141 6138 6155
f 6155 6138 6140
f 6146 6129 6153
f 6153 6129 6130
f 6158 6153 6133
f 6133 6153 6130
f 6158 6157 6153
f 6153 6157 6152
f 6156 6158 6128
f 6128 6158 6133
f 6128 6125 6156
f 6156 6125 6135
f 6110 6117 6119
f 6119 6117 6136
f 6136 6117 6142
f 6142 6117 6116
f 6055 5615 6056
f 6056 5615 5752
f 6060 6059 6063
f 6063 6059 6064
f 6077 6070 6078
f 6078 6070 6069
f 6069 6071 6078
f 6078 6071 6076
f 6159 6057 6075
f 6075 6057 6060
f 6059 6070 6064
f 6064 6070 6077
f 6056 5752 6090
f 6090 5752 5656
f 6090 6074 6079
f 6079 6074 6073
f 6055 6071 5615
f 5615 6071 5653
f 5547 5471 6160
f 6160 5471 6161
f 5729 5577 6163
f 6163 5577 6162
f 5577 5576 6162
f 6162 5576 6164
f 5713 6165 5711
f 5711 6165 6166
f 5474 5729 6167
f 6167 5729 6163
f 5750 5547 6168
f 6168 5547 6160
f 5471 5474 6161
f 6161 5474 6167
f 6169 5712 6168
f 6168 5712 5750
f 5711 6166 5576
f 5576 6166 6164
f 6165 5713 6169
f 6169 5713 5712
f 6168 6170 6169
f 6169 6170 6171
f 6169 6171 6165
f 6165 6171 6172
f 6165 6172 6166
f 6166 6172 6173
f 6166 6173 6164
f 6164 6173 6174
f 6168 6160 6170
f 6170 6160 6175
f 6160 6161 6175
f 6175 6161 6176
f 6161 6167 6176
f 6176 6167 6177
f 6179 6170 6178
f 6178 6170 6175
f 6181 6182 6180
f 6180 6182 6183
f 6184 6185 6181
f 6181 6185 6182
f 6186 6187 6185
f 6185 6187 6182
f 6186 6188 6187
f 6187 6188 6189
f 6190 6183 6187
f 6187 6183 6182
f 6183 6190 6191
f 6191 6190 6192
f 6191 6193 6183
f 6183 6193 6180
f 6186 6185 6194
f 6194 6185 6184
f 6184 6172 6194
f 6194 6172 6171
f 6184 6195 6172
f 6172 6195 6173
f 6181 6196 6184
f 6184 6196 6195
f 6196 6181 6197
f 6197 6181 6180
f 6186 6194 6188
f 6188 6194 6179
f 6179 6194 6170
f 6170 6194 6171
f 6193 6198 6180
f 6180 6198 6197
f 6199 6196 6200
f 6200 6196 6197
f 6198 6201 6197
f 6197 6201 6200
f 6202 6199 6203
f 6203 6199 6200
f 6199 6202 6205
f 6205 6202 6204
f 6201 6206 6200
f 6200 6206 6203
f 6196 6199 6195
f 6195 6199 6205
f 6195 6205 6173
f 6173 6205 6174
f 6198 6193 6208
f 6208 6193 6207
f 6193 6191 6207
f 6207 6191 6192
f 6189 6188 6209
f 6209 6188 6179
f 6210 6189 6211
f 6211 6189 6209
f 6209 6179 6212
f 6212 6179 6178
f 6211 6209 6213
f 6213 6209 6212
f 6211 6214 6210
f 6210 6214 6215
f 6192 6215 6207
f 6207 6215 6214
f 6190 6187 6210
f 6210 6187 6189
f 6192 6190 6215
f 6215 6190 6210
f 6162 6164 6216
f 6216 6164 6174
f 6167 6163 6177
f 6177 6163 6217
f 6216 6217 6162
f 6162 6217 6163
f 6204 6218 6216
f 6216 6218 6217
f 6202 6219 6204
f 6204 6219 6218
f 6217 6218 6177
f 6177 6218 6220
f 6216 6174 6204
f 6204 6174 6205
f 6221 6176 6220
f 6220 6176 6177
f 6176 6221 6175
f 6175 6221 6178
f 6221 6222 6178
f 6178 6222 6212
f 6222 6221 6223
f 6223 6221 6220
f 6224 6222 6225
f 6225 6222 6223
f 6218 6219 6220
f 6220 6219 6223
f 6219 6226 6223
f 6223 6226 6225
f 6222 6224 6212
f 6212 6224 6213
f 6228 6213 6227
f 6227 6213 6224
f 6229 6227 6231
f 6231 6227 6230
f 6227 6224 6230
f 6230 6224 6225
f 6227 6229 6228
f 6228 6229 6208
f 6228 6208 6214
f 6214 6208 6207
f 6214 6211 6228
f 6228 6211 6213
f 6219 6202 6226
f 6226 6202 6203
f 6231 6226 6206
f 6206 6226 6203
f 6231 6230 6226
f 6226 6230 6225
f 6229 6231 6201
f 6201 6231 6206
f 6201 6198 6229
f 6229 6198 6208
f 5674 5672 5661
f 5661 5672 5662
f 5662 5672 5663
f 5663 5672 5646
f 5651 6042 5652
f 5652 6042 5973
f 5518 5517 5751
f 5751 5517 5733
f 5738 5660 5753
f 5753 5660 5637
f 5752 5636 5656
f 5656 5636 5526
f 5952 6042 5593
f 5593 6042 5651
f 5593 5651 5594
f 5594 5651 5650
f 5600 5737 5514
f 5514 5737 5515
f 5546 5545 5740
f 5740 5545 6232
f 6232 6058 5740
f 5740 6058 6057
f 6067 6058 6233
f 6233 6058 6232
f 6233 6232 6234
f 6234 6232 5545
f 6234 5545 6235
f 6235 5545 5544
f 5606 6236 5543
f 5543 6236 5544
f 6235 5544 5539
f 5539 5544 6236
f 6237 6235 5542
f 5542 6235 5539
f 6235 6237 6234
f 6234 6237 6238
f 6234 6238 6233
f 6233 6238 6239
f 5653 6068 5650
f 5650 6068 6239
f 5642 5513 6240
f 6240 5513 5516
f 5539 6236 5540
f 5540 6236 5606
f 5636 5614 5637
f 5637 5614 5753
f 6239 5737 5650
f 5650 5737 5594
f 6239 6068 6233
f 6233 6068 6067
f 6075 6074 6159
f 6159 6074 5655
f 6057 6159 5740
f 5740 6159 5655
f 5515 5737 6238
f 6238 5737 6239
f 6238 6237 5515
f 5515 6237 5516
f 5542 6240 6237
f 6237 6240 5516
f 6240 5542 5642
f 5642 5542 5541
f 5702 5699 5541
f 5541 5699 5642
f 5582 5475 5717
f 5470 5443 5537
f 5537 5443 5504
f 5469 5444 5470
f 5470 5444 5443
f 5726 5557 5727
f 5727 5557 5556
f 5537 5504 5511
f 5511 5504 5506
f 5504 5503 5506
f 5506 5503 5507
f 5503 5455 5507
f 5507 5455 5581
f 5455 5454 5581
f 5581 5454 5456
f 5473 5453 5474
f 5474 5453 5729
f 5457 5454 5473
f 5473 5454 5453
f 5473 5472 5457
f 5457 5472 5686
f 5472 5548 5686
f 5686 5548 5687
f 5749 5693 5548
f 5548 5693 5687
f 5715 5532 5749
f 5749 5532 5693
f 5714 5486 5715
f 5715 5486 5532
f 5714 5710 5486
f 5486 5710 5449
f 5728 5578 5729
f 5729 5578 5577
f 5452 5445 5698
f 5698 5445 5558
f 5445 5444 5558
f 5558 5444 5556
f 5444 5469 5556
f 5556 5469 5727
f 5469 5468 5727
f 5727 5468 5555
f 5468 5747 5555
f 5555 5747 5552
f 5747 5700 5552
f 5552 5700 5716
f 5700 5699 5716
f 5716 5699 5717
f 5699 5702 5717
f 5717 5702 5582
f 5702 5701 5582
f 5582 5701 5583
f 5726 5479 5557
f 5557 5479 5483
f 5483 5479 5484
f 5484 5479 5482
f 5534 5533 5482
f 5482 5533 5484
f 5691 5688 5534
f 5534 5688 5533
f 5644 5647 5691
f 5691 5647 5688
f 5719 5746 5701
f 5701 5746 5583
f 5718 5497 5719
f 5719 5497 5746
f 5718 5605 5654
f 5654 5605 5638
f 5498 5654 5657
f 5657 5654 5633
f 5497 5718 5498
f 5498 5718 5654
f 5657 5527 5498
f 5498 5527 5494
f 5528 5570 5495
f 5495 5570 5521
f 5665 5668 5528
f 5528 5668 5570
f 5664 5671 5665
f 5665 5671 5668
f 5645 5741 5664
f 5664 5741 5671
f 5644 5696 5645
f 5645 5696 5741
f 5710 5575 5449
f 5449 5575 5450
f 5575 5578 5450
f 5450 5578 5698
f 5578 5728 5698
f 5698 5728 5452
f 5452 5728 5451
f 5451 5728 5453
f 3619 6241 3620
f 3620 6241 6242
f 6243 6244 3628
f 3628 6244 3629
f 6245 6246 3634
f 3634 6246 3631
f 6247 6248 3636
f 3636 6248 3637
f 6249 6250 3642
f 3642 6250 3639
f 3639 6250 3643
f 3643 6250 6251
f 3743 6252 3744
f 3744 6252 6253
f 6246 6243 3631
f 3631 6243 3628
f 3753 6254 3754
f 3754 6254 6255
f 3857 6256 3619
f 3619 6256 6241
f 6257 6245 3932
f 3932 6245 3634
f 6242 6247 3620
f 3620 6247 3636
f 6258 6259 3946
f 3946 6259 3947
f 6260 6249 3948
f 3948 6249 3642
f 6244 6258 3629
f 3629 6258 3946
f 3947 6259 3753
f 3753 6259 6254
f 6248 6260 3637
f 3637 6260 3948
f 3643 6251 3743
f 3743 6251 6252
f 3744 6253 3932
f 3932 6253 6257
f 6250 6249 6251
f 6251 6249 6252
f 6245 6261 6246
f 6246 6261 6262
f 6263 6264 6247
f 6247 6264 6248
f 6252 6265 6253
f 6253 6265 6266
f 6246 6262 6243
f 6243 6262 6267
f 6268 6261 6257
f 6257 6261 6245
f 6269 6263 6242
f 6242 6263 6247
f 6270 6271 6260
f 6260 6271 6249
f 6264 6270 6248
f 6248 6270 6260
f 6253 6266 6257
f 6257 6266 6268
f 6249 6271 6252
f 6252 6271 6265
f 6254 6259 6272
f 6272 6259 6273
f 6266 6265 6270
f 6270 6265 6271
f 6268 6266 6264
f 6264 6266 6270
f 6261 6268 6263
f 6263 6268 6264
f 6269 6262 6263
f 6263 6262 6261
f 4186 4185 6274
f 6274 4185 6275
f 6241 6276 6242
f 6242 6276 6269
f 6258 6244 6277
f 6277 6244 6278
f 6256 6279 6241
f 6241 6279 6276
f 6259 6258 6273
f 6273 6258 6277
f 6243 6267 6244
f 6244 6267 6278
f 6276 6267 6269
f 6269 6267 6262
f 6254 6272 6255
f 6255 6272 6280
f 3865 3713 3888
f 3888 3713 3685
f 5242 5233 3892
f 3892 5233 3711
f 3900 5243 3892
f 3892 5243 5242
f 3734 3866 3900
f 3900 3866 5243
f 4117 6281 4118
f 4118 6281 6282
f 4118 6282 4278
f 4278 6282 4879
f 4717 4887 4718
f 4718 4887 4280
f 4792 4278 4882
f 4882 4278 4879
f 4795 4792 6283
f 6283 4792 4882
f 4852 4851 5012
f 5012 4851 6284
f 4856 5207 4857
f 4857 5207 4858
f 4860 4279 4857
f 4857 4279 4854
f 4718 4280 4860
f 4860 4280 4279
f 4864 4863 4745
f 4745 4863 4742
f 5366 4867 5011
f 5011 4867 4866
f 4871 4884 4872
f 4872 4884 4883
f 4872 4883 4117
f 4117 4883 6281
f 6284 4851 6283
f 6283 4851 4795
f 4852 4866 4853
f 4853 4866 4865
f 4871 4870 4856
f 4856 4870 5207
f 4717 4716 4864
f 4864 4716 4861
f 4868 4867 4862
f 4862 4867 4863
f 4268 4855 4269
f 4269 4855 4854
f 4281 4274 4282
f 4282 4274 4765
f 4744 4743 4907
f 4907 4743 4904
f 4874 4881 4820
f 4820 4881 4880
f 4885 5013 4886
f 4886 5013 4980
f 4888 4275 4281
f 4281 4275 4274
f 4902 6282 4903
f 4903 6282 6281
f 6283 4979 6284
f 6284 4979 4978
f 4282 4765 4269
f 4269 4765 4266
f 4880 4879 4902
f 4902 4879 6282
f 4903 6281 4886
f 4886 6281 4883
f 4882 4881 6283
f 6283 4881 4979
f 5013 4885 4267
f 4267 4885 4268
f 4888 4887 4744
f 4744 4887 4745
f 4410 6285 4411
f 4411 6285 4812
f 4750 4749 6286
f 6286 4749 6287
f 6289 4695 6288
f 6288 4695 4255
f 4750 4675 4751
f 4751 4675 4965
f 6290 6291 4963
f 4963 6291 4960
f 4807 4806 4411
f 4411 4806 4408
f 6292 6293 4959
f 4959 6293 4956
f 4958 6294 4959
f 4959 6294 4955
f 4962 4964 4963
f 4963 4964 4805
f 4962 4961 4751
f 4751 4961 4748
f 6296 6297 6295
f 6295 6297 6298
f 6299 6300 6288
f 6288 6300 4735
f 6302 4961 6301
f 6301 4961 4960
f 6304 6287 6303
f 6303 6287 4749
f 4968 6305 4969
f 4969 6305 6306
f 4413 6308 6307
f 6307 6308 4900
f 6301 4960 6309
f 6309 4960 6291
f 4412 4408 6310
f 6310 4408 4806
f 4696 6311 4256
f 4256 6311 6312
f 6303 4749 6313
f 6313 4749 4748
f 6313 4748 6302
f 6302 4748 4961
f 6315 6316 6314
f 6314 6316 6317
f 4084 6318 6315
f 6315 6318 6316
f 4083 6319 4084
f 4084 6319 6318
f 4112 6320 4083
f 4083 6320 6319
f 6322 4138 6321
f 6321 4138 4137
f 6324 4128 6323
f 6323 4128 4127
f 4127 4193 6323
f 6323 4193 6325
f 4193 4891 6325
f 6325 4891 6326
f 4891 6327 6326
f 6326 6327 6328
f 6327 4824 5227
f 5227 4824 5228
f 5231 4684 6329
f 6329 4684 4683
f 4683 4099 6329
f 6329 4099 6330
f 4099 4102 6330
f 6330 4102 6331
f 4174 4826 4429
f 4429 4826 4829
f 4173 4741 4174
f 4174 4741 4826
f 4180 4738 4173
f 4173 4738 4741
f 6332 6333 4180
f 4180 6333 4738
f 6274 6334 4186
f 4186 6334 4188
f 4181 4825 4180
f 4180 4825 6332
f 5044 5213 5045
f 5045 5213 5165
f 5046 5087 5047
f 5047 5087 5222
f 5077 5063 5078
f 5078 5063 5198
f 5081 5099 5082
f 5082 5099 5194
f 5095 5074 5096
f 5096 5074 5073
f 5373 5170 5096
f 5096 5170 5093
f 5375 5171 5373
f 5373 5171 5170
f 5047 5222 5375
f 5375 5222 5171
f 5046 5038 5376
f 5376 5038 5067
f 5377 5086 5376
f 5376 5086 5085
f 5045 5165 5377
f 5377 5165 5086
f 5378 5214 5044
f 5044 5214 5213
f 5077 5034 5378
f 5378 5034 5214
f 5082 5194 5078
f 5078 5194 5035
f 5081 5080 5379
f 5379 5080 6335
f 5379 6335 5095
f 5095 6335 5074
f 5032 5080 5033
f 5033 5080 5079
f 5040 5017 5041
f 5041 5017 5016
f 5050 5043 5051
f 5051 5043 5042
f 5065 5023 5066
f 5066 5023 5022
f 5050 5049 5065
f 5065 5049 5023
f 5041 5016 5068
f 5068 5016 5020
f 5071 5374 5072
f 5072 5374 5200
f 5075 5156 5076
f 5076 5156 5155
f 5162 5212 5068
f 5068 5212 5067
f 5075 5074 5192
f 5192 5074 6335
f 5066 5022 5199
f 5199 5022 5196
f 5076 5155 5072
f 5072 5155 5069
f 5040 5039 5071
f 5071 5039 5374
f 5162 5161 5051
f 5051 5161 5048
f 5192 6335 5032
f 5032 6335 5080
f 5199 5196 5033
f 5033 5196 5030
f 5018 5211 5019
f 5019 5211 5408
f 5019 5408 5021
f 5021 5408 5163
f 5024 5057 5025
f 5025 5057 5415
f 5028 5048 5029
f 5029 5048 5161
f 5054 5031 5055
f 5055 5031 5030
f 5024 5023 5058
f 5058 5023 5049
f 5061 5070 5062
f 5062 5070 5069
f 5157 5438 5158
f 5158 5438 5442
f 5160 5191 5054
f 5054 5191 5031
f 5029 5161 5021
f 5021 5161 5020
f 5025 5415 5197
f 5197 5415 5220
f 5158 5442 5062
f 5062 5442 5059
f 5018 5017 5061
f 5061 5017 5070
f 5160 5159 5157
f 5157 5159 5438
f 5028 5027 5058
f 5058 5027 5056
f 5055 5030 5197
f 5197 5030 5196
f 5409 5380 5410
f 5410 5380 6336
f 5026 5413 5027
f 5027 5413 5412
f 5396 5417 5393
f 5393 5417 5416
f 5416 5057 5419
f 5419 5057 5056
f 5417 5396 5426
f 5426 5396 5420
f 5427 5423 5428
f 5428 5423 5422
f 5427 5059 5430
f 5430 5059 5442
f 5409 5408 5433
f 5433 5408 5211
f 5433 5211 5428
f 5428 5211 5060
f 5412 5411 5419
f 5419 5411 5418
f 5436 5053 5437
f 5437 5053 5052
f 5439 5402 5440
f 5440 5402 5401
f 5436 5435 5439
f 5439 5435 5402
f 5410 6336 5413
f 5413 6336 5414
f 5440 5401 5430
f 5430 5401 5429
f 5426 5420 5437
f 5437 5420 5434
f 5382 5432 5383
f 5383 5432 5384
f 5386 6336 5383
f 5383 6336 5380
f 6336 5386 5414
f 5414 5386 5388
f 5391 5418 5392
f 5392 5418 5411
f 5705 5395 5704
f 5704 5395 5394
f 5399 5435 5400
f 5400 5435 5434
f 5403 5441 5404
f 5404 5441 5405
f 5407 5429 5404
f 5404 5429 5401
f 5395 5705 5421
f 5421 5705 5748
f 5424 5706 5425
f 5425 5706 5431
f 5391 5390 5394
f 5394 5390 5704
f 5392 5388 5389
f 5389 5388 5387
f 5382 5381 5425
f 5425 5381 5422
f 5407 5406 5424
f 5424 5406 5706
f 5403 5402 5399
f 5399 5402 5435
f 5421 5748 5400
f 5400 5748 5397
f 4097 4721 4098
f 4098 4721 4231
f 4233 5273 4098
f 4098 5273 4095
f 6337 6338 4785
f 4785 6338 4786
f 4076 4780 4073
f 4073 4780 4781
f 4782 4190 4781
f 4781 4190 4073
f 4783 4901 4782
f 4782 4901 4190
f 4780 4076 4097
f 4097 4076 4721
f 6337 2879 4701
f 4701 2879 2878
f 5280 6339 5272
f 5272 6339 6340
f 5282 5281 6341
f 6341 5281 6342
f 4109 6302 4110
f 4110 6302 6301
f 4283 6304 4284
f 4284 6304 6303
f 6305 4379 6306
f 6306 4379 4378
f 4110 6301 4428
f 4428 6301 6309
f 6310 4688 4412
f 4412 4688 4687
f 4284 6303 4753
f 4753 6303 6313
f 4753 6313 4109
f 4109 6313 6302
f 6343 5226 4428
f 4428 5226 4427
f 4147 4900 4416
f 4416 4900 6308
f 6312 6311 4241
f 4241 6311 4720
f 5223 6344 4702
f 4702 6344 4699
f 4221 4220 6345
f 6345 4220 6346
f 5276 5275 6347
f 6347 5275 6348
f 5275 4728 6348
f 6348 4728 6349
f 4727 6350 5284
f 5284 6350 5285
f 6351 6352 6354
f 6354 6352 6353
f 5313 5312 5292
f 5292 5312 5293
f 5312 5344 5293
f 5293 5344 5337
f 5344 4914 5337
f 5337 4914 4916
f 4914 4913 4916
f 4916 4913 4917
f 4913 6355 4917
f 4917 6355 4978
f 6356 6357 6284
f 6284 6357 5012
f 6357 6358 5012
f 5012 6358 5011
f 5011 6358 5366
f 5366 6358 6359
f 6360 4742 6359
f 6359 4742 5366
f 4743 6361 4904
f 4904 6361 5364
f 5363 4905 5364
f 5364 4905 4904
f 5363 6362 4905
f 4905 6362 4207
f 6362 6363 4207
f 4207 6363 4208
f 6363 5342 4208
f 4208 5342 5330
f 5342 5341 5330
f 5330 5341 4244
f 5341 6364 4244
f 4244 6364 4245
f 6364 6365 4245
f 4245 6365 4246
f 6366 6367 4253
f 4253 6367 4250
f 4214 6368 4211
f 4211 6368 4380
f 4380 4379 4211
f 4211 4379 4283
f 4379 6305 4283
f 4283 6305 6304
f 6305 4968 6304
f 6304 4968 6287
f 4968 4967 6287
f 6287 4967 6286
f 4967 6297 6286
f 6286 6297 4676
f 6296 4376 4288
f 4288 4376 4285
f 4376 4373 4285
f 4285 4373 4290
f 6369 6370 6372
f 6372 6370 6371
f 5245 6373 5246
f 5246 6373 6374
f 4317 6375 4318
f 4318 6375 6376
f 4331 6377 4332
f 4332 6377 6378
f 6379 4333 6376
f 6376 4333 4318
f 4343 6380 4344
f 4344 6380 6381
f 4347 6382 4348
f 4348 6382 6383
f 4374 6371 4331
f 4331 6371 6377
f 4333 6379 4426
f 4426 6379 6384
f 4690 6385 4347
f 4347 6385 6382
f 4332 6378 4317
f 4317 6378 6375
f 4922 6386 4923
f 4923 6386 6387
f 6388 6389 4375
f 4375 6389 6390
f 6355 6356 4978
f 4978 6356 6284
f 4742 6360 4743
f 4743 6360 6361
f 6391 4238 6392
f 6392 4238 4719
f 6392 4719 6393
f 6393 4719 5296
f 6395 6396 6394
f 6394 6396 6397
f 6399 6400 6398
f 6398 6400 6401
f 6402 5302 6403
f 6403 5302 5303
f 5303 5321 6403
f 6403 5321 6404
f 5320 6405 5321
f 5321 6405 6404
f 5319 6406 5350
f 5350 6406 5351
f 5319 5318 6406
f 6406 5318 6407
f 5288 4197 6408
f 6408 4197 6409
f 4217 4216 6410
f 6410 4216 6411
f 5227 6412 6327
f 6327 6412 6328
f 4892 6413 5227
f 5227 6413 6412
f 4228 6414 4892
f 4892 6414 6413
f 4227 6415 4228
f 4228 6415 6414
f 4248 6416 4227
f 4227 6416 6415
f 4247 6417 4248
f 4248 6417 6416
f 6417 4247 6419
f 6419 4247 6418
f 6419 6418 6421
f 6421 6418 6420
f 6422 5301 6423
f 6423 5301 5300
f 6423 5300 6424
f 6424 5300 6399
f 6408 6409 6398
f 6398 6409 6425
f 6426 6427 6397
f 6397 6427 6394
f 6428 4224 6429
f 6429 4224 4223
f 6347 6346 5276
f 5276 6346 4220
f 6346 6347 6341
f 6341 6347 6339
f 5280 5278 5282
f 5282 5278 4236
f 4896 5224 4684
f 4684 5224 4681
f 4132 4135 4896
f 4896 4135 5224
f 4131 4136 4132
f 4132 4136 4135
f 4226 4754 4131
f 4131 4754 4136
f 4251 4213 4226
f 4226 4213 4754
f 4250 4214 4251
f 4251 4214 4213
f 4250 6367 4214
f 4214 6367 6368
f 6367 4910 6368
f 6368 4910 4737
f 4909 5297 4736
f 4736 5297 5296
f 5297 6395 5296
f 5296 6395 6393
f 6427 6430 6394
f 6394 6430 6431
f 6429 4383 6428
f 6428 4383 4382
f 4219 5277 4220
f 4220 5277 5276
f 4222 4697 4383
f 4383 4697 4218
f 6345 4699 4221
f 4221 4699 6344
f 6342 4700 6345
f 6345 4700 4699
f 4235 4786 5281
f 5281 4786 6338
f 4234 4787 4235
f 4235 4787 4786
f 5279 5278 6432
f 6432 5278 5271
f 4237 5279 6433
f 6433 5279 6432
f 4787 4234 6433
f 6433 4234 4237
f 6435 6436 6434
f 6434 6436 6437
f 6359 6438 6360
f 6360 6438 6437
f 6439 6440 6441
f 6441 6440 6438
f 6443 6439 6442
f 6442 6439 6441
f 6357 6356 6442
f 6442 6356 6444
f 6444 6446 6445
f 6445 6446 6447
f 4912 6446 4913
f 4913 6446 6355
f 6361 6436 5364
f 5364 6436 5365
f 5319 5350 5316
f 5316 5350 6448
f 4832 6449 5350
f 5350 6449 6448
f 4831 6450 4832
f 4832 6450 6449
f 5354 6451 5320
f 5320 6451 6405
f 4265 6452 5354
f 5354 6452 6451
f 4264 6453 4265
f 4265 6453 6452
f 6450 4831 6447
f 6447 4831 6445
f 4263 6435 4264
f 4264 6435 6434
f 6454 6453 6439
f 6439 6453 6440
f 6439 6443 6454
f 6454 6443 4834
f 4833 6455 4834
f 4834 6455 6454
f 5351 6456 4833
f 4833 6456 6455
f 6457 6391 6458
f 6458 6391 6392
f 6458 6392 6431
f 6431 6392 6393
f 5298 6396 5297
f 5297 6396 6395
f 6402 6400 5302
f 5302 6400 5299
f 6402 6403 6459
f 6459 6403 6460
f 6460 6403 6461
f 6461 6403 6404
f 6405 6462 6404
f 6404 6462 6461
f 6406 6462 5351
f 5351 6462 6456
f 6406 6407 6462
f 6462 6407 6461
f 6407 6463 6461
f 6461 6463 6460
f 6463 6464 6460
f 6460 6464 6459
f 6464 6465 6459
f 6459 6465 6401
f 6430 6466 6431
f 6431 6466 6458
f 6466 6410 6458
f 6458 6410 6457
f 6410 6411 6457
f 6457 6411 6467
f 6396 6424 6397
f 6397 6424 6425
f 6393 6395 6431
f 6431 6395 6394
f 6451 6456 6405
f 6405 6456 6462
f 6452 6455 6451
f 6451 6455 6456
f 6453 6454 6452
f 6452 6454 6455
f 6443 6445 4834
f 4834 6445 4831
f 6440 6453 6434
f 6434 6453 4264
f 6468 5306 5360
f 5360 5306 5305
f 6469 4124 6468
f 6468 4124 5306
f 6470 4125 6469
f 6469 4125 4124
f 6471 5291 6470
f 6470 5291 4125
f 6353 5292 6471
f 6471 5292 5291
f 5292 6353 5313
f 5313 6353 6352
f 5347 5314 6352
f 6352 5314 5313
f 5353 5318 5346
f 5346 5318 5317
f 5334 6468 5358
f 5358 6468 5360
f 5324 6469 5334
f 5334 6469 6468
f 5323 6470 5324
f 5324 6470 6469
f 5343 6471 5323
f 5323 6471 6470
f 6354 6353 5343
f 5343 6353 6471
f 6348 6349 4270
f 4270 6349 5311
f 5272 6340 5273
f 5273 6340 4272
f 6432 5271 4232
f 4232 5271 4233
f 4294 6432 4295
f 4295 6432 4232
f 6432 4294 6433
f 6433 4294 4301
f 4301 4300 6433
f 6433 4300 4787
f 4704 4784 4300
f 4300 4784 4787
f 4704 3013 4784
f 4784 3013 1307
f 5103 6472 5104
f 5104 6472 5202
f 5108 5116 5105
f 5105 5116 5115
f 5111 5124 5112
f 5112 5124 5123
f 5154 5205 5105
f 5105 5205 5106
f 5167 5180 5168
f 5168 5180 5185
f 5175 5188 5176
f 5176 5188 5187
f 5112 5123 5178
f 5178 5123 5120
f 5167 5090 5183
f 5183 5090 5089
f 5210 5151 5183
f 5183 5151 5181
f 5216 5138 5217
f 5217 5138 5137
f 5218 5119 5219
f 5219 5119 5221
f 5218 5178 5119
f 5119 5178 5120
f 5217 5137 5104
f 5104 5137 5101
f 5116 5108 5221
f 5221 5108 5219
f 5111 5110 5210
f 5210 5110 5151
f 5154 5153 5103
f 5103 5153 6472
f 5216 5215 5176
f 5176 5215 5173
f 5175 5174 5168
f 5168 5174 5166
f 5091 5172 5092
f 5092 5172 5208
f 5117 5037 5118
f 5118 5037 5036
f 5121 5164 5122
f 5122 5164 5133
f 5125 5084 5126
f 5126 5084 5083
f 5129 5174 5130
f 5130 5174 5173
f 5131 5202 5132
f 5132 5202 6472
f 5135 5221 5122
f 5122 5221 5119
f 5125 5124 5136
f 5136 5124 5209
f 5126 5083 5121
f 5121 5083 5164
f 5118 5036 5195
f 5195 5036 5193
f 5131 5097 5203
f 5203 5097 5114
f 5132 6472 5195
f 5195 6472 5153
f 5136 5209 5092
f 5092 5209 5089
f 5135 5134 5117
f 5117 5134 5037
f 5362 5206 5130
f 5130 5206 5127
f 5372 5371 5128
f 5128 5371 5129
f 5371 5372 5091
f 5091 5372 5172
f 5362 5215 5203
f 5203 5215 5201
f 6463 6407 5353
f 5353 6407 5318
f 6464 6463 5352
f 5352 6463 5353
f 6408 6465 5288
f 5288 6465 5289
f 4196 4224 6426
f 6426 4224 6427
f 6430 6427 6428
f 6428 6427 4224
f 6466 6430 4382
f 4382 6430 6428
f 6410 6466 4217
f 4217 6466 4382
f 4240 4239 3015
f 3015 4239 3016
f 4254 4257 3017
f 3017 4257 3018
f 6473 6474 4732
f 4732 6474 6475
f 6474 6374 6475
f 6475 6374 6373
f 5246 6374 3022
f 3022 6374 3023
f 4254 6299 4255
f 4255 6299 6288
f 6473 6300 3024
f 3024 6300 3025
f 6476 4257 6312
f 6312 4257 4256
f 4240 6476 4241
f 4241 6476 6312
f 6477 4239 6391
f 6391 4239 4238
f 6467 6477 6457
f 6457 6477 6391
f 6411 3029 6467
f 6467 3029 3028
f 4216 3030 6411
f 6411 3030 3029
f 6479 6480 6478
f 6478 6480 6481
f 6483 6484 6482
f 6482 6484 6485
f 6486 6487 4102
f 4102 6487 6331
f 6483 6488 6478
f 6478 6488 6489
f 4429 4829 6490
f 6490 4829 6479
f 6491 6486 4101
f 4101 6486 4102
f 4895 6491 4899
f 4899 6491 4101
f 4160 6488 4157
f 4157 6488 6492
f 6489 4087 6490
f 6490 4087 4090
f 4267 4261 5013
f 5013 4261 4260
f 4258 4261 5328
f 5328 4261 4975
f 4261 4267 4975
f 4975 4267 4266
f 5367 3793 3912
f 3912 3793 3575
f 6494 3616 6493
f 6493 3616 3795
f 6496 3589 6495
f 6495 3589 3588
f 6495 3588 5368
f 5368 3588 3794
f 3841 3840 3050
f 3050 3840 3051
f 3912 3911 3052
f 3052 3911 3053
f 3929 3930 3054
f 3054 3930 3055
f 5370 3930 3916
f 3916 3930 3923
f 3938 5369 3807
f 3807 5369 3915
f 3589 6496 3806
f 3806 6496 3937
f 3938 3937 3056
f 3056 3937 3057
f 3051 3840 3058
f 3058 3840 3943
f 3730 4808 3727
f 3727 4808 3943
f 3820 3951 3795
f 3795 3951 6493
f 3951 3841 3059
f 3059 3841 3050
f 3911 3574 6494
f 6494 3574 3616
f 3823 3929 3824
f 3824 3929 3952
f 4061 4060 3060
f 3060 4060 3061
f 6497 6498 4901
f 4901 6498 4790
f 6333 6499 4738
f 4738 6499 4739
f 6500 6501 6314
f 6314 6501 4418
f 6502 6275 4417
f 4417 6275 4185
f 6503 6497 4783
f 4783 6497 4901
f 6498 4060 4790
f 4790 4060 4059
f 4808 4061 3069
f 3069 4061 3060
f 5367 3071 5368
f 5368 3071 3070
f 5369 3073 5370
f 5370 3073 3072
f 6274 6275 3074
f 3074 6275 3075
f 6499 6504 4739
f 4739 6504 6317
f 6333 6332 3077
f 3077 6332 3078
f 6334 6274 3079
f 3079 6274 3074
f 6332 4825 3078
f 3078 4825 3080
f 6334 6503 4188
f 4188 6503 4783
f 4825 4689 3080
f 3080 4689 1330
f 6506 4747 6505
f 6505 4747 4746
f 6505 6507 6506
f 6506 6507 6508
f 4297 6509 4920
f 4920 6509 6510
f 4296 6511 4297
f 4297 6511 6509
f 6506 6508 4319
f 4319 6508 6512
f 4372 4371 6514
f 6514 4371 6513
f 6511 4296 5251
f 5251 4296 4305
f 5251 5250 6511
f 6511 5250 6515
f 6516 6509 6515
f 6515 6509 6511
f 6517 6507 6519
f 6519 6507 6518
f 6512 6520 6513
f 6513 6520 6514
f 6507 6517 6508
f 6508 6517 6521
f 5249 6523 6522
f 6522 6523 6524
f 6525 6370 5253
f 5253 6370 6526
f 4370 4323 4371
f 4371 4323 4326
f 4370 3103 4323
f 4323 3103 1541
f 6521 6517 6527
f 6527 6517 6519
f 6520 6528 6514
f 6514 6528 6529
f 6531 6532 6530
f 6530 6532 6533
f 5250 6534 6515
f 6515 6534 6535
f 6530 6533 6536
f 6536 6533 6537
f 6526 6538 6534
f 6534 6538 6537
f 6515 6535 6516
f 6516 6535 6539
f 4325 4321 4326
f 4326 4321 4320
f 4371 4326 6513
f 6513 4326 4320
f 6531 4731 6541
f 6541 4731 6540
f 4731 4730 6540
f 6540 4730 6542
f 4730 3121 6542
f 6542 3121 3120
f 6530 4328 6531
f 6531 4328 4731
f 4328 6530 4329
f 4329 6530 6536
f 4329 6536 6524
f 6524 6536 6543
f 6544 6545 6522
f 6522 6545 5248
f 6389 6388 5245
f 5245 6388 6373
f 6388 6546 6373
f 6373 6546 6475
f 4733 6546 6295
f 6295 6546 4377
f 4732 6475 4733
f 4733 6475 6546
f 4393 4432 4394
f 4394 4432 4435
f 4434 4672 4842
f 4842 4672 4671
f 4440 4439 4441
f 4441 4439 4438
f 4436 4450 4437
f 4437 4450 4398
f 4447 4444 4448
f 4448 4444 4392
f 4446 4464 4433
f 4433 4464 6547
f 4454 4423 4455
f 4455 4423 4422
f 4452 4481 4453
f 4453 4481 4480
f 4458 4389 4459
f 4459 4389 4388
f 4456 4471 4457
f 4457 4471 4468
f 4391 4460 4392
f 4392 4460 4448
f 4461 4467 4445
f 4445 4467 4465
f 4437 4398 4629
f 4629 4398 4397
f 4438 4628 4441
f 4441 4628 4631
f 4841 4629 4839
f 4839 4629 4397
f 4628 4842 4631
f 4631 4842 4671
f 4930 4989 4452
f 4452 4989 4481
f 4929 4927 4436
f 4436 4927 4450
f 4933 4387 4934
f 4934 4387 4386
f 4931 4475 4932
f 4932 4475 4474
f 4936 4449 4933
f 4933 4449 4387
f 4935 4472 4456
f 4456 4472 4471
f 4389 4458 4391
f 4391 4458 4460
f 4457 4468 4461
f 4461 4468 4467
f 4934 4386 4454
f 4454 4386 4423
f 4453 4480 4931
f 4931 4480 4475
f 4575 4997 4576
f 4576 4997 4639
f 4579 4596 4580
f 4580 4596 4595
f 4583 4582 4572
f 4572 4582 4569
f 4587 4944 4588
f 4588 4944 4562
f 4588 4562 4590
f 4590 4562 4561
f 4576 4639 4642
f 4642 4639 4638
f 4642 4845 4641
f 4641 4845 4846
f 4845 4590 4846
f 4846 4590 4561
f 4941 4938 4595
f 4595 4938 4580
f 4938 4940 4668
f 4668 4940 4669
f 4583 4942 4584
f 4584 4942 4947
f 4582 4587 4569
f 4569 4587 4586
f 5000 5001 4579
f 4579 5001 4596
f 4558 4560 4585
f 4585 4560 4586
f 4565 4639 4566
f 4566 4639 4997
f 4568 4567 4577
f 4577 4567 4578
f 4570 4554 4571
f 4571 4554 4556
f 4640 4565 4637
f 4637 4565 4546
f 4662 4664 4665
f 4665 4664 4844
f 4662 4558 4589
f 4589 4558 4585
f 4554 4570 4557
f 4557 4570 4560
f 4571 4667 4572
f 4572 4667 4943
f 4551 4670 4552
f 4552 4670 4666
f 4640 4664 4638
f 4638 4664 4663
f 4670 4568 4668
f 4668 4568 4577
f 4999 4996 4566
f 4566 4996 4543
f 4608 4564 4603
f 4603 4564 4563
f 4573 4593 4574
f 4574 4593 4592
f 4597 4614 4598
f 4598 4614 4613
f 4601 4600 4584
f 4584 4600 4581
f 4563 4562 4604
f 4604 4562 4944
f 4643 4593 4641
f 4641 4593 4573
f 4643 4847 4644
f 4644 4847 4848
f 4564 4847 4561
f 4561 4847 4846
f 4945 4941 4598
f 4598 4941 4595
f 4941 4945 4939
f 4939 4945 4946
f 4601 4948 4602
f 4602 4948 4620
f 4600 4604 4581
f 4581 4604 4944
f 5002 5003 4597
f 4597 5003 4614
f 4988 4759 4953
f 4953 4759 4402
f 4706 6548 4707
f 4707 6548 6549
f 4311 4928 4419
f 4419 4928 6550
f 4921 4920 6551
f 6551 4920 6552
f 4925 6553 4926
f 4926 6553 6554
f 4928 4921 4802
f 4802 4921 6551
f 6555 4985 6550
f 6550 4985 4419
f 4952 6556 4953
f 4953 6556 4649
f 4971 6557 4706
f 4706 6557 6548
f 4988 4648 4925
f 4925 4648 6553
f 4707 6549 5006
f 5006 6549 4987
f 4920 6510 6552
f 6552 6510 6518
f 6558 6510 6516
f 6516 6510 6509
f 6559 6558 6539
f 6539 6558 6516
f 6531 6541 6532
f 6532 6541 6560
f 6540 6561 6541
f 6541 6561 6529
f 6542 6562 6540
f 6540 6562 6561
f 6542 3120 6562
f 6562 3120 3142
f 4366 6563 4760
f 4760 6563 4970
f 4815 6564 4816
f 4816 6564 6565
f 3147 3146 6565
f 6565 3146 4816
f 6564 6563 6565
f 6565 6563 6566
f 4837 4385 4357
f 4357 4385 4358
f 6565 6566 3147
f 3147 6566 3149
f 4694 1209 3150
f 5247 5249 5248
f 5248 5249 6522
f 6372 6390 6545
f 6545 6390 6389
f 6375 5254 6376
f 6376 5254 5258
f 6377 6525 6378
f 6378 6525 5255
f 5260 6379 5258
f 5258 6379 6376
f 6380 6567 6381
f 6381 6567 6568
f 6382 6569 6383
f 6383 6569 6570
f 6377 6371 6525
f 6525 6371 6370
f 6379 5260 6384
f 6384 5260 6571
f 6385 6572 6382
f 6382 6572 6569
f 6378 5255 6375
f 6375 5255 5254
f 6386 6573 6387
f 6387 6573 6574
f 6545 6389 5248
f 5248 6389 5245
f 4675 4750 4676
f 4676 4750 6286
f 4734 6289 4735
f 4735 6289 6288
f 4804 6290 4805
f 4805 6290 4963
f 4811 4807 4812
f 4812 4807 4411
f 4954 6292 4955
f 4955 6292 4959
f 4964 4962 4965
f 4965 4962 4751
f 6285 4821 4812
f 4812 4821 4809
f 4675 4287 4965
f 4965 4287 4210
f 6294 4145 4955
f 4955 4145 4154
f 4964 4120 4805
f 4805 4120 4119
f 6298 4966 4734
f 4734 4966 6289
f 6300 6473 4735
f 4735 6473 4732
f 6297 6296 4676
f 4676 6296 4288
f 6523 3160 4330
f 4330 3160 3159
f 5253 5252 6525
f 6525 5252 5255
f 5256 5252 4305
f 4305 5252 5251
f 4304 5257 4305
f 4305 5257 5256
f 4424 5259 4304
f 4304 5259 5257
f 5261 6571 5259
f 5259 6571 5260
f 5262 6573 5261
f 5261 6573 6571
f 5264 6567 5265
f 5265 6567 6574
f 5266 6572 5267
f 5267 6572 6568
f 5268 6570 5269
f 5269 6570 6569
f 1807 3161 5268
f 5268 3161 6570
f 6524 6523 4329
f 4329 6523 4330
f 5253 6526 5250
f 5250 6526 6534
f 6543 6538 6544
f 6544 6538 6369
f 6524 6543 6522
f 6522 6543 6544
f 3071 5367 3052
f 3052 5367 3912
f 6493 3163 6494
f 6494 3163 3162
f 3164 445 3771
f 3771 445 3761
f 461 3165 3919
f 3919 3165 3920
f 330 410 3839
f 3839 410 3910
f 332 331 3552
f 3552 331 3551
f 464 304 3918
f 3918 304 3816
f 385 458 3766
f 3766 458 3894
f 412 415 3762
f 3762 415 3763
f 3166 337 3748
f 3748 337 3745
f 3072 3055 5370
f 5370 3055 3930
f 3073 5369 3056
f 3056 5369 3938
f 3167 3057 6496
f 6496 3057 3937
f 3069 3058 4808
f 4808 3058 3943
f 411 3166 3851
f 3851 3166 3748
f 3059 3163 3951
f 3951 3163 6493
f 336 3164 3772
f 3772 3164 3771
f 3053 3911 3162
f 3162 3911 6494
f 3054 3168 3929
f 3929 3168 3952
f 3165 830 3920
f 3920 830 3945
f 3170 3169 6497
f 6497 3169 6498
f 3171 1354 5005
f 5005 1354 4830
f 3172 3170 6503
f 6503 3170 6497
f 3169 3061 6498
f 6498 3061 4060
f 3173 3171 5006
f 5006 3171 5005
f 3079 3172 6334
f 6334 3172 6503
f 3174 3025 6299
f 6299 3025 6300
f 6576 6577 6575
f 6575 6577 6578
f 4612 4611 6579
f 6579 4611 6580
f 6582 6583 6581
f 6581 6583 6584
f 6584 6585 4618
f 4618 6585 4621
f 6586 6587 6589
f 6589 6587 6588
f 6588 6587 6590
f 6590 6587 6591
f 6592 4606 6590
f 6590 4606 4623
f 6594 6576 6593
f 6593 6576 6575
f 6595 6582 6579
f 6579 6582 6581
f 6580 6597 6596
f 6596 6597 6598
f 6577 6576 6599
f 6599 6576 6600
f 6595 6596 6601
f 6601 6596 6602
f 6583 6582 6603
f 6603 6582 6604
f 6586 6606 6605
f 6605 6606 6607
f 6587 6586 6608
f 6608 6586 6605
f 6587 6608 6591
f 6591 6608 6609
f 6576 6594 6600
f 6600 6594 6610
f 6582 6595 6604
f 6604 6595 6601
f 6599 6611 6577
f 6577 6611 6598
f 6613 6614 6612
f 6612 6614 6615
f 6617 6618 6616
f 6616 6618 6619
f 6621 6622 6620
f 6620 6622 6623
f 6625 6626 6624
f 6624 6626 6627
f 6629 6630 6628
f 6628 6630 6631
f 6633 6634 6632
f 6632 6634 6635
f 6637 6638 6636
f 6636 6638 6639
f 6640 6641 6637
f 6637 6641 6638
f 6643 6633 6642
f 6642 6633 6632
f 6645 6646 6644
f 6644 6646 6647
f 6646 6648 6647
f 6647 6648 6649
f 6651 6652 6650
f 6650 6652 6653
f 6653 6652 6654
f 6654 6652 6655
f 6656 6657 6659
f 6659 6657 6658
f 6661 6662 6660
f 6660 6662 6663
f 6662 6661 6664
f 6664 6661 6665
f 6667 6657 6666
f 6666 6657 6656
f 6669 6670 6668
f 6668 6670 6671
f 6672 6673 6670
f 6670 6673 6671
f 6674 6675 6677
f 6677 6675 6676
f 6675 6678 6676
f 6676 6678 6679
f 6681 6682 6680
f 6680 6682 6683
f 6684 6685 6683
f 6683 6685 6680
f 6687 6688 6686
f 6686 6688 6689
f 6687 6690 6688
f 6688 6690 6691
f 6619 6618 6633
f 6633 6618 6634
f 6632 6635 6693
f 6693 6635 6692
f 6617 6694 6636
f 6636 6694 6637
f 6695 6692 6639
f 6639 6692 6635
f 6637 6694 6640
f 6640 6694 6696
f 6698 6638 6697
f 6697 6638 6641
f 6643 6616 6633
f 6633 6616 6619
f 6642 6699 6641
f 6641 6699 6697
f 6646 6645 6700
f 6700 6645 6621
f 6644 6701 6654
f 6654 6701 6702
f 6700 6703 6646
f 6646 6703 6648
f 6693 6704 6649
f 6649 6704 6647
f 6620 6623 6651
f 6651 6623 6652
f 6693 6649 6699
f 6699 6649 6650
f 6652 6623 6655
f 6655 6623 6622
f 6654 6702 6653
f 6653 6702 6697
f 6615 6614 6657
f 6657 6614 6658
f 6705 6656 6704
f 6704 6656 6659
f 6613 6706 6660
f 6660 6706 6661
f 6704 6659 6701
f 6701 6659 6663
f 6661 6706 6665
f 6665 6706 6707
f 6708 6702 6664
f 6664 6702 6662
f 6612 6615 6667
f 6667 6615 6657
f 6666 6709 6664
f 6664 6709 6708
f 6629 6710 6669
f 6669 6710 6670
f 6668 6711 6679
f 6679 6711 6712
f 6713 6672 6710
f 6710 6672 6670
f 6714 6671 6705
f 6705 6671 6673
f 6628 6631 6674
f 6674 6631 6675
f 6705 6673 6709
f 6709 6673 6677
f 6631 6630 6675
f 6675 6630 6678
f 6712 6708 6679
f 6679 6708 6676
f 6625 6715 6682
f 6682 6715 6683
f 6716 6717 6681
f 6681 6717 6691
f 6718 6684 6715
f 6715 6684 6683
f 6719 6680 6714
f 6714 6680 6685
f 6624 6627 6686
f 6686 6627 6687
f 6689 6711 6685
f 6685 6711 6714
f 6627 6626 6687
f 6687 6626 6690
f 6717 6712 6691
f 6691 6712 6688
f 6612 6707 6613
f 6613 6707 6706
f 6616 6696 6617
f 6617 6696 6694
f 6703 6700 6620
f 6620 6700 6621
f 6715 6625 6718
f 6718 6625 6624
f 6710 6629 6713
f 6713 6629 6628
f 6639 6635 6636
f 6636 6635 6634
f 6641 6640 6642
f 6642 6640 6643
f 6654 6655 6644
f 6644 6655 6645
f 6651 6650 6648
f 6648 6650 6649
f 6659 6658 6663
f 6663 6658 6660
f 6665 6667 6664
f 6664 6667 6666
f 6678 6669 6679
f 6679 6669 6668
f 6673 6672 6677
f 6677 6672 6674
f 6690 6682 6691
f 6691 6682 6681
f 6685 6684 6689
f 6689 6684 6686
f 6636 6634 6617
f 6617 6634 6618
f 6638 6698 6639
f 6639 6698 6695
f 6640 6696 6643
f 6643 6696 6616
f 6693 6699 6632
f 6632 6699 6642
f 6655 6622 6645
f 6645 6622 6621
f 6704 6701 6647
f 6647 6701 6644
f 6651 6648 6620
f 6620 6648 6703
f 6650 6653 6699
f 6699 6653 6697
f 6613 6660 6614
f 6614 6660 6658
f 6663 6662 6701
f 6701 6662 6702
f 6665 6707 6667
f 6667 6707 6612
f 6705 6709 6656
f 6656 6709 6666
f 6630 6629 6678
f 6678 6629 6669
f 6714 6711 6671
f 6671 6711 6668
f 6672 6713 6674
f 6674 6713 6628
f 6677 6676 6709
f 6709 6676 6708
f 6626 6625 6690
f 6690 6625 6682
f 6680 6719 6681
f 6681 6719 6716
f 6684 6718 6686
f 6686 6718 6624
f 6711 6689 6712
f 6689 6688 6712
f 6593 6720 6594
f 6594 6720 6721
f 6722 6720 4607
f 4607 6720 4849
f 6592 6723 6722
f 6722 6723 6724
f 4610 4609 6578
f 6578 4609 6575
f 6596 6595 6580
f 6580 6595 6579
f 4618 4617 6584
f 6584 4617 6581
f 6589 6585 6586
f 6586 6585 6606
f 4622 4619 6588
f 6588 4619 6589
f 4622 6588 4623
f 4623 6588 6590
f 4609 4645 6575
f 6575 4645 6593
f 4617 4612 6581
f 6581 4612 6579
f 5004 4610 6597
f 6597 4610 6578
f 4645 4849 6593
f 6593 4849 6720
f 6724 6721 6722
f 6722 6721 6720
f 6722 4607 6592
f 6592 4607 4606
f 6725 6610 6721
f 6721 6610 6594
f 6723 6726 6724
f 6724 6726 6727
f 6727 6725 6724
f 6724 6725 6721
f 6728 6729 6605
f 6605 6729 6608
f 6605 6607 6728
f 6728 6607 6730
f 6731 6732 6604
f 6604 6732 6603
f 6733 6734 6725
f 6725 6734 6610
f 6735 6733 6727
f 6727 6733 6725
f 6735 6727 6736
f 6736 6727 6726
f 6591 6609 6723
f 6723 6609 6726
f 6723 6592 6591
f 6591 6592 6590
f 6738 6739 6737
f 6737 6739 6740
f 6740 6739 6742
f 6742 6739 6741
f 6743 6744 6741
f 6741 6744 6742
f 6745 6746 6743
f 6743 6746 6744
f 6747 6748 6745
f 6745 6748 6746
f 6749 6750 6747
f 6747 6750 6748
f 6752 6738 6751
f 6751 6738 6737
f 6754 6752 6753
f 6753 6752 6751
f 6756 6754 6755
f 6755 6754 6753
f 6758 6750 6757
f 6757 6750 6749
f 6760 6756 6759
f 6759 6756 6755
f 6762 6760 6761
f 6761 6760 6759
f 6764 6762 6763
f 6763 6762 6761
f 6757 6764 6758
f 6758 6764 6763
f 6766 6741 6765
f 6765 6741 6739
f 6767 6743 6766
f 6766 6743 6741
f 6768 6745 6767
f 6767 6745 6743
f 6769 6747 6768
f 6768 6747 6745
f 6770 6749 6769
f 6769 6749 6747
f 6772 6769 6771
f 6771 6769 6768
f 6773 6770 6772
f 6772 6770 6769
f 6774 6775 6772
f 6772 6775 6773
f 6777 6778 6776
f 6776 6778 6779
f 6775 6774 6778
f 6778 6774 6779
f 6771 6780 6772
f 6772 6780 6774
f 6780 6781 6774
f 6774 6781 6779
f 6781 6782 6779
f 6779 6782 6776
f 6784 6785 6783
f 6783 6785 6786
f 6786 6787 6783
f 6783 6787 6788
f 6790 6788 6789
f 6789 6788 6787
f 6786 6785 6791
f 6791 6785 6792
f 6791 6793 6786
f 6786 6793 6787
f 6793 6794 6787
f 6787 6794 6789
f 6795 6796 6794
f 6794 6796 6789
f 6790 6789 6797
f 6797 6789 6796
f 6798 6765 6738
f 6738 6765 6739
f 6799 6798 6752
f 6752 6798 6738
f 6767 6800 6768
f 6768 6800 6771
f 6766 6801 6767
f 6767 6801 6800
f 6802 6801 6765
f 6765 6801 6766
f 6798 6803 6765
f 6765 6803 6802
f 6804 6803 6799
f 6799 6803 6798
f 6805 6806 6804
f 6804 6806 6803
f 6807 6799 6754
f 6754 6799 6752
f 6808 6804 6807
f 6807 6804 6799
f 6809 6805 6808
f 6808 6805 6804
f 6810 6811 6805
f 6805 6811 6806
f 6812 6813 6810
f 6810 6813 6811
f 6814 6815 6796
f 6796 6815 6797
f 6813 6814 6816
f 6816 6814 6817
f 6816 6818 6813
f 6813 6818 6811
f 6819 6806 6818
f 6818 6806 6811
f 6802 6803 6819
f 6819 6803 6806
f 6757 6749 6820
f 6820 6749 6770
f 6820 6770 6821
f 6821 6770 6773
f 6821 6773 6822
f 6822 6773 6775
f 6822 6775 6823
f 6823 6775 6778
f 6824 6823 6777
f 6777 6823 6778
f 6784 6825 6777
f 6777 6825 6824
f 6826 6827 6788
f 6788 6827 6783
f 6828 6826 6790
f 6790 6826 6788
f 6829 6828 6797
f 6797 6828 6790
f 6815 6830 6797
f 6797 6830 6829
f 6832 6812 6831
f 6831 6812 6810
f 6831 6810 6809
f 6809 6810 6805
f 6736 6800 6735
f 6735 6800 6801
f 6733 6735 6802
f 6802 6735 6801
f 6734 6733 6819
f 6819 6733 6802
f 6833 6734 6818
f 6818 6734 6819
f 6834 6833 6816
f 6816 6833 6818
f 6816 6817 6834
f 6834 6817 6835
f 6837 6795 6836
f 6836 6795 6794
f 6836 6794 6731
f 6731 6794 6793
f 6732 6731 6791
f 6791 6731 6793
f 6791 6792 6732
f 6732 6792 6730
f 6729 6728 6781
f 6781 6728 6782
f 6838 6807 6756
f 6756 6807 6754
f 6839 6838 6760
f 6760 6838 6756
f 6840 6839 6762
f 6762 6839 6760
f 6841 6840 6764
f 6764 6840 6762
f 6820 6841 6757
f 6757 6841 6764
f 6841 6820 6842
f 6842 6820 6821
f 6840 6841 6843
f 6843 6841 6842
f 6839 6840 6844
f 6844 6840 6843
f 6838 6839 6845
f 6845 6839 6844
f 6807 6838 6808
f 6808 6838 6845
f 6842 6821 6846
f 6846 6821 6822
f 6843 6842 6847
f 6847 6842 6846
f 6844 6843 6848
f 6848 6843 6847
f 6845 6844 6849
f 6849 6844 6848
f 6808 6845 6809
f 6809 6845 6849
f 6850 6831 6849
f 6849 6831 6809
f 6851 6850 6848
f 6848 6850 6849
f 6847 6852 6848
f 6848 6852 6851
f 6853 6852 6846
f 6846 6852 6847
f 6846 6822 6853
f 6853 6822 6823
f 6853 6823 6854
f 6854 6823 6824
f 6854 6855 6853
f 6853 6855 6852
f 6856 6851 6855
f 6855 6851 6852
f 6856 6857 6851
f 6851 6857 6850
f 6857 6832 6850
f 6850 6832 6831
f 6825 6858 6824
f 6824 6858 6854
f 6860 6827 6859
f 6859 6827 6826
f 6859 6826 6861
f 6861 6826 6828
f 6862 6861 6829
f 6829 6861 6828
f 6830 6863 6829
f 6829 6863 6862
f 6863 6864 6862
f 6862 6864 6865
f 6858 6866 6854
f 6854 6866 6855
f 6867 6865 6866
f 6866 6865 6864
f 6869 6859 6868
f 6868 6859 6861
f 6867 6869 6865
f 6865 6869 6868
f 6861 6862 6868
f 6868 6862 6865
f 6867 6860 6869
f 6869 6860 6859
f 6753 6751 6698
f 6698 6751 6695
f 6697 6755 6698
f 6698 6755 6753
f 6759 6755 6702
f 6702 6755 6697
f 6761 6759 6708
f 6708 6759 6702
f 6763 6761 6712
f 6712 6761 6708
f 6758 6763 6717
f 6717 6763 6712
f 6750 6758 6716
f 6716 6758 6717
f 6719 6748 6716
f 6716 6748 6750
f 6714 6746 6719
f 6719 6746 6748
f 6705 6744 6714
f 6714 6744 6746
f 6704 6742 6705
f 6705 6742 6744
f 6740 6742 6693
f 6693 6742 6704
f 6737 6740 6692
f 6692 6740 6693
f 6751 6737 6695
f 6695 6737 6692
f 6601 6602 6836
f 6836 6602 6837
f 6604 6601 6731
f 6731 6601 6836
f 6599 6600 6834
f 6834 6600 6833
f 6834 6835 6599
f 6599 6835 6611
f 6600 6610 6833
f 6833 6610 6734
f 6780 6771 6870
f 6870 6771 6736
f 6736 6771 6800
f 6870 6729 6780
f 6780 6729 6781
f 6608 6729 6609
f 6609 6729 6870
f 6609 6870 6726
f 6726 6870 6736
f 5014 5015 5229
f 5229 5015 5230
f 4258 5015 4259
f 4259 5015 4878
f 3471 3013 4703
f 4703 3013 4704
f 2879 6337 1306
f 1306 6337 4785
f 829 3471 4316
f 4316 3471 4703
f 4702 3472 5223
f 5223 3472 1756
f 6871 6872 4534
f 4534 6872 4535
f 6871 4665 6872
f 6872 4665 4844
f 6871 6873 4665
f 4665 6873 4559
f 6871 4534 6873
f 6873 4534 4542
f 4153 4152 4822
f 4822 4152 4407
f 4152 4168 4407
f 4407 4168 4342
f 4343 4168 4923
f 4923 4168 4167
f 4363 4362 4972
f 4972 4362 4840
f 4362 4394 4840
f 4840 4394 4839
f 4401 4400 4986
f 4986 4400 4984
f 4435 4434 4841
f 4841 4434 4842
f 4506 4505 4530
f 4530 4505 4531
f 4506 4535 4507
f 4507 4535 4843
f 4661 4660 4516
f 4516 4660 4517
f 4673 4672 4937
f 4937 4672 6547
f 4400 4924 4984
f 4984 4924 5263
f 4673 4660 4674
f 4674 4660 4659
f 4505 4661 4531
f 4531 4661 4516
f 4952 4401 6874
f 6874 4401 4986
f 4954 4153 6875
f 6875 4153 4822
f 4363 4973 4364
f 4364 4973 4974
f 5264 4924 5267
f 5267 4924 4691
f 6293 6292 6876
f 6876 6292 6877
f 6380 4343 6387
f 6387 4343 4923
f 4394 4435 4839
f 4839 4435 4841
f 4672 4434 6547
f 6547 4434 4433
f 4973 6556 4974
f 4974 6556 6878
f 6567 6380 6574
f 6574 6380 6387
f 6292 4954 6877
f 6877 4954 6875
f 6567 5264 6568
f 6568 5264 5267
f 4145 4144 4154
f 4154 4144 4151
f 4194 4144 4425
f 4425 4144 4143
f 4355 4354 5263
f 5263 4354 4984
f 4360 4359 4364
f 4364 4359 4361
f 4444 4359 4392
f 4392 4359 4337
f 4447 4446 4432
f 4432 4446 4433
f 4464 4463 6547
f 6547 4463 4937
f 4519 4518 4654
f 4654 4518 4509
f 4533 4532 4499
f 4499 4532 4498
f 4533 4542 4530
f 4530 4542 4534
f 4519 4532 4516
f 4516 4532 4531
f 4922 4194 4426
f 4426 4194 4425
f 4463 4518 4937
f 4937 4518 4517
f 6555 4951 6874
f 6874 4951 6878
f 4958 4957 6290
f 6290 4957 6291
f 4334 4360 4712
f 4712 4360 4950
f 4985 4354 4419
f 4419 4354 4353
f 5262 4355 5265
f 5265 4355 5263
f 6294 4958 4804
f 4804 4958 6290
f 6386 4922 6384
f 6384 4922 4426
f 4444 4447 4393
f 4393 4447 4432
f 4464 4446 4465
f 4465 4446 4445
f 4985 6555 4986
f 4986 6555 6874
f 6573 6386 6571
f 6571 6386 6384
f 4145 6294 4146
f 4146 6294 4804
f 6573 5262 6574
f 6574 5262 5265
f 4542 4541 6873
f 6873 4541 4559
f 4535 6872 4843
f 4843 6872 4844
f 4104 4103 6879
f 6879 4103 6343
f 4105 6293 6307
f 6307 6293 6876
f 4104 4956 4105
f 4105 4956 6293
f 4956 4104 4957
f 4957 4104 6879
f 4957 6879 6291
f 6291 6879 6309
f 4648 4988 4649
f 4649 4988 4953
f 4802 4803 4928
f 4928 4803 6550
f 6550 4803 6555
f 6555 4803 4951
f 1516 3173 4987
f 4987 3173 5006
f 6519 6518 6558
f 6558 6518 6510
f 6527 6519 6559
f 6559 6519 6558
f 6528 6560 6529
f 6529 6560 6541
f 6548 4625 6549
f 6549 4625 4624
f 6551 6552 4746
f 4746 6552 6505
f 6553 4711 6554
f 6554 4711 4710
f 4802 6551 4713
f 4713 6551 4746
f 6556 4973 4649
f 4649 4973 4646
f 6557 4949 6548
f 6548 4949 4625
f 4648 4647 6553
f 6553 4647 4711
f 6549 4624 4987
f 4987 4624 4838
f 6552 6518 6505
f 6505 6518 6507
f 6561 4372 6529
f 6529 4372 6514
f 6562 4369 6561
f 6561 4369 4372
f 3142 3482 6562
f 6562 3482 4369
f 6556 4952 6878
f 6878 4952 6874
f 4951 4950 6878
f 6878 4950 4974
f 3168 440 3952
f 4204 4203 5341
f 5341 4203 6364
f 4219 4222 6429
f 6429 4222 4383
f 4319 4322 6506
f 6506 4322 4747
f 4340 4714 4341
f 4341 4714 4384
f 4375 4377 6388
f 6388 4377 6546
f 4378 4381 6311
f 6311 4381 4720
f 4449 4341 4387
f 4387 4341 4384
f 4473 4472 4477
f 4477 4472 4474
f 4492 4491 4487
f 4487 4491 4488
f 4523 4491 4522
f 4522 4491 4490
f 4492 4538 4493
f 4493 4538 4555
f 4538 4553 4555
f 4555 4553 4556
f 4620 4615 4621
f 4621 4615 4618
f 4652 4651 4368
f 4368 4651 4365
f 4523 4655 4524
f 4524 4655 4656
f 4553 4667 4556
f 4556 4667 4571
f 4651 1210 4365
f 4365 1210 1209
f 4698 4697 5223
f 5223 4697 6344
f 4340 4339 4322
f 4322 4339 4747
f 4726 4729 5287
f 5287 4729 4198
f 4381 4380 4737
f 4737 4380 6368
f 4836 4835 4451
f 4451 4835 4709
f 4910 6367 4911
f 4911 6367 6366
f 4912 4915 6450
f 6450 4915 6449
f 4927 4836 4450
f 4450 4836 4451
f 4930 4929 4439
f 4439 4929 4436
f 4936 4935 4459
f 4459 4935 4456
f 4473 4655 4470
f 4470 4655 4510
f 4942 4583 4943
f 4943 4583 4572
f 4948 4601 4947
f 4947 4601 4584
f 4949 4835 4625
f 4625 4835 4626
f 4966 4969 6289
f 6289 4969 4695
f 4971 4652 4926
f 4926 4652 4368
f 4203 4977 6364
f 6364 4977 6365
f 4990 4989 4443
f 4443 4989 4440
f 4990 4991 4478
f 4478 4991 4512
f 4992 4991 4528
f 4528 4991 4515
f 4992 4993 4527
f 4527 4993 4485
f 4994 4993 4502
f 4502 4993 4503
f 4994 4995 4482
f 4482 4995 4550
f 4543 4996 4544
f 4544 4996 4995
f 4999 4998 4567
f 4567 4998 4578
f 5000 4998 4575
f 4575 4998 4997
f 5002 5001 4592
f 4592 5001 4574
f 5003 5004 4614
f 4614 5004 4611
f 3483 4215 1755
f 1755 4215 4698
f 5274 5277 4195
f 4195 5277 4223
f 4726 5295 4727
f 4727 5295 6350
f 5309 5342 5310
f 5310 5342 6363
f 5315 5314 5316
f 5316 5314 5317
f 5339 6362 5340
f 5340 6362 5363
f 5310 6363 5339
f 5339 6363 6362
f 4204 5309 4201
f 4201 5309 5308
f 4915 5345 6449
f 6449 5345 6448
f 5345 5315 6448
f 6448 5315 5316
f 5348 5347 6351
f 6351 5347 6352
f 5365 4263 5340
f 5340 4263 4262
f 6295 6298 4733
f 4733 6298 4734
f 4969 6306 4695
f 4695 6306 4696
f 6306 4378 4696
f 4696 4378 6311
f 6369 6372 6544
f 6544 6372 6545
f 4375 6390 4373
f 4373 6390 4374
f 6421 6422 4911
f 4911 6422 4908
f 4910 4909 4737
f 4737 4909 4736
f 5277 4219 4223
f 4223 4219 6429
f 4697 4222 6344
f 6344 4222 4221
f 6436 6361 6437
f 6437 6361 6360
f 6438 6440 6437
f 6437 6440 6434
f 6438 6359 6441
f 6441 6359 6358
f 6442 6441 6357
f 6357 6441 6358
f 6442 6444 6443
f 6443 6444 6445
f 6446 6444 6355
f 6355 6444 6356
f 6446 4912 6447
f 6447 4912 6450
f 6436 6435 5365
f 5365 6435 4263
f 5314 5347 5317
f 5317 5347 5346
f 4319 6512 4320
f 4320 6512 6513
f 6520 6512 6521
f 6521 6512 6508
f 6528 6520 6527
f 6527 6520 6521
f 6532 6539 6533
f 6533 6539 6535
f 6533 6535 6537
f 6537 6535 6534
f 6538 6543 6537
f 6537 6543 6536
f 6295 4377 6296
f 6296 4377 4376
f 4989 4930 4440
f 4440 4930 4439
f 4927 4929 4422
f 4422 4929 4455
f 4449 4936 4388
f 4388 4936 4459
f 4472 4935 4474
f 4474 4935 4932
f 4942 4940 4947
f 4947 4940 4939
f 5001 5000 4574
f 4574 5000 4575
f 4669 4943 4666
f 4666 4943 4667
f 4996 4999 4547
f 4547 4999 4567
f 4948 4946 4620
f 4620 4946 4615
f 5003 5002 4591
f 4591 5002 4592
f 6557 4971 6554
f 6554 4971 4926
f 6532 6560 6539
f 6539 6560 6559
f 6390 6372 4374
f 4374 6372 6371
f 4966 6298 4967
f 4967 6298 6297
f 6538 6526 6369
f 6369 6526 6370
f 6585 6589 4621
f 4621 6589 4619
f 6597 6578 6598
f 6598 6578 6577
f 6606 6583 6607
f 6607 6583 6603
f 6611 6602 6598
f 6598 6602 6596
f 6585 6584 6606
f 6606 6584 6583
f 6597 6580 5004
f 5004 6580 4611
f 6607 6603 6730
f 6730 6603 6732
f 6776 6785 6777
f 6777 6785 6784
f 6785 6776 6792
f 6792 6776 6782
f 6815 6814 6812
f 6812 6814 6813
f 6817 6814 6795
f 6795 6814 6796
f 6825 6784 6827
f 6827 6784 6783
f 6830 6815 6832
f 6832 6815 6812
f 6817 6795 6835
f 6835 6795 6837
f 6792 6782 6730
f 6730 6782 6728
f 6858 6825 6860
f 6860 6825 6827
f 6863 6830 6857
f 6857 6830 6832
f 6864 6863 6856
f 6856 6863 6857
f 6866 6858 6867
f 6867 6858 6860
f 6866 6864 6855
f 6855 6864 6856
f 6835 6837 6611
f 6611 6837 6602
f 6560 6528 6559
f 6559 6528 6527
f 4949 6557 4710
f 4710 6557 6554
f 4430 4090 4175
f 4175 4090 4089
f 4777 4113 4155
f 4155 4113 4086
f 4175 4089 4176
f 4176 4089 4142
f 4199 4271 4200
f 4200 4271 4798
f 4199 4095 4272
f 4272 4095 5273
f 4406 4405 4404
f 4404 4405 4346
f 4410 4409 6877
f 6877 4409 6876
f 4409 4413 6876
f 6876 4413 6307
f 4415 4148 4416
f 4416 4148 4147
f 4690 4405 4344
f 4344 4405 4342
f 4693 4692 4352
f 4352 4692 4349
f 4701 4700 6337
f 6337 4700 6338
f 4778 4777 4081
f 4081 4777 4155
f 4821 4406 4809
f 4809 4406 4404
f 4176 4142 4181
f 4181 4142 4415
f 4760 4970 4399
f 4399 4970 4692
f 4200 5007 4096
f 4096 5007 4078
f 5266 4693 5269
f 5269 4693 4352
f 5270 5007 5361
f 5361 5007 4797
f 4778 5270 4779
f 4779 5270 5361
f 6285 4410 6875
f 6875 4410 6877
f 6308 4413 4687
f 4687 4413 4412
f 6480 6320 6481
f 6481 6320 6880
f 4701 2878 4702
f 4702 2878 3472
f 6339 6347 6340
f 6340 6347 6348
f 6341 6342 6346
f 6346 6342 6345
f 4416 6308 4414
f 4414 6308 4687
f 6385 4690 6381
f 6381 4690 4344
f 5282 6341 5280
f 5280 6341 6339
f 4700 6342 6338
f 6338 6342 5281
f 6340 6348 4272
f 4272 6348 4270
f 6480 6479 4828
f 4828 6479 4829
f 6490 6479 6489
f 6489 6479 6478
f 4090 4430 6490
f 6490 4430 4429
f 6563 6564 4970
f 4970 6564 4815
f 4694 6566 4366
f 4366 6566 6563
f 6572 6385 6568
f 6568 6385 6381
f 4821 6285 4822
f 4822 6285 6875
f 6572 5266 6569
f 6569 5266 5269
f 3482 3103 4369
f 4369 3103 4370
f 3121 4730 3485
f 3485 4730 4327
f 6277 6280 6273
f 6273 6280 6272
f 6267 6276 6278
f 6278 6276 6279
f 6278 6279 6277
f 6277 6279 6280
f 6279 6256 6280
f 6280 6256 6255
f 6256 3857 6255
f 6255 3857 3754
f 3857 3856 3754
f 3754 3856 3755
f 3856 3703 3755
f 3755 3703 3863
f 3703 3702 3863
f 3863 3702 3759
f 3702 3706 3759
f 3759 3706 3670
f 3706 3705 3670
f 3670 3705 3668
f 3705 3773 3668
f 3668 3773 3882
f 3882 3773 3883
f 3883 3773 3707
f 3707 3708 3883
f 3883 3708 3880
f 3708 3710 3880
f 3880 3710 3881
f 3709 5241 3710
f 3710 5241 3881
f 5241 3709 5234
f 5234 3709 3786
f 3693 3712 3786
f 3786 3712 5234
f 4051 4055 4052
f 4052 4055 4056
f 4056 4055 4057
f 4057 4055 4054
f 4066 5238 5236
f 5236 5238 3989
f 4066 4069 5238
f 5238 4069 4035
f 6881 3962 3960
f 3960 3962 3957
f 6883 4070 6882
f 6882 4070 3941
f 4070 6883 4071
f 4071 6883 6884
f 4071 6884 4072
f 4072 6884 6885
f 6885 6886 4072
f 4072 6886 4031
f 3955 6881 3956
f 3956 6881 3960
f 6884 3991 6885
f 6885 3991 3990
f 6883 6887 6884
f 6884 6887 3991
f 6887 6888 3991
f 3991 6888 3992
f 6888 6887 6889
f 6889 6887 6890
f 6887 6883 6890
f 6890 6883 6882
f 4058 5240 3953
f 3953 5240 3954
f 5236 6888 5239
f 5239 6888 6889
f 5237 6886 3990
f 3990 6886 6885
f 4034 4031 5237
f 5237 4031 6886
f 6881 6882 3962
f 3962 6882 3941
f 6881 3955 6882
f 6882 3955 6890
f 3955 3954 6890
f 6890 3954 6889
f 5239 6889 5240
f 5240 6889 3954
f 6888 5236 3992
f 3992 5236 3989
f 3869 3868 3888
f 3888 3868 4015
f 3868 4012 4015
f 4015 4012 4010
f 4012 4022 4010
f 4010 4022 4009
f 4022 4021 4009
f 4009 4021 4018
f 4020 3974 4001
f 4001 3974 3996
f 4021 4020 4029
f 4029 4020 4001
f 4085 4156 4086
f 4086 4156 4155
f 4113 4777 4114
f 4114 4777 4776
f 4130 4129 4094
f 4094 4129 4091
f 4139 4773 4140
f 4140 4773 4772
f 4149 4178 4150
f 4150 4178 5225
f 4160 4159 4087
f 4087 4159 4088
f 4149 4148 4179
f 4179 4148 4141
f 4085 4084 4183
f 4183 4084 6315
f 4179 4141 4159
f 4159 4141 4088
f 4192 4130 4162
f 4162 4130 4094
f 4197 5288 4198
f 4198 5288 5287
f 4229 4766 4230
f 4230 4766 4771
f 4245 4246 4242
f 4242 4246 4249
f 4183 6315 4418
f 4418 6315 6314
f 4679 4178 4680
f 4680 4178 4177
f 4724 4798 4725
f 4725 4798 4271
f 4728 5275 4729
f 4729 5275 5274
f 4230 4771 4249
f 4249 4771 4242
f 4724 4723 4799
f 4799 4723 5355
f 4823 4824 4891
f 4891 4824 6327
f 4823 4192 4161
f 4161 4192 4162
f 4893 4767 4229
f 4229 4767 4766
f 4894 4895 4898
f 4898 4895 4899
f 4106 4150 4103
f 4103 4150 5225
f 4680 4894 4677
f 4677 4894 4898
f 6420 4977 5301
f 5301 4977 4976
f 4679 4678 5226
f 5226 4678 4427
f 5228 5008 4893
f 4893 5008 4767
f 5285 6354 5286
f 5286 6354 5343
f 5289 5352 5290
f 5290 5352 5349
f 5290 5349 5295
f 5295 5349 5348
f 5302 5299 4202
f 4202 5299 4976
f 4725 4271 5311
f 5311 4271 4270
f 5325 4723 5326
f 5326 4723 4722
f 5335 5355 5325
f 5325 5355 4723
f 5326 4722 5286
f 5286 4722 5283
f 4799 5357 4797
f 4797 5357 5361
f 5359 5356 5335
f 5335 5356 5355
f 4775 4774 5356
f 5356 4774 5357
f 5359 5358 4092
f 4092 5358 4093
f 6316 4740 6317
f 6317 4740 4739
f 6318 4827 6316
f 6316 4827 4740
f 6319 4828 6318
f 6318 4828 4827
f 6320 6480 6319
f 6319 6480 4828
f 6484 6322 6485
f 6485 6322 6321
f 6487 6324 6331
f 6331 6324 6323
f 6331 6323 6330
f 6330 6323 6325
f 6325 6326 6330
f 6330 6326 6329
f 6326 6328 6329
f 6329 6328 5231
f 4824 4685 5228
f 5228 4685 5008
f 5226 6343 5225
f 5225 6343 4103
f 4728 4727 6349
f 6349 4727 5284
f 6350 6351 5285
f 5285 6351 6354
f 4247 4246 6418
f 6418 4246 6365
f 6400 6402 6401
f 6401 6402 6459
f 4197 4196 6409
f 6409 4196 6426
f 6412 4897 6328
f 6328 4897 5231
f 6413 4133 6412
f 6412 4133 4897
f 6414 4134 6413
f 6413 4134 4133
f 6415 4225 6414
f 6414 4225 4134
f 6416 4252 6415
f 6415 4252 4225
f 6417 4253 6416
f 6416 4253 4252
f 4253 6417 6366
f 6366 6417 6419
f 6366 6419 4911
f 4911 6419 6421
f 6422 6423 4908
f 4908 6423 5298
f 5298 6423 6396
f 6396 6423 6424
f 6409 6426 6425
f 6425 6426 6397
f 5300 5299 6399
f 6399 5299 6400
f 6465 6408 6401
f 6401 6408 6398
f 6424 6399 6425
f 6425 6399 6398
f 6349 5284 5311
f 5311 5284 5283
f 6465 6464 5289
f 5289 6464 5352
f 6488 6483 6492
f 6492 6483 6482
f 6486 6491 6482
f 6482 6491 6492
f 6491 4895 6492
f 6492 4895 4157
f 6488 4160 6489
f 6489 4160 4087
f 6501 6502 4418
f 4418 6502 4417
f 6504 6500 6317
f 6317 6500 6314
f 3497 3496 6501
f 6501 3496 6502
f 3499 3498 6504
f 6504 3498 6500
f 4729 5274 4198
f 4198 5274 4195
f 6418 6365 6420
f 6420 6365 4977
f 5295 5348 6350
f 6350 5348 6351
f 5301 6422 6420
f 6420 6422 6421
f 4113 4112 4086
f 4086 4112 4083
f 6320 4112 6880
f 6880 4112 4111
f 4091 4772 4092
f 4092 4772 4775
f 4129 4140 4091
f 4091 4140 4772
f 4137 4140 4128
f 4128 4140 4129
f 4128 6324 4137
f 4137 6324 6321
f 6324 6487 6321
f 6321 6487 6485
f 6487 6486 6485
f 6485 6486 6482
f 4774 4773 4779
f 4779 4773 4776
f 4773 4139 4776
f 4776 4139 4114
f 4139 4138 4114
f 4114 4138 4111
f 4138 6322 4111
f 4111 6322 6880
f 6322 6484 6880
f 6880 6484 6481
f 6484 6483 6481
f 6481 6483 6478
f 6879 6343 6309
f 6309 6343 4428
f 4106 4105 4900
f 4900 4105 6307
f 3500 3167 6495
f 6495 3167 6496
f 3500 6495 3070
f 3070 6495 5368
f 3502 5235 3501
f 3501 5235 4813
f 3024 3503 6473
f 6473 3503 6474
f 3503 3023 6474
f 6474 3023 6374
f 3504 1770 4348
f 4348 1770 4345
f 3502 3505 5235
f 5235 3505 4810
f 3498 3497 6500
f 6500 3497 6501
f 3496 3075 6502
f 6502 3075 6275
f 6299 4254 3174
f 3174 4254 3017
f 1769 3501 4814
f 4814 3501 4813
f 3506 3018 6476
f 6476 3018 4257
f 3507 3499 6499
f 6499 3499 6504
f 3030 4216 3483
f 3483 4216 4215
f 3077 3507 6333
f 6333 3507 6499
f 1784 3160 5249
f 5249 3160 6523
f 3015 3506 4240
f 4240 3506 6476
f 3508 3504 6383
f 6383 3504 4348
f 3509 3016 6477
f 6477 3016 4239
f 3028 3509 6467
f 6467 3509 6477
f 3022 1785 5246
f 5246 1785 5247
f 3161 3508 6570
f 6570 3508 6383
f 3150 3149 4694
f 4694 3149 6566
f 1327 4807 3510
f 3510 4807 4811
f 3510 4811 3505
f 3505 4811 4810
f 3146 3511 4816
f 4816 3511 4350
f 3511 1808 4350
f 4350 1808 4351
f 3485 4327 3159
f 3159 4327 4330
f 1326 3512 4806
f 4806 3512 6310
f 3512 1331 6310
f 6310 1331 4688
