v 1.00265908241272 1.38267970085144 0.436322301626205
v 1.00470387935638 1.36778974533081 0.42829555273056
v 0.998518586158752 1.36464667320251 0.44118458032608
v 0.997548878192902 1.37590909004211 0.451506018638611
v 0.999479651451111 1.35511720180511 0.434518873691559
v 1.0055980682373 1.35630655288696 0.423860877752304
v 0.996704459190369 1.35903012752533 0.45345139503479
v 0.996647357940674 1.36673069000244 0.464912325143814
v 0.997076034545898 1.32441556453705 0.468133389949799
v 0.997946798801422 1.32000970840454 0.479093641042709
v 0.997222423553467 1.33248662948608 0.476897686719894
v 0.997834503650665 1.33346021175385 0.466179370880127
v 0.999986469745636 1.29844307899475 0.472368091344833
v 1.0017796754837 1.28880763053894 0.462652504444122
v 1.00435531139374 1.28020012378693 0.473256051540375
v 1.00400006771088 1.28947746753693 0.483359336853027
v 1.02062702178955 1.30129265785217 0.426023781299591
v 1.01610839366913 1.29473376274109 0.429690808057785
v 1.01271724700928 1.3015730381012 0.431712687015533
v 1.01796340942383 1.30734646320343 0.427948147058487
v 1.02607500553131 1.31075036525726 0.415919035673141
v 1.02644884586334 1.31638550758362 0.419054836034775
v 1.02854335308075 1.31994152069092 0.412180304527283
v 1.02698850631714 1.31351685523987 0.408499956130981
v 1.02542412281036 1.29599058628082 0.42381751537323
v 1.02080893516541 1.28914129734039 0.428139984607697
v 1.0240865945816 1.3069155216217 0.422277063131332
v 1.02504408359528 1.30238139629364 0.419709384441376
v 1.0231419801712 1.29563295841217 0.409211307764053
v 1.02226221561432 1.30047380924225 0.411011338233948
v 1.02226889133453 1.30121052265167 0.403315484523773
v 1.02387952804565 1.29580509662628 0.403597265481949
v 1.02462410926819 1.29544687271118 0.419005274772644
v 1.02289152145386 1.29829251766205 0.416538000106812
v 1.0241584777832 1.29434108734131 0.413482695817947
v 1.02693653106689 1.29234457015991 0.415909469127655
v 1.02544808387756 1.30627036094666 0.4133360683918
v 1.02509224414825 1.30778872966766 0.405641913414001
v 1.02545523643494 1.30888044834137 0.397501200437546
v 1.02311372756958 1.30047821998596 0.395233750343323
v 1.00953769683838 1.28148639202118 0.441568344831467
v 1.01186776161194 1.28821575641632 0.434945225715637
v 1.01647508144379 1.28331589698792 0.432772934436798
v 1.01369857788086 1.27787137031555 0.437976896762848
v 1.02729249000549 1.28944671154022 0.419700741767883
v 1.02420151233673 1.27368068695068 0.422594130039215
v 1.02373600006104 1.27744734287262 0.422187089920044
v 1.02731263637543 1.27803611755371 0.415857404470444
v 1.02720069885254 1.27451252937317 0.416651397943497
v 1.00966382026672 1.2676876783371 0.453244984149933
v 1.01261293888092 1.26616811752319 0.446390986442566
v 1.0136399269104 1.25941801071167 0.449666202068329
v 1.01177561283112 1.25954163074493 0.457537710666656
v 1.01636898517609 1.25349235534668 0.450167953968048
v 1.0146312713623 1.25171148777008 0.460510611534119
v 1.02266323566437 1.23759746551514 0.457351952791214
v 1.01866781711578 1.24378371238708 0.459431409835815
v 1.01953041553497 1.24780309200287 0.448379635810852
v 1.02278029918671 1.24260115623474 0.443484842777252
v 1.02916133403778 1.24691212177277 0.429627001285553
v 1.0330570936203 1.24537563323975 0.424590617418289
v 1.03017735481262 1.23339247703552 0.429853618144989
v 1.02638471126556 1.23705387115479 0.436111479997635
v 1.02667927742004 1.26799857616425 0.426824688911438
v 1.02452576160431 1.2682820558548 0.431096196174622
v 1.02313256263733 1.26961398124695 0.429045885801315
v 1.02513027191162 1.27049708366394 0.424128174781799
v 1.02218675613403 1.26809024810791 0.434414148330688
v 1.02102553844452 1.26782023906708 0.435815095901489
v 1.02061796188354 1.26907277107239 0.434525489807129
v 1.02192068099976 1.26882874965668 0.43377223610878
v 1.02342736721039 1.26843047142029 0.432423382997513
v 1.02419435977936 1.26648342609406 0.431780099868774
v 1.02280902862549 1.2672632932663 0.433673143386841
v 1.0260317325592 1.2654767036438 0.427729725837708
v 1.03324091434479 1.26253986358643 0.414899915456772
v 1.03047931194305 1.26312494277954 0.41788637638092
v 1.03208792209625 1.26761364936829 0.417657226324081
v 1.03452610969543 1.26742351055145 0.415146738290787
v 1.02125632762909 1.27095830440521 0.432076185941696
v 1.01913261413574 1.27241611480713 0.433415800333023
v 1.02077496051788 1.27498936653137 0.428467273712158
v 1.02227306365967 1.27226543426514 0.428676277399063
v 1.016765832901 1.27436518669128 0.434805780649185
v 1.01883089542389 1.27028620243073 0.436058640480042
v 1.01642870903015 1.27107119560242 0.43809100985527
v 1.02169346809387 1.26612079143524 0.43578714132309
v 1.02003049850464 1.26450479030609 0.43853372335434
v 1.01886081695557 1.26706099510193 0.437579035758972
v 1.02169287204742 1.26127862930298 0.437524616718292
v 1.02339661121368 1.26418328285217 0.433915704488754
v 1.02518558502197 1.26215386390686 0.429968655109406
v 1.02752375602722 1.26025533676147 0.424839437007904
v 1.02691900730133 1.25567269325256 0.429119169712067
v 1.02393591403961 1.25819671154022 0.434016972780228
v 1.019211769104 1.27893328666687 0.429833382368088
v 1.01610231399536 1.2665593624115 0.441378653049469
v 1.01292264461517 1.27291464805603 0.442486941814423
v 1.01703023910522 1.26188623905182 0.442876636981964
v 1.01913201808929 1.25739252567291 0.442676305770874
v 1.02219986915588 1.2532342672348 0.439941883087158
v 1.02543163299561 1.24982309341431 0.434890687465668
v 1.03350448608398 1.22549962997437 0.442251622676849
v 1.02811527252197 1.23070693016052 0.449106156826019
v 1.00874316692352 1.34865188598633 0.425267666578293
v 1.00235223770142 1.34823942184448 0.432278573513031
v 1.00467991828918 1.34092402458191 0.437246263027191
v 1.00287485122681 1.3431042432785 0.438048899173737
v 1.00606632232666 1.34448599815369 0.432603061199188
v 1.00729489326477 1.34191000461578 0.433187454938889
v 1.00014531612396 1.33482050895691 0.457960993051529
v 1.002161860466 1.33622574806213 0.45133575797081
v 1.00263500213623 1.33257234096527 0.453050762414932
v 0.999138593673706 1.32830762863159 0.459719002246857
v 1.00615847110748 1.32445323467255 0.443745255470276
v 1.00391721725464 1.32597851753235 0.448622941970825
v 1.00563883781433 1.3324248790741 0.443901687860489
v 1.00723648071289 1.33128809928894 0.440262287855148
v 1.00967669487 1.33066689968109 0.436749219894409
v 1.01285016536713 1.33058166503906 0.433552831411362
v 1.01310563087463 1.32526385784149 0.434748023748398
v 1.00942754745483 1.32447123527527 0.438845157623291
v 1.01131021976471 1.34542226791382 0.428278923034668
v 1.01795506477356 1.34465432167053 0.425034701824188
v 1.0173020362854 1.34173333644867 0.426865965127945
v 1.01160407066345 1.34236586093903 0.429201424121857
v 1.02899277210236 1.33551275730133 0.427021682262421
v 1.02734434604645 1.33792233467102 0.426460474729538
v 1.02991986274719 1.33925771713257 0.423648953437805
v 1.03124928474426 1.33485352993011 0.424354910850525
v 1.02916264533997 1.33185887336731 0.425532191991806
v 1.02763283252716 1.33386981487274 0.427345514297485
v 1.01051712036133 1.40398800373077 0.432098358869553
v 1.01081311702728 1.38714993000031 0.423160970211029
v 1.00222659111023 1.39798247814178 0.449348449707031
v 0.999327600002289 1.38750290870667 0.464677929878235
v 0.997316837310791 1.37461936473846 0.477558642625809
v 1.00660181045532 1.2725909948349 0.462649285793304
v 1.008753657341 1.26400125026703 0.46973791718483
v 1.00746500492096 1.27236866950989 0.483398586511612
v 1.01224172115326 1.26263725757599 0.487998783588409
v 1.01281690597534 1.25409460067749 0.473420232534409
v 1.0264093875885 1.23612499237061 0.471795260906219
v 1.0188227891922 1.24416387081146 0.474318355321884
v 1.01989507675171 1.25323343276978 0.492013454437256
v 1.02036762237549 1.26696920394897 0.507765769958496
v 1.0128892660141 1.27332615852356 0.501000702381134
v 1.02190387248993 1.28342461585999 0.518919229507446
v 1.02998542785645 1.26041269302368 0.517486870288849
v 1.0283442735672 1.28286516666412 0.526138663291931
v 1.04204881191254 1.22686839103699 0.513800442218781
v 1.04322969913483 1.21847784519196 0.52075719833374
v 1.04447257518768 1.2265636920929 0.536664426326752
v 1.04075789451599 1.23494231700897 0.530153810977936
v 1.0077223777771 1.28087449073792 0.493815332651138
v 0.998444855213165 1.3433792591095 0.483416765928268
v 0.997288942337036 1.34269285202026 0.471593827009201
v 0.999176919460297 1.33089137077332 0.488835752010345
v 1.00330829620361 1.4050464630127 0.498386293649673
v 1.00220680236816 1.39783215522766 0.480368852615356
v 0.998079776763916 1.38321661949158 0.490311980247498
v 1.00136733055115 1.39095079898834 0.505695879459381
v 1.02314186096191 1.43897032737732 0.474925845861435
v 1.01501441001892 1.42355132102966 0.452303260564804
v 1.00805103778839 1.41341376304626 0.465877622365952
v 1.01252782344818 1.42511808872223 0.485085427761078
v 1.00599026679993 1.39340174198151 0.518875360488892
v 1.01330983638763 1.39599573612213 0.536882519721985
v 1.02029287815094 1.41248691082001 0.539669930934906
v 1.01063585281372 1.41173195838928 0.518081247806549
v 1.03323698043823 1.43289518356323 0.538611769676208
v 1.02229046821594 1.43240225315094 0.512533783912659
v 1.03786563873291 1.27079010009766 0.535939455032349
v 1.03499710559845 1.28926777839661 0.536509871482849
v 1.03615975379944 1.24582028388977 0.521960437297821
v 1.0412654876709 1.25535571575165 0.538189232349396
v 1.05067586898804 1.44787383079529 0.532513499259949
v 1.03706753253937 1.44882202148438 0.503061532974243
v 1.04763054847717 1.37837517261505 0.576291441917419
v 1.04010140895844 1.39513683319092 0.569682419300079
v 1.0278548002243 1.38128519058228 0.558612823486328
v 1.03549158573151 1.36805653572083 0.566421985626221
v 1.06316709518433 1.38996195793152 0.585393905639648
v 1.05630910396576 1.40939855575562 0.576312184333801
v 1.0626802444458 1.32372844219208 0.57387238740921
v 1.06787538528442 1.30603933334351 0.565668940544128
v 1.08032011985779 1.30850052833557 0.573032677173615
v 1.07673358917236 1.32698702812195 0.582478940486908
v 0.996746420860291 1.35228073596954 0.44468879699707
v 0.999019384384155 1.34631562232971 0.439764678478241
v 0.998539566993713 1.34357643127441 0.446870297193527
v 0.997031271457672 1.347785115242 0.45365634560585
v 0.996780812740326 1.35175204277039 0.463608145713806
v 0.99711149930954 1.35581564903259 0.475272119045258
v 0.999523520469666 1.37041425704956 0.499123632907867
v 1.00214111804962 1.37868058681488 0.512457549571991
v 1.01131618022919 1.38229656219482 0.535817980766296
v 1.00523066520691 1.38044106960297 0.522612571716309
v 1.02300524711609 1.36793768405914 0.553029239177704
v 1.02791810035706 1.35946774482727 0.55834424495697
v 1.04253232479095 1.30123376846313 0.548107743263245
v 1.04881262779236 1.27999019622803 0.548112332820892
v 1.06224036216736 1.28541564941406 0.555929243564606
v 1.05606377124786 1.3040429353714 0.558442711830139
v 1.08426153659821 1.28986477851868 0.566891670227051
v 1.07394027709961 1.28835797309875 0.561704933643341
v 1.05745697021484 1.24875247478485 0.555226385593414
v 1.06237697601318 1.23696780204773 0.562208950519562
v 1.07493734359741 1.24185633659363 0.572214841842651
v 1.07002031803131 1.25284814834595 0.564227163791656
v 1.08820736408234 1.24360430240631 0.578126549720764
v 1.10145545005798 1.24454617500305 0.578532934188843
v 1.09540033340454 1.25854706764221 0.572451710700989
v 1.08370935916901 1.25720453262329 0.57006824016571
v 1.05309677124023 1.20721113681793 0.495550334453583
v 1.05367064476013 1.20041275024414 0.501231789588928
v 1.04735672473907 1.20492231845856 0.512718796730042
v 1.04772818088531 1.21215045452118 0.506564915180206
v 1.06659758090973 1.2276771068573 0.571234941482544
v 1.0793981552124 1.23382294178009 0.581074297428131
v 1.0492182970047 1.32032287120819 0.563608825206757
v 1.0398383140564 1.32046723365784 0.55455869436264
v 1.09231805801392 1.23489487171173 0.587064981460571
v 1.07844400405884 1.27146065235138 0.56390905380249
v 1.06602656841278 1.26727342605591 0.559274792671204
v 1.09672427177429 1.29201173782349 0.569278359413147
v 1.09394216537476 1.31133937835693 0.575567126274109
v 1.02284038066864 1.31219208240509 0.424392104148865
v 1.02180731296539 1.32809436321259 0.429073840379715
v 1.02092468738556 1.33200931549072 0.429054796695709
v 1.02486991882324 1.33293676376343 0.427949547767639
v 1.02590775489807 1.32975804805756 0.427200138568878
v 1.02338373661041 1.36678755283356 0.407074481248856
v 1.02609491348267 1.35035121440887 0.408506512641907
v 1.01432812213898 1.35428524017334 0.414544522762299
v 1.01306581497192 1.36862182617188 0.415971428155899
v 1.0010974407196 1.29985499382019 0.45056688785553
v 1.00615251064301 1.30478835105896 0.439682632684708
v 1.00814437866211 1.29522800445557 0.437450349330902
v 1.00527155399323 1.28843021392822 0.445560097694397
v 1.00336885452271 1.33707332611084 0.447244137525558
v 1.00172877311707 1.33915209770203 0.44769698381424
v 1.0030369758606 1.33849942684174 0.444418132305145
v 1.00929605960846 1.27515983581543 0.447181820869446
v 1.00528752803802 1.28063571453094 0.454277217388153
v 1.00105905532837 1.31641340255737 0.49072590470314
v 0.997970700263977 1.34163761138916 0.461114645004272
v 1.04090678691864 1.44905281066895 0.460668474435806
v 1.02989971637726 1.43035984039307 0.436648905277252
v 1.06928205490112 1.45945680141449 0.522910833358765
v 1.05497026443481 1.45950138568878 0.491715252399445
v 1.07490909099579 1.42122602462769 0.58050262928009
v 1.08327198028564 1.39996314048767 0.590704619884491
v 1.10219085216522 1.40611112117767 0.591180503368378
v 1.09564483165741 1.43005514144897 0.575427889823914
v 1.09196197986603 1.33019280433655 0.585110425949097
v 1.11069452762604 1.24453783035278 0.576314926147461
v 1.10623419284821 1.26008021831512 0.5713911652565
v 1.02325880527496 1.40809905529022 0.421237677335739
v 1.02234411239624 1.38662528991699 0.411099761724472
v 0.999327838420868 1.36295902729034 0.488031804561615
v 0.9967942237854 1.31473803520203 0.466004282236099
v 0.998114824295044 1.32149505615234 0.458302646875381
v 0.998637199401855 1.31684565544128 0.454030424356461
v 0.997532963752747 1.30739545822144 0.461580693721771
v 0.998961210250854 1.30755066871643 0.476547539234161
v 1.00326752662659 1.30162870883942 0.489624500274658
v 1.00869071483612 1.2962543964386 0.504668354988098
v 1.01534032821655 1.28727805614471 0.512613832950592
v 1.02197861671448 1.39301216602325 0.550914227962494
v 1.03222584724426 1.40829133987427 0.558855772018433
v 1.04670977592468 1.42510151863098 0.56083470582962
v 1.06424367427826 1.43779182434082 0.559303641319275
v 1.01873576641083 1.38136005401611 0.547477245330811
v 1.08322691917419 1.44798040390015 0.551315784454346
v 1.02813899517059 1.28269565105438 0.415598571300507
v 1.02394330501556 1.28338372707367 0.423121333122253
v 1.02955543994904 1.28693020343781 0.414274930953979
v 1.03031599521637 1.25876533985138 0.420343101024628
v 1.03340065479279 1.25796294212341 0.417055815458298
v 1.03438353538513 1.25307655334473 0.421233177185059
v 1.03053665161133 1.2539918422699 0.424675285816193
v 1.04019498825073 1.22387850284576 0.457488059997559
v 1.03364980220795 1.22922682762146 0.465134978294373
v 1.05146706104279 1.21355962753296 0.488701999187469
v 1.0466480255127 1.21922016143799 0.499643713235855
v 1.02743804454803 1.29470181465149 0.408810675144196
v 1.02875959873199 1.29491782188416 0.407682865858078
v 1.03002297878265 1.2942430973053 0.409808933734894
v 1.02827835083008 1.2943012714386 0.411027103662491
v 1.02252614498138 1.2692699432373 0.431650459766388
v 1.03060591220856 1.27415823936462 0.412496834993362
v 1.03312623500824 1.2738299369812 0.410555452108383
v 1.03374981880188 1.27062296867371 0.412619531154633
v 1.03124487400055 1.27094388008118 0.414685785770416
v 1.03133392333984 1.24188721179962 0.494099408388138
v 1.03874790668488 1.23522305488586 0.505366623401642
v 1.05086469650269 1.23062539100647 0.549384355545044
v 1.04648876190186 1.24207055568695 0.543200194835663
v 1.05297291278839 1.26307189464569 0.550451695919037
v 1.09005212783813 1.27516686916351 0.567585229873657
v 1.10054850578308 1.27534246444702 0.569476366043091
v 1.12120842933655 1.27963531017303 0.56154876947403
v 1.12026524543762 1.29601299762726 0.563116550445557
v 1.10954141616821 1.29438900947571 0.568439602851868
v 1.1119818687439 1.27764201164246 0.566855072975159
v 1.0392097234726 1.22886657714844 0.480631172657013
v 1.045494556427 1.22327041625977 0.471234530210495
v 1.04916429519653 1.22010314464569 0.481190651655197
v 1.04397678375244 1.22564709186554 0.491499751806259
v 1.03167963027954 1.29140758514404 0.405807435512543
v 1.03230202198029 1.29016041755676 0.403949528932571
v 1.03323996067047 1.28851497173309 0.407080918550491
v 1.03181326389313 1.29074048995972 0.408182710409164
v 1.02850651741028 1.29275929927826 0.413378953933716
v 1.03041982650757 1.29163897037506 0.412339150905609
v 1.03025805950165 1.28982651233673 0.413086175918579
v 1.0258162021637 1.29441726207733 0.408896028995514
v 1.0267094373703 1.29361271858215 0.411830872297287
v 1.02790415287018 1.29432606697083 0.402355045080185
v 1.0262303352356 1.29453420639038 0.405158072710037
v 1.02578032016754 1.2934844493866 0.398040354251862
v 1.03111386299133 1.29273557662964 0.40759015083313
v 1.0313286781311 1.29180264472961 0.409561067819595
v 1.0292307138443 1.29349088668823 0.412205189466476
v 1.03066408634186 1.29303586483002 0.411329329013824
v 1.02864408493042 1.29469966888428 0.404358834028244
v 1.02761602401733 1.29471170902252 0.406382501125336
v 1.02791547775269 1.31600284576416 0.400954097509384
v 1.0319629907608 1.31660962104797 0.395718306303024
v 1.02996408939362 1.30898129940033 0.39203205704689
v 1.02836859226227 1.30013179779053 0.389235079288483
v 1.02994513511658 1.29261744022369 0.392644077539444
v 1.05491387844086 1.21689558029175 0.47440293431282
v 1.05696249008179 1.21039414405823 0.481508046388626
v 1.03664481639862 1.38518285751343 0.403097808361053
v 1.03550350666046 1.36533713340759 0.401563107967377
v 1.02269577980042 1.2684166431427 0.433673888444901
v 1.01696407794952 1.34795784950256 0.421381831169128
v 1.00175988674164 1.31418597698212 0.446531563997269
v 1.01741719245911 1.31389093399048 0.429982900619507
v 1.01179182529449 1.3096342086792 0.43389293551445
v 1.01251494884491 1.3178026676178 0.434799134731293
v 1.01753628253937 1.32044160366058 0.431104451417923
v 1.02571213245392 1.34519350528717 0.417738229036331
v 1.0318021774292 1.34029304981232 0.409828215837479
v 1.03152775764465 1.33992981910706 0.417583465576172
v 1.03284788131714 1.33337950706482 0.41858184337616
v 1.03174591064453 1.33106350898743 0.410011231899261
v 1.0300657749176 1.32502698898315 0.416552603244781
v 1.03085136413574 1.32862114906311 0.42191481590271
v 1.00342082977295 1.33989465236664 0.440983355045319
v 1.00172770023346 1.34133958816528 0.44296795129776
v 1.02696168422699 1.32115828990936 0.422250926494598
v 1.0227028131485 1.31759214401245 0.426543653011322
v 1.02259528636932 1.32299566268921 0.428319215774536
v 1.02717065811157 1.32548439502716 0.425351500511169
v 1.00716304779053 1.31523299217224 0.439714998006821
v 0.999587833881378 1.34023976325989 0.453196972608566
v 1.0029091835022 1.32889890670776 0.451995670795441
v 1.03157377243042 1.32340097427368 0.547684907913208
v 1.03275299072266 1.31099510192871 0.542293310165405
v 1.01825666427612 1.29715967178345 0.52949458360672
v 1.01963043212891 1.29264950752258 0.527149260044098
v 1.02672791481018 1.29651343822479 0.528104245662689
v 1.02230179309845 1.30040729045868 0.531963646411896
v 1.01402652263641 1.35339045524597 0.539552748203278
v 1.01546847820282 1.36132311820984 0.541480243206024
v 1.01187288761139 1.36063826084137 0.535023212432861
v 1.01326477527618 1.35360109806061 0.536930978298187
v 1.01044821739197 1.35539245605469 0.530516266822815
v 1.00915062427521 1.3576033115387 0.527856230735779
v 1.01001179218292 1.34975004196167 0.527491629123688
v 1.01104497909546 1.35065031051636 0.530738770961761
v 1.00619220733643 1.36810994148254 0.525837302207947
v 1.00389957427979 1.36393868923187 0.516449093818665
v 1.00736045837402 1.35293197631836 0.520501136779785
v 1.00223219394684 1.3456563949585 0.497934132814407
v 1.00801801681519 1.33726644515991 0.511344492435455
v 1.0073846578598 1.34662771224976 0.514886975288391
v 1.00311815738678 1.35675632953644 0.506967544555664
v 1.01756262779236 1.29732537269592 0.522834420204163
v 1.01467037200928 1.3039915561676 0.517642855644226
v 1.03084361553192 1.30161023139954 0.53475159406662
v 1.12370622158051 1.41203999519348 0.575048446655273
v 1.11553299427032 1.43567752838135 0.559254884719849
v 1.05240321159363 1.36055409908295 0.58005690574646
v 1.06829965114594 1.36863422393799 0.587506175041199
v 1.04027724266052 1.35310053825378 0.570253074169159
v 1.031858086586 1.3474782705307 0.560100257396698
v 1.08525395393372 1.37642908096313 0.593022465705872
v 1.1045982837677 1.38034641742706 0.593365669250488
v 1.00346839427948 1.3287855386734 0.501080453395844
v 1.01052093505859 1.32593870162964 0.512095212936401
v 1.05749297142029 1.34146106243134 0.579613387584686
v 1.07289814949036 1.34686851501465 0.587115347385406
v 1.04535150527954 1.33698749542236 0.568886041641235
v 1.03617525100708 1.33467352390289 0.559021353721619
v 1.09070098400116 1.3543359041214 0.590106010437012
v 1.10778486728668 1.33218014240265 0.581074297428131
v 1.10865187644958 1.35480141639709 0.586856603622437
v 1.01630365848541 1.30895161628723 0.528687000274658
v 1.0162148475647 1.30657553672791 0.524567782878876
v 1.01797616481781 1.30076575279236 0.526253640651703
v 1.01524722576141 1.30292618274689 0.528906643390656
v 1.00638461112976 1.31426548957825 0.50364875793457
v 1.01214396953583 1.31472527980804 0.515118062496185
v 1.02940368652344 1.32311820983887 0.404840767383575
v 1.03570067882538 1.33193469047546 0.402609705924988
v 1.03372025489807 1.3241925239563 0.399144232273102
v 1.03675031661987 1.34043490886688 0.404383569955826
v 1.0737829208374 1.46183300018311 0.477087289094925
v 1.05952394008636 1.45149862766266 0.448482036590576
v 1.10331034660339 1.45384240150452 0.53645646572113
v 1.08862376213074 1.46343684196472 0.507607281208038
v 1.03711247444153 1.24466550350189 0.421106517314911
v 1.03544509410858 1.23156237602234 0.425022900104523
v 1.03134834766388 1.28207635879517 0.411079078912735
v 1.03382408618927 1.28130447864532 0.409389078617096
v 1.03329062461853 1.27739834785461 0.409813106060028
v 1.03077721595764 1.2780145406723 0.411655277013779
v 1.02479732036591 1.34258723258972 0.423645555973053
v 1.10873770713806 1.31324458122253 0.573668122291565
v 1.11626958847046 1.26145315170288 0.567594408988953
v 1.12019968032837 1.24530148506165 0.572160184383392
v 1.10560238361359 1.23393797874451 0.587641954421997
v 1.11677145957947 1.23266637325287 0.584081649780273
v 1.03399670124054 1.28503942489624 0.408511459827423
v 1.03200387954712 1.28581857681274 0.410455286502838
v 1.03010642528534 1.29431390762329 0.40543857216835
v 1.02795231342316 1.27098453044891 0.418526411056519
v 1.03200960159302 1.28869795799255 0.409920275211334
v 1.03139686584473 1.2907702922821 0.410102427005768
v 1.03482723236084 1.28768289089203 0.405729621648788
v 1.0353832244873 1.28466928005219 0.407812148332596
v 1.01727879047394 1.32652938365936 0.431376606225967
v 1.01665616035461 1.33115363121033 0.430866956710815
v 1.02990961074829 1.29118430614471 0.400698244571686
v 1.03038263320923 1.29275071620941 0.403110384941101
v 1.0327285528183 1.29007244110107 0.398850053548813
v 1.04465889930725 1.21059489250183 0.527817964553833
v 1.04787838459015 1.21704959869385 0.543899536132812
v 1.03499138355255 1.27364361286163 0.409563541412354
v 1.0356240272522 1.27024579048157 0.411465346813202
v 1.04765892028809 1.43218994140625 0.42364501953125
v 1.12438130378723 1.32969582080841 0.574277460575104
v 1.12479948997498 1.35106229782104 0.580184638500214
v 1.01099503040314 1.3319079875946 0.519908308982849
v 1.01197052001953 1.32912492752075 0.525871276855469
v 1.01149749755859 1.33645474910736 0.527108430862427
v 1.00994074344635 1.33959448337555 0.52120566368103
v 1.05879616737366 1.20398044586182 0.487843364477158
v 1.05554735660553 1.22233390808105 0.558625459671021
v 1.12666916847229 1.2323625087738 0.578303396701813
v 1.00393438339233 1.33546686172485 0.447847008705139
v 1.00476837158203 1.33386707305908 0.446642398834229
v 1.02299165725708 1.34020757675171 0.426095455884933
v 1.12884378433228 1.37871837615967 0.585006415843964
v 1.02809047698975 1.26403915882111 0.422521203756332
v 1.02943980693817 1.26796042919159 0.421648502349854
v 1.12452578544617 1.26318907737732 0.562275052070618
v 1.0517258644104 1.22001695632935 0.464792639017105
v 1.0333594083786 1.28931987285614 0.40264493227005
v 1.12092411518097 1.31231606006622 0.567958056926727
v 1.01190829277039 1.3444801568985 0.533987104892731
v 1.00959634780884 1.34227228164673 0.53214818239212
v 1.01053726673126 1.33898782730103 0.532670021057129
v 1.01233196258545 1.3400651216507 0.533052206039429
v 1.00671410560608 1.34442269802094 0.52846360206604
v 1.00688433647156 1.34148287773132 0.531205594539642
v 1.00562751293182 1.34469056129456 0.532388687133789
v 1.00583636760712 1.34815740585327 0.530107975006104
v 1.00949895381927 1.34545516967773 0.52408766746521
v 1.00848531723022 1.34036576747894 0.527329325675964
v 1.00534498691559 1.3471097946167 0.534148275852203
v 1.0046808719635 1.34951281547546 0.532685399055481
v 1.00730609893799 1.35143148899078 0.532357573509216
v 1.01210510730743 1.35235476493835 0.534010469913483
v 1.00400030612946 1.35118842124939 0.536527216434479
v 1.00771880149841 1.35364866256714 0.536555707454681
v 1.0036780834198 1.35173428058624 0.541991889476776
v 1.00870370864868 1.35450708866119 0.541717231273651
v 1.00521159172058 1.3500702381134 0.547587275505066
v 1.01101505756378 1.35210776329041 0.546937525272369
v 1.01421558856964 1.31355547904968 0.523205578327179
v 1.01590943336487 1.31531238555908 0.529435992240906
v 1.0065997838974 1.34558463096619 0.551473259925842
v 1.01304411888123 1.34644794464111 0.550138354301453
v 1.00820660591125 1.33921325206757 0.553978145122528
v 1.01392877101898 1.33972477912903 0.551618635654449
v 1.01017618179321 1.33245646953583 0.5536949634552
v 1.01479196548462 1.33335673809052 0.552640497684479
v 1.01183378696442 1.32487487792969 0.55328243970871
v 1.016921043396 1.32371926307678 0.552914679050446
v 1.01304733753204 1.31713736057281 0.550614953041077
v 1.01851558685303 1.31399035453796 0.550370037555695
v 1.00732159614563 1.35012257099152 0.541854858398438
v 1.00828766822815 1.34798240661621 0.546078622341156
v 1.01717460155487 1.3501570224762 0.540915727615356
v 1.00631070137024 1.34976005554199 0.537128865718842
v 1.01483833789825 1.33577942848206 0.538754463195801
v 1.0169917345047 1.33886826038361 0.538069367408752
v 1.01659560203552 1.33715009689331 0.538143992424011
v 1.01808726787567 1.33619582653046 0.540120899677277
v 1.01368999481201 1.32184720039368 0.526906549930573
v 1.01384365558624 1.32243919372559 0.531061351299286
v 1.01291310787201 1.32777285575867 0.52974933385849
v 1.0157550573349 1.31868672370911 0.531659245491028
v 1.01690554618835 1.32030653953552 0.531928718090057
v 1.01664257049561 1.32375931739807 0.530775666236877
v 1.01665544509888 1.32839477062225 0.529982805252075
v 1.01761865615845 1.31961894035339 0.533873379230499
v 1.01639258861542 1.31762433052063 0.534412801265717
v 1.01862442493439 1.32079446315765 0.53377902507782
v 1.01832497119904 1.32133483886719 0.532491207122803
v 1.0192266702652 1.32391428947449 0.532445728778839
v 1.01923334598541 1.32768106460571 0.534012973308563
v 1.0125470161438 1.32292413711548 0.520932734012604
v 1.02426207065582 1.32559585571289 0.543209910392761
v 1.02570593357086 1.31585788726807 0.540349900722504
v 1.01367163658142 1.31107771396637 0.545287728309631
v 1.01724231243134 1.30496096611023 0.545013070106506
v 1.01402306556702 1.2997100353241 0.533313393592834
v 1.01462078094482 1.29880857467651 0.5393927693367
v 1.02000761032104 1.34588134288788 0.543203234672546
v 1.02125549316406 1.34013795852661 0.54518735408783
v 1.0247403383255 1.30775058269501 0.535524904727936
v 1.02262675762177 1.33343517780304 0.546116352081299
v 1.01338005065918 1.32077872753143 0.548076808452606
v 1.01457571983337 1.31675410270691 0.543969750404358
v 1.01237273216248 1.32631826400757 0.550708293914795
v 1.01538777351379 1.31422805786133 0.53406548500061
v 1.0142285823822 1.30773854255676 0.533822357654572
v 1.01326358318329 1.30831336975098 0.539573967456818
v 1.01556801795959 1.31472945213318 0.539104640483856
v 1.0129781961441 1.323322057724 0.545138239860535
v 1.01547276973724 1.32047474384308 0.541998267173767
v 1.01544177532196 1.32613396644592 0.543037474155426
v 1.01769077777863 1.32370448112488 0.54036957025528
v 1.01806890964508 1.32102978229523 0.536938071250916
v 1.01675176620483 1.31861329078674 0.538113117218018
v 1.02092862129211 1.32629263401031 0.538388550281525
v 1.01822376251221 1.3295726776123 0.540849447250366
v 1.01986443996429 1.32271432876587 0.535473227500916
v 1.01302707195282 1.32901203632355 0.544141471385956
v 1.01118898391724 1.33302593231201 0.545181334018707
v 1.01187562942505 1.33488249778748 0.541313290596008
v 1.01503121852875 1.33211386203766 0.541485130786896
v 1.01165628433228 1.33269643783569 0.551447153091431
v 1.01037335395813 1.33227372169495 0.548629462718964
v 1.01188361644745 1.32741570472717 0.547446370124817
v 1.00933158397675 1.33775019645691 0.548594772815704
v 1.01056897640228 1.33899557590485 0.550918698310852
v 1.01006650924683 1.33728456497192 0.545787811279297
v 1.01041626930237 1.3378096818924 0.54310142993927
v 1.0079071521759 1.34575700759888 0.544555068016052
v 1.00863802433014 1.34239053726196 0.546954095363617
v 1.00905334949493 1.34443974494934 0.549179375171661
v 1.00881850719452 1.34074544906616 0.544735014438629
v 1.00870621204376 1.34337985515594 0.542800605297089
v 1.00975275039673 1.34155380725861 0.541764616966248
v 1.00969648361206 1.34017765522003 0.54344367980957
v 1.00754392147064 1.34714770317078 0.534600555896759
v 1.00817835330963 1.34518957138062 0.532854080200195
v 1.00775158405304 1.34796214103699 0.537452518939972
v 1.00925028324127 1.34864985942841 0.535926282405853
v 1.00929880142212 1.34603333473206 0.537334859371185
v 1.01050710678101 1.34750938415527 0.535016119480133
v 1.01019048690796 1.34393274784088 0.536647439002991
v 1.01198625564575 1.34088551998138 0.535759329795837
v 1.05013477802277 1.18496668338776 0.510015964508057
v 1.05240714550018 1.19275403022766 0.506210684776306
v 1.05985081195831 1.18954133987427 0.497957527637482
v 1.0590672492981 1.18212914466858 0.501168668270111
v 1.00986337661743 1.34265005588531 0.539169728755951
v 1.0090206861496 1.3450083732605 0.540193915367126
v 1.00821244716644 1.34774255752563 0.541140198707581
v 1.01234102249146 1.33802425861359 0.53871089220047
v 1.01144599914551 1.33742225170135 0.540172219276428
v 1.01060247421265 1.33918142318726 0.540773510932922
v 1.01131677627563 1.34004652500153 0.538461565971375
v 1.01313710212708 1.33196175098419 0.529699504375458
v 1.01581335067749 1.33128142356873 0.532298803329468
v 1.01752328872681 1.33029437065125 0.536457717418671
v 1.03900301456451 1.18067264556885 0.553682446479797
v 1.03985190391541 1.18926179409027 0.574336230754852
v 1.04428231716156 1.1957368850708 0.568272769451141
v 1.04382872581482 1.18803679943085 0.548957586288452
v 1.01932454109192 1.16366279125214 0.551137626171112
v 1.0088939666748 1.14900541305542 0.54390686750412
v 1.00248086452484 1.15589141845703 0.566754877567291
v 1.01863586902618 1.17267656326294 0.583202302455902
v 0.991402685642242 1.13937199115753 0.554078280925751
v 0.999727725982666 1.13309586048126 0.535107851028442
v 0.963311314582825 1.09167146682739 0.523366093635559
v 0.972351789474487 1.10705995559692 0.532935976982117
v 0.981425225734711 1.10339939594269 0.517102718353271
v 0.972464323043823 1.08842515945435 0.508274912834167
v 0.918785333633423 1.01546573638916 0.515535056591034
v 0.924463927745819 1.01631772518158 0.503966808319092
v 0.929260790348053 0.999360978603363 0.499191462993622
v 0.923330128192902 0.996098041534424 0.512595295906067
v 0.954756617546082 1.12182343006134 0.607365548610687
v 0.950891256332397 1.11284637451172 0.61522114276886
v 0.955503344535828 1.1307384967804 0.626299500465393
v 0.960773527622223 1.13917446136475 0.61849570274353
v 1.05344867706299 1.20058035850525 0.627949953079224
v 1.05849194526672 1.20321726799011 0.620239436626434
v 1.04329335689545 1.19134616851807 0.601330459117889
v 1.03635537624359 1.18868613243103 0.608720779418945
v 0.92494535446167 1.03187394142151 0.582067489624023
v 0.923092484474182 1.04192292690277 0.572023928165436
v 0.918675661087036 1.02957367897034 0.564114928245544
v 0.920009553432465 1.01911282539368 0.572456538677216
v 0.931279838085175 0.934564232826233 0.554111778736115
v 0.931220531463623 0.933134317398071 0.532407939434052
v 0.928438782691956 0.913910269737244 0.530253231525421
v 0.929009616374969 0.915108501911163 0.552957653999329
v 0.95539003610611 0.957571923732758 0.629230141639709
v 0.95400059223175 0.939775168895721 0.626993894577026
v 0.973400831222534 0.938806653022766 0.646281659603119
v 0.974907696247101 0.955379068851471 0.648491501808167
v 0.950218498706818 1.09528958797455 0.552152395248413
v 0.958826124668121 1.11155724525452 0.563097536563873
v 0.964966297149658 1.1095517873764 0.548622846603394
v 0.955965459346771 1.09411609172821 0.538266658782959
v 0.862756609916687 1.12175977230072 0.770547032356262
v 0.879490435123444 1.12866842746735 0.75290584564209
v 0.875880002975464 1.11258971691132 0.744821310043335
v 0.859122693538666 1.10591232776642 0.762999534606934
v 0.928406119346619 0.854117274284363 0.6088045835495
v 0.921873688697815 0.836751222610474 0.604820132255554
v 0.93799614906311 0.840233564376831 0.627466320991516
v 0.945002198219299 0.856900095939636 0.62949413061142
v 0.956673264503479 1.17718100547791 0.69110381603241
v 0.97005021572113 1.18619394302368 0.70975661277771
v 0.979790806770325 1.19214177131653 0.7004434466362
v 0.964790284633636 1.18278336524963 0.681208729743958
v 0.941496253013611 1.08541655540466 0.596217155456543
v 0.945760846138 1.09840631484985 0.605047821998596
v 0.948123514652252 1.10699427127838 0.596861124038696
v 0.9425168633461 1.09227645397186 0.587347626686096
v 0.978850483894348 0.987688362598419 0.658879518508911
v 0.982440531253815 1.00529539585114 0.663689315319061
v 0.967177867889404 1.00795376300812 0.649393260478973
v 0.961032629013062 0.990236520767212 0.643338561058044
v 0.957086443901062 0.973581969738007 0.636768937110901
v 0.976063132286072 0.970941066741943 0.6539306640625
v 0.943588852882385 1.09425711631775 0.577098250389099
v 0.951451361179352 1.1118700504303 0.587844848632812
v 0.954570651054382 1.1121187210083 0.576211273670197
v 0.946184396743774 1.09521293640137 0.565128982067108
v 0.937900602817535 0.983782052993774 0.495902746915817
v 0.930894136428833 0.979880094528198 0.512134432792664
v 0.911588430404663 0.831358790397644 0.578959941864014
v 0.916855931282043 0.849495708942413 0.584065616130829
v 0.912486672401428 0.843641638755798 0.558565974235535
v 0.907986640930176 0.825103044509888 0.553075671195984
v 0.937863707542419 0.94993257522583 0.514233291149139
v 0.933928847312927 0.950881600379944 0.533317685127258
v 0.93125855922699 0.966066777706146 0.53037816286087
v 0.936637043952942 0.965875506401062 0.513262987136841
v 0.909559190273285 0.819798648357391 0.527595221996307
v 0.913255155086517 0.838504016399384 0.533427178859711
v 0.916337311267853 0.834626734256744 0.509198427200317
v 0.912396550178528 0.813807606697083 0.503127157688141
v 0.981668949127197 1.12304091453552 0.542871713638306
v 0.990549504756927 1.11817193031311 0.525993168354034
v 0.914491057395935 1.0169997215271 0.539559364318848
v 0.915367901325226 1.01583778858185 0.52772319316864
v 0.919090986251831 0.996038675308228 0.525885462760925
v 0.916900813579559 0.998128354549408 0.53876531124115
v 0.955024540424347 1.08366703987122 0.629173755645752
v 0.958998560905457 1.09610331058502 0.640170812606812
v 0.952203273773193 1.11657702922821 0.636159896850586
v 0.949737429618835 1.09972989559174 0.62277215719223
v 0.931340992450714 0.82306182384491 0.625682175159454
v 0.915662109851837 0.819327056407928 0.601880073547363
v 0.906484544277191 0.799943745136261 0.524192571640015
v 0.909895300865173 0.793230891227722 0.499894678592682
v 0.986081480979919 1.07507991790771 0.690156757831573
v 0.981447756290436 1.08137607574463 0.682443022727966
v 0.985514760017395 1.07381916046143 0.676342785358429
v 0.990087032318115 1.06948757171631 0.685279428958893
v 0.951308131217957 1.01479053497314 0.474335879087448
v 0.945111155509949 0.994966864585876 0.481832474470139
v 0.935114026069641 1.00915694236755 0.489122271537781
v 0.940887153148651 1.02533435821533 0.485010266304016
v 0.923235833644867 0.981787204742432 0.541919887065887
v 0.92598021030426 0.979771316051483 0.5274897813797
v 0.928480744361877 0.9681396484375 0.547146856784821
v 0.965462386608124 1.00296235084534 0.465594828128815
v 0.95928966999054 0.97775000333786 0.475734859704971
v 1.00030636787415 1.11298227310181 0.508958518505096
v 0.992108225822449 1.09891152381897 0.501099228858948
v 1.00832998752594 1.12740850448608 0.516284644603729
v 1.01648020744324 1.14243900775909 0.522203385829926
v 1.0252742767334 1.1369549036026 0.504010438919067
v 1.01802015304565 1.12205755710602 0.498762547969818
v 1.02478623390198 1.15653383731842 0.52720057964325
v 1.03271508216858 1.15110492706299 0.507983684539795
v 1.04201984405518 1.17341685295105 0.532592177391052
v 1.04639387130737 1.18127679824829 0.530355095863342
v 0.946027159690857 1.08656394481659 0.613080859184265
v 0.942650198936462 1.07425951957703 0.605093896389008
v 0.904542922973633 0.806550264358521 0.549646496772766
v 1.10497999191284 1.12066984176636 0.687276601791382
v 1.08926606178284 1.12528574466705 0.693824887275696
v 1.09091711044312 1.10901665687561 0.693132042884827
v 1.10673415660858 1.10376262664795 0.687879681587219
v 1.02806878089905 1.19142854213715 0.619235515594482
v 1.04843246936798 1.20102536678314 0.63622260093689
v 1.0244517326355 1.07002282142639 0.706206560134888
v 1.02139341831207 1.064377784729 0.702875554561615
v 1.03038442134857 1.05977559089661 0.699831128120422
v 1.03449094295502 1.06659626960754 0.702287316322327
v 0.99535208940506 1.06854999065399 0.704301357269287
v 0.998398542404175 1.06922650337219 0.710155069828033
v 0.988300859928131 1.0668283700943 0.720260262489319
v 0.984514355659485 1.06662142276764 0.714996993541718
v 0.958136796951294 0.842401325702667 0.643828094005585
v 0.966346919536591 0.858394145965576 0.645196557044983
v 1.04017102718353 0.963012933731079 0.677454113960266
v 1.03712964057922 0.981205999851227 0.681956470012665
v 1.01641082763672 0.975016117095947 0.67675119638443
v 1.01758849620819 0.957403600215912 0.672488927841187
v 1.16234469413757 1.09542715549469 0.619767189025879
v 1.15462791919708 1.09895277023315 0.635075330734253
v 1.1543515920639 1.08390974998474 0.636704504489899
v 1.16211843490601 1.0803359746933 0.621749103069305
v 1.13234770298004 1.12470531463623 0.664153873920441
v 1.14427399635315 1.1186375617981 0.648892879486084
v 1.14361071586609 1.13303637504578 0.64723014831543
v 1.13028061389923 1.13987672328949 0.662397086620331
v 1.12044680118561 1.11483526229858 0.677904844284058
v 1.12193691730499 1.09797215461731 0.679301857948303
v 0.996762037277222 0.989025831222534 0.670839667320251
v 0.997941255569458 1.00560748577118 0.675118148326874
v 1.00098896026611 1.03035521507263 0.682037830352783
v 1.00148618221283 1.04003524780273 0.684276759624481
v 0.990731060504913 1.04128754138947 0.674937725067139
v 0.988927662372589 1.03154098987579 0.672102332115173
v 1.06331181526184 1.20768773555756 0.612143337726593
v 1.0760246515274 1.21023082733154 0.636372268199921
v 1.08167767524719 1.21445679664612 0.627123415470123
v 1.13208818435669 1.18465924263 0.629520177841187
v 1.1226487159729 1.19016480445862 0.634341895580292
v 1.1242778301239 1.18320834636688 0.640575468540192
v 1.13543725013733 1.1776750087738 0.632976770401001
v 1.14196932315826 1.01514375209808 0.645327091217041
v 1.133953332901 0.993434250354767 0.646186709403992
v 1.1489896774292 0.992737889289856 0.63015604019165
v 1.15471577644348 1.01357018947601 0.629887461662292
v 1.00964403152466 1.04854810237885 0.69212532043457
v 1.01815497875214 1.05061566829681 0.695752501487732
v 1.01315224170685 1.05739974975586 0.697049498558044
v 1.00687301158905 1.05537164211273 0.693574249744415
v 1.02127718925476 1.04373395442963 0.694921731948853
v 1.01168859004974 1.04084515571594 0.690570831298828
v 1.01260805130005 1.0316321849823 0.688839077949524
v 1.02425706386566 1.03482365608215 0.693254590034485
v 1.03290224075317 0.997250735759735 0.685350716114044
v 1.02910304069519 1.01289737224579 0.688895106315613
v 1.0135406255722 1.00853729248047 0.683021068572998
v 1.01442790031433 0.992322325706482 0.679884552955627
v 1.12746798992157 0.924946904182434 0.620645344257355
v 1.13526976108551 0.947063326835632 0.625001609325409
v 1.12147104740143 0.946847200393677 0.639784276485443
v 1.11488461494446 0.923955023288727 0.635899901390076
v 0.965630114078522 1.09606170654297 0.680078446865082
v 0.952196836471558 1.09270477294922 0.69113552570343
v 0.945958137512207 1.1037677526474 0.684330761432648
v 0.957977890968323 1.10604405403137 0.674673140048981
v 0.992588520050049 1.07498407363892 0.73870712518692
v 0.995158553123474 1.0801876783371 0.741782426834106
v 0.987847447395325 1.08000206947327 0.750523090362549
v 0.98599100112915 1.07464647293091 0.747800827026367
v 0.938938975334167 1.07429587841034 0.711593747138977
v 0.9211186170578 1.06466829776764 0.725114166736603
v 0.916933357715607 1.07752466201782 0.716536164283752
v 0.935104191303253 1.0857720375061 0.702765464782715
v 1.06393122673035 1.19921731948853 0.662236869335175
v 1.06781244277954 1.20252096652985 0.654463648796082
v 1.04333770275116 1.20222723484039 0.64518415927887
v 0.963314652442932 1.06666827201843 0.713203132152557
v 0.968303799629211 1.06206429004669 0.719907641410828
v 0.955792486667633 1.05320763587952 0.733646631240845
v 0.948835968971252 1.05726361274719 0.72624945640564
v 0.870422124862671 1.13355302810669 0.78273868560791
v 0.887473583221436 1.13968360424042 0.765766859054565
v 0.909502983093262 1.04663813114166 0.748471617698669
v 0.92637974023819 1.05429315567017 0.733193159103394
v 0.933585166931152 1.04713904857635 0.741558253765106
v 0.917206525802612 1.04077649116516 0.75891649723053
v 1.01794528961182 0.940752148628235 0.66888165473938
v 1.04118311405182 0.945125937461853 0.672429203987122
v 1.00415706634521 0.842510521411896 0.658301472663879
v 1.01338469982147 0.859567284584045 0.658431768417358
v 0.990156412124634 0.859485387802124 0.654751181602478
v 0.980813324451447 0.843046545982361 0.654206514358521
v 0.951312661170959 0.825160920619965 0.643220484256744
v 0.996340692043304 0.824164688587189 0.658148050308228
v 0.973362684249878 0.825527310371399 0.653949201107025
v 1.0835794210434 1.2219649553299 0.604508757591248
v 1.0838611125946 1.21842300891876 0.616381645202637
v 1.10226404666901 1.21529364585876 0.620343923568726
v 1.09972083568573 1.2222056388855 0.609342694282532
v 0.915405035018921 0.713279724121094 0.654229164123535
v 0.894814312458038 0.711627900600433 0.631932079792023
v 0.889940202236176 0.682019948959351 0.633889734745026
v 0.91235077381134 0.681950092315674 0.657609820365906
v 1.13228666782379 1.20175051689148 0.609459221363068
v 1.12765145301819 1.21254122257233 0.600881338119507
v 1.11465108394623 1.21764934062958 0.606689751148224
v 1.11760032176971 1.20812237262726 0.616643249988556
v 0.91888689994812 0.740178227424622 0.652208209037781
v 0.899226069450378 0.736502766609192 0.629849374294281
v 1.06816291809082 1.21499609947205 0.592156887054443
v 1.06631517410278 1.21125185489655 0.602842569351196
v 1.05524241924286 1.20809805393219 0.577735960483551
v 1.05247259140015 1.20302331447601 0.586865186691284
v 1.04790163040161 1.20204567909241 0.560669362545013
v 0.879810035228729 0.70522540807724 0.606559872627258
v 0.873527109622955 0.677416563034058 0.608014345169067
v 1.09587264060974 1.22838020324707 0.597518861293793
v 1.11007189750671 1.22575283050537 0.596919178962708
v 1.12236261367798 1.2226550579071 0.592408895492554
v 1.13321971893311 1.22151577472687 0.585126399993896
v 1.14359939098358 1.2206346988678 0.576862394809723
v 1.13637924194336 1.23243391513824 0.571765661239624
v 0.924408674240112 0.806600034236908 0.624540507793427
v 0.944035291671753 0.808305144309998 0.644179463386536
v 0.973654568195343 0.564835429191589 0.685802459716797
v 0.96009486913681 0.546361982822418 0.673848807811737
v 0.993159055709839 0.541254997253418 0.666976928710938
v 1.00262808799744 0.559375762939453 0.680719256401062
v 1.06451332569122 0.564581096172333 0.647989153862
v 1.0325300693512 0.558214426040649 0.667959213256836
v 1.02507436275482 0.542763113975525 0.651864171028137
v 1.05567979812622 0.549758017063141 0.630895256996155
v 1.08996331691742 0.694880127906799 0.665719866752625
v 1.08836364746094 0.716306924819946 0.659323811531067
v 1.0636305809021 0.71935760974884 0.67394495010376
v 1.06496977806091 0.697582066059113 0.68099045753479
v 0.966384172439575 0.808364868164062 0.655876874923706
v 0.989140629768372 0.80659407377243 0.661202073097229
v 0.910611152648926 0.802416324615479 0.599700331687927
v 0.842433929443359 0.549096763134003 0.57827889919281
v 0.841385304927826 0.516036510467529 0.576941251754761
v 0.856744170188904 0.514938831329346 0.614163160324097
v 0.8572838306427 0.547804951667786 0.619679570198059
v 0.914421200752258 0.505229353904724 0.654668867588043
v 0.949565231800079 0.501292109489441 0.654632449150085
v 0.953873693943024 0.524870753288269 0.663718223571777
v 0.917497098445892 0.532793581485748 0.66339111328125
v 0.915226697921753 0.787042319774628 0.476699978113174
v 0.914461731910706 0.765317678451538 0.475544095039368
v 0.908595263957977 0.773147106170654 0.498355597257614
v 0.948926329612732 0.770132541656494 0.423901379108429
v 0.95000547170639 0.747291445732117 0.423231184482574
v 0.935443520545959 0.752590119838715 0.437646687030792
v 0.93398654460907 0.775627315044403 0.438813388347626
v 0.953542768955231 0.634053289890289 0.445693820714951
v 0.949015974998474 0.659109950065613 0.445797085762024
v 0.960822939872742 0.655520796775818 0.435520857572556
v 0.962989568710327 0.632432341575623 0.437786549329758
v 0.87184751033783 0.697625339031219 0.578433632850647
v 0.880052864551544 0.72126042842865 0.578041255474091
v 0.882483541965485 0.710757613182068 0.549814641475677
v 0.87614369392395 0.688514709472656 0.547991812229156
v 1.0195848941803 0.531912446022034 0.633912920951843
v 1.04484462738037 0.540333390235901 0.611052691936493
v 0.842807650566101 0.552116990089417 0.536501288414001
v 0.839257836341858 0.517779886722565 0.534770131111145
v 0.853172898292542 0.51791900396347 0.499422132968903
v 0.856674611568451 0.552138090133667 0.502118825912476
v 0.882221639156342 0.548733830451965 0.479563772678375
v 0.880139291286469 0.516749382019043 0.476625084877014
v 0.98584645986557 0.550555348396301 0.474481523036957
v 0.986882328987122 0.548424780368805 0.478861629962921
v 0.96312153339386 0.568017721176147 0.467831015586853
v 0.963777601718903 0.57511568069458 0.460671603679657
v 1.08101284503937 0.604506492614746 0.6674485206604
v 1.05369007587433 0.602274835109711 0.685498714447021
v 1.04416048526764 0.57903915643692 0.67890453338623
v 1.07369601726532 0.583877623081207 0.66022652387619
v 1.01186633110046 0.803633272647858 0.660942912101746
v 1.01851189136505 0.822023928165436 0.657045364379883
v 1.03883147239685 0.820003867149353 0.651714324951172
v 1.04646110534668 0.840147614479065 0.65072226524353
v 1.02600932121277 0.841358959674835 0.656966388225555
v 1.08633434772491 0.959157526493073 0.66528594493866
v 1.0861679315567 0.978153049945831 0.672862350940704
v 1.06274497509003 0.968797981739044 0.677259266376495
v 1.06373620033264 0.951640725135803 0.67136687040329
v 1.14447343349457 1.10355663299561 0.650377213954926
v 1.1442985534668 1.08809983730316 0.652238965034485
v 0.986010134220123 0.503557682037354 0.642881274223328
v 0.974600613117218 0.475014567375183 0.639039099216461
v 1.00384283065796 0.478239417076111 0.617851853370667
v 1.01954066753387 0.513547539710999 0.614450037479401
v 0.910678088665009 0.476386487483978 0.647134363651276
v 0.882147967815399 0.511680722236633 0.641920924186707
v 0.881513595581055 0.48034206032753 0.634991228580475
v 0.840082287788391 0.48317813873291 0.57164055109024
v 0.856200695037842 0.482291042804718 0.608447670936584
v 0.852087140083313 0.483686149120331 0.496049255132675
v 0.879835784435272 0.483459919691086 0.475007504224777
v 0.973192870616913 0.502925872802734 0.480874180793762
v 0.973449885845184 0.477355182170868 0.485887169837952
v 0.945669412612915 0.479535669088364 0.47455108165741
v 0.945339739322662 0.507037818431854 0.471452206373215
v 0.92632395029068 0.634524345397949 0.472399711608887
v 0.91984897851944 0.619452476501465 0.477640777826309
v 0.900116980075836 0.64059042930603 0.496605664491653
v 0.904267132282257 0.659884393215179 0.49781060218811
v 0.934102296829224 0.799512028694153 0.440971195697784
v 0.946141719818115 0.793671607971191 0.427983582019806
v 0.917133450508118 0.809138178825378 0.479559659957886
v 0.924354076385498 0.804572880268097 0.458008259534836
v 0.923348367214203 0.781107425689697 0.455857574939728
v 0.94380646944046 0.89164936542511 0.457177221775055
v 0.941254854202271 0.870538473129272 0.451651155948639
v 0.931430757045746 0.872315585613251 0.472890198230743
v 0.933710157871246 0.892599284648895 0.479092985391617
v 0.936458706855774 0.913498878479004 0.485172748565674
v 0.947472393512726 0.912913262844086 0.463262349367142
v 0.959503412246704 0.953242659568787 0.476054579019547
v 0.946249663829803 0.951114594936371 0.494920492172241
v 0.945756733417511 0.96878182888031 0.494905650615692
v 1.0105607509613 1.10726773738861 0.492406755685806
v 1.00326097011566 1.09297394752502 0.486180812120438
v 0.865238845348358 0.671173930168152 0.576847195625305
v 1.03126919269562 0.508295893669128 0.57755047082901
v 1.02129244804382 0.477908849716187 0.58639919757843
v 1.02173781394958 0.476862251758575 0.554564833641052
v 1.02505671977997 0.503224492073059 0.547028422355652
v 0.88624107837677 0.729134440422058 0.604445517063141
v 0.906814455986023 0.813455879688263 0.575572729110718
v 0.903225898742676 0.796105921268463 0.573496282100677
v 0.938974499702454 0.963386654853821 0.601498663425446
v 0.940599262714386 0.940724194049835 0.602217316627502
v 0.930087804794312 1.01961445808411 0.495954424142838
v 0.933143258094788 1.03201985359192 0.496314525604248
v 0.883952856063843 0.542582869529724 0.649944186210632
v 0.853042602539062 0.452016800642014 0.494221210479736
v 0.880380809307098 0.451083332300186 0.475496828556061
v 0.882872581481934 0.419803321361542 0.47571212053299
v 0.855244636535645 0.421551793813705 0.493384271860123
v 0.991657853126526 0.44788384437561 0.510974049568176
v 0.986097931861877 0.418305695056915 0.518190443515778
v 0.969166159629822 0.42037633061409 0.498131841421127
v 0.972262740135193 0.44907334446907 0.492136836051941
v 0.979948759078979 0.388766586780548 0.522812128067017
v 0.975300312042236 0.359439849853516 0.527454376220703
v 0.962467670440674 0.359480619430542 0.506930887699127
v 0.964907109737396 0.389725983142853 0.501549482345581
v 0.837438821792603 0.48319348692894 0.53128981590271
v 0.840084731578827 0.422240793704987 0.558730125427246
v 0.839539766311646 0.452090829610825 0.564647018909454
v 0.838602066040039 0.451706439256668 0.527021288871765
v 0.839986562728882 0.421651571989059 0.523935437202454
v 0.942916214466095 0.474141806364059 0.647513508796692
v 0.995327234268188 0.500237703323364 0.496389299631119
v 0.99425083398819 0.476033449172974 0.503488540649414
v 1.00000178813934 0.415153801441193 0.565890729427338
v 1.01185488700867 0.445887535810471 0.560985803604126
v 1.0080224275589 0.445083796977997 0.591169118881226
v 0.994744539260864 0.414579272270203 0.593671321868896
v 0.898703098297119 0.42151266336441 0.633693814277649
v 0.904998302459717 0.448768556118011 0.639701008796692
v 0.87721174955368 0.451513081789017 0.625858724117279
v 0.873006403446198 0.423507690429688 0.618630528450012
v 0.854668319225311 0.452377945184708 0.599116742610931
v 0.853301584720612 0.423380583524704 0.591760873794556
v 0.841238498687744 0.364699304103851 0.547637045383453
v 0.840829432010651 0.393049955368042 0.553687214851379
v 0.842376053333282 0.392114043235779 0.520383477210999
v 0.845408141613007 0.362937986850739 0.516167998313904
v 0.850658237934113 0.367088973522186 0.579464018344879
v 0.851963043212891 0.395142078399658 0.585695564746857
v 0.865558922290802 0.369146049022675 0.604940533638
v 0.869199573993683 0.396187543869019 0.611753225326538
v 0.88707447052002 0.369112730026245 0.619918525218964
v 0.892722189426422 0.39503425359726 0.627421259880066
v 0.910573363304138 0.367715358734131 0.626402616500854
v 0.918352961540222 0.392581045627594 0.63267183303833
v 0.94419527053833 0.390420496463776 0.627734780311584
v 0.934064328670502 0.365308344364166 0.622984766960144
v 0.954899370670319 0.36298269033432 0.611617028713226
v 0.966463446617126 0.388596832752228 0.614694118499756
v 0.979979038238525 0.359390199184418 0.572951674461365
v 0.989147424697876 0.386423826217651 0.569463133811951
v 0.982831060886383 0.386769711971283 0.59461784362793
v 0.971718311309814 0.360739529132843 0.594862997531891
v 0.943935930728912 0.257818043231964 0.59229838848114
v 0.956258177757263 0.284234523773193 0.588154911994934
v 0.940374493598938 0.288366734981537 0.600122451782227
v 0.927754640579224 0.262681484222412 0.600836038589478
v 0.912251591682434 0.267153203487396 0.608973681926727
v 0.92343282699585 0.291998982429504 0.607528209686279
v 0.906285405158997 0.294586837291718 0.613020420074463
v 0.895211219787598 0.270475745201111 0.613788962364197
v 0.870330214500427 0.295844793319702 0.600900173187256
v 0.86082124710083 0.270952165126801 0.599229335784912
v 0.877437829971313 0.271820485591888 0.611012279987335
v 0.888066530227661 0.296330630779266 0.6114861369133
v 0.850743889808655 0.294399797916412 0.587314605712891
v 0.843855977058411 0.269323408603668 0.583447754383087
v 0.841159880161285 0.290435314178467 0.563090205192566
v 0.839372515678406 0.264611124992371 0.558063924312592
v 0.84537011384964 0.285158038139343 0.533019661903381
v 0.844162940979004 0.259636580944061 0.529784083366394
v 0.958991646766663 0.274450421333313 0.530986428260803
v 0.967292726039886 0.276762723922729 0.550010621547699
v 0.959294378757477 0.250097095966339 0.559539020061493
v 0.954573631286621 0.247136056423187 0.539910852909088
v 0.92101776599884 0.274342894554138 0.500470399856567
v 0.919788956642151 0.246746480464935 0.511053085327148
v 0.899360418319702 0.24994307756424 0.492431998252869
v 0.897762894630432 0.277117550373077 0.483595550060272
v 0.842455387115479 0.337489366531372 0.541770398616791
v 0.848903179168701 0.340832591056824 0.572960436344147
v 0.862063527107239 0.343552887439728 0.597900211811066
v 0.882369160652161 0.344499230384827 0.611597120761871
v 0.972124814987183 0.334296822547913 0.576850831508636
v 0.960943758487701 0.336833119392395 0.595838725566864
v 0.961187601089478 0.330216407775879 0.513017535209656
v 0.972401022911072 0.331323802471161 0.532930791378021
v 0.868748903274536 0.305984914302826 0.484695583581924
v 0.850296258926392 0.308336913585663 0.506779551506042
v 0.848261475563049 0.335243165493011 0.511353671550751
v 0.866098880767822 0.333593904972076 0.487989664077759
v 0.844867706298828 0.315666735172272 0.567910313606262
v 0.857351899147034 0.318954706192017 0.591940999031067
v 0.877063095569611 0.320371270179749 0.604845762252808
v 0.915405750274658 0.318416476249695 0.614389181137085
v 0.896047413349152 0.320329308509827 0.614097416400909
v 0.933338582515717 0.315748512744904 0.607842922210693
v 0.964487612247467 0.309341371059418 0.582445919513702
v 0.950908601284027 0.31280243396759 0.597999334335327
v 0.960118293762207 0.301713168621063 0.521771669387817
v 0.970084011554718 0.303768157958984 0.540468335151672
v 0.872666597366333 0.253921985626221 0.490568816661835
v 0.851064324378967 0.257121860980988 0.505693376064301
v 0.851602017879486 0.282374739646912 0.505583047866821
v 0.870122313499451 0.279065370559692 0.484502404928207
v 0.874069392681122 0.229942977428436 0.499944865703583
v 0.896101534366608 0.226368486881256 0.503393232822418
v 0.883330345153809 0.245142936706543 0.614653289318085
v 0.900120437145233 0.241836786270142 0.612110316753387
v 0.866063714027405 0.246166288852692 0.610495269298553
v 0.835933923721313 0.237929999828339 0.55274897813797
v 0.836848735809326 0.243821561336517 0.580195963382721
v 0.842854619026184 0.232657432556152 0.526514291763306
v 0.854173719882965 0.232797086238861 0.507966220378876
v 0.935331225395203 0.197517156600952 0.571961879730225
v 0.933038771152496 0.195143043994904 0.55360221862793
v 0.943930566310883 0.222745716571808 0.547498464584351
v 0.945897281169891 0.224943697452545 0.565665245056152
v 0.921187341213226 0.204737544059753 0.602877676486969
v 0.929450809955597 0.232251167297363 0.593371391296387
v 0.915330767631531 0.237103641033173 0.602992236614227
v 0.907706379890442 0.210142076015472 0.615475594997406
v 0.871593832969666 0.217835903167725 0.622229039669037
v 0.890337586402893 0.214844584465027 0.622183620929718
v 0.853295803070068 0.220162272453308 0.616339445114136
v 0.829629898071289 0.215757489204407 0.577736616134644
v 0.836926519870758 0.219995737075806 0.60155713558197
v 0.849226713180542 0.246499300003052 0.599619030952454
v 0.829960703849792 0.210057139396667 0.547308802604675
v 0.842311501502991 0.171527743339539 0.524822950363159
v 0.82313084602356 0.179943978786469 0.545461237430573
v 0.846967935562134 0.201873481273651 0.523121237754822
v 0.856101989746094 0.0695167183876038 0.535439729690552
v 0.852095484733582 0.0349511504173279 0.541343867778778
v 0.831184148788452 0.0405545830726624 0.543053925037384
v 0.83206844329834 0.0751975178718567 0.537211179733276
v 0.931249856948853 0.167490303516388 0.579853117465973
v 0.927261114120483 0.16618150472641 0.559530138969421
v 0.900854885578156 0.180432438850403 0.62660163640976
v 0.917046308517456 0.17471170425415 0.61404412984848
v 0.811944603919983 0.156159460544586 0.580619692802429
v 0.817807555198669 0.159808397293091 0.607201099395752
v 0.826050519943237 0.190901577472687 0.603302717208862
v 0.819627940654755 0.186831951141357 0.577427208423615
v 0.916027843952179 0.0687712430953979 0.574932634830475
v 0.922564566135406 0.101531445980072 0.570240616798401
v 0.925069212913513 0.102852404117584 0.592539548873901
v 0.918067276477814 0.0698711276054382 0.595556616783142
v 0.897181391716003 0.148298978805542 0.634397983551025
v 0.892344892024994 0.114937782287598 0.639175415039062
v 0.909013032913208 0.109725892543793 0.627305746078491
v 0.914035975933075 0.142657101154327 0.621774733066559
v 0.806495249271393 0.0868099331855774 0.585135102272034
v 0.810532450675964 0.0890892148017883 0.610262513160706
v 0.812562942504883 0.125950455665588 0.610005915164948
v 0.80759459733963 0.1228147149086 0.583189487457275
v 0.837499439716339 0.141344487667084 0.527902364730835
v 0.833511471748352 0.109154045581818 0.532477617263794
v 0.814263999462128 0.117220520973206 0.553203344345093
v 0.81737208366394 0.149533569812775 0.549174070358276
v 0.86331307888031 0.135520756244659 0.525093197822571
v 0.8591228723526 0.103689908981323 0.529719233512878
v 0.894030928611755 3.57627868652344e-07 0.597258806228638
v 0.892679810523987 -0.00351595878601074 0.580563008785248
v 0.904377400875092 0.0332579612731934 0.577935874462128
v 0.905893981456757 0.0358900427818298 0.596464216709137
v 0.884720325469971 0.0802472829818726 0.639240384101868
v 0.876234471797943 0.0441105961799622 0.635073184967041
v 0.89126443862915 0.0408205986022949 0.62535035610199
v 0.901715397834778 0.0757439732551575 0.628406643867493
v 0.807906150817871 0.00955408811569214 0.587900876998901
v 0.812379956245422 0.010843813419342 0.60854309797287
v 0.811050295829773 0.0501364469528198 0.609584033489227
v 0.80700558423996 0.0488148927688599 0.587014973163605
v 0.829658985137939 0.00283926725387573 0.549372792243958
v 0.812582671642303 0.00709074735641479 0.564783692359924
v 0.812412321567535 0.0459768772125244 0.560337960720062
v 0.848247826099396 -0.00177884101867676 0.547303915023804
v 0.844315946102142 -0.0379118919372559 0.551602721214294
v 0.828475534915924 -0.0341488122940063 0.553129613399506
v 0.884255409240723 -0.0350646376609802 0.597371816635132
v 0.881700038909912 -0.0374085903167725 0.582070410251617
v 0.875292837619781 -0.0311970710754395 0.619606256484985
v 0.881803512573242 0.00451761484146118 0.622027635574341
v 0.869048595428467 0.00783085823059082 0.630955576896667
v 0.863859295845032 -0.0277794003486633 0.628170192241669
v 0.8353471159935 0.00955438613891602 0.631726801395416
v 0.832909107208252 -0.0263040065765381 0.628021776676178
v 0.848679423332214 -0.0260562896728516 0.631352066993713
v 0.852387964725494 0.00963032245635986 0.634511709213257
v 0.814261674880981 -0.025121808052063 0.606859922409058
v 0.822450816631317 -0.0254819989204407 0.619856476783752
v 0.821933388710022 0.0109248757362366 0.623232305049896
v 0.808976531028748 -0.0260305404663086 0.588001251220703
v 0.813282668590546 -0.0295787453651428 0.566683530807495
v 1.03411686420441 0.532929956912994 0.552518367767334
v 1.03317761421204 0.527622222900391 0.56537926197052
v 1.02409720420837 0.520356118679047 0.537783205509186
v 1.02245581150055 0.529015898704529 0.526797235012054
v 0.94332081079483 0.419758260250092 0.481262266635895
v 0.944285273551941 0.450598180294037 0.47733473777771
v 0.942522644996643 0.358545482158661 0.489301800727844
v 0.941820025444031 0.388645231723785 0.4840287566185
v 0.942046523094177 0.329153895378113 0.495875835418701
v 0.942577064037323 0.272592723369598 0.515845000743866
v 0.941950082778931 0.300591945648193 0.505064725875854
v 0.939389884471893 0.245367586612701 0.524688184261322
v 0.930915057659149 0.219893038272858 0.53178608417511
v 0.921300172805786 0.193077504634857 0.536302208900452
v 0.910606503486633 0.135117411613464 0.545068502426147
v 0.914044618606567 0.165408551692963 0.541316866874695
v 0.92496120929718 0.134281575679779 0.564746975898743
v 0.902003765106201 0.0680912137031555 0.554189741611481
v 0.907589077949524 0.102384746074677 0.549176514148712
v 0.882620275020599 -0.0053216814994812 0.564549803733826
v 0.892935395240784 0.031475305557251 0.559448957443237
v 0.87189507484436 -0.0391096472740173 0.56770247220993
v 0.914673984050751 0.566978096961975 0.472430139780045
v 0.914930701255798 0.587813138961792 0.47570276260376
v 0.940567910671234 0.570159792900085 0.467912912368774
v 0.942643165588379 0.553652286529541 0.468657106161118
v 1.01004064083099 0.539843320846558 0.499133348464966
v 1.01198649406433 0.540042579174042 0.503646433353424
v 1.00135469436646 0.542045056819916 0.491254776716232
v 1.0003125667572 0.541958808898926 0.487601667642593
v 0.843604922294617 0.311335563659668 0.536653280258179
v 0.903110682964325 0.344012141227722 0.61934494972229
v 0.943728268146515 0.339778661727905 0.608860313892365
v 0.924299657344818 0.341821372509003 0.617781698703766
v 0.9210045337677 0.300260365009308 0.487515568733215
v 0.894853711128235 0.303598880767822 0.479037642478943
v 0.892118632793427 0.330941617488861 0.477438390254974
v 0.918465793132782 0.328869879245758 0.482233643531799
v 0.867585837841034 0.163130700588226 0.521072924137115
v 0.892786860466003 0.163544595241547 0.528121769428253
v 0.88782012462616 0.13447904586792 0.533263385295868
v 0.870490550994873 0.188573896884918 0.516142964363098
v 0.841545522212982 0.191915690898895 0.622032046318054
v 0.860553979873657 0.189894139766693 0.631334841251373
v 0.87559175491333 0.154396653175354 0.640712141990662
v 0.881004810333252 0.185820579528809 0.632373213768005
v 0.853186011314392 0.158762872219086 0.638911128044128
v 0.915335237979889 0.387106537818909 0.474155455827713
v 0.917459666728973 0.358083784580231 0.477757513523102
v 0.889041423797607 0.359616637229919 0.477620303630829
v 0.886328995227814 0.389268696308136 0.476257741451263
v 1.02274930477142 0.875858068466187 0.657606661319733
v 1.00018072128296 0.87499737739563 0.654636681079865
v 0.922135055065155 0.994334936141968 0.570395290851593
v 0.921841144561768 0.986522614955902 0.55629426240921
v 0.927983045578003 0.972612082958221 0.564970731735229
v 0.92935448884964 0.980642080307007 0.583158850669861
v 0.931500852108002 0.992620468139648 0.596727013587952
v 0.924259543418884 1.00533866882324 0.582479655742645
v 0.936172127723694 1.00646793842316 0.606991052627563
v 0.928860723972321 1.01878798007965 0.592785835266113
v 0.96579784154892 1.07302474975586 0.638467192649841
v 0.970149576663971 1.08257269859314 0.646835207939148
v 0.974435567855835 0.950449824333191 0.457146525382996
v 0.968227446079254 0.931205749511719 0.451007485389709
v 0.952919065952301 0.932938694953918 0.469931274652481
v 0.923595905303955 0.758372187614441 0.45455875992775
v 0.922342836856842 0.670095562934875 0.476266980171204
v 0.936695575714111 0.663484752178192 0.459088683128357
v 0.941788494586945 0.635062336921692 0.456882327795029
v 0.979718029499054 0.567748308181763 0.45665630698204
v 0.994696497917175 0.552962064743042 0.464225947856903
v 1.00572001934052 0.540720343589783 0.482044756412506
v 1.01363861560822 0.537710785865784 0.495948165655136
v 1.09820950031281 0.921253442764282 0.647901177406311
v 1.10408985614777 0.944261789321899 0.6517333984375
v 1.16270864009857 1.10990107059479 0.618607640266418
v 1.15469563007355 1.11329281330109 0.633460879325867
v 1.15358829498291 1.14028632640839 0.63035649061203
v 1.16166031360626 1.1363091468811 0.615858435630798
v 1.16016340255737 1.14821934700012 0.613254964351654
v 1.15199077129364 1.15214145183563 0.627601444721222
v 1.13956165313721 1.21013736724854 0.592230081558228
v 1.1441056728363 1.19727551937103 0.598622441291809
v 1.02217948436737 0.540416538715363 0.518484354019165
v 1.02637624740601 0.539063572883606 0.527430295944214
v 1.01517307758331 0.538878202438354 0.509098589420319
v 0.97200083732605 0.524691224098206 0.476604014635086
v 0.969838380813599 0.541494131088257 0.472867667675018
v 0.992115497589111 0.532967567443848 0.485422730445862
v 0.993929147720337 0.519370794296265 0.490060180425644
v 0.858976244926453 0.581807196140289 0.619862914085388
v 0.845752954483032 0.582016885280609 0.578469216823578
v 0.988424897193909 0.524368047714233 0.653581619262695
v 0.879435002803802 1.03513562679291 0.798466444015503
v 0.899390399456024 1.03681576251984 0.778284788131714
v 0.907217979431152 1.03789830207825 0.791404247283936
v 0.886476278305054 1.03756678104401 0.811051785945892
v 1.12694263458252 1.01815497875214 0.661402881145477
v 1.11252665519714 0.993276000022888 0.663525104522705
v 1.04840815067291 1.19760596752167 0.594668030738831
v 1.02684056758881 1.20457148551941 0.662176609039307
v 1.03632462024689 1.20361804962158 0.653518736362457
v 1.01432764530182 1.19795024394989 0.638704538345337
v 1.00622713565826 1.19953274726868 0.646318435668945
v 1.07413554191589 1.14546763896942 0.699476957321167
v 1.08605396747589 1.1427595615387 0.693073272705078
v 1.08081638813019 1.16143465042114 0.689985632896423
v 1.06976294517517 1.16309952735901 0.695859491825104
v 1.066330909729 0.674185812473297 0.686365365982056
v 1.09091091156006 0.672322392463684 0.670322239398956
v 1.09186661243439 0.859894573688507 0.62827455997467
v 1.10084462165833 0.880441427230835 0.629893124103546
v 1.08399176597595 0.878687679767609 0.642369627952576
v 1.07467424869537 0.858790159225464 0.641712784767151
v 1.09887766838074 1.00813972949982 0.677645921707153
v 1.07867968082428 0.994709491729736 0.681165933609009
v 0.971742272377014 1.0270973443985 0.464814007282257
v 0.958751797676086 1.03548681735992 0.475028842687607
v 0.96671187877655 1.05319309234619 0.480040371417999
v 0.979637384414673 1.04683232307434 0.468652188777924
v 0.945803940296173 1.06179773807526 0.786918878555298
v 0.93459677696228 1.04718315601349 0.782037973403931
v 0.950364172458649 1.0498594045639 0.760741949081421
v 0.959422469139099 1.05782675743103 0.764577269554138
v 0.925904631614685 0.558887302875519 0.673146188259125
v 0.88961935043335 0.580180406570435 0.657657623291016
v 0.988805413246155 0.905169069766998 0.65450394153595
v 0.98403924703598 0.889110922813416 0.649145483970642
v 1.00813949108124 0.890717208385468 0.657076954841614
v 1.01331186294556 0.906695485115051 0.663011729717255
v 0.995928525924683 0.955336809158325 0.66262686252594
v 0.99503231048584 0.939087569713593 0.660132527351379
v 0.996001362800598 0.971660912036896 0.667335629463196
v 0.991862595081329 1.06994473934174 0.697688221931458
v 0.996332764625549 1.06585383415222 0.692233502864838
v 1.00231385231018 1.06489443778992 0.697440028190613
v 0.943856298923492 0.532501041889191 0.470045685768127
v 0.939985692501068 0.594078898429871 0.466636508703232
v 0.944141268730164 0.602926731109619 0.460994094610214
v 1.01852035522461 0.540111482143402 0.511015117168427
v 1.01935017108917 0.537913799285889 0.507717251777649
v 1.04948449134827 1.20895862579346 0.552174746990204
v 1.05676186084747 1.21422135829926 0.567952454090118
v 0.943146407604218 1.06460404396057 0.71938294172287
v 0.959416687488556 1.07405924797058 0.706437110900879
v 0.991464197635651 1.05017614364624 0.677783727645874
v 0.991452693939209 1.05931425094604 0.681220233440399
v 0.984489679336548 1.06437587738037 0.670823931694031
v 0.982685923576355 1.05490958690643 0.665447235107422
v 1.00066983699799 1.04818165302277 0.686576366424561
v 0.999222338199615 1.05625534057617 0.688834547996521
v 0.959332764148712 1.12735950946808 0.598736703395844
v 0.966699540615082 1.14319443702698 0.609520137310028
v 0.972638785839081 1.14538717269897 0.599198758602142
v 0.963505029678345 1.12988567352295 0.588008522987366
v 0.968343317508698 1.12840437889099 0.574959993362427
v 0.978264272212982 1.14570212364197 0.586977183818817
v 0.984604179859161 1.14336359500885 0.572104692459106
v 0.97456556558609 1.12607228755951 0.559953808784485
v 1.03301107883453 1.18194091320038 0.578749299049377
v 1.03049314022064 1.17394685745239 0.554219603538513
v 1.03388774394989 1.16688442230225 0.53084796667099
v 1.03961563110352 1.16179716587067 0.511310160160065
v 1.14957761764526 1.18486225605011 0.604944705963135
v 1.13712155818939 1.18869817256927 0.619282960891724
v 1.14546275138855 1.17514002323151 0.621302247047424
v 1.15417492389679 1.17158627510071 0.607957601547241
v 1.16335701942444 1.16851961612701 0.594947993755341
v 1.15936374664307 1.1811763048172 0.590769946575165
v 1.04676878452301 1.1954460144043 0.542438209056854
v 1.04729068279266 1.18964695930481 0.52488499879837
v 1.0487904548645 1.17702305316925 0.512848258018494
v 0.88163149356842 1.13608431816101 0.798397779464722
v 0.897664785385132 1.14188206195831 0.782102584838867
v 1.08151340484619 1.22660231590271 0.591773629188538
v 1.06811606884003 1.22048628330231 0.581253230571747
v 0.892060518264771 1.13008534908295 0.813250422477722
v 0.908815860748291 1.13621497154236 0.79650354385376
v 1.00266492366791 1.17890954017639 0.615194857120514
v 0.996451556682587 1.18218696117401 0.625452160835266
v 1.02128052711487 1.19466066360474 0.629648089408875
v 1.04662156105042 1.20266401767731 0.535377502441406
v 1.04655814170837 1.19708847999573 0.518990993499756
v 0.861639380455017 0.616605579853058 0.614631831645966
v 0.850990235805511 0.614132344722748 0.576558232307434
v 0.936210691928864 0.870068252086639 0.612374305725098
v 0.923683106899261 0.866683900356293 0.589159607887268
v 0.975134968757629 0.887481331825256 0.42383086681366
v 0.971378922462463 0.867044866085052 0.419755518436432
v 0.954957962036133 0.86850494146347 0.433798521757126
v 0.958038032054901 0.889954745769501 0.438885271549225
v 0.992230892181396 0.946841359138489 0.44035217165947
v 0.98632949590683 0.927990794181824 0.434443861246109
v 1.05998706817627 1.19721066951752 0.493329226970673
v 0.937551617622375 0.824247241020203 0.44365718960762
v 0.939725339412689 0.848606705665588 0.447218894958496
v 0.953135669231415 0.845138609409332 0.429821997880936
v 0.952819228172302 0.817718684673309 0.42766010761261
v 0.956950128078461 0.790098130702972 0.420669734477997
v 0.957141280174255 0.777564704418182 0.418294668197632
v 0.957871794700623 0.614256381988525 0.445510387420654
v 0.965677201747894 0.612975001335144 0.439866870641708
v 0.925680935382843 1.14598917961121 0.709111928939819
v 0.932511448860168 1.15962910652161 0.72318422794342
v 0.941941678524017 1.16612374782562 0.710755586624146
v 0.936340749263763 1.15092825889587 0.698235273361206
v 0.920630872249603 0.831815659999847 0.485083103179932
v 0.927481353282928 0.828881084918976 0.462598592042923
v 0.951851308345795 1.07246577739716 0.621163845062256
v 0.961629033088684 1.06156527996063 0.632307410240173
v 0.978369414806366 0.97221827507019 0.459906488656998
v 0.947434961795807 1.04238414764404 0.487072169780731
v 0.955201745033264 1.05823314189911 0.492844223976135
v 0.938726425170898 1.04717302322388 0.500055074691772
v 0.946000397205353 1.06194686889648 0.506526172161102
v 1.02532029151917 0.540191888809204 0.520237267017365
v 1.02433586120605 0.54201066493988 0.520932912826538
v 0.994430065155029 1.11535203456879 0.761980891227722
v 0.992771029472351 1.105584025383 0.760471224784851
v 1.00289762020111 1.10587406158447 0.75234842300415
v 1.0048109292984 1.11657047271729 0.754650294780731
v 1.01254236698151 0.500411570072174 0.519096910953522
v 1.01105141639709 0.517376124858856 0.511639595031738
v 1.03697979450226 0.536258339881897 0.587969422340393
v 1.04181587696075 0.538072347640991 0.569201946258545
v 1.0497419834137 0.545464217662811 0.574366629123688
v 1.05589139461517 0.548049092292786 0.583391189575195
v 0.912971615791321 0.48086678981781 0.469354867935181
v 0.912553489208221 0.51282000541687 0.469232082366943
v 0.913390934467316 0.449430823326111 0.470616787672043
v 0.914369344711304 0.417864084243774 0.471923053264618
v 0.912827134132385 0.22108405828476 0.51856404542923
v 0.898713946342468 0.193735003471375 0.520923614501953
v 0.883696496486664 0.102321743965149 0.53790158033371
v 0.879043161869049 0.0682682394981384 0.543017208576202
v 0.873028159141541 0.0319746732711792 0.548661947250366
v 0.858475685119629 -0.0393299460411072 0.557613730430603
v 0.86606627702713 -0.00517475605010986 0.554025590419769
v 0.899129509925842 1.11748802661896 0.824928402900696
v 0.902589440345764 1.10275530815125 0.834629595279694
v 0.92215359210968 1.10662794113159 0.815951943397522
v 0.918266475200653 1.12320232391357 0.807108163833618
v 0.903549075126648 1.05748629570007 0.739997327327728
v 0.886597275733948 1.05204570293427 0.756762564182281
v 0.881212949752808 1.06483674049377 0.748955190181732
v 0.898655891418457 1.07079565525055 0.732236862182617
v 0.868461012840271 1.04706525802612 0.774779558181763
v 0.892814993858337 1.04221987724304 0.766518592834473
v 0.873809039592743 1.03877317905426 0.786228597164154
v 0.893869757652283 1.04653096199036 0.822503268718719
v 0.914622366428375 1.04568350315094 0.8030104637146
v 0.921532213687897 1.05945360660553 0.811140656471252
v 0.899299144744873 1.05889248847961 0.831390261650085
v 0.903513073921204 1.0872483253479 0.838952004909515
v 0.902139186859131 1.07212948799133 0.837426900863647
v 0.923114538192749 1.0748724937439 0.81815767288208
v 0.922968864440918 1.09065616130829 0.820197820663452
v 0.858630299568176 1.08938884735107 0.759699046611786
v 0.875764787197113 1.09550905227661 0.741802036762238
v 0.877414584159851 1.07950460910797 0.743600487709045
v 0.860056817531586 1.07380712032318 0.761075258255005
v 0.94238156080246 1.16553854942322 0.739014208316803
v 0.952565789222717 1.17364192008972 0.727541983127594
v 0.963922500610352 1.10156559944153 0.651152312755585
v 0.965675234794617 1.10588216781616 0.662877798080444
v 0.955807209014893 1.12105190753937 0.662586629390717
v 0.955053925514221 1.11834788322449 0.650300860404968
v 0.904936671257019 1.14593839645386 0.748590350151062
v 0.914803683757782 1.14845752716064 0.766106188297272
v 0.930408537387848 1.15674960613251 0.751224875450134
v 0.920232594013214 1.15265965461731 0.734512805938721
v 0.892977118492126 1.10133159160614 0.72428160905838
v 0.909195303916931 1.10696494579315 0.707355558872223
v 0.912235856056213 1.09176969528198 0.709915637969971
v 0.894922494888306 1.08543491363525 0.726586997509003
v 0.94209349155426 1.04549777507782 0.751029431819916
v 0.925976514816284 1.04035866260529 0.770615458488464
v 0.935054421424866 1.13347387313843 0.687953948974609
v 0.922749042510986 1.12865364551544 0.6985844373703
v 0.948064744472504 1.06046223640442 0.614963054656982
v 0.98041433095932 1.04583728313446 0.661500215530396
v 0.977303326129913 1.03529095649719 0.65803861618042
v 0.916540324687958 1.00216352939606 0.55085688829422
v 0.915084064006805 1.0183516740799 0.549999356269836
v 0.953185856342316 1.01356291770935 0.632461786270142
v 0.946596384048462 0.99632316827774 0.624934077262878
v 0.916429996490479 1.01962316036224 0.558131814002991
v 0.917365074157715 1.00866091251373 0.561969041824341
v 0.934080302715302 0.932854652404785 0.511611104011536
v 1.04582941532135 1.16917824745178 0.513450086116791
v 0.909315824508667 1.12383639812469 0.710610628128052
v 0.912454009056091 1.14049279689789 0.720209956169128
v 0.96990430355072 1.05905103683472 0.747669041156769
v 0.962940633296967 1.05416119098663 0.741870939731598
v 0.974173307418823 1.060751080513 0.72666323184967
v 0.979137599468231 1.06235766410828 0.732754588127136
v 1.07352113723755 1.03460443019867 0.692813396453857
v 1.05948400497437 1.02598714828491 0.692623913288116
v 1.06905043125153 1.01045298576355 0.687618792057037
v 1.08569633960724 1.02105367183685 0.686539173126221
v 0.989095687866211 1.13403177261353 0.764334797859192
v 1.00008225440979 1.13878870010376 0.75687301158905
v 0.993102431297302 1.15049612522125 0.755641043186188
v 0.981090545654297 1.14367866516113 0.764348328113556
v 0.982118427753448 1.16253817081451 0.751425862312317
v 0.967145621776581 1.1727089881897 0.742881894111633
v 0.95537394285202 1.16329681873322 0.753695011138916
v 0.969327211380005 1.15407478809357 0.761601567268372
v 0.886315643787384 0.651072978973389 0.638200104236603
v 0.911220490932465 0.652840375900269 0.662419497966766
v 0.904811382293701 0.780382752418518 0.522578358650208
v 0.901889443397522 0.788074016571045 0.547784984111786
v 0.906059861183167 0.684389472007751 0.498737752437592
v 0.98897397518158 0.546071648597717 0.480429828166962
v 0.964698910713196 0.561111986637115 0.467805445194244
v 1.01060724258423 0.475602477788925 0.526492059230804
v 0.866598129272461 0.64752995967865 0.608605146408081
v 0.996316909790039 0.416587769985199 0.5404172539711
v 1.00475132465363 0.446604162454605 0.533866167068481
v 0.977763414382935 0.415355503559113 0.617365598678589
v 0.990360379219055 0.444986045360565 0.618429780006409
v 0.96441376209259 0.444716781377792 0.635671734809875
v 0.954609751701355 0.416686296463013 0.632316887378693
v 0.934820652008057 0.446412563323975 0.642771244049072
v 0.926879703998566 0.418917417526245 0.638019323348999
v 0.862448930740356 0.361930429935455 0.491258293390274
v 0.870304465293884 0.120045900344849 0.644789576530457
v 0.843037366867065 0.086897611618042 0.640622496604919
v 0.864192962646484 0.0838870406150818 0.64380145072937
v 0.847550690174103 0.124251365661621 0.64227283000946
v 0.833172082901001 0.160652160644531 0.627309083938599
v 0.82754373550415 0.126433193683624 0.629917323589325
v 0.813001930713654 0.0826013684272766 0.555917084217072
v 0.857717156410217 0.0469754934310913 0.639364361763
v 0.838679015636444 0.0482441186904907 0.635997474193573
v 0.82404100894928 0.0892422199249268 0.628977060317993
v 0.822299063205719 0.0502198338508606 0.626083433628082
v 1.00907051563263 0.528992176055908 0.50448876619339
v 1.06412422657013 0.550234913825989 0.596999883651733
v 0.853713810443878 0.612703800201416 0.540505886077881
v 0.847776591777802 0.583127379417419 0.539247035980225
v 0.916311144828796 0.604589581489563 0.478188991546631
v 0.895456075668335 0.622628331184387 0.493034660816193
v 0.91752028465271 0.856857895851135 0.539840400218964
v 0.920189917087555 0.854236841201782 0.515664577484131
v 0.925774872303009 0.895378828048706 0.550086140632629
v 0.922062933444977 0.875795006752014 0.545764148235321
v 0.923397898674011 0.8802370429039 0.569735288619995
v 0.928424119949341 0.898267447948456 0.573656678199768
v 0.948418021202087 0.903086602687836 0.620346248149872
v 0.943172633647919 0.886367499828339 0.616300582885742
v 0.961542248725891 0.887584805488586 0.635262191295624
v 0.966551899909973 0.903992295265198 0.640150785446167
v 0.975903689861298 0.873748183250427 0.646528542041779
v 0.953788816928864 0.872246086597443 0.632277369499207
v 1.07253706455231 0.896870970726013 0.652937769889832
v 1.07934641838074 0.917551279067993 0.657137751579285
v 1.05905246734619 0.913448512554169 0.663017570972443
v 1.05225765705109 0.894599080085754 0.657995343208313
v 0.950338304042816 0.610488176345825 0.452762067317963
v 1.00430607795715 0.54078334569931 0.495102435350418
v 0.913378953933716 0.541644036769867 0.46996197104454
v 0.885787725448608 0.577685058116913 0.484548598527908
v 0.861526250839233 0.582261383533478 0.506479024887085
v 0.956116676330566 1.08298194408417 0.699090898036957
v 1.03829884529114 1.05382168292999 0.698124706745148
v 1.04455387592316 1.06190323829651 0.698987543582916
v 0.942667961120605 1.15277528762817 0.765384674072266
v 0.956107020378113 1.14326298236847 0.773071944713593
v 0.924164652824402 1.11223518848419 0.692990481853485
v 0.949160933494568 1.17142605781555 0.700249671936035
v 0.949917614459991 1.16046786308289 0.676609396934509
v 0.94413036108017 1.15561771392822 0.687477588653564
v 0.888577938079834 0.676568150520325 0.522342383861542
v 0.881936430931091 0.654355347156525 0.518952250480652
v 0.868137836456299 0.664024591445923 0.545040667057037
v 1.03890919685364 0.539078712463379 0.555528461933136
v 1.04218649864197 0.543054580688477 0.561576247215271
v 0.938646674156189 0.583139061927795 0.468346834182739
v 0.981648206710815 0.358849465847015 0.549706220626831
v 0.988362193107605 0.387154042720795 0.544968843460083
v 0.976269364356995 0.332621932029724 0.555036544799805
v 0.971700131893158 0.306330740451813 0.562475323677063
v 0.965762734413147 0.280119299888611 0.570690453052521
v 0.955454409122467 0.254250466823578 0.578050494194031
v 0.94084233045578 0.228566348552704 0.581576287746429
v 0.930855929851532 0.200777053833008 0.588750302791595
v 0.928745687007904 0.135380864143372 0.586975574493408
v 0.92764151096344 0.170501172542572 0.598030090332031
v 0.924375414848328 0.138540744781494 0.605883955955505
v 0.919821619987488 0.105643272399902 0.611327767372131
v 0.900906801223755 0.0380825400352478 0.612233698368073
v 0.912847757339478 0.072615385055542 0.613489985466003
v 0.889943897724152 0.00291299819946289 0.610775113105774
v 0.881330192089081 -0.0327221155166626 0.609264433383942
v 1.02872681617737 0.540793061256409 0.529793202877045
v 1.03392601013184 0.540199816226959 0.542435050010681
v 1.00942838191986 1.17564737796783 0.602704524993896
v 0.974868178367615 1.06326651573181 0.651384353637695
v 0.977867007255554 1.07198405265808 0.658388614654541
v 0.937950491905212 1.11726534366608 0.682163596153259
v 1.07390165328979 0.559023141860962 0.612485826015472
v 1.08482766151428 0.572907686233521 0.62602835893631
v 0.940966725349426 1.09248161315918 0.801589727401733
v 0.941527605056763 1.10905337333679 0.798965930938721
v 0.929841578006744 1.09819638729095 0.695354640483856
v 0.974140167236328 1.09071016311646 0.656593501567841
v 0.973833203315735 1.09560370445251 0.666392087936401
v 0.850929498672485 1.18889272212982 0.813560485839844
v 0.847451686859131 1.20364499092102 0.802830576896667
v 0.844535171985626 1.20811319351196 0.813670635223389
v 0.847395539283752 1.19290196895599 0.825288534164429
v 0.84926050901413 1.18337869644165 0.801984131336212
v 0.844939827919006 1.19776630401611 0.792316555976868
v 0.793207764625549 1.16248571872711 0.785165429115295
v 0.790895402431488 1.18279218673706 0.780028879642487
v 0.803857922554016 1.18195736408234 0.776085138320923
v 0.80715000629425 1.16279363632202 0.781406223773956
v 0.834406435489655 1.20691013336182 0.775143980979919
v 0.838478922843933 1.1919184923172 0.783809840679169
v 0.82838374376297 1.18681216239929 0.778668761253357
v 0.824656307697296 1.20306861400604 0.770746946334839
v 0.776033282279968 1.17025017738342 0.807749330997467
v 0.777113378047943 1.14889276027679 0.812173306941986
v 0.777002096176147 1.15437746047974 0.826788067817688
v 0.777251899242401 1.17548704147339 0.821175098419189
v 0.814044594764709 1.09088015556335 0.804021835327148
v 0.817922294139862 1.08129632472992 0.806915104389191
v 0.808052241802216 1.07440578937531 0.810719847679138
v 0.802441954612732 1.08614361286163 0.808672189712524
v 0.860034942626953 1.16006791591644 0.834338486194611
v 0.855359256267548 1.17408502101898 0.823998153209686
v 0.850732922554016 1.17726445198059 0.836546301841736
v 0.853780746459961 1.16138684749603 0.847966074943542
v 0.842689573764801 1.13880848884583 0.798284888267517
v 0.84662926197052 1.12404549121857 0.805464088916779
v 0.833765089511871 1.11582493782043 0.80005931854248
v 0.829103291034698 1.13116157054901 0.793262302875519
v 0.855652153491974 1.1455146074295 0.858737111091614
v 0.863835692405701 1.14614915847778 0.845498919487
v 0.832939207553864 1.17034721374512 0.785473763942719
v 0.837908744812012 1.15421652793884 0.791668295860291
v 0.825094521045685 1.14752066135406 0.787425518035889
v 0.82059782743454 1.16537094116211 0.782124817371368
v 0.777644276618958 1.21039605140686 0.795706629753113
v 0.776409983634949 1.19068777561188 0.802272140979767
v 0.778435230255127 1.19539606571198 0.814503788948059
v 0.78029465675354 1.21504151821136 0.806542456150055
v 0.813399851322174 1.20123660564423 0.769473016262054
v 0.816819429397583 1.18345260620117 0.776213049888611
v 0.801056444644928 1.20090866088867 0.770349740982056
v 0.824159264564514 1.22760820388794 0.817925631999969
v 0.82413774728775 1.21077716350555 0.830240249633789
v 0.836073398590088 1.21016180515289 0.822953820228577
v 0.835103213787079 1.22613525390625 0.811176717281342
v 0.80158269405365 1.12290072441101 0.793847739696503
v 0.797140717506409 1.14243078231812 0.789413332939148
v 0.810899913311005 1.14375948905945 0.786353230476379
v 0.815351605415344 1.12553286552429 0.791430473327637
v 0.859472393989563 1.15466856956482 0.819905698299408
v 0.854246377944946 1.1685379743576 0.811238884925842
v 0.824143409729004 1.1934654712677 0.842715620994568
v 0.8242467045784 1.17520427703857 0.854540586471558
v 0.839353799819946 1.1769984960556 0.846947431564331
v 0.837598383426666 1.19370079040527 0.834955930709839
v 0.807571649551392 1.15039110183716 0.865269541740417
v 0.808325290679932 1.1711642742157 0.856141209602356
v 0.794002711772919 1.16540765762329 0.850153028964996
v 0.793106079101562 1.14371383190155 0.858185946941376
v 0.795000672340393 1.10284578800201 0.805303037166595
v 0.807954609394073 1.10489809513092 0.799437582492828
v 0.780024290084839 1.1266770362854 0.816239953041077
v 0.78451681137085 1.10433113574982 0.818670690059662
v 0.781040191650391 1.10836112499237 0.835757434368134
v 0.778330206871033 1.13183319568634 0.831804394721985
v 0.861430644989014 1.11547482013702 0.829773306846619
v 0.861435949802399 1.12234354019165 0.823074579238892
v 0.867651581764221 1.1298600435257 0.838513493537903
v 0.867613852024078 1.12156820297241 0.845805764198303
v 0.865523099899292 1.13266122341156 0.854778230190277
v 0.865265011787415 1.12140309810638 0.86150324344635
v 0.85830146074295 1.10050845146179 0.874618172645569
v 0.856568574905396 1.10459196567535 0.875362396240234
v 0.84807562828064 1.09231567382812 0.881090402603149
v 0.852776288986206 1.08768796920776 0.878519356250763
v 0.805224120616913 1.10472869873047 0.881870925426483
v 0.805625557899475 1.12818908691406 0.874307572841644
v 0.792052686214447 1.12039041519165 0.865447580814362
v 0.792336702346802 1.0949239730835 0.872077465057373
v 0.791334271430969 1.06662011146545 0.85632848739624
v 0.78674578666687 1.08824241161346 0.856532096862793
v 0.786349534988403 1.08538436889648 0.838038563728333
v 0.792901039123535 1.06719398498535 0.837221682071686
v 0.838143467903137 1.03786242008209 0.820955753326416
v 0.823234796524048 1.04066812992096 0.831718802452087
v 0.820634365081787 1.04445445537567 0.817557573318481
v 0.833522975444794 1.04251563549042 0.808149695396423
v 0.821491360664368 1.06451630592346 0.798785746097565
v 0.82390296459198 1.07767224311829 0.797082424163818
v 0.830579936504364 1.07961416244507 0.788421392440796
v 0.830059468746185 1.0653692483902 0.789833605289459
v 0.857088208198547 1.12425875663757 0.828631401062012
v 0.855659365653992 1.11883819103241 0.833420157432556
v 0.863605916500092 1.11971163749695 0.850077271461487
v 0.868053615093231 1.12161505222321 0.844680368900299
v 0.807359993457794 1.08417010307312 0.886343955993652
v 0.793361723423004 1.06952250003815 0.875670552253723
v 0.815847516059875 1.06485176086426 0.805269241333008
v 0.812243103981018 1.06721699237823 0.809464693069458
v 0.819787621498108 1.07598733901978 0.806198716163635
v 0.820625007152557 1.07572507858276 0.802790999412537
v 0.8343106508255 1.09860694408417 0.811198711395264
v 0.836649000644684 1.09545254707336 0.812457382678986
v 0.847730994224548 1.10434699058533 0.82168436050415
v 0.844886898994446 1.106525182724 0.821734547615051
v 0.855303525924683 1.1144323348999 0.835759937763214
v 0.858662009239197 1.11284530162811 0.834574341773987
v 0.86483895778656 1.11715936660767 0.850583076477051
v 0.862152814865112 1.11715745925903 0.85216349363327
v 0.814862191677094 1.07245707511902 0.886155962944031
v 0.822018325328827 1.06290698051453 0.881752610206604
v 0.832118570804596 1.07230269908905 0.884592175483704
v 0.826721906661987 1.08185923099518 0.888383746147156
v 0.800861477851868 1.05471062660217 0.832929849624634
v 0.800993204116821 1.05361151695251 0.849340200424194
v 0.837859153747559 1.09765660762787 0.810901820659637
v 0.827789843082428 1.08562636375427 0.80737566947937
v 0.827970921993256 1.0891922712326 0.806769728660583
v 0.863497912883759 1.11435866355896 0.865349173545837
v 0.843034386634827 1.03723895549774 0.833345174789429
v 0.859244465827942 1.03538751602173 0.818658769130707
v 0.86572927236557 1.03874790668488 0.830638527870178
v 0.849250793457031 1.04026460647583 0.844886898994446
v 0.853345513343811 1.03715991973877 0.806003570556641
v 0.848863244056702 1.04356634616852 0.793855845928192
v 0.842643857002258 1.08377230167389 0.775915861129761
v 0.842973709106445 1.06865000724792 0.777325570583344
v 0.844187498092651 1.0996789932251 0.779703557491302
v 0.83280622959137 1.09478688240051 0.792178392410278
v 0.837302446365356 1.1085991859436 0.79965341091156
v 0.847838759422302 1.11421620845795 0.786655783653259
v 0.867294728755951 1.1292097568512 0.81472247838974
v 0.877812504768372 1.12455189228058 0.830276548862457
v 0.871716976165771 1.11112558841705 0.856634676456451
v 0.8833829164505 1.11296677589417 0.842760980129242
v 0.820132911205292 1.05321502685547 0.806000828742981
v 0.811976730823517 1.055051445961 0.813289403915405
v 0.808592438697815 1.19054639339447 0.845537900924683
v 0.809980392456055 1.20922362804413 0.833615183830261
v 0.796671152114868 1.20473003387451 0.830838739871979
v 0.795243561267853 1.18538439273834 0.841114640235901
v 0.785776436328888 1.20001780986786 0.824301719665527
v 0.787977755069733 1.21918272972107 0.814822316169739
v 0.848137617111206 1.16165542602539 0.800157129764557
v 0.843138575553894 1.1768878698349 0.792080163955688
v 0.841307163238525 1.21200609207153 0.782475113868713
v 0.849656462669373 1.10634565353394 0.817785322666168
v 0.849114537239075 1.11278867721558 0.812204957008362
v 0.846157968044281 1.07607936859131 0.879819393157959
v 0.85440194606781 1.07284557819366 0.874266266822815
v 0.860094904899597 1.0854719877243 0.874197602272034
v 0.824904143810272 1.09501373767853 0.888083636760712
v 0.842960774898529 1.10115206241608 0.882875800132751
v 0.84235680103302 1.12165462970734 0.876503109931946
v 0.824164807796478 1.11394512653351 0.883700370788574
v 0.830071985721588 1.05592060089111 0.87490314245224
v 0.841489434242249 1.05076706409454 0.866055250167847
v 0.848569095134735 1.06132900714874 0.871899127960205
v 0.83877158164978 1.06586027145386 0.879442453384399
v 0.845151543617249 1.11876749992371 0.812107682228088
v 0.843990325927734 1.11234104633331 0.818096041679382
v 0.885050117969513 1.08495593070984 0.856546401977539
v 0.884436130523682 1.09872567653656 0.852741003036499
v 0.871726453304291 1.09828579425812 0.86434143781662
v 0.870626628398895 1.08498668670654 0.867606520652771
v 0.863559067249298 1.0990309715271 0.870872735977173
v 0.88321328163147 1.07064211368561 0.85465395450592
v 0.867165923118591 1.07126688957214 0.866594672203064
v 0.855342328548431 1.12585854530334 0.798289179801941
v 0.856274247169495 1.04778647422791 0.854633927345276
v 0.87326979637146 1.04694390296936 0.840700626373291
v 0.878959596157074 1.05824720859528 0.848931550979614
v 0.862073421478271 1.0590353012085 0.861771643161774
v 0.784434974193573 1.18035233020782 0.832739353179932
v 0.783616602420807 1.15975332260132 0.840106427669525
v 0.798178553581238 1.06913423538208 0.820891380310059
v 0.791104674339294 1.08386254310608 0.820525765419006
v 0.805178105831146 1.05979013442993 0.818802118301392
v 0.781715452671051 1.1654314994812 0.794359982013702
v 0.780668497085571 1.18600785732269 0.789642453193665
v 0.788550496101379 1.12312471866608 0.801751375198364
v 0.784516274929047 1.14428246021271 0.798563361167908
v 0.824418663978577 1.15582644939423 0.86542546749115
v 0.814464449882507 1.04636204242706 0.854545593261719
v 0.803545594215393 1.05391430854797 0.864204943180084
v 0.811049938201904 1.04537570476532 0.841003656387329
v 0.845460057258606 1.05505228042603 0.783152222633362
v 0.830711364746094 1.05226290225983 0.796976506710052
v 0.806033492088318 1.06399548053741 0.880984306335449
v 0.863555669784546 1.05926752090454 0.76596999168396
v 0.856358110904694 1.11389625072479 0.873187184333801
v 0.865163624286652 1.11172604560852 0.862988591194153
v 0.862300992012024 1.11202430725098 0.865813434123993
v 0.842764437198639 1.22300505638123 0.802318751811981
v 0.853184938430786 1.14696145057678 0.807639718055725
v 0.836317837238312 1.104043841362 0.806752324104309
v 0.825374960899353 1.09689390659332 0.80378669500351
v 0.827437996864319 1.04036581516266 0.845008850097656
v 0.833470165729523 1.04315233230591 0.856483578681946
v 0.821017980575562 1.04888045787811 0.865663051605225
v 0.827885329723358 1.09141564369202 0.799921333789825
v 0.834043383598328 1.10435247421265 0.806634128093719
v 0.78086531162262 1.20588517189026 0.784334301948547
v 0.826507687568665 1.08763599395752 0.805240094661713
v 0.856157183647156 1.12905740737915 0.867192506790161
v 1.16211044788361 1.12319755554199 0.617604374885559
v 1.16988825798035 1.10834693908691 0.606403350830078
v 1.16983318328857 1.12154281139374 0.60464346408844
v 0.94189590215683 0.981185376644135 0.615679204463959
v 0.932334780693054 0.953162610530853 0.553028881549835
v 0.933311104774475 0.956504464149475 0.574874520301819
v 0.971278190612793 1.0533504486084 0.646251916885376
v 0.966760635375977 1.04161691665649 0.641736745834351
v 0.978498160839081 1.08645832538605 0.673935115337372
v 0.980502963066101 1.08053421974182 0.665833115577698
v 0.942253351211548 1.02153348922729 0.61565226316452
v 1.01981115341187 1.35845148563385 0.54645562171936
v 1.02322816848755 1.35261607170105 0.549572825431824
v 1.01681637763977 1.37098264694214 0.544790267944336
v 0.959796965122223 0.803005158901215 0.421103119850159
v 0.967972278594971 0.774641335010529 0.412016779184341
v 0.96740186214447 0.7616206407547 0.410592675209045
v 1.01357865333557 1.33826744556427 0.536478340625763
v 1.01810097694397 1.33403587341309 0.541186511516571
v 1.01311028003693 1.33608496189117 0.539426147937775
v 1.01256906986237 1.33950138092041 0.534309089183807
v 1.01309466362 1.33864283561707 0.534617722034454
v 1.01049017906189 1.37075293064117 0.535103142261505
v 1.0266615152359 1.34449756145477 0.550359785556793
v 1.02919089794159 1.3351628780365 0.550076544284821
v 1.01154470443726 1.35652661323547 0.53267639875412
v 1.07042729854584 0.794626414775848 0.637380719184875
v 1.06638932228088 0.776744365692139 0.645745873451233
v 1.08823549747467 0.773911893367767 0.631834805011749
v 1.09027123451233 0.791692912578583 0.623059809207916
v 1.11158955097198 0.754466533660889 0.622750163078308
v 1.11126744747162 0.772307157516479 0.614967405796051
v 1.08621823787689 0.754512131214142 0.641424238681793
v 0.969181537628174 0.73342752456665 0.681633710861206
v 0.97313517332077 0.755300879478455 0.676181077957153
v 0.947917938232422 0.759124517440796 0.665545105934143
v 0.942610442638397 0.737648367881775 0.669873535633087
v 0.930930018424988 0.777107000350952 0.646281898021698
v 0.924519300460815 0.760174095630646 0.648773431777954
v 0.953998386859894 0.777012825012207 0.661409854888916
v 0.911891222000122 0.77454400062561 0.624605894088745
v 0.905986070632935 0.756834387779236 0.626830518245697
v 0.899166703224182 0.768495559692383 0.600143074989319
v 0.893214404582977 0.749776005744934 0.602392256259918
v 0.886557579040527 0.741369247436523 0.576807856559753
v 0.887876152992249 0.731724977493286 0.549888789653778
v 0.892057240009308 0.698388636112213 0.524209916591644
v 0.895750999450684 0.720310091972351 0.523445308208466
v 0.9066441655159 0.708845973014832 0.499189257621765
v 0.919905006885529 0.698156297206879 0.476756542921066
v 0.932768642902374 0.690212726593018 0.458314746618271
v 0.945428192615509 0.684456586837769 0.443923771381378
v 0.958205282688141 0.680181503295898 0.432157337665558
v 0.97147935628891 0.676493287086487 0.423518776893616
v 0.972264230251312 0.652269005775452 0.428379565477371
v 0.995886564254761 1.16004586219788 0.5861696600914
v 1.09612250328064 1.20349907875061 0.643959045410156
v 1.07175147533417 1.20649409294128 0.64519727230072
v 1.09177792072296 1.19836509227753 0.653359889984131
v 1.10130596160889 1.13878679275513 0.686343491077423
v 1.11730539798737 1.13218140602112 0.677256882190704
v 1.11304545402527 1.14872491359711 0.675193548202515
v 1.09519827365875 1.15785336494446 0.683373212814331
v 1.11119651794434 1.19216763973236 0.644897639751434
v 1.11290597915649 1.19606757164001 0.638074040412903
v 1.1099625825882 1.18591380119324 0.653378427028656
v 1.12565112113953 1.17529702186584 0.64758026599884
v 1.139031291008 1.16850173473358 0.637368857860565
v 1.04648244380951 1.19710862636566 0.677417278289795
v 1.03502190113068 1.19614636898041 0.686395108699799
v 1.05069291591644 1.18049454689026 0.695297062397003
v 1.06140291690826 1.18130135536194 0.689242303371429
v 1.07595813274384 1.12884080410004 0.700342535972595
v 1.06539285182953 1.13093757629395 0.706558108329773
v 1.06488621234894 1.11594343185425 0.705615937709808
v 1.07631814479828 1.11317479610443 0.699170827865601
v 0.998350918292999 1.18985044956207 0.715718865394592
v 0.987148404121399 1.18442511558533 0.725479304790497
v 1.00353789329529 1.17532920837402 0.734493136405945
v 1.01530480384827 1.17910695075989 0.724494516849518
v 1.06444346904755 1.14692187309265 0.70543897151947
v 1.11364948749542 1.02597749233246 0.675063014030457
v 1.09978675842285 1.03442025184631 0.685048639774323
v 1.08661425113678 1.04459702968597 0.692111968994141
v 1.05002856254578 1.07006502151489 0.700016617774963
v 1.05375599861145 1.05422854423523 0.697692453861237
v 1.06075656414032 1.06404519081116 0.69792377948761
v 1.0391503572464 1.07469367980957 0.704317331314087
v 1.03016018867493 1.07772350311279 0.708787083625793
v 0.955621421337128 1.16470205783844 0.665398359298706
v 0.950993835926056 1.14161491394043 0.654340147972107
v 0.949237108230591 1.1401002407074 0.666626453399658
v 1.00834333896637 1.07781136035919 0.719499230384827
v 1.00515794754028 1.07389223575592 0.716906666755676
v 1.01318693161011 1.07248306274414 0.709533333778381
v 1.01601874828339 1.07637667655945 0.711651265621185
v 1.05668413639069 1.19758892059326 0.668796062469482
v 1.01512742042542 1.16135478019714 0.738849997520447
v 1.02075791358948 1.14616751670837 0.74050509929657
v 1.03165090084076 1.14815258979797 0.730046331882477
v 1.02654886245728 1.16407513618469 0.728106737136841
v 1.02430617809296 1.13276529312134 0.739974737167358
v 1.02481186389923 1.12071621417999 0.737739682197571
v 1.03434681892395 1.12072920799255 0.728596746921539
v 1.03467094898224 1.13386380672455 0.730124473571777
v 1.01052510738373 1.08292579650879 0.723440647125244
v 1.02053284645081 1.08161389827728 0.713967561721802
v 0.960955619812012 1.18080353736877 0.718042135238647
v 1.00367200374603 1.20181226730347 0.680865228176117
v 1.01583027839661 1.20387387275696 0.671692371368408
v 0.995983600616455 1.19827377796173 0.653383553028107
v 0.984900295734406 1.19551587104797 0.66094708442688
v 0.970993518829346 1.08755314350128 0.686241269111633
v 0.974090218544006 1.08024406433105 0.694391310214996
v 0.977761447429657 1.07317113876343 0.701186060905457
v 1.00758457183838 1.06587362289429 0.702549278736115
v 0.980563640594482 1.06801223754883 0.708840250968933
v 0.950040340423584 1.11954975128174 0.672619819641113
v 0.944966971874237 1.1363468170166 0.678215563297272
v 0.980419158935547 1.18060278892517 0.637720465660095
v 0.971344888210297 1.17624914646149 0.645047008991241
v 0.977218925952911 1.17915725708008 0.733942151069641
v 0.993425250053406 1.16909611225128 0.743033230304718
v 0.989008247852325 1.07063245773315 0.736738085746765
v 0.995524168014526 1.07169795036316 0.726287543773651
v 0.999316990375519 1.07571947574615 0.728594303131104
v 1.01803922653198 1.06028020381927 0.700002253055573
v 1.01100850105286 1.06839084625244 0.705854892730713
v 1.02318596839905 1.19515085220337 0.696001827716827
v 1.01113104820251 1.14178121089935 0.748695731163025
v 1.00449573993683 1.15586531162262 0.747564136981964
v 1.04427945613861 1.13379061222076 0.720825612545013
v 1.05463647842407 1.13265764713287 0.71296215057373
v 1.05347049236298 1.14832186698914 0.711544156074524
v 1.04250347614288 1.14868605136871 0.719933092594147
v 1.01238775253296 1.10586214065552 0.743885159492493
v 1.01473963260651 1.11852920055389 0.746715247631073
v 1.05438816547394 1.11827731132507 0.712220788002014
v 1.04421043395996 1.11993980407715 0.719983220100403
v 1.00269329547882 1.08088982105255 0.732107877731323
v 0.989472448825836 1.18304324150085 0.632265508174896
v 0.982667326927185 1.1636289358139 0.611395716667175
v 0.9761563539505 1.16415083408356 0.620046377182007
v 0.969023883342743 1.15987884998322 0.626731038093567
v 0.961409747600555 1.15412783622742 0.634409308433533
v 0.954524576663971 1.14642155170441 0.643428802490234
v 0.988820314407349 1.16220831871033 0.600127339363098
v 0.812618732452393 1.05555999279022 0.874444603919983
v 0.984069526195526 1.06617760658264 0.735767781734467
v 0.981780648231506 1.07008194923401 0.747793316841125
v 0.976320445537567 1.06485819816589 0.748534083366394
v 0.942575097084045 1.07733333110809 0.79818868637085
v 1.03607606887817 1.25759077072144 0.415122091770172
v 1.03746831417084 1.25271546840668 0.418838500976562
v 1.03536880016327 1.28081476688385 0.408787727355957
v 1.03512704372406 1.2771292924881 0.409040540456772
v 0.840555608272552 1.08192014694214 0.88393634557724
v 0.83642315864563 1.08777725696564 0.885947942733765
v 0.824214935302734 1.13515293598175 0.875289142131805
v 0.842128157615662 1.14094269275665 0.86813759803772
v 0.840937614440918 1.15936720371246 0.857812106609344
v 0.864499628543854 1.141641497612 0.829202890396118
v 0.8580601811409 1.13339424133301 0.815196394920349
v 0.820691585540771 1.10942149162292 0.797733426094055
v 0.784503936767578 1.11357176303864 0.851762771606445
v 0.840629994869232 1.2455141544342 0.769384741783142
v 0.838409304618835 1.25889146327972 0.757440268993378
v 0.839765965938568 1.26459813117981 0.767029285430908
v 0.840406119823456 1.25131380558014 0.779075026512146
v 0.836777210235596 1.27073967456818 0.746025443077087
v 0.832013547420502 1.25491881370544 0.750385046005249
v 0.829144835472107 1.26776480674744 0.739916682243347
v 0.823457837104797 1.25260674953461 0.746717393398285
v 0.820617020130157 1.26706039905548 0.737118482589722
v 0.811447262763977 1.2676796913147 0.736798346042633
v 0.813902735710144 1.25207996368408 0.745592832565308
v 0.804841578006744 1.25355398654938 0.747185587882996
v 0.802930474281311 1.27024459838867 0.73976856470108
v 0.797714948654175 1.237828373909 0.758109211921692
v 0.789072334766388 1.2406907081604 0.763588964939117
v 0.790199995040894 1.25999355316162 0.757275938987732
v 0.796912670135498 1.25656974315643 0.751461744308472
v 0.787592172622681 1.28552222251892 0.766086578369141
v 0.784529745578766 1.26765120029449 0.773658514022827
v 0.788882255554199 1.2709242105484 0.781082272529602
v 0.791642487049103 1.28804314136505 0.772711992263794
v 0.803534746170044 1.2586522102356 0.799306392669678
v 0.806116878986359 1.27579545974731 0.790027022361755
v 0.796743154525757 1.27412390708923 0.786135911941528
v 0.793473839759827 1.2557098865509 0.795800447463989
v 0.808831214904785 1.29116928577423 0.782389998435974
v 0.816586911678314 1.27617013454437 0.788396418094635
v 0.819349706172943 1.28967821598053 0.780701637268066
v 0.83854615688324 1.22619724273682 0.771901667118073
v 0.842752695083618 1.23161673545837 0.781023621559143
v 0.844443321228027 1.21765577793121 0.792087614536285
v 0.81740665435791 1.23547768592834 0.75412529706955
v 0.827132165431976 1.23703265190125 0.756264448165894
v 0.830744802951813 1.22185933589935 0.765911221504211
v 0.820945501327515 1.21920204162598 0.762742161750793
v 0.78918069601059 1.20222282409668 0.775530099868774
v 0.788778901100159 1.22172880172729 0.769612371921539
v 0.799133360385895 1.21922159194946 0.764500617980957
v 0.807482242584229 1.23592495918274 0.754962801933289
v 0.810196876525879 1.21855998039246 0.762503623962402
v 0.783136606216431 1.24460709095001 0.771706104278564
v 0.785284757614136 1.26386308670044 0.765215635299683
v 0.834270596504211 1.2560567855835 0.787517189979553
v 0.834620714187622 1.26979005336761 0.776125967502594
v 0.826242506504059 1.27362835407257 0.783035755157471
v 0.825273275375366 1.25905537605286 0.793935120105743
v 0.781842947006226 1.22547423839569 0.778095364570618
v 0.834579944610596 1.24140989780426 0.799280524253845
v 0.824663043022156 1.24371910095215 0.805665135383606
v 0.814781904220581 1.26037669181824 0.798472285270691
v 0.812994360923767 1.24411273002625 0.809584617614746
v 0.835713386535645 1.2817370891571 0.76619166135788
v 0.839695394039154 1.27633738517761 0.756062209606171
v 0.841525256633759 1.23737049102783 0.790936887264252
v 0.781665802001953 1.24899363517761 0.781179785728455
v 0.7795370221138 1.22987031936646 0.788466036319733
v 0.78270012140274 1.23413181304932 0.798202097415924
v 0.785362482070923 1.25253880023956 0.789977312088013
v 0.79862505197525 1.22309136390686 0.820330381393433
v 0.800841748714447 1.24112176895142 0.809049129486084
v 0.790461301803589 1.23739039897919 0.805119633674622
v 0.799069702625275 1.29071044921875 0.778140664100647
v 0.811402797698975 1.22689056396484 0.821393191814423
v 0.831935882568359 1.33982384204865 0.706523060798645
v 0.837401866912842 1.33927309513092 0.697687983512878
v 0.831397593021393 1.3307648897171 0.69723653793335
v 0.825907289981842 1.33126091957092 0.707080125808716
v 0.819054126739502 1.31043744087219 0.694290399551392
v 0.828299999237061 1.31230914592743 0.685497224330902
v 0.831347942352295 1.30225503444672 0.685980677604675
v 0.821994483470917 1.29884076118469 0.694645881652832
v 0.844293832778931 1.33733189105988 0.691789090633392
v 0.837546825408936 1.32977342605591 0.690359592437744
v 0.850530445575714 1.33264005184174 0.691012918949127
v 0.850766241550446 1.34402322769165 0.692421019077301
v 0.857433140277863 1.34061527252197 0.694509446620941
v 0.862557232379913 1.34763407707214 0.694967567920685
v 0.866493761539459 1.34711837768555 0.703728437423706
v 0.861867189407349 1.33574938774109 0.704509735107422
v 0.855803549289703 1.341912150383 0.729313671588898
v 0.860784113407135 1.35413599014282 0.723412394523621
v 0.854921221733093 1.3577162027359 0.731704115867615
v 0.849954843521118 1.3452376127243 0.737148284912109
v 0.83886307477951 1.3608136177063 0.743563175201416
v 0.835454761981964 1.34823071956635 0.748011291027069
v 0.842823565006256 1.34697759151459 0.742577195167542
v 0.847275972366333 1.36013162136078 0.737112939357758
v 0.824347794055939 1.34212982654572 0.720038771629333
v 0.827570855617523 1.34053325653076 0.715116739273071
v 0.821660041809082 1.33249831199646 0.716973781585693
v 0.818271458148956 1.33387100696564 0.722667574882507
v 0.857528805732727 1.32389616966248 0.687203884124756
v 0.854431927204132 1.32679295539856 0.685744643211365
v 0.856184720993042 1.33001279830933 0.694641172885895
v 0.857314229011536 1.32366549968719 0.698064863681793
v 0.794299364089966 1.31919550895691 0.73434579372406
v 0.798058986663818 1.31467735767365 0.729429125785828
v 0.796496152877808 1.30388474464417 0.732351243495941
v 0.791569888591766 1.30781078338623 0.738397359848022
v 0.80971372127533 1.2942054271698 0.711301326751709
v 0.821256816387177 1.28585124015808 0.715118885040283
v 0.818173408508301 1.28387665748596 0.721372842788696
v 0.80679577589035 1.29354524612427 0.719705939292908
v 0.814547300338745 1.29597353935242 0.703149676322937
v 0.83115816116333 1.29246723651886 0.699374079704285
v 0.825297832489014 1.28844439983368 0.707501947879791
v 0.839127659797668 1.29718923568726 0.689913511276245
v 0.787824034690857 1.31149387359619 0.748039305210114
v 0.788535833358765 1.32100200653076 0.746358752250671
v 0.879499316215515 1.38976311683655 0.676698923110962
v 0.876777350902557 1.3850804567337 0.678581774234772
v 0.873677134513855 1.38914608955383 0.680883586406708
v 0.876799643039703 1.39384090900421 0.679149746894836
v 0.798801958560944 1.32181835174561 0.763719201087952
v 0.79587334394455 1.31527733802795 0.763766169548035
v 0.804430186748505 1.31532466411591 0.767889261245728
v 0.808142900466919 1.32094407081604 0.766181945800781
v 0.802443027496338 1.33106541633606 0.762791156768799
v 0.812697291374207 1.32890129089355 0.763724803924561
v 0.891138732433319 1.38799130916595 0.683721363544464
v 0.88832414150238 1.38342702388763 0.686689138412476
v 0.885462820529938 1.38201153278351 0.682502388954163
v 0.888109743595123 1.38678479194641 0.679578840732574
v 0.837353885173798 1.3475501537323 0.703798413276672
v 0.842955112457275 1.34651982784271 0.696098268032074
v 0.850748062133789 1.36357140541077 0.692276298999786
v 0.85454660654068 1.35876178741455 0.690080225467682
v 0.848714411258698 1.35283446311951 0.692965149879456
v 0.842671692371368 1.35649406909943 0.699215710163116
v 0.8315669298172 1.36040258407593 0.715925395488739
v 0.836397051811218 1.36055493354797 0.709441542625427
v 0.832074284553528 1.35106825828552 0.713546872138977
v 0.827157318592072 1.35153150558472 0.720007359981537
v 0.818331241607666 1.35512828826904 0.727163255214691
v 0.813995957374573 1.35852289199829 0.730084002017975
v 0.817789614200592 1.36651599407196 0.727673232555389
v 0.822839975357056 1.36388897895813 0.723920702934265
v 0.836097836494446 1.37838196754456 0.714865148067474
v 0.832896590232849 1.38008379936218 0.718739986419678
v 0.839422047138214 1.38727986812592 0.717554330825806
v 0.842509388923645 1.38615381717682 0.714052200317383
v 0.794170379638672 1.30980265140533 0.764524400234222
v 0.802010774612427 1.30971765518188 0.770191192626953
v 0.821603953838348 1.36275923252106 0.754074573516846
v 0.823702454566956 1.37267565727234 0.752592802047729
v 0.813219308853149 1.37380647659302 0.753594577312469
v 0.810905456542969 1.36320388317108 0.755486726760864
v 0.818216264247894 1.31959223747253 0.764191091060638
v 0.814921736717224 1.31412720680237 0.76733386516571
v 0.891627609729767 1.39164137840271 0.688129007816315
v 0.88896769285202 1.38698422908783 0.691259980201721
v 0.847761571407318 1.29861164093018 0.696463167667389
v 0.840293765068054 1.29414868354797 0.707373678684235
v 0.834415674209595 1.29046416282654 0.716275572776794
v 0.83100152015686 1.28745102882385 0.722430229187012
v 0.829639852046967 1.28366947174072 0.726674556732178
v 0.842995047569275 1.36367058753967 0.700870752334595
v 0.832221984863281 1.34616553783417 0.711604416370392
v 0.821424424648285 1.34298825263977 0.723419189453125
v 0.799934327602386 1.35498261451721 0.739635169506073
v 0.805392444133759 1.35329246520996 0.734366714954376
v 0.802324175834656 1.34570324420929 0.73436713218689
v 0.796462297439575 1.34768545627594 0.742249548435211
v 0.803457856178284 1.36448836326599 0.751216471195221
v 0.806250691413879 1.37433171272278 0.748985290527344
v 0.805503726005554 1.37327575683594 0.741765558719635
v 0.802070140838623 1.36472427845001 0.743666410446167
v 0.860966324806213 1.319260597229 0.687484562397003
v 0.857887864112854 1.31623721122742 0.698009669780731
v 0.791628956794739 1.32244467735291 0.756308615207672
v 0.79005491733551 1.31465458869934 0.756307661533356
v 0.789378762245178 1.30716991424561 0.757751703262329
v 0.807220757007599 1.32438933849335 0.72637152671814
v 0.809931039810181 1.32352066040039 0.722898721694946
v 0.802600741386414 1.3100266456604 0.720861673355103
v 0.800316333770752 1.3119523525238 0.726254940032959
v 0.817294597625732 1.32219243049622 0.705509662628174
v 0.82386440038681 1.32212281227112 0.695430517196655
v 0.811229526996613 1.30948877334595 0.704088687896729
v 0.800281882286072 1.2994179725647 0.726985514163971
v 0.801654100418091 1.29118013381958 0.72993129491806
v 0.79682457447052 1.29599022865295 0.735995650291443
v 0.791754841804504 1.30050873756409 0.742444396018982
v 0.788540422916412 1.30457472801208 0.750222206115723
v 0.802210509777069 1.28280258178711 0.734080255031586
v 0.796479284763336 1.28739905357361 0.73965322971344
v 0.791728138923645 1.29218173027039 0.746494889259338
v 0.788975358009338 1.29624962806702 0.753674745559692
v 0.810860991477966 1.30150127410889 0.776256382465363
v 0.81255167722702 1.30832958221436 0.771354794502258
v 0.800241053104401 1.30224275588989 0.773510217666626
v 0.819315314292908 1.27742290496826 0.728316009044647
v 0.809975504875183 1.28009009361267 0.730137586593628
v 0.809235274791718 1.28738844394684 0.724860787391663
v 0.828314900398254 1.27762019634247 0.731986165046692
v 0.836176097393036 1.31352865695953 0.679832577705383
v 0.838338375091553 1.32150959968567 0.682913780212402
v 0.843492925167084 1.32237458229065 0.677713215351105
v 0.842376470565796 1.31586074829102 0.674486339092255
v 0.856112420558929 1.34972155094147 0.691962003707886
v 0.860635340213776 1.35577166080475 0.690592765808105
v 0.86661422252655 1.3544545173645 0.694022357463837
v 0.790594339370728 1.3310534954071 0.745629668235779
v 0.79595810174942 1.32942736148834 0.735410451889038
v 0.849857747554779 1.3685986995697 0.695550143718719
v 0.884719014167786 1.37823414802551 0.689791560173035
v 0.878499925136566 1.36874449253082 0.694540321826935
v 0.874849498271942 1.36735486984253 0.689437627792358
v 0.881903052330017 1.37682664394379 0.685145974159241
v 0.856510758399963 1.37683546543121 0.697767436504364
v 0.862902343273163 1.38159966468811 0.695607006549835
v 0.86078292131424 1.37791872024536 0.691095471382141
v 0.855582296848297 1.37249445915222 0.693540036678314
v 0.828253924846649 1.38190793991089 0.723179221153259
v 0.833462357521057 1.3879063129425 0.722124993801117
v 0.863489270210266 1.36608922481537 0.71596372127533
v 0.866044521331787 1.3496720790863 0.714745819568634
v 0.86967146396637 1.35917150974274 0.710045695304871
v 0.827132225036621 1.36188614368439 0.72050416469574
v 0.827447950839996 1.37236368656158 0.720938861370087
v 0.831035554409027 1.37049961090088 0.717189013957977
v 0.844094693660736 1.36784863471985 0.701829373836517
v 0.840140819549561 1.36725902557373 0.706532895565033
v 0.845260322093964 1.37295317649841 0.703810095787048
v 0.848949611186981 1.3717212677002 0.699240624904633
v 0.798583149909973 1.35305118560791 0.75279027223587
v 0.808735072612762 1.35185921192169 0.75831401348114
v 0.88116592168808 1.38263630867004 0.679427564144135
v 0.883797347545624 1.38736498355865 0.6771399974823
v 0.792941570281982 1.30129384994507 0.76715087890625
v 0.789121568202972 1.29936552047729 0.760453224182129
v 0.822879552841187 1.35278952121735 0.723992049694061
v 0.860304772853851 1.33863592147827 0.718822479248047
v 0.817606091499329 1.34401440620422 0.726471900939941
v 0.836313486099243 1.38143646717072 0.739241361618042
v 0.839976787567139 1.38814115524292 0.737105667591095
v 0.834400296211243 1.3898184299469 0.734243869781494
v 0.82999461889267 1.38430857658386 0.737561821937561
v 0.871204316616058 1.38984882831573 0.692265748977661
v 0.876150667667389 1.39515376091003 0.690284907817841
v 0.873680770397186 1.39299392700195 0.685348570346832
v 0.868706345558167 1.38723731040955 0.687168717384338
v 0.856291711330414 1.36812448501587 0.690493583679199
v 0.861342310905457 1.37391209602356 0.687458336353302
v 0.864567518234253 1.37008619308472 0.685608386993408
v 0.85931396484375 1.36387133598328 0.688393294811249
v 0.86464536190033 1.36131644248962 0.689142823219299
v 0.869807422161102 1.36787343025208 0.686541855335236
v 0.876389741897583 1.38994133472443 0.696702480316162
v 0.868733048439026 1.38190102577209 0.700317561626434
v 0.874718070030212 1.37771165370941 0.702737331390381
v 0.882064580917358 1.38621997833252 0.697779893875122
v 0.832254469394684 1.33588325977325 0.752450942993164
v 0.827415466308594 1.35001194477081 0.753184616565704
v 0.824576079845428 1.33784961700439 0.75708544254303
v 0.842354774475098 1.3721923828125 0.739781618118286
v 0.831580936908722 1.37350606918335 0.744057774543762
v 0.830157876014709 1.36212158203125 0.749221980571747
v 0.819455802440643 1.35110831260681 0.756855070590973
v 0.859665095806122 1.37681591510773 0.707878649234772
v 0.862706780433655 1.37549495697021 0.713032722473145
v 0.866950273513794 1.37209451198578 0.707246541976929
v 0.811737775802612 1.34631562232971 0.729943335056305
v 0.877087831497192 1.37697339057922 0.682153344154358
v 0.842114210128784 1.29626274108887 0.738950908184052
v 0.844247043132782 1.30187392234802 0.734551548957825
v 0.842650055885315 1.30977785587311 0.746311902999878
v 0.840525507926941 1.30228590965271 0.749615609645844
v 0.868922054767609 1.38308715820312 0.683094143867493
v 0.872154891490936 1.37935733795166 0.680900514125824
v 0.825177609920502 1.38476943969727 0.728294491767883
v 0.825757086277008 1.38849556446075 0.732536911964417
v 0.83050149679184 1.39154863357544 0.730700075626373
v 0.830715179443359 1.38952088356018 0.726691663265228
v 0.816812336444855 1.33940839767456 0.760533452033997
v 0.824543654918671 1.3796900510788 0.751811623573303
v 0.814840734004974 1.3822717666626 0.751877427101135
v 0.82168447971344 1.32741630077362 0.76086437702179
v 0.827750027179718 1.31721186637878 0.759600460529327
v 0.829628467559814 1.32505965232849 0.756392121315002
v 0.851214051246643 1.37321376800537 0.730208933353424
v 0.839011490345001 1.33458566665649 0.747604608535767
v 0.836119174957275 1.32289838790894 0.752071499824524
v 0.835103809833527 1.31354379653931 0.755076348781586
v 0.833875298500061 1.3071756362915 0.758067786693573
v 0.825349867343903 1.31097769737244 0.763055205345154
v 0.885041177272797 1.38144516944885 0.694739937782288
v 0.886063992977142 1.39143562316895 0.694579005241394
v 0.821671366691589 1.29842722415924 0.773104608058929
v 0.823338627815247 1.30482339859009 0.767236351966858
v 0.83031952381134 1.29463315010071 0.766899645328522
v 0.832192420959473 1.30098795890808 0.762032389640808
v 0.847459733486176 1.31820619106293 0.739172577857971
v 0.842732310295105 1.32114410400391 0.746281564235687
v 0.851355493068695 1.33015048503876 0.734567165374756
v 0.845680773258209 1.33280026912689 0.742400586605072
v 0.859484851360321 1.36864995956421 0.726121306419373
v 0.889664113521576 1.40521121025085 0.687309980392456
v 0.885405838489532 1.40630984306335 0.685344994068146
v 0.880209982395172 1.40001344680786 0.688240528106689
v 0.885039150714874 1.39924120903015 0.690849125385284
v 0.881026029586792 1.39473748207092 0.693807482719421
v 0.889399588108063 1.39603316783905 0.691332936286926
v 0.855159819126129 1.32646608352661 0.723597645759583
v 0.851507365703583 1.37829339504242 0.702491581439972
v 0.849273443222046 1.31184315681458 0.725850999355316
v 0.855476915836334 1.31385660171509 0.710611343383789
v 0.859203159809113 1.32440209388733 0.710350871086121
v 0.847254157066345 1.29969024658203 0.716038584709167
v 0.842067837715149 1.29468512535095 0.724745988845825
v 0.837162554264069 1.28658819198608 0.733410596847534
v 0.83844655752182 1.29071807861328 0.730105698108673
v 0.836609125137329 1.28035867214203 0.737837076187134
v 0.853168964385986 1.30412530899048 0.704482555389404
v 0.880504608154297 1.40043568611145 0.677189886569977
v 0.882740497589111 1.39640021324158 0.674099206924438
v 0.841003179550171 1.29143261909485 0.742269515991211
v 0.840045809745789 1.28496289253235 0.747685670852661
v 0.831538796424866 1.32219219207764 0.687907516956329
v 0.812054514884949 1.33533477783203 0.727870345115662
v 0.806907057762146 1.33666658401489 0.730255365371704
v 0.799114644527435 1.33811044692993 0.734654426574707
v 0.792963206768036 1.33994436264038 0.744136035442352
v 0.837871313095093 1.29010367393494 0.758820593357086
v 0.796310424804688 1.27432560920715 0.744355261325836
v 0.791025519371033 1.27866339683533 0.751135349273682
v 0.828101217746735 1.28609848022461 0.774086475372314
v 0.886941373348236 1.39397811889648 0.674063086509705
v 0.846527695655823 1.38828420639038 0.720040321350098
v 0.847796618938446 1.38877809047699 0.717975497245789
v 0.838095605373383 1.30545949935913 0.679727673530579
v 0.84457266330719 1.3096866607666 0.674022912979126
v 0.85794585943222 1.30908262729645 0.679534077644348
v 0.853302478790283 1.30312633514404 0.687221884727478
v 0.845204710960388 1.30148649215698 0.682317733764648
v 0.850750088691711 1.30757176876068 0.675988435745239
v 0.805132865905762 1.32599234580994 0.728255212306976
v 0.801627993583679 1.32793426513672 0.731018960475922
v 0.80604076385498 1.3409069776535 0.761114597320557
v 0.796043872833252 1.34201550483704 0.755683541297913
v 0.870084464550018 1.36044430732727 0.692420423030853
v 0.873322248458862 1.36168944835663 0.698348641395569
v 0.870290398597717 1.35526239871979 0.701400220394135
v 0.878353476524353 1.37240505218506 0.700324833393097
v 0.86234176158905 1.37735664844513 0.702453255653381
v 0.857500195503235 1.37850725650787 0.703840136528015
v 0.813376903533936 1.32292985916138 0.715854704380035
v 0.806254863739014 1.30967688560486 0.713279604911804
v 0.848058223724365 1.32693183422089 0.68300461769104
v 0.843026638031006 1.32733535766602 0.686582088470459
v 0.83533376455307 1.36825251579285 0.712325513362885
v 0.857652842998505 1.38189685344696 0.724179863929749
v 0.863191604614258 1.37699437141418 0.721219062805176
v 0.840132415294647 1.37506330013275 0.709794104099274
v 0.891347527503967 1.39357614517212 0.675976634025574
v 0.894708156585693 1.39476025104523 0.679901957511902
v 0.873144507408142 1.36563467979431 0.705179572105408
v 0.82250052690506 1.37475955486298 0.72515070438385
v 0.852974772453308 1.38634276390076 0.721783578395844
v 0.849802255630493 1.38195693492889 0.727619230747223
v 0.809208333492279 1.38110065460205 0.747014939785004
v 0.839460849761963 1.29681015014648 0.753162741661072
v 0.87665843963623 1.39769196510315 0.683808207511902
v 0.881034374237061 1.40430951118469 0.681493282318115
v 0.892916262149811 1.40209865570068 0.687391996383667
v 0.894986033439636 1.39786267280579 0.68473482131958
v 0.793475329875946 1.33142387866974 0.756950914859772
v 0.815359473228455 1.33461141586304 0.725582838058472
v 0.787833333015442 1.28228652477264 0.758742928504944
v 0.858088076114655 1.30819618701935 0.693999409675598
v 0.862145185470581 1.31361770629883 0.684500575065613
v 0.845472991466522 1.3813853263855 0.708519101142883
v 0.829053223133087 1.38050377368927 0.744619429111481
v 0.851348280906677 1.38609886169434 0.728959619998932
v 0.847812473773956 1.38608014583588 0.735707640647888
v 0.845140635967255 1.38004434108734 0.737307250499725
v 0.850014925003052 1.38870716094971 0.723651766777039
v 0.898402512073517 1.40344345569611 0.681865811347961
v 0.896235406398773 1.40743792057037 0.684506714344025
v 0.898252010345459 1.40051317214966 0.676947951316833
v 0.894307613372803 1.39905166625977 0.673518717288971
v 0.889811158180237 1.39904475212097 0.672140121459961
v 0.89286857843399 1.41016638278961 0.684611856937408
v 0.888783931732178 1.41090869903564 0.682988703250885
v 0.884244441986084 1.40862476825714 0.679632604122162
v 0.895438015460968 1.41488945484161 0.68227356672287
v 0.89929610490799 1.41299033164978 0.681591153144836
v 0.903369128704071 1.41118896007538 0.670546650886536
v 0.905000269412994 1.41323971748352 0.672728419303894
v 0.903481781482697 1.41039872169495 0.674643278121948
v 0.901829600334167 1.4067554473877 0.674145042896271
v 0.90477067232132 1.4158022403717 0.668708622455597
v 0.906828701496124 1.41732740402222 0.671052873134613
v 0.904866397380829 1.41542398929596 0.676099419593811
v 0.902829170227051 1.41150736808777 0.677617073059082
v 0.907072007656097 1.41982686519623 0.674503684043884
v 0.904741883277893 1.42206192016602 0.676822304725647
v 0.902577519416809 1.41779339313507 0.678162455558777
v 0.901439249515533 1.41403794288635 0.679199755191803
v 0.901301741600037 1.40839695930481 0.679274678230286
v 0.906012415885925 1.42047953605652 0.668426752090454
v 0.906151652336121 1.42487490177155 0.67101514339447
v 0.908341586589813 1.42347407341003 0.672831416130066
v 0.907893180847168 1.4204558134079 0.670229017734528
v 0.897295415401459 1.40432834625244 0.671328365802765
v 0.899834156036377 1.4102988243103 0.668930888175964
v 0.901501893997192 1.41570556163788 0.66739559173584
v 0.902722716331482 1.42069685459137 0.66746598482132
v 0.896058678627014 1.41124761104584 0.667884409427643
v 0.898416876792908 1.41684436798096 0.667112708091736
v 0.899604856967926 1.42097806930542 0.667593359947205
v 0.892881035804749 1.41352295875549 0.668458342552185
v 0.896163761615753 1.41871309280396 0.668036699295044
v 0.892646610736847 1.4040961265564 0.670151352882385
v 0.88863879442215 1.40585327148438 0.670782029628754
v 0.89775812625885 1.42118382453918 0.668331265449524
v 0.902945935726166 1.4249449968338 0.670246362686157
v 0.90017706155777 1.41897821426392 0.679709136486053
v 0.902069270610809 1.42349517345428 0.677596390247345
v 0.897421598434448 1.41998517513275 0.679754436016083
v 0.899560451507568 1.42422294616699 0.677218556404114
v 0.906391799449921 1.42488241195679 0.675595164299011
v 0.904273927211761 1.42626070976257 0.675105631351471
v 0.885694861412048 1.40096855163574 0.672555029392242
v 0.883560359477997 1.4049334526062 0.675850927829742
v 0.886573672294617 1.409512758255 0.673862040042877
v 0.890694677829742 1.41682100296021 0.671451091766357
v 0.887611150741577 1.41310930252075 0.677743077278137
v 0.89165723323822 1.41554141044617 0.680776715278625
v 0.894646644592285 1.42047166824341 0.678389251232147
v 0.891548573970795 1.41942071914673 0.675551891326904
v 0.896912515163422 1.42413079738617 0.675773024559021
v 0.894996821880341 1.42317962646484 0.673500418663025
v 0.894811153411865 1.42123770713806 0.670452833175659
v 0.898768484592438 1.42562127113342 0.673130571842194
v 0.901377201080322 1.4263322353363 0.674285709857941
v 0.899844944477081 1.42417621612549 0.670057654380798
v 0.897394835948944 1.4231413602829 0.67011547088623
v 0.897071659564972 1.42440557479858 0.672177612781525
v 0.870391547679901 1.41384243965149 0.697205483913422
v 0.867154657840729 1.40697801113129 0.698806703090668
v 0.864129602909088 1.40988850593567 0.701799690723419
v 0.86762797832489 1.41692793369293 0.700566053390503
v 0.881767272949219 1.40922033786774 0.703253030776978
v 0.879065096378326 1.40315246582031 0.705692648887634
v 0.875389158725739 1.40323007106781 0.701207518577576
v 0.877944529056549 1.40971255302429 0.698734045028687
v 0.881214141845703 1.41176629066467 0.709228932857513
v 0.878548443317413 1.40572810173035 0.711788535118103
v 0.875372231006622 1.395991563797 0.70799708366394
v 0.867852628231049 1.38438355922699 0.711199879646301
v 0.863772332668304 1.38519787788391 0.706424832344055
v 0.871676623821259 1.39633750915527 0.7034010887146
v 0.852444171905518 1.39544057846069 0.715634346008301
v 0.850172877311707 1.39291095733643 0.711343586444855
v 0.871100246906281 1.40489184856415 0.699044525623322
v 0.873879730701447 1.4115070104599 0.696734249591827
v 0.860265374183655 1.40701150894165 0.712679862976074
v 0.865065693855286 1.41465675830841 0.711092233657837
v 0.863398671150208 1.41284680366516 0.706326961517334
v 0.858377039432526 1.40519559383392 0.707826554775238
v 0.851598858833313 1.3894065618515 0.706613659858704
v 0.855275094509125 1.38671660423279 0.702641665935516
v 0.859800040721893 1.38572406768799 0.70324170589447
v 0.864731848239899 1.4067370891571 0.716764271259308
v 0.85791277885437 1.39508461952209 0.719731211662292
v 0.863714635372162 1.39141750335693 0.721216678619385
v 0.870385587215424 1.40346932411194 0.717646777629852
v 0.867110669612885 1.39748406410217 0.700677633285522
v 0.859328746795654 1.40195715427399 0.703208208084106
v 0.862702310085297 1.39923119544983 0.700052082538605
v 0.874674260616302 1.39868474006653 0.714195251464844
v 0.874159395694733 1.41058647632599 0.715102016925812
v 0.877954363822937 1.42783176898956 0.709269762039185
v 0.874180734157562 1.42960321903229 0.707019329071045
v 0.868887782096863 1.42136549949646 0.709578037261963
v 0.87297660112381 1.42015743255615 0.712285161018372
v 0.869166493415833 1.41398239135742 0.714316606521606
v 0.877483129501343 1.41641712188721 0.712589740753174
v 0.872572541236877 1.42683613300323 0.69839483499527
v 0.874857306480408 1.4233226776123 0.694866061210632
v 0.878030836582184 1.4209178686142 0.693942189216614
v 0.868520081043243 1.38666760921478 0.718139410018921
v 0.881572484970093 1.41905343532562 0.695862233638763
v 0.885384440422058 1.41799962520599 0.700087070465088
v 0.866940081119537 1.41995763778687 0.705003321170807
v 0.87185525894165 1.42907536029816 0.702797055244446
v 0.881693959236145 1.42434871196747 0.709327220916748
v 0.885073125362396 1.41994392871857 0.706188321113586
v 0.888193309307098 1.42743158340454 0.703613340854645
v 0.884958863258362 1.43119466304779 0.706662118434906
v 0.888895750045776 1.42542243003845 0.697904765605927
v 0.884984731674194 1.42559671401978 0.694084286689758
v 0.881235241889954 1.42679691314697 0.692727506160736
v 0.881779193878174 1.43400096893311 0.706813395023346
v 0.878247261047363 1.43531036376953 0.705144643783569
v 0.875410854816437 1.43441271781921 0.701406121253967
v 0.885081946849823 1.44016742706299 0.704823970794678
v 0.888677179813385 1.43866312503815 0.704319596290588
v 0.896100044250488 1.44411706924438 0.692187666893005
v 0.897865414619446 1.44490575790405 0.694921433925629
v 0.895555853843689 1.44030904769897 0.696093857288361
v 0.894558310508728 1.43855142593384 0.693472266197205
v 0.894142329692841 1.437175989151 0.697636067867279
v 0.892744064331055 1.43322765827179 0.696263670921326
v 0.895471096038818 1.44223630428314 0.699328124523163
v 0.892999708652496 1.43829953670502 0.700511574745178
v 0.898127734661102 1.44719302654266 0.698889255523682
v 0.895363807678223 1.44895839691162 0.701091527938843
v 0.892589688301086 1.443692445755 0.701689064502716
v 0.891114890575409 1.44025492668152 0.702292561531067
v 0.897806704044342 1.44939303398132 0.69251561164856
v 0.899518549442291 1.44863367080688 0.694376766681671
v 0.891295552253723 1.43425929546356 0.70175039768219
v 0.888178288936615 1.43141937255859 0.693003118038177
v 0.891132116317749 1.43810784816742 0.691301047801971
v 0.893386483192444 1.44462764263153 0.690570473670959
v 0.89486962556839 1.44990515708923 0.691320657730103
v 0.887224316596985 1.43899667263031 0.690221667289734
v 0.890263974666595 1.4453911781311 0.689931333065033
v 0.89174473285675 1.44981479644775 0.691341638565063
v 0.883689999580383 1.44111490249634 0.691235423088074
v 0.887379348278046 1.44703435897827 0.691127240657806
v 0.883759796619415 1.4319589138031 0.691762924194336
v 0.880206346511841 1.43365955352783 0.692867994308472
v 0.889578521251678 1.44973659515381 0.691984832286835
v 0.895119786262512 1.45335555076599 0.69458669424057
v 0.898301005363464 1.4533064365387 0.695728480815887
v 0.900638520717621 1.45161294937134 0.697688162326813
v 0.890303671360016 1.44472122192383 0.702355265617371
v 0.892994999885559 1.45008063316345 0.700813114643097
v 0.88810008764267 1.44614791870117 0.702911198139191
v 0.891008377075195 1.45111131668091 0.700796186923981
v 0.897661685943604 1.45256042480469 0.700262129306793
v 0.895902931690216 1.45365834236145 0.699320912361145
v 0.877957224845886 1.42899656295776 0.693876206874847
v 0.875724375247955 1.43189752101898 0.697142124176025
v 0.877906680107117 1.43647253513336 0.696036815643311
v 0.881600737571716 1.44385004043579 0.694732964038849
v 0.878091752529144 1.43905854225159 0.700396835803986
v 0.881520509719849 1.44067871570587 0.703762114048004
v 0.885151267051697 1.44647753238678 0.701958954334259
v 0.882277309894562 1.44570159912109 0.699134588241577
v 0.888546943664551 1.45095562934875 0.699820160865784
v 0.886311590671539 1.45034110546112 0.697689473628998
v 0.88568902015686 1.44901990890503 0.694183468818665
v 0.890873432159424 1.4532196521759 0.697428405284882
v 0.893442392349243 1.45400357246399 0.698315143585205
v 0.891792058944702 1.45258808135986 0.694306135177612
v 0.889028012752533 1.45137202739716 0.694080114364624
v 0.888729691505432 1.45207726955414 0.696559131145477
v 0.85374653339386 1.41676187515259 0.715983688831329
v 0.851693034172058 1.4112628698349 0.717122137546539
v 0.847123205661774 1.41296064853668 0.7189040184021
v 0.849407076835632 1.41880691051483 0.717828094959259
v 0.862849175930023 1.41506576538086 0.723868548870087
v 0.860993206501007 1.40830051898956 0.72542142868042
v 0.85946786403656 1.40895652770996 0.721097111701965
v 0.861452043056488 1.41510605812073 0.720044791698456
v 0.861082851886749 1.41670346260071 0.728228151798248
v 0.85871148109436 1.40981459617615 0.730382859706879
v 0.858466148376465 1.40169763565063 0.726605296134949
v 0.854182004928589 1.39277219772339 0.728173732757568
v 0.851946294307709 1.39415061473846 0.722960233688354
v 0.856829464435577 1.4027898311615 0.721678078174591
v 0.856162190437317 1.41002345085144 0.718213260173798
v 0.858393967151642 1.41579270362854 0.717202663421631
v 0.841032087802887 1.4090827703476 0.727623224258423
v 0.844807505607605 1.41582000255585 0.726804554462433
v 0.844711899757385 1.41472196578979 0.722744345664978
v 0.841076195240021 1.40783762931824 0.723599791526794
v 0.837956547737122 1.39527010917664 0.721297144889832
v 0.842745363712311 1.39458847045898 0.718689441680908
v 0.847575902938843 1.39469313621521 0.719724118709564
v 0.844264805316925 1.40891766548157 0.732020258903503
v 0.838837862014771 1.39815413951874 0.733145415782928
v 0.844725131988525 1.39645850658417 0.735989570617676
v 0.850033640861511 1.40625023841858 0.73423159122467
v 0.853118896484375 1.40415716171265 0.718592405319214
v 0.843453824520111 1.40644884109497 0.7193843126297
v 0.848314046859741 1.40510249137878 0.717411160469055
v 0.855667650699615 1.40293955802917 0.731927096843719
v 0.853210926055908 1.4128315448761 0.732444524765015
v 0.856332361698151 1.4305511713028 0.727490961551666
v 0.852984666824341 1.43137311935425 0.724857211112976
v 0.847579181194305 1.42218160629272 0.726133465766907
v 0.851143062114716 1.42163336277008 0.729532361030579
v 0.8476642370224 1.41548442840576 0.73080849647522
v 0.856358289718628 1.41944456100464 0.730377614498138
v 0.853348851203918 1.42767894268036 0.71667742729187
v 0.857052385807037 1.42550957202911 0.714315176010132
v 0.86123263835907 1.4243381023407 0.7154141664505
v 0.851489067077637 1.39372670650482 0.733991265296936
v 0.835273861885071 1.39809775352478 0.728939414024353
v 0.864066004753113 1.42396306991577 0.717728495597839
v 0.865812718868256 1.42418265342712 0.721157252788544
v 0.847195744514465 1.420778632164 0.721938848495483
v 0.85157036781311 1.42987310886383 0.720853686332703
v 0.860725462436676 1.42831754684448 0.727929294109344
v 0.864672005176544 1.42551934719086 0.725725054740906
v 0.867308676242828 1.43200922012329 0.723957240581512
v 0.863616168498993 1.43462204933167 0.726640582084656
v 0.86860603094101 1.43075501918793 0.719352841377258
v 0.866322875022888 1.43037223815918 0.716170072555542
v 0.863299071788788 1.43027138710022 0.714246392250061
v 0.859503626823425 1.43660116195679 0.726037919521332
v 0.856633722782135 1.43714261054993 0.723706424236298
v 0.85462474822998 1.4351499080658 0.720048308372498
v 0.861463487148285 1.44143986701965 0.725110471248627
v 0.865893423557281 1.4404604434967 0.724867880344391
v 0.874330520629883 1.44703423976898 0.714225053787231
v 0.874902606010437 1.447833776474 0.716447710990906
v 0.872695624828339 1.4434962272644 0.717194199562073
v 0.87271523475647 1.44229817390442 0.715152144432068
v 0.871645927429199 1.44028091430664 0.718550860881805
v 0.87099677324295 1.43697547912598 0.717884063720703
v 0.872285962104797 1.44469249248505 0.720885872840881
v 0.870553195476532 1.44069230556488 0.721512317657471
v 0.874283730983734 1.4492552280426 0.720284342765808
v 0.870718002319336 1.45036029815674 0.722292423248291
v 0.868761241436005 1.44577026367188 0.722682952880859
v 0.868311285972595 1.44219601154327 0.723344087600708
v 0.875439643859863 1.45158350467682 0.714662313461304
v 0.87617290019989 1.45114433765411 0.716475009918213
v 0.869124352931976 1.4372284412384 0.722390592098236
v 0.868375718593597 1.43541026115417 0.715014517307281
v 0.870490193367004 1.441446185112 0.713144779205322
v 0.872211575508118 1.44675803184509 0.712295532226562
v 0.87274181842804 1.45129406452179 0.712985098361969
v 0.867308437824249 1.44139266014099 0.711926579475403
v 0.869234323501587 1.44683218002319 0.711538314819336
v 0.86977231502533 1.45063853263855 0.712366223335266
v 0.863905727863312 1.44193243980408 0.711859226226807
v 0.866431891918182 1.44738864898682 0.711817026138306
v 0.865010738372803 1.43523108959198 0.713375270366669
v 0.861214101314545 1.43546545505524 0.713183760643005
v 0.867696762084961 1.45010638237 0.712598979473114
v 0.871271073818207 1.45460486412048 0.716121196746826
v 0.874340116977692 1.45478510856628 0.717859327793121
v 0.875977158546448 1.45326662063599 0.719688951969147
v 0.866163313388824 1.44629144668579 0.723838806152344
v 0.86808317899704 1.45104169845581 0.722535014152527
v 0.86330246925354 1.44658780097961 0.723410427570343
v 0.865788459777832 1.4514057636261 0.721753358840942
v 0.872734725475311 1.45333027839661 0.721589088439941
v 0.870999574661255 1.45424699783325 0.721052706241608
v 0.859539926052094 1.43083333969116 0.71385246515274
v 0.856070220470428 1.43259072303772 0.716090023517609
v 0.858121573925018 1.43693494796753 0.715295910835266
v 0.861056923866272 1.44369769096375 0.714245140552521
v 0.856803596019745 1.43919777870178 0.719336867332458
v 0.858619511127472 1.44105911254883 0.722822427749634
v 0.860982656478882 1.44631910324097 0.72144341468811
v 0.859838366508484 1.44510328769684 0.718209028244019
v 0.86381858587265 1.45102775096893 0.719880819320679
v 0.862848997116089 1.45006060600281 0.717228353023529
v 0.863930106163025 1.44878029823303 0.713972866535187
v 0.866279900074005 1.4533429145813 0.718060076236725
v 0.868486881256104 1.45416438579559 0.719812572002411
v 0.868549466133118 1.45313310623169 0.714912295341492
v 0.866359055042267 1.45148503780365 0.714300274848938
v 0.864974975585938 1.45214807987213 0.716530859470367
v 0.835598826408386 1.39635610580444 0.725283145904541
v 0.828023970127106 1.41176974773407 0.737573742866516
v 0.82710987329483 1.40678119659424 0.73757666349411
v 0.823300123214722 1.4074033498764 0.738931238651276
v 0.824136018753052 1.41234588623047 0.738934516906738
v 0.834828555583954 1.41149568557739 0.746334433555603
v 0.834109663963318 1.4057457447052 0.746735453605652
v 0.833831250667572 1.40578842163086 0.742001533508301
v 0.834703803062439 1.41143357753754 0.741815209388733
v 0.831473231315613 1.41221272945404 0.750427842140198
v 0.830494701862335 1.40635418891907 0.751142978668213
v 0.832479476928711 1.39906930923462 0.74638569355011
v 0.830217599868774 1.38840103149414 0.745535969734192
v 0.829501986503601 1.39034616947174 0.74023175239563
v 0.832107186317444 1.39937460422516 0.74148166179657
v 0.811826407909393 1.38627457618713 0.745607018470764
v 0.814085900783539 1.39307844638824 0.74507749080658
v 0.815538823604584 1.39316463470459 0.740905284881592
v 0.812402307987213 1.38565576076508 0.740737676620483
v 0.831081092357635 1.40619397163391 0.73864209651947
v 0.831931233406067 1.41156589984894 0.73873895406723
v 0.817371785640717 1.40254318714142 0.745460033416748
v 0.81917530298233 1.40847063064575 0.745788097381592
v 0.820521771907806 1.40809452533722 0.74182653427124
v 0.818705499172211 1.40254080295563 0.741311252117157
v 0.815635442733765 1.3858859539032 0.736594080924988
v 0.818446338176727 1.39306831359863 0.737648844718933
v 0.822191834449768 1.39225459098816 0.736169219017029
v 0.82006049156189 1.38631665706635 0.733608365058899
v 0.825855255126953 1.39193832874298 0.736810028553009
v 0.818685472011566 1.40188097953796 0.749685168266296
v 0.815264642238617 1.39219212532043 0.749209403991699
v 0.819100320339203 1.39019393920898 0.752634346485138
v 0.822950839996338 1.40088939666748 0.75232994556427
v 0.829255521297455 1.40039443969727 0.738209009170532
v 0.821489691734314 1.40198254585266 0.738409042358398
v 0.825291037559509 1.40111100673676 0.737219572067261
v 0.828977286815643 1.39930760860443 0.751043856143951
v 0.824936985969543 1.40748429298401 0.752132654190063
v 0.823224902153015 1.42061948776245 0.749369978904724
v 0.821757376194 1.42045164108276 0.746142029762268
v 0.820205390453339 1.41377472877502 0.745855331420898
v 0.821722447872162 1.41376519203186 0.74982750415802
v 0.820577800273895 1.40827894210815 0.749963641166687
v 0.826004981994629 1.41315126419067 0.751764357089996
v 0.825298607349396 1.41881227493286 0.739049077033997
v 0.829204320907593 1.41855442523956 0.737531721591949
v 0.832900106906891 1.41828620433807 0.738546192646027
v 0.82656192779541 1.38791084289551 0.75138908624649
v 0.835560262203217 1.41849660873413 0.741232812404633
v 0.835845649242401 1.41870629787445 0.74531352519989
v 0.821347951889038 1.41314053535461 0.741877317428589
v 0.822706818580627 1.41971755027771 0.742206335067749
v 0.827299654483795 1.42021155357361 0.750885307788849
v 0.832542717456818 1.41915082931519 0.749365985393524
v 0.833848536014557 1.42476415634155 0.748888969421387
v 0.82872611284256 1.42582941055298 0.750541865825653
v 0.836737275123596 1.42407715320587 0.744750142097473
v 0.836188137531281 1.42351627349854 0.740876257419586
v 0.833360314369202 1.42295122146606 0.738574862480164
v 0.824438571929932 1.42581796646118 0.748824834823608
v 0.823331117630005 1.42524993419647 0.745991289615631
v 0.824089586734772 1.42407512664795 0.742663502693176
v 0.826109349727631 1.43074321746826 0.748502492904663
v 0.830398678779602 1.43133068084717 0.749873459339142
v 0.839110195636749 1.43783462047577 0.741315901279449
v 0.839058995246887 1.43790030479431 0.743609070777893
v 0.8379265666008 1.43470144271851 0.743989288806915
v 0.838498950004578 1.43368315696716 0.741767823696136
v 0.837234914302826 1.43171787261963 0.745022833347321
v 0.837421238422394 1.42916011810303 0.74401718378067
v 0.836489319801331 1.43516409397125 0.747158169746399
v 0.835376679897308 1.43181300163269 0.747519016265869
v 0.83760404586792 1.43913078308105 0.747080981731415
v 0.83342033624649 1.44012904167175 0.748252868652344
v 0.832594871520996 1.4363579750061 0.748846173286438
v 0.832713663578033 1.43316864967346 0.749072313308716
v 0.839041292667389 1.44168257713318 0.742038130760193
v 0.839595556259155 1.44092774391174 0.743791937828064
v 0.834730088710785 1.42896962165833 0.748156189918518
v 0.836935102939606 1.42790329456329 0.74066549539566
v 0.837751448154449 1.43293404579163 0.739715576171875
v 0.838213264942169 1.43828415870667 0.73924458026886
v 0.837137162685394 1.44219064712524 0.740430116653442
v 0.835402011871338 1.43241930007935 0.738259792327881
v 0.835704922676086 1.43764996528625 0.738276541233063
v 0.834843099117279 1.441122174263 0.739440023899078
v 0.832330703735352 1.43163216114044 0.737897396087646
v 0.833228051662445 1.43687200546265 0.738143920898438
v 0.834411323070526 1.42693269252777 0.738660156726837
v 0.831161201000214 1.42613685131073 0.738169312477112
v 0.833527505397797 1.43979001045227 0.738937854766846
v 0.834926426410675 1.44374060630798 0.742660105228424
v 0.836738228797913 1.44393610954285 0.744611859321594
v 0.838176250457764 1.44262611865997 0.746689021587372
v 0.82997065782547 1.43646275997162 0.749007225036621
v 0.831062018871307 1.4407559633255 0.747841238975525
v 0.827429413795471 1.43565535545349 0.747623085975647
v 0.829449951648712 1.4406236410141 0.74607253074646
v 0.834878981113434 1.44271576404572 0.747827708721161
v 0.833423256874084 1.44342088699341 0.74655956029892
v 0.830001056194305 1.42291831970215 0.737879633903503
v 0.826720893383026 1.42324233055115 0.739249050617218
v 0.827559351921082 1.42659080028534 0.739347100257874
v 0.829071819782257 1.43181645870209 0.738981306552887
v 0.825203061103821 1.42786526679993 0.742455124855042
v 0.82453465461731 1.42931699752808 0.745844721794128
v 0.826327919960022 1.4346399307251 0.745025515556335
v 0.826659679412842 1.43314862251282 0.741861581802368
v 0.828642666339874 1.43954527378082 0.743765413761139
v 0.829000473022461 1.43823051452637 0.74133563041687
v 0.830761909484863 1.43714308738708 0.739076673984528
v 0.831245720386505 1.44207811355591 0.74256032705307
v 0.83205783367157 1.44323229789734 0.744512736797333
v 0.833383142948151 1.44242238998413 0.741078734397888
v 0.832223951816559 1.44048368930817 0.739963889122009
v 0.830859839916229 1.4406909942627 0.74121356010437
v 0.813086271286011 1.38641595840454 0.749166905879974
v 0.865957260131836 1.32465851306915 0.678511202335358
v 0.862315595149994 1.32859802246094 0.679123044013977
v 0.852163136005402 1.32953107357025 0.674527227878571
v 0.848510384559631 1.32554531097412 0.670229554176331
v 0.848571121692657 1.31956326961517 0.667066335678101
v 0.852244138717651 1.31536626815796 0.666544318199158
v 0.857810437679291 1.31384015083313 0.667758166790009
v 0.857649922370911 1.33077788352966 0.67789101600647
v 0.867450356483459 1.31917417049408 0.6761554479599
v 0.863856673240662 1.31475877761841 0.671505749225616
v 0.869133532047272 1.31990587711334 0.663750648498535
v 0.872303128242493 1.3239471912384 0.66904079914093
v 0.862975537776947 1.31828260421753 0.65988427400589
v 0.85685932636261 1.31947255134583 0.659085392951965
v 0.852256059646606 1.3228771686554 0.660987257957458
v 0.870546638965607 1.32888174057007 0.672383308410645
v 0.866227865219116 1.33251810073853 0.673765659332275
v 0.860272467136383 1.33391392230988 0.672691583633423
v 0.875130176544189 1.33282697200775 0.666212618350983
v 0.878355860710144 1.32993006706238 0.660853207111359
v 0.872796356678009 1.32967865467072 0.644122302532196
v 0.876891493797302 1.32865023612976 0.645326375961304
v 0.874298095703125 1.32662081718445 0.648351609706879
v 0.869844794273376 1.32679009437561 0.647351741790771
v 0.873193025588989 1.32586169242859 0.651229977607727
v 0.868782520294189 1.32391786575317 0.652405261993408
v 0.879598021507263 1.32790720462799 0.651327311992645
v 0.877286672592163 1.32736945152283 0.653665482997894
v 0.882815659046173 1.33148288726807 0.654866993427277
v 0.880458831787109 1.32936334609985 0.656273424625397
v 0.882528305053711 1.32938265800476 0.647981524467468
v 0.879454016685486 1.33073925971985 0.643324613571167
v 0.883701980113983 1.33202958106995 0.645236134529114
v 0.877098143100739 1.33269131183624 0.642320096492767
v 0.87434333562851 1.32550072669983 0.656858921051025
v 0.861307919025421 1.32372462749481 0.652787744998932
v 0.865168809890747 1.32795917987823 0.647421956062317
v 0.869467258453369 1.33191871643066 0.64406418800354
v 0.874378144741058 1.33566701412201 0.643074035644531
v 0.861523032188416 1.33159184455872 0.649446964263916
v 0.867444932460785 1.33545851707458 0.646393060684204
v 0.872399687767029 1.33802700042725 0.645607113838196
v 0.861010372638702 1.33565413951874 0.653580725193024
v 0.867585062980652 1.3380845785141 0.649672389030457
v 0.855798780918121 1.32656371593475 0.65553605556488
v 0.854418396949768 1.33083009719849 0.660270929336548
v 0.87152373790741 1.33926630020142 0.647992968559265
v 0.879454731941223 1.33854377269745 0.645201981067657
v 0.882474720478058 1.33578312397003 0.643756985664368
v 0.882201254367828 1.33438408374786 0.657749235630035
v 0.88518899679184 1.33274555206299 0.651608169078827
v 0.884526133537292 1.33642959594727 0.653755307197571
v 0.879326939582825 1.33694267272949 0.660640835762024
v 0.881823420524597 1.33939933776855 0.655120253562927
v 0.886130154132843 1.33385300636292 0.648388385772705
v 0.885156035423279 1.33714413642883 0.6489018201828
v 0.851377010345459 1.32787644863129 0.665105223655701
v 0.854542970657349 1.33202385902405 0.669210195541382
v 0.857709586620331 1.33478128910065 0.664922714233398
v 0.864248096942902 1.33870768547058 0.658461809158325
v 0.863993227481842 1.33686685562134 0.668062567710876
v 0.870708405971527 1.33571815490723 0.6685830950737
v 0.875341713428497 1.339111328125 0.661749839782715
v 0.869702816009521 1.34018039703369 0.661279201507568
v 0.878116846084595 1.34091687202454 0.655549883842468
v 0.874122083187103 1.3411306142807 0.655028760433197
v 0.870197117328644 1.3402339220047 0.652712821960449
v 0.878522634506226 1.34102749824524 0.65091735124588
v 0.882091164588928 1.33986079692841 0.64976167678833
v 0.876398384571075 1.33980965614319 0.64736133813858
v 0.873878955841064 1.34033179283142 0.649605751037598
v 0.875826895236969 1.34107911586761 0.651689171791077
v 0.808696508407593 1.37976813316345 0.740651726722717
v 0.812306940555573 1.37928462028503 0.735377788543701
v 0.808513462543488 1.37191867828369 0.73643958568573
v 0.804082989692688 1.36348867416382 0.737915813922882
v 0.798653304576874 1.35739135742188 0.745172500610352
v 0.809093713760376 1.36144518852234 0.733504176139832
v 0.813036262989044 1.37013471126556 0.731935024261475
v 0.818206667900085 1.37923216819763 0.730499982833862
v 0.810551106929779 1.35270738601685 0.731486856937408
v 1.00831687450409 1.34017658233643 0.434346854686737
v 1.00608325004578 1.33983099460602 0.43778070807457
v 1.00641310214996 1.33472967147827 0.441961646080017
v 1.00787842273712 1.33395552635193 0.439155787229538
v 1.01013171672821 1.33351361751556 0.436224222183228
v 1.01319694519043 1.33342933654785 0.433500975370407
v 1.01704740524292 1.34031188488007 0.428490042686462
v 1.01193022727966 1.34071528911591 0.430725932121277
v 1.0276255607605 1.33550834655762 0.428010821342468
v 1.02576124668121 1.33679378032684 0.42843896150589
v 1.0268406867981 1.33458137512207 0.428226292133331
v 1.02078247070312 1.33394742012024 0.429850399494171
v 1.02459371089935 1.33453249931335 0.429054200649261
v 1.00437676906586 1.33824741840363 0.443408936262131
v 1.00423908233643 1.33743703365326 0.445086032152176
v 1.00495874881744 1.33905148506165 0.440787851810455
v 1.0168639421463 1.33359217643738 0.431256115436554
v 1.00468611717224 1.3365181684494 0.445419371128082
v 1.00547564029694 1.33564519882202 0.444300711154938
v 1.02203047275543 1.33892095088959 0.428039968013763
v 1.00960719585419 1.33567810058594 0.435861051082611
v 1.01269853115082 1.33559942245483 0.432958513498306
v 1.01653409004211 1.33808732032776 0.429441541433334
v 1.01213753223419 1.33825099468231 0.431913614273071
v 1.02017343044281 1.33566915988922 0.429311156272888
v 1.0227986574173 1.33570003509521 0.429006695747375
v 1.0076310634613 1.33584427833557 0.438763707876205
v 1.01644551753998 1.33564615249634 0.430542230606079
v 1.00884211063385 1.33816313743591 0.435259938240051
v 1.02323079109192 1.33652126789093 0.428672224283218
v 1.02068042755127 1.33746361732483 0.428471207618713
v 1.00480461120605 1.33707857131958 0.44437301158905
v 1.00505173206329 1.33674681186676 0.444463819265366
v 1.03583192825317 1.13181376457214 0.489522874355316
v 1.02845644950867 1.11653184890747 0.483441650867462
v 1.00701951980591 1.33787560462952 0.438500642776489
v 1.00565004348755 1.33637964725494 0.443303465843201
v 1.00650441646576 1.33609652519226 0.441331535577774
v 1.00597286224365 1.33758699893951 0.441063612699509
v 1.00520801544189 1.33731710910797 0.443107664585114
v 0.897042572498322 1.13455855846405 0.735007166862488
v 0.893418252468109 1.11849856376648 0.72715699672699
v 0.927029728889465 1.14324283599854 0.780125021934509
v 0.941359102725983 1.12945961952209 0.789085030555725
v 0.929820716381073 0.851631104946136 0.467472344636917
v 1.03096115589142 0.892436325550079 0.659724712371826
v 1.03719973564148 0.909435868263245 0.665411114692688
v 1.10821461677551 0.901993691921234 0.632645070552826
v 1.09169018268585 0.899850368499756 0.644652962684631
v 0.935392737388611 0.901337265968323 0.597604751586914
v 0.930483937263489 0.883865237236023 0.593550086021423
v 0.926478743553162 0.893731653690338 0.526828825473785
v 0.924014270305634 0.873203158378601 0.521853029727936
v 0.917650580406189 0.861918807029724 0.564742505550385
v 1.05537247657776 0.858936846256256 0.651702880859375
v 1.06441831588745 0.877527236938477 0.651106417179108
v 1.04394471645355 0.876532196998596 0.656119585037231
v 1.03518402576447 0.859322965145111 0.657187521457672
v 1.11317706108093 0.881468892097473 0.613530993461609
v 1.12061977386475 0.903749227523804 0.616791605949402
v 0.950997114181519 0.921168446540833 0.62467885017395
v 0.970165312290192 0.921581268310547 0.644471883773804
v 1.01671528816223 0.923699498176575 0.666973292827606
v 1.04060983657837 0.927355170249939 0.669384956359863
v 1.08387887477875 0.938820362091064 0.660655856132507
v 1.06273102760315 0.933115124702454 0.666691303253174
v 0.93036413192749 0.913818836212158 0.507928252220154
v 0.941063821315765 0.932971835136414 0.490841120481491
v 0.937879085540771 0.920237362384796 0.600753009319305
v 0.96261340379715 0.911193549633026 0.444885760545731
v 1.12804388999939 0.97028785943985 0.643197298049927
v 1.10918748378754 0.967641115188599 0.656519591808319
v 0.992548525333405 0.922082424163818 0.658568441867828
v 0.995665967464447 1.07869625091553 0.479673475027084
v 0.9876349568367 1.06304264068604 0.473887324333191
v 0.974819481372833 1.06915760040283 0.486516088247299
v 0.983472883701324 1.08444797992706 0.49369141459465
v 0.963551223278046 1.07356548309326 0.500116169452667
v 0.954392671585083 1.07673788070679 0.514504313468933
v 0.947315216064453 1.07881510257721 0.528635621070862
v 0.935856938362122 1.07824516296387 0.56681877374649
v 0.938184857368469 1.07962274551392 0.554715037345886
v 0.936018049716949 1.07213568687439 0.588466048240662
v 0.935162544250488 1.07614850997925 0.577877163887024
v 0.937952101230621 1.06152760982513 0.598548412322998
v 0.942663311958313 1.04810643196106 0.609215438365936
v 0.949043810367584 1.03469240665436 0.62134861946106
v 0.956466376781464 1.04861688613892 0.627090275287628
v 0.935917258262634 1.03361296653748 0.601773023605347
v 0.931462287902832 1.04690980911255 0.590969622135162
v 0.9287348985672 1.05611073970795 0.580149173736572
v 0.986656367778778 1.01868879795074 0.4563048183918
v 0.981992244720459 0.995419323444366 0.456243097782135
v 1.0430029630661 1.14623308181763 0.494254887104034
v 0.783474862575531 1.13749074935913 0.846335172653198
v 0.835921764373779 1.24069654941559 0.760773003101349
v 1.14973771572113 1.1635856628418 0.624796211719513
v 1.15829765796661 1.15997302532196 0.610344111919403
v 1.16809797286987 1.14606189727783 0.600879430770874
v 1.16662538051605 1.15729320049286 0.598785936832428
v 1.08867537975311 1.19110822677612 0.662682056427002
v 1.10859966278076 1.17739129066467 0.662297129631042
v 1.12659394741058 1.16557002067566 0.653755784034729
v 1.14098405838013 1.15758323669434 0.641295552253723
v 0.933432817459106 0.937650263309479 0.577333450317383
v 1.15423059463501 1.12699151039124 0.631984174251556
v 1.14246463775635 1.14577984809875 0.644699215888977
v 1.12794780731201 1.15365564823151 0.659437000751495
v 1.10870635509491 1.16534626483917 0.669957458972931
v 1.08548879623413 1.18093883991241 0.674891710281372
v 1.07147967815399 1.18144083023071 0.682393312454224
v 1.05989623069763 1.16399931907654 0.701598227024078
v 1.04851830005646 1.16368818283081 0.708037197589874
v 1.03902268409729 1.18011689186096 0.703980207443237
v 1.0276403427124 1.18038201332092 0.713853418827057
v 1.03760254383087 1.16421449184418 0.717588186264038
v 0.969654738903046 1.13451385498047 0.773591816425323
v 0.961016654968262 1.12285506725311 0.781595945358276
v 0.958035111427307 1.10877299308777 0.78666740655899
v 0.956726908683777 1.09398996829987 0.787375688552856
v 0.957921624183655 1.08144676685333 0.783278703689575
v 0.962092876434326 1.07115542888641 0.774534702301025
v 0.968991219997406 1.06608903408051 0.762155532836914
v 0.99187844991684 1.06883382797241 0.724713206291199
v 1.00162017345428 1.07113146781921 0.714261293411255
v 1.02501082420349 1.05452942848206 0.698196947574615
v 1.03035509586334 1.04775536060333 0.697143197059631
v 1.05099833011627 1.002681016922 0.687296569347382
v 1.04462587833405 1.01874053478241 0.691511869430542
v 1.05765509605408 0.986490786075592 0.682990849018097
v 1.02318263053894 0.765340924263 0.670832514762878
v 1.02714395523071 0.782915949821472 0.663106739521027
v 1.00515472888947 0.786882698535919 0.666934907436371
v 1.00128781795502 0.769398987293243 0.673023164272308
v 1.09196889400482 0.81241500377655 0.615415155887604
v 1.07501423358917 0.815299212932587 0.6312615275383
v 0.917883336544037 0.79057776927948 0.62335193157196
v 0.937480270862579 0.792396783828735 0.644762337207794
v 0.959815800189972 0.791855692863464 0.65876978635788
v 0.982866227626801 0.790083527565002 0.665514707565308
v 0.9051833152771 0.786281585693359 0.598689436912537
v 0.914970397949219 0.743780970573425 0.47537887096405
v 0.907702505588531 0.752488195896149 0.497954398393631
v 0.952425181865692 0.725660800933838 0.424551874399185
v 0.938071668148041 0.730175971984863 0.438086748123169
v 0.898548126220703 0.779075980186462 0.573129177093506
v 0.925228595733643 0.736337602138519 0.454788982868195
v 0.901867687702179 0.761213421821594 0.521910548210144
v 0.897714376449585 0.770239412784576 0.547658383846283
v 1.0329567193985 0.800650119781494 0.65647304058075
v 1.05202150344849 0.797955989837646 0.648461878299713
v 1.05737566947937 0.817917227745056 0.643222570419312
v 1.14925301074982 1.03391551971436 0.644120633602142
v 1.13662374019623 1.03791987895966 0.658557772636414
v 1.12367260456085 1.04262042045593 0.672177076339722
v 1.11730110645294 1.06456422805786 0.681975424289703
v 1.10348343849182 1.07189464569092 0.690014541149139
v 1.09723937511444 1.05728268623352 0.690830945968628
v 1.1104701757431 1.04928946495056 0.683712840080261
v 1.07178723812103 1.08497941493988 0.697457849979401
v 1.05932974815369 1.08988285064697 0.702347755432129
v 1.05490863323212 1.07917487621307 0.700811982154846
v 1.06726145744324 1.07376003265381 0.697313964366913
v 1.04426491260529 1.0833752155304 0.706365704536438
v 1.03399348258972 1.08659684658051 0.711558222770691
v 1.02398955821991 1.088587641716 0.717518627643585
v 1.01437747478485 1.08921527862549 0.727614402770996
v 1.02231621742249 1.10826945304871 0.735769093036652
v 1.03220319747925 1.10877323150635 0.725767910480499
v 1.07504630088806 1.09818410873413 0.697733640670776
v 1.09034466743469 1.09320151805878 0.692743301391602
v 1.15362846851349 1.0676326751709 0.639019429683685
v 1.16138470172882 1.06414580345154 0.624075591564178
v 0.959780097007751 1.02734303474426 0.637348353862762
v 0.972596943378448 1.02205300331116 0.654336094856262
v 0.986468613147736 1.01922631263733 0.668061792850494
v 0.999891400337219 1.01865363121033 0.678511440753937
v 1.01281154155731 1.0208557844162 0.686649084091187
v 1.02643227577209 1.02454793453217 0.691580474376678
v 1.03998649120331 1.02993047237396 0.694207370281219
v 1.03532767295837 1.03960978984833 0.695923089981079
v 1.05210852622986 1.03656983375549 0.695699274539948
v 1.04542219638824 1.04579305648804 0.697180151939392
v 1.06345593929291 1.04487574100494 0.696417331695557
v 1.07416677474976 1.05484700202942 0.696116030216217
v 1.08270812034607 1.06611788272858 0.694428205490112
v 1.08797359466553 1.07894515991211 0.69320821762085
v 1.12109756469727 1.08068454265594 0.680472731590271
v 1.10685586929321 1.08728635311127 0.688342809677124
v 1.13391816616058 1.09315383434296 0.666151940822601
v 1.13363325595856 1.10905730724335 0.66493034362793
v 1.12975132465363 1.05936968326569 0.670341312885284
v 1.13277721405029 1.07571005821228 0.668363571166992
v 1.10391771793365 1.20679330825806 0.633070409297943
v 1.12064504623413 1.19829976558685 0.626473426818848
v 0.980133056640625 1.07923150062561 0.75915539264679
v 0.972090899944305 1.07637810707092 0.766631603240967
v 0.975868463516235 1.07160544395447 0.758061528205872
v 0.980881690979004 1.07501530647278 0.754905104637146
v 0.970027148723602 1.08428227901459 0.772844552993774
v 0.980521559715271 1.09555912017822 0.766604006290436
v 0.969836533069611 1.09471940994263 0.776367843151093
v 0.979921817779541 1.08611035346985 0.763609290122986
v 0.971098124980927 1.10683274269104 0.776929259300232
v 0.98181676864624 1.10566782951355 0.768586277961731
v 0.973922252655029 1.1183032989502 0.774928450584412
v 0.983916401863098 1.11553251743317 0.768424808979034
v 0.985767900943756 1.1226978302002 0.767538547515869
v 0.979884684085846 1.12744283676147 0.770401239395142
v 1.01454627513885 1.13002514839172 0.748064041137695
v 1.00374388694763 1.12807416915894 0.75613534450531
v 0.993381202220917 1.12518310546875 0.763208150863647
v 1.00577652454376 1.08737289905548 0.736233234405518
v 0.997425973415375 1.08743989467621 0.745909690856934
v 0.988900244235992 1.08682346343994 0.754858732223511
v 0.990480005741119 1.09583735466003 0.758360207080841
v 0.999936997890472 1.0958149433136 0.749542474746704
v 1.0091667175293 1.09589493274689 0.740444540977478
v 1.15280055999756 1.05151581764221 0.64148622751236
v 1.14247047901154 1.05496764183044 0.656254529953003
v 1.04852986335754 1.09353232383728 0.708399891853333
v 1.03874814510345 1.09632575511932 0.714179754257202
v 1.02895617485046 1.09788799285889 0.72150194644928
v 1.01890552043915 1.09752821922302 0.73130601644516
v 1.04200518131256 1.10736584663391 0.717469811439514
v 1.05207014083862 1.10537803173065 0.71036559343338
v 1.06262230873108 1.10215353965759 0.703833639621735
v 1.14381587505341 1.07158088684082 0.654299020767212
v 1.16116607189178 1.04827272891998 0.626836240291595
v 0.962515771389008 1.17082834243774 0.654719710350037
v 0.973907589912415 1.18968868255615 0.670786380767822
v 0.99069356918335 1.19786095619202 0.69071626663208
v 1.0106498003006 1.19303262233734 0.705876469612122
v 1.15470814704895 1.19478690624237 0.587194979190826
v 0.810127019882202 1.04788827896118 0.826009154319763
v 1.16223573684692 0.993007361888885 0.616347193717957
v 1.16647338867188 1.01286613941193 0.616979241371155
v 1.13790607452393 0.925792813301086 0.605303764343262
v 1.14769470691681 0.947310745716095 0.61123788356781
v 1.08253610134125 0.837942898273468 0.628860592842102
v 1.0979335308075 0.837710022926331 0.612110137939453
v 1.10585558414459 0.860803425312042 0.611639976501465
v 1.11006188392639 0.788774907588959 0.605885982513428
v 1.10855579376221 0.81054699420929 0.596506834030151
v 1.11700367927551 0.861013412475586 0.594366848468781
v 1.12387788295746 0.883424997329712 0.597137570381165
v 1.14231264591217 0.97106409072876 0.628143548965454
v 1.16000974178314 1.0321946144104 0.629942059516907
v 1.17013716697693 1.04673099517822 0.614553332328796
v 1.16967296600342 1.06264746189117 0.611737012863159
v 1.16983544826508 1.07856273651123 0.61007559299469
v 0.926705598831177 1.04954814910889 0.525374889373779
v 0.933928787708282 1.06446635723114 0.532968997955322
v 0.939078152179718 1.06391727924347 0.519993722438812
v 0.931828737258911 1.04912102222443 0.512818813323975
v 0.92232882976532 1.04911768436432 0.549457669258118
v 0.928723692893982 1.06332588195801 0.557518362998962
v 0.930513918399811 1.06437432765961 0.545517027378082
v 0.92356812953949 1.04958069324493 0.537744164466858
v 0.928066849708557 1.06080758571625 0.568906903266907
v 0.922176361083984 1.04695415496826 0.561024785041809
v 0.920867800712585 1.033731341362 0.519327044487
v 0.917811870574951 1.03406620025635 0.531598567962646
v 0.926250100135803 1.03325212001801 0.50746363401413
v 0.917416393756866 1.03296852111816 0.554223120212555
v 0.916910529136658 1.03403997421265 0.543237268924713
v 1.04617881774902 1.22103822231293 0.451994508504868
v 1.03996646404266 1.22322595119476 0.437339633703232
v 1.03559124469757 1.26223587989807 0.41318479180336
v 1.03648412227631 1.26705300807953 0.413823544979095
v 1.06068551540375 1.21548104286194 0.470354169607162
v 1.06303107738495 1.20941054821014 0.47662690281868
v 1.04069745540619 1.24485731124878 0.41873687505722
v 1.04136919975281 1.23096704483032 0.421855717897415
v 1.0357654094696 1.28760087490082 0.405368804931641
v 1.03658664226532 1.28452038764954 0.407407402992249
v 1.03652334213257 1.27352523803711 0.408868014812469
v 1.03722655773163 1.26999151706696 0.41077047586441
v 1.06502902507782 1.20288026332855 0.482805460691452
v 1.05758917331696 1.21901345252991 0.461676687002182
v 1.06679320335388 1.18793070316315 0.491691440343857
v 1.06681656837463 1.1805374622345 0.494297295808792
v 1.05717825889587 1.17435145378113 0.502416908740997
v 1.05398952960968 1.165940284729 0.501337826251984
v 0.993173956871033 1.03870713710785 0.458970367908478
v 1.015141248703 1.08503663539886 0.473146200180054
v 1.00720882415771 1.07216477394104 0.466722458600998
v 1.02196860313416 1.10053038597107 0.477952063083649
v 1.04892838001251 1.15692722797394 0.498093098402023
v 1.06637096405029 1.19571137428284 0.488000571727753
v 1.03843307495117 1.25759196281433 0.413955420255661
v 1.04021227359772 1.25263750553131 0.417346388101578
v 1.03677034378052 1.28071522712708 0.408295154571533
v 1.03664481639862 1.27713298797607 0.408541411161423
v 1.04713404178619 1.12829911708832 0.477822661399841
v 1.03979551792145 1.11267721652985 0.471367418766022
v 1.00027656555176 1.05615186691284 0.462849169969559
v 1.00111174583435 1.01315009593964 0.446565210819244
v 0.99789297580719 0.990096151828766 0.44494292140007
v 1.05371761322021 1.14312481880188 0.483399957418442
v 0.99667364358902 0.967798829078674 0.444370806217194
v 0.923433661460876 0.598038077354431 0.677220225334167
v 0.945916175842285 0.577834129333496 0.684196949005127
v 0.964715600013733 0.594430565834045 0.693454384803772
v 0.947952568531036 0.609045922756195 0.689178824424744
v 0.938076615333557 0.654282808303833 0.679352939128876
v 0.938429236412048 0.682334840297699 0.675168633460999
v 0.940046906471252 0.710182189941406 0.672411918640137
v 0.987769722938538 0.585021376609802 0.694461107254028
v 1.02525353431702 0.602790951728821 0.696230292320251
v 1.01388728618622 0.579449415206909 0.690440058708191
v 0.96626889705658 0.707233071327209 0.685017228126526
v 0.964881777763367 0.6805140376091 0.688037931919098
v 0.963499188423157 0.616653084754944 0.694654405117035
v 0.962860703468323 0.631447792053223 0.694274306297302
v 0.939593732357025 0.629137754440308 0.685141146183014
v 0.999093949794769 0.60550856590271 0.699824213981628
v 0.977473437786102 0.61038863658905 0.698078095912933
v 1.06318199634552 0.757833659648895 0.655147552490234
v 1.06249213218689 0.739311456680298 0.664991497993469
v 1.08613204956055 0.736166059970856 0.651020288467407
v 0.977508425712585 0.773643851280212 0.669900417327881
v 0.997937083244324 0.75083988904953 0.680199086666107
v 1.0949866771698 0.589268624782562 0.637661278247833
v 0.983695685863495 0.62944495677948 0.70000958442688
v 1.03436410427094 0.626763701438904 0.698678970336914
v 1.00733804702759 0.628089189529419 0.70161384344101
v 1.04069566726685 0.700051426887512 0.690016448497772
v 1.01615583896637 0.701771318912506 0.693359971046448
v 1.01616370677948 0.677173316478729 0.698187470436096
v 1.04107928276062 0.676178157329559 0.695286631584167
v 0.991839408874512 0.703621566295624 0.691928267478943
v 0.994472205638885 0.728907346725464 0.686775088310242
v 1.04059934616089 0.722500205039978 0.682932019233704
v 1.01780307292938 0.725290417671204 0.686764538288116
v 1.0203663110733 0.747189521789551 0.679101705551147
v 0.990801930427551 0.677779138088226 0.695527791976929
v 1.03967380523682 0.651482582092285 0.698070645332336
v 1.0664746761322 0.649921774864197 0.688357591629028
v 1.09138882160187 0.649350881576538 0.672323822975159
v 1.11470758914948 0.645972967147827 0.655203342437744
v 1.1171213388443 0.669980347156525 0.652438282966614
v 1.04147303104401 0.74286150932312 0.673834323883057
v 1.04704976081848 0.780193984508514 0.655709266662598
v 1.04280436038971 0.762070834636688 0.66472601890564
v 1.06506955623627 0.838941752910614 0.641112923622131
v 0.859646558761597 0.391389966011047 0.492359638214111
v 1.03063201904297 0.536174893379211 0.538746178150177
v 1.01882994174957 0.535154581069946 0.516598999500275
v 0.857803881168365 0.644250273704529 0.57658863067627
v 0.884396553039551 0.618581056594849 0.646626770496368
v 0.912794768810272 0.624495387077332 0.669284403324127
v 0.990475058555603 0.541632175445557 0.482395201921463
v 0.967097282409668 0.553312540054321 0.470119655132294
v 0.861104190349579 0.639215111732483 0.542095959186554
v 0.890534639358521 0.602620303630829 0.488736659288406
v 1.00655281543732 0.536555230617523 0.49889087677002
v 0.963359773159027 0.655023455619812 0.691052317619324
v 0.987841725349426 0.652436316013336 0.698443353176117
v 1.0130797624588 0.651949286460876 0.701042056083679
v 1.06139445304871 0.625894546508789 0.688469648361206
v 1.08781147003174 0.626456141471863 0.670923471450806
v 1.1100766658783 0.62507438659668 0.652136445045471
v 0.960735380649567 0.592793762683868 0.450791776180267
v 0.967947959899902 0.597940742969513 0.442905992269516
v 0.961709141731262 0.601820766925812 0.445552796125412
v 0.974400281906128 0.609586596488953 0.435036897659302
v 0.977342665195465 0.59372478723526 0.439174503087997
v 0.971745312213898 0.583725154399872 0.448692917823792
v 0.981685876846313 0.578981041908264 0.445391148328781
v 0.98749166727066 0.565738797187805 0.454223781824112
v 0.917140007019043 0.72210705280304 0.476496070623398
v 0.907458603382111 0.731325149536133 0.498563468456268
v 0.955554366111755 0.703974545001984 0.428242564201355
v 0.942022740840912 0.708454251289368 0.440892666578293
v 0.893025994300842 0.760512471199036 0.574666976928711
v 0.929094672203064 0.714372873306274 0.456817656755447
v 0.89938223361969 0.740917563438416 0.522347688674927
v 0.893445491790771 0.7510746717453 0.548712611198425
v 1.11751937866211 0.714075863361359 0.640659511089325
v 1.11423051357269 0.735231637954712 0.631874680519104
v 0.97013521194458 0.700194716453552 0.418901830911636
v 1.04645538330078 1.22256076335907 0.43365889787674
v 1.05271863937378 1.22028851509094 0.448679685592651
v 1.0398942232132 1.40859317779541 0.408694624900818
v 1.1294424533844 1.24649000167847 0.566055834293365
v 1.03580188751221 1.3505791425705 0.402456521987915
v 1.03827726840973 1.26666855812073 0.413062274456024
v 1.03428590297699 1.28922510147095 0.402378499507904
v 1.06634485721588 1.17231321334839 0.495655298233032
v 1.06415176391602 1.16289341449738 0.493823200464249
v 1.03109538555145 0.541635632514954 0.53369277715683
v 1.05934834480286 1.15371525287628 0.48895537853241
v 1.03591549396515 0.542108416557312 0.546777486801147
v 1.13067889213562 0.905415058135986 0.600557804107666
v 0.872425079345703 -0.0676249265670776 0.580434024333954
v 0.875934243202209 -0.0662479400634766 0.595643639564514
v 0.86863100528717 -0.0944255590438843 0.59143990278244
v 0.866886079311371 -0.094804048538208 0.576806545257568
v 0.860479593276978 -0.0603988766670227 0.625948786735535
v 0.870900273323059 -0.0635029673576355 0.616722047328949
v 0.846132814884186 -0.0582841038703918 0.62901759147644
v 0.832200884819031 -0.0577450394630432 0.624669373035431
v 0.83278489112854 -0.0877621173858643 0.621394217014313
v 0.844629347324371 -0.0885635614395142 0.62738174200058
v 0.822895646095276 -0.0574915409088135 0.616129875183105
v 0.815564930438995 -0.0868682861328125 0.603773295879364
v 0.815777182579041 -0.0573503971099854 0.60514760017395
v 0.810775756835938 -0.0576596260070801 0.586750566959381
v 0.812121629714966 -0.086016058921814 0.585953056812286
v 0.814798951148987 -0.0616717934608459 0.566571831703186
v 0.81516695022583 -0.0888078212738037 0.566766798496246
v 0.827178597450256 -0.0656033754348755 0.554162681102753
v 0.863454937934875 -0.0689038038253784 0.566161632537842
v 0.859941422939301 -0.0953522920608521 0.561630070209503
v 0.857409536838531 -0.0902462005615234 0.624486684799194
v 0.865272223949432 -0.0927267074584961 0.614259898662567
v 0.867771565914154 -0.0937055349349976 0.602564454078674
v 0.874919354915619 -0.0652353167533875 0.6070556640625
v 0.864177346229553 -0.121687293052673 0.586975038051605
v 0.866460621356964 -0.121209859848022 0.570793271064758
v 0.855575025081635 -0.119338512420654 0.6236332654953
v 0.860103845596313 -0.120776772499084 0.609787285327911
v 0.833157658576965 -0.116712093353271 0.619841396808624
v 0.843237340450287 -0.117417454719543 0.628153562545776
v 0.811401546001434 -0.11450469493866 0.603696882724762
v 0.821732044219971 -0.115635633468628 0.612476229667664
v 0.823574721813202 -0.0873453617095947 0.613519191741943
v 0.809019923210144 -0.113261342048645 0.586488366127014
v 0.811943113803864 -0.113688349723816 0.563883900642395
v 0.858942151069641 -0.120126008987427 0.553999781608582
v 0.862234055995941 -0.12165379524231 0.598398566246033
v 0.771963715553284 -0.193997263908386 0.409011155366898
v 0.773382544517517 -0.189588189125061 0.409731149673462
v 0.777700304985046 -0.189557552337646 0.408200681209564
v 0.778658866882324 -0.194710731506348 0.406767606735229
v 0.810033440589905 -0.195580959320068 0.390169560909271
v 0.81185245513916 -0.185260772705078 0.388502538204193
v 0.820357322692871 -0.187273263931274 0.389412045478821
v 0.821459591388702 -0.198941588401794 0.390423119068146
v 0.792340636253357 -0.195231676101685 0.395327031612396
v 0.791657209396362 -0.198705673217773 0.398778438568115
v 0.786812782287598 -0.198675394058228 0.400276064872742
v 0.784442186355591 -0.194988250732422 0.397581785917282
v 0.755290150642395 -0.192068457603455 0.44319948554039
v 0.755552291870117 -0.196851372718811 0.445294111967087
v 0.751457870006561 -0.196583867073059 0.447754681110382
v 0.750056028366089 -0.192624568939209 0.446995824575424
v 0.766388535499573 -0.194636225700378 0.42221799492836
v 0.766574919223785 -0.199147462844849 0.424871981143951
v 0.762592315673828 -0.198511600494385 0.42715322971344
v 0.760611891746521 -0.19505774974823 0.425997585058212
v 0.812789678573608 -0.182706832885742 0.412857085466385
v 0.827075660228729 -0.182040452957153 0.41302615404129
v 0.823779165744781 -0.185947299003601 0.398857682943344
v 0.811368584632874 -0.183265209197998 0.398873150348663
v 0.830348551273346 -0.194998502731323 0.400930911302567
v 0.834258198738098 -0.193087100982666 0.416075199842453
v 0.827326059341431 -0.200945258140564 0.418219268321991
v 0.823993682861328 -0.200016260147095 0.40448847413063
v 0.81408828496933 -0.200383067131042 0.417214512825012
v 0.812156796455383 -0.199665427207947 0.404782652854919
v 0.806711792945862 -0.193084359169006 0.414495259523392
v 0.80299961566925 -0.19191300868988 0.401048302650452
v 0.786841034889221 -0.190939426422119 0.417250573635101
v 0.791586756706238 -0.183490037918091 0.416044324636459
v 0.787627339363098 -0.186771392822266 0.404127210378647
v 0.781624317169189 -0.193012595176697 0.406324744224548
v 0.802240371704102 -0.184417843818665 0.412136852741241
v 0.795585036277771 -0.187272310256958 0.401468813419342
v 0.805929899215698 -0.194850444793701 0.411632537841797
v 0.801034390926361 -0.199731588363647 0.415922939777374
v 0.795780599117279 -0.1990727186203 0.404403418302536
v 0.800785303115845 -0.194328784942627 0.39988774061203
v 0.791659355163574 -0.198745012283325 0.418521463871002
v 0.786936402320862 -0.199036478996277 0.40753373503685
v 0.775302886962891 -0.183502435684204 0.426523149013519
v 0.785282254219055 -0.184889912605286 0.422105729579926
v 0.780723810195923 -0.18837296962738 0.413297832012177
v 0.773355841636658 -0.18764340877533 0.415773212909698
v 0.785043776035309 -0.196151971817017 0.4118292927742
v 0.788472533226013 -0.194904923439026 0.42099517583847
v 0.78350293636322 -0.199272274971008 0.424511611461639
v 0.779950022697449 -0.199049592018127 0.414628684520721
v 0.774441123008728 -0.198008298873901 0.427569270133972
v 0.772655487060547 -0.198870301246643 0.416693449020386
v 0.770386338233948 -0.19004499912262 0.427258729934692
v 0.768621683120728 -0.192960858345032 0.416526585817337
v 0.758026123046875 -0.190313935279846 0.44348281621933
v 0.761581420898438 -0.183454632759094 0.442488640546799
v 0.760558247566223 -0.187458038330078 0.43247252702713
v 0.757930397987366 -0.193726658821106 0.43369472026825
v 0.768708825111389 -0.184129357337952 0.437365680932999
v 0.766316771507263 -0.18730640411377 0.429404318332672
v 0.771062254905701 -0.192102313041687 0.427400529384613
v 0.771413147449493 -0.18984580039978 0.434470236301422
v 0.76944625377655 -0.198317408561707 0.438104867935181
v 0.769134163856506 -0.199596047401428 0.429713010787964
v 0.76180100440979 -0.198031663894653 0.443035781383514
v 0.761783838272095 -0.199446082115173 0.433133244514465
v 0.750137329101562 -0.183912396430969 0.461202323436737
v 0.749371230602264 -0.186089992523193 0.452534854412079
v 0.74774044752121 -0.191953539848328 0.454069972038269
v 0.749116659164429 -0.190831422805786 0.464105039834976
v 0.755948781967163 -0.183275699615479 0.455247610807419
v 0.754958033561707 -0.185716032981873 0.448917269706726
v 0.758866131305695 -0.190769553184509 0.44769161939621
v 0.758222937583923 -0.188746213912964 0.452986866235733
v 0.75851309299469 -0.19750452041626 0.45595794916153
v 0.758223176002502 -0.198124289512634 0.449726164340973
v 0.752795815467834 -0.196954250335693 0.461417376995087
v 0.751297175884247 -0.197948932647705 0.453314334154129
v 0.811080455780029 -0.182167291641235 0.427444607019424
v 0.828915894031525 -0.178699135780334 0.427653610706329
v 0.820254623889923 -0.19921338558197 0.395346581935883
v 0.835506021976471 -0.191609740257263 0.430804789066315
v 0.813570737838745 -0.199100375175476 0.395607382059097
v 0.811435699462891 -0.200586438179016 0.429663568735123
v 0.828037619590759 -0.200658321380615 0.432801485061646
v 0.808698534965515 -0.192866206169128 0.41998964548111
v 0.786506772041321 -0.189486622810364 0.397983014583588
v 0.791588306427002 -0.199691772460938 0.434963673353195
v 0.790145874023438 -0.192975401878357 0.426277875900269
v 0.791406750679016 -0.189689159393311 0.396538555622101
v 0.79271924495697 -0.182007193565369 0.432360172271729
v 0.776401281356812 -0.183107137680054 0.444250375032425
v 0.7771275639534 -0.198515653610229 0.409348607063293
v 0.773147821426392 -0.198429226875305 0.410469353199005
v 0.774277806282043 -0.199085831642151 0.445064455270767
v 0.771469593048096 -0.18890368938446 0.436524212360382
v 0.761081576347351 -0.190126061439514 0.426332533359528
v 0.761481821537018 -0.198607802391052 0.458615064620972
v 0.758175611495972 -0.188671112060547 0.4529028236866
v 0.764610767364502 -0.190196514129639 0.424587994813919
v 0.761875510215759 -0.181649923324585 0.458481639623642
v 0.75111973285675 -0.189225554466248 0.44750988483429
v 0.753758251667023 -0.198195576667786 0.472027480602264
v 0.749547183513641 -0.190489172935486 0.47667920589447
v 0.753893494606018 -0.188583374023438 0.445211589336395
v 0.752138137817383 -0.181983113288879 0.471962332725525
v 0.848842144012451 -0.0951745510101318 0.551264345645905
v 0.852760314941406 -0.0694804787635803 0.555947959423065
v 0.84040629863739 -0.0688677430152893 0.551683843135834
v 0.836564183235168 -0.0942331552505493 0.548102915287018
v 0.82537567615509 -0.0919340848922729 0.552739679813385
v 0.846059620380402 -0.1180340051651 0.543089389801025
v 0.832619190216064 -0.116366744041443 0.541150510311127
v 0.821499168872833 -0.115565180778503 0.548162221908569
v 0.803514182567596 -0.135472655296326 0.588687539100647
v 0.80770605802536 -0.135828971862793 0.60664165019989
v 0.820539891719818 -0.137478709220886 0.614529252052307
v 0.831378579139709 -0.138850450515747 0.623343646526337
v 0.842417001724243 -0.139924764633179 0.631408929824829
v 0.856166958808899 -0.141256928443909 0.547702372074127
v 0.843420743942261 -0.136384725570679 0.532783448696136
v 0.828517079353333 -0.133196592330933 0.529335737228394
v 0.81516569852829 -0.132916808128357 0.538883745670319
v 0.835201263427734 -0.174096345901489 0.443401575088501
v 0.816954433917999 -0.171294450759888 0.445338070392609
v 0.823295593261719 -0.163960695266724 0.464301586151123
v 0.837919175624847 -0.174981713294983 0.464474976062775
v 0.799620509147644 -0.174195051193237 0.451660960912704
v 0.805480480194092 -0.163984775543213 0.470999866724014
v 0.783633708953857 -0.176388621330261 0.462400674819946
v 0.79037606716156 -0.168041825294495 0.481513917446136
v 0.76905345916748 -0.177873373031616 0.475176781415939
v 0.777037978172302 -0.172359704971313 0.493403226137161
v 0.756431341171265 -0.180137038230896 0.48677134513855
v 0.764681458473206 -0.178152680397034 0.505016982555389
v 0.750326871871948 -0.189672350883484 0.492439061403275
v 0.756789088249207 -0.18842875957489 0.511557221412659
v 0.84103661775589 -0.191446661949158 0.447124868631363
v 0.84194016456604 -0.190867781639099 0.468414932489395
v 0.831577062606812 -0.202925324440002 0.451049000024796
v 0.832372665405273 -0.203688979148865 0.471805572509766
v 0.815133512020111 -0.202399611473083 0.454495370388031
v 0.817414283752441 -0.203641295433044 0.476069301366806
v 0.760398745536804 -0.200857162475586 0.5079585313797
v 0.755442142486572 -0.200525403022766 0.488013625144958
v 0.79707145690918 -0.201705455780029 0.461795687675476
v 0.800361454486847 -0.202583312988281 0.483600556850433
v 0.780550420284271 -0.202273488044739 0.470758855342865
v 0.7846599817276 -0.203371286392212 0.492474764585495
v 0.76677268743515 -0.202302694320679 0.479951411485672
v 0.771205425262451 -0.203678846359253 0.501010537147522
v 0.831403255462646 -0.159558057785034 0.487706154584885
v 0.813141584396362 -0.153012633323669 0.491809904575348
v 0.799246370792389 -0.157713532447815 0.50285017490387
v 0.786468505859375 -0.164570450782776 0.515445709228516
v 0.77478301525116 -0.174972772598267 0.527164578437805
v 0.765700101852417 -0.186590671539307 0.533545911312103
v 0.792841494083405 -0.153839468955994 0.543316721916199
v 0.784303843975067 -0.174381852149963 0.551934599876404
v 0.777278304100037 -0.187519788742065 0.555327773094177
v 0.787055253982544 -0.188162088394165 0.577426791191101
v 0.79151839017868 -0.174011588096619 0.576760351657867
v 0.807345747947693 -0.17720091342926 0.615400314331055
v 0.800043880939484 -0.174940347671509 0.598464846611023
v 0.794837534427643 -0.188947677612305 0.599590361118317
v 0.80210930109024 -0.192537069320679 0.617463529109955
v 0.795930802822113 -0.15538477897644 0.571263909339905
v 0.803263068199158 -0.15585458278656 0.5936359167099
v 0.811727285385132 -0.156617164611816 0.609205842018127
v 0.822038292884827 -0.195598959922791 0.636439323425293
v 0.82428514957428 -0.178935885429382 0.636555016040802
v 0.814537823200226 -0.178556799888611 0.627024352550507
v 0.810185313224792 -0.194563150405884 0.628961682319641
v 0.839227676391602 -0.198628664016724 0.637774705886841
v 0.84107506275177 -0.18153977394104 0.640439569950104
v 0.855238437652588 -0.184447646141052 0.627098381519318
v 0.854123830795288 -0.200760245323181 0.625834763050079
v 0.828275084495544 -0.158282041549683 0.629432797431946
v 0.819850027561188 -0.157781600952148 0.619989275932312
v 0.841530084609985 -0.16001558303833 0.635120272636414
v 0.854041695594788 -0.162178754806519 0.624157726764679
v 0.858618795871735 -0.184423804283142 0.607237100601196
v 0.857251167297363 -0.162947297096252 0.606730103492737
v 0.859012246131897 -0.200410008430481 0.606837809085846
v 0.840964794158936 -0.175989389419556 0.48921936750412
v 0.841002464294434 -0.189144253730774 0.493058830499649
v 0.806765198707581 -0.144656181335449 0.522769510746002
v 0.821761548519135 -0.14295506477356 0.512249648571014
v 0.840926885604858 -0.152252554893494 0.515775859355927
v 0.847606182098389 -0.175211906433105 0.515483856201172
v 0.843178391456604 -0.189840316772461 0.519426822662354
v 0.853543043136597 -0.178631901741028 0.540051639080048
v 0.847183406352997 -0.191707849502563 0.542699217796326
v 0.832920670509338 -0.199129104614258 0.496644526720047
v 0.83472728729248 -0.196698665618896 0.522909283638
v 0.839600801467896 -0.198332905769348 0.545697271823883
v 0.85747241973877 -0.181284308433533 0.561093747615814
v 0.852849245071411 -0.194592714309692 0.562514662742615
v 0.857480049133301 -0.18191921710968 0.578611791133881
v 0.856052756309509 -0.196707487106323 0.578713834285736
v 0.858058869838715 -0.19854736328125 0.592106282711029
v 0.857493221759796 -0.182939410209656 0.592440724372864
v 0.858341217041016 -0.162595868110657 0.580911934375763
v 0.857798337936401 -0.162450551986694 0.593524038791656
v 0.857783854007721 -0.162474632263184 0.563094019889832
v 0.854285955429077 -0.159542202949524 0.541134357452393
v 0.767633259296417 -0.199686527252197 0.530975997447968
v 0.777509927749634 -0.198825120925903 0.553617119789124
v 0.78809642791748 -0.198462009429932 0.575188994407654
v 0.796732425689697 -0.201173067092896 0.596667170524597
v 0.805650949478149 -0.20449960231781 0.612926781177521
v 0.81353771686554 -0.206082582473755 0.622806906700134
v 0.823762655258179 -0.206658124923706 0.629369735717773
v 0.837738573551178 -0.207440495491028 0.629198789596558
v 0.848903954029083 -0.20890200138092 0.621213316917419
v 0.852286756038666 -0.209710001945496 0.606208443641663
v 0.851750612258911 -0.209500551223755 0.593060374259949
v 0.845573902130127 -0.203027606010437 0.565131902694702
v 0.849946796894073 -0.207467436790466 0.580165863037109
v 0.863256335258484 -0.14356529712677 0.56595903635025
v 0.862972736358643 -0.143564939498901 0.583425283432007
v 0.860411763191223 -0.143040180206299 0.595102250576019
v 0.853975296020508 -0.14166796207428 0.622218012809753
v 0.857442438602448 -0.142431735992432 0.606681287288666
v 0.819980978965759 -0.202756285667419 0.501473248004913
v 0.804295122623444 -0.20251202583313 0.508804023265839
v 0.789618790149689 -0.20322048664093 0.517293751239777
v 0.777304887771606 -0.203418612480164 0.524911642074585
v 0.785314798355103 -0.203178882598877 0.548649549484253
v 0.796667814254761 -0.203344821929932 0.542387902736664
v 0.810612440109253 -0.203388571739197 0.534850180149078
v 0.824159324169159 -0.200942039489746 0.527550935745239
v 0.795347809791565 -0.20385730266571 0.570198535919189
v 0.805299937725067 -0.205050349235535 0.564289927482605
v 0.818392276763916 -0.205215215682983 0.557920396327972
v 0.830050051212311 -0.203263521194458 0.550499260425568
v 0.83689820766449 -0.208106160163879 0.569984912872314
v 0.826832294464111 -0.208857774734497 0.577532052993774
v 0.814944446086884 -0.20796799659729 0.583437502384186
v 0.805598676204681 -0.206231474876404 0.590112268924713
v 0.813880741596222 -0.20827853679657 0.605419874191284
v 0.822557508945465 -0.209505558013916 0.598312735557556
v 0.833076000213623 -0.210613131523132 0.592257022857666
v 0.841472864151001 -0.210647463798523 0.585528135299683
v 0.819942474365234 -0.209162950515747 0.614247500896454
v 0.835713267326355 -0.210201859474182 0.621441960334778
v 0.826792001724243 -0.209709882736206 0.619909465312958
v 0.843288660049438 -0.211663484573364 0.616770505905151
v 0.84474766254425 -0.211971879005432 0.606530606746674
v 0.843730807304382 -0.211702942848206 0.596259295940399
v 0.837978482246399 -0.21128785610199 0.6084104180336
v 0.835994601249695 -0.211097955703735 0.601206064224243
v 0.826962411403656 -0.210004568099976 0.607040286064148
v 0.830961763858795 -0.210216403007507 0.612972617149353
v 0.838741719722748 -0.211058259010315 0.614014565944672
v 0.835124671459198 -0.210531711578369 0.616238296031952
v 0.806423425674438 -0.136726975440979 0.560672104358673
v 1.14989137649536 1.20939302444458 0.581798195838928
v 1.16913306713104 1.13428318500519 0.602665543556213
v 0.888683915138245 0.210184216499329 0.511926233768463
v 0.872795701026917 0.209816813468933 0.509659707546234
v 0.857629418373108 0.214033961296082 0.512066304683685
v 0.875396072864532 0.633122444152832 0.513652443885803
v 0.923747897148132 0.85324901342392 0.491299897432327
v 0.928173124790192 0.893191874027252 0.50308758020401
v 0.926445186138153 0.872928977012634 0.497454702854156
v 0.868162870407104 0.609546899795532 0.509495317935944
v 0.931375503540039 0.917627573013306 0.576365947723389
v 1.1031893491745 0.607374370098114 0.646134436130524
v 1.17000818252563 1.09402763843536 0.608437418937683
v 0.942100465297699 1.07975959777832 0.542283952236176
v 1.11793625354767 0.692544460296631 0.647493004798889
v 1.00916993618011 1.33867883682251 0.530450046062469
v 1.01215732097626 1.33776223659515 0.531045913696289
v 1.01329410076141 1.33452320098877 0.532248318195343
v 1.01608729362488 1.33416497707367 0.535857856273651
v 1.01812589168549 1.33342707157135 0.538802862167358
v 1.01911377906799 1.33330488204956 0.540594041347504
v 1.01323795318604 1.33594501018524 0.534837484359741
v 1.01550924777985 1.33937835693359 0.536224782466888
v 1.01296293735504 1.33814024925232 0.53375118970871
v 1.01180899143219 1.33717370033264 0.533307433128357
v 1.03343486785889 1.09603023529053 0.466130614280701
v 1.02647662162781 1.08065617084503 0.461495995521545
v 1.01813542842865 1.0685293674469 0.455630302429199
v 1.01222777366638 1.05122816562653 0.452417850494385
v 1.03760540485382 1.26204514503479 0.412143111228943
v 0.969110369682312 0.788179874420166 0.413523405790329
v 0.970508337020874 0.803204834461212 0.415881514549255
v 1.11124801635742 0.838056981563568 0.593374848365784
v 0.96758359670639 0.742544651031494 0.411437451839447
v 0.969518065452576 0.820536613464355 0.414687842130661
v 1.15572559833527 0.971097886562347 0.614719390869141
v 1.00639832019806 1.03351068496704 0.449474900960922
v 0.968606352806091 0.721644639968872 0.414328098297119
v 1.17062568664551 1.03113663196564 0.617447733879089
v 0.968751430511475 0.84388142824173 0.415705293416977
v 0.972623884677887 0.629381656646729 0.431813359260559
v 0.980590581893921 0.908216178417206 0.428735643625259
v 1.08300638198853 1.38085973262787 0.399864971637726
v 1.09750485420227 1.37369060516357 0.404511570930481
v 1.08890056610107 1.36320757865906 0.399757415056229
v 1.07466053962708 1.36678850650787 0.395711928606033
v 1.0829883813858 1.35408771038055 0.396118640899658
v 1.07123017311096 1.35510635375977 0.394714593887329
v 1.10739970207214 1.36544823646545 0.41246572136879
v 1.09872841835022 1.35740983486176 0.405954003334045
v 1.10944962501526 1.32324457168579 0.413896977901459
v 1.10720348358154 1.33236873149872 0.413556218147278
v 1.11576151847839 1.33086442947388 0.418991446495056
v 1.1177294254303 1.31892204284668 0.420745730400085
v 1.11055672168732 1.29665160179138 0.418432235717773
v 1.11713492870331 1.28913044929504 0.428643256425858
v 1.10816943645477 1.27987742424011 0.422328650951385
v 1.10191738605499 1.28813791275024 0.414401024580002
v 1.06299090385437 1.30121541023254 0.406490564346313
v 1.06631827354431 1.30726850032806 0.405849456787109
v 1.0719827413559 1.30156230926514 0.404437065124512
v 1.06808912754059 1.29471278190613 0.405724406242371
v 1.05210816860199 1.31114888191223 0.404294848442078
v 1.04544913768768 1.31395721435547 0.400174677371979
v 1.04782569408417 1.31996440887451 0.40364471077919
v 1.05455911159515 1.31639397144318 0.406400144100189
v 1.05806887149811 1.29574525356293 0.408365726470947
v 1.06348466873169 1.28914761543274 0.408481627702713
v 1.05532848834991 1.30223977565765 0.405266135931015
v 1.05806505680084 1.30682778358459 0.406503021717072
v 1.04754078388214 1.29554390907288 0.397870004177094
v 1.0428386926651 1.29562711715698 0.394825249910355
v 1.04340374469757 1.30133771896362 0.393618524074554
v 1.04928958415985 1.30067479610443 0.398148417472839
v 1.05489945411682 1.29527449607849 0.404732406139374
v 1.05065619945526 1.29217338562012 0.404890954494476
v 1.0505028963089 1.29440867900848 0.401369214057922
v 1.05341708660126 1.29833364486694 0.401929467916489
v 1.05007469654083 1.30582642555237 0.401604682207108
v 1.04391980171204 1.30782413482666 0.396742463111877
v 1.03726601600647 1.30869257450104 0.392437547445297
v 1.03645348548889 1.30053520202637 0.389728367328644
v 1.0800998210907 1.28172039985657 0.4076988697052
v 1.07440233230591 1.27805542945862 0.408538520336151
v 1.06900572776794 1.28348517417908 0.407905519008636
v 1.07394027709961 1.28824639320374 0.405953586101532
v 1.05303394794464 1.28937005996704 0.40772420167923
v 1.05495738983154 1.27334547042847 0.407041072845459
v 1.04827797412872 1.27415156364441 0.406124502420425
v 1.04835057258606 1.27827262878418 0.405805826187134
v 1.0555831193924 1.27748203277588 0.406636118888855
v 1.08918988704681 1.26793038845062 0.414573311805725
v 1.09090209007263 1.25996959209442 0.418692767620087
v 1.08218097686768 1.25990605354309 0.415902346372604
v 1.08148586750031 1.2664270401001 0.413161665201187
v 1.08026480674744 1.25353169441223 0.418378293514252
v 1.08929896354675 1.25150012969971 0.422556549310684
v 1.07897305488586 1.23590075969696 0.426328390836716
v 1.07023930549622 1.24203062057495 0.419511646032333
v 1.07606911659241 1.24781489372253 0.419742226600647
v 1.08526062965393 1.24364578723907 0.42515566945076
v 1.05614650249481 1.24711334705353 0.416492372751236
v 1.06278777122498 1.23681402206421 0.41832834482193
v 1.05462443828583 1.23301839828491 0.417688280344009
v 1.04985702037811 1.24558961391449 0.416800796985626
v 1.055983543396 1.26762580871582 0.411441147327423
v 1.05509996414185 1.27012574672699 0.408824861049652
v 1.0602605342865 1.26949465274811 0.410084962844849
v 1.06064760684967 1.26765310764313 0.412061095237732
v 1.0656760931015 1.26763927936554 0.412786602973938
v 1.06521832942963 1.26825559139252 0.412021428346634
v 1.06673789024353 1.26899099349976 0.411392599344254
v 1.06762397289276 1.26752591133118 0.412723034620285
v 1.06355154514313 1.26760339736938 0.412543654441833
v 1.06463921070099 1.26658010482788 0.413049757480621
v 1.06202387809753 1.26557326316833 0.412712454795837
v 1.05770909786224 1.26450824737549 0.411596536636353
v 1.04268097877502 1.26208066940308 0.410676896572113
v 1.04227268695831 1.2667578458786 0.411527067422867
v 1.04560399055481 1.26684093475342 0.411106407642365
v 1.04662835597992 1.26255249977112 0.410075336694717
v 1.0644942522049 1.27037703990936 0.41011455655098
v 1.06074047088623 1.27189922332764 0.408693760633469
v 1.06193351745605 1.27517080307007 0.407870471477509
v 1.06648790836334 1.27248382568359 0.409209161996841
v 1.06967759132385 1.27514564990997 0.408742040395737
v 1.0731520652771 1.27106261253357 0.41053295135498
v 1.06925547122955 1.26991724967957 0.410797595977783
v 1.06680083274841 1.26569366455078 0.413630425930023
v 1.07067811489105 1.26717960834503 0.412644594907761
v 1.07028341293335 1.26422488689423 0.414350956678391
v 1.06788420677185 1.26116836071014 0.414783239364624
v 1.06422793865204 1.2637403011322 0.413516789674759
v 1.06000685691833 1.26177573204041 0.412532567977905
v 1.06372213363647 1.25819265842438 0.414346605539322
v 1.05797135829926 1.25562357902527 0.413842886686325
v 1.05430972576141 1.25971913337708 0.41130656003952
v 1.06453788280487 1.27906703948975 0.407746464014053
v 1.07520627975464 1.26668322086334 0.412689805030823
v 1.07836961746216 1.27261531352997 0.410533249378204
v 1.07553684711456 1.26191389560699 0.414942532777786
v 1.07329571247101 1.25746488571167 0.416261851787567
v 1.06318473815918 1.24968588352203 0.41650253534317
v 1.06914281845093 1.25322067737579 0.416574060916901
v 1.07072138786316 1.22893619537354 0.426791787147522
v 1.06147289276123 1.22431921958923 0.427951008081436
v 1.07956421375275 1.34728026390076 0.397431880235672
v 1.07055008411407 1.34814119338989 0.398216038942337
v 1.08178377151489 1.3403639793396 0.401478201150894
v 1.0773229598999 1.34103286266327 0.401078432798386
v 1.0778124332428 1.34366762638092 0.400069355964661
v 1.08346927165985 1.34248602390289 0.401029050350189
v 1.09966683387756 1.33410286903381 0.410796374082565
v 1.10157454013824 1.32753193378448 0.410894215106964
v 1.09453952312469 1.33177304267883 0.409399509429932
v 1.09337365627289 1.3356614112854 0.408275932073593
v 1.08528006076813 1.32323884963989 0.406687021255493
v 1.08214902877808 1.32997477054596 0.405388295650482
v 1.08590221405029 1.3310649394989 0.406141698360443
v 1.09034490585327 1.32488894462585 0.407597094774246
v 1.07798624038696 1.32932615280151 0.405283570289612
v 1.0799173116684 1.32306969165802 0.406503349542618
v 1.07467567920685 1.32402634620667 0.406695663928986
v 1.07378304004669 1.32952666282654 0.405930727720261
v 1.0708259344101 1.34443747997284 0.401586920022964
v 1.07179141044617 1.34165000915527 0.402194797992706
v 1.066326379776 1.34116566181183 0.405225813388824
v 1.0643298625946 1.34439444541931 0.404868185520172
v 1.05956971645355 1.33481860160828 0.413470506668091
v 1.05615949630737 1.33435451984406 0.4130719602108
v 1.05618619918823 1.3384884595871 0.412010014057159
v 1.05984485149384 1.33724558353424 0.412374794483185
v 1.06060755252838 1.33295547962189 0.412671744823456
v 1.05848133563995 1.33124399185181 0.412436723709106
v 1.0764696598053 1.40363848209381 0.403287023305893
v 1.09357309341431 1.39598762989044 0.406778812408447
v 1.06647098064423 1.38478589057922 0.396980375051498
v 1.10824251174927 1.38512992858887 0.412115693092346
v 1.11787283420563 1.37351536750793 0.419199615716934
v 1.11268281936646 1.27132081985474 0.429555594921112
v 1.10148406028748 1.26390707492828 0.423348546028137
v 1.09841132164001 1.27262282371521 0.417792230844498
v 1.11367475986481 1.26132190227509 0.43632298707962
v 1.10103356838226 1.25383353233337 0.428394883871078
v 1.08971858024597 1.23439025878906 0.438330769538879
v 1.09734380245209 1.24344396591187 0.433352470397949
v 1.12576675415039 1.27250587940216 0.446803152561188
v 1.12632203102112 1.26471650600433 0.454409629106522
v 1.11170649528503 1.2510232925415 0.444359362125397
v 1.13549411296844 1.28050649166107 0.462924182415009
v 1.13650453090668 1.27864503860474 0.471554547548294
v 1.12644112110138 1.2569272518158 0.465759038925171
v 1.10829365253448 1.2228786945343 0.470167815685272
v 1.12476432323456 1.22967338562012 0.474195867776871
v 1.12752497196198 1.21913647651672 0.477370023727417
v 1.11087775230408 1.21337366104126 0.472709000110626
v 1.12350749969482 1.28119575977325 0.438624441623688
v 1.1205153465271 1.34343886375427 0.424864023923874
v 1.12464141845703 1.32929372787476 0.428070962429047
v 1.11153972148895 1.34189033508301 0.416570007801056
v 1.13086438179016 1.40775799751282 0.437108039855957
v 1.13802897930145 1.38959085941315 0.439797013998032
v 1.12773787975311 1.38178730010986 0.429324388504028
v 1.11904060840607 1.39746463298798 0.422990351915359
v 1.09981286525726 1.43968236446381 0.43803197145462
v 1.11793303489685 1.42547786235809 0.43667459487915
v 1.10464906692505 1.41196632385254 0.418661117553711
v 1.08712911605835 1.42327320575714 0.417478710412979
v 1.14723443984985 1.39448130130768 0.452846676111221
v 1.14208674430847 1.41268372535706 0.454901576042175
v 1.1528035402298 1.41163063049316 0.474384099245071
v 1.15504956245422 1.39501798152924 0.467400252819061
v 1.13142025470734 1.43172025680542 0.459273457527161
v 1.14425885677338 1.43127799034119 0.483154535293579
v 1.1417156457901 1.28451347351074 0.480994999408722
v 1.13842511177063 1.26521050930023 0.48085880279541
v 1.13668656349182 1.24945986270905 0.481471121311188
v 1.12310814857483 1.2420027256012 0.470877587795258
v 1.13093256950378 1.44632005691528 0.493446737527847
v 1.11518692970276 1.44713878631592 0.465414553880692
v 1.16446304321289 1.3762035369873 0.515453219413757
v 1.16388952732086 1.36562824249268 0.501755595207214
v 1.16304290294647 1.37879657745361 0.490735948085785
v 1.16331446170807 1.39262819290161 0.505442380905151
v 1.16111934185028 1.38657629489899 0.532050430774689
v 1.16004323959351 1.40596401691437 0.521056950092316
v 1.15449821949005 1.32193803787231 0.524352848529816
v 1.15115582942963 1.3273069858551 0.539160549640656
v 1.14578938484192 1.30721437931061 0.53562343120575
v 1.1484808921814 1.30357468128204 0.521827936172485
v 1.09259724617004 1.35020959377289 0.399691373109818
v 1.09903430938721 1.34597373008728 0.40547576546669
v 1.09269154071808 1.34242486953735 0.402909398078918
v 1.08711957931519 1.34534120559692 0.399428695440292
v 1.11534774303436 1.35462927818298 0.418911874294281
v 1.1060733795166 1.35028064250946 0.411870360374451
v 1.13347589969635 1.36730647087097 0.435003817081451
v 1.14139425754547 1.37459993362427 0.444238066673279
v 1.15532517433167 1.38090205192566 0.465971857309341
v 1.14898216724396 1.37919163703918 0.454407721757889
v 1.16138553619385 1.35663962364197 0.492267906665802
v 1.16140639781952 1.3653769493103 0.484865665435791
v 1.14807033538818 1.29655015468597 0.492736488580704
v 1.14889848232269 1.29927980899811 0.507944464683533
v 1.14610421657562 1.2804399728775 0.507653415203094
v 1.14509344100952 1.27445936203003 0.493593096733093
v 1.14322710037231 1.28896236419678 0.532678067684174
v 1.14401745796204 1.28552114963531 0.520847260951996
v 1.14585530757904 1.24286031723022 0.497172445058823
v 1.14798164367676 1.24853956699371 0.511276721954346
v 1.15259313583374 1.23589253425598 0.51327246427536
v 1.14772820472717 1.23095846176147 0.499773263931274
v 1.15403294563293 1.23892652988434 0.526552498340607
v 1.14824378490448 1.2528680562973 0.524269282817841
v 1.14697873592377 1.2552752494812 0.535586833953857
v 1.15244293212891 1.24001836776733 0.537984192371368
v 1.08272242546082 1.20543873310089 0.475553750991821
v 1.0951623916626 1.20908641815186 0.473196715116501
v 1.0978010892868 1.20092916488647 0.475233912467957
v 1.084468126297 1.19799554347992 0.478371530771255
v 1.1522810459137 1.22005712985992 0.501911580562592
v 1.1593896150589 1.22588849067688 0.514494180679321
v 1.15311110019684 1.31901264190674 0.510014295578003
v 1.15408825874329 1.31661212444305 0.497446417808533
v 1.16199505329132 1.22829866409302 0.528092861175537
v 1.14609253406525 1.26347064971924 0.509241938591003
v 1.14479148387909 1.26804518699646 0.521716177463531
v 1.13826513290405 1.29200828075409 0.544531464576721
v 1.14170587062836 1.31130456924438 0.548081874847412
v 1.06079292297363 1.31212604045868 0.407117992639542
v 1.06537270545959 1.32735216617584 0.409473687410355
v 1.06167161464691 1.32904374599457 0.411190211772919
v 1.06271433830261 1.33201456069946 0.411053776741028
v 1.06581020355225 1.33102965354919 0.409102499485016
v 1.04709410667419 1.36582171916962 0.397125631570816
v 1.060990691185 1.36763453483582 0.39512687921524
v 1.05868208408356 1.35371065139771 0.395319551229477
v 1.04655730724335 1.34986400604248 0.399933964014053
v 1.09308087825775 1.2992490530014 0.406466007232666
v 1.08639669418335 1.28827595710754 0.406788945198059
v 1.07859909534454 1.29523420333862 0.404309958219528
v 1.08188104629517 1.3045711517334 0.404219418764114
v 1.08953881263733 1.33650124073029 0.406612426042557
v 1.08780765533447 1.33789038658142 0.404631018638611
v 1.09092652797699 1.3384907245636 0.405803680419922
v 1.08524370193481 1.27522420883179 0.410812944173813
v 1.09322476387024 1.28042995929718 0.411952823400497
v 1.12619721889496 1.3148912191391 0.431576490402222
v 1.10357916355133 1.34026598930359 0.410580277442932
v 1.08007192611694 1.4483106136322 0.442023515701294
v 1.06739163398743 1.43050646781921 0.417890161275864
v 1.09563112258911 1.45734024047852 0.472234219312668
v 1.11176764965057 1.45764636993408 0.501801371574402
v 1.15051019191742 1.41753780841827 0.536418616771698
v 1.13380372524261 1.42712771892548 0.55008327960968
v 1.13863122463226 1.4032826423645 0.564894020557404
v 1.15438663959503 1.39528656005859 0.547734200954437
v 1.14577996730804 1.33206915855408 0.553332626819611
v 1.14180707931519 1.25841426849365 0.545498073101044
v 1.14677762985229 1.24209117889404 0.547846078872681
v 1.05797028541565 1.40750575065613 0.404155284166336
v 1.0518581867218 1.38573908805847 0.397819459438324
v 1.12509381771088 1.36020278930664 0.427475392818451
v 1.10860133171082 1.31422007083893 0.412588983774185
v 1.1033490896225 1.30597150325775 0.410111129283905
v 1.0969465970993 1.31613266468048 0.406944364309311
v 1.1010605096817 1.32126069068909 0.409196525812149
v 1.1162166595459 1.3071106672287 0.42120897769928
v 1.12346053123474 1.30094027519226 0.433319747447968
v 1.13190245628357 1.29548573493958 0.44699814915657
v 1.13473522663116 1.28560829162598 0.455785930156708
v 1.15953636169434 1.40661537647247 0.492879688739777
v 1.15996849536896 1.39126753807068 0.481346547603607
v 1.14355683326721 1.43644464015961 0.517449378967285
v 1.15323138237 1.42239928245544 0.504770338535309
v 1.15994024276733 1.37978434562683 0.477864325046539
v 1.12633621692657 1.44863700866699 0.528881907463074
v 1.04836189746857 1.28274822235107 0.406077772378922
v 1.04700767993927 1.28698909282684 0.406284719705582
v 1.05700790882111 1.28342354297638 0.407471358776093
v 1.04881191253662 1.25824010372162 0.411244511604309
v 1.05229771137238 1.25373303890228 0.41433247923851
v 1.04693996906281 1.25297975540161 0.415384739637375
v 1.04412662982941 1.25765216350555 0.412129610776901
v 1.06763517856598 1.22216463088989 0.442417681217194
v 1.07824873924255 1.22696590423584 0.440624207258224
v 1.08020722866058 1.21261250972748 0.471174687147141
v 1.09250867366791 1.21691286563873 0.469965785741806
v 1.04463803768158 1.29431438446045 0.400946259498596
v 1.04595422744751 1.29401993751526 0.40273904800415
v 1.04403758049011 1.29418301582336 0.403011500835419
v 1.04310727119446 1.29451441764832 0.401149272918701
v 1.06353306770325 1.26894974708557 0.411240190267563
v 1.04308378696442 1.27405869960785 0.406494319438934
v 1.04405498504639 1.2704690694809 0.408387959003448
v 1.0409882068634 1.27014076709747 0.409224987030029
v 1.04006707668304 1.27356147766113 0.407442361116409
v 1.1043883562088 1.23886227607727 0.453754991292953
v 1.1059741973877 1.23202180862427 0.464768648147583
v 1.14012551307678 1.22496628761292 0.487119644880295
v 1.13792908191681 1.23654890060425 0.48409178853035
v 1.14475095272064 1.25710320472717 0.49477481842041
v 1.14389622211456 1.27141499519348 0.53266042470932
v 1.13905239105225 1.27518165111542 0.543798208236694
v 1.13206541538239 1.27773594856262 0.553882777690887
v 1.13146114349365 1.29418396949768 0.555205881595612
v 1.08582818508148 1.22660732269287 0.453700810670853
v 1.08969330787659 1.22314727306366 0.463660538196564
v 1.07708060741425 1.21899747848511 0.464314699172974
v 1.07324695587158 1.22141671180725 0.454967975616455
v 1.03890585899353 1.29144322872162 0.402417063713074
v 1.04072499275208 1.29080104827881 0.404155254364014
v 1.03874933719635 1.28843283653259 0.4046930372715
v 1.03699374198914 1.29005122184753 0.40194633603096
v 1.04756641387939 1.29253971576691 0.404240727424622
v 1.04589867591858 1.28986287117004 0.405848890542984
v 1.04547429084778 1.2918221950531 0.405524849891663
v 1.04746448993683 1.29350399971008 0.402215272188187
v 1.0456770658493 1.29423379898071 0.399831056594849
v 1.0392963886261 1.29393827915192 0.397612273693085
v 1.0368173122406 1.29365086555481 0.393240422010422
v 1.04273533821106 1.29412531852722 0.397814452648163
v 1.04128396511078 1.29299759864807 0.402576833963394
v 1.04233539104462 1.29227268695831 0.404464364051819
v 1.04486167430878 1.2933337688446 0.404885858297348
v 1.04635965824127 1.29350173473358 0.404118210077286
v 1.04052531719208 1.2942681312561 0.399361222982407
v 1.04273211956024 1.29441475868225 0.399738997220993
v 1.03867185115814 1.31576263904572 0.396383881568909
v 1.07038938999176 1.21023535728455 0.473364263772964
v 1.06788635253906 1.21611356735229 0.466627717018127
v 1.06483864784241 1.26783525943756 0.412609845399857
v 1.06130981445312 1.34760570526123 0.40100622177124
v 1.0897616147995 1.31336522102356 0.405155628919601
v 1.06853878498077 1.31353271007538 0.406557649374008
v 1.06944715976715 1.31967329978943 0.407466322183609
v 1.0753858089447 1.31691443920135 0.406242728233337
v 1.07461369037628 1.30919861793518 0.405238717794418
v 1.05399417877197 1.34453725814819 0.40541660785675
v 1.0504754781723 1.33920729160309 0.409460872411728
v 1.04419469833374 1.3398072719574 0.405303001403809
v 1.05090725421906 1.33295905590057 0.41072815656662
v 1.05471050739288 1.32830202579498 0.411472916603088
v 1.05088710784912 1.32486915588379 0.407602816820145
v 1.04446446895599 1.33064532279968 0.405026316642761
v 1.08765661716461 1.34070479869843 0.403129369020462
v 1.08521199226379 1.33921217918396 0.402811706066132
v 1.0569953918457 1.32095611095428 0.408783704042435
v 1.05941343307495 1.3250983953476 0.410771727561951
v 1.06425094604492 1.32239651679993 0.409273982048035
v 1.06282675266266 1.31725072860718 0.408190190792084
v 1.08199870586395 1.31448888778687 0.405370831489563
v 1.09640836715698 1.33913779258728 0.407487839460373
v 1.09356558322906 1.32782137393951 0.408863961696625
v 1.14850008487701 1.30832982063293 0.48537078499794
v 1.15341985225677 1.32068812847137 0.488504409790039
v 1.14299368858337 1.29675090312958 0.469591736793518
v 1.14408791065216 1.29972779750824 0.472869485616684
v 1.1391316652298 1.29328155517578 0.473929673433304
v 1.13945758342743 1.2920640707016 0.468896746635437
v 1.15674340724945 1.35250151157379 0.473247766494751
v 1.15454912185669 1.35161256790161 0.469468027353287
v 1.1541485786438 1.35772562026978 0.467324197292328
v 1.15668332576752 1.3590190410614 0.474581897258759
v 1.15182280540466 1.35240614414215 0.462785631418228
v 1.15156674385071 1.34902310371399 0.463682055473328
v 1.15011596679688 1.34760475158691 0.460750907659531
v 1.15061867237091 1.35487294197083 0.460270166397095
v 1.14636564254761 1.35110712051392 0.454707771539688
v 1.14401924610138 1.36150670051575 0.44942381978035
v 1.14946138858795 1.36581611633301 0.457624793052673
v 1.13080310821533 1.34357595443726 0.436600685119629
v 1.13741445541382 1.35458779335022 0.443142592906952
v 1.14151227474213 1.34502911567688 0.451651632785797
v 1.13900208473206 1.33563542366028 0.449738293886185
v 1.13885426521301 1.30121302604675 0.4585080742836
v 1.13992047309875 1.29385054111481 0.463015884160995
v 1.14279937744141 1.29887318611145 0.479765623807907
v 1.15987944602966 1.36644101142883 0.537499189376831
v 1.16291773319244 1.35887610912323 0.521465301513672
v 1.16200959682465 1.35091948509216 0.507809162139893
v 1.16046643257141 1.34471595287323 0.496417671442032
v 1.1549164056778 1.37434458732605 0.554298937320709
v 1.14303481578827 1.37682461738586 0.568717300891876
v 1.13335120677948 1.32686686515808 0.439647853374481
v 1.13852071762085 1.32337832450867 0.451415240764618
v 1.15897452831268 1.34055781364441 0.524202704429626
v 1.15665686130524 1.34686946868896 0.540708184242249
v 1.15805268287659 1.33467185497284 0.509966254234314
v 1.1588237285614 1.33133292198181 0.498380482196808
v 1.15082931518555 1.35404014587402 0.555931091308594
v 1.13956356048584 1.35391235351562 0.57049822807312
v 1.13706481456757 1.33163523674011 0.565266072750092
v 1.14722406864166 1.3046088218689 0.465870440006256
v 1.14776420593262 1.2986044883728 0.465584397315979
v 1.14443159103394 1.29720604419708 0.465670943260193
v 1.14359068870544 1.3024777173996 0.463160693645477
v 1.1391806602478 1.31148529052734 0.454620480537415
v 1.13374149799347 1.31161224842072 0.443922579288483
v 1.04109513759613 1.32286465167999 0.400100529193878
v 1.04755687713623 1.23140347003937 0.419111579656601
v 1.04486584663391 1.2451080083847 0.417304456233978
v 1.04264199733734 1.2820680141449 0.406039863824844
v 1.04296696186066 1.27789831161499 0.40603631734848
v 1.03984951972961 1.27718353271484 0.407040596008301
v 1.03964257240295 1.28107178211212 0.406915277242661
v 1.05914402008057 1.34233784675598 0.409020125865936
v 1.13244831562042 1.31363594532013 0.559231162071228
v 1.13457131385803 1.26117622852325 0.555172681808472
v 1.13908731937408 1.24466669559479 0.557413756847382
v 1.16020214557648 1.22781324386597 0.540532648563385
v 1.15429782867432 1.22851824760437 0.55145251750946
v 1.03917837142944 1.28498470783234 0.406340777873993
v 1.04219710826874 1.28574419021606 0.405876278877258
v 1.040647149086 1.293865442276 0.400661051273346
v 1.04899787902832 1.27041745185852 0.408051699399948
v 1.04273295402527 1.29092907905579 0.405045986175537
v 1.04205000400543 1.28871464729309 0.405455708503723
v 1.03666996955872 1.28762626647949 0.404940903186798
v 1.0376318693161 1.28455018997192 0.406769901514053
v 1.06977128982544 1.32563066482544 0.407729029655457
v 1.06966376304626 1.33010172843933 0.407319277524948
v 1.03826773166656 1.29261302947998 0.399726063013077
v 1.03614664077759 1.29123795032501 0.398122727870941
v 1.11393177509308 1.20449721813202 0.47497695684433
v 1.13075792789459 1.20915544033051 0.479721903800964
v 1.03892230987549 1.27006208896637 0.409999847412109
v 1.0381156206131 1.27338171005249 0.408185839653015
v 1.14315950870514 1.33026695251465 0.45877006649971
v 1.14495754241943 1.33809328079224 0.458348214626312
v 1.14883744716644 1.33399677276611 0.463140666484833
v 1.14726984500885 1.32747578620911 0.463773846626282
v 1.07298302650452 1.20340180397034 0.478624403476715
v 1.14330065250397 1.21449732780457 0.489774942398071
v 1.14605045318604 1.23078119754791 0.561651349067688
v 1.08857357501984 1.33270049095154 0.406957805156708
v 1.08976769447327 1.33467757701874 0.407352894544601
v 1.06229102611542 1.33996832370758 0.40936803817749
v 1.05193746089935 1.26339685916901 0.410273015499115
v 1.05034613609314 1.2672278881073 0.410896211862564
v 1.06450176239014 1.21920990943909 0.457324981689453
v 1.03524148464203 1.28925013542175 0.401908576488495
v 1.15258526802063 1.3433119058609 0.469193965196609
v 1.15230143070221 1.33986556529999 0.469591438770294
v 1.1538370847702 1.33850812911987 0.466564297676086
v 1.15341806411743 1.34149575233459 0.46527111530304
v 1.15226900577545 1.34379589557648 0.459210753440857
v 1.1537561416626 1.3475296497345 0.459714472293854
v 1.15608489513397 1.34439325332642 0.461302906274796
v 1.15453898906708 1.3416622877121 0.461949199438095
v 1.14812588691711 1.34396040439606 0.458343744277954
v 1.15042638778687 1.3397980928421 0.460791110992432
v 1.15650081634521 1.34940826892853 0.459989249706268
v 1.15715169906616 1.34681451320648 0.461907863616943
v 1.15284276008606 1.35029244422913 0.465586423873901
v 1.15424597263336 1.35089087486267 0.46219003200531
v 1.15692973136902 1.35374450683594 0.465461909770966
v 1.16028928756714 1.35132730007172 0.462243288755417
v 1.16159892082214 1.35489106178284 0.470142632722855
v 1.1648998260498 1.35175776481628 0.466096609830856
v 1.16463232040405 1.35171675682068 0.475297272205353
v 1.16823387145996 1.34953618049622 0.471163630485535
v 1.14332461357117 1.31084716320038 0.461933881044388
v 1.14559233188629 1.31315684318542 0.467960864305496
v 1.16624546051025 1.34630477428436 0.478802472352982
v 1.1703929901123 1.34510505199432 0.474904865026474
v 1.16668689250946 1.33890628814697 0.481540590524673
v 1.17083764076233 1.33844459056854 0.477750778198242
v 1.16633439064026 1.33101892471313 0.482562303543091
v 1.16999769210815 1.33075332641602 0.479178965091705
v 1.1648782491684 1.32233572006226 0.482402414083481
v 1.16832399368286 1.32328271865845 0.478661835193634
v 1.16160678863525 1.3121098279953 0.48091197013855
v 1.16469359397888 1.31560468673706 0.476815581321716
v 1.16482472419739 1.34745788574219 0.472451984882355
v 1.1621150970459 1.34960627555847 0.468978822231293
v 1.15662324428558 1.34917402267456 0.476319462060928
v 1.15906000137329 1.34922230243683 0.464737325906754
v 1.15523874759674 1.33576381206512 0.477661520242691
v 1.15422368049622 1.33265697956085 0.476940482854843
v 1.15562808513641 1.332723736763 0.472341597080231
v 1.15391755104065 1.33545541763306 0.474981665611267
v 1.1499502658844 1.32622277736664 0.467117697000504
v 1.15045475959778 1.32064318656921 0.468138873577118
v 1.14739680290222 1.31992208957672 0.464545071125031
v 1.14896261692047 1.3168420791626 0.469996958971024
v 1.14864897727966 1.32153534889221 0.470745950937271
v 1.14912784099579 1.3184871673584 0.471418529748917
v 1.14772963523865 1.32549977302551 0.470844805240631
v 1.15016996860504 1.31717443466187 0.472690761089325
v 1.15024757385254 1.31542253494263 0.471331804990768
v 1.14952063560486 1.31823778152466 0.473609566688538
v 1.14884507656097 1.31903505325317 0.472933560609818
v 1.14829874038696 1.32081699371338 0.473755985498428
v 1.14900100231171 1.32402086257935 0.475140899419785
v 1.14396440982819 1.32049238681793 0.459344685077667
v 1.15014934539795 1.31424784660339 0.479806154966354
v 1.15494894981384 1.32283568382263 0.480907648801804
v 1.16042721271515 1.30891001224518 0.473697662353516
v 1.15765452384949 1.30279994010925 0.476615935564041
v 1.15022528171539 1.29650223255157 0.467090785503387
v 1.15413439273834 1.29752290248871 0.471177577972412
v 1.15696227550507 1.34436595439911 0.478668034076691
v 1.15822374820709 1.3381175994873 0.480901032686234
v 1.14617586135864 1.30669510364532 0.475477397441864
v 1.15726327896118 1.33115386962891 0.481664896011353
v 1.16282975673676 1.31891226768494 0.476214945316315
v 1.15892851352692 1.31437277793884 0.474138647317886
v 1.16601204872131 1.32454407215118 0.477242410182953
v 1.15018689632416 1.3116512298584 0.469137847423553
v 1.15485465526581 1.31180191040039 0.471277356147766
v 1.15606808662415 1.30567145347595 0.469622910022736
v 1.15149557590485 1.30458807945251 0.467092305421829
v 1.15655183792114 1.31785690784454 0.474690705537796
v 1.16036248207092 1.32124972343445 0.475055038928986
v 1.15420758724213 1.31999850273132 0.476718187332153
v 1.15776169300079 1.3233687877655 0.477023243904114
v 1.15175044536591 1.31790053844452 0.474437206983566
v 1.15292501449585 1.31576061248779 0.473125845193863
v 1.15113162994385 1.32175159454346 0.478418856859207
v 1.15445554256439 1.32666563987732 0.478971719741821
v 1.14987623691559 1.31913089752197 0.475483149290085
v 1.16023981571198 1.3269157409668 0.475612461566925
v 1.15756011009216 1.33007395267487 0.477099299430847
v 1.15946483612061 1.3329666852951 0.473205029964447
v 1.16194069385529 1.33065903186798 0.473558634519577
v 1.16350412368774 1.32533955574036 0.4754319190979
v 1.16537797451019 1.33017337322235 0.475021541118622
v 1.16679096221924 1.33086585998535 0.477937698364258
v 1.16563057899475 1.33580422401428 0.474588990211487
v 1.1668826341629 1.33754873275757 0.477369099855423
v 1.16307330131531 1.33464443683624 0.472944349050522
v 1.16075205802917 1.33510625362396 0.471421897411346
v 1.16654634475708 1.3436131477356 0.475401282310486
v 1.16497027873993 1.34087836742401 0.473410427570343
v 1.1632194519043 1.34449851512909 0.47163712978363
v 1.16282999515533 1.33856964111328 0.471923857927322
v 1.16146993637085 1.34143662452698 0.470459133386612
v 1.16131484508514 1.33737182617188 0.470954656600952
v 1.1599737405777 1.33880960941315 0.469901978969574
v 1.15556204319 1.34624338150024 0.464736044406891
v 1.15416240692139 1.3441002368927 0.464408665895462
v 1.15806066989899 1.34689235687256 0.466494917869568
v 1.15707492828369 1.34430539608002 0.467531979084015
v 1.1554844379425 1.34497475624084 0.466561406850815
v 1.15418910980225 1.34384191036224 0.467159360647202
v 1.15621376037598 1.34183931350708 0.467850148677826
v 1.1552277803421 1.34046828746796 0.470589339733124
v 1.08671450614929 1.18119788169861 0.480920881032944
v 1.0752911567688 1.1804291009903 0.487296640872955
v 1.07499098777771 1.18825745582581 0.485712170600891
v 1.08603262901306 1.18975222110748 0.480096280574799
v 1.15927839279175 1.343101978302 0.468693345785141
v 1.15816736221313 1.34012222290039 0.468373507261276
v 1.16075074672699 1.34653329849243 0.469171494245529
v 1.15790903568268 1.3371821641922 0.47278705239296
v 1.15759205818176 1.33827030658722 0.470361560583115
v 1.15915405750275 1.33662033081055 0.470459640026093
v 1.15888893604279 1.33562028408051 0.472025334835052
v 1.14972162246704 1.33024895191193 0.467566251754761
v 1.14969944953918 1.32934749126434 0.471955329179764
v 1.15165591239929 1.32750082015991 0.475690007209778
v 1.12427198886871 1.17084610462189 0.470930367708206
v 1.12318229675293 1.17951428890228 0.475662618875504
v 1.14264595508575 1.18488216400146 0.475902736186981
v 1.14569711685181 1.17735469341278 0.470728993415833
v 1.11815965175629 1.15137815475464 0.451251596212387
v 1.14816403388977 1.15746295452118 0.447872966527939
v 1.13074505329132 1.13800132274628 0.434439033269882
v 1.10994899272919 1.1342658996582 0.442381262779236
v 1.11770844459534 1.11985802650452 0.426054418087006
v 1.10058164596558 1.11769151687622 0.434836804866791
v 1.08555614948273 1.0721732378006 0.40535169839859
v 1.0713586807251 1.07269406318665 0.41350594162941
v 1.08081412315369 1.08758366107941 0.420475244522095
v 1.09558343887329 1.08760893344879 0.412142187356949
v 1.07438039779663 0.995505928993225 0.374790191650391
v 1.07061886787415 0.97828620672226 0.380959928035736
v 1.0576593875885 0.983278036117554 0.385250568389893
v 1.06340742111206 0.998683452606201 0.379165947437286
v 1.16319930553436 1.09151470661163 0.388354450464249
v 1.17385816574097 1.11142289638519 0.38903146982193
v 1.18134498596191 1.10263895988464 0.384020298719406
v 1.1699732542038 1.08156168460846 0.385657370090485
v 1.19483041763306 1.18454027175903 0.476654917001724
v 1.17431879043579 1.17301774024963 0.46264436841011
v 1.16970860958099 1.17688715457916 0.471900820732117
v 1.1889716386795 1.18868768215179 0.483287036418915
v 1.13760042190552 1.00221502780914 0.379148960113525
v 1.12852740287781 0.990958750247955 0.37723109126091
v 1.12054872512817 1.00073301792145 0.373872846364975
v 1.1281430721283 1.01195633411407 0.375735282897949
v 1.10926783084869 0.914875745773315 0.401259511709213
v 1.10909581184387 0.895785391330719 0.400651276111603
v 1.08728134632111 0.8971107006073 0.398273706436157
v 1.08871674537659 0.915555477142334 0.399149775505066
v 1.18057572841644 0.933058440685272 0.423915296792984
v 1.2001588344574 0.930963099002838 0.442149609327316
v 1.19781720638275 0.915259122848511 0.4448381960392
v 1.17875349521637 0.915545225143433 0.426451325416565
v 1.1125955581665 1.06921780109406 0.393580734729767
v 1.09963428974152 1.07117509841919 0.398746430873871
v 1.11007440090179 1.08668732643127 0.404869824647903
v 1.12329208850861 1.08493936061859 0.398979365825653
v 1.29869711399078 1.08236789703369 0.274075567722321
v 1.28883218765259 1.06689667701721 0.273432195186615
v 1.27505254745483 1.07578039169312 0.291579276323318
v 1.28490781784058 1.09077000617981 0.29215008020401
v 1.16824209690094 0.824764609336853 0.423881381750107
v 1.18327522277832 0.82851654291153 0.443761020898819
v 1.18368852138519 0.810834288597107 0.44249439239502
v 1.16761255264282 0.806534469127655 0.422357082366943
v 1.23956537246704 1.15176367759705 0.375231266021729
v 1.23100662231445 1.15852272510529 0.384876221418381
v 1.24966824054718 1.16695857048035 0.399677157402039
v 1.25812137126923 1.16092026233673 0.388533353805542
v 1.15211999416351 1.05228710174561 0.385755836963654
v 1.14364171028137 1.05962872505188 0.385590076446533
v 1.15291857719421 1.07503402233124 0.386977076530457
v 1.16037440299988 1.06555116176605 0.385952770709991
v 1.21004450321198 0.959319293498993 0.437281101942062
v 1.19400584697723 0.962017774581909 0.422205865383148
v 1.20132076740265 0.979018926620483 0.423019081354141
v 1.21588861942291 0.976724147796631 0.436079800128937
v 1.18755877017975 0.947144985198975 0.422178953886032
v 1.20505702495575 0.944486618041992 0.439250975847244
v 1.13489961624146 1.06393837928772 0.387098699808121
v 1.12441420555115 1.06672537326813 0.389615088701248
v 1.1351842880249 1.08304643630981 0.394275695085526
v 1.14473366737366 1.08129358291626 0.390284329652786
v 1.06998431682587 0.963117480278015 0.389672785997391
v 1.05384361743927 0.969317257404327 0.394576847553253
v 1.14785730838776 0.802208721637726 0.40705281496048
v 1.12558054924011 0.79804939031601 0.396924883127213
v 1.12662220001221 0.818271994590759 0.398206412792206
v 1.14877283573151 0.821356177330017 0.40835639834404
v 1.07090091705322 0.934512734413147 0.400257289409637
v 1.07043015956879 0.950153172016144 0.397004425525665
v 1.08757603168488 0.947435617446899 0.394963026046753
v 1.08918488025665 0.932185769081116 0.399065643548965
v 1.10175490379333 0.794487714767456 0.391524732112885
v 1.07667303085327 0.792465209960938 0.387756288051605
v 1.07760083675385 0.814982056617737 0.390176892280579
v 1.10247337818146 0.815940201282501 0.392865806818008
v 1.10625767707825 1.10335946083069 0.418855756521225
v 1.09050381183624 1.10266923904419 0.427404701709747
v 1.09770679473877 0.992533445358276 0.371825963258743
v 1.09677278995514 0.975812435150146 0.37665930390358
v 1.08391761779785 0.976196944713593 0.378040492534637
v 1.08630657196045 0.993659377098083 0.372451096773148
v 1.18489980697632 1.0533881187439 0.396258056163788
v 1.17705154418945 1.06798911094666 0.387307971715927
v 1.1905745267868 1.08896207809448 0.382006049156189
v 1.19434487819672 1.06573557853699 0.394557535648346
v 1.18477511405945 0.792900025844574 0.441481381654739
v 1.16860163211823 0.788358330726624 0.421236515045166
v 1.10176682472229 0.773091614246368 0.390702903270721
v 1.07649874687195 0.770075142383575 0.387000441551208
v 1.24245953559875 1.04478764533997 0.412338137626648
v 1.23655819892883 1.03902149200439 0.419360280036926
v 1.22690856456757 1.04434168338776 0.413962662220001
v 1.23359787464142 1.05087411403656 0.40784165263176
v 1.03294265270233 1.00355470180511 0.402710914611816
v 1.04486382007599 1.01141178607941 0.392327487468719
v 1.04793787002563 0.994304180145264 0.389161497354507
v 1.03957533836365 0.982489585876465 0.399641901254654
v 1.09928941726685 0.960279166698456 0.384890198707581
v 1.10376453399658 0.947291314601898 0.39348578453064
v 1.08512496948242 0.960579991340637 0.386450469493866
v 1.02269494533539 0.995021343231201 0.416215062141418
v 1.03195881843567 0.968062877655029 0.413148403167725
v 1.0751918554306 1.10102558135986 0.436638474464417
v 1.06591594219208 1.08724200725555 0.42978835105896
v 1.08351397514343 1.11537909507751 0.44353836774826
v 1.06728267669678 1.11358261108398 0.452236711978912
v 1.07356989383698 1.12880277633667 0.459294021129608
v 1.0905681848526 1.13069188594818 0.45083549618721
v 1.07788729667664 1.14418840408325 0.465516835451126
v 1.09571468830109 1.14636242389679 0.457873910665512
v 1.10269808769226 1.16605997085571 0.474493503570557
v 1.10330367088318 1.17490863800049 0.478145807981491
v 1.1681547164917 1.05381691455841 0.388694792985916
v 1.16111278533936 1.04192519187927 0.388881325721741
v 1.12588977813721 0.77765291929245 0.396102786064148
v 1.25242447853088 1.11187183856964 0.532497465610504
v 1.25244605541229 1.09487771987915 0.538321435451508
v 1.25797367095947 1.09647536277771 0.520069777965546
v 1.25917148590088 1.11256289482117 0.515611708164215
v 1.20196151733398 1.18284523487091 0.469606816768646
v 1.18225598335266 1.17258596420288 0.45262148976326
v 1.26244139671326 1.04748547077179 0.457344561815262
v 1.25973033905029 1.04589200019836 0.470166027545929
v 1.25727498531342 1.03808152675629 0.465974628925323
v 1.25888335704803 1.04124712944031 0.454788446426392
v 1.25599324703217 1.03985285758972 0.422067373991013
v 1.26375949382782 1.03669703006744 0.410093665122986
v 1.26953446865082 1.03795218467712 0.413142710924149
v 1.26047313213348 1.04181468486786 0.425323992967606
v 1.19350862503052 0.814250648021698 0.464363485574722
v 1.19278991222382 0.831408262252808 0.466433227062225
v 1.22893977165222 0.944838643074036 0.505226194858551
v 1.22330677509308 0.936862707138062 0.483149826526642
v 1.22838461399078 0.952382206916809 0.476619958877563
v 1.23490858078003 0.96114581823349 0.495586007833481
v 1.18341553211212 1.09520947933197 0.598603308200836
v 1.18313360214233 1.07987976074219 0.601048529148102
v 1.19959616661072 1.08255088329315 0.590746104717255
v 1.19940185546875 1.09814953804016 0.588662922382355
v 1.23021841049194 1.12179434299469 0.562260866165161
v 1.22900104522705 1.13702750205994 0.558206737041473
v 1.21373748779297 1.13154494762421 0.572937190532684
v 1.21489131450653 1.11712610721588 0.575639009475708
v 1.2440333366394 1.10932910442352 0.550871789455414
v 1.24375450611115 1.09272480010986 0.555584311485291
v 1.22734153270721 0.978231430053711 0.450273603200912
v 1.22302103042603 0.961746573448181 0.453520566225052
v 1.23581290245056 1.00156879425049 0.444374144077301
v 1.22501945495605 1.00199818611145 0.433595776557922
v 1.22846937179565 1.01140189170837 0.431556224822998
v 1.23912620544434 1.01125812530518 0.441388785839081
v 1.18306124210358 1.19432032108307 0.489408493041992
v 1.1971607208252 1.20026183128357 0.506734013557434
v 1.20436930656433 1.19456398487091 0.499296903610229
v 1.19465851783752 1.18028891086578 0.558308660984039
v 1.19761896133423 1.17381060123444 0.561382472515106
v 1.20524287223816 1.17722296714783 0.549123823642731
v 1.19969654083252 1.18347036838531 0.54816871881485
v 1.19782316684723 1.01169061660767 0.594234347343445
v 1.18155407905579 1.01166236400604 0.606892228126526
v 1.17715048789978 0.990961015224457 0.606171607971191
v 1.19467377662659 0.989011645317078 0.592293500900269
v 1.24724435806274 1.02140057086945 0.4464450776577
v 1.24704122543335 1.02853500843048 0.439190924167633
v 1.25191104412079 1.0317862033844 0.44567334651947
v 1.25166749954224 1.0254989862442 0.454398334026337
v 1.25099813938141 1.01811289787292 0.460176765918732
v 1.24930274486542 1.00988638401031 0.465661466121674
v 1.24362373352051 1.00456440448761 0.455023020505905
v 1.24592208862305 1.01361131668091 0.450856268405914
v 1.2389885187149 0.9759202003479 0.486488074064255
v 1.2326557636261 0.967643797397614 0.469738721847534
v 1.23615407943726 0.983223438262939 0.464447736740112
v 1.24375581741333 0.990118503570557 0.47861585021019
v 1.15578293800354 0.922180891036987 0.598779261112213
v 1.1729588508606 0.918554961681366 0.589224874973297
v 1.1800137758255 0.941843926906586 0.591130018234253
v 1.16361320018768 0.944633424282074 0.602761924266815
v 1.2301698923111 1.06743431091309 0.387708365917206
v 1.22392785549164 1.0773503780365 0.378331184387207
v 1.23092317581177 1.07456517219543 0.367282867431641
v 1.23885452747345 1.0625923871994 0.37486743927002
v 1.29018795490265 1.04651045799255 0.410856306552887
v 1.2979120016098 1.04472303390503 0.40158486366272
v 1.30106329917908 1.05027508735657 0.402435004711151
v 1.29354310035706 1.05241572856903 0.412338554859161
v 1.25462114810944 1.04228854179382 0.362784206867218
v 1.24679934978485 1.05454134941101 0.35901290178299
v 1.2552992105484 1.044757604599 0.34042152762413
v 1.26350903511047 1.03107511997223 0.344722867012024
v 1.22707414627075 1.18148064613342 0.482797890901566
v 1.20876383781433 1.1819543838501 0.462810814380646
v 1.2201019525528 1.1854772567749 0.48748791217804
v 1.25973379611969 1.03444683551788 0.387033760547638
v 1.26907551288605 1.02463710308075 0.372104585170746
v 1.27663934230804 1.02081751823425 0.377732783555984
v 1.2667601108551 1.03044497966766 0.392243057489395
v 1.31375646591187 1.0927267074585 0.279181689023972
v 1.29962468147278 1.10074877738953 0.297067999839783
v 1.28301203250885 1.01065027713776 0.330048948526382
v 1.29428899288177 1.0047607421875 0.335206151008606
v 1.27976226806641 1.01346611976624 0.354332149028778
v 1.27155804634094 1.0204256772995 0.349083960056305
v 1.22235333919525 0.927922189235687 0.511987566947937
v 1.2185617685318 0.921232759952545 0.488914996385574
v 1.19547069072723 0.819875657558441 0.510003566741943
v 1.19696080684662 0.817222893238068 0.487456083297729
v 1.19614839553833 0.834866166114807 0.489865779876709
v 1.19529414176941 0.838008522987366 0.511767625808716
v 1.1942652463913 0.796606481075287 0.464288294315338
v 1.19555449485779 0.800957143306732 0.509589791297913
v 1.19769501686096 0.79903370141983 0.487050533294678
v 1.17925930023193 1.21190190315247 0.513378858566284
v 1.18150329589844 1.2130115032196 0.529931008815765
v 1.19051718711853 1.20603251457214 0.530319154262543
v 1.1882575750351 1.20619034767151 0.511262238025665
v 1.2117235660553 0.680182099342346 0.468221366405487
v 1.21153676509857 0.65231990814209 0.475200265645981
v 1.20138835906982 0.647590100765228 0.447197884321213
v 1.19859147071838 0.676802158355713 0.441414624452591
v 1.17740726470947 1.19739890098572 0.561918318271637
v 1.18516278266907 1.20151352882385 0.546885371208191
v 1.17697131633759 1.21057510375977 0.545300304889679
v 1.16962158679962 1.20755386352539 0.558375120162964
v 1.19730830192566 0.702827572822571 0.438669860363007
v 1.21003675460815 0.708536148071289 0.464093536138535
v 1.16858625411987 1.2046959400177 0.498034179210663
v 1.17663884162903 1.19880771636963 0.493954002857208
v 1.16068589687347 1.19087767601013 0.482937425374985
v 1.15471410751343 1.19751739501953 0.486896276473999
v 1.13848602771759 1.19241881370544 0.479562729597092
v 1.18767881393433 0.639621078968048 0.42519810795784
v 1.18242907524109 0.66694974899292 0.421694576740265
v 1.17151975631714 1.21976315975189 0.52880734205246
v 1.16850256919861 1.21856737136841 0.542894124984741
v 1.16215455532074 1.21775734424591 0.555092573165894
v 1.1535906791687 1.21896183490753 0.566437125205994
v 1.19679403305054 0.779199600219727 0.464179158210754
v 1.18667268753052 0.77536416053772 0.441300868988037
v 1.19241774082184 0.553803026676178 0.573555767536163
v 1.17241203784943 0.55223947763443 0.593329429626465
v 1.16255474090576 0.535062789916992 0.584778904914856
v 1.18819510936737 0.53582751750946 0.565509378910065
v 1.11270999908447 0.565742313861847 0.622689247131348
v 1.09994757175446 0.550541937351227 0.610004544258118
v 1.13196182250977 0.541203022003174 0.600913882255554
v 1.14451336860657 0.556683659553528 0.609132885932922
v 1.14668226242065 0.690660178661346 0.629800260066986
v 1.1721203327179 0.688143074512482 0.613511323928833
v 1.17000150680542 0.709118604660034 0.605473160743713
v 1.14604461193085 0.711605668067932 0.622063159942627
v 1.19836175441742 0.783035159111023 0.510557532310486
v 1.20067012310028 0.781375706195831 0.487624675035477
v 1.16994404792786 0.770535945892334 0.42120760679245
v 1.19427108764648 0.513010084629059 0.434148550033569
v 1.21292591094971 0.519233584403992 0.466569572687149
v 1.2130411863327 0.487668812274933 0.474113792181015
v 1.19685900211334 0.48089212179184 0.441735088825226
v 1.20199489593506 0.493260622024536 0.540137529373169
v 1.20538401603699 0.518517971038818 0.537815451622009
v 1.1830530166626 0.515795648097992 0.562850117683411
v 1.17884838581085 0.494140386581421 0.563406705856323
v 1.05154371261597 0.767694473266602 0.384681463241577
v 1.07720303535461 0.748423099517822 0.387876123189926
v 1.05218040943146 0.745230436325073 0.386578381061554
v 0.987360239028931 0.764453411102295 0.397636890411377
v 1.0082676410675 0.765133559703827 0.388998925685883
v 1.00670731067657 0.742477238178253 0.392177879810333
v 0.986440777778625 0.742196619510651 0.400192618370056
v 0.999677717685699 0.624085128307343 0.420811653137207
v 0.984968423843384 0.627313494682312 0.426246374845505
v 0.985654413700104 0.64994740486145 0.42153000831604
v 1.00292801856995 0.64733624458313 0.41438353061676
v 1.16192758083344 0.656545102596283 0.406279057264328
v 1.13630211353302 0.648944020271301 0.396391361951828
v 1.13377356529236 0.67265796661377 0.39683985710144
v 1.15871000289917 0.681573748588562 0.405442804098129
v 1.08750021457672 0.53946053981781 0.594951987266541
v 1.11867594718933 0.528526306152344 0.589864492416382
v 1.17074191570282 0.474326848983765 0.413329154253006
v 1.16635179519653 0.507894217967987 0.407504081726074
v 1.13580679893494 0.469982445240021 0.397660434246063
v 1.09985685348511 0.470640242099762 0.400572180747986
v 1.09771907329559 0.502542018890381 0.396222531795502
v 1.13305914402008 0.503020882606506 0.393736124038696
v 1.01166677474976 0.544331908226013 0.465393632650375
v 1.01151931285858 0.561948716640472 0.440600275993347
v 1.02210974693298 0.550816774368286 0.441638380289078
v 1.01816022396088 0.539494574069977 0.468730270862579
v 1.1321918964386 0.602963328361511 0.637525677680969
v 1.12418735027313 0.584545969963074 0.6319180727005
v 1.15374541282654 0.575367212295532 0.617675006389618
v 1.16082561016083 0.596407532691956 0.622869610786438
v 1.18820214271545 0.802791655063629 0.529965162277222
v 1.19084215164185 0.78396475315094 0.53210324048996
v 1.17770433425903 0.803858458995819 0.547379732131958
v 1.18952918052673 0.821984231472015 0.530337750911713
v 1.17901515960693 0.824139714241028 0.547504305839539
v 1.21353101730347 0.948406994342804 0.555325627326965
v 1.2204555273056 0.937262058258057 0.534594535827637
v 1.22857081890106 0.954535365104675 0.528304934501648
v 1.22347891330719 0.967454969882965 0.549818694591522
v 1.21546161174774 1.08619832992554 0.579958140850067
v 1.2154837846756 1.10174906253815 0.57823634147644
v 1.14576280117035 0.499193727970123 0.579744398593903
v 1.10260546207428 0.511417627334595 0.584403812885284
v 1.11307179927826 0.477335810661316 0.582555890083313
v 1.14860653877258 0.472714364528656 0.577189981937408
v 1.19907128810883 0.466532975435257 0.542180776596069
v 1.21099877357483 0.46304252743721 0.514204680919647
v 1.2147798538208 0.49280971288681 0.509022951126099
v 1.21126544475555 0.456177562475204 0.480045914649963
v 1.19728934764862 0.448432266712189 0.446415692567825
v 1.13668394088745 0.436877697706223 0.402631103992462
v 1.10086953639984 0.437970727682114 0.406929939985275
v 1.03291034698486 0.478761494159698 0.46979621052742
v 1.04731237888336 0.474629431962967 0.443596690893173
v 1.05069351196289 0.448267370462418 0.452008545398712
v 1.0384064912796 0.454160034656525 0.479825794696808
v 1.0446435213089 0.610421180725098 0.408404678106308
v 1.07919108867645 0.625608444213867 0.398826092481613
v 1.08447885513306 0.603729546070099 0.39723789691925
v 1.05667912960052 0.589075207710266 0.407292068004608
v 0.991881489753723 0.787652969360352 0.395080387592316
v 1.00889313220978 0.789375185966492 0.388273119926453
v 1.02818751335144 0.766340732574463 0.385110646486282
v 1.02823424339294 0.790400326251984 0.384807527065277
v 1.05144917964935 0.791223287582397 0.384955763816833
v 1.01489806175232 0.883003711700439 0.399886906147003
v 1.03762924671173 0.880148768424988 0.394338071346283
v 1.03284180164337 0.859489321708679 0.392864048480988
v 1.00996363162994 0.86182051897049 0.397567987442017
v 1.02088761329651 0.904300034046173 0.403213202953339
v 1.04320991039276 0.901970028877258 0.397220283746719
v 1.03178703784943 0.944522798061371 0.413906514644623
v 1.05189371109009 0.955876469612122 0.402776300907135
v 1.05163717269897 0.938820540904999 0.40487265586853
v 1.05998194217682 1.09922885894775 0.445839554071426
v 1.05187749862671 1.08528304100037 0.439643234014511
v 1.16774773597717 0.629942893981934 0.40706992149353
v 1.0675653219223 0.506692886352539 0.571327805519104
v 1.0467609167099 0.4986532330513 0.550816535949707
v 1.05608427524567 0.472591191530228 0.558252215385437
v 1.07960796356201 0.476790308952332 0.575742244720459
v 1.17989146709442 0.692776799201965 0.419324964284897
v 1.14817714691162 0.783310174942017 0.405922591686249
v 1.149249792099 0.764344930648804 0.406236678361893
v 1.15419733524323 0.939491391181946 0.407772272825241
v 1.15545749664307 0.917210459709167 0.413216412067413
v 1.05638659000397 1.01551175117493 0.384832292795181
v 1.05561065673828 1.00307583808899 0.383403152227402
v 1.21742522716522 0.522201418876648 0.50357848405838
v 1.13732409477234 0.405464947223663 0.409562230110168
v 1.13616442680359 0.375259876251221 0.417545765638351
v 1.10265684127808 0.375527024269104 0.423422038555145
v 1.10156416893005 0.406168520450592 0.414539098739624
v 1.0450451374054 0.431040853261948 0.515803277492523
v 1.04543399810791 0.425842434167862 0.488864868879318
v 1.05399346351624 0.396785378456116 0.497666388750076
v 1.05539011955261 0.401383817195892 0.523193657398224
v 1.06463825702667 0.37188458442688 0.528189599514008
v 1.06246638298035 0.36597341299057 0.503276944160461
v 1.06762409210205 0.33665806055069 0.510991334915161
v 1.07219779491425 0.343149185180664 0.533894658088684
v 1.17155027389526 0.440430015325546 0.418364256620407
v 1.19271314144135 0.386372625827789 0.454181879758835
v 1.1694141626358 0.378454566001892 0.428828686475754
v 1.17073011398315 0.408727467060089 0.423582434654236
v 1.19510102272034 0.416803479194641 0.450556516647339
v 1.17862927913666 0.4688820540905 0.562585711479187
v 1.03549075126648 0.459366589784622 0.507133722305298
v 1.02833688259125 0.482835441827774 0.496785461902618
v 1.07900536060333 0.409384250640869 0.565118074417114
v 1.10135722160339 0.412125468254089 0.578711926937103
v 1.0914226770401 0.444335430860519 0.577792525291443
v 1.067387342453 0.441150337457657 0.562252581119537
v 1.19818913936615 0.40973287820816 0.54184103012085
v 1.20680820941925 0.404497981071472 0.515744090080261
v 1.20882844924927 0.43369197845459 0.514181911945343
v 1.19857263565063 0.438029885292053 0.541493356227875
v 1.20813059806824 0.425618261098862 0.482407450675964
v 1.20504665374756 0.395872473716736 0.485108971595764
v 1.18811988830566 0.327813684940338 0.462678581476212
v 1.16402471065521 0.320887863636017 0.442058354616165
v 1.16718530654907 0.349193453788757 0.435136049985886
v 1.19045472145081 0.356744825839996 0.458321988582611
v 1.20029520988464 0.33787477016449 0.49104568362236
v 1.20244920253754 0.366774559020996 0.487879008054733
v 1.20513141155243 0.37544721364975 0.517468392848969
v 1.20337975025177 0.347097635269165 0.518518328666687
v 1.19560980796814 0.353627622127533 0.542031228542328
v 1.19730365276337 0.381679832935333 0.542415499687195
v 1.18154048919678 0.384455323219299 0.56257176399231
v 1.18135130405426 0.357307910919189 0.560987293720245
v 1.15978121757507 0.385625183582306 0.57570618391037
v 1.13454735279083 0.385132133960724 0.580683827400208
v 1.13987064361572 0.357842862606049 0.577610969543457
v 1.16224455833435 0.35839569568634 0.572945535182953
v 1.09725046157837 0.352185010910034 0.56836724281311
v 1.11719000339508 0.35568779706955 0.577299118041992
v 1.10952544212341 0.382821679115295 0.578437805175781
v 1.08898365497589 0.379597961902618 0.566941738128662
v 1.12203466892242 0.246736347675323 0.575074255466461
v 1.13905918598175 0.250596582889557 0.575424373149872
v 1.1332483291626 0.27780294418335 0.575182914733887
v 1.11528718471527 0.274266958236694 0.574682295322418
v 1.15595996379852 0.254105567932129 0.577249228954315
v 1.1732976436615 0.25608104467392 0.573517203330994
v 1.16792678833008 0.281412780284882 0.570246875286102
v 1.15160036087036 0.28035706281662 0.57406210899353
v 1.19354999065399 0.275728464126587 0.543623685836792
v 1.18266844749451 0.280199706554413 0.560137212276459
v 1.18772876262665 0.254964768886566 0.563602983951569
v 1.19808840751648 0.25050950050354 0.547233641147614
v 1.2068954706192 0.244472444057465 0.52738744020462
v 1.20429813861847 0.269378840923309 0.52347856760025
v 1.20223200321198 0.235475301742554 0.505471169948578
v 1.20167303085327 0.260046422481537 0.500658094882965
v 1.18347346782684 0.250521123409271 0.479092180728912
v 1.18708777427673 0.226186692714691 0.48236671090126
v 1.08302843570709 0.25473165512085 0.535648465156555
v 1.08990454673767 0.227499306201935 0.539797723293304
v 1.09421253204346 0.235208332538605 0.558059215545654
v 1.08616626262665 0.26181173324585 0.553325712680817
v 1.0997462272644 0.244705975055695 0.49152946472168
v 1.11136400699615 0.241466641426086 0.466784179210663
v 1.11731278896332 0.216700375080109 0.476751804351807
v 1.1057151556015 0.218562841415405 0.49975973367691
v 1.19896245002747 0.311078131198883 0.494275093078613
v 1.18556177616119 0.301003217697144 0.467718541622162
v 1.19340908527374 0.326804101467133 0.541372656822205
v 1.20197105407715 0.320258378982544 0.519515454769135
v 1.10371434688568 0.326121151447296 0.570807158946991
v 1.12326776981354 0.32977819442749 0.576295495033264
v 1.07266163825989 0.308563649654388 0.518450260162354
v 1.07699394226074 0.31523597240448 0.540044188499451
v 1.13308835029602 0.264398694038391 0.445308268070221
v 1.13216233253479 0.290830612182617 0.440644174814224
v 1.1617523431778 0.293735384941101 0.44751188158989
v 1.16164350509644 0.267266869544983 0.451635241508484
v 1.20023310184479 0.285071671009064 0.496758878231049
v 1.20232009887695 0.294558703899384 0.5216383934021
v 1.19249248504639 0.301058948040009 0.541595101356506
v 1.18098640441895 0.305527091026306 0.558543920516968
v 1.16509675979614 0.306656420230865 0.568860292434692
v 1.14706492424011 0.306010127067566 0.572876930236816
v 1.12826943397522 0.304099678993225 0.575188219547272
v 1.10941517353058 0.300382673740387 0.572669446468353
v 1.08144128322601 0.288440346717834 0.546934843063354
v 1.07775092124939 0.280898869037628 0.527182340621948
v 1.14013767242432 0.216551184654236 0.462373703718185
v 1.13550543785095 0.239342272281647 0.452133893966675
v 1.16406178474426 0.243019878864288 0.458099842071533
v 1.16766798496246 0.219770669937134 0.464737445116043
v 1.14620006084442 0.195621252059937 0.473851650953293
v 1.12715315818787 0.195351421833038 0.486320555210114
v 1.16256725788116 0.228587985038757 0.581744372844696
v 1.17894577980042 0.23028826713562 0.577403545379639
v 1.1936811208725 0.229325532913208 0.567964315414429
v 1.21143174171448 0.219680309295654 0.532221257686615
v 1.20439314842224 0.209861099720001 0.508538067340851
v 1.18828177452087 0.200605511665344 0.487089395523071
v 1.16925525665283 0.19824093580246 0.473447382450104
v 1.11224627494812 0.182059228420258 0.562085449695587
v 1.10426986217499 0.209239959716797 0.558530926704407
v 1.10075199604034 0.202419519424438 0.541514158248901
v 1.1111718416214 0.176469445228577 0.544741272926331
v 1.13485956192017 0.193023800849915 0.58484959602356
v 1.15064907073975 0.198584675788879 0.59200531244278
v 1.14553105831146 0.224573075771332 0.578928709030151
v 1.12994182109833 0.220106184482574 0.574148774147034
v 1.16965758800507 0.202298939228058 0.593093156814575
v 1.18727040290833 0.203790485858917 0.587415337562561
v 1.2031055688858 0.203961491584778 0.577301025390625
v 1.21777534484863 0.192817747592926 0.537374913692474
v 1.20625674724579 0.226414322853088 0.552755296230316
v 1.215176820755 0.200592339038849 0.560235321521759
v 1.20943570137024 0.182035744190216 0.509212374687195
v 1.19195973873138 0.142458438873291 0.496664017438889
v 1.18524646759033 0.171556174755096 0.490373283624649
v 1.21694326400757 0.152803301811218 0.512862622737885
v 1.18114805221558 0.0439295172691345 0.522841274738312
v 1.20706868171692 0.0484225153923035 0.520673513412476
v 1.20827949047089 0.0146175622940063 0.531140387058258
v 1.18575704097748 0.0102708339691162 0.532937407493591
v 1.11698460578918 0.148373425006866 0.550894618034363
v 1.11738288402557 0.153174877166748 0.570732712745667
v 1.13764190673828 0.16378253698349 0.597842335700989
v 1.15599024295807 0.169675529003143 0.604911983013153
v 1.23447132110596 0.134557485580444 0.549970388412476
v 1.22680008411407 0.164280891418457 0.541645050048828
v 1.22421431541443 0.172165513038635 0.567126214504242
v 1.23113393783569 0.142113864421844 0.575698375701904
v 1.12829959392548 0.0522165298461914 0.572453081607819
v 1.12846970558167 0.0557408928871155 0.591936051845551
v 1.12227869033813 0.0892784595489502 0.586634814739227
v 1.12190639972687 0.0850375294685364 0.565659701824188
v 1.15847587585449 0.138321042060852 0.615843415260315
v 1.13996779918671 0.132038354873657 0.607738852500916
v 1.14379799365997 0.0994365215301514 0.615390479564667
v 1.16229891777039 0.104951858520508 0.62332546710968
v 1.23900759220123 0.0661804676055908 0.564079523086548
v 1.2386634349823 0.101740717887878 0.557320237159729
v 1.23592221736908 0.108718276023865 0.582738220691681
v 1.23723363876343 0.0721983313560486 0.588057041168213
v 1.19933259487152 0.113140463829041 0.50285792350769
v 1.22416889667511 0.123579561710358 0.521097362041473
v 1.22825849056244 0.0921620726585388 0.52961403131485
v 1.20496845245361 0.0816226005554199 0.511483252048492
v 1.17049837112427 0.108541190624237 0.506266415119171
v 1.17641007900238 0.0774355530738831 0.513828754425049
v 1.15044665336609 -0.0162699222564697 0.597437083721161
v 1.13889467716217 0.0203322172164917 0.594798922538757
v 1.13854050636292 0.0162187218666077 0.577305614948273
v 1.1508880853653 -0.0211872458457947 0.582422196865082
v 1.168217420578 0.0695008635520935 0.626374006271362
v 1.14948403835297 0.0647374391555786 0.619101345539093
v 1.1582190990448 0.027967631816864 0.619045972824097
v 1.17463374137878 0.0319082736968994 0.625548958778381
v 1.23649716377258 -0.0109890699386597 0.576711893081665
v 1.23817229270935 0.028477668762207 0.570447087287903
v 1.23613476753235 0.0329375863075256 0.592372477054596
v 1.23369288444519 -0.00669485330581665 0.597211599349976
v 1.21068620681763 -0.0219228267669678 0.542406737804413
v 1.22940587997437 0.0218604207038879 0.545336246490479
v 1.22967946529388 -0.0163061618804932 0.555104911327362
v 1.21131372451782 -0.0587777495384216 0.550641298294067
v 1.19431459903717 -0.0619766712188721 0.55142217874527
v 1.18999862670898 -0.0256630778312683 0.543328523635864
v 1.16151714324951 -0.0560722947120667 0.586808204650879
v 1.15950787067413 -0.0525130033493042 0.600468397140503
v 1.17059135437012 -0.0466726422309875 0.619962573051453
v 1.18314552307129 -0.0422778129577637 0.626189529895782
v 1.18003213405609 -0.00545603036880493 0.624876976013184
v 1.16579711437225 -0.00955694913864136 0.618833243846893
v 1.2134428024292 -0.00448024272918701 0.622048020362854
v 1.1969997882843 -0.00387090444564819 0.626182377338409
v 1.19865727424622 -0.0407142043113708 0.627365291118622
v 1.21351170539856 -0.0414867997169495 0.62304550409317
v 1.22998714447021 -0.043376088142395 0.600641250610352
v 1.22602570056915 -0.00471043586730957 0.612212359905243
v 1.22354710102081 -0.0417114496231079 0.61409854888916
v 1.23364043235779 -0.0467863082885742 0.581640660762787
v 1.22825872898102 -0.0531633496284485 0.561324775218964
v 1.04546403884888 0.531797289848328 0.551731526851654
v 1.03270924091339 0.5240159034729 0.527056932449341
v 1.03984498977661 0.515435576438904 0.539507925510406
v 1.05690503120422 0.526023268699646 0.562535047531128
v 1.06165707111359 0.387982130050659 0.468606114387512
v 1.05584633350372 0.419235527515411 0.45977771282196
v 1.0714293718338 0.329343199729919 0.484918147325516
v 1.0673919916153 0.357084035873413 0.475844502449036
v 1.07664239406586 0.301550805568695 0.49420753121376
v 1.08228766918182 0.274683952331543 0.50420218706131
v 1.08723413944244 0.247463881969452 0.513771831989288
v 1.09473705291748 0.220901131629944 0.519739866256714
v 1.10541188716888 0.196153521537781 0.522708714008331
v 1.11608958244324 0.170280277729034 0.525052130222321
v 1.12843203544617 0.113848924636841 0.536051094532013
v 1.11964929103851 0.117571413516998 0.558697581291199
v 1.12440037727356 0.143143355846405 0.529949069023132
v 1.1379246711731 0.0478690266609192 0.549729228019714
v 1.13196170330048 0.0820276737213135 0.542753577232361
v 1.14754045009613 0.0114132165908813 0.557547569274902
v 1.15814793109894 -0.025478184223175 0.565485835075378
v 1.16867613792419 -0.0598487257957458 0.571526527404785
v 1.06701266765594 0.527905225753784 0.40925270318985
v 1.04449772834778 0.522053003311157 0.429864645004272
v 1.04370892047882 0.539779186248779 0.424814701080322
v 1.06541514396667 0.550281047821045 0.407406687736511
v 1.01933252811432 0.537123441696167 0.496777951717377
v 1.01549828052521 0.538289248943329 0.483302175998688
v 1.02000534534454 0.535604178905487 0.486542671918869
v 1.0228499174118 0.535494029521942 0.501120150089264
v 1.18421351909637 0.275640368461609 0.472923278808594
v 1.18088722229004 0.331092655658722 0.558882057666779
v 1.1635320186615 0.332314252853394 0.569684684276581
v 1.14364326000214 0.33175802230835 0.57443767786026
v 1.09188854694366 0.268500328063965 0.479642629623413
v 1.0868045091629 0.295372128486633 0.46991503238678
v 1.10430204868317 0.291653752326965 0.449912071228027
v 1.10725688934326 0.266083061695099 0.458725690841675
v 1.16367042064667 0.135014474391937 0.500095367431641
v 1.14699470996857 0.109981596469879 0.519283950328827
v 1.14062511920929 0.137792587280273 0.512234747409821
v 1.15812468528748 0.15893942117691 0.4926478266716
v 1.19629204273224 0.176501274108887 0.59904956817627
v 1.213174700737 0.176473200321198 0.587023019790649
v 1.18082535266876 0.143782436847687 0.616388857364655
v 1.20249223709106 0.146722972393036 0.610442459583282
v 1.17637920379639 0.174122750759125 0.604245722293854
v 1.08102822303772 0.349314630031586 0.450698673725128
v 1.10370016098022 0.346343219280243 0.432772368192673
v 1.10371005535126 0.318333208560944 0.441997647285461
v 1.08295822143555 0.322000980377197 0.460353583097458
v 1.19784724712372 0.851634383201599 0.49332121014595
v 1.19746696949005 0.85586953163147 0.514878511428833
v 1.12627935409546 0.968916475772858 0.383634924888611
v 1.13778901100159 0.95521342754364 0.393803000450134
v 1.12084186077118 0.949361562728882 0.392865270376205
v 1.11284065246582 0.962864518165588 0.383935630321503
v 1.15017998218536 0.965363323688507 0.394424855709076
v 1.13759136199951 0.978220880031586 0.383754849433899
v 1.14755713939667 0.990050137042999 0.385546028614044
v 1.15995061397552 0.977492332458496 0.395315915346146
v 1.19519221782684 1.04400479793549 0.40672492980957
v 1.20210146903992 1.05363583564758 0.406189501285553
v 1.02625000476837 0.92494010925293 0.407436668872833
v 1.005406498909 0.927039980888367 0.418964684009552
v 1.01137566566467 0.946290671825409 0.425175189971924
v 1.02855741977692 0.743060648441315 0.387741476297379
v 1.04875302314758 0.644914984703064 0.402287125587463
v 1.01763439178467 0.617901682853699 0.414965748786926
v 1.02390801906586 0.644689738750458 0.407835483551025
v 0.995777547359467 0.563065409660339 0.449958115816116
v 1.18718707561493 0.912690341472626 0.574790835380554
v 1.19416511058807 0.936037123203278 0.575408756732941
v 1.19907164573669 1.11279606819153 0.58687698841095
v 1.18307995796204 1.10974740982056 0.596919596195221
v 1.19604229927063 1.13945960998535 0.582390010356903
v 1.19346523284912 1.15135478973389 0.579800248146057
v 1.17956972122192 1.14773213863373 0.590003728866577
v 1.18115890026093 1.13588070869446 0.592657923698425
v 1.16050791740417 1.20704746246338 0.571246147155762
v 1.16650784015656 1.19547891616821 0.575628578662872
v 1.02702236175537 0.537176728248596 0.515666007995605
v 1.02524864673615 0.532978296279907 0.506325542926788
v 1.0313081741333 0.536293029785156 0.525181770324707
v 1.03025138378143 0.500101149082184 0.460467904806137
v 1.02478873729706 0.501673340797424 0.48629966378212
v 1.02314782142639 0.516174018383026 0.478305280208588
v 1.02924847602844 0.517798185348511 0.453339815139771
v 1.18914675712585 0.543828368186951 0.424873828887939
v 1.21035051345825 0.550626456737518 0.455726683139801
v 1.15264046192169 0.520332157611847 0.580906748771667
v 1.3261536359787 0.99482649564743 0.290555268526077
v 1.33985161781311 0.996538281440735 0.293743133544922
v 1.32419526576996 0.999359011650085 0.317981958389282
v 1.31001770496368 0.998645305633545 0.313970267772675
v 1.21486234664917 1.01272082328796 0.578074216842651
v 1.21408581733704 0.986047506332397 0.57146292924881
v 1.16575002670288 1.18417525291443 0.478105664253235
v 1.22056150436401 1.18022489547729 0.44689154624939
v 1.20210659503937 1.1743255853653 0.428502559661865
v 1.1969268321991 1.17376327514648 0.437513530254364
v 1.21497678756714 1.18077635765076 0.455456763505936
v 1.26210343837738 1.12897646427155 0.495816081762314
v 1.25806796550751 1.14556753635406 0.489859998226166
v 1.25394594669342 1.14718520641327 0.502808570861816
v 1.25810790061951 1.12985110282898 0.509877979755402
v 1.14540410041809 0.668652951717377 0.636466860771179
v 1.17210412025452 0.665475130081177 0.620952486991882
v 1.15326166152954 0.851430177688599 0.579250514507294
v 1.168696641922 0.847788512706757 0.566389381885529
v 1.17352890968323 0.867919623851776 0.570249497890472
v 1.15868735313416 0.872588753700256 0.583036303520203
v 1.23169445991516 0.99936842918396 0.553337812423706
v 1.23495602607727 0.982852578163147 0.536314904689789
v 1.02341997623444 1.01963472366333 0.419043242931366
v 1.02942395210266 1.0387305021286 0.423671871423721
v 1.04151844978333 1.04155790805817 0.411538779735565
v 1.03537082672119 1.02448713779449 0.406681835651398
v 1.3273561000824 1.02612805366516 0.354963213205338
v 1.30755066871643 1.02493810653687 0.374610543251038
v 1.30227398872375 1.01614701747894 0.36687970161438
v 1.32083868980408 1.01151990890503 0.345699042081833
v 1.21870303153992 0.556649208068848 0.496609717607498
v 1.20861196517944 0.542938351631165 0.538123428821564
v 1.20457863807678 0.882399022579193 0.470892369747162
v 1.21059226989746 0.886611342430115 0.495647430419922
v 1.2036999464035 0.868664145469666 0.495609283447266
v 1.1986939907074 0.864663183689117 0.471351891756058
v 1.21362960338593 0.932118773460388 0.462184190750122
v 1.21045804023743 0.916816592216492 0.466391652822495
v 1.21847689151764 0.946576416492462 0.457531630992889
v 1.24886083602905 1.03656613826752 0.431576371192932
v 1.24365937709808 1.03580260276794 0.426423251628876
v 1.24914491176605 1.04031419754028 0.417615175247192
v 1.04481756687164 0.5002361536026 0.436010658740997
v 1.03617012500763 0.569673478603363 0.420952796936035
v 1.02495288848877 0.583779454231262 0.420877903699875
v 1.02303946018219 0.538086652755737 0.509121060371399
v 1.14820957183838 1.20498883724213 0.489666074514389
v 1.13431870937347 1.20002818107605 0.480857491493225
v 1.25318574905396 1.0424599647522 0.382549285888672
v 1.26185667514801 1.03180134296417 0.367043972015381
v 1.23118674755096 1.02042007446289 0.428833872079849
v 1.21958243846893 1.02526307106018 0.42095160484314
v 1.22308087348938 1.03538000583649 0.418160140514374
v 1.23315668106079 1.0301456451416 0.42468798160553
v 1.24122226238251 1.02811920642853 0.431796461343765
v 1.24050080776215 1.01922082901001 0.437725156545639
v 1.1554594039917 1.09811115264893 0.392945289611816
v 1.14601743221283 1.10144484043121 0.398330062627792
v 1.15634310245514 1.11874556541443 0.402406334877014
v 1.1654566526413 1.11630928516388 0.395385295152664
v 1.13438189029694 1.10220563411713 0.404591023921967
v 1.12114894390106 1.10309374332428 0.411119192838669
v 1.13307499885559 1.12080335617065 0.418028354644775
v 1.14598894119263 1.12058198451996 0.410659670829773
v 1.1468710899353 1.16920495033264 0.462617218494415
v 1.12246632575989 1.16318047046661 0.462145388126373
v 1.09987592697144 1.15817844867706 0.466443210840225
v 1.08143746852875 1.1555939912796 0.471852988004684
v 1.17122983932495 1.18275785446167 0.579378247261047
v 1.17453229427338 1.17007160186768 0.583179354667664
v 1.18728566169739 1.17207622528076 0.571990966796875
v 1.18525671958923 1.1845920085907 0.56504875421524
v 1.12092840671539 1.18755388259888 0.477295309305191
v 1.10233402252197 1.18383705615997 0.478163868188858
v 1.08644795417786 1.17239212989807 0.480998039245605
v 1.33197832107544 1.09445881843567 0.286430418491364
v 1.31775546073914 1.10243058204651 0.304288327693939
v 1.1682825088501 1.21765351295471 0.514157652854919
v 1.15941095352173 1.21134924888611 0.500752389431
v 1.33416724205017 1.09610247612 0.312243103981018
v 1.34873783588409 1.08754003047943 0.293951958417892
v 1.17374646663666 1.15724050998688 0.428948998451233
v 1.19017851352692 1.17292022705078 0.445055782794952
v 1.18148589134216 1.15787529945374 0.421909511089325
v 1.1181640625 1.19555282592773 0.476735919713974
v 1.10047101974487 1.19213700294495 0.476674318313599
v 1.20293295383453 0.580798149108887 0.441303074359894
v 1.1815357208252 0.572470188140869 0.415673732757568
v 1.14994990825653 0.840098798274994 0.410367488861084
v 1.1691370010376 0.842460215091705 0.42607656121254
v 0.993781208992004 0.885307550430298 0.409929007291794
v 0.988875091075897 0.864378035068512 0.406722009181976
v 1.07461094856262 1.19616830348969 0.482825458049774
v 1.00744903087616 0.81497859954834 0.391436576843262
v 0.98701274394989 0.813090980052948 0.400263667106628
v 0.986932039260864 0.840479671955109 0.403360068798065
v 1.00764691829681 0.839546084403992 0.394483387470245
v 0.979471564292908 0.787007391452789 0.403274983167648
v 0.977860748767853 0.774855077266693 0.403602600097656
v 0.997536182403564 0.604402184486389 0.425400644540787
v 0.984943509101868 0.607873022556305 0.429930567741394
v 1.2522144317627 1.11400711536407 0.340016305446625
v 1.24331486225128 1.12166261672974 0.352359116077423
v 1.25548803806305 1.13671278953552 0.356975495815277
v 1.26618897914886 1.12769758701324 0.345092475414276
v 1.02857661247253 0.815397977828979 0.387397527694702
v 1.05269229412079 0.815187215805054 0.387463182210922
v 1.17744529247284 1.04167520999908 0.396987855434418
v 1.1892945766449 1.03296303749084 0.407527893781662
v 1.01385748386383 0.968025326728821 0.428569108247757
v 1.04777944087982 1.02811872959137 0.396392613649368
v 1.0543372631073 1.04309439659119 0.401392638683319
v 1.06749165058136 1.0435938835144 0.392875969409943
v 1.06074619293213 1.02969741821289 0.388123393058777
v 1.02630090713501 0.539988219738007 0.51850813627243
v 1.31087613105774 1.08835029602051 0.406409293413162
v 1.30492842197418 1.09135735034943 0.418723344802856
v 1.3032341003418 1.08031105995178 0.417614877223969
v 1.30996227264404 1.07815802097321 0.404957234859467
v 1.02864146232605 0.506235003471375 0.513472437858582
v 1.03451752662659 0.489574819803238 0.52448445558548
v 1.07201623916626 0.533919751644135 0.578766942024231
v 1.05287826061249 0.537449240684509 0.568289041519165
v 1.07178473472595 0.441657483577728 0.425587505102158
v 1.0696212053299 0.472419440746307 0.418070018291473
v 1.07396650314331 0.409978747367859 0.433549344539642
v 1.07764983177185 0.378663718700409 0.442096054553986
v 1.11690092086792 0.193922936916351 0.504464387893677
v 1.13206148147583 0.166336238384247 0.503936350345612
v 1.15297245979309 0.0788634419441223 0.526935398578644
v 1.15893256664276 0.0454127192497253 0.535176575183868
v 1.16585540771484 0.00966346263885498 0.544007062911987
v 1.17309069633484 -0.0272096395492554 0.55355966091156
v 1.17987298965454 -0.0625667572021484 0.559148371219635
v 1.36222982406616 1.07514798641205 0.29961422085762
v 1.34784162044525 1.08330917358398 0.320564031600952
v 1.35623776912689 1.06680834293365 0.323299020528793
v 1.37127935886383 1.05984902381897 0.301805019378662
v 1.27400827407837 1.02140152454376 0.325545787811279
v 1.26591444015503 1.03536260128021 0.321031808853149
v 1.27854120731354 1.02735674381256 0.301289319992065
v 1.28683567047119 1.01408922672272 0.305877804756165
v 1.30137956142426 1.00777173042297 0.284893214702606
v 1.31298756599426 0.998892724514008 0.287809193134308
v 1.29703307151794 1.00403535366058 0.310193061828613
v 1.35287940502167 1.00454914569855 0.297200202941895
v 1.36306822299957 1.0165296792984 0.2999427318573
v 1.34730017185211 1.02068722248077 0.325390726327896
v 1.33775854110718 1.00708627700806 0.321027368307114
v 1.37465858459473 1.04393124580383 0.302089095115662
v 1.35923480987549 1.05073666572571 0.323761910200119
v 1.35626244544983 1.03554606437683 0.324379205703735
v 1.37146282196045 1.02912330627441 0.301067471504211
v 1.28470849990845 1.05000472068787 0.275057047605515
v 1.28597187995911 1.03379845619202 0.27780669927597
v 1.27272522449493 1.04242551326752 0.297125160694122
v 1.27132427692413 1.05884540081024 0.293672889471054
v 1.27347683906555 1.14519643783569 0.366347283124924
v 1.28366541862488 1.13426685333252 0.35356342792511
v 1.20542192459106 1.07756590843201 0.390595614910126
v 1.20322251319885 1.09327912330627 0.380113184452057
v 1.21315217018127 1.09431672096252 0.376160591840744
v 1.21509289741516 1.07989680767059 0.386498004198074
v 1.28621780872345 1.10884749889374 0.314801126718521
v 1.27561092376709 1.1182656288147 0.33072704076767
v 1.29357290267944 1.1223418712616 0.338766306638718
v 1.30473387241364 1.11134815216064 0.322047203779221
v 1.25785434246063 1.06738674640656 0.312116056680679
v 1.2597348690033 1.05115401744843 0.316043257713318
v 1.24845933914185 1.05981385707855 0.335252642631531
v 1.2459260225296 1.07530546188354 0.329667448997498
v 1.30760955810547 1.0045713186264 0.340723156929016
v 1.29051601886749 1.01177132129669 0.360699892044067
v 1.23357224464417 1.10387134552002 0.351850390434265
v 1.241694688797 1.0971964597702 0.339091867208481
v 1.17112231254578 1.03012597560883 0.396275103092194
v 1.21114683151245 1.00616478919983 0.423808634281158
v 1.21566247940063 1.01620411872864 0.422351956367493
v 1.10827994346619 0.977996170520782 0.376188337802887
v 1.10778820514679 0.992504477500916 0.37230384349823
v 1.17596912384033 0.968233466148376 0.408195227384567
v 1.18457460403442 0.984207153320312 0.410456895828247
v 1.11879527568817 0.982686519622803 0.376391589641571
v 1.11531805992126 0.992461323738098 0.37342756986618
v 1.06850969791412 0.917984843254089 0.398829579353333
v 1.08462810516357 1.16403985023499 0.478356719017029
v 1.26113033294678 1.10574126243591 0.326007634401321
v 1.25041604042053 1.09054183959961 0.326506704092026
v 1.29275059700012 1.0276312828064 0.389169156551361
v 1.27991831302643 1.03223168849945 0.401515275239944
v 1.27350521087646 1.02980875968933 0.397387236356735
v 1.28599989414215 1.02215218544006 0.383609235286713
v 1.25100684165955 1.02065718173981 0.518985569477081
v 1.24362981319427 1.01055550575256 0.536472916603088
v 1.2437162399292 0.996099829673767 0.521736741065979
v 1.25034022331238 1.00901663303375 0.506509482860565
v 1.31280279159546 1.10577583312988 0.40090674161911
v 1.31298935413361 1.11438727378845 0.392201155424118
v 1.30564379692078 1.12355983257294 0.406682550907135
v 1.30654501914978 1.11194920539856 0.413718611001968
v 1.30152070522308 1.13515734672546 0.396136313676834
v 1.30987107753754 1.12411689758301 0.380278050899506
v 1.30042481422424 1.13171672821045 0.366403758525848
v 1.29119384288788 1.14372766017914 0.381235092878342
v 1.21411883831024 0.624767780303955 0.485573172569275
v 1.20701575279236 0.61843353509903 0.45765221118927
v 1.12677943706512 0.757800996303558 0.396406292915344
v 1.1026839017868 0.752331495285034 0.390826404094696
v 1.07836973667145 0.652796030044556 0.397175014019012
v 1.02655482292175 0.541416049003601 0.443890959024429
v 1.02047395706177 0.533089995384216 0.470662325620651
v 1.04274475574493 0.465668231248856 0.533468127250671
v 1.19503247737885 0.610005259513855 0.431662023067474
v 1.0526841878891 0.436208754777908 0.540341019630432
v 1.06404829025269 0.405885398387909 0.545380830764771
v 1.1289746761322 0.413413465023041 0.582302272319794
v 1.15693390369415 0.413629710674286 0.577156066894531
v 1.15322470664978 0.442720264196396 0.577572226524353
v 1.12234890460968 0.444436520338058 0.58317506313324
v 1.18089842796326 0.41222882270813 0.562891840934753
v 1.17972993850708 0.440727025270462 0.563001394271851
v 1.13334202766418 0.318357169628143 0.434976369142532
v 1.18460977077484 0.109646022319794 0.624390840530396
v 1.20960569381714 0.074643611907959 0.621579170227051
v 1.20655941963196 0.113078713417053 0.61841881275177
v 1.18912863731384 0.0727741122245789 0.627479553222656
v 1.22445833683014 0.112559020519257 0.603765726089478
v 1.22001361846924 0.146471738815308 0.596646666526794
v 1.22932386398315 0.058021605014801 0.536940515041351
v 1.19368946552277 0.0346092581748962 0.626785278320312
v 1.21193766593933 0.0354746580123901 0.621897101402283
v 1.22670388221741 0.0752679109573364 0.608035802841187
v 1.22681879997253 0.0354524850845337 0.61012190580368
v 1.02484226226807 0.517950654029846 0.502825796604156
v 1.16088712215424 0.538992524147034 0.402849733829498
v 1.15434324741364 0.567814230918884 0.399303406476974
v 1.08927702903748 0.581976890563965 0.395027756690979
v 1.06247305870056 0.570112228393555 0.406039655208588
v 1.07927548885345 0.835430324077606 0.39277046918869
v 1.1039445400238 0.835735738277435 0.394598424434662
v 1.10743057727814 0.875863790512085 0.400072455406189
v 1.13076198101044 0.876303732395172 0.404119879007339
v 1.12899720668793 0.857024788856506 0.402379333972931
v 1.10544574260712 0.855899751186371 0.397617131471634
v 1.17505705356598 0.878008604049683 0.428458273410797
v 1.19263553619385 0.879745364189148 0.448065280914307
v 1.18802523612976 0.862095355987549 0.448300093412399
v 1.17145824432373 0.860020637512207 0.428031414747238
v 1.18414294719696 0.845141291618347 0.446361184120178
v 1.19379353523254 0.84818023443222 0.469606757164001
v 1.19170308113098 0.884414672851562 0.556331038475037
v 1.19978296756744 0.879088580608368 0.537840068340302
v 1.2063467502594 0.899489462375641 0.539077162742615
v 1.19820070266724 0.906301498413086 0.557655096054077
v 1.01070511341095 0.596582770347595 0.422985643148422
v 1.0217125415802 0.531337320804596 0.490126460790634
v 1.06829059123993 0.501816511154175 0.412650227546692
v 1.09536802768707 0.532458245754242 0.394239544868469
v 1.12856674194336 0.534393906593323 0.391445815563202
v 1.24642145633698 1.05182039737701 0.378930896520615
v 1.25774669647217 1.04267227649689 0.481053799390793
v 1.25617909431458 1.03284025192261 0.475574284791946
v 1.3186948299408 1.10961139202118 0.363383024930954
v 1.3094779253006 1.11812198162079 0.350039839744568
v 1.23597657680511 1.08210265636444 0.344608724117279
v 1.24627017974854 1.14414262771606 0.366015434265137
v 1.23389410972595 1.12768316268921 0.361062288284302
v 1.2252584695816 1.13455164432526 0.368106305599213
v 1.10960614681244 0.63686203956604 0.39415180683136
v 1.14167511463165 0.621302723884583 0.395352512598038
v 1.11352610588074 0.612931132316589 0.392448157072067
v 1.04286503791809 0.538293957710266 0.553978145122528
v 1.04122817516327 0.554837584495544 0.421398997306824
v 1.07377171516418 0.376185834407806 0.549373090267181
v 1.08156955242157 0.347956836223602 0.553371012210846
v 1.08765232563019 0.321175754070282 0.558002233505249
v 1.09313929080963 0.295065462589264 0.562604665756226
v 1.09843015670776 0.268642246723175 0.567190527915955
v 1.10626018047333 0.24215292930603 0.570174634456635
v 1.11510121822357 0.215585589408875 0.569506585597992
v 1.1217600107193 0.18786233663559 0.575561463832855
v 1.11945354938507 0.121938169002533 0.579082131385803
v 1.12716138362885 0.127004742622375 0.595645010471344
v 1.12498664855957 0.158549070358276 0.586226463317871
v 1.13031280040741 0.0940964818000793 0.603211164474487
v 1.13619375228882 0.0598746538162231 0.60726797580719
v 1.14628195762634 0.0241310000419617 0.608512163162231
v 1.15603482723236 -0.0123521685600281 0.609331607818604
v 1.16297113895416 -0.0491794943809509 0.611123085021973
v 1.03062283992767 0.53923624753952 0.527746319770813
v 1.03643977642059 0.539272367954254 0.540076434612274
v 1.16402554512024 1.15664005279541 0.436984747648239
v 1.20710933208466 1.03414475917816 0.414018929004669
v 1.21219849586487 1.04272544384003 0.412774264812469
v 1.22796273231506 1.08808970451355 0.357416093349457
v 1.34501791000366 1.05576086044312 0.344761431217194
v 1.34279346466064 1.07222592830658 0.345184803009033
v 1.23907566070557 1.06844520568848 0.352983713150024
v 1.21030116081238 1.06486785411835 0.400792002677917
v 1.21840524673462 1.06988501548767 0.395301520824432
v 1.33259320259094 1.14510416984558 0.237362682819366
v 1.34364867210388 1.14768266677856 0.228267222642899
v 1.32967472076416 1.16181194782257 0.226307153701782
v 1.3190553188324 1.15817356109619 0.234376281499863
v 1.31956553459167 1.13940274715424 0.241064786911011
v 1.3074597120285 1.15202486515045 0.236792057752609
v 1.28711652755737 1.10861790180206 0.194641381502151
v 1.28735589981079 1.11047959327698 0.20912703871727
v 1.27981090545654 1.12799310684204 0.204205393791199
v 1.28025150299072 1.12724161148071 0.190182328224182
v 1.28516364097595 1.15824103355408 0.230049878358841
v 1.27815186977386 1.15199589729309 0.222815275192261
v 1.28807282447815 1.13732135295868 0.227033972740173
v 1.29658162593842 1.14502704143524 0.234241127967834
v 1.30617392063141 1.11434137821198 0.170802980661392
v 1.31988799571991 1.11984038352966 0.167103230953217
v 1.32680809497833 1.09945249557495 0.168882250785828
v 1.31231677532196 1.09460687637329 0.173763006925583
v 1.31652724742889 1.04217910766602 0.221308827400208
v 1.31881368160248 1.03622770309448 0.208665251731873
v 1.32364308834076 1.02552366256714 0.21557280421257
v 1.32182335853577 1.03380620479584 0.225787818431854
v 1.35820174217224 1.11901032924652 0.244941174983978
v 1.36989212036133 1.1184287071228 0.233914732933044
v 1.35731399059296 1.1329288482666 0.230919271707535
v 1.34558236598969 1.1317104101181 0.241063803434372
v 1.31714487075806 1.09615695476532 0.242980718612671
v 1.30808055400848 1.08591103553772 0.2333764731884
v 1.31756734848022 1.07205104827881 0.238308936357498
v 1.32687020301819 1.08310317993164 0.247688457369804
v 1.37115168571472 1.10572648048401 0.247806340456009
v 1.38180661201477 1.10296785831451 0.236268609762192
v 1.29786741733551 1.12311542034149 0.232788413763046
v 1.291184425354 1.11529386043549 0.221988171339035
v 1.29943013191223 1.10016191005707 0.227923214435577
v 1.30723357200623 1.10953497886658 0.238332182168961
v 1.29128515720367 1.15317964553833 0.169190138578415
v 1.30289018154144 1.15852749347687 0.167734265327454
v 1.31180453300476 1.13949394226074 0.166965126991272
v 1.29907393455505 1.13422703742981 0.169318556785583
v 1.27403843402863 1.14778280258179 0.212395846843719
v 1.2720901966095 1.1457394361496 0.200410097837448
v 1.28284120559692 1.13143944740295 0.216477304697037
v 1.32796669006348 1.17694842815399 0.201979726552963
v 1.32377982139587 1.17758810520172 0.214073002338409
v 1.33799934387207 1.16203904151917 0.214826047420502
v 1.3418550491333 1.16035282611847 0.201624631881714
v 1.30087614059448 1.07195961475372 0.20689657330513
v 1.3022825717926 1.07697820663452 0.220826059579849
v 1.29458391666412 1.09344410896301 0.214766204357147
v 1.29402208328247 1.09020793437958 0.200312614440918
v 1.34377288818359 1.11409449577332 0.250874757766724
v 1.33182048797607 1.12647747993469 0.245798110961914
v 1.3544694185257 1.14435720443726 0.202000707387924
v 1.35171139240265 1.14661085605621 0.215810477733612
v 1.36435258388519 1.13055443763733 0.217527508735657
v 1.36727571487427 1.12621355056763 0.202736467123032
v 1.37350130081177 1.1001900434494 0.188659697771072
v 1.36255621910095 1.09184348583221 0.17873352766037
v 1.35425424575806 1.11240792274475 0.178009688854218
v 1.36364042758942 1.12001609802246 0.188514560461044
v 1.30910539627075 1.05527234077454 0.214217633008957
v 1.31199526786804 1.05192828178406 0.199810445308685
v 1.31804251670837 1.07409727573395 0.17902085185051
v 1.33299744129181 1.0782595872879 0.172352761030197
v 1.33848881721497 1.05647969245911 0.178279459476471
v 1.32266759872437 1.05267441272736 0.186542838811874
v 1.35920763015747 1.07681059837341 0.260111480951309
v 1.37633979320526 1.08236801624298 0.25996795296669
v 1.36666655540466 1.0914580821991 0.258758544921875
v 1.34940469264984 1.08412480354309 0.259095728397369
v 1.38239943981171 1.09219253063202 0.250389873981476
v 1.3910768032074 1.07983899116516 0.252078294754028
v 1.40362703800201 1.05561971664429 0.250020354986191
v 1.40486824512482 1.04308426380157 0.243608057498932
v 1.40592908859253 1.05000388622284 0.236516714096069
v 1.40321350097656 1.0619945526123 0.245117664337158
v 1.39044046401978 1.0570240020752 0.190859228372574
v 1.3781019449234 1.04514718055725 0.183363080024719
v 1.37012708187103 1.06929707527161 0.180140435695648
v 1.3822695016861 1.07928359508514 0.188732951879501
v 1.36300158500671 1.01719295978546 0.190116465091705
v 1.34536397457123 1.01754605770111 0.19542783498764
v 1.34337687492371 1.03510677814484 0.186315298080444
v 1.36096358299255 1.03809416294098 0.182377099990845
v 1.3400661945343 0.993835926055908 0.247110247612
v 1.32812440395355 0.998750686645508 0.246006697416306
v 1.33605241775513 0.998949944972992 0.229826033115387
v 1.3490070104599 0.995089173316956 0.228894054889679
v 1.31873488426208 1.01840400695801 0.233820140361786
v 1.31061589717865 1.02045774459839 0.244743466377258
v 1.30896043777466 1.03535783290863 0.243742138147354
v 1.31735229492188 1.03241944313049 0.235214799642563
v 1.36010766029358 1.07993674278259 0.259862244129181
v 1.37812316417694 1.07489240169525 0.267171919345856
v 1.38369679450989 1.07429778575897 0.26194241642952
v 1.36627960205078 1.07598626613617 0.257543206214905
v 1.39723908901215 1.03702998161316 0.19592010974884
v 1.38398683071136 1.02037000656128 0.187301963567734
v 1.32414293289185 1.01784145832062 0.226472675800323
v 1.32275581359863 1.03000319004059 0.230590403079987
v 1.32419896125793 1.02983558177948 0.228156507015228
v 1.32599580287933 1.01944303512573 0.220939695835114
v 1.33631360530853 1.05644488334656 0.24106353521347
v 1.35099053382874 1.06554210186005 0.249952167272568
v 1.3491358757019 1.06484401226044 0.251797616481781
v 1.33622658252716 1.05399537086487 0.242632061243057
v 1.36837887763977 1.07339453697205 0.256713956594467
v 1.38598895072937 1.07451486587524 0.258909583091736
v 1.38353967666626 1.0765438079834 0.25905442237854
v 1.36555457115173 1.07363140583038 0.258461773395538
v 1.39972376823425 1.02394700050354 0.204720258712769
v 1.40438866615295 1.0359503030777 0.214632600545883
v 1.40309154987335 1.02553772926331 0.221864432096481
v 1.39675855636597 1.01438081264496 0.213936626911163
v 1.36007368564606 1.00437819957733 0.201821208000183
v 1.34494864940643 1.0061674118042 0.205628782510757
v 1.33181381225586 1.05518400669098 0.243564069271088
v 1.32358336448669 1.0442179441452 0.234941691160202
v 1.32680177688599 1.04185271263123 0.235082745552063
v 1.39675521850586 1.0717316865921 0.253257155418396
v 1.35293126106262 0.99234676361084 0.248355463147163
v 1.36567807197571 0.994003295898438 0.250802636146545
v 1.35470056533813 0.994594216346741 0.270097017288208
v 1.34187161922455 0.992513537406921 0.26731276512146
v 1.32918310165405 0.99505352973938 0.265229940414429
v 1.31706547737122 1.00195145606995 0.263200968503952
v 1.29986119270325 1.02639830112457 0.259406536817551
v 1.29832625389099 1.04204022884369 0.257653087377548
v 1.3024343252182 1.05828356742859 0.256858021020889
v 1.31137263774872 1.07289791107178 0.258021593093872
v 1.3229523897171 1.06606209278107 0.245605826377869
v 1.31327283382416 1.05125629901886 0.243697136640549
v 1.34612417221069 1.08631551265717 0.270482033491135
v 1.36384928226471 1.07989037036896 0.278126329183578
v 1.38957417011261 1.06406021118164 0.268622934818268
v 1.37760925292969 1.06769669055939 0.281698524951935
v 1.33041322231293 1.00739669799805 0.221566408872604
v 1.3252454996109 1.00675988197327 0.231698602437973
v 1.35293412208557 1.13867259025574 0.188612937927246
v 1.34467232227325 1.13232445716858 0.177979528903961
v 1.33380520343781 1.15084600448608 0.178290188312531
v 1.3407256603241 1.15625286102295 0.188992559909821
v 1.31361496448517 1.16383039951324 0.171576619148254
v 1.32372617721558 1.14533853530884 0.170551806688309
v 1.30788111686707 1.13165068626404 0.239454299211502
v 1.31841695308685 1.11871981620789 0.244458913803101
v 1.29482269287109 1.16517806053162 0.233680903911591
v 1.34301900863647 1.06633913516998 0.25280836224556
v 1.33572840690613 1.07229566574097 0.251453131437302
v 1.40342044830322 1.03016364574432 0.236876606941223
v 1.40180718898773 1.03867614269257 0.252422332763672
v 1.39953279495239 1.02534246444702 0.246864259243011
v 1.40206527709961 1.05016613006592 0.210120379924774
v 1.39642584323883 1.06836092472076 0.207191348075867
v 1.39576172828674 1.07775866985321 0.224325001239777
v 1.40317130088806 1.05873596668243 0.227215588092804
v 1.39191114902496 1.00718879699707 0.223329991102219
v 1.40005123615265 1.01781225204468 0.230119228363037
v 1.39479267597198 1.01324510574341 0.242101609706879
v 1.38622450828552 1.00264024734497 0.236955851316452
v 1.33962523937225 1.07607424259186 0.25073304772377
v 1.34734845161438 1.07001554965973 0.249189287424088
v 1.38853573799133 1.03823363780975 0.28135147690773
v 1.39656329154968 1.03699505329132 0.265766471624374
v 1.39560198783875 1.05103981494904 0.267470449209213
v 1.38637518882751 1.05288100242615 0.281443178653717
v 1.40073871612549 1.05198037624359 0.257285624742508
v 1.38478076457977 1.02460670471191 0.279866427183151
v 1.39364099502563 1.02370655536652 0.262161672115326
v 1.32652068138123 1.0838520526886 0.262352794408798
v 1.37766253948212 1.00135219097137 0.254975885152817
v 1.38681602478027 1.01219093799591 0.258468270301819
v 1.37660074234009 1.0128983259201 0.277155697345734
v 1.3665314912796 1.00190043449402 0.274093270301819
v 1.33317685127258 1.12585163116455 0.170503973960876
v 1.34127712249756 1.10557126998901 0.171406894922256
v 1.33106327056885 1.01955127716064 0.20396876335144
v 1.32743048667908 1.03339409828186 0.195311725139618
v 1.33256328105927 1.01103734970093 0.212752640247345
v 1.2937536239624 1.11035406589508 0.180239886045456
v 1.28726863861084 1.12957262992859 0.177417665719986
v 1.30565452575684 1.07088589668274 0.191544234752655
v 1.2997487783432 1.09065580368042 0.18511825799942
v 1.37783110141754 1.1083071231842 0.203737944364548
v 1.36886858940125 0.998004555702209 0.214163213968277
v 1.35530149936676 0.998281300067902 0.214644372463226
v 1.37561428546906 1.00504112243652 0.200704514980316
v 1.30618238449097 1.01264619827271 0.261389434337616
v 1.31753587722778 1.0078786611557 0.245379358530045
v 1.39246332645416 1.01515066623688 0.197939097881317
v 1.29178404808044 1.01982021331787 0.281398415565491
v 1.39988613128662 1.07154321670532 0.241310656070709
v 1.39816880226135 1.06742167472839 0.255726009607315
v 1.39538538455963 1.06506145000458 0.260880649089813
v 1.31593108177185 1.17614638805389 0.225019603967667
v 1.32880783081055 1.1059901714325 0.249682441353798
v 1.32539653778076 1.06161057949066 0.242201894521713
v 1.31890118122101 1.05080914497375 0.232241988182068
v 1.38133895397186 1.0007666349411 0.217153906822205
v 1.3747752904892 0.995671033859253 0.232004463672638
v 1.36200535297394 0.993825674057007 0.229357838630676
v 1.33100652694702 1.06130707263947 0.241101115942001
v 1.32122254371643 1.04742658138275 0.236769914627075
v 1.28058743476868 1.14843392372131 0.176029056310654
v 1.32610285282135 1.04383587837219 0.234784424304962
v 1.39129948616028 1.08732092380524 0.23882657289505
v 1.18266344070435 1.12300145626068 0.594729721546173
v 1.16712927818298 0.954293310642242 0.407336205244064
v 1.10818529129028 0.93308013677597 0.399709105491638
v 1.1289005279541 0.934862494468689 0.402912437915802
v 1.19675350189209 1.01309955120087 0.414850533008575
v 1.2019978761673 1.02459466457367 0.414524257183075
v 1.21782636642456 1.05311191082001 0.407816618680954
v 1.22480654716492 1.05884420871735 0.40250563621521
v 1.16931986808777 0.991503953933716 0.398492395877838
v 1.15842127799988 1.35590386390686 0.480183362960815
v 1.15880191326141 1.34966552257538 0.484670728445053
v 1.15880882740021 1.36871218681335 0.475884318351746
v 0.978797674179077 0.801033675670624 0.405980944633484
v 1.15476202964783 1.33964395523071 0.474537044763565
v 1.15461552143097 1.33166599273682 0.479061484336853
v 1.1580593585968 1.33512115478516 0.474662929773331
v 1.15333342552185 1.34040856361389 0.472951352596283
v 1.15303301811218 1.34133780002594 0.472177356481552
v 1.15469074249268 1.36834263801575 0.466473042964935
v 1.15827369689941 1.34106826782227 0.487746685743332
v 1.15692746639252 1.33171808719635 0.488486289978027
v 1.15266418457031 1.35350656509399 0.464773267507553
v 1.1499879360199 0.784602344036102 0.579051852226257
v 1.13104915618896 0.785556554794312 0.592724442481995
v 1.13375818729401 0.767571151256561 0.599298894405365
v 1.15367448329926 0.765616893768311 0.583462119102478
v 1.13767898082733 0.7486652135849 0.606431126594543
v 1.2160701751709 0.707104444503784 0.52213317155838
v 1.21620869636536 0.708154082298279 0.493125259876251
v 1.21221017837524 0.729671239852905 0.49125799536705
v 1.2117931842804 0.729065597057343 0.518547415733337
v 1.20381462574005 0.745339393615723 0.464636832475662
v 1.20775818824768 0.747839570045471 0.490410536527634
v 1.20666909217834 0.72870135307312 0.463433861732483
v 1.19445502758026 0.723587930202484 0.438800513744354
v 1.19218266010284 0.741186141967773 0.440138041973114
v 1.17691552639008 0.714786469936371 0.419384747743607
v 1.17447817325592 0.734255909919739 0.420129150152206
v 1.15623378753662 0.704603433609009 0.40608423948288
v 1.13231980800629 0.695270299911499 0.397673189640045
v 1.10666310787201 0.662904739379883 0.396029472351074
v 1.07751142978668 0.679387390613556 0.394888758659363
v 1.10566437244415 0.686819732189178 0.394678235054016
v 1.02624344825745 0.671851873397827 0.401718497276306
v 1.05038571357727 0.673713445663452 0.397942453622818
v 0.986347377300262 0.67456042766571 0.415215492248535
v 1.00466787815094 0.672471761703491 0.407947897911072
v 1.14714074134827 1.13979268074036 0.425206393003464
v 1.21038699150085 1.19114506244659 0.519420742988586
v 1.21889019012451 1.18518400192261 0.513368189334869
v 1.21204352378845 1.18975615501404 0.493045032024384
v 1.25158023834229 1.12912285327911 0.526691138744354
v 1.24798035621643 1.14705729484558 0.518463850021362
v 1.24063313007355 1.14240634441376 0.538487672805786
v 1.24256277084351 1.12589621543884 0.545245468616486
v 1.2099734544754 1.1833815574646 0.535064995288849
v 1.20381033420563 1.18701779842377 0.537753641605377
v 1.21816647052765 1.1779226064682 0.532806575298309
v 1.20288324356079 1.16519832611084 0.564002335071564
v 1.21216714382172 1.17075514793396 0.549774050712585
v 1.23740577697754 1.17508578300476 0.46543762087822
v 1.25034976005554 1.16214919090271 0.480567097663879
v 1.25457859039307 1.16042697429657 0.469702750444412
v 1.24326145648956 1.17325031757355 0.454427510499954
v 1.26345860958099 1.11271047592163 0.499765962362289
v 1.26271677017212 1.09712255001068 0.502347767353058
v 1.26665437221527 1.09823846817017 0.49025160074234
v 1.26731634140015 1.11315619945526 0.488156914710999
v 1.26550602912903 1.16569769382477 0.417681634426117
v 1.27534532546997 1.155069231987 0.434409439563751
v 1.28458571434021 1.15044760704041 0.421890765428543
v 1.27438962459564 1.15985548496246 0.406025469303131
v 1.26547169685364 1.12857031822205 0.484657734632492
v 1.23012173175812 1.01853573322296 0.562991321086884
v 1.24298751354218 1.02594077587128 0.546469211578369
v 1.25169348716736 1.03307545185089 0.529579281806946
v 1.25911021232605 1.05229818820953 0.485603898763657
v 1.2578272819519 1.04791712760925 0.49641478061676
v 1.25668728351593 1.03686118125916 0.49156180024147
v 1.26202070713043 1.05483615398407 0.474638402462006
v 1.26566624641418 1.05521702766418 0.461708664894104
v 1.21660196781158 1.11386179924011 0.368632853031158
v 1.20640051364899 1.11663782596588 0.372713387012482
v 1.21604084968567 1.1403294801712 0.375733256340027
v 1.27215170860291 1.05127942562103 0.433751553297043
v 1.2664258480072 1.05162584781647 0.446712076663971
v 1.26248943805695 1.04662096500397 0.443561196327209
v 1.26894295215607 1.0473153591156 0.430878639221191
v 1.23220443725586 1.1773726940155 0.474749773740768
v 1.28975892066956 1.13666653633118 0.431713432073593
v 1.28051471710205 1.14065682888031 0.44416880607605
v 1.28347730636597 1.12545967102051 0.449102252721786
v 1.29211235046387 1.12235689163208 0.436741590499878
v 1.29229271411896 1.10930931568146 0.44025382399559
v 1.28454053401947 1.11149621009827 0.452709794044495
v 1.2834986448288 1.09867548942566 0.454819083213806
v 1.29069244861603 1.09730458259583 0.442389488220215
v 1.27622437477112 1.05660891532898 0.43583956360817
v 1.27020847797394 1.05763006210327 0.449842065572739
v 1.26511478424072 1.15356910228729 0.377762407064438
v 1.23269295692444 1.17714619636536 0.424519062042236
v 1.21370196342468 1.16960489749908 0.407329022884369
v 1.20732319355011 1.17269098758698 0.418320178985596
v 1.22595357894897 1.17928957939148 0.436153709888458
v 1.24363005161285 1.04975712299347 0.398027330636978
v 1.23658895492554 1.05803918838501 0.394192785024643
v 1.250692486763 1.04211115837097 0.401705831289291
v 1.25431787967682 1.03934454917908 0.436524659395218
v 1.25768208503723 1.03770458698273 0.406055212020874
v 1.22114396095276 1.09206676483154 0.368766903877258
v 1.22570240497589 1.10924339294434 0.36272656917572
v 1.19847512245178 1.15130519866943 0.394452214241028
v 1.19201159477234 1.15546429157257 0.404255539178848
v 1.28273010253906 1.15269112586975 0.39464145898819
v 1.29339396953583 1.14348471164703 0.409966647624969
v 1.28073167800903 1.0486114025116 0.421266078948975
v 1.27759945392609 1.04410302639008 0.4188591837883
v 1.2871972322464 1.04147338867188 0.408529281616211
v 1.25553786754608 1.03599917888641 0.450678199529648
v 1.25895607471466 1.04274141788483 0.440226584672928
v 1.2494158744812 1.17149460315704 0.443316608667374
v 1.29839086532593 1.13006162643433 0.420164108276367
v 1.29963362216949 1.11643707752228 0.426058530807495
v 1.27772998809814 1.11280870437622 0.464941799640656
v 1.27625572681427 1.1272144317627 0.461649745702744
v 1.27046823501587 1.12819314002991 0.47330841422081
v 1.27227580547333 1.11317753791809 0.476698458194733
v 1.29828226566315 1.0941880941391 0.430438458919525
v 1.29621684551239 1.08241868019104 0.429562628269196
v 1.27162432670593 1.09896111488342 0.478445559740067
v 1.27719414234161 1.09903573989868 0.466767013072968
v 1.28479385375977 1.05418848991394 0.423348188400269
v 1.18714475631714 1.15800607204437 0.414092302322388
v 1.17497336864471 1.13897716999054 0.401825487613678
v 1.16718530654907 1.13944256305695 0.40950345993042
v 1.18870067596436 1.12881684303284 0.38525316119194
v 1.18151569366455 1.13496518135071 0.393647164106369
v 1.19694030284882 1.12099981307983 0.377597570419312
v 1.15832722187042 1.13951587677002 0.4167240858078
v 1.38740861415863 1.00633001327515 0.207075595855713
v 1.28462243080139 1.03661692142487 0.405018031597137
v 1.29563128948212 1.03408432006836 0.394231021404266
v 1.29682612419128 1.03958511352539 0.398634016513824
v 1.34001755714417 1.04064214229584 0.347444921731949
v 1.04319763183594 1.25253963470459 0.416293919086456
v 1.04102861881256 1.25738275051117 0.412975162267685
v 1.03810548782349 1.2769501209259 0.407774120569229
v 1.03810000419617 1.28065299987793 0.407587945461273
v 1.40522944927216 1.03719401359558 0.229357033967972
v 1.40478682518005 1.04380369186401 0.223314523696899
v 1.38784778118134 1.08833980560303 0.205123215913773
v 1.37592089176178 1.11372470855713 0.219757914543152
v 1.3865715265274 1.09601151943207 0.222062051296234
v 1.35558354854584 1.1021146774292 0.255323022603989
v 1.34009552001953 1.09327673912048 0.254716992378235
v 1.31092286109924 1.06234169006348 0.226891994476318
v 1.35487627983093 1.0615416765213 0.176700443029404
v 1.27861559391022 1.19769597053528 0.230508029460907
v 1.2882022857666 1.20365476608276 0.225008100271225
v 1.27469503879547 1.21651458740234 0.225675821304321
v 1.26493883132935 1.20995807647705 0.229736745357513
v 1.25252854824066 1.22137200832367 0.229221343994141
v 1.24412298202515 1.21659660339355 0.225227892398834
v 1.2558422088623 1.20420980453491 0.227315723896027
v 1.23869407176971 1.21408247947693 0.217190235853195
v 1.24972546100616 1.20039582252502 0.22030109167099
v 1.23624789714813 1.21280360221863 0.20762699842453
v 1.23644149303436 1.21327865123749 0.198402225971222
v 1.24538052082062 1.19736766815186 0.201586425304413
v 1.24628472328186 1.19783270359039 0.211174815893173
v 1.25575160980225 1.18116867542267 0.194977313280106
v 1.24737179279327 1.19908559322357 0.192253112792969
v 1.25121963024139 1.20184361934662 0.183217197656631
v 1.25878870487213 1.18286335468292 0.184306442737579
v 1.25697576999664 1.22889423370361 0.173599302768707
v 1.26426112651825 1.23258972167969 0.17450612783432
v 1.27394342422485 1.21494960784912 0.172326058149338
v 1.26580762863159 1.21031069755554 0.171448230743408
v 1.29746878147125 1.20520174503326 0.183247685432434
v 1.2915415763855 1.20077240467072 0.175268113613129
v 1.28112554550171 1.21918725967407 0.177528083324432
v 1.28719353675842 1.2230110168457 0.18509715795517
v 1.27934277057648 1.23918926715851 0.186664074659348
v 1.28075504302979 1.24000453948975 0.197541296482086
v 1.28992640972137 1.22500514984131 0.194386184215546
v 1.3056515455246 1.17188787460327 0.232119679450989
v 1.29231357574463 1.18495893478394 0.231398820877075
v 1.28182864189148 1.17832899093628 0.231313645839691
v 1.25696122646332 1.18231606483459 0.215234756469727
v 1.26787483692169 1.16722095012665 0.219042897224426
v 1.27342188358307 1.17202877998352 0.226852625608444
v 1.26138699054718 1.18603622913361 0.22366937994957
v 1.27348268032074 1.14578700065613 0.187279939651489
v 1.26403319835663 1.16347169876099 0.197359561920166
v 1.26648259162903 1.16439533233643 0.185750603675842
v 1.25510764122009 1.18093252182007 0.205258578062057
v 1.26492667198181 1.16437828540802 0.208709299564362
v 1.2656706571579 1.18607699871063 0.175338059663773
v 1.25782704353333 1.20571398735046 0.175653129816055
v 1.2959291934967 1.20717740058899 0.215569674968719
v 1.30067300796509 1.20874166488647 0.204224914312363
v 1.28740262985229 1.22421383857727 0.206051588058472
v 1.28228044509888 1.221604347229 0.21670800447464
v 1.27291584014893 1.16731095314026 0.175832629203796
v 1.31408095359802 1.19331908226013 0.203034847974777
v 1.30979156494141 1.19257175922394 0.214470893144608
v 1.30156409740448 1.20788359642029 0.19283401966095
v 1.31373620033264 1.19107556343079 0.191314905881882
v 1.27061200141907 1.23372554779053 0.218294948339462
v 1.26226437091827 1.22824823856354 0.226556807756424
v 1.30241250991821 1.18965411186218 0.225050538778305
v 1.27451956272125 1.19093871116638 0.170241802930832
v 1.28374040126801 1.19619083404541 0.170389711856842
v 1.29345035552979 1.1772940158844 0.168892234563828
v 1.28279197216034 1.17188000679016 0.169719696044922
v 1.32153165340424 1.16885542869568 0.179453909397125
v 1.3026487827301 1.18196558952332 0.173241794109344
v 1.30938076972961 1.18680906295776 0.181139647960663
v 1.27196216583252 1.23605144023895 0.178964406251907
v 1.32674539089203 1.17411756515503 0.189751803874969
v 1.20362710952759 1.28595411777496 0.221849888563156
v 1.20346212387085 1.27649903297424 0.218092262744904
v 1.19553434848785 1.27627372741699 0.226122140884399
v 1.19681978225708 1.28564023971558 0.229916602373123
v 1.19139504432678 1.25391590595245 0.219893366098404
v 1.19401216506958 1.2429895401001 0.224970996379852
v 1.18730008602142 1.2477240562439 0.235390722751617
v 1.1850494146347 1.25718295574188 0.230896770954132
v 1.19322454929352 1.28461980819702 0.238425880670547
v 1.19090640544891 1.27588260173798 0.234155774116516
v 1.1938750743866 1.28127789497375 0.24474772810936
v 1.19836497306824 1.29100918769836 0.249135404825211
v 1.19452512264252 1.29246342182159 0.243026852607727
v 1.19931387901306 1.29903435707092 0.252652108669281
v 1.20976436138153 1.28806686401367 0.250956654548645
v 1.20901691913605 1.30032134056091 0.253727942705154
v 1.23161315917969 1.29636824131012 0.237322837114334
v 1.23766589164734 1.29941177368164 0.228946566581726
v 1.23229002952576 1.31235098838806 0.233266681432724
v 1.22605228424072 1.30860066413879 0.241784751415253
v 1.24038243293762 1.31380748748779 0.214014023542404
v 1.23661196231842 1.31418943405151 0.224326699972153
v 1.24166715145111 1.30074632167816 0.220967650413513
v 1.24519288539886 1.30102968215942 0.212011873722076
v 1.21459472179413 1.28777348995209 0.210464268922806
v 1.21656858921051 1.27855038642883 0.205552220344543
v 1.21188628673553 1.27732455730438 0.21088519692421
v 1.21077144145966 1.28654229640961 0.21519809961319
v 1.19206309318542 1.27333128452301 0.253034889698029
v 1.20314979553223 1.27423775196075 0.250523626804352
v 1.19928777217865 1.28011965751648 0.249290108680725
v 1.18960666656494 1.27557289600372 0.250392735004425
v 1.22359991073608 1.26144480705261 0.182737320661545
v 1.22866904735565 1.25020861625671 0.18121999502182
v 1.22446370124817 1.24664866924286 0.188413560390472
v 1.2207727432251 1.25722348690033 0.188789188861847
v 1.20797419548035 1.23706674575806 0.208925485610962
v 1.2156138420105 1.23663210868835 0.203559190034866
v 1.22105181217194 1.22919178009033 0.215973198413849
v 1.21485996246338 1.23158931732178 0.220790922641754
v 1.20093894004822 1.23927760124207 0.215876817703247
v 1.20874118804932 1.23421537876129 0.226098448038101
v 1.20148873329163 1.23884534835815 0.233404040336609
v 1.19329965114594 1.24439513683319 0.24229371547699
v 1.23605740070343 1.25501942634583 0.174454569816589
v 1.23312699794769 1.26376688480377 0.17351695895195
v 1.18120288848877 1.3433974981308 0.265844285488129
v 1.18197798728943 1.34688866138458 0.261137455701828
v 1.18359363079071 1.3417192697525 0.259163588285446
v 1.18289518356323 1.33818554878235 0.263951808214188
v 1.25233805179596 1.26950573921204 0.177759736776352
v 1.25767910480499 1.27108955383301 0.18602266907692
v 1.25934314727783 1.26435494422913 0.182935327291489
v 1.25249981880188 1.26226711273193 0.176157832145691
v 1.25158452987671 1.27900016307831 0.179517358541489
v 1.25584125518799 1.27953398227692 0.189686626195908
v 1.19108176231384 1.34542894363403 0.274465501308441
v 1.18651449680328 1.34271597862244 0.273533970117569
v 1.18931174278259 1.33789539337158 0.271471828222275
v 1.19407916069031 1.3406388759613 0.272056549787521
v 1.19616627693176 1.29384922981262 0.234281331300735
v 1.20163023471832 1.29451441764832 0.226279675960541
v 1.19271659851074 1.31224739551544 0.239520281553268
v 1.19782447814941 1.30406534671783 0.231150031089783
v 1.19385504722595 1.30105686187744 0.239451378583908
v 1.19179749488831 1.30793833732605 0.244764089584351
v 1.21028923988342 1.30758166313171 0.214658707380295
v 1.21413159370422 1.2979428768158 0.211087822914124
v 1.20944440364838 1.29783940315247 0.217814683914185
v 1.20534062385559 1.30784261226654 0.221247285604477
v 1.21802508831024 1.30102896690369 0.199263483285904
v 1.2153480052948 1.31054830551147 0.202870815992355
v 1.21718716621399 1.31238412857056 0.196252852678299
v 1.21938788890839 1.30376386642456 0.193554639816284
v 1.20869898796082 1.32700836658478 0.215929448604584
v 1.20853745937347 1.33572030067444 0.220800369977951
v 1.21156144142151 1.33708679676056 0.216467201709747
v 1.2112865447998 1.32851505279541 0.211191415786743
v 1.2615704536438 1.25856423377991 0.180824100971222
v 1.25420963764191 1.25521671772003 0.175071716308594
v 1.24495041370392 1.31353199481964 0.193793267011642
v 1.24257755279541 1.31144607067108 0.183808475732803
v 1.23989498615265 1.32201933860779 0.183349251747131
v 1.24240922927856 1.32355177402496 0.193757444620132
v 1.25936770439148 1.27130544185638 0.196479141712189
v 1.26229250431061 1.26508808135986 0.19346696138382
v 1.19504511356354 1.34937024116516 0.272389680147171
v 1.19817495346069 1.34454607963562 0.270021259784698
v 1.21120166778564 1.24289298057556 0.238601207733154
v 1.20138430595398 1.2478688955307 0.247361153364182
v 1.21895241737366 1.23874080181122 0.231722265481949
v 1.22447752952576 1.23557734489441 0.227563470602036
v 1.22932708263397 1.23098480701447 0.225519478321075
v 1.19865143299103 1.31159281730652 0.22967466711998
v 1.20787155628204 1.29300320148468 0.219356775283813
v 1.21678829193115 1.28840780258179 0.206300497055054
v 1.22540068626404 1.29880666732788 0.178784072399139
v 1.22754418849945 1.29138541221619 0.176079452037811
v 1.22178947925568 1.28963649272919 0.184400886297226
v 1.22173762321472 1.29737710952759 0.185544788837433
v 1.23605394363403 1.31000971794128 0.176926463842392
v 1.2286924123764 1.30904710292816 0.177650988101959
v 1.22668159008026 1.31796050071716 0.179583847522736
v 1.23340332508087 1.31982374191284 0.177856922149658
v 1.19308626651764 1.26928579807281 0.257051587104797
v 1.20373463630676 1.26650321483612 0.252014070749283
v 1.24382257461548 1.26707911491394 0.172618597745895
v 1.24467611312866 1.25883626937866 0.17275258898735
v 1.24657785892487 1.25151264667511 0.173372179269791
v 1.21838390827179 1.26803350448608 0.196208715438843
v 1.21823287010193 1.25477290153503 0.192436307668686
v 1.21373975276947 1.25255846977234 0.196797698736191
v 1.215700507164 1.26707124710083 0.200095862150192
v 1.2008410692215 1.26554036140442 0.212511569261551
v 1.19935393333435 1.25197064876556 0.209879994392395
v 1.19279456138611 1.2662181854248 0.221731334924698
v 1.22038197517395 1.24231100082397 0.194203197956085
v 1.22890257835388 1.2387228012085 0.188731729984283
v 1.22474551200867 1.23422193527222 0.19584721326828
v 1.23378610610962 1.24320292472839 0.181501924991608
v 1.23972177505493 1.24783658981323 0.175805538892746
v 1.23341941833496 1.22980856895447 0.188984930515289
v 1.22990572452545 1.22590899467468 0.196840524673462
v 1.23865795135498 1.23456120491028 0.181887179613113
v 1.24445807933807 1.23927640914917 0.176840573549271
v 1.27285945415497 1.2509583234787 0.189208269119263
v 1.26622009277344 1.2489538192749 0.179919272661209
v 1.26676106452942 1.25894820690155 0.191025078296661
v 1.22917199134827 1.22327554225922 0.216127932071686
v 1.22226846218109 1.23105144500732 0.205305516719818
v 1.22804617881775 1.22450518608093 0.205736041069031
v 1.23522090911865 1.22509288787842 0.224798500537872
v 1.18116188049316 1.25935053825378 0.238437592983246
v 1.17702651023865 1.26187002658844 0.244753181934357
v 1.17940676212311 1.269287109375 0.243692547082901
v 1.18390583992004 1.26780295372009 0.238319128751755
v 1.19923305511475 1.30686128139496 0.255619734525681
v 1.1935898065567 1.30616807937622 0.251236110925674
v 1.19421207904816 1.29914367198944 0.247409552335739
v 1.22315716743469 1.27222609519958 0.181405067443848
v 1.23155033588409 1.27400660514832 0.173246800899506
v 1.1948493719101 1.31745231151581 0.236946403980255
v 1.19700288772583 1.33462429046631 0.269002944231033
v 1.19186115264893 1.33196067810059 0.268415600061417
v 1.19556498527527 1.32142722606659 0.262698322534561
v 1.20136940479279 1.32445240020752 0.263822495937347
v 1.19752216339111 1.32760071754456 0.24075311422348
v 1.19370245933533 1.32262444496155 0.24205681681633
v 1.19138157367706 1.32927179336548 0.246198356151581
v 1.19600594043732 1.33387386798859 0.246040523052216
v 1.21383619308472 1.3367440700531 0.209078311920166
v 1.21403205394745 1.32976651191711 0.204778522253036
v 1.21770644187927 1.32025504112244 0.243874669075012
v 1.21473169326782 1.31358814239502 0.253135114908218
v 1.21930348873138 1.30356597900391 0.250173658132553
v 1.21341180801392 1.30893528461456 0.208609223365784
v 1.21049129962921 1.31815969944 0.211864709854126
v 1.21290385723114 1.31982862949371 0.20674666762352
v 1.19967651367188 1.31602001190186 0.229746997356415
v 1.19779515266418 1.3208235502243 0.234583258628845
v 1.2013156414032 1.32160115242004 0.229203134775162
v 1.20321667194366 1.31500124931335 0.22443413734436
v 1.24640572071075 1.300128698349 0.183190584182739
v 1.23777556419373 1.29828298091888 0.174390077590942
v 1.18304324150085 1.34195804595947 0.270376592874527
v 1.18525469303131 1.3369904756546 0.268551886081696
v 1.25730681419373 1.24570488929749 0.175133526325226
v 1.25026869773865 1.24280548095703 0.174558877944946
v 1.21644794940948 1.2989593744278 0.205322742462158
v 1.2232985496521 1.29197883605957 0.245300710201263
v 1.2183473110199 1.28924298286438 0.201373368501663
v 1.23228001594543 1.33319759368896 0.208136737346649
v 1.22900032997131 1.33467507362366 0.201207041740417
v 1.22553658485413 1.34015786647797 0.205929070711136
v 1.23019468784332 1.34030914306641 0.210733354091644
v 1.19392609596252 1.34318780899048 0.25247585773468
v 1.18855130672455 1.33952045440674 0.252762913703918
v 1.18720173835754 1.3459438085556 0.256310671567917
v 1.19237840175629 1.34924507141113 0.256365805864334
v 1.19158351421356 1.31795048713684 0.244579553604126
v 1.19076752662659 1.31423902511597 0.249026119709015
v 1.18863749504089 1.32168638706207 0.253692418336868
v 1.18890404701233 1.324986577034 0.249024242162704
v 1.19321930408478 1.31303787231445 0.254474192857742
v 1.19114863872528 1.32048964500427 0.258982449769974
v 1.19971489906311 1.34513521194458 0.255804508924484
v 1.20286226272583 1.34297728538513 0.261584162712097
v 1.20688772201538 1.33355307579041 0.255536764860153
v 1.20230841636658 1.3360470533371 0.249887317419052
v 1.24986803531647 1.28877878189087 0.209814667701721
v 1.25202596187592 1.28955411911011 0.201112657785416
v 1.24756991863251 1.30181789398193 0.202487736940384
v 1.2432359457016 1.31420814990997 0.203526556491852
v 1.23681354522705 1.3250834941864 0.203927993774414
v 1.23603868484497 1.32527196407318 0.216191321611404
v 1.24868607521057 1.30166041851044 0.19378525018692
v 1.2079416513443 1.32943594455719 0.241196125745773
v 1.20966267585754 1.32640254497528 0.248651683330536
v 1.2137336730957 1.32940375804901 0.242654412984848
v 1.21997761726379 1.29131996631622 0.194087833166122
v 1.18749094009399 1.33102655410767 0.265450894832611
v 1.24301624298096 1.24902820587158 0.229622483253479
v 1.25191128253937 1.2558114528656 0.223724335432053
v 1.24763035774231 1.26408171653748 0.225154906511307
v 1.23807680606842 1.25503742694855 0.231718063354492
v 1.18549048900604 1.3354651927948 0.255673319101334
v 1.1847665309906 1.33231890201569 0.260429888963699
v 1.2177312374115 1.33243918418884 0.199648320674896
v 1.21712779998779 1.33814978599548 0.204605132341385
v 1.22069239616394 1.34041595458984 0.202748686075211
v 1.22205483913422 1.33663833141327 0.197697401046753
v 1.25287520885468 1.28990459442139 0.192627757787704
v 1.23734045028687 1.33024406433105 0.183109045028687
v 1.24111890792847 1.33056378364563 0.192843794822693
v 1.25630664825439 1.27913856506348 0.199082881212234
v 1.25443994998932 1.27803349494934 0.208146870136261
v 1.25786519050598 1.26973617076874 0.206795632839203
v 1.2285121679306 1.32719314098358 0.227022469043732
v 1.24674320220947 1.28815364837646 0.217841893434525
v 1.2512434720993 1.2769341468811 0.215610682964325
v 1.25488412380219 1.26740860939026 0.215292751789093
v 1.25825130939484 1.26036465167999 0.214368134737015
v 1.26119995117188 1.26312851905823 0.204958707094193
v 1.20132267475128 1.33876323699951 0.266766041517258
v 1.19983398914337 1.34862017631531 0.265131115913391
v 1.26651394367218 1.25605583190918 0.202827602624893
v 1.27366065979004 1.24929070472717 0.200605511665344
v 1.26880538463593 1.24644160270691 0.210732847452164
v 1.26270306110382 1.25353026390076 0.212995707988739
v 1.246990442276 1.27512907981873 0.223348349332809
v 1.24144375324249 1.27227663993835 0.230189770460129
v 1.2427089214325 1.28683626651764 0.225417196750641
v 1.23689305782318 1.28445744514465 0.233320474624634
v 1.22648429870605 1.32342958450317 0.23684287071228
v 1.1914039850235 1.36212956905365 0.266923516988754
v 1.19469559192657 1.35524904727936 0.262906283140182
v 1.19065046310425 1.35466623306274 0.259236484766006
v 1.18817412853241 1.36192286014557 0.263435423374176
v 1.19728136062622 1.35040199756622 0.259665787220001
v 1.1968709230423 1.35340178012848 0.267875730991364
v 1.22784078121185 1.27958703041077 0.241111606359482
v 1.2010406255722 1.32829296588898 0.234435230493546
v 1.23002970218658 1.26413977146149 0.23731791973114
v 1.21613347530365 1.27640569210052 0.248751819133759
v 1.21636176109314 1.26479864120483 0.246787339448929
v 1.22885930538177 1.24551951885223 0.234832406044006
v 1.22106397151947 1.2499338388443 0.240182906389236
v 1.23877346515656 1.23628425598145 0.229149460792542
v 1.23405110836029 1.24137568473816 0.231264263391495
v 1.24418222904205 1.22972083091736 0.228745639324188
v 1.21021461486816 1.25438690185547 0.248192340135574
v 1.17835211753845 1.3506076335907 0.268005877733231
v 1.17980563640594 1.35425329208374 0.263532131910324
v 1.24770212173462 1.24300444126129 0.228255242109299
v 1.25337064266205 1.2364866733551 0.227400839328766
v 1.18738698959351 1.26731491088867 0.231001615524292
v 1.22026646137238 1.28092908859253 0.191496968269348
v 1.21942436695099 1.27977001667023 0.19731730222702
v 1.22960209846497 1.28363418579102 0.174254477024078
v 1.22206950187683 1.2818763256073 0.18296080827713
v 1.26231694221497 1.24239039421082 0.220435857772827
v 1.23920798301697 1.21646094322205 0.190018773078918
v 1.24433505535126 1.22028887271881 0.182252615690231
v 1.27678072452545 1.23757231235504 0.208145707845688
v 1.17959308624268 1.34923076629639 0.272821664810181
v 1.21320867538452 1.34008991718292 0.223734736442566
v 1.21560454368591 1.34000658988953 0.222394555807114
v 1.1822521686554 1.25148177146912 0.242707669734955
v 1.17778360843658 1.2564560174942 0.248981863260269
v 1.18579816818237 1.25774526596069 0.258488446474075
v 1.18083548545837 1.2553825378418 0.254196226596832
v 1.18663108348846 1.24935364723206 0.249020040035248
v 1.19315946102142 1.25223624706268 0.253794372081757
v 1.21964263916016 1.2691650390625 0.192730814218521
v 1.22087144851685 1.27108383178711 0.1881203353405
v 1.24964344501495 1.28918766975403 0.181586444377899
v 1.24128973484039 1.28740501403809 0.173607110977173
v 1.19819092750549 1.3137321472168 0.258508890867233
v 1.20706963539124 1.30935502052307 0.256327599287033
v 1.20469415187836 1.31652104854584 0.259124368429184
v 1.20621001720428 1.32858061790466 0.26097384095192
v 1.20358991622925 1.33025693893433 0.239844679832458
v 1.20322203636169 1.33030879497528 0.244678258895874
v 1.20721077919006 1.25171160697937 0.202390015125275
v 1.20969581604004 1.26605772972107 0.205509573221207
v 1.18825435638428 1.27464914321899 0.240482896566391
v 1.18548440933228 1.27487099170685 0.245887845754623
v 1.20726323127747 1.315913438797 0.217959582805634
v 1.22263431549072 1.33627390861511 0.232579529285431
v 1.22165727615356 1.33203744888306 0.239837169647217
v 1.20528876781464 1.32355308532715 0.222090303897858
v 1.18711400032043 1.35270094871521 0.277264624834061
v 1.18253314495087 1.35006999969482 0.276195347309113
v 1.21011471748352 1.32099771499634 0.25623631477356
v 1.21534514427185 1.32153117656708 0.199992567300797
v 1.22472643852234 1.33548724651337 0.224574387073517
v 1.21890866756439 1.33942520618439 0.227857708930969
v 1.23172307014465 1.32662630081177 0.179758608341217
v 1.25642943382263 1.24919927120209 0.222176849842072
v 1.18560862541199 1.35140526294708 0.258196175098419
v 1.18347799777985 1.35875701904297 0.261156648397446
v 1.19283473491669 1.36005413532257 0.270910769701004
v 1.19124984741211 1.3562707901001 0.275089055299759
v 1.24314260482788 1.2771532535553 0.172632992267609
v 1.21844673156738 1.27912855148315 0.201642274856567
v 1.25060045719147 1.22498095035553 0.176481574773788
v 1.20014035701752 1.2581399679184 0.254973888397217
v 1.19087755680084 1.26304602622986 0.259904265403748
v 1.20409512519836 1.33083260059357 0.226089239120483
v 1.23569214344025 1.33185589313507 0.198973447084427
v 1.23322713375092 1.33353209495544 0.217678487300873
v 1.23160064220428 1.34012031555176 0.218999207019806
v 1.22608292102814 1.34020686149597 0.224813908338547
v 1.22024464607239 1.34175419807434 0.224843889474869
v 1.19021058082581 1.36558723449707 0.273389965295792
v 1.18850409984589 1.36207616329193 0.277622729539871
v 1.18434619903564 1.35883259773254 0.280043095350266
v 1.1800309419632 1.35598397254944 0.278542011976242
v 1.17762470245361 1.35477888584137 0.274721145629883
v 1.18900287151337 1.36743009090424 0.269611805677414
v 1.18601298332214 1.36689007282257 0.266191691160202
v 1.1817067861557 1.36362075805664 0.26390340924263
v 1.18681406974792 1.37214887142181 0.271416068077087
v 1.18747758865356 1.37131440639496 0.275815397500992
v 1.17780125141144 1.36944878101349 0.284351646900177
v 1.18165910243988 1.3652595281601 0.282720983028412
v 1.18209505081177 1.36927771568298 0.282709866762161
v 1.18018937110901 1.37211692333221 0.284095108509064
v 1.17844665050507 1.37585389614105 0.285161912441254
v 1.175661444664 1.37376689910889 0.284833878278732
v 1.18470168113708 1.37022852897644 0.280767500400543
v 1.18321657180786 1.37414133548737 0.282052725553513
v 1.18453323841095 1.37609040737152 0.278694063425064
v 1.18294525146484 1.38004410266876 0.280001401901245
v 1.18161749839783 1.37833821773529 0.283357501029968
v 1.18573272228241 1.37250375747681 0.278331100940704
v 1.18627786636353 1.36689138412476 0.279696375131607
v 1.17513847351074 1.37836790084839 0.284699410200119
v 1.1775426864624 1.37886714935303 0.285591393709183
v 1.17962968349457 1.38172876834869 0.28433945775032
v 1.17702460289001 1.38265264034271 0.282965064048767
v 1.17806828022003 1.36101448535919 0.280487209558487
v 1.1754378080368 1.36719405651093 0.282062709331512
v 1.1735622882843 1.37280225753784 0.282541185617447
v 1.1732029914856 1.37783682346344 0.282297521829605
v 1.1735954284668 1.36711394786835 0.278689384460449
v 1.17259407043457 1.37307870388031 0.279447317123413
v 1.17262411117554 1.37739753723145 0.279281556606293
v 1.17304110527039 1.36891651153564 0.27488124370575
v 1.1725457906723 1.37443423271179 0.276553213596344
v 1.17508471012115 1.36103320121765 0.272166609764099
v 1.17584550380707 1.35971307754517 0.276608616113663
v 1.17279529571533 1.37729394435883 0.277345478534698
v 1.1752096414566 1.38195896148682 0.280385196208954
v 1.18511247634888 1.37667071819305 0.275699585676193
v 1.18277943134308 1.38096880912781 0.277177214622498
v 1.18414354324341 1.37707042694092 0.27290940284729
v 1.18146371841431 1.38123142719269 0.274698376655579
v 1.18021953105927 1.38398575782776 0.279578894376755
v 1.18144929409027 1.3829882144928 0.28151923418045
v 1.17672276496887 1.35578882694244 0.269814878702164
v 1.17853057384491 1.35947012901306 0.265711039304733
v 1.17667353153229 1.36449289321899 0.267949402332306
v 1.17446851730347 1.37175869941711 0.270786821842194
v 1.18014490604401 1.36814069747925 0.266273200511932
v 1.18402802944183 1.37139642238617 0.268204510211945
v 1.18182253837585 1.37642979621887 0.270604342222214
v 1.17832684516907 1.37454676628113 0.269196540117264
v 1.17934668064117 1.3802741765976 0.272879481315613
v 1.17671740055084 1.37875330448151 0.272337079048157
v 1.17401421070099 1.37664246559143 0.273936867713928
v 1.17685747146606 1.38201320171356 0.275373846292496
v 1.17848968505859 1.38343048095703 0.277333855628967
v 1.17440927028656 1.38065385818481 0.277953654527664
v 1.17579317092896 1.38035547733307 0.27451828122139
v 1.17412257194519 1.37899827957153 0.276034593582153
v 1.19442570209503 1.36624932289124 0.246162354946136
v 1.19582843780518 1.36882567405701 0.241330474615097
v 1.19799768924713 1.36180949211121 0.239642649888992
v 1.19660925865173 1.35941672325134 0.244393825531006
v 1.20389032363892 1.36557281017303 0.255700528621674
v 1.19813275337219 1.36429452896118 0.254182696342468
v 1.20085775852203 1.35798823833466 0.252733170986176
v 1.20666038990021 1.35938811302185 0.253964811563492
v 1.2090368270874 1.36832702159882 0.252294093370438
v 1.2119243144989 1.36232197284698 0.250342398881912
v 1.20909917354584 1.35190892219543 0.251726359128952
v 1.20317041873932 1.35061097145081 0.250290989875793
v 1.206090092659 1.33826637268066 0.244259685277939
v 1.21176767349243 1.33905112743378 0.246547669172287
v 1.20587372779846 1.34365427494049 0.226827591657639
v 1.21069729328156 1.34672617912292 0.227358847856522
v 1.1949816942215 1.3648270368576 0.250604063272476
v 1.197469830513 1.35825037956238 0.248910427093506
v 1.2078595161438 1.35904765129089 0.2333123087883
v 1.20286595821381 1.35674428939819 0.233394801616669
v 1.2013533115387 1.36457490921021 0.236709862947464
v 1.20600950717926 1.36687958240509 0.236304432153702
v 1.20084738731384 1.33790302276611 0.236198842525482
v 1.20232725143433 1.34016287326813 0.230468809604645
v 1.20254850387573 1.33787846565247 0.240845531225204
v 1.21311962604523 1.36019372940063 0.235809653997421
v 1.21612560749054 1.35884940624237 0.24114328622818
v 1.21985626220703 1.34609889984131 0.23684898018837
v 1.21644008159637 1.3479540348053 0.231111735105515
v 1.19961631298065 1.3506190776825 0.246310144662857
v 1.19941961765289 1.35368490219116 0.236478388309479
v 1.19815409183502 1.35152769088745 0.241471230983734
v 1.21451091766357 1.35495722293854 0.247838318347931
v 1.21327972412109 1.36611258983612 0.243513166904449
v 1.20515203475952 1.38193154335022 0.244834333658218
v 1.20827627182007 1.37384986877441 0.241261303424835
v 1.20417237281799 1.37367343902588 0.238384425640106
v 1.20152616500854 1.38233494758606 0.241833955049515
v 1.21052002906799 1.36751890182495 0.238684922456741
v 1.21065008640289 1.37203657627106 0.24605256319046
v 1.19123017787933 1.37610411643982 0.248805791139603
v 1.19308698177338 1.3787636756897 0.244210869073868
v 1.19166004657745 1.37438893318176 0.253079116344452
v 1.21848976612091 1.34221637248993 0.243732184171677
v 1.2000789642334 1.37441539764404 0.258079797029495
v 1.19453930854797 1.37366771697998 0.256310105323792
v 1.19932305812836 1.37165009975433 0.238442063331604
v 1.19671750068665 1.38103222846985 0.241308778524399
v 1.20702576637268 1.38014054298401 0.249453186988831
v 1.20534515380859 1.37665522098541 0.25504058599472
v 1.20393562316895 1.3869549036026 0.251740276813507
v 1.20223259925842 1.38400197029114 0.256956309080124
v 1.19742774963379 1.3818519115448 0.260017335414886
v 1.19240581989288 1.38051199913025 0.257942676544189
v 1.19011259078979 1.38064217567444 0.254606574773788
v 1.2025773525238 1.38846206665039 0.247490555047989
v 1.19960129261017 1.38836920261383 0.244570672512054
v 1.19533693790436 1.3865807056427 0.243505239486694
v 1.20037400722504 1.39491081237793 0.24950709939003
v 1.20136952400208 1.39441919326782 0.253877252340317
v 1.19012331962585 1.40007722377777 0.263956427574158
v 1.19192039966583 1.39457404613495 0.263354241847992
v 1.19457137584686 1.39676344394684 0.262692481279373
v 1.19315195083618 1.40141367912292 0.26429882645607
v 1.1953136920929 1.38950395584106 0.261987000703812
v 1.19633412361145 1.39366340637207 0.261556923389435
v 1.19865834712982 1.3948255777359 0.259384125471115
v 1.1977641582489 1.39894509315491 0.260628312826157
v 1.19880723953247 1.40045058727264 0.256864845752716
v 1.19785308837891 1.40510559082031 0.258256405591965
v 1.19676029682159 1.40386319160461 0.262436330318451
v 1.19975793361664 1.39654636383057 0.25651878118515
v 1.1925345659256 1.40530502796173 0.264926761388779
v 1.19031858444214 1.40541255474091 0.263580471277237
v 1.20014095306396 1.390660405159 0.258575946092606
v 1.19094634056091 1.38648915290833 0.25984662771225
v 1.18887758255005 1.39299464225769 0.26130086183548
v 1.18778812885284 1.39946484565735 0.26150906085968
v 1.18835532665253 1.40507733821869 0.260747224092484
v 1.1868816614151 1.39320719242096 0.25769180059433
v 1.18635606765747 1.39976346492767 0.258381426334381
v 1.1874612569809 1.40453624725342 0.258122265338898
v 1.18641638755798 1.39453566074371 0.253427445888519
v 1.18632555007935 1.40086257457733 0.255206435918808
v 1.18852007389069 1.38672614097595 0.251588314771652
v 1.1888040304184 1.38578915596008 0.256051987409592
v 1.18733835220337 1.40400123596191 0.256121814250946
v 1.19291996955872 1.4095664024353 0.261935859918594
v 1.19087171554565 1.40889799594879 0.259216368198395
v 1.19535970687866 1.40850257873535 0.264030456542969
v 1.19867169857025 1.40067267417908 0.254108488559723
v 1.19720089435577 1.40557408332825 0.255545556545258
v 1.19835925102234 1.40102219581604 0.251348257064819
v 1.19655966758728 1.40621721744537 0.253281474113464
v 1.19582200050354 1.40952849388123 0.258203357458115
v 1.19697213172913 1.40865540504456 0.260043352842331
v 1.18988418579102 1.38185036182404 0.250411361455917
v 1.1917712688446 1.38412320613861 0.246059030294418
v 1.19019734859467 1.38901674747467 0.247133016586304
v 1.18828618526459 1.39684963226318 0.249175369739532
v 1.19394659996033 1.39129257202148 0.244932115077972
v 1.19789791107178 1.39396870136261 0.246464431285858
v 1.19605207443237 1.400390625 0.248833924531937
v 1.19229018688202 1.39887595176697 0.247518748044968
v 1.19434404373169 1.40543973445892 0.251412063837051
v 1.19124603271484 1.40407526493073 0.2503622174263
v 1.18805837631226 1.40244174003601 0.251891404390335
v 1.19221067428589 1.40813899040222 0.253984093666077
v 1.19420349597931 1.40954661369324 0.255973488092422
v 1.1894268989563 1.40734326839447 0.256540060043335
v 1.19054007530212 1.40646862983704 0.252716064453125
v 1.18864727020264 1.4055118560791 0.254357516765594
v 1.20965778827667 1.36943209171295 0.224228769540787
v 1.20976340770721 1.37030816078186 0.218692898750305
v 1.21134662628174 1.36430430412292 0.21758434176445
v 1.21101593971252 1.36368083953857 0.223130881786346
v 1.21961712837219 1.3706386089325 0.230289608240128
v 1.21586871147156 1.37006115913391 0.230474770069122
v 1.21721649169922 1.36385250091553 0.229788452386856
v 1.22167575359344 1.36385416984558 0.229739129543304
v 1.22340607643127 1.37209618091583 0.226813018321991
v 1.22570908069611 1.36506104469299 0.225515902042389
v 1.2232506275177 1.35716390609741 0.228708386421204
v 1.21800744533539 1.35743999481201 0.228618174791336
v 1.21924269199371 1.34755635261536 0.225613951683044
v 1.22510755062103 1.34729886054993 0.226336091756821
v 1.21223771572113 1.36973631381989 0.228338003158569
v 1.21347343921661 1.36375677585602 0.227382600307465
v 1.21797752380371 1.35957896709442 0.210223853588104
v 1.21424031257629 1.35831773281097 0.21143651008606
v 1.21376001834869 1.36551380157471 0.213665902614594
v 1.21726429462433 1.36668694019318 0.212536185979843
v 1.21260571479797 1.3452320098877 0.217543393373489
v 1.21323239803314 1.34507822990417 0.21186900138855
v 1.21491658687592 1.34662532806396 0.222190469503403
v 1.22331416606903 1.36067593097687 0.212021350860596
v 1.22784173488617 1.36004137992859 0.217022001743317
v 1.22928488254547 1.34916400909424 0.213635087013245
v 1.22431087493896 1.34886527061462 0.208914399147034
v 1.21384692192078 1.35745024681091 0.225824654102325
v 1.21151471138 1.35732221603394 0.215472340583801
v 1.21128141880035 1.35697865486145 0.221276640892029
v 1.2275652885437 1.35809850692749 0.223880082368851
v 1.22611331939697 1.36677980422974 0.218872576951981
v 1.21839094161987 1.38376927375793 0.218827396631241
v 1.22074294090271 1.37389755249023 0.215742409229279
v 1.21609032154083 1.37318515777588 0.213577508926392
v 1.21451687812805 1.38327348232269 0.216466158628464
v 1.22218704223633 1.36751699447632 0.213946491479874
v 1.22400176525116 1.37361443042755 0.22078812122345
v 1.20739006996155 1.37877953052521 0.225466191768646
v 1.20786356925964 1.37982845306396 0.220458805561066
v 1.20963382720947 1.37892150878906 0.229422092437744
v 1.22991669178009 1.34813106060028 0.221288621425629
v 1.21908926963806 1.34765362739563 0.206291407346725
v 1.21636152267456 1.38031029701233 0.231829822063446
v 1.21287322044373 1.3794903755188 0.231796532869339
v 1.2122597694397 1.3717029094696 0.214474350214005
v 1.21055841445923 1.38151240348816 0.216704279184341
v 1.22099471092224 1.38328695297241 0.223366767168045
v 1.22026968002319 1.38157308101654 0.22888645529747
v 1.21914434432983 1.38993108272552 0.224920898675919
v 1.21807646751404 1.38829183578491 0.230190396308899
v 1.21441698074341 1.38720071315765 0.233328998088837
v 1.210808634758 1.38604712486267 0.232728898525238
v 1.20802462100983 1.38510274887085 0.230088710784912
v 1.21661937236786 1.39050030708313 0.220726907253265
v 1.21331310272217 1.38966822624207 0.218666970729828
v 1.20960485935211 1.38724255561829 0.218491822481155
v 1.21541023254395 1.39548540115356 0.221696525812149
v 1.21726334095001 1.39579951763153 0.226253747940063
v 1.20852935314178 1.40389847755432 0.236768394708633
v 1.20968675613403 1.39901304244995 0.236021250486374
v 1.21154034137726 1.40015649795532 0.234856903553009
v 1.21079742908478 1.40458965301514 0.236154764890671
v 1.21269190311432 1.39372253417969 0.23458468914032
v 1.21314489841461 1.39690899848938 0.234040379524231
v 1.21547222137451 1.39720511436462 0.231721222400665
v 1.21469271183014 1.40139245986938 0.232736200094223
v 1.21525502204895 1.40151345729828 0.228365510702133
v 1.21434342861176 1.40583670139313 0.229360163211823
v 1.21367192268372 1.40581011772156 0.233764886856079
v 1.21640467643738 1.3981499671936 0.228655517101288
v 1.21051692962646 1.40774774551392 0.236416786909103
v 1.20852088928223 1.4080628156662 0.236330389976501
v 1.21651577949524 1.3936619758606 0.23115336894989
v 1.20896220207214 1.39141690731049 0.23385888338089
v 1.20689308643341 1.39725995063782 0.234997659921646
v 1.20579552650452 1.40302777290344 0.235506743192673
v 1.20608222484589 1.40716743469238 0.234444230794907
v 1.20473325252533 1.3961980342865 0.232032835483551
v 1.20386576652527 1.40193176269531 0.232618778944016
v 1.20435559749603 1.40563857555389 0.23185870051384
v 1.20380306243896 1.39575862884521 0.228281795978546
v 1.20326662063599 1.40151596069336 0.229400187730789
v 1.20549941062927 1.38945937156677 0.227092266082764
v 1.2065087556839 1.39002656936646 0.230888485908508
v 1.20391130447388 1.40444540977478 0.229845523834229
v 1.21039247512817 1.41039443016052 0.233317971229553
v 1.20792460441589 1.40965008735657 0.231049180030823
v 1.21260142326355 1.40938007831573 0.234430611133575
v 1.2151563167572 1.40115797519684 0.225571036338806
v 1.21369385719299 1.4057000875473 0.226718604564667
v 1.21347379684448 1.40062594413757 0.222899466753006
v 1.21197772026062 1.40548968315125 0.224633365869522
v 1.21244251728058 1.4091956615448 0.229091107845306
v 1.21351718902588 1.40875649452209 0.230756223201752
v 1.20655405521393 1.38467335700989 0.226315438747406
v 1.20716512203217 1.38525474071503 0.221815377473831
v 1.20612394809723 1.38992822170258 0.22290974855423
v 1.2045122385025 1.3966406583786 0.22419261932373
v 1.20849227905273 1.39164638519287 0.21971133351326
v 1.2120486497879 1.39416611194611 0.219921410083771
v 1.21069514751434 1.39963841438293 0.221357345581055
v 1.20727896690369 1.39803051948547 0.221291363239288
v 1.20953512191772 1.40455222129822 0.22332352399826
v 1.2066239118576 1.40336763858795 0.2232945561409
v 1.20413446426392 1.4022673368454 0.225896418094635
v 1.20819342136383 1.40747892856598 0.2258460521698
v 1.21042954921722 1.40872645378113 0.227170199155807
v 1.20602631568909 1.40771245956421 0.229085832834244
v 1.20649492740631 1.40585613250732 0.225229263305664
v 1.20486450195312 1.40548396110535 0.227606803178787
v 1.21597576141357 1.34592366218567 0.207884758710861
v 1.22506523132324 1.36054754257202 0.191322982311249
v 1.22488713264465 1.35994207859039 0.187267959117889
v 1.22525084018707 1.35510969161987 0.187736511230469
v 1.22549986839294 1.35561871528625 0.191574931144714
v 1.23469519615173 1.36282825469971 0.195707738399506
v 1.23062694072723 1.36236834526062 0.196749120950699
v 1.23110735416412 1.35700190067291 0.197418302297592
v 1.2356550693512 1.35729420185089 0.196517407894135
v 1.23738968372345 1.36270606517792 0.190861314535141
v 1.23859190940857 1.3571195602417 0.191448509693146
v 1.23559069633484 1.35076785087585 0.197111070156097
v 1.23075270652771 1.3507993221283 0.198002070188522
v 1.23033332824707 1.34097790718079 0.198230594396591
v 1.23563885688782 1.3400354385376 0.197872579097748
v 1.23017573356628 1.33217489719391 0.180812448263168
v 1.22617709636688 1.33128917217255 0.183024555444717
v 1.22590243816376 1.33922743797302 0.183368355035782
v 1.22945010662079 1.33917987346649 0.18076279759407
v 1.22721922397614 1.36147713661194 0.194749087095261
v 1.22743380069733 1.35638284683228 0.195242911577225
v 1.22924757003784 1.34944188594818 0.181253433227539
v 1.22601425647736 1.3494975566864 0.183896392583847
v 1.22650897502899 1.35498821735382 0.184038788080215
v 1.2293655872345 1.35522508621216 0.181481212377548
v 1.22317409515381 1.33177292346954 0.186907887458801
v 1.22162044048309 1.33316743373871 0.19201722741127
v 1.22396326065063 1.33986008167267 0.191825896501541
v 1.22397971153259 1.33966898918152 0.187244355678558
v 1.22596120834351 1.34082496166229 0.195239901542664
v 1.23362040519714 1.34963703155518 0.18147748708725
v 1.23764991760254 1.35023963451385 0.185453772544861
v 1.23825335502625 1.33901500701904 0.184716165065765
v 1.23378157615662 1.33926844596863 0.18116706609726
v 1.22702431678772 1.35062885284424 0.195401191711426
v 1.22458100318909 1.34964179992676 0.187717854976654
v 1.22481942176819 1.35004103183746 0.192048132419586
v 1.23901796340942 1.35043001174927 0.192011624574661
v 1.23726344108582 1.35669136047363 0.185442090034485
v 1.23200333118439 1.36808919906616 0.18105149269104
v 1.23309993743896 1.36096549034119 0.181191623210907
v 1.22910237312317 1.36013126373291 0.180619150400162
v 1.22853589057922 1.36707592010498 0.180266380310059
v 1.233482837677 1.35583281517029 0.181654423475266
v 1.23644495010376 1.36205196380615 0.184993982315063
v 1.22416484355927 1.3674738407135 0.191061556339264
v 1.22397232055664 1.36649262905121 0.186828821897507
v 1.22626745700836 1.36841011047363 0.194190412759781
v 1.240229845047 1.33924794197083 0.192838162183762
v 1.2331485748291 1.36988997459412 0.195200800895691
v 1.22928357124329 1.36941027641296 0.195952832698822
v 1.22616624832153 1.35978174209595 0.183383882045746
v 1.22562336921692 1.3664870262146 0.182751834392548
v 1.2350617647171 1.36918973922729 0.184756755828857
v 1.23577904701233 1.36968159675598 0.190621733665466
v 1.23413121700287 1.37507939338684 0.184619396924973
v 1.23491775989532 1.37547147274017 0.190450310707092
v 1.23202836513519 1.37540459632874 0.194942265748978
v 1.22841167449951 1.37442243099213 0.19582524895668
v 1.22561764717102 1.37303376197815 0.193880438804626
v 1.23114192485809 1.37394762039185 0.180998414754868
v 1.22797727584839 1.37257599830627 0.1806760430336
v 1.22542297840118 1.3713812828064 0.183010548353195
v 1.23036217689514 1.37868595123291 0.181798815727234
v 1.23321616649628 1.38053679466248 0.185459733009338
v 1.2270941734314 1.38933455944061 0.195071309804916
v 1.22816371917725 1.38527369499207 0.195298403501511
v 1.22986793518066 1.38599061965942 0.193825840950012
v 1.2291613817215 1.38951683044434 0.194339454174042
v 1.23069524765015 1.38066565990448 0.194562375545502
v 1.23147463798523 1.38277721405029 0.193326652050018
v 1.23315334320068 1.38232839107513 0.190582573413849
v 1.23239016532898 1.38606655597687 0.191306829452515
v 1.23263430595398 1.38556182384491 0.186865508556366
v 1.23146975040436 1.38976120948792 0.187421798706055
v 1.23187732696533 1.38998031616211 0.191688507795334
v 1.23328995704651 1.38301038742065 0.18771493434906
v 1.22920107841492 1.39227843284607 0.194333493709564
v 1.22727489471436 1.39277315139771 0.194262623786926
v 1.23376989364624 1.37979650497437 0.190572798252106
v 1.22760534286499 1.37897729873657 0.19539088010788
v 1.22608006000519 1.38424873352051 0.195426374673843
v 1.22500813007355 1.38913834095001 0.194745123386383
v 1.22503542900085 1.3923853635788 0.192936688661575
v 1.22429001331329 1.38265311717987 0.193776607513428
v 1.2233818769455 1.38794791698456 0.193152606487274
v 1.22357273101807 1.3910059928894 0.191375434398651
v 1.22305393218994 1.38120019435883 0.190945446491241
v 1.22251284122467 1.38662004470825 0.190771967172623
v 1.22367572784424 1.37579262256622 0.190622568130493
v 1.22519981861115 1.37736177444458 0.193783134222031
v 1.22281467914581 1.38960313796997 0.190309286117554
v 1.22849905490875 1.39417636394501 0.190750479698181
v 1.22597551345825 1.39343583583832 0.189757287502289
v 1.23111271858215 1.39330196380615 0.191621452569962
v 1.23149180412292 1.38512682914734 0.184577971696854
v 1.23009276390076 1.38970983028412 0.18511500954628
v 1.22924208641052 1.38363659381866 0.182493656873703
v 1.2277135848999 1.38889241218567 0.183783084154129
v 1.2292617559433 1.39283633232117 0.187127351760864
v 1.23107397556305 1.39250111579895 0.188204616308212
v 1.22389888763428 1.37184524536133 0.190791368484497
v 1.22383844852448 1.37108016014099 0.18673637509346
v 1.22346210479736 1.37502551078796 0.186782866716385
v 1.22276985645294 1.38042187690735 0.187289148569107
v 1.22488462924957 1.37554657459259 0.18325600028038
v 1.22735989093781 1.3768994808197 0.181344985961914
v 1.22649657726288 1.38248860836029 0.182204842567444
v 1.22391068935394 1.38116693496704 0.183834075927734
v 1.22548580169678 1.38774299621582 0.184016942977905
v 1.22343015670776 1.3867404460907 0.185285598039627
v 1.22243905067444 1.38615441322327 0.187981516122818
v 1.2248272895813 1.3909227848053 0.18659046292305
v 1.22679698467255 1.39224624633789 0.186515361070633
v 1.22420132160187 1.39180064201355 0.189153283834457
v 1.22360038757324 1.38959133625031 0.186880081892014
v 1.22308003902435 1.38981509208679 0.188688784837723
v 1.23375773429871 1.33324670791626 0.181097328662872
v 1.18479466438293 1.27409136295319 0.263208776712418
v 1.18424820899963 1.27807450294495 0.259331554174423
v 1.17298805713654 1.2722954750061 0.249625831842422
v 1.17714750766754 1.27753067016602 0.251105308532715
v 1.17095863819122 1.26612234115601 0.251461535692215
v 1.17371487617493 1.26095724105835 0.260189741849899
v 1.17138183116913 1.26250314712524 0.25575864315033
v 1.18157124519348 1.27958738803864 0.255212336778641
v 1.18304634094238 1.268385887146 0.265886664390564
v 1.17832767963409 1.26273512840271 0.264584243297577
v 1.17612707614899 1.27329134941101 0.271740823984146
v 1.17113435268402 1.26778697967529 0.270728290081024
v 1.16615784168243 1.26536595821381 0.266130596399307
v 1.1648176908493 1.2665798664093 0.260478764772415
v 1.16534805297852 1.26965475082397 0.255676478147507
v 1.17889368534088 1.2784560918808 0.268770575523376
v 1.17923355102539 1.28192031383514 0.264011323451996
v 1.17632961273193 1.28250241279602 0.258675694465637
v 1.17304468154907 1.28254020214081 0.273891985416412
v 1.16839158535004 1.27979719638824 0.278402060270309
v 1.15156507492065 1.27728295326233 0.277726262807846
v 1.15452575683594 1.27442800998688 0.274551272392273
v 1.15626382827759 1.27510511875153 0.2782923579216
v 1.15372276306152 1.27665758132935 0.28104430437088
v 1.15924894809723 1.27150022983551 0.272222191095352
v 1.15877735614777 1.27402234077454 0.276876270771027
v 1.16187942028046 1.27624726295471 0.279519110918045
v 1.15995562076569 1.27716171741486 0.282027006149292
v 1.16445982456207 1.27926301956177 0.281100451946259
v 1.16345536708832 1.28109514713287 0.28358256816864
v 1.15728461742401 1.27847743034363 0.284887760877609
v 1.15198397636414 1.27866840362549 0.283758163452148
v 1.15448975563049 1.28061401844025 0.286783367395401
v 1.15007948875427 1.2803111076355 0.281740128993988
v 1.16463100910187 1.2744505405426 0.27618345618248
v 1.15868175029755 1.2706526517868 0.265339702367783
v 1.15376126766205 1.27496027946472 0.270135968923569
v 1.15058946609497 1.279212474823 0.274565577507019
v 1.14990270137787 1.28314077854156 0.278786957263947
v 1.15440058708191 1.27818560600281 0.265709787607193
v 1.15191233158112 1.28264510631561 0.271556109189987
v 1.15184223651886 1.2854026556015 0.275971055030823
v 1.157674908638 1.28252005577087 0.264014273881912
v 1.15476143360138 1.28567719459534 0.270615428686142
v 1.16340160369873 1.27764546871185 0.257079720497131
v 1.15978276729584 1.27310419082642 0.25978347659111
v 1.15376532077789 1.28684067726135 0.274222791194916
v 1.15229976177216 1.28399515151978 0.285691112279892
v 1.15268218517303 1.28674507141113 0.282146215438843
v 1.16567194461823 1.28422677516937 0.281913101673126
v 1.16092789173126 1.28250801563263 0.28615590929985
v 1.16218686103821 1.28632581233978 0.284768044948578
v 1.16770470142365 1.28699576854706 0.27861088514328
v 1.16257977485657 1.2891480922699 0.281716883182526
v 1.15782034397125 1.28646516799927 0.286577165126801
v 1.15803420543671 1.28306841850281 0.287917941808701
v 1.16815209388733 1.2744072675705 0.253392934799194
v 1.17204737663269 1.2794224023819 0.254810899496078
v 1.16801261901855 1.28262484073639 0.258509337902069
v 1.16246271133423 1.28639936447144 0.265377938747406
v 1.17248857021332 1.28538489341736 0.263057202100754
v 1.17450428009033 1.28547048568726 0.269032686948776
v 1.16794323921204 1.28934383392334 0.274345338344574
v 1.16611480712891 1.28952670097351 0.269299328327179
v 1.16214299201965 1.29072332382202 0.278135389089584
v 1.16064751148224 1.29027330875397 0.274363040924072
v 1.15788984298706 1.28832983970642 0.271746635437012
v 1.15762543678284 1.28988528251648 0.279538929462433
v 1.15755176544189 1.28896927833557 0.283271968364716
v 1.1539980173111 1.28795313835144 0.278674632310867
v 1.15774714946747 1.2897881269455 0.276763677597046
v 1.15554475784302 1.28841423988342 0.275641947984695
v 1.2259304523468 1.32495188713074 0.181423842906952
v 1.22186398506165 1.32478141784668 0.186198711395264
v 1.22249805927277 1.31695699691772 0.184113681316376
v 1.22386038303375 1.30781769752502 0.181361675262451
v 1.2299827337265 1.30170869827271 0.175805538892746
v 1.22099852561951 1.306147813797 0.187473982572556
v 1.21960914134979 1.31553149223328 0.189906418323517
v 1.21870112419128 1.32550966739655 0.193235635757446
v 1.22025895118713 1.29739499092102 0.191027730703354
v 1.08115935325623 1.33895719051361 0.403055489063263
v 1.07742965221405 1.33950066566467 0.402556866407394
v 1.08101892471313 1.33295142650604 0.405156791210175
v 1.08402216434479 1.33363103866577 0.405483692884445
v 1.0735205411911 1.33244132995605 0.406179428100586
v 1.07752323150635 1.33229947090149 0.405069202184677
v 1.07262921333313 1.33989691734314 0.403313130140305
v 1.06789588928223 1.33959555625916 0.405945241451263
v 1.06257367134094 1.33622467517853 0.412610709667206
v 1.06119441986084 1.33474278450012 0.413415312767029
v 1.06177055835724 1.33375334739685 0.412914872169495
v 1.06370568275452 1.33369278907776 0.411912322044373
v 1.06663203239441 1.33307230472565 0.409646362066269
v 1.08749032020569 1.33678042888641 0.406139671802521
v 1.08626651763916 1.33767545223236 0.40521565079689
v 1.08400917053223 1.33844888210297 0.404004514217377
v 1.06984758377075 1.33261871337891 0.407549560070038
v 1.08624911308289 1.33465802669525 0.406132876873016
v 1.08744215965271 1.33569622039795 0.406504392623901
v 1.06461989879608 1.33855211734772 0.409534215927124
v 1.07347965240479 1.33467185497284 0.405227065086365
v 1.07751905918121 1.33469414710999 0.404433995485306
v 1.07329225540161 1.33732962608337 0.404185354709625
v 1.069007396698 1.33724141120911 0.406092196702957
v 1.06483376026154 1.33479058742523 0.410586327314377
v 1.0667405128479 1.33477306365967 0.408831894397736
v 1.08093643188477 1.33486986160278 0.404624342918396
v 1.06973969936371 1.33475708961487 0.406745970249176
v 1.07760155200958 1.3371661901474 0.403571009635925
v 1.06597113609314 1.33672332763672 0.408747464418411
v 1.06436681747437 1.33592402935028 0.410753190517426
v 1.08661115169525 1.33639967441559 0.405969351530075
v 1.08661770820618 1.33592593669891 0.406065404415131
v 1.0593546628952 1.12764120101929 0.468086421489716
v 1.05257904529572 1.11232614517212 0.461493998765945
v 1.08102369308472 1.33687281608582 0.403995841741562
v 1.08549869060516 1.33559513092041 0.405630439519882
v 1.08359134197235 1.3351958990097 0.405113488435745
v 1.08367502689362 1.33682024478912 0.404733300209045
v 1.08555352687836 1.33664834499359 0.405435413122177
v 1.26188635826111 1.08339524269104 0.310130268335342
v 1.27147805690765 1.09816098213196 0.310355544090271
v 1.32082808017731 1.10564041137695 0.331957459449768
v 1.33249258995056 1.09269511699677 0.345771640539169
v 1.02996253967285 0.838517010211945 0.39038497209549
v 1.20372080802917 0.873507380485535 0.518076837062836
v 1.21119046211243 0.892484068870544 0.518734037876129
v 1.16605019569397 0.895336151123047 0.586636602878571
v 1.18037581443787 0.889642953872681 0.573086500167847
v 1.15148198604584 0.858501672744751 0.412536025047302
v 1.15376937389374 0.877027988433838 0.413795650005341
v 1.08174264431 0.855579197406769 0.395108640193939
v 1.08479952812195 0.876050114631653 0.397000312805176
v 1.12784218788147 0.837515532970428 0.399950355291367
v 1.18139815330505 0.844180285930634 0.550181567668915
v 1.19025111198425 0.840898334980011 0.532057106494904
v 1.19351637363434 0.859946966171265 0.535230934619904
v 1.18573999404907 0.863890647888184 0.553685903549194
v 1.14882493019104 0.90004575252533 0.595021486282349
v 1.14143884181976 0.878080308437347 0.591094553470612
v 1.17757201194763 0.897087812423706 0.427554845809937
v 1.19619679450989 0.897850513458252 0.446499586105347
v 1.21539354324341 0.904739141464233 0.493551552295685
v 1.21678388118744 0.910999894142151 0.516895294189453
v 1.21291518211365 0.919322431087494 0.537942707538605
v 1.20478773117065 0.927932620048523 0.557388603687286
v 1.06557404994965 0.898757696151733 0.396252930164337
v 1.04777669906616 0.921099066734314 0.400839865207672
v 1.15537214279175 0.896916210651398 0.413427591323853
v 0.999601066112518 0.906413793563843 0.413940668106079
v 1.20286726951599 0.959967136383057 0.574998915195465
v 1.18748354911804 0.965251863002777 0.5925332903862
v 1.2088475227356 0.900233626365662 0.469190806150436
v 1.04369008541107 1.07127106189728 0.434304594993591
v 1.05760633945465 1.07238948345184 0.423399150371552
v 1.0493004322052 1.05713379383087 0.417273432016373
v 1.03639400005341 1.05478823184967 0.429115206003189
v 1.06243395805359 1.0578054189682 0.407257974147797
v 1.0761992931366 1.0574095249176 0.398938953876495
v 1.08967316150665 1.05642449855804 0.392429828643799
v 1.12493324279785 1.0491589307785 0.382631003856659
v 1.11421918869019 1.05218744277954 0.384569227695465
v 1.14440357685089 1.04000198841095 0.383415728807449
v 1.13483035564423 1.04540383815765 0.382344514131546
v 1.15408897399902 1.02970445156097 0.386615455150604
v 1.16455590724945 1.01763486862183 0.393248736858368
v 1.18325757980347 1.02021467685699 0.406520754098892
v 1.17615306377411 1.00522720813751 0.402596831321716
v 1.15671479701996 1.00393712520599 0.389098644256592
v 1.14599287509918 1.01630401611328 0.38274872303009
v 1.13609564304352 1.0260021686554 0.379619777202606
v 1.01178729534149 0.991502702236176 0.430878758430481
v 1.01359522342682 1.01469826698303 0.433672547340393
v 1.06481754779816 1.14255285263062 0.474312871694565
v 1.34858930110931 1.08411931991577 0.173370152711868
v 1.26874315738678 1.19108235836029 0.229536652565002
v 1.1773761510849 1.1588579416275 0.587464094161987
v 1.19032442569733 1.16182351112366 0.576455414295197
v 1.22656798362732 1.170041680336 0.530960083007812
v 1.22797799110413 1.17818331718445 0.509192645549774
v 1.21912121772766 1.16217577457428 0.551327764987946
v 1.20699632167816 1.15576124191284 0.567103147506714
v 1.1317310333252 0.915724277496338 0.405213057994843
v 1.19796693325043 1.12645983695984 0.584265768527985
v 1.21108889579773 1.14461016654968 0.569883823394775
v 1.22506153583527 1.15079426765442 0.553974449634552
v 1.23528897762299 1.1583034992218 0.532423496246338
v 1.2396320104599 1.16728043556213 0.506266534328461
v 1.24562454223633 1.16432619094849 0.491330295801163
v 1.26165950298309 1.14446949958801 0.47905558347702
v 1.26609706878662 1.14329254627228 0.467913687229156
v 1.27243769168854 1.14215445518494 0.456287503242493
v 1.26726293563843 1.15769839286804 0.446787804365158
v 1.259920835495 1.15879201889038 0.458566308021545
v 1.32018435001373 1.1030205488205 0.377970695495605
v 1.32704293727875 1.0892778635025 0.367013037204742
v 1.33193802833557 1.07443451881409 0.363095104694366
v 1.33281147480011 1.05978584289551 0.362293124198914
v 1.32835376262665 1.0469468832016 0.365486443042755
v 1.31898629665375 1.03718733787537 0.372699767351151
v 1.30737948417664 1.03373849391937 0.383301734924316
v 1.27454495429993 1.04047906398773 0.415531098842621
v 1.26558971405029 1.04429507255554 0.427538990974426
v 1.25474810600281 1.03145933151245 0.460326462984085
v 1.25417816638947 1.02456748485565 0.46855241060257
v 1.24817597866058 0.998964607715607 0.492496192455292
v 1.24300646781921 0.985056221485138 0.504611730575562
v 1.23658871650696 0.970295667648315 0.516755640506744
v 1.18878293037415 0.747807204723358 0.557717323303223
v 1.19923079013824 0.748261690139771 0.538430750370026
v 1.19497263431549 0.765594959259033 0.535097122192383
v 1.18358290195465 0.765207171440125 0.55405992269516
v 1.1477302312851 0.806068360805511 0.575313091278076
v 1.12896716594696 0.807740867137909 0.586706280708313
v 1.19971263408661 0.761964917182922 0.464591234922409
v 1.18902134895325 0.758090496063232 0.441358864307404
v 1.20228374004364 0.765613794326782 0.512778222560883
v 1.20377957820892 0.764283776283264 0.489423245191574
v 1.17204618453979 0.752460598945618 0.421093165874481
v 1.07761609554291 0.726568341255188 0.389617264270782
v 1.05231404304504 0.722698211669922 0.389488130807877
v 1.00585603713989 0.719942331314087 0.397007048130035
v 0.986062586307526 0.720425307750702 0.404665619134903
v 1.15133047103882 0.745204567909241 0.406252831220627
v 1.02813637256622 0.720430254936218 0.391887068748474
v 1.12865388393402 0.737641453742981 0.396823346614838
v 1.10372114181519 0.731236279010773 0.391783833503723
v 1.16407990455627 0.804800033569336 0.562006771564484
v 1.16640102863312 0.784293711185455 0.565512359142303
v 1.17988765239716 0.784152925014496 0.550495088100433
v 1.19902801513672 1.03157043457031 0.596083164215088
v 1.21464920043945 1.03317499160767 0.582515597343445
v 1.22977423667908 1.03670608997345 0.568466007709503
v 1.24345302581787 1.05786824226379 0.556614696979523
v 1.24235260486603 1.04149484634399 0.553713023662567
v 1.25244903564453 1.04715204238892 0.53609174489975
v 1.25218558311462 1.06286990642548 0.539925992488861
v 1.25971484184265 1.06952607631683 0.504092454910278
v 1.25813746452332 1.05850076675415 0.501583993434906
v 1.26066148281097 1.06198263168335 0.489269375801086
v 1.26308405399323 1.0725394487381 0.491179257631302
v 1.26479721069336 1.06400632858276 0.478038251399994
v 1.26934373378754 1.06462514400482 0.465462863445282
v 1.27397155761719 1.06472587585449 0.451603204011917
v 1.28106224536896 1.06391191482544 0.438080042600632
v 1.28829884529114 1.08560347557068 0.442950248718262
v 1.28093492984772 1.08639621734619 0.455723106861115
v 1.26132810115814 1.08277106285095 0.504176199436188
v 1.25752675533295 1.08087909221649 0.522605359554291
v 1.19869613647461 1.06595742702484 0.593348264694214
v 1.18288636207581 1.06345725059509 0.603415787220001
v 1.19083762168884 0.99895977973938 0.413408637046814
v 1.20644497871399 0.993148148059845 0.424284398555756
v 1.21993708610535 0.990507364273071 0.43593692779541
v 1.23055338859558 0.990831971168518 0.447610378265381
v 1.24032020568848 0.994187116622925 0.459421217441559
v 1.24694883823395 1.00035560131073 0.471784323453903
v 1.25321137905121 1.01687228679657 0.476045370101929
v 1.2512618303299 1.00843238830566 0.483612090349197
v 1.25538980960846 1.02614831924438 0.484883487224579
v 1.25393378734589 1.01830649375916 0.494091510772705
v 1.2554190158844 1.02918791770935 0.503462314605713
v 1.25578677654266 1.04075121879578 0.512172639369965
v 1.25593400001526 1.05353760719299 0.51863157749176
v 1.25695896148682 1.06695806980133 0.52225661277771
v 1.25256955623627 1.07884049415588 0.54100090265274
v 1.24427843093872 1.07536101341248 0.556982636451721
v 1.23122775554657 1.08963716030121 0.568739473819733
v 1.23131275177002 1.10598492622375 0.566233098506927
v 1.23059630393982 1.07185029983521 0.570061206817627
v 1.23042726516724 1.05378103256226 0.570803701877594
v 1.20043897628784 1.19634616374969 0.529111742973328
v 1.19376277923584 1.19143283367157 0.547588109970093
v 1.3077404499054 1.04802584648132 0.393127173185349
v 1.3035683631897 1.04361867904663 0.394913524389267
v 1.30546081066132 1.03976547718048 0.390087902545929
v 1.31335020065308 1.0440411567688 0.383906483650208
v 1.31990492343903 1.05207204818726 0.37961608171463
v 1.31544709205627 1.0654878616333 0.390939891338348
v 1.31248927116394 1.05535960197449 0.390888512134552
v 1.32346940040588 1.0631730556488 0.377673625946045
v 1.32373476028442 1.07553029060364 0.378781795501709
v 1.3166778087616 1.07649040222168 0.392365276813507
v 1.3218982219696 1.08761143684387 0.382466554641724
v 1.31652200222015 1.08673560619354 0.394558429718018
v 1.31803619861603 1.09783720970154 0.389862179756165
v 1.3154217004776 1.0940614938736 0.397010564804077
v 1.29926300048828 1.10552370548248 0.42921507358551
v 1.30571818351746 1.10204768180847 0.417841523885727
v 1.31152844429016 1.097736120224 0.405942589044571
v 1.28884339332581 1.06134879589081 0.425329059362411
v 1.29725348949432 1.06012034416199 0.413782358169556
v 1.30533134937286 1.05799651145935 0.402320504188538
v 1.30796885490417 1.067835688591 0.403327226638794
v 1.30067837238312 1.06951975822449 0.415421694517136
v 1.29304790496826 1.07110238075256 0.427549004554749
v 1.19920349121094 1.04941201210022 0.595708608627319
v 1.21474266052246 1.05149531364441 0.584085166454315
v 1.26763141155243 1.07425725460052 0.479294151067734
v 1.27221405506134 1.07493090629578 0.468160271644592
v 1.27782273292542 1.07487881183624 0.455028176307678
v 1.28540551662445 1.07406938076019 0.440751880407333
v 1.27556526660919 1.0863344669342 0.467840969562531
v 1.27017331123352 1.08585858345032 0.479450076818466
v 1.26504623889923 1.08480656147003 0.49145895242691
v 1.21533918380737 1.06898283958435 0.582227528095245
v 1.18381571769714 1.04730248451233 0.60616934299469
v 1.20697438716888 1.14595401287079 0.384605526924133
v 1.22175025939941 1.16411542892456 0.395592957735062
v 1.24095284938812 1.17253720760345 0.411277562379837
v 1.25718641281128 1.16969919204712 0.430127620697021
v 1.34166383743286 1.00091087818146 0.217160820960999
v 1.13580238819122 0.855762124061584 0.58793181180954
v 1.13116633892059 0.833498239517212 0.58529531955719
v 1.14905905723572 0.83015650510788 0.57596492767334
v 1.17110991477966 0.968428254127502 0.605044901371002
v 1.18455171585083 1.03053903579712 0.607910811901093
v 1.08505141735077 1.0266900062561 0.377175956964493
v 1.07324326038361 1.02873229980469 0.381613224744797
v 1.08053708076477 1.04255294799805 0.386294007301331
v 1.09293949604034 1.04062640666962 0.381916850805283
v 1.10779571533203 1.02197396755219 0.373942375183105
v 1.09686172008514 1.02456486225128 0.374703586101532
v 1.10484623908997 1.03817296028137 0.379282087087631
v 1.1157648563385 1.03531730175018 0.377985507249832
v 1.11817514896393 1.01821792125702 0.374287664890289
v 1.12610685825348 1.03170955181122 0.378059953451157
v 1.09046065807343 1.01006770133972 0.371801137924194
v 1.07898199558258 1.01212430000305 0.373931586742401
v 1.06771540641785 1.01426517963409 0.378451317548752
v 1.11151623725891 1.00541639328003 0.372046232223511
v 1.10167360305786 1.00814878940582 0.371278136968613
v 1.05928361415863 1.22028231620789 0.444725841283798
v 1.05319237709045 1.22276079654694 0.430423736572266
v 1.03979778289795 1.2619606256485 0.411384165287018
v 1.04006314277649 1.26663553714752 0.412244588136673
v 1.07294940948486 1.16315174102783 0.485405057668686
v 1.0750230550766 1.17223215103149 0.487609833478928
v 1.0183436870575 1.03448283672333 0.437030434608459
v 1.03035807609558 1.06898641586304 0.445353955030441
v 1.03859639167786 1.08173358440399 0.450258851051331
v 1.04561793804169 1.09677946567535 0.455281496047974
v 1.06987297534943 1.15403759479523 0.479971468448639
v 1.02425301074982 1.05186629295349 0.441080987453461
v 1.21613025665283 0.57568371295929 0.521009564399719
v 1.20811223983765 0.56143581867218 0.548112332820892
v 1.21394419670105 0.588407278060913 0.540006697177887
v 1.20788037776947 0.577747225761414 0.558952629566193
v 1.21613621711731 0.654592633247375 0.503563165664673
v 1.21672403812408 0.62887966632843 0.513290643692017
v 1.21783876419067 0.682080268859863 0.496883988380432
v 1.19666123390198 0.571993350982666 0.579954206943512
v 1.17836916446686 0.571238279342651 0.599403619766235
v 1.18378305435181 0.592107534408569 0.604166150093079
v 1.21780323982239 0.682398796081543 0.525330722332001
v 1.21683096885681 0.655708611011505 0.531210243701935
v 1.21302795410156 0.596609115600586 0.550620436668396
v 1.21639931201935 0.605975270271301 0.525136828422546
v 1.21458089351654 0.61072313785553 0.545137166976929
v 1.19923746585846 0.591266214847565 0.584548354148865
v 1.20867538452148 0.593080878257751 0.565282046794891
v 1.15907299518585 0.746801733970642 0.589719295501709
v 1.14334237575531 0.730425357818604 0.613085031509399
v 1.165323138237 0.728478133678436 0.596874952316284
v 1.20591366291046 0.748780250549316 0.515144228935242
v 1.20607972145081 0.728953242301941 0.542382657527924
v 1.210369348526 0.610970795154572 0.56489086151123
v 1.20259547233582 0.6119384765625 0.585875988006592
v 1.18770980834961 0.614274919033051 0.6069455742836
v 1.19156837463379 0.685917496681213 0.594882607460022
v 1.19215488433838 0.663042902946472 0.601922035217285
v 1.20550620555878 0.659682035446167 0.580641090869904
v 1.20516157150269 0.683960914611816 0.57393741607666
v 1.21149265766144 0.707022070884705 0.546771883964539
v 1.21371531486511 0.682667374610901 0.550992071628571
v 1.18839979171753 0.707927763462067 0.587911248207092
v 1.20210719108582 0.7074014544487 0.568439185619354
v 1.1958110332489 0.728552520275116 0.563334941864014
v 1.21383690834045 0.656808018684387 0.556570410728455
v 1.16934382915497 0.642692983150482 0.626172065734863
v 1.19054400920868 0.638465344905853 0.606715023517609
v 1.14259207248688 0.646349668502808 0.64091682434082
v 1.18244802951813 0.728339493274689 0.580798506736755
v 1.17524755001068 0.747257113456726 0.574038147926331
v 1.1698100566864 0.765515923500061 0.569257616996765
v 1.16536295413971 0.826814591884613 0.562608599662781
v 1.13511955738068 0.346119940280914 0.42657259106636
v 1.02785110473633 0.529524803161621 0.514900922775269
v 1.03685474395752 0.534391760826111 0.537713289260864
v 1.17413818836212 0.602918267250061 0.410290032625198
v 1.21378982067108 0.589453458786011 0.472803771495819
v 1.21613359451294 0.598051488399506 0.502142369747162
v 1.02861034870148 0.531065940856934 0.447968363761902
v 1.02180063724518 0.526163280010223 0.473387598991394
v 1.14817929267883 0.594753563404083 0.396784484386444
v 1.09219717979431 0.558768451213837 0.394930213689804
v 1.02259135246277 0.526191115379333 0.494923055171967
v 1.21606612205505 0.631678521633148 0.538060545921326
v 1.21246767044067 0.632588088512421 0.56141471862793
v 1.20421624183655 0.634591579437256 0.584523856639862
v 1.16570496559143 0.618716597557068 0.626397013664246
v 1.13813889026642 0.623756647109985 0.640965163707733
v 1.00172328948975 0.581984639167786 0.431913822889328
v 0.994843602180481 0.59321403503418 0.430016398429871
v 0.986224770545959 0.59283173084259 0.434644728899002
v 0.990988552570343 0.578005373477936 0.440280616283417
v 1.07776844501495 0.70357745885849 0.392504096031189
v 1.05176949501038 0.699345469474792 0.39370185136795
v 1.0053288936615 0.69695782661438 0.402496933937073
v 0.986357510089874 0.698288559913635 0.409889370203018
v 1.15359973907471 0.725557446479797 0.406294047832489
v 1.02714622020721 0.697014212608337 0.397044777870178
v 1.13065242767334 0.716722786426544 0.39729043841362
v 1.10480916500092 0.709208726882935 0.39322891831398
v 1.17074358463287 -0.0870765447616577 0.587645471096039
v 1.17519176006317 -0.114795684814453 0.586098194122314
v 1.17528355121613 -0.112513899803162 0.601034939289093
v 1.16872668266296 -0.0844131708145142 0.601718902587891
v 1.18456447124481 -0.0760452747344971 0.627738833427429
v 1.17340135574341 -0.0799688696861267 0.621006071567535
v 1.1986985206604 -0.0738847255706787 0.629183769226074
v 1.19877183437347 -0.105090737342834 0.632059276103973
v 1.2105393409729 -0.105048418045044 0.625920832157135
v 1.211834192276 -0.0739279985427856 0.624830842018127
v 1.22086119651794 -0.0745110511779785 0.615286946296692
v 1.22632610797882 -0.105652689933777 0.605858087539673
v 1.2288693189621 -0.106614470481873 0.58773010969162
v 1.23022663593292 -0.0783484578132629 0.584617435932159
v 1.22701847553253 -0.0756989717483521 0.602861046791077
v 1.22598564624786 -0.0849941968917847 0.565625607967377
v 1.22545921802521 -0.111163854598999 0.569040894508362
v 1.21150743961334 -0.0897141695022583 0.556141138076782
v 1.17639005184174 -0.0900371074676514 0.572405695915222
v 1.17946994304657 -0.116769075393677 0.569383680820465
v 1.18517327308655 -0.106766700744629 0.630492508411407
v 1.17636120319366 -0.110109448432922 0.620704174041748
v 1.16807782649994 -0.0829296112060547 0.611558496952057
v 1.17570495605469 -0.111257672309875 0.610682964324951
v 1.17682075500488 -0.140820860862732 0.597402095794678
v 1.17356085777283 -0.141268968582153 0.581649005413055
v 1.18503069877625 -0.136635780334473 0.632698714733124
v 1.1815242767334 -0.138468623161316 0.619375050067902
v 1.20889604091644 -0.134493350982666 0.626599550247192
v 1.19831347465515 -0.13466203212738 0.635870814323425
v 1.22939383983612 -0.133944869041443 0.609448552131653
v 1.21917510032654 -0.10531222820282 0.617036938667297
v 1.21973586082458 -0.134262919425964 0.618738353252411
v 1.23231768608093 -0.132943987846375 0.591073036193848
v 1.22874999046326 -0.134781718254089 0.569429636001587
v 1.17957508563995 -0.140864491462708 0.563520550727844
v 1.17998898029327 -0.139400124549866 0.60852038860321
v 1.28125381469727 -0.208455204963684 0.419490337371826
v 1.27490341663361 -0.20943284034729 0.415894269943237
v 1.27560091018677 -0.204353809356689 0.418076694011688
v 1.27982997894287 -0.204413771629333 0.420104444026947
v 1.24657678604126 -0.207180023193359 0.400510013103485
v 1.23489546775818 -0.211241602897644 0.398789376020432
v 1.23600888252258 -0.198891162872314 0.398403942584991
v 1.24445867538452 -0.196894407272339 0.399243533611298
v 1.26374304294586 -0.208953976631165 0.405095130205154
v 1.27130961418152 -0.208919644355774 0.407967269420624
v 1.26863312721252 -0.213015675544739 0.40980663895607
v 1.26386833190918 -0.212874889373779 0.407969862222672
v 1.294957280159 -0.209417104721069 0.453210532665253
v 1.29994237422943 -0.210402131080627 0.457237243652344
v 1.29817366600037 -0.213928580284119 0.457808375358582
v 1.29497611522675 -0.213929653167725 0.455854833126068
v 1.2868241071701 -0.210391283035278 0.432463586330414
v 1.29183733463287 -0.211124897003174 0.436398804187775
v 1.29005229473114 -0.214738607406616 0.437558978796005
v 1.28682291507721 -0.215226531028748 0.434916257858276
v 1.24262821674347 -0.194674849510193 0.421709209680557
v 1.24534964561462 -0.194235801696777 0.408065110445023
v 1.23197364807129 -0.197072148323059 0.406790494918823
v 1.22730553150177 -0.193893790245056 0.420005977153778
v 1.22543251514435 -0.207218647003174 0.407776057720184
v 1.23285102844238 -0.212942361831665 0.411947548389435
v 1.22809970378876 -0.214919567108154 0.424851268529892
v 1.2205114364624 -0.206470370292664 0.422105312347412
v 1.24569857120514 -0.213013052940369 0.413196384906769
v 1.24238395690918 -0.21459949016571 0.425598591566086
v 1.25047945976257 -0.20597779750824 0.42490428686142
v 1.25491762161255 -0.203605532646179 0.410912156105042
v 1.2687908411026 -0.205500721931458 0.427621811628342
v 1.27425134181976 -0.207245469093323 0.416842401027679
v 1.26861906051636 -0.200746417045593 0.414683997631073
v 1.26336860656738 -0.197550654411316 0.426122486591339
v 1.26071810722351 -0.200912475585938 0.411208868026733
v 1.25277364253998 -0.197885394096375 0.421598732471466
v 1.24977993965149 -0.208578824996948 0.421683758497238
v 1.25507020950317 -0.207773208618164 0.408904790878296
v 1.25919830799103 -0.213543653488159 0.413448631763458
v 1.25395143032074 -0.214363813400269 0.425434768199921
v 1.26292455196381 -0.213863372802734 0.427955269813538
v 1.26819062232971 -0.213772654533386 0.416917890310287
v 1.27817130088806 -0.199085474014282 0.436872750520706
v 1.27980434894562 -0.203078031539917 0.425946176052094
v 1.27272522449493 -0.203232645988464 0.423119306564331
v 1.2683789730072 -0.199542880058289 0.432182967662811
v 1.26867341995239 -0.210890412330627 0.420899987220764
v 1.27360844612122 -0.214365601539612 0.423766911029816
v 1.26942360401154 -0.21432900428772 0.433527886867523
v 1.26514577865601 -0.209851622581482 0.430156290531158
v 1.27849006652832 -0.213448047637939 0.437079876661301
v 1.28063452243805 -0.21467912197113 0.426518589258194
v 1.28304088115692 -0.205272912979126 0.437143325805664
v 1.28466486930847 -0.208540558815002 0.427114963531494
v 1.29398536682129 -0.207324862480164 0.453813314437866
v 1.29443168640137 -0.21079421043396 0.443771451711655
v 1.29150056838989 -0.205189228057861 0.442320823669434
v 1.290860414505 -0.200671553611755 0.452866971492767
v 1.286217212677 -0.204190373420715 0.439162015914917
v 1.28396737575531 -0.200700521469116 0.446940779685974
v 1.28226101398468 -0.208607196807861 0.437105387449265
v 1.28410458564758 -0.215797901153564 0.439417719841003
v 1.28293585777283 -0.214872360229492 0.447393149137497
v 1.28162527084351 -0.206688284873962 0.443585693836212
v 1.29036998748779 -0.216150999069214 0.442958235740662
v 1.28987991809845 -0.214960336685181 0.452836632728577
v 1.29920887947083 -0.202691078186035 0.472494572401047
v 1.30061101913452 -0.209633708000183 0.474893927574158
v 1.30122411251068 -0.209737181663513 0.464816391468048
v 1.29938149452209 -0.204276919364929 0.463682174682617
v 1.29527711868286 -0.203680038452148 0.459750711917877
v 1.29443621635437 -0.20130455493927 0.46598744392395
v 1.29155588150024 -0.208122611045837 0.457936018705368
v 1.29206526279449 -0.215301513671875 0.459815055131912
v 1.2915598154068 -0.215151071548462 0.465923845767975
v 1.29229164123535 -0.206926107406616 0.463203728199005
v 1.2979257106781 -0.215235829353333 0.463340550661087
v 1.29682302474976 -0.214820146560669 0.471820116043091
v 1.22329437732697 -0.192477703094482 0.433737277984619
v 1.2428332567215 -0.195856332778931 0.435482114553452
v 1.23685383796692 -0.211808204650879 0.403565049171448
v 1.2166930437088 -0.207314729690552 0.436189770698547
v 1.2438657283783 -0.211841583251953 0.404642462730408
v 1.24277353286743 -0.215949773788452 0.437802851200104
v 1.22519946098328 -0.216377377510071 0.438892424106598
v 1.24716985225677 -0.207245707511902 0.430172801017761
v 1.26952362060547 -0.203686475753784 0.408602327108383
v 1.2637050151825 -0.207947611808777 0.435644298791885
v 1.26146984100342 -0.215615630149841 0.443480610847473
v 1.2650820016861 -0.203684687614441 0.406615376472473
v 1.26043319702148 -0.196640014648438 0.441732257604599
v 1.27572858333588 -0.198168396949768 0.454214364290237
v 1.27623271942139 -0.213433980941772 0.418654441833496
v 1.27983820438385 -0.213535308837891 0.420315891504288
v 1.27773261070251 -0.215817451477051 0.454193651676178
v 1.28175854682922 -0.205661296844482 0.445835709571838
v 1.29127490520477 -0.207223773002625 0.436620324850082
v 1.29346990585327 -0.206639885902405 0.4632328748703
v 1.2891845703125 -0.216390371322632 0.468489348888397
v 1.28798055648804 -0.206311702728271 0.435061573982239
v 1.28887343406677 -0.198389053344727 0.469252049922943
v 1.29853200912476 -0.207008838653564 0.458347916603088
v 1.29886138439178 -0.20933210849762 0.487240940332413
v 1.29567074775696 -0.216811537742615 0.482368111610413
v 1.29625427722931 -0.206097841262817 0.455980539321899
v 1.29710698127747 -0.200539827346802 0.483128488063812
v 1.1850517988205 -0.0926662683486938 0.560025155544281
v 1.18864941596985 -0.117388606071472 0.557605683803558
v 1.19753527641296 -0.092947244644165 0.555028140544891
v 1.2131507396698 -0.115087747573853 0.558137178421021
v 1.201327085495 -0.117472767829895 0.554815351963043
v 1.19211077690125 -0.139336824417114 0.550293684005737
v 1.21751916408539 -0.137763023376465 0.55591481924057
v 1.20640563964844 -0.138291001319885 0.54943573474884
v 1.23198115825653 -0.155215501785278 0.614780008792877
v 1.23771834373474 -0.154071688652039 0.59606397151947
v 1.21947073936462 -0.15603232383728 0.622602462768555
v 1.19750082492828 -0.157578229904175 0.64085978269577
v 1.20919620990753 -0.156507015228271 0.632066190242767
v 1.19679272174835 -0.156866550445557 0.540402889251709
v 1.18382775783539 -0.160947322845459 0.556925415992737
v 1.21254503726959 -0.154376268386841 0.538045704364777
v 1.22619533538818 -0.153634667396545 0.547275602817535
v 1.21450197696686 -0.190829157829285 0.449153751134872
v 1.20882248878479 -0.193302989006042 0.470218181610107
v 1.22352683544159 -0.181550860404968 0.471016138792038
v 1.23349499702454 -0.187823414802551 0.452670633792877
v 1.24181318283081 -0.182293891906738 0.479818999767303
v 1.25097286701202 -0.190552234649658 0.460735976696014
v 1.25731790065765 -0.185458898544312 0.491293251514435
v 1.26657938957214 -0.192148089408875 0.472398221492767
v 1.27019894123077 -0.189779162406921 0.503668308258057
v 1.28008139133453 -0.194904685020447 0.485828518867493
v 1.28115475177765 -0.197023987770081 0.51530647277832
v 1.29098808765411 -0.198657751083374 0.497669577598572
v 1.28852963447571 -0.207382440567017 0.521717846393585
v 1.29656136035919 -0.208615899085999 0.503055214881897
v 1.20906794071198 -0.208878636360168 0.451911419630051
v 1.20502924919128 -0.209781289100647 0.472729176282883
v 1.21947062015533 -0.220005035400391 0.456189781427383
v 1.21523571014404 -0.222999095916748 0.476824820041656
v 1.23621249198914 -0.219740867614746 0.461027443408966
v 1.23089945316315 -0.22270667552948 0.482448279857635
v 1.28550982475281 -0.220526337623596 0.517990410327911
v 1.29224729537964 -0.220112204551697 0.498223662376404
v 1.25362825393677 -0.21984851360321 0.469421923160553
v 1.24764621257782 -0.221705913543701 0.491008877754211
v 1.26925754547119 -0.221255779266357 0.479341626167297
v 1.26281428337097 -0.222711682319641 0.500872015953064
v 1.28206717967987 -0.222017765045166 0.48941296339035
v 1.27544629573822 -0.223435044288635 0.51028573513031
v 1.21235930919647 -0.1782466173172 0.493831217288971
v 1.23132073879242 -0.172445893287659 0.499860048294067
v 1.24614095687866 -0.176345586776733 0.512087941169739
v 1.25827085971832 -0.183318495750427 0.524927973747253
v 1.26887094974518 -0.194262981414795 0.536446154117584
v 1.27772903442383 -0.204793453216553 0.542833209037781
v 1.24885737895966 -0.173417448997498 0.551567196846008
v 1.25744032859802 -0.193264722824097 0.560430288314819
v 1.26499247550964 -0.205535531044006 0.564409613609314
v 1.24806666374207 -0.19307279586792 0.58512556552887
v 1.25365483760834 -0.206458687782288 0.586330354213715
v 1.23196542263031 -0.195716023445129 0.625180840492249
v 1.23737871646881 -0.21119499206543 0.627630352973938
v 1.24485385417938 -0.207479596138 0.608854472637177
v 1.23915910720825 -0.193626999855042 0.607665657997131
v 1.2423894405365 -0.174445867538452 0.579359531402588
v 1.23618280887604 -0.174050092697144 0.602814197540283
v 1.22830080986023 -0.175065279006958 0.619338989257812
v 1.21709680557251 -0.214864492416382 0.647044777870178
v 1.22880852222443 -0.213701248168945 0.639472961425781
v 1.22488582134247 -0.197157979011536 0.637290239334106
v 1.21492373943329 -0.197783350944519 0.647127211093903
v 1.19738578796387 -0.200433731079102 0.651515960693359
v 1.19980275630951 -0.217978119850159 0.647592902183533
v 1.18357014656067 -0.203420639038086 0.637693822383881
v 1.18515527248383 -0.220664620399475 0.635685622692108
v 1.21168291568756 -0.176423668861389 0.639677882194519
v 1.21996462345123 -0.176247596740723 0.629906713962555
v 1.19772505760193 -0.178062319755554 0.646180868148804
v 1.18500483036041 -0.180539488792419 0.635320425033569
v 1.18529212474823 -0.181295156478882 0.618103384971619
v 1.18381178379059 -0.203782081604004 0.618248283863068
v 1.18183362483978 -0.220602631568909 0.616846323013306
v 1.20346760749817 -0.195279359817505 0.49529641866684
v 1.20367240905762 -0.208804488182068 0.498323678970337
v 1.23658001422882 -0.164782524108887 0.531510889530182
v 1.22053384780884 -0.163443207740784 0.520137190818787
v 1.20078313350677 -0.172961711883545 0.522933959960938
v 1.19523513317108 -0.195555925369263 0.522386431694031
v 1.20051240921021 -0.20988929271698 0.525936126708984
v 1.19685113430023 -0.211554050445557 0.550392210483551
v 1.18931365013123 -0.199057579040527 0.548039853572845
v 1.21194529533386 -0.219471096992493 0.502567708492279
v 1.20934128761292 -0.216664552688599 0.529826045036316
v 1.20459306240082 -0.217791199684143 0.553530991077423
v 1.19126725196838 -0.214186906814575 0.571024358272552
v 1.18569326400757 -0.201454758644104 0.570040941238403
v 1.18773937225342 -0.216009140014648 0.587962687015533
v 1.18520021438599 -0.201537251472473 0.588215529918671
v 1.18502104282379 -0.202070593833923 0.602674543857574
v 1.18447661399841 -0.218177318572998 0.601676821708679
v 1.18286657333374 -0.181358695030212 0.5904541015625
v 1.18396425247192 -0.180808782577515 0.603799223899841
v 1.18290770053864 -0.182151079177856 0.571879267692566
v 1.18700158596039 -0.179544806480408 0.549297392368317
v 1.27592289447784 -0.218516707420349 0.540336787700653
v 1.2647500038147 -0.217219591140747 0.562558531761169
v 1.25311803817749 -0.216804265975952 0.584454834461212
v 1.24368238449097 -0.219603896141052 0.606371939182281
v 1.23384606838226 -0.223343968391418 0.622843980789185
v 1.22558867931366 -0.225409388542175 0.632687449455261
v 1.20141518115997 -0.227319002151489 0.638849377632141
v 1.21529376506805 -0.226200342178345 0.639269709587097
v 1.19100749492645 -0.229037642478943 0.630611538887024
v 1.18886995315552 -0.229946851730347 0.615296304225922
v 1.190878033638 -0.229223966598511 0.602214872837067
v 1.19846880435944 -0.222274422645569 0.57357269525528
v 1.19391083717346 -0.226661086082458 0.589195489883423
v 1.17594349384308 -0.163268566131592 0.57667088508606
v 1.17730760574341 -0.162733197212219 0.594679355621338
v 1.18043506145477 -0.161420583724976 0.606703817844391
v 1.18536710739136 -0.159096240997314 0.633273482322693
v 1.18344783782959 -0.160303592681885 0.618263840675354
v 1.2255984544754 -0.222674369812012 0.508229732513428
v 1.24122786521912 -0.221777319908142 0.516467869281769
v 1.25540125370026 -0.222314953804016 0.52575957775116
v 1.26698732376099 -0.222455739974976 0.533932864665985
v 1.25754070281982 -0.221975564956665 0.557459831237793
v 1.24685263633728 -0.222379446029663 0.550914764404297
v 1.23344874382019 -0.222586274147034 0.542851030826569
v 1.21997380256653 -0.220512866973877 0.535001456737518
v 1.24645757675171 -0.222672462463379 0.579257965087891
v 1.23712515830994 -0.224115490913391 0.573067009449005
v 1.22501528263092 -0.224652528762817 0.566292405128479
v 1.21385335922241 -0.222746610641479 0.558534026145935
v 1.20674741268158 -0.227452754974365 0.578543424606323
v 1.21600902080536 -0.228177309036255 0.586420655250549
v 1.22661852836609 -0.227145314216614 0.592699944972992
v 1.23547232151031 -0.225142240524292 0.599626004695892
v 1.22658216953278 -0.22737443447113 0.614998579025269
v 1.21839952468872 -0.22880232334137 0.607594788074493
v 1.20907580852509 -0.23006284236908 0.601058125495911
v 1.20163357257843 -0.23003077507019 0.594412684440613
v 1.21980285644531 -0.228478312492371 0.623742699623108
v 1.2040981054306 -0.230243682861328 0.630860805511475
v 1.21249568462372 -0.229120135307312 0.629374921321869
v 1.19691610336304 -0.23167884349823 0.626098275184631
v 1.19639825820923 -0.23185920715332 0.615602672100067
v 1.19843864440918 -0.231359004974365 0.605292022228241
v 1.20542788505554 -0.230698823928833 0.610160887241364
v 1.20293927192688 -0.230988502502441 0.617439150810242
v 1.21362173557281 -0.229445099830627 0.616073727607727
v 1.20920872688293 -0.229804635047913 0.622098803520203
v 1.20166659355164 -0.2309410572052 0.623245239257812
v 1.20488786697388 -0.230352401733398 0.625458061695099
v 1.2346978187561 -0.156289458274841 0.567723333835602
v 1.1526083946228 0.17891788482666 0.484803289175034
v 1.13785231113434 0.181003749370575 0.491740733385086
v 1.16867589950562 0.182410776615143 0.48206615447998
v 1.11825609207153 0.588267028331757 0.390108823776245
v 1.05469691753387 0.836888670921326 0.390742152929306
v 1.06180334091187 0.877654612064362 0.394118905067444
v 1.0575258731842 0.857053399085999 0.392830908298492
v 1.12314510345459 0.562566459178925 0.390028744935989
v 1.13171601295471 0.896269142627716 0.40542933344841
v 1.10240125656128 1.0548495054245 0.387736916542053
v 1.15280115604401 1.33831000328064 0.463338911533356
v 1.15189445018768 1.33507442474365 0.465835601091385
v 1.15221381187439 1.3326780796051 0.468867987394333
v 1.15335750579834 1.33062756061554 0.471753686666489
v 1.15415990352631 1.32939517498016 0.474979013204575
v 1.15387558937073 1.33001172542572 0.478750675916672
v 1.155064702034 1.33441913127899 0.47012996673584
v 1.15347123146057 1.33751392364502 0.473351061344147
v 1.15293502807617 1.33894300460815 0.471523076295853
v 1.15426301956177 1.33627033233643 0.468006700277328
f 2 3 1
f 1 3 4
f 3 2 5
f 5 2 6
f 3 7 4
f 4 7 8
f 10 11 9
f 9 11 12
f 14 15 13
f 13 15 16
f 18 19 17
f 17 19 20
f 22 23 21
f 21 23 24
f 26 18 25
f 25 18 17
f 27 28 17
f 17 28 25
f 30 31 29
f 29 31 32
f 34 35 33
f 33 35 36
f 21 24 37
f 37 24 38
f 40 31 39
f 39 31 38
f 34 33 28
f 28 33 25
f 41 42 44
f 44 42 43
f 36 45 33
f 33 45 25
f 46 47 49
f 49 47 48
f 51 52 50
f 50 52 53
f 55 53 54
f 54 53 52
f 57 58 56
f 56 58 59
f 61 62 60
f 60 62 63
f 65 66 64
f 64 66 67
f 69 70 68
f 68 70 71
f 65 73 72
f 72 73 74
f 64 75 65
f 65 75 73
f 77 78 76
f 76 78 79
f 80 81 83
f 83 81 82
f 81 85 84
f 84 85 86
f 88 89 87
f 87 89 69
f 88 87 90
f 90 87 91
f 93 94 92
f 92 94 95
f 96 84 43
f 43 84 44
f 51 98 97
f 97 98 86
f 97 99 51
f 51 99 52
f 54 52 100
f 100 52 99
f 58 101 59
f 59 101 102
f 62 103 63
f 63 103 104
f 105 106 6
f 6 106 5
f 108 109 107
f 107 109 110
f 112 113 111
f 111 113 114
f 116 117 115
f 115 117 118
f 120 121 119
f 119 121 122
f 124 125 123
f 123 125 126
f 128 129 127
f 127 129 130
f 130 131 127
f 127 131 132
f 134 1 133
f 133 1 135
f 1 4 135
f 135 4 136
f 4 8 136
f 136 8 137
f 138 139 15
f 15 139 140
f 140 139 141
f 141 139 142
f 144 57 143
f 143 57 56
f 145 146 141
f 141 146 147
f 146 149 148
f 148 149 150
f 152 153 151
f 151 153 154
f 141 147 140
f 140 147 155
f 157 11 156
f 156 11 158
f 160 161 159
f 159 161 162
f 164 165 163
f 163 165 166
f 165 160 166
f 166 160 159
f 168 169 167
f 167 169 170
f 169 171 170
f 170 171 172
f 149 173 150
f 150 173 174
f 175 176 149
f 149 176 173
f 178 172 177
f 177 172 171
f 180 181 179
f 179 181 182
f 184 180 183
f 183 180 179
f 186 187 185
f 185 187 188
f 190 191 189
f 189 191 192
f 7 193 8
f 8 193 194
f 196 162 195
f 195 162 161
f 197 168 198
f 198 168 167
f 181 199 182
f 182 199 200
f 202 203 201
f 201 203 204
f 187 186 205
f 205 186 206
f 208 209 207
f 207 209 210
f 212 213 211
f 211 213 214
f 215 216 218
f 218 216 217
f 220 209 219
f 219 209 208
f 204 186 221
f 221 186 185
f 201 204 222
f 222 204 221
f 223 211 220
f 220 211 209
f 224 225 214
f 214 225 210
f 203 206 204
f 204 206 186
f 227 187 226
f 226 187 205
f 27 228 21
f 21 228 22
f 230 231 229
f 229 231 232
f 234 235 233
f 233 235 236
f 238 239 237
f 237 239 240
f 119 122 118
f 118 122 115
f 112 242 241
f 241 242 243
f 98 51 244
f 244 51 50
f 245 138 14
f 14 138 15
f 11 10 158
f 158 10 246
f 89 85 69
f 69 85 70
f 11 157 12
f 12 157 247
f 249 164 248
f 248 164 163
f 177 250 178
f 178 250 251
f 253 254 252
f 252 254 255
f 187 227 188
f 188 227 256
f 212 257 213
f 213 257 258
f 260 134 259
f 259 134 133
f 165 164 135
f 135 164 133
f 160 165 136
f 136 165 135
f 136 137 160
f 160 137 161
f 137 261 161
f 161 261 195
f 263 264 262
f 262 264 265
f 13 16 266
f 266 16 267
f 268 267 155
f 155 267 16
f 147 269 155
f 155 269 268
f 162 196 167
f 167 196 198
f 167 170 162
f 162 170 159
f 170 172 159
f 159 172 166
f 172 178 166
f 166 178 163
f 178 251 163
f 163 251 248
f 168 270 169
f 169 270 271
f 272 273 171
f 171 273 177
f 271 272 169
f 169 272 171
f 168 197 270
f 270 197 274
f 250 177 275
f 275 177 273
f 277 45 276
f 276 45 278
f 280 281 279
f 279 281 282
f 284 104 283
f 283 104 103
f 285 215 286
f 286 215 218
f 288 289 287
f 287 289 290
f 291 80 66
f 66 80 83
f 293 294 292
f 292 294 295
f 73 91 74
f 74 91 87
f 91 73 92
f 92 73 75
f 279 77 280
f 280 77 76
f 80 291 70
f 70 291 71
f 277 47 96
f 96 47 82
f 297 175 296
f 296 175 149
f 299 154 298
f 298 154 153
f 225 300 210
f 210 300 207
f 224 301 206
f 206 301 205
f 210 209 214
f 214 209 211
f 226 205 302
f 302 205 301
f 304 305 303
f 303 305 306
f 308 309 307
f 307 309 310
f 72 291 65
f 65 291 66
f 66 83 67
f 67 83 46
f 312 313 311
f 311 313 314
f 316 317 315
f 315 317 36
f 29 318 35
f 35 318 319
f 321 32 320
f 320 32 322
f 311 314 323
f 323 314 324
f 315 325 316
f 316 325 326
f 318 287 319
f 319 287 290
f 328 321 327
f 327 321 320
f 329 330 39
f 39 330 331
f 332 333 40
f 40 333 322
f 309 334 285
f 285 334 335
f 236 2 134
f 134 2 1
f 260 336 233
f 233 336 337
f 237 14 265
f 265 14 13
f 84 86 44
f 44 86 98
f 189 192 7
f 7 192 193
f 44 98 41
f 41 98 244
f 237 240 14
f 14 240 245
f 7 3 189
f 189 3 5
f 338 71 72
f 72 71 291
f 262 265 266
f 266 265 13
f 124 123 339
f 339 123 105
f 123 109 105
f 105 109 106
f 189 5 190
f 190 5 106
f 111 114 12
f 12 114 9
f 264 340 265
f 265 340 237
f 342 343 341
f 341 343 344
f 6 235 105
f 105 235 339
f 234 346 345
f 345 346 347
f 349 350 348
f 348 350 351
f 107 352 108
f 108 352 353
f 355 356 354
f 354 356 357
f 237 340 238
f 238 340 358
f 12 247 111
f 111 247 359
f 264 263 116
f 116 263 360
f 361 362 222
f 222 362 201
f 364 365 363
f 363 365 366
f 368 369 367
f 367 369 370
f 372 373 371
f 371 373 374
f 375 376 372
f 372 376 377
f 378 379 381
f 381 379 380
f 382 383 269
f 269 383 268
f 150 174 365
f 365 174 384
f 380 377 381
f 381 377 376
f 271 270 180
f 180 270 181
f 273 272 252
f 252 272 184
f 272 271 184
f 184 271 180
f 181 270 274
f 252 255 273
f 273 255 275
f 254 385 255
f 255 385 386
f 387 388 179
f 179 388 183
f 389 387 182
f 182 387 179
f 182 200 389
f 389 200 390
f 388 391 183
f 183 391 253
f 391 392 253
f 253 392 254
f 394 379 393
f 393 379 378
f 185 188 395
f 395 188 396
f 221 185 397
f 397 185 395
f 222 221 398
f 398 221 397
f 188 256 396
f 396 256 399
f 400 401 256
f 256 401 399
f 402 403 405
f 405 403 404
f 148 150 364
f 364 150 365
f 393 406 394
f 394 406 407
f 158 246 393
f 393 246 406
f 342 19 238
f 238 19 239
f 23 22 350
f 350 22 354
f 244 50 245
f 245 50 138
f 55 142 53
f 53 142 139
f 145 144 296
f 296 144 143
f 355 228 341
f 341 228 20
f 41 240 42
f 42 240 239
f 283 308 284
f 284 308 307
f 349 409 408
f 408 409 410
f 244 245 41
f 41 245 240
f 268 383 406
f 406 383 407
f 346 411 349
f 349 411 409
f 251 412 248
f 248 412 413
f 275 414 250
f 250 414 415
f 25 45 26
f 26 45 277
f 43 26 96
f 96 26 277
f 416 417 61
f 61 417 62
f 329 24 408
f 408 24 23
f 31 40 32
f 32 40 322
f 39 38 329
f 329 38 24
f 37 38 30
f 30 38 31
f 418 419 421
f 421 419 420
f 78 295 79
f 79 295 294
f 124 339 422
f 422 339 345
f 232 131 357
f 357 131 351
f 2 236 6
f 6 236 235
f 252 184 253
f 253 184 183
f 227 423 256
f 256 423 400
f 423 227 305
f 305 227 226
f 424 258 425
f 425 258 257
f 426 427 212
f 212 427 257
f 259 133 249
f 249 133 164
f 419 418 428
f 428 418 429
f 327 430 328
f 328 430 288
f 49 431 46
f 46 431 67
f 306 302 424
f 424 302 258
f 313 432 314
f 314 432 433
f 32 321 29
f 29 321 318
f 324 314 433
f 287 318 328
f 328 318 321
f 134 260 236
f 236 260 233
f 345 339 234
f 234 339 235
f 357 351 354
f 354 351 350
f 408 23 349
f 349 23 350
f 317 278 36
f 36 278 45
f 432 313 429
f 429 313 428
f 435 428 434
f 434 428 313
f 42 239 18
f 18 239 19
f 43 42 26
f 26 42 18
f 121 120 436
f 436 120 437
f 302 301 258
f 258 301 213
f 110 109 126
f 126 109 123
f 238 358 342
f 342 358 343
f 341 20 342
f 342 20 19
f 322 438 320
f 320 438 439
f 320 439 327
f 327 439 430
f 333 440 322
f 322 440 438
f 289 288 323
f 323 288 430
f 115 340 116
f 116 340 264
f 146 145 149
f 149 145 296
f 15 140 16
f 16 140 155
f 441 442 152
f 152 442 153
f 225 224 203
f 203 224 206
f 175 297 154
f 154 297 151
f 293 443 294
f 294 443 444
f 248 413 249
f 249 413 445
f 446 447 400
f 400 447 401
f 388 387 396
f 396 387 395
f 387 389 395
f 395 389 397
f 391 388 399
f 399 388 396
f 401 392 399
f 399 392 391
f 255 386 275
f 275 386 414
f 449 450 448
f 448 450 451
f 335 452 285
f 285 452 215
f 453 298 442
f 442 298 153
f 211 223 212
f 212 223 426
f 425 257 454
f 454 257 427
f 266 10 262
f 262 10 9
f 360 113 456
f 456 113 455
f 8 194 137
f 137 194 261
f 10 266 246
f 246 266 267
f 203 202 225
f 225 202 300
f 262 9 263
f 263 9 114
f 108 353 190
f 190 353 191
f 389 390 397
f 397 390 398
f 457 422 128
f 128 422 129
f 156 158 378
f 378 158 393
f 347 346 348
f 348 346 349
f 447 458 401
f 401 458 392
f 364 382 148
f 148 382 269
f 55 54 57
f 57 54 58
f 75 64 459
f 459 64 460
f 100 90 101
f 101 90 95
f 101 58 100
f 100 58 54
f 142 55 144
f 144 55 57
f 147 146 269
f 269 146 148
f 459 93 75
f 75 93 92
f 144 145 142
f 142 145 141
f 228 27 20
f 20 27 17
f 154 299 175
f 175 299 176
f 214 213 224
f 224 213 301
f 424 461 306
f 306 461 303
f 285 286 309
f 309 286 310
f 462 334 308
f 308 334 309
f 302 306 226
f 226 306 305
f 37 28 21
f 21 28 27
f 29 35 30
f 30 35 34
f 30 34 37
f 37 34 28
f 344 436 356
f 356 436 229
f 325 290 326
f 326 290 289
f 311 439 312
f 312 439 438
f 35 319 36
f 36 319 315
f 439 311 430
f 430 311 323
f 315 319 325
f 325 319 290
f 440 463 438
f 438 463 312
f 341 344 355
f 355 344 356
f 360 456 116
f 116 456 117
f 354 22 355
f 355 22 228
f 326 289 324
f 324 289 323
f 74 87 68
f 68 87 69
f 50 53 138
f 138 53 139
f 268 406 267
f 267 406 246
f 190 106 108
f 108 106 109
f 241 455 112
f 112 455 113
f 358 122 343
f 343 122 121
f 129 347 130
f 130 347 348
f 348 351 130
f 130 351 131
f 229 232 356
f 356 232 357
f 340 115 358
f 358 115 122
f 111 359 112
f 112 359 242
f 125 124 457
f 457 124 422
f 231 132 232
f 232 132 131
f 343 121 344
f 344 121 436
f 263 114 360
f 360 114 113
f 347 129 345
f 345 129 422
f 230 229 437
f 437 229 436
f 464 446 423
f 423 446 400
f 465 466 468
f 468 466 467
f 470 471 469
f 469 471 472
f 469 472 373
f 373 472 374
f 474 469 473
f 473 469 373
f 471 475 472
f 472 475 476
f 472 477 374
f 374 477 478
f 477 472 476
f 479 480 476
f 476 480 477
f 473 373 377
f 377 373 372
f 481 482 479
f 479 482 480
f 483 484 481
f 481 484 482
f 403 402 485
f 485 402 486
f 487 488 483
f 483 488 484
f 487 489 488
f 488 489 490
f 489 491 490
f 490 491 492
f 491 493 492
f 492 493 494
f 493 495 494
f 494 495 496
f 497 498 481
f 481 498 483
f 484 499 482
f 482 499 367
f 370 480 367
f 367 480 482
f 480 370 477
f 477 370 478
f 500 497 479
f 479 497 481
f 451 473 380
f 380 473 377
f 448 451 379
f 379 451 380
f 501 502 504
f 504 502 503
f 449 505 507
f 507 505 506
f 486 508 505
f 505 508 506
f 508 509 506
f 506 509 510
f 511 507 510
f 510 507 506
f 509 508 512
f 512 508 513
f 515 509 514
f 514 509 512
f 509 515 510
f 510 515 516
f 510 516 511
f 511 516 517
f 486 505 485
f 485 505 518
f 505 449 518
f 518 449 448
f 383 382 403
f 403 382 404
f 363 404 364
f 364 404 382
f 403 485 383
f 383 485 407
f 519 520 361
f 361 520 362
f 522 496 521
f 521 496 495
f 450 474 451
f 451 474 473
f 363 366 523
f 523 366 524
f 525 499 488
f 488 499 484
f 488 490 525
f 525 490 526
f 496 522 520
f 520 522 527
f 494 496 519
f 519 496 520
f 492 494 528
f 528 494 519
f 529 530 495
f 495 530 521
f 490 492 526
f 526 492 528
f 529 495 531
f 531 495 493
f 533 534 532
f 532 534 535
f 523 524 533
f 533 524 534
f 486 402 532
f 532 402 533
f 529 536 530
f 530 536 537
f 536 538 537
f 537 538 539
f 540 541 539
f 539 541 537
f 530 537 535
f 535 537 541
f 542 539 543
f 543 539 538
f 539 542 540
f 540 542 544
f 541 540 513
f 513 540 512
f 540 544 512
f 512 544 514
f 546 547 545
f 545 547 548
f 549 550 531
f 531 550 551
f 550 549 552
f 552 549 553
f 546 550 554
f 554 550 552
f 547 546 555
f 555 546 554
f 498 556 558
f 558 556 557
f 559 557 560
f 560 557 556
f 561 562 560
f 560 562 559
f 557 559 552
f 552 559 554
f 559 562 554
f 554 562 555
f 558 557 553
f 553 557 552
f 475 471 563
f 563 471 564
f 565 563 567
f 567 563 566
f 471 470 564
f 564 470 466
f 564 466 568
f 568 466 465
f 568 465 569
f 569 465 570
f 572 573 571
f 571 573 574
f 569 575 567
f 567 575 576
f 577 565 576
f 576 565 567
f 578 579 581
f 581 579 580
f 575 561 576
f 576 561 560
f 556 577 560
f 560 577 576
f 577 556 497
f 497 556 498
f 565 577 500
f 500 577 497
f 563 565 475
f 475 565 500
f 553 489 558
f 558 489 487
f 531 493 549
f 549 493 491
f 489 553 491
f 491 553 549
f 394 407 518
f 518 407 485
f 518 448 394
f 394 448 379
f 545 548 538
f 538 548 543
f 551 545 536
f 536 545 538
f 536 529 551
f 551 529 531
f 507 582 449
f 449 582 450
f 511 583 507
f 507 583 582
f 511 517 583
f 583 517 584
f 585 586 588
f 588 586 587
f 590 591 589
f 589 591 592
f 591 590 593
f 593 590 594
f 596 597 595
f 595 597 598
f 599 600 602
f 602 600 601
f 604 605 603
f 603 605 606
f 608 609 607
f 607 609 610
f 612 613 611
f 611 613 614
f 615 616 618
f 618 616 617
f 620 621 619
f 619 621 622
f 624 625 623
f 623 625 626
f 628 629 627
f 627 629 630
f 632 633 631
f 631 633 634
f 635 636 638
f 638 636 637
f 639 640 642
f 642 640 641
f 644 645 643
f 643 645 646
f 619 622 647
f 647 622 648
f 650 651 649
f 649 651 652
f 601 653 602
f 602 653 654
f 656 657 655
f 655 657 658
f 660 661 659
f 659 661 662
f 664 665 663
f 663 665 666
f 593 594 667
f 667 594 668
f 669 670 672
f 672 670 671
f 673 674 676
f 676 674 675
f 633 632 677
f 677 632 678
f 663 666 679
f 679 666 680
f 681 682 684
f 684 682 683
f 686 687 685
f 685 687 688
f 690 661 689
f 689 661 691
f 693 686 692
f 692 686 685
f 695 597 694
f 694 597 668
f 594 696 668
f 668 696 694
f 697 698 696
f 696 698 699
f 700 701 697
f 697 701 698
f 702 585 703
f 703 585 588
f 671 690 672
f 672 690 689
f 640 639 704
f 704 639 705
f 679 706 663
f 663 706 658
f 708 709 707
f 707 709 710
f 711 712 610
f 610 712 607
f 713 714 716
f 716 714 715
f 717 718 720
f 720 718 719
f 722 634 721
f 721 634 633
f 724 725 723
f 723 725 726
f 728 729 727
f 727 729 730
f 732 733 731
f 731 733 734
f 707 710 735
f 735 710 736
f 643 737 644
f 644 737 738
f 740 741 739
f 739 741 742
f 608 744 743
f 743 744 745
f 747 748 746
f 746 748 749
f 751 752 750
f 750 752 753
f 754 755 757
f 757 755 756
f 758 759 761
f 761 759 760
f 763 764 762
f 762 764 765
f 767 768 766
f 766 768 769
f 771 772 770
f 770 772 773
f 775 776 774
f 774 776 777
f 779 780 778
f 778 780 781
f 783 712 782
f 782 712 784
f 785 786 788
f 788 786 787
f 790 628 789
f 789 628 627
f 792 793 791
f 791 793 794
f 795 796 726
f 726 796 723
f 798 799 797
f 797 799 800
f 721 633 801
f 801 633 677
f 797 800 802
f 802 800 803
f 805 806 804
f 804 806 807
f 809 810 808
f 808 810 811
f 813 814 812
f 812 814 815
f 809 808 817
f 817 808 816
f 818 819 804
f 804 819 805
f 820 821 818
f 818 821 819
f 821 820 587
f 587 820 822
f 809 823 810
f 810 823 824
f 814 807 815
f 815 807 806
f 826 426 825
f 825 426 223
f 426 826 427
f 427 826 827
f 828 829 454
f 454 829 830
f 831 832 677
f 677 832 801
f 834 835 833
f 833 835 836
f 838 839 837
f 837 839 840
f 841 842 844
f 844 842 843
f 845 846 803
f 803 846 802
f 847 831 678
f 678 831 677
f 848 849 851
f 851 849 850
f 853 854 852
f 852 854 855
f 857 858 856
f 856 858 680
f 860 861 859
f 859 861 862
f 864 865 863
f 863 865 866
f 868 869 867
f 867 869 870
f 839 871 840
f 840 871 872
f 849 848 874
f 874 848 873
f 876 877 875
f 875 877 878
f 880 881 879
f 879 881 882
f 883 884 886
f 886 884 885
f 846 887 802
f 802 887 888
f 890 891 889
f 889 891 888
f 893 894 892
f 892 894 895
f 896 897 728
f 728 897 729
f 899 900 898
f 898 900 901
f 902 852 904
f 904 852 903
f 849 905 850
f 850 905 906
f 875 878 907
f 907 878 908
f 910 911 909
f 909 911 912
f 914 915 913
f 913 915 916
f 917 918 862
f 862 918 859
f 919 920 856
f 856 920 921
f 923 924 922
f 922 924 925
f 926 927 925
f 925 927 922
f 929 930 928
f 928 930 693
f 932 695 931
f 931 695 694
f 823 867 824
f 824 867 933
f 935 936 934
f 934 936 937
f 938 868 823
f 823 868 867
f 940 847 939
f 939 847 678
f 632 655 678
f 678 655 939
f 941 942 619
f 619 942 620
f 687 943 688
f 688 943 944
f 851 850 945
f 945 850 903
f 850 906 903
f 903 906 904
f 946 947 949
f 949 947 948
f 951 952 950
f 950 952 953
f 955 956 954
f 954 956 957
f 907 958 875
f 875 958 874
f 960 961 959
f 959 961 962
f 963 853 902
f 902 853 852
f 909 964 910
f 910 964 965
f 967 968 966
f 966 968 969
f 971 972 970
f 970 972 973
f 974 960 975
f 975 960 959
f 977 978 976
f 976 978 979
f 981 977 980
f 980 977 976
f 980 982 981
f 981 982 983
f 985 983 984
f 984 983 982
f 984 986 985
f 985 986 987
f 989 990 988
f 988 990 991
f 993 994 992
f 992 994 995
f 997 998 996
f 996 998 999
f 1001 1002 1000
f 1000 1002 1003
f 1005 1006 1004
f 1004 1006 1007
f 1004 1008 1005
f 1005 1008 1009
f 1008 1010 1009
f 1009 1010 1011
f 1013 1011 1012
f 1012 1011 1010
f 1014 1015 1017
f 1017 1015 1016
f 1019 1020 1018
f 1018 1020 1021
f 1022 1023 976
f 976 1023 980
f 1024 1025 982
f 982 1025 984
f 992 995 1026
f 1026 995 1027
f 956 955 1028
f 1028 955 1029
f 1030 1031 1033
f 1033 1031 1032
f 1010 1008 1034
f 1034 1008 1035
f 1008 1004 1035
f 1035 1004 1036
f 1037 1038 1002
f 1002 1038 1007
f 1002 1001 1037
f 1037 1001 1039
f 1040 1041 997
f 997 1041 998
f 1015 1014 1043
f 1043 1014 1042
f 1044 1045 1047
f 1047 1045 1046
f 1044 1020 1048
f 1048 1020 1049
f 1050 1051 1003
f 1003 1051 1000
f 1052 1050 1006
f 1006 1050 1003
f 1053 1054 1011
f 1011 1054 1009
f 1013 1045 1055
f 1055 1045 1056
f 1058 1059 1057
f 1057 1059 1060
f 1062 1063 1061
f 1061 1063 1064
f 1065 1066 1050
f 1050 1066 1051
f 1067 1065 1052
f 1052 1065 1050
f 1068 1069 1054
f 1054 1069 1070
f 1071 1068 1053
f 1053 1068 1054
f 1073 1071 1072
f 1072 1071 1074
f 1074 1071 1055
f 1055 1071 1053
f 1076 1077 1075
f 1075 1077 1078
f 1079 1080 1057
f 1057 1080 1058
f 1081 1082 1064
f 1064 1082 1061
f 1084 1085 1083
f 1083 1085 1086
f 1088 1089 1087
f 1087 1089 1090
f 1092 1093 1091
f 1091 1093 1094
f 1096 1097 1095
f 1095 1097 1098
f 1099 1100 1102
f 1102 1100 1101
f 1103 1104 1099
f 1099 1104 1100
f 1106 1107 1105
f 1105 1107 1108
f 1110 1111 1109
f 1109 1111 1112
f 1114 1115 1113
f 1113 1115 1116
f 1118 1119 1117
f 1117 1119 1077
f 1117 1120 1122
f 1122 1120 1121
f 1105 1123 1106
f 1106 1123 1124
f 1125 1126 1128
f 1128 1126 1127
f 1130 1131 1129
f 1129 1131 1132
f 1134 1135 1133
f 1133 1135 1114
f 1113 1136 1114
f 1114 1136 1133
f 1118 1137 1113
f 1113 1137 1136
f 1118 1117 1137
f 1137 1117 1122
f 1139 1140 1138
f 1138 1140 1141
f 1143 953 1142
f 1142 953 952
f 1145 957 1144
f 1144 957 956
f 1028 1146 956
f 956 1146 1144
f 1014 1147 1042
f 1042 1147 1148
f 1014 1017 1147
f 1147 1017 1149
f 1059 1058 1150
f 1150 1058 1151
f 1153 1080 1152
f 1152 1080 1154
f 1156 1088 1155
f 1155 1088 1087
f 1157 1158 1106
f 1106 1158 1107
f 1106 1124 1157
f 1157 1124 1159
f 1161 1162 1160
f 1160 1162 1163
f 1165 1166 1164
f 1164 1166 1167
f 1168 1031 1012
f 1012 1031 1046
f 1024 1023 1035
f 1035 1023 1034
f 1036 1038 1025
f 1025 1038 1169
f 1170 1171 1039
f 1039 1171 1037
f 1028 1029 1042
f 1042 1029 1043
f 1172 1173 1175
f 1175 1173 1174
f 1055 1053 1013
f 1013 1053 1011
f 1005 1009 1070
f 1070 1009 1054
f 996 999 1062
f 1062 999 1063
f 1016 1060 1017
f 1017 1060 1059
f 1017 1059 1149
f 1149 1059 1150
f 1177 1178 1176
f 1176 1178 1103
f 1176 1072 1179
f 1179 1072 1074
f 1073 1102 1086
f 1086 1102 1083
f 1180 1181 1067
f 1067 1181 1065
f 1182 1183 1184
f 1184 1183 1181
f 1186 1187 1185
f 1185 1187 1188
f 1189 1190 798
f 798 1190 799
f 1192 1193 1191
f 1191 1193 1194
f 1195 1196 1194
f 1194 1196 1191
f 1196 1195 1198
f 1198 1195 1197
f 1200 674 1199
f 1199 674 673
f 928 1201 1203
f 1203 1201 1202
f 861 1204 862
f 862 1204 921
f 1205 1206 913
f 913 1206 1207
f 882 1208 879
f 879 1208 1209
f 1210 1211 1167
f 1167 1211 1164
f 1212 769 1213
f 1213 769 768
f 727 1214 728
f 728 1214 1215
f 1217 1218 1216
f 1216 1218 1219
f 1220 813 1221
f 1221 813 812
f 827 828 427
f 427 828 454
f 1223 1224 1222
f 1222 1224 1165
f 1226 1227 1225
f 1225 1227 1228
f 851 1229 848
f 848 1229 1230
f 834 854 835
f 835 854 1231
f 1233 1234 1232
f 1232 1234 1235
f 1237 751 1236
f 1236 751 750
f 743 819 1238
f 1238 819 821
f 1240 1241 1239
f 1239 1241 1242
f 1244 1245 1243
f 1243 1245 1246
f 844 1247 841
f 841 1247 1248
f 1250 1251 1249
f 1249 1251 1252
f 1254 893 1253
f 1253 893 1237
f 1255 1256 1258
f 1258 1256 1257
f 1260 1261 1259
f 1259 1261 1262
f 945 903 855
f 855 903 852
f 855 1263 945
f 945 1263 1264
f 832 845 801
f 801 845 803
f 800 721 803
f 803 721 801
f 721 800 722
f 722 800 799
f 1266 1267 1265
f 1265 1267 1268
f 1270 795 1269
f 1269 795 726
f 725 1271 726
f 726 1271 1269
f 737 765 738
f 738 765 764
f 759 740 760
f 760 740 739
f 717 1272 1274
f 1274 1272 1273
f 1163 1226 1275
f 1275 1226 1225
f 1277 882 1276
f 1276 882 881
f 1041 1040 1027
f 1027 1040 1026
f 900 935 901
f 901 935 934
f 1164 1278 1165
f 1165 1278 1222
f 1211 1279 1164
f 1164 1279 1278
f 442 1280 453
f 453 1280 1281
f 788 1282 785
f 785 1282 1283
f 1285 1286 1284
f 1284 1286 1287
f 1284 1288 1285
f 1285 1288 1289
f 757 1289 754
f 754 1289 1288
f 605 604 675
f 675 604 676
f 1290 1291 1293
f 1293 1291 1292
f 1295 1296 1294
f 1294 1296 1297
f 696 699 694
f 694 699 931
f 1298 1299 592
f 592 1299 589
f 1299 1300 589
f 589 1300 700
f 1300 1301 700
f 700 1301 701
f 743 745 819
f 819 745 805
f 1303 1304 1302
f 1302 1304 1305
f 1306 1307 1305
f 1305 1307 1302
f 609 1298 610
f 610 1298 592
f 587 822 588
f 588 822 1308
f 703 588 1309
f 1309 588 1308
f 1310 703 571
f 571 703 1309
f 1311 1312 789
f 789 1312 790
f 825 223 1313
f 1313 223 220
f 219 1314 220
f 220 1314 1313
f 1315 1316 1311
f 1311 1316 1312
f 1317 1318 1319
f 1319 1318 1241
f 441 1320 442
f 442 1320 1280
f 1321 217 572
f 572 217 216
f 1323 1230 1322
f 1322 1230 1229
f 1324 1325 631
f 631 1325 656
f 1034 1168 1010
f 1010 1168 1012
f 1327 1328 1326
f 1326 1328 1329
f 1331 1202 1330
f 1330 1202 1201
f 571 1309 572
f 572 1309 1321
f 573 572 1332
f 1332 572 216
f 1334 1335 1333
f 1333 1335 1336
f 1337 1338 918
f 918 1338 859
f 1339 863 1340
f 1340 863 866
f 1341 1342 1344
f 1344 1342 1343
f 1345 1346 919
f 919 1346 920
f 1347 1348 673
f 673 1348 1199
f 693 1349 928
f 928 1349 1201
f 1351 1257 1350
f 1350 1257 1256
f 1350 1352 1351
f 1351 1352 1353
f 653 930 654
f 654 930 662
f 1279 1354 1278
f 1278 1354 1355
f 1357 1358 1356
f 1356 1358 1359
f 937 1360 1140
f 1140 1360 1361
f 1225 1228 909
f 909 1228 964
f 901 934 1362
f 1362 934 1139
f 1364 1365 1363
f 1363 1365 1362
f 1367 912 1366
f 1366 912 911
f 1143 1142 1368
f 1368 1142 1369
f 1144 1186 1145
f 1145 1186 1185
f 1146 1175 1144
f 1144 1175 1186
f 1175 1146 1172
f 1172 1146 1148
f 1147 1018 1148
f 1148 1018 1172
f 1018 1147 1019
f 1019 1147 1149
f 1149 1150 1019
f 1019 1150 1370
f 1150 1151 1370
f 1370 1151 1371
f 1151 1153 1371
f 1371 1153 1177
f 1152 1156 1178
f 1178 1156 1372
f 1155 1158 1373
f 1373 1158 1374
f 1157 1159 1376
f 1376 1159 1375
f 1378 1379 1377
f 1377 1379 1380
f 1382 1383 1381
f 1381 1383 1384
f 1382 1386 1385
f 1385 1386 1387
f 1386 1233 1387
f 1387 1233 1232
f 1389 1390 1388
f 1388 1390 1391
f 1393 1394 1392
f 1392 1394 1395
f 1397 1398 1396
f 1396 1398 1399
f 629 1397 630
f 630 1397 1396
f 1342 1400 1343
f 1343 1400 1401
f 1403 1404 1402
f 1402 1404 1405
f 1407 1408 1406
f 1406 1408 1409
f 1411 1412 1410
f 1410 1412 1413
f 793 1414 794
f 794 1414 1415
f 1417 1341 1416
f 1416 1341 1344
f 704 705 1347
f 1347 705 1418
f 741 1419 742
f 742 1419 1420
f 1422 669 1421
f 1421 669 672
f 645 1423 646
f 646 1423 1424
f 1196 1198 614
f 614 1198 611
f 613 1425 614
f 614 1425 1426
f 1427 616 659
f 659 616 660
f 614 1426 1196
f 1196 1426 1191
f 696 594 697
f 697 594 590
f 697 590 700
f 700 590 589
f 703 1310 702
f 702 1310 1428
f 1421 672 1192
f 1192 672 689
f 1271 648 1269
f 1269 648 622
f 621 1270 622
f 622 1270 1269
f 1429 1430 1417
f 1417 1430 1341
f 1431 1432 1434
f 1434 1432 1433
f 1436 1437 1435
f 1435 1437 1438
f 1440 1441 1439
f 1439 1441 1442
f 1443 1444 1446
f 1446 1444 1445
f 823 809 938
f 938 809 817
f 810 1447 811
f 811 1447 1448
f 1449 1450 679
f 679 1450 706
f 913 916 1205
f 1205 916 1451
f 1275 1225 912
f 912 1225 909
f 1452 1453 880
f 880 1453 881
f 1444 1401 1445
f 1445 1401 1400
f 936 1454 937
f 937 1454 1360
f 824 1455 810
f 810 1455 1447
f 631 656 632
f 632 656 655
f 966 1456 967
f 967 1456 1457
f 1459 1460 1458
f 1458 1460 1461
f 1460 1462 1461
f 1461 1462 1463
f 972 974 973
f 973 974 975
f 990 995 991
f 991 995 994
f 1464 1187 1033
f 1033 1187 1174
f 1018 1021 1172
f 1172 1021 1173
f 1000 999 1001
f 1001 999 998
f 976 979 1022
f 1022 979 1032
f 1023 1024 980
f 980 1024 982
f 989 986 1171
f 1171 986 1169
f 1171 1170 989
f 989 1170 990
f 1170 1027 990
f 990 1027 995
f 1041 1039 998
f 998 1039 1001
f 1051 1063 1000
f 1000 1063 999
f 1066 1064 1051
f 1051 1064 1063
f 1183 1081 1066
f 1066 1081 1064
f 1178 1372 1103
f 1103 1372 1104
f 1092 1091 1465
f 1465 1091 1182
f 1467 1465 1466
f 1466 1465 1468
f 1469 1470 1184
f 1184 1470 1468
f 1095 1098 1471
f 1471 1098 1101
f 1076 1374 1120
f 1120 1374 1376
f 1110 1472 1127
f 1127 1472 1132
f 1472 1473 1132
f 1132 1473 1129
f 1474 1475 1466
f 1466 1475 1473
f 1119 1118 1116
f 1116 1118 1113
f 1375 1121 1376
f 1376 1121 1120
f 1127 1132 1128
f 1128 1132 1131
f 1227 1476 1228
f 1228 1476 1361
f 1365 1477 1362
f 1362 1477 872
f 1478 1479 1323
f 1323 1479 1230
f 1480 1481 914
f 914 1481 915
f 913 1277 914
f 914 1277 1276
f 1168 1034 1022
f 1022 1034 1023
f 1035 1036 1024
f 1024 1036 1025
f 1039 1041 1170
f 1170 1041 1027
f 1042 1148 1028
f 1028 1148 1146
f 968 1459 969
f 969 1459 1458
f 1482 1483 664
f 664 1483 665
f 1485 1486 1484
f 1484 1486 1487
f 1489 1490 1488
f 1488 1490 1491
f 1492 1493 722
f 722 1493 634
f 1495 1496 1494
f 1494 1496 1497
f 1498 1207 1339
f 1339 1207 863
f 1224 1499 1165
f 1165 1499 1166
f 1160 1163 1500
f 1500 1163 1275
f 1500 877 1160
f 1160 877 1501
f 876 873 1502
f 1502 873 1479
f 945 1264 851
f 851 1264 1229
f 835 1231 839
f 839 1231 871
f 1503 1283 778
f 778 1283 1282
f 716 715 1505
f 1505 715 1504
f 1446 1445 1507
f 1507 1445 1506
f 779 792 1381
f 1381 792 791
f 1430 1409 1341
f 1341 1409 1342
f 1411 1429 1508
f 1508 1429 1417
f 635 1510 1509
f 1509 1510 1511
f 1377 1380 1315
f 1315 1380 1316
f 1445 1400 1506
f 1506 1400 1408
f 918 917 1336
f 1336 917 1333
f 1513 1514 1512
f 1512 1514 870
f 1515 1516 1363
f 1363 1516 1364
f 1453 1517 881
f 881 1517 1276
f 992 1518 993
f 993 1518 1519
f 1520 1029 1518
f 1518 1029 955
f 1520 1026 1521
f 1521 1026 1040
f 1522 1015 1521
f 1521 1015 1043
f 996 1523 997
f 997 1523 1522
f 1060 1016 1524
f 1524 1016 1523
f 1061 1525 1062
f 1062 1525 1524
f 1079 1527 1526
f 1526 1527 1528
f 1093 1529 1094
f 1094 1529 1528
f 1111 1530 1112
f 1112 1530 1531
f 1532 1533 1105
f 1105 1533 1123
f 934 937 1139
f 1139 937 1140
f 1138 1363 1139
f 1139 1363 1362
f 1534 1222 1355
f 1355 1222 1278
f 1535 1223 1534
f 1534 1223 1222
f 821 587 1238
f 1238 587 586
f 1319 711 1317
f 1317 711 1536
f 1538 1200 1537
f 1537 1200 1199
f 1508 1417 1539
f 1539 1417 1416
f 1540 1541 840
f 840 1541 837
f 1231 898 871
f 871 898 901
f 1500 1275 1367
f 1367 1275 912
f 1543 1379 1542
f 1542 1379 1395
f 1539 772 1508
f 1508 772 1544
f 1546 1403 1545
f 1545 1403 1402
f 1548 1549 1547
f 1547 1549 1550
f 1552 1548 1551
f 1551 1548 1547
f 1554 1555 1553
f 1553 1555 1556
f 1558 1559 1557
f 1557 1559 1560
f 1562 1563 1561
f 1561 1563 1564
f 1566 1567 1565
f 1565 1567 1568
f 1570 1571 1569
f 1569 1571 1572
f 1574 1575 1573
f 1573 1575 1576
f 1577 1578 1572
f 1572 1578 1569
f 1580 1581 1579
f 1579 1581 1582
f 1584 1585 1583
f 1583 1585 1586
f 1588 1555 1587
f 1587 1555 1589
f 1591 1592 1590
f 1590 1592 1593
f 1595 1596 1594
f 1594 1596 1597
f 1596 1581 1597
f 1597 1581 1576
f 1599 1570 1598
f 1598 1570 1569
f 1601 1602 1600
f 1600 1602 1603
f 1605 1606 1604
f 1604 1606 1607
f 1608 1609 1568
f 1568 1609 1565
f 1611 1612 1610
f 1610 1612 1613
f 1615 1616 1614
f 1614 1616 1617
f 1619 1617 1618
f 1618 1617 1616
f 1621 1622 1620
f 1620 1622 1623
f 1625 1626 1624
f 1624 1626 1627
f 1629 1630 1628
f 1628 1630 1631
f 1633 1634 1632
f 1632 1634 1635
f 1636 1637 1639
f 1639 1637 1638
f 1641 1642 1640
f 1640 1642 1643
f 1624 1627 1644
f 1644 1627 1645
f 1647 1648 1646
f 1646 1648 1649
f 1651 1652 1650
f 1650 1652 1653
f 1655 1656 1654
f 1654 1656 1657
f 1659 1660 1658
f 1658 1660 1661
f 1662 1663 1631
f 1631 1663 1628
f 1651 1665 1664
f 1664 1665 1666
f 1667 1656 1619
f 1619 1656 1617
f 1669 1670 1668
f 1668 1670 1671
f 1632 1635 1672
f 1672 1635 1673
f 1674 1675 1638
f 1638 1675 1639
f 1677 1678 1676
f 1676 1678 1679
f 1680 1640 1681
f 1681 1640 1643
f 1682 1683 1643
f 1643 1683 1681
f 1670 1669 1235
f 1235 1669 1232
f 1396 1399 1674
f 1674 1399 1675
f 627 630 1679
f 1679 630 1676
f 1681 1315 1680
f 1680 1315 1311
f 1683 1377 1681
f 1681 1377 1315
f 1672 1673 1387
f 1387 1673 1385
f 1636 1684 1646
f 1646 1684 1685
f 1687 1688 1686
f 1686 1688 1689
f 1585 1690 1586
f 1586 1690 1691
f 1599 1692 1551
f 1551 1692 1693
f 1552 1558 1694
f 1694 1558 1557
f 1696 1615 1695
f 1695 1615 1614
f 1698 1699 1697
f 1697 1699 1623
f 1700 1701 1703
f 1703 1701 1702
f 1705 1706 1704
f 1704 1706 1707
f 1708 1709 1640
f 1640 1709 1641
f 1710 1711 1713
f 1713 1711 1712
f 1652 1655 1653
f 1653 1655 1654
f 1714 1699 1712
f 1712 1699 1713
f 1715 1710 1716
f 1716 1710 1713
f 1717 1708 1680
f 1680 1708 1640
f 1393 1392 1715
f 1715 1392 1710
f 1719 1720 1718
f 1718 1720 1721
f 1680 1311 1717
f 1717 1311 789
f 1378 1711 1392
f 1392 1711 1710
f 1388 1391 1719
f 1719 1391 1720
f 1723 1606 1722
f 1722 1606 1689
f 1725 1568 1724
f 1724 1568 1567
f 1726 1647 1685
f 1685 1647 1646
f 1728 1554 1727
f 1727 1554 1553
f 1591 1687 1600
f 1600 1687 1686
f 1730 1595 1729
f 1729 1595 1594
f 1601 1605 1731
f 1731 1605 1604
f 1733 1663 1732
f 1732 1663 1734
f 1736 1639 1735
f 1735 1639 1675
f 1658 1644 1737
f 1737 1644 1645
f 1726 1662 1724
f 1724 1662 1631
f 1399 1738 1675
f 1675 1738 1735
f 1621 1667 1739
f 1739 1667 1619
f 1714 1740 1620
f 1620 1740 1741
f 1592 1549 1593
f 1593 1549 1742
f 1602 1571 1603
f 1603 1571 1550
f 1688 1690 1689
f 1689 1690 1722
f 1588 1559 1582
f 1582 1559 1579
f 1673 1735 1385
f 1385 1735 1738
f 1387 1232 1672
f 1672 1232 1669
f 1580 1692 1573
f 1573 1692 1743
f 1377 1683 1378
f 1378 1683 1711
f 1664 1666 1744
f 1744 1666 1745
f 1744 1696 1664
f 1664 1696 1695
f 1746 1747 1732
f 1732 1747 1748
f 1749 1750 1677
f 1677 1750 1678
f 1709 1708 1750
f 1750 1708 1678
f 1668 1632 1669
f 1669 1632 1672
f 1633 1746 1734
f 1734 1746 1732
f 1679 1678 1717
f 1717 1678 1708
f 789 627 1717
f 1717 627 1679
f 1563 1723 1564
f 1564 1723 1722
f 1728 1584 1751
f 1751 1584 1583
f 1674 1676 1396
f 1396 1676 630
f 1666 1566 1745
f 1745 1566 1565
f 1627 1629 1645
f 1645 1629 1628
f 1637 1749 1638
f 1638 1749 1677
f 1648 1665 1649
f 1649 1665 1752
f 1740 1642 1741
f 1741 1642 1657
f 1676 1674 1677
f 1677 1674 1638
f 1683 1682 1711
f 1711 1682 1712
f 1618 1753 1619
f 1619 1753 1739
f 1701 1739 1702
f 1702 1739 1753
f 1754 1214 1756
f 1756 1214 1755
f 647 1757 619
f 619 1757 941
f 1759 1193 1758
f 1758 1193 691
f 1419 1760 1420
f 1420 1760 1761
f 682 1762 683
f 683 1762 1763
f 1412 780 1413
f 1413 780 1384
f 1383 1398 1384
f 1384 1398 1413
f 1197 1424 1764
f 1764 1424 1423
f 1537 1287 1538
f 1538 1287 1286
f 1634 1684 1635
f 1635 1684 1736
f 1724 1631 1725
f 1725 1631 1630
f 1562 1730 1610
f 1610 1730 1729
f 1735 1673 1736
f 1736 1673 1635
f 1757 1195 941
f 941 1195 1194
f 1766 200 1765
f 1765 200 199
f 475 500 476
f 476 500 479
f 498 558 483
f 483 558 487
f 545 551 546
f 546 551 550
f 453 1281 219
f 219 1281 1314
f 298 453 208
f 208 453 219
f 368 1765 1767
f 1767 1765 199
f 523 405 363
f 363 405 404
f 523 533 405
f 405 533 402
f 298 208 299
f 299 208 207
f 299 207 176
f 176 207 300
f 176 300 173
f 173 300 202
f 173 202 174
f 174 202 201
f 1337 918 1768
f 1768 918 1336
f 1769 1770 1338
f 1338 1770 859
f 581 570 578
f 578 570 1771
f 555 562 580
f 580 562 561
f 504 1772 501
f 501 1772 548
f 517 542 584
f 584 542 543
f 515 514 516
f 516 514 544
f 542 517 544
f 544 517 516
f 561 575 580
f 580 575 581
f 575 569 581
f 581 569 570
f 501 548 1773
f 1773 548 547
f 1774 1775 570
f 570 1775 1771
f 369 368 1776
f 1776 368 1767
f 372 369 375
f 375 369 1776
f 822 1280 1308
f 1308 1280 1320
f 820 1281 822
f 822 1281 1280
f 818 1314 820
f 820 1314 1281
f 1314 818 1313
f 1313 818 804
f 807 814 825
f 825 814 826
f 814 813 826
f 826 813 827
f 813 1220 827
f 827 1220 828
f 580 579 555
f 555 579 547
f 1477 1540 872
f 872 1540 840
f 367 499 368
f 368 499 1765
f 1766 1765 525
f 525 1765 499
f 1777 1766 526
f 526 1766 525
f 520 527 362
f 362 527 384
f 361 1778 519
f 519 1778 528
f 371 1779 372
f 372 1779 369
f 369 1779 370
f 370 1779 478
f 1779 371 478
f 478 371 374
f 1778 1777 528
f 528 1777 526
f 1781 1782 1780
f 1780 1782 1783
f 431 460 67
f 67 460 64
f 68 338 74
f 74 338 72
f 1785 1782 1784
f 1784 1782 1786
f 1787 1788 1790
f 1790 1788 1789
f 1792 1789 1791
f 1791 1789 1793
f 1791 1794 1792
f 1792 1794 1795
f 1794 1796 1795
f 1795 1796 1797
f 1797 1798 938
f 938 1798 868
f 1798 1799 868
f 868 1799 869
f 1801 1802 1800
f 1800 1802 1451
f 1803 1804 1205
f 1205 1804 1206
f 1805 1806 864
f 864 1806 865
f 1806 1807 865
f 865 1807 1808
f 68 71 338
f 287 328 288
f 1320 1321 1308
f 1308 1321 1309
f 1320 441 1321
f 1321 441 217
f 441 152 217
f 217 152 218
f 151 286 152
f 152 286 218
f 297 310 151
f 151 310 286
f 296 307 297
f 297 307 310
f 296 143 307
f 307 143 284
f 143 56 284
f 284 56 104
f 56 59 104
f 104 59 63
f 59 102 63
f 63 102 60
f 102 94 60
f 60 94 282
f 93 459 279
f 279 459 77
f 459 460 77
f 77 460 78
f 460 431 78
f 78 431 295
f 431 49 295
f 295 49 292
f 48 421 49
f 49 421 292
f 276 278 418
f 418 278 429
f 317 432 278
f 278 432 429
f 432 317 433
f 433 317 316
f 326 324 316
f 316 324 433
f 1536 592 1809
f 1809 592 591
f 1810 744 1812
f 1812 744 1811
f 1814 1815 1813
f 1813 1815 1816
f 1817 748 1818
f 1818 748 747
f 1812 1819 1810
f 1810 1819 1817
f 1820 1821 748
f 748 1821 749
f 1823 1824 1822
f 1822 1824 1825
f 1827 1828 1826
f 1826 1828 1829
f 1831 1832 1830
f 1830 1832 1833
f 1834 1827 1243
f 1243 1827 1826
f 1313 804 825
f 825 804 807
f 1835 1253 1236
f 1236 1253 1237
f 1836 1837 1438
f 1438 1837 1435
f 1838 1505 1840
f 1840 1505 1839
f 1841 1842 716
f 716 1842 713
f 1843 1844 1510
f 1510 1844 1845
f 1847 1848 1846
f 1846 1848 1849
f 1850 1240 1822
f 1822 1240 1239
f 636 1831 637
f 637 1831 1830
f 1852 1853 1851
f 1851 1853 1854
f 1855 1856 1858
f 1858 1856 1857
f 1846 1849 1859
f 1859 1849 1860
f 1343 1401 1509
f 1509 1401 1861
f 1509 1861 635
f 635 1861 636
f 1863 1864 1862
f 1862 1864 1865
f 1283 1503 1867
f 1867 1503 1866
f 1868 1867 681
f 681 1867 682
f 1286 1285 683
f 683 1285 684
f 757 756 1274
f 1274 756 1869
f 1274 1869 717
f 717 1869 718
f 1434 1433 719
f 719 1433 720
f 1200 1538 1545
f 1545 1538 1763
f 1285 1289 684
f 684 1289 1273
f 684 1273 681
f 681 1273 1272
f 785 1283 1868
f 1868 1283 1867
f 786 785 1870
f 1870 785 1868
f 1289 757 1273
f 1273 757 1274
f 1539 1416 1871
f 1871 1416 1872
f 773 1871 1403
f 1403 1871 1404
f 675 674 1405
f 1405 674 1402
f 1864 1873 1865
f 1865 1873 1874
f 638 1843 635
f 635 1843 1510
f 1344 1343 1511
f 1511 1343 1509
f 772 1539 773
f 773 1539 1871
f 674 1200 1402
f 1402 1200 1545
f 1538 1286 1763
f 1763 1286 683
f 1444 1443 1875
f 1875 1443 1876
f 1875 1876 1831
f 1831 1876 1832
f 1416 1344 1872
f 1872 1344 1511
f 1877 1878 774
f 774 1878 1879
f 1878 1847 1879
f 1879 1847 1846
f 1880 714 1881
f 1881 714 1848
f 1401 1444 1861
f 1861 1444 1875
f 1861 1875 636
f 636 1875 1831
f 1823 1863 1882
f 1882 1863 1862
f 1441 1440 1884
f 1884 1440 1883
f 1883 1852 1884
f 1884 1852 1851
f 1886 1887 1885
f 1885 1887 1888
f 1358 1889 1359
f 1359 1889 1890
f 1891 1886 1892
f 1892 1886 1885
f 774 1879 775
f 775 1879 1893
f 1859 1893 1846
f 1846 1893 1879
f 713 1842 1849
f 1849 1842 1860
f 1318 1895 1894
f 1894 1895 1896
f 1873 1897 1874
f 1874 1897 1898
f 1898 605 1899
f 1899 605 675
f 1405 1844 675
f 675 1844 1899
f 1404 1845 1405
f 1405 1845 1844
f 593 1296 591
f 591 1296 1809
f 1295 1292 1900
f 1900 1292 1895
f 606 1897 1291
f 1291 1897 1896
f 1510 1845 1511
f 1511 1845 1872
f 1871 1872 1404
f 1404 1872 1845
f 1866 770 1762
f 1762 770 1546
f 1762 682 1866
f 1866 682 1867
f 1870 1868 1272
f 1272 1868 681
f 1272 717 1870
f 1870 717 720
f 1870 720 786
f 786 720 1433
f 786 1433 787
f 787 1433 1432
f 1261 1414 1432
f 1432 1414 787
f 1389 1234 1260
f 1260 1234 1415
f 1719 1670 1388
f 1388 1670 1235
f 1718 1671 1719
f 1719 1671 1670
f 1705 1747 1718
f 1718 1747 1671
f 1659 1901 1704
f 1704 1901 1748
f 1877 1903 1902
f 1902 1903 1904
f 1259 1905 1390
f 1390 1905 1394
f 1715 1720 1393
f 1393 1720 1391
f 1716 1721 1715
f 1715 1721 1720
f 1698 1706 1716
f 1716 1706 1721
f 277 276 47
f 47 276 48
f 84 96 81
f 81 96 82
f 80 70 81
f 81 70 85
f 99 97 88
f 88 97 89
f 90 100 88
f 88 100 99
f 101 95 102
f 102 95 94
f 1906 1907 280
f 280 1907 281
f 97 86 89
f 89 86 85
f 60 282 61
f 61 282 281
f 83 82 46
f 46 82 47
f 293 292 420
f 420 292 421
f 419 1908 420
f 420 1908 1909
f 92 95 91
f 91 95 90
f 279 282 93
f 93 282 94
f 276 418 48
f 48 418 421
f 1910 1660 1697
f 1697 1660 1707
f 1703 1624 1700
f 1700 1624 1644
f 1622 1910 1623
f 1623 1910 1697
f 1701 1700 1911
f 1911 1700 1661
f 1700 1644 1661
f 1661 1644 1658
f 1901 1737 1733
f 1733 1737 1645
f 1625 1912 1604
f 1604 1912 1731
f 1912 1913 1731
f 1731 1913 1914
f 1913 1577 1914
f 1914 1577 1572
f 1915 1578 1616
f 1616 1578 1618
f 1915 1916 1598
f 1598 1916 1743
f 1916 1574 1743
f 1743 1574 1573
f 1575 1917 1576
f 1576 1917 1597
f 1917 1609 1597
f 1597 1609 1594
f 1608 1611 1729
f 1729 1611 1610
f 1918 1612 1629
f 1629 1612 1630
f 1626 1918 1627
f 1627 1918 1629
f 1920 1921 1919
f 1919 1921 1922
f 1920 1924 1923
f 1923 1924 1925
f 1926 1927 1924
f 1924 1927 1925
f 1929 1930 1928
f 1928 1930 1931
f 1932 1933 1935
f 1935 1933 1934
f 1937 1938 1936
f 1936 1938 1939
f 1941 1942 1940
f 1940 1942 1943
f 1941 1945 1944
f 1944 1945 1946
f 1947 1948 1694
f 1694 1948 1949
f 1950 1951 1953
f 1953 1951 1952
f 1955 1956 1954
f 1954 1956 1589
f 1958 1956 1957
f 1957 1956 1932
f 1960 1934 1959
f 1959 1934 1933
f 1962 1963 1961
f 1961 1963 1964
f 1965 1955 1751
f 1751 1955 1954
f 1935 1930 1932
f 1932 1930 1957
f 1951 1950 1926
f 1926 1950 1929
f 1966 1967 1593
f 1593 1967 1590
f 1969 1967 1968
f 1968 1967 1964
f 1962 1921 1970
f 1970 1921 1971
f 1963 1945 1964
f 1964 1945 1968
f 1972 1948 1922
f 1922 1948 1919
f 1966 1972 1961
f 1961 1972 1922
f 1958 1953 1587
f 1587 1953 1560
f 1974 1975 1973
f 1973 1975 1976
f 1978 1979 1977
f 1977 1979 1691
f 1979 1975 1691
f 1691 1975 1586
f 1938 1942 1939
f 1939 1942 1980
f 1952 1947 1557
f 1557 1947 1694
f 1969 1978 1981
f 1981 1978 1977
f 1983 1984 1982
f 1982 1984 1985
f 1986 1987 1989
f 1989 1987 1988
f 1990 1991 1983
f 1983 1991 1984
f 1990 1993 1992
f 1992 1993 1994
f 1995 1996 1994
f 1994 1996 1997
f 1999 2000 1998
f 1998 2000 2001
f 2003 2004 2002
f 2002 2004 2005
f 2007 2008 2006
f 2006 2008 2009
f 2011 2012 2010
f 2010 2012 2013
f 2014 2015 2017
f 2017 2015 2016
f 2018 2019 2021
f 2021 2019 2020
f 2022 1989 2024
f 2024 1989 2023
f 1989 1988 2023
f 2023 1988 2025
f 2026 2027 2017
f 2017 2027 2014
f 2029 2030 2028
f 2028 2030 2031
f 2033 2034 2032
f 2032 2034 2035
f 2032 2035 2036
f 2036 2035 2037
f 2039 2040 2038
f 2038 2040 2041
f 1982 2042 1983
f 1983 2042 2043
f 2045 2046 2044
f 2044 2046 2047
f 2049 2050 2048
f 2048 2050 2051
f 2053 2054 2052
f 2052 2054 2055
f 2057 2058 2056
f 2056 2058 2059
f 2060 2061 2033
f 2033 2061 2034
f 2063 2064 2062
f 2062 2064 2065
f 2066 2035 2067
f 2067 2035 2034
f 2069 2039 2068
f 2068 2039 2038
f 2025 2070 2023
f 2023 2070 2071
f 2072 2024 2071
f 2071 2024 2023
f 2074 2020 2073
f 2073 2020 2019
f 2050 2049 2047
f 2047 2049 2075
f 1983 2043 1990
f 1990 2043 1993
f 2006 2050 2007
f 2007 2050 2076
f 2050 2006 2051
f 2051 2006 2077
f 2079 2080 2078
f 2078 2080 2081
f 2082 2083 2085
f 2085 2083 2084
f 2010 2013 2086
f 2086 2013 2087
f 2089 2033 2088
f 2088 2033 2032
f 2090 2060 2089
f 2089 2060 2033
f 2092 2093 2091
f 2091 2093 2094
f 2096 1986 2095
f 2095 1986 2097
f 2097 1986 2022
f 2022 1986 1989
f 2015 2094 2016
f 2016 2094 2098
f 2016 2098 2100
f 2100 2098 2099
f 2017 2016 2101
f 2101 2016 2100
f 2017 2101 2026
f 2026 2101 2102
f 2100 2099 2104
f 2104 2099 2103
f 2104 2105 2100
f 2100 2105 2101
f 2105 2106 2101
f 2101 2106 2102
f 2108 2061 2107
f 2107 2061 2109
f 2111 2112 2110
f 2110 2112 2020
f 2020 2074 2110
f 2110 2074 2113
f 2115 2116 2114
f 2114 2116 2117
f 2118 2119 1995
f 1995 2119 2120
f 2121 2122 2027
f 2027 2122 2014
f 2047 2075 2044
f 2044 2075 2123
f 2124 2125 2127
f 2127 2125 2126
f 2129 2130 2128
f 2128 2130 2131
f 2132 2133 2057
f 2057 2133 2058
f 2134 1999 2136
f 2136 1999 2135
f 2055 2138 2137
f 2137 2138 2139
f 2141 2142 2140
f 2140 2142 2143
f 2083 2082 2064
f 2064 2082 2065
f 2082 2144 2065
f 2065 2144 2145
f 2040 2146 2041
f 2041 2146 2147
f 2060 2090 2148
f 2148 2090 2149
f 2048 2051 2137
f 2137 2051 2150
f 2151 1997 2135
f 2135 1997 1996
f 2152 2150 2077
f 2077 2150 2051
f 2046 2045 2118
f 2118 2045 2119
f 2154 2155 2153
f 2153 2155 2156
f 2158 2159 2157
f 2157 2159 2160
f 2162 2163 2161
f 2161 2163 2164
f 2164 2163 2165
f 2165 2163 2166
f 2168 2169 2167
f 2167 2169 2170
f 2003 2172 2171
f 2171 2172 2173
f 2174 2175 2002
f 2002 2175 2176
f 2145 2177 2065
f 2065 2177 2062
f 2178 2179 2180
f 2180 2179 2134
f 2181 2052 2152
f 2152 2052 2150
f 2040 2127 2146
f 2146 2127 2182
f 2130 2162 2131
f 2131 2162 2161
f 2052 2055 2150
f 2150 2055 2137
f 2184 2185 2183
f 2183 2185 2186
f 2159 2030 2160
f 2160 2030 2187
f 2146 2182 2029
f 2029 2182 2188
f 2189 2190 2192
f 2192 2190 2191
f 2172 2003 2176
f 2176 2003 2002
f 1998 2151 1999
f 1999 2151 2135
f 2177 2172 2062
f 2062 2172 2176
f 2172 2177 2173
f 2173 2177 2193
f 2063 2194 2064
f 2064 2194 2195
f 2066 2197 2196
f 2196 2197 2198
f 2002 2005 2174
f 2174 2005 2199
f 2004 2003 2200
f 2200 2003 2171
f 2198 2201 2171
f 2171 2201 2200
f 2197 2202 2198
f 2198 2202 2201
f 2202 2197 2203
f 2203 2197 2204
f 2196 2198 2173
f 2173 2198 2171
f 2205 2069 2170
f 2170 2069 2206
f 2197 2066 2204
f 2204 2066 2067
f 2107 2207 2108
f 2108 2207 2208
f 2210 2208 2209
f 2209 2208 2207
f 2185 2211 2212
f 2213 2214 2211
f 2211 2214 2212
f 1998 2001 2213
f 2213 2001 2214
f 2134 2215 1999
f 1999 2215 2000
f 2216 2217 2219
f 2219 2217 2218
f 2206 2220 2170
f 2170 2220 2167
f 2069 2068 2206
f 2206 2068 2221
f 2151 1998 2222
f 2222 1998 2213
f 2124 2039 2205
f 2205 2039 2069
f 2142 2223 2143
f 2143 2223 2128
f 2203 2186 2202
f 2202 2186 2185
f 2185 2184 2211
f 2211 2184 2224
f 2224 2225 2222
f 2222 2225 2226
f 2071 2227 2072
f 2072 2227 2228
f 2229 2074 2230
f 2230 2074 2073
f 2074 2229 2113
f 2113 2229 2231
f 2232 2225 2227
f 2227 2225 2224
f 2233 2234 2031
f 2031 2234 2028
f 2236 2231 2235
f 2235 2231 2229
f 2230 2183 2229
f 2229 2183 2235
f 2237 1987 2096
f 2096 1987 1986
f 2152 2238 2181
f 2181 2238 2239
f 2080 2240 2081
f 2081 2240 2241
f 2236 2242 1971
f 1971 2242 1970
f 1925 2113 1923
f 1923 2113 2231
f 2110 1927 2111
f 2111 1927 1928
f 2103 2111 1931
f 1931 2111 1928
f 1931 2243 2103
f 2103 2243 2104
f 2105 2104 2244
f 2244 2104 2243
f 1939 1980 2148
f 2148 1980 2109
f 1980 1944 2109
f 2109 1944 2107
f 1946 2245 2207
f 2207 2245 2209
f 2245 1970 2209
f 2209 1970 2242
f 2231 2236 1923
f 1923 2236 1971
f 2113 1925 2110
f 2110 1925 1927
f 2234 2246 2028
f 2028 2246 2147
f 2247 2248 2058
f 2058 2248 2059
f 2114 2117 2249
f 2249 2117 2250
f 2252 2253 2251
f 2251 2253 2254
f 2094 2015 2091
f 2091 2015 2255
f 2256 2255 2014
f 2014 2255 2015
f 2257 2145 2258
f 2258 2145 2144
f 2131 2161 2123
f 2123 2161 2044
f 2045 2044 2164
f 2164 2044 2161
f 2045 2164 2119
f 2119 2164 2165
f 2259 2120 2165
f 2165 2120 2119
f 2260 2261 2259
f 2259 2261 2120
f 2205 2262 2124
f 2124 2262 2125
f 2180 2263 2178
f 2178 2263 2264
f 2265 2266 2092
f 2092 2266 2093
f 1992 2267 2268
f 2184 2228 2224
f 2224 2228 2227
f 2048 2269 2049
f 2049 2269 2141
f 2129 2168 2157
f 2157 2168 2167
f 2049 2141 2075
f 2075 2141 2140
f 2199 2215 2270
f 2270 2215 2271
f 2142 2141 2272
f 2272 2141 2269
f 2089 2026 2090
f 2090 2026 2102
f 2146 2029 2147
f 2147 2029 2028
f 2111 2103 2112
f 2112 2103 2099
f 2061 2060 2109
f 2109 2060 2148
f 2273 2274 2041
f 2041 2274 2038
f 2260 2275 2261
f 2261 2275 2136
f 2057 2138 2132
f 2132 2138 2276
f 2272 2269 2056
f 2056 2269 2139
f 2277 2278 2270
f 2270 2278 2199
f 2029 2188 2030
f 2030 2188 2187
f 2040 2039 2127
f 2127 2039 2124
f 2064 2195 2083
f 2083 2195 2279
f 2056 2139 2057
f 2057 2139 2138
f 2278 2277 2247
f 2247 2277 2248
f 2062 2176 2063
f 2063 2176 2175
f 2280 2210 2242
f 2242 2210 2209
f 2282 2233 2281
f 2281 2233 2031
f 2216 2219 2283
f 2283 2219 2221
f 2158 2220 2218
f 2218 2220 2219
f 2217 2282 2218
f 2218 2282 2281
f 2220 2158 2167
f 2167 2158 2157
f 2223 2264 2128
f 2128 2264 2263
f 2261 1996 2120
f 2120 1996 1995
f 2213 2211 2222
f 2222 2211 2224
f 2283 2221 2284
f 2284 2221 2068
f 2135 1996 2136
f 2136 1996 2261
f 2144 2081 2258
f 2258 2081 2241
f 2235 2280 2236
f 2236 2280 2242
f 2246 2273 2147
f 2147 2273 2041
f 2036 2285 2032
f 2032 2285 2088
f 2077 2286 2152
f 2152 2286 2238
f 1937 1960 1973
f 1973 1960 1959
f 2070 2232 2071
f 2071 2232 2227
f 2244 2287 2105
f 2105 2287 2106
f 1936 1939 2149
f 2149 1939 2148
f 1944 1946 2107
f 2107 1946 2207
f 2285 2121 2088
f 2088 2121 2027
f 2253 2249 2254
f 2254 2249 2250
f 2006 2009 2077
f 2077 2009 2286
f 2289 2086 2288
f 2288 2086 2087
f 2223 2142 2290
f 2290 2142 2272
f 2128 2131 2143
f 2143 2131 2123
f 2156 2291 2153
f 2153 2291 2175
f 2292 2293 2278
f 2278 2293 2294
f 2075 2140 2123
f 2123 2140 2143
f 2262 2169 2275
f 2275 2169 2180
f 2275 2180 2136
f 2136 2180 2134
f 2274 2284 2038
f 2038 2284 2068
f 2127 2126 2182
f 2182 2126 2166
f 2094 2093 2098
f 2098 2093 2021
f 2098 2021 2099
f 2099 2021 2112
f 2018 2021 2266
f 2266 2021 2093
f 2251 2289 2252
f 2252 2289 2288
f 1997 2151 2226
f 2226 2151 2222
f 2206 2221 2220
f 2220 2221 2219
f 2269 2048 2139
f 2139 2048 2137
f 2159 2158 2281
f 2281 2158 2218
f 2156 2155 2190
f 2190 2155 2191
f 1974 1965 1583
f 1583 1965 1751
f 2088 2027 2089
f 2089 2027 2026
f 2030 2159 2031
f 2031 2159 2281
f 2106 2149 2102
f 2102 2149 2090
f 2287 1936 2106
f 2106 1936 2149
f 2293 2154 2294
f 2294 2154 2153
f 2021 2020 2112
f 2247 2295 2278
f 2278 2295 2292
f 2284 2296 2283
f 2283 2296 2297
f 2298 2296 2274
f 2274 2296 2284
f 2273 2299 2274
f 2274 2299 2298
f 2246 2300 2273
f 2273 2300 2299
f 2283 2297 2216
f 2216 2297 2301
f 2216 2301 2217
f 2217 2301 2302
f 2302 2303 2217
f 2217 2303 2282
f 2304 2301 2305
f 2305 2301 2297
f 2307 2308 2306
f 2306 2308 2309
f 2306 2310 2307
f 2307 2310 2311
f 2307 2312 2308
f 2308 2312 2313
f 2314 2315 2312
f 2312 2315 2316
f 2316 2317 2312
f 2312 2317 2313
f 2317 2305 2313
f 2313 2305 2318
f 2314 2312 2311
f 2311 2312 2307
f 2319 2320 2322
f 2322 2320 2321
f 2322 2311 2319
f 2319 2311 2310
f 2313 2318 2308
f 2308 2318 2309
f 2296 2298 2318
f 2318 2298 2309
f 2309 2298 2323
f 2323 2298 2299
f 2306 2309 2324
f 2324 2309 2323
f 2310 2306 2325
f 2325 2306 2324
f 2296 2318 2297
f 2297 2318 2305
f 2319 2310 2326
f 2326 2310 2325
f 2328 2325 2327
f 2327 2325 2324
f 2325 2328 2326
f 2326 2328 2329
f 2331 2328 2330
f 2330 2328 2327
f 2332 2333 2327
f 2327 2333 2330
f 2328 2331 2329
f 2329 2331 2334
f 2324 2323 2327
f 2327 2323 2332
f 2300 2332 2299
f 2299 2332 2323
f 2326 2335 2319
f 2319 2335 2320
f 2305 2317 2336
f 2336 2317 2316
f 2336 2316 2337
f 2337 2316 2315
f 2338 2304 2336
f 2336 2304 2305
f 2337 2339 2336
f 2336 2339 2338
f 2337 2315 2341
f 2341 2315 2340
f 2342 2300 2234
f 2234 2300 2246
f 2303 2343 2282
f 2282 2343 2233
f 2234 2233 2342
f 2342 2233 2343
f 2342 2343 2333
f 2333 2343 2344
f 2333 2344 2330
f 2330 2344 2345
f 2346 2344 2303
f 2303 2344 2343
f 2332 2300 2333
f 2333 2300 2342
f 2347 2346 2302
f 2302 2346 2303
f 2301 2304 2302
f 2302 2304 2347
f 2304 2338 2347
f 2347 2338 2348
f 2348 2349 2347
f 2347 2349 2346
f 2350 2351 2348
f 2348 2351 2349
f 2349 2345 2346
f 2346 2345 2344
f 2345 2349 2352
f 2352 2349 2351
f 2338 2339 2348
f 2348 2339 2350
f 2350 2339 2353
f 2353 2339 2354
f 2356 2357 2355
f 2355 2357 2353
f 2351 2350 2357
f 2357 2350 2353
f 2353 2354 2355
f 2355 2354 2335
f 2320 2335 2341
f 2341 2335 2354
f 2339 2337 2354
f 2354 2337 2341
f 2352 2331 2345
f 2345 2331 2330
f 2356 2334 2352
f 2352 2334 2331
f 2356 2352 2357
f 2357 2352 2351
f 2355 2329 2356
f 2356 2329 2334
f 2335 2326 2355
f 2355 2326 2329
f 2321 2314 2322
f 2322 2314 2311
f 2321 2320 2340
f 2340 2320 2341
f 2315 2314 2340
f 2340 2314 2321
f 2125 2260 2126
f 2126 2260 2259
f 2157 2160 2129
f 2129 2160 2130
f 2188 2163 2187
f 2187 2163 2162
f 2182 2166 2188
f 2188 2166 2163
f 2180 2169 2263
f 2263 2169 2168
f 2160 2187 2130
f 2130 2187 2162
f 2275 2260 2262
f 2262 2260 2125
f 2128 2263 2129
f 2129 2263 2168
f 2262 2205 2169
f 2169 2205 2170
f 2165 2166 2259
f 2259 2166 2126
f 2359 2360 2358
f 2358 2360 2361
f 2363 2364 2362
f 2362 2364 2365
f 2367 2363 2366
f 2366 2363 2362
f 2368 2369 2371
f 2371 2369 2370
f 2372 2373 2248
f 2248 2373 2059
f 2364 2374 2365
f 2365 2374 2375
f 2377 2378 2376
f 2376 2378 2379
f 2290 2380 2223
f 2223 2380 2381
f 2223 2381 2264
f 2264 2381 2382
f 2384 2385 2383
f 2383 2385 2386
f 2364 2371 2374
f 2374 2371 2387
f 2059 2373 2290
f 2290 2373 2380
f 2378 2360 2379
f 2379 2360 2388
f 2374 2387 2359
f 2359 2387 2389
f 2390 2367 2386
f 2386 2367 2391
f 2393 2394 2392
f 2392 2394 2395
f 2386 2391 2383
f 2383 2391 2396
f 2367 2366 2391
f 2391 2366 2397
f 2363 2367 2368
f 2368 2367 2390
f 2398 2399 2361
f 2361 2399 2358
f 2399 2400 2358
f 2358 2400 2375
f 2390 2401 2368
f 2368 2401 2369
f 2372 2384 2376
f 2376 2384 2383
f 2374 2359 2375
f 2375 2359 2358
f 2402 2403 2365
f 2365 2403 2362
f 2359 2389 2360
f 2360 2389 2388
f 2364 2363 2371
f 2371 2363 2368
f 2405 2398 2404
f 2404 2398 2361
f 2392 2395 2406
f 2406 2395 2397
f 2377 2396 2394
f 2394 2396 2395
f 2394 2393 2404
f 2404 2393 2405
f 2396 2377 2383
f 2383 2377 2376
f 2406 2397 2407
f 2407 2397 2366
f 2400 2402 2375
f 2375 2402 2365
f 2385 2270 2401
f 2401 2270 2271
f 2403 2407 2362
f 2362 2407 2366
f 2371 2370 2387
f 2387 2370 2382
f 2391 2397 2396
f 2396 2397 2395
f 2378 2377 2404
f 2404 2377 2394
f 2360 2378 2361
f 2361 2378 2404
f 2407 2408 2406
f 2406 2408 2409
f 2410 2408 2403
f 2403 2408 2407
f 2411 2410 2402
f 2402 2410 2403
f 2412 2411 2400
f 2400 2411 2402
f 2406 2409 2392
f 2392 2409 2413
f 2392 2413 2393
f 2393 2413 2414
f 2415 2405 2414
f 2414 2405 2393
f 2416 2413 2417
f 2417 2413 2409
f 2419 2420 2418
f 2418 2420 2421
f 2420 2422 2421
f 2421 2422 2423
f 2420 2424 2422
f 2422 2424 2425
f 2426 2427 2424
f 2424 2427 2428
f 2428 2429 2424
f 2424 2429 2425
f 2426 2424 2419
f 2419 2424 2420
f 2419 2418 2431
f 2431 2418 2430
f 2425 2432 2422
f 2422 2432 2423
f 2408 2410 2432
f 2432 2410 2423
f 2423 2410 2433
f 2433 2410 2411
f 2421 2423 2434
f 2434 2423 2433
f 2435 2418 2434
f 2434 2418 2421
f 2429 2417 2425
f 2425 2417 2432
f 2408 2432 2409
f 2409 2432 2417
f 2418 2435 2430
f 2430 2435 2436
f 2438 2435 2437
f 2437 2435 2434
f 2435 2438 2436
f 2436 2438 2439
f 2441 2438 2440
f 2440 2438 2437
f 2442 2443 2437
f 2437 2443 2440
f 2439 2438 2444
f 2444 2438 2441
f 2433 2442 2434
f 2434 2442 2437
f 2412 2442 2411
f 2411 2442 2433
f 2436 2445 2430
f 2430 2445 2446
f 2430 2446 2431
f 2431 2446 2447
f 2417 2429 2448
f 2448 2429 2428
f 2427 2449 2428
f 2428 2449 2448
f 2450 2416 2448
f 2448 2416 2417
f 2451 2450 2449
f 2449 2450 2448
f 2427 2452 2449
f 2449 2452 2453
f 2447 2446 2452
f 2452 2446 2453
f 2454 2412 2399
f 2399 2412 2400
f 2415 2455 2405
f 2405 2455 2398
f 2399 2398 2454
f 2454 2398 2455
f 2454 2455 2443
f 2443 2455 2456
f 2443 2456 2440
f 2440 2456 2457
f 2458 2456 2415
f 2415 2456 2455
f 2443 2442 2454
f 2454 2442 2412
f 2459 2458 2414
f 2414 2458 2415
f 2413 2416 2414
f 2414 2416 2459
f 2459 2416 2460
f 2460 2416 2450
f 2460 2461 2459
f 2459 2461 2458
f 2462 2463 2460
f 2460 2463 2461
f 2461 2457 2458
f 2458 2457 2456
f 2457 2461 2464
f 2464 2461 2463
f 2451 2462 2450
f 2450 2462 2460
f 2462 2451 2465
f 2465 2451 2466
f 2468 2469 2467
f 2467 2469 2465
f 2463 2462 2469
f 2469 2462 2465
f 2465 2466 2467
f 2467 2466 2445
f 2446 2445 2453
f 2453 2445 2466
f 2451 2449 2466
f 2466 2449 2453
f 2464 2441 2457
f 2457 2441 2440
f 2468 2444 2464
f 2464 2444 2441
f 2468 2464 2469
f 2469 2464 2463
f 2467 2439 2468
f 2468 2439 2444
f 2445 2436 2467
f 2467 2436 2439
f 2447 2426 2431
f 2431 2426 2419
f 2427 2426 2452
f 2452 2426 2447
f 2369 2179 2370
f 2370 2179 2178
f 2376 2379 2372
f 2372 2379 2373
f 2389 2381 2388
f 2388 2381 2380
f 2387 2382 2389
f 2389 2382 2381
f 2270 2385 2277
f 2277 2385 2384
f 2379 2388 2373
f 2373 2388 2380
f 2401 2271 2369
f 2369 2271 2179
f 2248 2277 2372
f 2372 2277 2384
f 2401 2390 2385
f 2385 2390 2386
f 2264 2382 2178
f 2178 2382 2370
f 2215 2134 2271
f 2271 2134 2179
f 2005 2000 2199
f 2199 2000 2215
f 2004 2001 2005
f 2005 2001 2000
f 2200 2214 2004
f 2004 2214 2001
f 2470 2471 2473
f 2473 2471 2472
f 2475 2476 2474
f 2474 2476 2477
f 2479 2475 2478
f 2478 2475 2474
f 2481 2482 2480
f 2480 2482 2483
f 2476 2484 2477
f 2477 2484 2485
f 2487 2488 2486
f 2486 2488 2489
f 2133 2490 2058
f 2058 2490 2491
f 2058 2491 2247
f 2247 2491 2492
f 2494 2495 2493
f 2493 2495 2496
f 2476 2483 2484
f 2484 2483 2497
f 2472 2498 2488
f 2488 2498 2489
f 2484 2497 2471
f 2471 2497 2499
f 2500 2479 2496
f 2496 2479 2501
f 2502 2503 2505
f 2505 2503 2504
f 2496 2501 2493
f 2493 2501 2506
f 2479 2478 2501
f 2501 2478 2507
f 2475 2479 2480
f 2480 2479 2500
f 2508 2509 2473
f 2473 2509 2470
f 2509 2510 2470
f 2470 2510 2485
f 2511 2481 2500
f 2500 2481 2480
f 2512 2494 2486
f 2486 2494 2493
f 2485 2484 2470
f 2470 2484 2471
f 2513 2514 2477
f 2477 2514 2474
f 2471 2499 2472
f 2472 2499 2498
f 2476 2475 2483
f 2483 2475 2480
f 2516 2508 2515
f 2515 2508 2473
f 2502 2505 2517
f 2517 2505 2507
f 2504 2487 2505
f 2505 2487 2506
f 2503 2516 2504
f 2504 2516 2515
f 2506 2487 2493
f 2493 2487 2486
f 2517 2507 2518
f 2518 2507 2478
f 2510 2513 2485
f 2485 2513 2477
f 2511 2495 2293
f 2293 2495 2154
f 2514 2518 2474
f 2474 2518 2478
f 2483 2482 2497
f 2497 2482 2492
f 2501 2507 2506
f 2506 2507 2505
f 2488 2487 2515
f 2515 2487 2504
f 2472 2488 2473
f 2473 2488 2515
f 2518 2519 2517
f 2517 2519 2520
f 2521 2519 2514
f 2514 2519 2518
f 2522 2521 2513
f 2513 2521 2514
f 2523 2522 2510
f 2510 2522 2513
f 2517 2520 2502
f 2502 2520 2524
f 2502 2524 2503
f 2503 2524 2525
f 2525 2526 2503
f 2503 2526 2516
f 2527 2524 2528
f 2528 2524 2520
f 2530 2531 2529
f 2529 2531 2532
f 2531 2533 2532
f 2532 2533 2534
f 2531 2535 2533
f 2533 2535 2536
f 2537 2538 2535
f 2535 2538 2539
f 2539 2540 2535
f 2535 2540 2536
f 2537 2535 2530
f 2530 2535 2531
f 2529 2541 2530
f 2530 2541 2542
f 2543 2534 2536
f 2536 2534 2533
f 2519 2521 2543
f 2543 2521 2534
f 2534 2521 2544
f 2544 2521 2522
f 2532 2534 2545
f 2545 2534 2544
f 2529 2532 2546
f 2546 2532 2545
f 2536 2540 2543
f 2543 2540 2528
f 2519 2543 2520
f 2520 2543 2528
f 2541 2529 2547
f 2547 2529 2546
f 2548 2549 2545
f 2545 2549 2546
f 2549 2550 2546
f 2546 2550 2547
f 2551 2552 2548
f 2548 2552 2549
f 2548 2553 2551
f 2551 2553 2554
f 2550 2549 2555
f 2555 2549 2552
f 2545 2544 2548
f 2548 2544 2553
f 2523 2553 2522
f 2522 2553 2544
f 2547 2556 2541
f 2541 2556 2557
f 2541 2557 2542
f 2542 2557 2558
f 2528 2540 2559
f 2559 2540 2539
f 2538 2560 2539
f 2539 2560 2559
f 2561 2527 2559
f 2559 2527 2528
f 2560 2562 2559
f 2559 2562 2561
f 2560 2538 2564
f 2564 2538 2563
f 2558 2557 2563
f 2563 2557 2564
f 2565 2523 2509
f 2509 2523 2510
f 2526 2566 2516
f 2516 2566 2508
f 2509 2508 2565
f 2565 2508 2566
f 2565 2566 2554
f 2554 2566 2567
f 2554 2567 2551
f 2551 2567 2568
f 2569 2567 2526
f 2526 2567 2566
f 2553 2523 2554
f 2554 2523 2565
f 2570 2569 2525
f 2525 2569 2526
f 2524 2527 2525
f 2525 2527 2570
f 2527 2561 2570
f 2570 2561 2571
f 2571 2572 2570
f 2570 2572 2569
f 2573 2574 2571
f 2571 2574 2572
f 2572 2568 2569
f 2569 2568 2567
f 2568 2572 2575
f 2575 2572 2574
f 2562 2573 2561
f 2561 2573 2571
f 2573 2562 2576
f 2576 2562 2577
f 2579 2580 2578
f 2578 2580 2576
f 2574 2573 2580
f 2580 2573 2576
f 2576 2577 2578
f 2578 2577 2556
f 2557 2556 2564
f 2564 2556 2577
f 2562 2560 2577
f 2577 2560 2564
f 2575 2552 2568
f 2568 2552 2551
f 2579 2555 2575
f 2575 2555 2552
f 2579 2575 2580
f 2580 2575 2574
f 2550 2555 2578
f 2578 2555 2579
f 2556 2547 2578
f 2578 2547 2550
f 2558 2537 2542
f 2542 2537 2530
f 2538 2537 2563
f 2563 2537 2558
f 2292 2295 2481
f 2481 2295 2482
f 2486 2489 2512
f 2512 2489 2581
f 2499 2491 2498
f 2498 2491 2490
f 2497 2492 2499
f 2499 2492 2491
f 2155 2154 2494
f 2494 2154 2495
f 2581 2489 2490
f 2490 2489 2498
f 2293 2292 2511
f 2511 2292 2481
f 2191 2155 2512
f 2512 2155 2494
f 2500 2496 2511
f 2511 2496 2495
f 2247 2492 2295
f 2295 2492 2482
f 2583 2584 2582
f 2582 2584 2585
f 2587 2588 2586
f 2586 2588 2589
f 2591 2587 2590
f 2590 2587 2586
f 2593 2594 2592
f 2592 2594 2595
f 2596 2597 2599
f 2599 2597 2598
f 2588 2600 2589
f 2589 2600 2601
f 2602 2603 2605
f 2605 2603 2604
f 2606 2607 2609
f 2609 2607 2608
f 2609 2608 2190
f 2190 2608 2610
f 2611 2612 2614
f 2614 2612 2613
f 2600 2588 2615
f 2615 2588 2595
f 2599 2598 2606
f 2606 2598 2607
f 2584 2616 2604
f 2604 2616 2605
f 2600 2615 2583
f 2583 2615 2617
f 2591 2619 2618
f 2618 2619 2614
f 2621 2622 2620
f 2620 2622 2623
f 2619 2624 2614
f 2614 2624 2611
f 2591 2590 2619
f 2619 2590 2625
f 2587 2591 2592
f 2592 2591 2618
f 2626 2627 2585
f 2585 2627 2582
f 2627 2628 2582
f 2582 2628 2601
f 2629 2593 2618
f 2618 2593 2592
f 2602 2597 2611
f 2611 2597 2612
f 2600 2583 2601
f 2601 2583 2582
f 2630 2631 2589
f 2589 2631 2586
f 2583 2617 2584
f 2584 2617 2616
f 2588 2587 2595
f 2595 2587 2592
f 2633 2626 2632
f 2632 2626 2585
f 2620 2623 2634
f 2634 2623 2625
f 2622 2603 2623
f 2623 2603 2624
f 2621 2633 2622
f 2622 2633 2632
f 2611 2624 2602
f 2602 2624 2603
f 2634 2625 2635
f 2635 2625 2590
f 2628 2630 2601
f 2601 2630 2589
f 2613 2195 2629
f 2629 2195 2194
f 2631 2635 2586
f 2586 2635 2590
f 2595 2594 2615
f 2615 2594 2610
f 2619 2625 2624
f 2624 2625 2623
f 2632 2604 2622
f 2622 2604 2603
f 2585 2584 2632
f 2632 2584 2604
f 2635 2636 2634
f 2634 2636 2637
f 2638 2636 2631
f 2631 2636 2635
f 2639 2638 2630
f 2630 2638 2631
f 2640 2639 2628
f 2628 2639 2630
f 2634 2637 2620
f 2620 2637 2641
f 2620 2641 2621
f 2621 2641 2642
f 2642 2643 2621
f 2621 2643 2633
f 2641 2637 2644
f 2644 2637 2645
f 2646 2647 2649
f 2649 2647 2648
f 2648 2650 2649
f 2649 2650 2651
f 2648 2652 2650
f 2650 2652 2653
f 2652 2654 2656
f 2656 2654 2655
f 2656 2657 2652
f 2652 2657 2653
f 2654 2652 2647
f 2647 2652 2648
f 2647 2646 2659
f 2659 2646 2658
f 2660 2651 2653
f 2653 2651 2650
f 2636 2638 2660
f 2660 2638 2651
f 2651 2638 2661
f 2661 2638 2639
f 2651 2661 2649
f 2649 2661 2662
f 2663 2646 2662
f 2662 2646 2649
f 2653 2657 2660
f 2660 2657 2645
f 2636 2660 2637
f 2637 2660 2645
f 2646 2663 2658
f 2658 2663 2664
f 2665 2666 2662
f 2662 2666 2663
f 2666 2667 2663
f 2663 2667 2664
f 2668 2669 2665
f 2665 2669 2666
f 2665 2670 2668
f 2668 2670 2671
f 2667 2666 2672
f 2672 2666 2669
f 2662 2661 2665
f 2665 2661 2670
f 2640 2670 2639
f 2639 2670 2661
f 2673 2674 2664
f 2664 2674 2658
f 2658 2674 2659
f 2659 2674 2675
f 2645 2657 2676
f 2676 2657 2656
f 2677 2676 2655
f 2655 2676 2656
f 2676 2678 2645
f 2645 2678 2644
f 2677 2679 2676
f 2676 2679 2678
f 2655 2680 2677
f 2677 2680 2681
f 2675 2674 2680
f 2680 2674 2681
f 2682 2640 2627
f 2627 2640 2628
f 2643 2683 2633
f 2633 2683 2626
f 2682 2627 2683
f 2683 2627 2626
f 2683 2684 2682
f 2682 2684 2671
f 2684 2685 2671
f 2671 2685 2668
f 2686 2684 2643
f 2643 2684 2683
f 2670 2640 2671
f 2671 2640 2682
f 2687 2686 2642
f 2642 2686 2643
f 2642 2641 2687
f 2687 2641 2644
f 2687 2644 2688
f 2688 2644 2678
f 2688 2689 2687
f 2687 2689 2686
f 2690 2691 2688
f 2688 2691 2689
f 2689 2685 2686
f 2686 2685 2684
f 2685 2689 2692
f 2692 2689 2691
f 2679 2690 2678
f 2678 2690 2688
f 2690 2679 2693
f 2693 2679 2694
f 2696 2697 2695
f 2695 2697 2693
f 2691 2690 2697
f 2697 2690 2693
f 2693 2694 2695
f 2695 2694 2673
f 2674 2673 2681
f 2681 2673 2694
f 2679 2677 2694
f 2694 2677 2681
f 2685 2692 2668
f 2668 2692 2669
f 2696 2672 2692
f 2692 2672 2669
f 2696 2692 2697
f 2697 2692 2691
f 2695 2667 2696
f 2696 2667 2672
f 2673 2664 2695
f 2695 2664 2667
f 2675 2654 2659
f 2659 2654 2647
f 2655 2654 2680
f 2680 2654 2675
f 2291 2156 2593
f 2593 2156 2594
f 2597 2602 2598
f 2598 2602 2605
f 2616 2617 2607
f 2607 2617 2608
f 2615 2610 2617
f 2617 2610 2608
f 2597 2596 2612
f 2612 2596 2698
f 2598 2605 2607
f 2607 2605 2616
f 2194 2291 2629
f 2629 2291 2593
f 2629 2618 2613
f 2613 2618 2614
f 2190 2610 2156
f 2156 2610 2594
f 2700 2010 2699
f 2699 2010 2086
f 2267 2701 2116
f 2116 2701 2702
f 2116 2702 2117
f 2117 2702 2703
f 2704 2705 2250
f 2250 2705 2254
f 2011 2706 2267
f 2267 2706 2701
f 2699 2086 2707
f 2707 2086 2289
f 2010 2700 2011
f 2011 2700 2706
f 2708 2707 2251
f 2251 2707 2289
f 2703 2704 2117
f 2117 2704 2250
f 2705 2708 2254
f 2254 2708 2251
f 2709 2710 2708
f 2708 2710 2707
f 2711 2709 2705
f 2705 2709 2708
f 2712 2711 2704
f 2704 2711 2705
f 2713 2712 2703
f 2703 2712 2704
f 2707 2710 2699
f 2699 2710 2714
f 2699 2714 2700
f 2700 2714 2715
f 2716 2706 2715
f 2715 2706 2700
f 2714 2710 2717
f 2717 2710 2718
f 2720 2721 2719
f 2719 2721 2722
f 2721 2723 2722
f 2722 2723 2724
f 2721 2725 2723
f 2723 2725 2726
f 2727 2728 2725
f 2725 2728 2726
f 2729 2725 2720
f 2720 2725 2721
f 2731 2729 2730
f 2730 2729 2720
f 2719 2732 2720
f 2720 2732 2730
f 2726 2733 2723
f 2723 2733 2724
f 2709 2711 2733
f 2733 2711 2724
f 2724 2711 2734
f 2734 2711 2712
f 2722 2724 2735
f 2735 2724 2734
f 2719 2722 2736
f 2736 2722 2735
f 2726 2728 2733
f 2733 2728 2718
f 2709 2733 2710
f 2710 2733 2718
f 2732 2719 2737
f 2737 2719 2736
f 2738 2739 2735
f 2735 2739 2736
f 2739 2740 2736
f 2736 2740 2737
f 2741 2742 2738
f 2738 2742 2739
f 2738 2743 2741
f 2741 2743 2744
f 2740 2739 2745
f 2745 2739 2742
f 2735 2734 2738
f 2738 2734 2743
f 2713 2743 2712
f 2712 2743 2734
f 2737 2746 2732
f 2732 2746 2747
f 2732 2747 2730
f 2730 2747 2731
f 2718 2728 2748
f 2748 2728 2727
f 2749 2750 2727
f 2727 2750 2748
f 2748 2751 2718
f 2718 2751 2717
f 2750 2752 2748
f 2748 2752 2751
f 2750 2749 2754
f 2754 2749 2753
f 2731 2747 2753
f 2753 2747 2754
f 2727 2725 2749
f 2749 2725 2729
f 2749 2729 2753
f 2753 2729 2731
f 2702 2755 2703
f 2703 2755 2713
f 2706 2716 2701
f 2701 2716 2756
f 2755 2702 2756
f 2756 2702 2701
f 2756 2757 2755
f 2755 2757 2744
f 2757 2758 2744
f 2744 2758 2741
f 2759 2757 2716
f 2716 2757 2756
f 2743 2713 2744
f 2744 2713 2755
f 2760 2759 2715
f 2715 2759 2716
f 2715 2714 2760
f 2760 2714 2717
f 2760 2717 2761
f 2761 2717 2751
f 2761 2762 2760
f 2760 2762 2759
f 2763 2764 2761
f 2761 2764 2762
f 2762 2758 2759
f 2759 2758 2757
f 2758 2762 2765
f 2765 2762 2764
f 2752 2763 2751
f 2751 2763 2761
f 2763 2752 2766
f 2766 2752 2767
f 2768 2769 2766
f 2766 2769 2770
f 2764 2763 2770
f 2770 2763 2766
f 2766 2767 2768
f 2768 2767 2746
f 2747 2746 2754
f 2754 2746 2767
f 2752 2750 2767
f 2767 2750 2754
f 2758 2765 2741
f 2741 2765 2742
f 2769 2745 2765
f 2765 2745 2742
f 2769 2765 2770
f 2770 2765 2764
f 2768 2740 2769
f 2769 2740 2745
f 2746 2737 2768
f 2768 2737 2740
f 2201 2212 2200
f 2200 2212 2214
f 2201 2202 2212
f 2212 2202 2185
f 2512 2581 2191
f 2191 2581 2192
f 2059 2290 2056
f 2056 2290 2272
f 2174 2199 2294
f 2294 2199 2278
f 2063 2175 2194
f 2194 2175 2291
f 2192 2581 2133
f 2133 2581 2490
f 2133 2132 2192
f 2192 2132 2189
f 2054 2276 2055
f 2055 2276 2138
f 2083 2279 2084
f 2084 2279 2771
f 2771 2279 2599
f 2599 2279 2596
f 2606 2772 2599
f 2599 2772 2771
f 2772 2773 2771
f 2771 2773 2084
f 2773 2774 2084
f 2084 2774 2085
f 2085 2775 2082
f 2082 2775 2144
f 2774 2078 2085
f 2085 2078 2775
f 2078 2774 2079
f 2079 2774 2776
f 2774 2773 2776
f 2776 2773 2777
f 2773 2772 2777
f 2777 2772 2778
f 2190 2189 2609
f 2609 2189 2778
f 2053 2052 2779
f 2779 2052 2181
f 2144 2775 2081
f 2081 2775 2078
f 2294 2153 2174
f 2174 2153 2175
f 2132 2276 2189
f 2189 2276 2778
f 2606 2609 2772
f 2772 2609 2778
f 2195 2613 2698
f 2698 2613 2612
f 2596 2279 2698
f 2698 2279 2195
f 2054 2777 2276
f 2276 2777 2778
f 2777 2054 2776
f 2776 2054 2053
f 2053 2779 2776
f 2776 2779 2079
f 2779 2181 2079
f 2079 2181 2080
f 2181 2239 2080
f 2080 2239 2240
f 2122 2256 2014
f 2042 1982 2076
f 2076 1982 2007
f 1982 1985 2007
f 2007 1985 2008
f 2095 2097 2265
f 2265 2097 2266
f 2076 2050 2042
f 2042 2050 2047
f 2046 2043 2047
f 2047 2043 2042
f 2118 1993 2046
f 2046 1993 2043
f 1995 1994 2118
f 2118 1994 1993
f 2267 1992 2011
f 2011 1992 2012
f 1997 2012 1994
f 1994 2012 1992
f 2226 2013 1997
f 1997 2013 2012
f 2225 2087 2226
f 2226 2087 2013
f 2225 2232 2087
f 2087 2232 2288
f 2232 2070 2288
f 2288 2070 2252
f 2070 2025 2252
f 2252 2025 2253
f 1988 2249 2025
f 2025 2249 2253
f 2116 2115 2267
f 2267 2115 2268
f 2096 1984 2237
f 2237 1984 1991
f 2095 1985 2096
f 2096 1985 1984
f 2265 2008 2095
f 2095 2008 1985
f 2092 2009 2265
f 2265 2009 2008
f 2091 2286 2092
f 2092 2286 2009
f 2255 2238 2091
f 2091 2238 2286
f 2256 2239 2255
f 2255 2239 2238
f 2122 2240 2256
f 2256 2240 2239
f 2121 2241 2122
f 2122 2241 2240
f 2022 2018 2097
f 2097 2018 2266
f 2022 2024 2018
f 2018 2024 2019
f 2024 2072 2019
f 2019 2072 2073
f 2072 2228 2073
f 2073 2228 2230
f 2228 2184 2230
f 2230 2184 2183
f 2121 2285 2241
f 2241 2285 2258
f 2285 2036 2258
f 2258 2036 2257
f 2177 2145 2193
f 2193 2145 2257
f 2173 2193 2196
f 2196 2193 2037
f 2036 2037 2257
f 2257 2037 2193
f 2196 2037 2066
f 2066 2037 2035
f 2061 2108 2034
f 2034 2108 2067
f 2108 2208 2067
f 2067 2208 2204
f 2208 2210 2204
f 2204 2210 2203
f 2210 2280 2203
f 2203 2280 2186
f 2183 2186 2235
f 2235 2186 2280
f 1987 2114 1988
f 1988 2114 2249
f 2237 2115 1987
f 1987 2115 2114
f 1991 2268 2237
f 2237 2268 2115
f 1991 1990 2268
f 2268 1990 1992
f 107 110 2781
f 2781 110 2780
f 117 2782 118
f 118 2782 2783
f 119 2784 120
f 120 2784 2785
f 125 2786 126
f 126 2786 2787
f 127 2788 128
f 128 2788 2789
f 127 132 2788
f 2788 132 2790
f 231 230 2792
f 2792 230 2791
f 118 2783 119
f 119 2783 2784
f 241 243 2794
f 2794 243 2793
f 2781 2795 107
f 107 2795 352
f 120 2785 437
f 437 2785 2796
f 126 2787 110
f 110 2787 2780
f 455 2797 456
f 456 2797 2798
f 128 2789 457
f 457 2789 2799
f 456 2798 117
f 117 2798 2782
f 2794 2797 241
f 241 2797 455
f 457 2799 125
f 125 2799 2786
f 132 231 2790
f 2790 231 2792
f 230 437 2791
f 2791 437 2796
f 2792 2789 2790
f 2790 2789 2788
f 2785 2784 2801
f 2801 2784 2800
f 2786 2802 2787
f 2787 2802 2803
f 2792 2791 2805
f 2805 2791 2804
f 2784 2783 2800
f 2800 2783 2806
f 2785 2801 2796
f 2796 2801 2807
f 2787 2803 2780
f 2780 2803 2808
f 2789 2809 2799
f 2799 2809 2810
f 2799 2810 2786
f 2786 2810 2802
f 2791 2796 2804
f 2804 2796 2807
f 2789 2792 2809
f 2809 2792 2805
f 2812 2797 2811
f 2811 2797 2794
f 2809 2805 2810
f 2810 2805 2804
f 2810 2804 2802
f 2802 2804 2807
f 2802 2807 2803
f 2803 2807 2801
f 2808 2803 2800
f 2800 2803 2801
f 2814 699 2813
f 2813 699 698
f 2808 2815 2780
f 2780 2815 2781
f 2817 2782 2816
f 2816 2782 2798
f 2815 2818 2781
f 2781 2818 2795
f 2797 2812 2798
f 2798 2812 2816
f 2783 2782 2806
f 2806 2782 2817
f 2800 2806 2808
f 2808 2806 2815
f 2794 2793 2811
f 2811 2793 2819
f 174 201 384
f 384 201 362
f 200 1766 390
f 390 1766 1777
f 1777 1778 390
f 390 1778 398
f 1778 361 398
f 398 361 222
f 2820 2821 628
f 628 2821 629
f 1406 2820 790
f 790 2820 628
f 794 1415 1233
f 1233 1415 1234
f 1406 790 1407
f 1407 790 1312
f 1407 1312 2822
f 2822 1312 1316
f 2823 1380 1543
f 1543 1380 1379
f 1385 1738 1382
f 1382 1738 1383
f 1381 791 1382
f 1382 791 1386
f 791 794 1386
f 1386 794 1233
f 1259 1390 1260
f 1260 1390 1389
f 1905 1542 1394
f 1394 1542 1395
f 1410 1413 1397
f 1397 1413 1398
f 2821 1410 629
f 629 1410 1397
f 2823 2822 1380
f 1380 2822 1316
f 1392 1395 1378
f 1378 1395 1379
f 1738 1399 1383
f 1383 1399 1398
f 1388 1235 1389
f 1389 1235 1234
f 1393 1391 1394
f 1394 1391 1390
f 1381 1384 779
f 779 1384 780
f 1282 788 792
f 792 788 793
f 1431 1262 1432
f 1432 1262 1261
f 1400 1342 1408
f 1408 1342 1409
f 1508 1544 1411
f 1411 1544 1412
f 788 787 793
f 793 787 1414
f 2821 2820 1429
f 1429 2820 1430
f 2822 2823 1506
f 1506 2823 1507
f 778 1282 779
f 779 1282 792
f 2820 1406 1430
f 1430 1406 1409
f 1410 2821 1411
f 1411 2821 1429
f 1407 2822 1408
f 1408 2822 1506
f 1544 781 1412
f 1412 781 780
f 1260 1415 1261
f 1261 1415 1414
f 1334 2824 923
f 923 2824 924
f 2826 1268 2825
f 2825 1268 1267
f 769 1212 2827
f 2827 1212 2828
f 1492 1190 1266
f 1266 1190 1267
f 1488 2829 1489
f 1489 2829 2830
f 922 1329 923
f 923 1329 1328
f 1484 2831 1485
f 1485 2831 2832
f 1482 2833 1485
f 1485 2833 1486
f 1324 1493 1489
f 1489 1493 1490
f 1265 1491 1266
f 1266 1491 1490
f 2835 2836 2834
f 2834 2836 2837
f 1250 2838 2827
f 2827 2838 2839
f 1488 1491 2840
f 2840 1491 2841
f 1268 2826 2842
f 2842 2826 2843
f 2844 2845 1495
f 1495 2845 1496
f 1427 2847 2846
f 2846 2847 926
f 2829 1488 2848
f 2848 1488 2840
f 1329 922 2849
f 2849 922 927
f 2850 2851 768
f 768 2851 1213
f 1265 1268 2852
f 2852 1268 2842
f 1491 1265 2841
f 2841 1265 2852
f 2854 2855 2853
f 2853 2855 2856
f 2855 2857 2856
f 2856 2857 598
f 2857 2858 598
f 598 2858 595
f 2858 2859 595
f 595 2859 626
f 649 652 2860
f 2860 652 2861
f 639 642 2862
f 2862 642 2863
f 2864 705 2862
f 2862 705 639
f 2865 1418 2864
f 2864 1418 705
f 2866 2867 2865
f 2865 2867 1418
f 1760 1348 1761
f 1761 1348 2867
f 1764 2868 1197
f 1197 2868 1198
f 2869 611 2868
f 2868 611 1198
f 2870 612 2869
f 2869 612 611
f 1352 1350 944
f 944 1350 688
f 1350 1256 688
f 688 1256 685
f 1256 1255 685
f 685 1255 692
f 1255 2871 692
f 692 2871 2872
f 701 2873 698
f 698 2873 2813
f 2872 1349 692
f 692 1349 693
f 1696 1744 1574
f 1574 1744 1575
f 1753 1618 1577
f 1577 1618 1578
f 1729 1594 1608
f 1608 1594 1609
f 1725 1630 1611
f 1611 1630 1612
f 1604 1607 1625
f 1625 1607 1626
f 1624 1703 1625
f 1625 1703 1912
f 1703 1702 1912
f 1912 1702 1913
f 1702 1753 1913
f 1913 1753 1577
f 1598 1569 1915
f 1915 1569 1578
f 1616 1615 1915
f 1915 1615 1916
f 1615 1696 1916
f 1916 1696 1574
f 1744 1745 1575
f 1575 1745 1917
f 1745 1565 1917
f 1917 1565 1609
f 1568 1725 1608
f 1608 1725 1611
f 2874 1613 1918
f 1918 1613 1612
f 1607 2874 1626
f 1626 2874 1918
f 1610 1613 1562
f 1562 1613 1563
f 1547 1550 1570
f 1570 1550 1571
f 1573 1576 1580
f 1580 1576 1581
f 1553 1556 1595
f 1595 1556 1596
f 1556 1582 1596
f 1596 1582 1581
f 1551 1547 1599
f 1599 1547 1570
f 1731 1914 1601
f 1601 1914 1602
f 1686 1689 1605
f 1605 1689 1606
f 1598 1743 1599
f 1599 1743 1692
f 2874 1607 1723
f 1723 1607 1606
f 1727 1553 1730
f 1730 1553 1595
f 1600 1686 1601
f 1601 1686 1605
f 1914 1572 1602
f 1602 1572 1571
f 1579 1693 1580
f 1580 1693 1692
f 1613 2874 1563
f 1563 2874 1723
f 1561 1727 1562
f 1562 1727 1730
f 1949 1742 1548
f 1548 1742 1549
f 1694 1949 1552
f 1552 1949 1548
f 1954 1589 1554
f 1554 1589 1555
f 1693 1579 1558
f 1558 1579 1559
f 1561 1564 1584
f 1584 1564 1585
f 1582 1556 1588
f 1588 1556 1555
f 1600 1603 1591
f 1591 1603 1592
f 1981 1977 1687
f 1687 1977 1688
f 1564 1722 1585
f 1585 1722 1690
f 1551 1693 1552
f 1552 1693 1558
f 1751 1954 1728
f 1728 1954 1554
f 1590 1981 1591
f 1591 1981 1687
f 1603 1550 1592
f 1592 1550 1549
f 1977 1691 1688
f 1688 1691 1690
f 1587 1560 1588
f 1588 1560 1559
f 1727 1561 1728
f 1728 1561 1584
f 2875 1919 1947
f 1947 1919 1948
f 1557 1560 1952
f 1952 1560 1953
f 1933 1932 1955
f 1955 1932 1956
f 1587 1589 1958
f 1958 1589 1956
f 1959 1933 1965
f 1965 1933 1955
f 1961 1964 1966
f 1966 1964 1967
f 1981 1590 1969
f 1969 1590 1967
f 1742 1949 1972
f 1972 1949 1948
f 1593 1742 1966
f 1966 1742 1972
f 1957 1950 1958
f 1958 1950 1953
f 1583 1586 1974
f 1974 1586 1975
f 1940 1943 1978
f 1978 1943 1979
f 1943 1976 1979
f 1979 1976 1975
f 1951 2875 1952
f 1952 2875 1947
f 1968 1940 1969
f 1969 1940 1978
f 1973 1959 1974
f 1974 1959 1965
f 1923 1971 1920
f 1920 1971 1921
f 1919 2875 1920
f 1920 2875 1924
f 2875 1951 1924
f 1924 1951 1926
f 1950 1957 1929
f 1929 1957 1930
f 2244 2243 1934
f 1934 2243 1935
f 1973 1976 1937
f 1937 1976 1938
f 1944 1980 1941
f 1941 1980 1942
f 1940 1968 1941
f 1941 1968 1945
f 2287 2244 1960
f 1960 2244 1934
f 1970 2245 1962
f 1962 2245 1963
f 2243 1931 1935
f 1935 1931 1930
f 1927 1926 1928
f 1928 1926 1929
f 1961 1922 1962
f 1962 1922 1921
f 2245 1946 1963
f 1963 1946 1945
f 1976 1943 1938
f 1938 1943 1942
f 1936 2287 1937
f 1937 2287 1960
f 743 1238 608
f 608 1238 609
f 607 1811 608
f 608 1811 744
f 1304 2876 1305
f 1305 2876 2877
f 586 585 1298
f 1298 585 1299
f 585 702 1299
f 1299 702 1300
f 702 1428 1300
f 1300 1428 1301
f 1238 586 609
f 609 586 1298
f 2878 2879 1218
f 1218 2879 2877
f 2880 2881 1812
f 1812 2881 1819
f 2883 1821 2882
f 2882 1821 1820
f 2840 2841 620
f 620 2841 621
f 2842 2843 795
f 795 2843 796
f 892 895 2844
f 2844 895 2845
f 2848 2840 942
f 942 2840 620
f 2849 927 1202
f 1202 927 1203
f 2852 2842 1270
f 1270 2842 795
f 2841 2852 621
f 621 2852 1270
f 941 1759 942
f 942 1759 2884
f 659 929 1427
f 1427 929 2847
f 1237 2851 751
f 751 2851 2850
f 1216 2885 1217
f 1217 2885 1754
f 2887 734 2886
f 2886 734 733
f 2889 1816 2888
f 2888 1816 1815
f 2890 1245 2889
f 2889 1245 1816
f 1824 2891 1825
f 1825 2891 1246
f 2892 2893 2895
f 2895 2893 2894
f 1854 1833 1851
f 1851 1833 1832
f 1851 1832 1884
f 1884 1832 1876
f 1884 1876 1441
f 1441 1876 1443
f 1441 1443 1442
f 1442 1443 1446
f 1442 1446 2896
f 2896 1446 1507
f 2897 2823 2898
f 2898 2823 1543
f 1542 2899 1543
f 1543 2899 2898
f 1542 1905 2899
f 2899 1905 2900
f 1905 1259 2900
f 2900 1259 2901
f 1262 1431 2902
f 2902 1431 1904
f 1431 1434 1904
f 1904 1434 1902
f 1902 1434 2903
f 2903 1434 719
f 2903 719 2904
f 2904 719 718
f 1869 1881 718
f 718 1881 2904
f 1881 1869 1880
f 1880 1869 756
f 1880 756 2905
f 2905 756 755
f 2905 755 2906
f 2906 755 758
f 762 2907 763
f 763 2907 2908
f 724 723 2909
f 2909 723 894
f 796 895 723
f 723 895 894
f 2843 2845 796
f 796 2845 895
f 2826 1496 2843
f 2843 1496 2845
f 2825 1497 2826
f 2826 1497 1496
f 1189 2836 2825
f 2825 2836 1497
f 797 891 798
f 798 891 2837
f 802 888 797
f 797 888 891
f 2910 2911 2913
f 2913 2911 2912
f 1780 1783 2915
f 2915 1783 2914
f 2916 2917 831
f 831 2917 832
f 2918 2919 845
f 845 2919 846
f 2920 2916 847
f 847 2916 831
f 2921 2922 857
f 857 2922 858
f 2923 2924 860
f 860 2924 861
f 2919 2912 846
f 846 2912 887
f 2925 2920 940
f 940 2920 847
f 2924 2926 861
f 861 2926 1204
f 2917 2918 832
f 832 2918 845
f 2927 2928 1449
f 1449 2928 1450
f 2929 2930 889
f 889 2930 2931
f 2896 1507 2897
f 2897 1507 2823
f 2902 2901 1262
f 1262 2901 1259
f 2932 2933 750
f 750 2933 1236
f 2933 2934 1236
f 1236 2934 1835
f 2936 2937 2935
f 2935 2937 2938
f 2940 2941 2939
f 2939 2941 2942
f 2943 2944 1841
f 1841 2944 1842
f 2945 1860 2944
f 2944 1860 1842
f 2945 2946 1860
f 1860 2946 1859
f 1889 2947 1890
f 1890 2947 1856
f 1856 2947 1857
f 1857 2947 2948
f 2950 709 2949
f 2949 709 1829
f 2952 730 2951
f 2951 730 729
f 2866 2953 2867
f 2867 2953 1761
f 2953 2954 1761
f 1761 2954 1420
f 2954 2955 1420
f 1420 2955 742
f 2955 2956 742
f 742 2956 739
f 2956 2957 739
f 739 2957 760
f 2957 2958 760
f 760 2958 761
f 2958 2959 761
f 761 2959 2960
f 2959 2961 2960
f 2960 2961 2962
f 2963 2964 1839
f 1839 2964 1840
f 2964 2965 1840
f 1840 2965 2942
f 2966 2950 2939
f 2939 2950 2949
f 2935 2967 2936
f 2936 2967 2968
f 2969 2970 736
f 736 2970 735
f 734 2887 1815
f 1815 2887 2888
f 2887 2882 2888
f 2888 2882 2881
f 1819 1820 1817
f 1817 1820 748
f 1195 1757 1197
f 1197 1757 1424
f 1757 647 1424
f 1424 647 646
f 647 648 646
f 646 648 643
f 648 1271 643
f 643 1271 737
f 1271 725 737
f 737 725 765
f 725 724 765
f 765 724 762
f 762 724 2907
f 2907 724 2909
f 1254 1437 2909
f 2909 1437 2907
f 1438 1253 1836
f 1836 1253 1835
f 1836 1835 2938
f 2938 1835 2934
f 2971 2972 2935
f 2935 2972 2967
f 897 896 2969
f 2969 896 2970
f 1815 1814 734
f 734 1814 731
f 728 1215 896
f 896 1215 732
f 2885 1216 733
f 733 1216 2886
f 1216 1219 2886
f 2886 1219 2883
f 2876 1304 1821
f 1821 1304 749
f 1304 1303 749
f 749 1303 746
f 1818 2973 1817
f 1817 2973 1810
f 747 2974 1818
f 1818 2974 2973
f 747 746 2974
f 2974 746 1303
f 2976 2977 2975
f 2975 2977 2978
f 2976 2979 2901
f 2901 2979 2900
f 2980 2981 2982
f 2982 2981 2979
f 2981 2980 2983
f 2983 2980 2984
f 2985 2897 2983
f 2983 2897 2898
f 2987 2988 2986
f 2986 2988 2985
f 2896 2988 1442
f 1442 2988 1439
f 1903 2977 1904
f 1904 2977 2902
f 1856 1855 1890
f 1890 1855 2989
f 2989 2990 1890
f 1890 2990 1359
f 2990 2991 1359
f 1359 2991 1356
f 2946 2992 1859
f 1859 2992 1893
f 2992 2993 1893
f 1893 2993 775
f 2993 2994 775
f 775 2994 776
f 2986 1356 2987
f 2987 1356 2991
f 2975 2978 776
f 776 2978 777
f 2982 2994 2980
f 2980 2994 2995
f 1357 2984 2995
f 2995 2984 2980
f 2995 2996 1357
f 1357 2996 1358
f 2996 2997 1358
f 1358 2997 1889
f 2998 2999 2932
f 2932 2999 2933
f 2999 2971 2933
f 2933 2971 2934
f 1837 1836 2937
f 2937 1836 2938
f 2943 1841 2941
f 2941 1841 1838
f 3001 2944 3000
f 3000 2944 2943
f 3001 3002 2944
f 2944 3002 2945
f 3002 3003 2945
f 2945 3003 2946
f 2997 3003 1889
f 1889 3003 2947
f 2947 3003 2948
f 2948 3003 3002
f 3001 3004 3002
f 3002 3004 2948
f 3000 3005 3001
f 3001 3005 3004
f 2940 3006 3000
f 3000 3006 3005
f 2999 3007 2971
f 2971 3007 2972
f 2998 2951 2999
f 2999 2951 3007
f 3008 2952 2998
f 2998 2952 2951
f 2966 2965 2936
f 2936 2965 2937
f 2935 2938 2971
f 2971 2938 2934
f 3003 2997 2946
f 2946 2997 2992
f 2997 2996 2992
f 2992 2996 2993
f 2996 2995 2993
f 2993 2995 2994
f 1356 2986 1357
f 1357 2986 2984
f 2982 2975 2994
f 2994 2975 776
f 1844 1843 1899
f 1899 1843 3009
f 1843 638 3009
f 3009 638 3010
f 638 637 3010
f 3010 637 3011
f 637 1830 3011
f 3011 1830 3012
f 1830 1833 3012
f 3012 1833 2894
f 1833 1854 2894
f 2894 1854 2895
f 1854 1853 2895
f 2895 1853 1888
f 1858 1857 1885
f 1885 1857 1892
f 1899 3009 1898
f 1898 3009 1874
f 3009 3010 1874
f 1874 3010 1865
f 3010 3011 1865
f 1865 3011 1862
f 3011 3012 1862
f 1862 3012 1882
f 3012 2894 1882
f 1882 2894 2893
f 1850 2890 782
f 782 2890 2889
f 783 2880 1811
f 1811 2880 1812
f 744 1810 745
f 745 1810 2973
f 745 2973 805
f 805 2973 806
f 2973 2974 806
f 806 2974 815
f 1303 812 2974
f 2974 812 815
f 1303 1302 812
f 812 1302 1221
f 1307 3013 1302
f 1302 3013 1221
f 1734 3014 1633
f 1633 3014 1634
f 1646 1649 1636
f 1636 1649 1637
f 1654 1657 1641
f 1641 1657 1642
f 1639 1736 1636
f 1636 1736 1684
f 1716 1713 1698
f 1698 1713 1699
f 1718 1721 1705
f 1705 1721 1706
f 1653 1654 1709
f 1709 1654 1641
f 1620 1623 1714
f 1714 1623 1699
f 1712 1682 1714
f 1714 1682 1740
f 1668 1671 1746
f 1746 1671 1747
f 1752 1650 1749
f 1749 1650 1750
f 1750 1650 1709
f 1709 1650 1653
f 1632 1668 1633
f 1633 1668 1746
f 1649 1752 1637
f 1637 1752 1749
f 1682 1643 1740
f 1740 1643 1642
f 3014 1685 1634
f 1634 1685 1684
f 1704 1748 1705
f 1705 1748 1747
f 1697 1707 1698
f 1698 1707 1706
f 1739 1701 1621
f 1621 1701 1622
f 1567 1566 1647
f 1647 1566 1648
f 1664 1695 1651
f 1651 1695 1652
f 1614 1617 1655
f 1655 1617 1656
f 1704 1707 1659
f 1659 1707 1660
f 3014 1734 1662
f 1662 1734 1663
f 1650 1752 1651
f 1651 1752 1665
f 1741 1657 1667
f 1667 1657 1656
f 1695 1614 1652
f 1652 1614 1655
f 1724 1567 1726
f 1726 1567 1647
f 1645 1628 1733
f 1733 1628 1663
f 1685 3014 1726
f 1726 3014 1662
f 1620 1741 1621
f 1621 1741 1667
f 1566 1666 1648
f 1648 1666 1665
f 1658 1737 1659
f 1659 1737 1901
f 1911 1661 1910
f 1910 1661 1660
f 1701 1911 1622
f 1622 1911 1910
f 1732 1748 1733
f 1733 1748 1901
f 1857 2948 1892
f 1892 2948 3004
f 1892 3004 1891
f 1891 3004 3005
f 1828 3006 1829
f 1829 3006 2949
f 2967 736 2968
f 2968 736 710
f 2972 2969 2967
f 2967 2969 736
f 2969 2972 897
f 897 2972 3007
f 897 3007 729
f 729 3007 2951
f 3016 753 3015
f 3015 753 752
f 3018 767 3017
f 3017 767 766
f 3019 3020 1249
f 1249 3020 3021
f 2915 2914 3019
f 3019 2914 3020
f 3023 2914 3022
f 3022 2914 1783
f 2827 2839 769
f 769 2839 766
f 3025 2838 3024
f 3024 2838 3021
f 768 767 2850
f 2850 767 3026
f 2850 3026 751
f 751 3026 752
f 750 753 2932
f 2932 753 3027
f 3008 2998 3027
f 3027 2998 2932
f 3028 3029 3008
f 3008 3029 2952
f 3029 3030 2952
f 2952 3030 730
f 3032 3033 3031
f 3031 3033 3034
f 3036 3037 3035
f 3035 3037 3038
f 2870 3039 612
f 612 3039 3040
f 3041 3042 3031
f 3031 3042 3038
f 3034 1352 3043
f 3043 1352 944
f 612 3040 613
f 613 3040 3044
f 613 3044 1425
f 1425 3044 1422
f 3045 3042 669
f 669 3042 670
f 3041 3043 599
f 599 3043 600
f 772 771 1544
f 1544 771 781
f 1503 771 1866
f 1866 771 770
f 771 1503 781
f 781 1503 778
f 61 281 416
f 416 281 1907
f 283 103 3046
f 3046 103 3047
f 76 79 3048
f 3048 79 3049
f 280 76 1906
f 1906 76 3048
f 3051 335 3050
f 3050 335 334
f 3053 417 3052
f 3052 417 416
f 3055 435 3054
f 3054 435 434
f 428 435 419
f 419 435 1908
f 420 1909 293
f 293 1909 443
f 79 294 3049
f 3049 294 444
f 3057 444 3056
f 3056 444 443
f 3051 3058 335
f 335 3058 452
f 216 215 1332
f 1332 215 452
f 308 283 462
f 462 283 3046
f 3050 334 3059
f 3059 334 462
f 103 62 3047
f 3047 62 417
f 313 312 434
f 434 312 463
f 3061 574 3060
f 3060 574 573
f 1310 3062 1428
f 1428 3062 3063
f 1258 3064 1255
f 1255 3064 2871
f 932 3065 2853
f 2853 3065 3066
f 699 2814 931
f 931 2814 3067
f 3068 1301 3063
f 3063 1301 1428
f 571 574 1310
f 1310 574 3062
f 3060 573 3069
f 3069 573 1332
f 3070 3071 1906
f 1906 3071 1907
f 3072 3073 1908
f 1908 3073 1909
f 3075 2814 3074
f 3074 2814 2813
f 2854 3076 1258
f 1258 3076 3064
f 2871 3077 2872
f 2872 3077 3078
f 3074 2813 3079
f 3079 2813 2873
f 2872 3078 1349
f 1349 3078 3080
f 2873 701 3068
f 3068 701 1301
f 1330 1201 3080
f 3080 1201 1349
f 1264 1263 3081
f 3081 1263 3082
f 3083 3084 3082
f 3082 3084 3081
f 811 1448 3086
f 3086 1448 3085
f 808 811 3087
f 3087 811 3086
f 3088 3083 833
f 833 3083 3082
f 884 3089 885
f 885 3089 3090
f 3087 1790 808
f 808 1790 816
f 1790 3087 1787
f 1787 3087 3091
f 3092 3091 3086
f 3086 3091 3087
f 3093 3094 3084
f 3084 3094 3095
f 3089 3096 3090
f 3090 3096 3088
f 3097 3093 3083
f 3083 3093 3084
f 3099 3100 3098
f 3098 3100 1786
f 3101 1788 2913
f 2913 1788 3102
f 838 837 885
f 885 837 886
f 886 837 3103
f 3103 837 1541
f 3094 3093 3104
f 3104 3093 3097
f 3105 3106 3089
f 3089 3106 3096
f 3108 3109 3107
f 3107 3109 3110
f 3111 3112 3091
f 3091 3112 1787
f 3114 3108 3113
f 3113 3108 3107
f 3114 3115 3112
f 3112 3115 3102
f 3091 3092 3111
f 3111 3092 3116
f 839 838 835
f 835 838 836
f 885 3090 838
f 838 3090 836
f 3110 3117 1247
f 1247 3117 3118
f 1247 3118 1248
f 1248 3118 3119
f 3120 3121 3119
f 3119 3121 1248
f 1247 844 3110
f 3110 844 3107
f 844 843 3107
f 3107 843 3113
f 843 3099 3113
f 3113 3099 3122
f 1781 3123 3098
f 3098 3123 3124
f 2915 2931 1780
f 1780 2931 2930
f 3019 3125 2915
f 2915 3125 2931
f 890 3125 2834
f 2834 3125 1252
f 3125 3019 1252
f 1252 3019 1249
f 907 908 946
f 946 908 947
f 1185 1188 1369
f 1369 1188 948
f 954 957 951
f 951 957 952
f 910 965 953
f 953 965 950
f 905 958 960
f 960 958 961
f 3126 978 949
f 949 978 962
f 936 935 967
f 967 935 968
f 994 993 969
f 969 993 966
f 902 904 971
f 971 904 972
f 983 985 973
f 973 985 970
f 906 905 974
f 974 905 960
f 977 981 959
f 959 981 975
f 911 910 1143
f 1143 910 953
f 952 957 1142
f 1142 957 1145
f 911 1143 1366
f 1366 1143 1368
f 1185 1369 1145
f 1145 1369 1142
f 993 1519 966
f 966 1519 1456
f 965 1454 950
f 950 1454 1457
f 900 899 1459
f 1459 899 1460
f 988 991 1461
f 1461 991 1458
f 899 963 1460
f 1460 963 1462
f 985 987 970
f 970 987 1463
f 904 906 972
f 972 906 974
f 981 983 975
f 975 983 973
f 935 900 968
f 968 900 1459
f 991 994 1458
f 1458 994 969
f 1154 1526 1088
f 1088 1526 1089
f 1109 1112 1092
f 1092 1112 1093
f 1083 1098 1084
f 1084 1098 1097
f 1078 1471 1100
f 1100 1471 1101
f 1075 1078 1104
f 1104 1078 1100
f 1152 1154 1156
f 1156 1154 1088
f 1156 1155 1372
f 1372 1155 1373
f 1372 1373 1104
f 1104 1373 1075
f 1467 1109 1465
f 1465 1109 1092
f 1465 1182 1468
f 1468 1182 1184
f 1474 1470 1096
f 1096 1470 1097
f 1102 1101 1083
f 1083 1101 1098
f 1112 1531 1093
f 1093 1531 1529
f 1102 1073 1099
f 1099 1073 1072
f 1526 1154 1079
f 1079 1154 1080
f 1081 1091 1082
f 1082 1091 1094
f 1069 1068 1085
f 1085 1068 1086
f 1153 1151 1080
f 1080 1151 1058
f 1371 1177 1179
f 1179 1177 1176
f 1099 1072 1103
f 1103 1072 1176
f 1068 1071 1086
f 1086 1071 1073
f 1085 1084 1180
f 1180 1084 1469
f 1066 1065 1183
f 1183 1065 1181
f 1153 1152 1177
f 1177 1152 1178
f 1091 1081 1182
f 1182 1081 1183
f 1057 1525 1079
f 1079 1525 1527
f 1120 1117 1076
f 1076 1117 1077
f 1087 1090 1107
f 1107 1090 1108
f 1127 1126 1110
f 1110 1126 1111
f 1095 1116 1096
f 1096 1116 1115
f 1471 1078 1119
f 1119 1078 1077
f 1087 1107 1155
f 1155 1107 1158
f 1376 1374 1157
f 1157 1374 1158
f 1076 1075 1374
f 1374 1075 1373
f 1109 1467 1110
f 1110 1467 1472
f 1467 1466 1472
f 1472 1466 1473
f 1135 1475 1114
f 1114 1475 1115
f 1471 1119 1095
f 1095 1119 1116
f 1126 1532 1111
f 1111 1532 1530
f 914 1276 1480
f 1480 1276 1517
f 3127 3128 1223
f 1223 3128 1224
f 824 933 1455
f 1455 933 3129
f 3131 1448 3130
f 3130 1448 1447
f 3132 3133 1452
f 1452 3133 1453
f 3130 1447 1322
f 1322 1447 1455
f 933 1514 3129
f 3129 1514 3134
f 1161 3135 1480
f 1480 3135 1481
f 3128 3136 1224
f 1224 3136 1499
f 3133 1162 1453
f 1453 1162 1517
f 1515 3127 1535
f 1535 3127 1223
f 3095 3085 3131
f 3131 3085 1448
f 3137 3092 3085
f 3085 3092 3086
f 3138 3116 3137
f 3137 3116 3092
f 3110 3109 3117
f 3117 3109 3139
f 3105 3140 3117
f 3117 3140 3118
f 3140 3141 3118
f 3118 3141 3119
f 3142 3120 3141
f 3141 3120 3119
f 1498 3143 1277
f 1277 3143 882
f 3144 3145 1340
f 1340 3145 1339
f 1340 3146 3144
f 3144 3146 3147
f 3145 3144 3143
f 3143 3144 3148
f 871 901 872
f 872 901 1362
f 3149 3148 3147
f 3147 3148 3144
f 1208 3150 1209
f 3098 1786 1781
f 1781 1786 1782
f 2930 2929 3123
f 3123 2929 2911
f 1794 1791 2916
f 2916 1791 2917
f 1793 3101 2918
f 2918 3101 2919
f 1796 1794 2920
f 2920 1794 2916
f 3151 3152 2921
f 2921 3152 2922
f 3153 3154 2923
f 2923 3154 2924
f 2919 3101 2912
f 2912 3101 2913
f 3155 1796 2925
f 2925 1796 2920
f 3154 3156 2924
f 2924 3156 2926
f 1791 1793 2917
f 2917 1793 2918
f 3157 3158 2927
f 2927 3158 2928
f 1780 2930 1781
f 1781 2930 3123
f 2825 1267 1189
f 1189 1267 1190
f 2827 2828 1250
f 1250 2828 1251
f 1489 2830 1324
f 1324 2830 1325
f 923 1328 1334
f 1334 1328 1335
f 1485 2832 1482
f 1482 2832 1483
f 1266 1490 1492
f 1492 1490 1493
f 1333 1346 1334
f 1334 1346 2824
f 722 799 1492
f 1492 799 1190
f 664 657 1482
f 1482 657 2833
f 631 634 1324
f 1324 634 1493
f 2828 1494 1251
f 1251 1494 2835
f 1249 3021 1250
f 1250 3021 2838
f 798 2837 1189
f 1189 2837 2836
f 3100 842 3160
f 3160 842 3159
f 1788 3101 1789
f 1789 3101 1793
f 1792 816 1789
f 1789 816 1790
f 817 816 1795
f 1795 816 1792
f 938 817 1797
f 1797 817 1795
f 1796 3155 1797
f 1797 3155 1798
f 3155 3158 1798
f 1798 3158 1799
f 3157 3152 1801
f 1801 3152 1802
f 3151 3156 1803
f 1803 3156 1804
f 3154 3153 1805
f 1805 3153 1806
f 3153 3161 1806
f 1806 3161 1807
f 3099 843 3100
f 3100 843 842
f 1788 1787 3102
f 3102 1787 3112
f 2910 3115 3124
f 3124 3115 3122
f 3099 3098 3122
f 3122 3098 3124
f 416 1907 3052
f 3052 1907 3071
f 3046 3047 3163
f 3163 3047 3162
f 249 445 259
f 259 445 3164
f 425 3165 424
f 424 3165 461
f 408 410 329
f 329 410 330
f 39 331 40
f 40 331 332
f 305 304 423
f 423 304 464
f 385 254 458
f 458 254 392
f 250 415 251
f 251 415 412
f 233 337 234
f 234 337 3166
f 435 3055 1908
f 1908 3055 3072
f 443 1909 3056
f 3056 1909 3073
f 3167 3049 3057
f 3057 3049 444
f 452 3058 1332
f 1332 3058 3069
f 234 3166 346
f 346 3166 411
f 3046 3163 462
f 462 3163 3059
f 259 3164 260
f 260 3164 336
f 3047 417 3162
f 3162 417 3053
f 463 3168 434
f 434 3168 3054
f 454 830 425
f 425 830 3165
f 3062 3169 3063
f 3063 3169 3170
f 1355 1354 1534
f 1534 1354 3171
f 3063 3170 3068
f 3068 3170 3172
f 574 3061 3062
f 3062 3061 3169
f 1534 3171 1535
f 1535 3171 3173
f 3079 2873 3172
f 3172 2873 3068
f 2838 3025 2839
f 2839 3025 3174
f 3176 3177 3175
f 3175 3177 3178
f 3180 1125 3179
f 3179 1125 1128
f 3182 3183 3181
f 3181 3183 3184
f 1134 3185 1130
f 1130 3185 3182
f 3186 3187 3189
f 3189 3187 3188
f 3191 3189 3190
f 3190 3189 3188
f 1137 1122 3190
f 3190 1122 3192
f 3175 3178 3193
f 3193 3178 3194
f 3181 3184 3179
f 3179 3184 3195
f 3197 3198 3196
f 3196 3198 3180
f 3200 3178 3199
f 3199 3178 3177
f 3202 3196 3201
f 3201 3196 3195
f 3204 3184 3203
f 3203 3184 3183
f 3206 3207 3205
f 3205 3207 3186
f 3205 3186 3208
f 3208 3186 3189
f 3209 3208 3191
f 3191 3208 3189
f 3210 3194 3200
f 3200 3194 3178
f 3201 3195 3204
f 3204 3195 3184
f 3197 3211 3177
f 3177 3211 3199
f 3213 3214 3212
f 3212 3214 3215
f 3217 3218 3216
f 3216 3218 3219
f 3221 3222 3220
f 3220 3222 3223
f 3225 3226 3224
f 3224 3226 3227
f 3229 3230 3228
f 3228 3230 3231
f 3233 3234 3232
f 3232 3234 3235
f 3237 3238 3236
f 3236 3238 3239
f 3238 3240 3239
f 3239 3240 3241
f 3232 3235 3242
f 3242 3235 3243
f 3245 3246 3244
f 3244 3246 3247
f 3248 3249 3245
f 3245 3249 3246
f 3251 3252 3250
f 3250 3252 3253
f 3255 3252 3254
f 3254 3252 3251
f 3256 3257 3259
f 3259 3257 3258
f 3261 3262 3260
f 3260 3262 3263
f 3265 3263 3264
f 3264 3263 3262
f 3256 3259 3266
f 3266 3259 3267
f 3269 3270 3268
f 3268 3270 3271
f 3269 3272 3270
f 3270 3272 3273
f 3274 3275 3277
f 3277 3275 3276
f 3278 3279 3276
f 3276 3279 3277
f 3281 3282 3280
f 3280 3282 3283
f 3280 3284 3281
f 3281 3284 3285
f 3287 3288 3286
f 3286 3288 3289
f 3290 3291 3288
f 3288 3291 3289
f 3234 3218 3235
f 3235 3218 3217
f 3232 3292 3233
f 3233 3292 3293
f 3239 3294 3236
f 3236 3294 3219
f 3233 3293 3237
f 3237 3293 3295
f 3296 3294 3241
f 3241 3294 3239
f 3240 3238 3297
f 3297 3238 3298
f 3217 3216 3235
f 3235 3216 3243
f 3297 3299 3240
f 3240 3299 3242
f 3246 3300 3247
f 3247 3300 3223
f 3301 3302 3254
f 3254 3302 3244
f 3249 3303 3246
f 3246 3303 3300
f 3245 3304 3248
f 3248 3304 3292
f 3252 3221 3253
f 3253 3221 3220
f 3250 3248 3299
f 3299 3248 3292
f 3222 3221 3255
f 3255 3221 3252
f 3297 3301 3251
f 3251 3301 3254
f 3258 3214 3259
f 3259 3214 3213
f 3257 3256 3304
f 3304 3256 3305
f 3263 3306 3260
f 3260 3306 3215
f 3261 3257 3302
f 3302 3257 3304
f 3307 3306 3265
f 3265 3306 3263
f 3262 3301 3264
f 3264 3301 3308
f 3259 3213 3267
f 3267 3213 3212
f 3308 3309 3264
f 3264 3309 3266
f 3270 3310 3271
f 3271 3310 3231
f 3311 3312 3278
f 3278 3312 3268
f 3270 3273 3310
f 3310 3273 3313
f 3272 3269 3305
f 3305 3269 3314
f 3277 3229 3274
f 3274 3229 3228
f 3275 3272 3309
f 3309 3272 3305
f 3279 3230 3277
f 3277 3230 3229
f 3276 3308 3278
f 3278 3308 3311
f 3281 3315 3282
f 3282 3315 3227
f 3290 3316 3283
f 3283 3316 3317
f 3281 3285 3315
f 3315 3285 3318
f 3284 3280 3314
f 3314 3280 3319
f 3289 3225 3286
f 3286 3225 3224
f 3287 3284 3312
f 3284 3314 3312
f 3291 3226 3289
f 3289 3226 3225
f 3288 3311 3290
f 3290 3311 3316
f 3212 3215 3307
f 3307 3215 3306
f 3294 3296 3219
f 3219 3296 3216
f 3303 3220 3300
f 3300 3220 3223
f 3224 3227 3318
f 3318 3227 3315
f 3228 3231 3313
f 3313 3231 3310
f 3234 3233 3236
f 3236 3233 3237
f 3243 3241 3242
f 3242 3241 3240
f 3247 3255 3244
f 3244 3255 3254
f 3253 3249 3250
f 3250 3249 3248
f 3260 3258 3261
f 3261 3258 3257
f 3266 3267 3264
f 3264 3267 3265
f 3268 3271 3278
f 3278 3271 3279
f 3274 3273 3275
f 3275 3273 3272
f 3283 3282 3290
f 3290 3282 3291
f 3286 3285 3287
f 3287 3285 3284
f 3218 3234 3219
f 3219 3234 3236
f 3295 3298 3237
f 3237 3298 3238
f 3216 3296 3243
f 3243 3296 3241
f 3242 3299 3232
f 3232 3299 3292
f 3223 3222 3247
f 3247 3222 3255
f 3244 3302 3245
f 3245 3302 3304
f 3303 3249 3220
f 3220 3249 3253
f 3297 3251 3299
f 3299 3251 3250
f 3215 3214 3260
f 3260 3214 3258
f 3301 3262 3302
f 3302 3262 3261
f 3212 3307 3267
f 3267 3307 3265
f 3266 3309 3256
f 3256 3309 3305
f 3271 3231 3279
f 3279 3231 3230
f 3268 3312 3269
f 3269 3312 3314
f 3228 3313 3274
f 3274 3313 3273
f 3308 3276 3309
f 3309 3276 3275
f 3282 3227 3291
f 3291 3227 3226
f 3317 3319 3283
f 3283 3319 3280
f 3224 3318 3286
f 3286 3318 3285
f 3312 3311 3287
f 3311 3288 3287
f 3320 3321 3194
f 3194 3321 3193
f 1375 3321 1121
f 1121 3321 3322
f 3323 3324 3322
f 3322 3324 3192
f 3175 1124 3176
f 3176 1124 1123
f 3179 3195 3180
f 3180 3195 3196
f 3181 1131 3182
f 3182 1131 1130
f 3207 3185 3186
f 3186 3185 3187
f 1136 3188 1133
f 1133 3188 3187
f 3190 3188 1137
f 1137 3188 1136
f 3193 1159 3175
f 3175 1159 1124
f 3179 1128 3181
f 3181 1128 1131
f 1533 3198 1123
f 1123 3198 3176
f 3321 1375 3193
f 3193 1375 1159
f 3321 3320 3322
f 3322 3320 3323
f 1122 1121 3192
f 3192 1121 3322
f 3194 3210 3320
f 3320 3210 3325
f 3324 3323 3327
f 3327 3323 3326
f 3320 3325 3323
f 3323 3325 3326
f 3208 3328 3205
f 3205 3328 3329
f 3330 3206 3329
f 3329 3206 3205
f 3203 3331 3204
f 3204 3331 3332
f 3210 3333 3325
f 3325 3333 3334
f 3325 3334 3326
f 3326 3334 3335
f 3327 3326 3336
f 3336 3326 3335
f 3327 3209 3324
f 3324 3209 3191
f 3190 3192 3191
f 3191 3192 3324
f 3338 3339 3337
f 3337 3339 3340
f 3338 3341 3339
f 3339 3341 3342
f 3341 3343 3342
f 3342 3343 3344
f 3343 3345 3344
f 3344 3345 3346
f 3345 3347 3346
f 3346 3347 3348
f 3347 3349 3348
f 3348 3349 3350
f 3337 3340 3351
f 3351 3340 3352
f 3351 3352 3353
f 3353 3352 3354
f 3353 3354 3355
f 3355 3354 3356
f 3350 3349 3357
f 3357 3349 3358
f 3355 3356 3359
f 3359 3356 3360
f 3359 3360 3361
f 3361 3360 3362
f 3361 3362 3363
f 3363 3362 3364
f 3363 3364 3358
f 3358 3364 3357
f 3339 3342 3365
f 3365 3342 3366
f 3342 3344 3366
f 3366 3344 3367
f 3344 3346 3367
f 3367 3346 3368
f 3346 3348 3368
f 3368 3348 3369
f 3348 3350 3369
f 3369 3350 3370
f 3368 3369 3371
f 3371 3369 3372
f 3369 3370 3372
f 3372 3370 3373
f 3373 3374 3372
f 3372 3374 3375
f 3377 3378 3376
f 3376 3378 3379
f 3377 3375 3378
f 3378 3375 3374
f 3375 3380 3372
f 3372 3380 3371
f 3377 3381 3375
f 3375 3381 3380
f 3376 3382 3377
f 3377 3382 3381
f 3384 3385 3383
f 3383 3385 3386
f 3384 3383 3388
f 3388 3383 3387
f 3388 3387 3389
f 3389 3387 3390
f 3392 3385 3391
f 3391 3385 3384
f 3388 3393 3384
f 3384 3393 3391
f 3389 3394 3388
f 3388 3394 3393
f 3389 3395 3394
f 3394 3395 3396
f 3395 3389 3397
f 3397 3389 3390
f 3339 3365 3340
f 3340 3365 3398
f 3340 3398 3352
f 3352 3398 3399
f 3371 3400 3368
f 3368 3400 3367
f 3400 3401 3367
f 3367 3401 3366
f 3366 3401 3365
f 3365 3401 3402
f 3398 3365 3403
f 3403 3365 3402
f 3398 3403 3399
f 3399 3403 3404
f 3403 3405 3404
f 3404 3405 3406
f 3352 3399 3354
f 3354 3399 3407
f 3399 3404 3407
f 3407 3404 3408
f 3404 3406 3408
f 3408 3406 3409
f 3405 3410 3406
f 3406 3410 3411
f 3410 3412 3411
f 3411 3412 3413
f 3397 3414 3395
f 3395 3414 3415
f 3417 3415 3416
f 3416 3415 3412
f 3410 3418 3412
f 3412 3418 3416
f 3410 3405 3418
f 3418 3405 3419
f 3405 3403 3419
f 3419 3403 3402
f 3370 3350 3420
f 3420 3350 3357
f 3373 3370 3421
f 3421 3370 3420
f 3374 3373 3422
f 3422 3373 3421
f 3378 3374 3423
f 3423 3374 3422
f 3378 3423 3379
f 3379 3423 3424
f 3424 3425 3379
f 3379 3425 3386
f 3383 3426 3387
f 3387 3426 3427
f 3387 3427 3390
f 3390 3427 3428
f 3390 3428 3397
f 3397 3428 3429
f 3429 3430 3397
f 3397 3430 3414
f 3411 3413 3431
f 3431 3413 3432
f 3406 3411 3409
f 3409 3411 3431
f 3401 3400 3335
f 3335 3400 3336
f 3401 3335 3402
f 3402 3335 3334
f 3402 3334 3419
f 3419 3334 3333
f 3419 3333 3418
f 3418 3333 3433
f 3418 3433 3416
f 3416 3433 3434
f 3435 3417 3434
f 3434 3417 3416
f 3394 3396 3436
f 3436 3396 3437
f 3393 3394 3332
f 3332 3394 3436
f 3393 3332 3391
f 3391 3332 3331
f 3330 3392 3331
f 3331 3392 3391
f 3382 3329 3381
f 3381 3329 3328
f 3354 3407 3356
f 3356 3407 3438
f 3356 3438 3360
f 3360 3438 3439
f 3360 3439 3362
f 3362 3439 3440
f 3362 3440 3364
f 3364 3440 3441
f 3364 3441 3357
f 3357 3441 3420
f 3421 3420 3442
f 3442 3420 3441
f 3442 3441 3443
f 3443 3441 3440
f 3443 3440 3444
f 3444 3440 3439
f 3444 3439 3445
f 3445 3439 3438
f 3445 3438 3408
f 3408 3438 3407
f 3422 3421 3446
f 3446 3421 3442
f 3446 3442 3447
f 3447 3442 3443
f 3447 3443 3448
f 3448 3443 3444
f 3448 3444 3449
f 3449 3444 3445
f 3449 3445 3409
f 3409 3445 3408
f 3409 3431 3449
f 3449 3431 3450
f 3449 3450 3448
f 3448 3450 3451
f 3451 3452 3448
f 3448 3452 3447
f 3447 3452 3446
f 3446 3452 3453
f 3446 3453 3422
f 3422 3453 3423
f 3424 3423 3454
f 3454 3423 3453
f 3452 3455 3453
f 3453 3455 3454
f 3452 3451 3455
f 3455 3451 3456
f 3450 3457 3451
f 3451 3457 3456
f 3431 3432 3450
f 3450 3432 3457
f 3454 3458 3424
f 3424 3458 3425
f 3427 3426 3459
f 3459 3426 3460
f 3428 3427 3461
f 3461 3427 3459
f 3428 3461 3429
f 3429 3461 3462
f 3462 3463 3429
f 3429 3463 3430
f 3464 3465 3462
f 3462 3465 3463
f 3455 3466 3454
f 3454 3466 3458
f 3465 3464 3466
f 3466 3464 3467
f 3461 3459 3468
f 3468 3459 3469
f 3468 3469 3464
f 3464 3469 3467
f 3464 3462 3468
f 3468 3462 3461
f 3459 3460 3469
f 3469 3460 3467
f 3295 3351 3298
f 3298 3351 3353
f 3353 3355 3298
f 3298 3355 3297
f 3297 3355 3301
f 3301 3355 3359
f 3301 3359 3308
f 3308 3359 3361
f 3308 3361 3311
f 3311 3361 3363
f 3311 3363 3316
f 3316 3363 3358
f 3316 3358 3317
f 3317 3358 3349
f 3349 3347 3317
f 3317 3347 3319
f 3347 3345 3319
f 3319 3345 3314
f 3345 3343 3314
f 3314 3343 3305
f 3343 3341 3305
f 3305 3341 3304
f 3304 3341 3292
f 3292 3341 3338
f 3292 3338 3293
f 3293 3338 3337
f 3293 3337 3295
f 3295 3337 3351
f 3437 3202 3436
f 3436 3202 3201
f 3436 3201 3332
f 3332 3201 3204
f 3433 3200 3434
f 3434 3200 3199
f 3211 3435 3199
f 3199 3435 3434
f 3333 3210 3433
f 3433 3210 3200
f 3380 3470 3371
f 3400 3371 3336
f 3336 3371 3470
f 3381 3328 3380
f 3380 3328 3470
f 3470 3328 3209
f 3209 3328 3208
f 3336 3470 3327
f 3327 3470 3209
f 1545 1763 1546
f 1546 1763 1762
f 1403 1546 773
f 773 1546 770
f 1221 3013 1220
f 1220 3013 3471
f 1305 2877 1306
f 1306 2877 2879
f 1220 3471 828
f 828 3471 829
f 1217 1754 3472
f 3472 1754 1756
f 1049 3473 1048
f 1048 3473 3474
f 1371 1179 3473
f 3473 1179 3474
f 1074 3475 1179
f 1179 3475 3474
f 3474 3475 1048
f 1048 3475 1056
f 919 666 1345
f 1345 666 665
f 856 680 919
f 919 680 666
f 679 680 1449
f 1449 680 858
f 1367 878 1500
f 1500 878 877
f 1366 908 1367
f 1367 908 878
f 1512 916 1513
f 1513 916 915
f 947 1368 948
f 948 1368 1369
f 1047 1021 1044
f 1044 1021 1020
f 1370 1049 1019
f 1019 1049 1020
f 1173 1030 1174
f 1174 1030 1033
f 3126 1188 1464
f 1464 1188 1187
f 1800 1451 1512
f 1512 1451 916
f 1175 1174 1186
f 1186 1174 1187
f 1030 1173 1047
f 1047 1173 1021
f 1513 915 3476
f 3476 915 1481
f 1345 665 3477
f 3477 665 1483
f 1502 1501 876
f 876 1501 877
f 1205 1451 1803
f 1803 1451 1802
f 3479 2832 3478
f 3478 2832 2831
f 1449 858 2927
f 2927 858 2922
f 908 1366 947
f 947 1366 1368
f 949 948 3126
f 3126 948 1188
f 3480 3135 1502
f 1502 3135 1501
f 2927 2922 3157
f 3157 2922 3152
f 3477 1483 3479
f 3479 1483 2832
f 1803 1802 3151
f 3151 1802 3152
f 663 658 664
f 664 658 657
f 655 658 939
f 939 658 706
f 1512 870 1800
f 1800 870 869
f 875 874 876
f 876 874 873
f 849 874 905
f 905 874 958
f 949 962 946
f 946 962 961
f 978 3126 979
f 979 3126 1464
f 1031 1168 1032
f 1032 1168 1022
f 1045 1013 1046
f 1046 1013 1012
f 1045 1044 1056
f 1056 1044 1048
f 1047 1046 1030
f 1030 1046 1031
f 939 706 940
f 940 706 1450
f 979 1464 1032
f 1032 1464 1033
f 3480 1478 3476
f 3476 1478 3134
f 2829 1487 2830
f 2830 1487 1486
f 848 1230 873
f 873 1230 1479
f 867 870 933
f 933 870 1514
f 1800 869 1801
f 1801 869 1799
f 2830 1486 1325
f 1325 1486 2833
f 940 1450 2925
f 2925 1450 2928
f 946 961 907
f 907 961 958
f 959 962 977
f 977 962 978
f 3476 3134 1513
f 1513 3134 1514
f 2925 2928 3155
f 3155 2928 3158
f 1325 2833 656
f 656 2833 657
f 1801 1799 3157
f 3157 1799 3158
f 1074 1055 3475
f 3475 1055 1056
f 1371 3473 1370
f 1370 3473 1049
f 2884 615 3481
f 3481 615 618
f 3478 2831 2846
f 2846 2831 617
f 2831 1484 617
f 617 1484 618
f 1484 1487 618
f 618 1487 3481
f 2848 3481 2829
f 2829 3481 1487
f 1480 1517 1161
f 1161 1517 1162
f 3129 1323 1455
f 1455 1323 1322
f 3129 3134 1323
f 1323 3134 1478
f 1535 3173 1515
f 1515 3173 1516
f 3085 3095 3137
f 3137 3095 3094
f 3137 3094 3138
f 3138 3094 3104
f 3117 3139 3105
f 3105 3139 3106
f 1138 1141 3127
f 3127 1141 3128
f 3081 3131 1264
f 1264 3131 3130
f 1227 1226 3132
f 3132 1226 3133
f 1264 3130 1229
f 1229 3130 1322
f 1160 1501 1161
f 1161 1501 3135
f 1141 1476 3128
f 3128 1476 3136
f 1226 1163 3133
f 3133 1163 1162
f 1363 1138 1515
f 1515 1138 3127
f 3084 3095 3081
f 3081 3095 3131
f 3089 884 3105
f 3105 884 3140
f 884 883 3140
f 3140 883 3141
f 883 3482 3141
f 3141 3482 3142
f 3476 1481 3480
f 3480 1481 3135
f 1502 1479 3480
f 3480 1479 1478
f 3168 463 440
f 714 1880 715
f 715 1880 2905
f 896 732 2970
f 2970 732 731
f 1263 834 3082
f 3082 834 833
f 898 1231 853
f 853 1231 854
f 3125 890 2931
f 2931 890 889
f 1237 893 2851
f 2851 893 892
f 898 853 899
f 899 853 963
f 988 987 989
f 989 987 986
f 1002 1007 1003
f 1003 1007 1006
f 1038 1036 1007
f 1007 1036 1004
f 1070 1052 1005
f 1005 1052 1006
f 1069 1067 1070
f 1070 1067 1052
f 1130 1129 1134
f 1134 1129 1135
f 879 1167 880
f 880 1167 1166
f 1171 1169 1037
f 1037 1169 1038
f 1085 1180 1069
f 1069 1180 1067
f 1209 1210 879
f 879 1210 1167
f 2885 1215 1754
f 1754 1215 1214
f 1263 855 834
f 834 855 854
f 708 1244 1826
f 1826 1244 1243
f 2909 894 1254
f 1254 894 893
f 1228 1361 964
f 964 1361 1360
f 2908 2907 1436
f 1436 2907 1437
f 2990 1440 2991
f 2991 1440 1439
f 964 1360 965
f 965 1360 1454
f 950 1457 951
f 951 1457 1456
f 970 1463 971
f 971 1463 1462
f 1025 1169 984
f 984 1169 986
f 1084 1097 1469
f 1469 1097 1470
f 1096 1115 1474
f 1474 1115 1475
f 1140 1361 1141
f 1141 1361 1476
f 1212 1495 2828
f 2828 1495 1494
f 880 1166 1452
f 1452 1166 1499
f 715 2905 1504
f 1504 2905 2906
f 954 1519 955
f 955 1519 1518
f 1026 1520 992
f 992 1520 1518
f 1029 1520 1043
f 1043 1520 1521
f 997 1522 1040
f 1040 1522 1521
f 1015 1522 1016
f 1016 1522 1523
f 1523 996 1524
f 1524 996 1062
f 1057 1060 1525
f 1525 1060 1524
f 1094 1528 1082
f 1082 1528 1527
f 1526 1528 1089
f 1089 1528 1529
f 1090 1531 1108
f 1108 1531 1530
f 1125 1533 1126
f 1126 1533 1532
f 3483 1755 727
f 727 1755 1214
f 735 1814 707
f 707 1814 1813
f 2891 1834 1246
f 1246 1834 1243
f 2904 1881 1847
f 1847 1881 1848
f 1852 1855 1853
f 1853 1855 1858
f 1902 2903 1877
f 1877 2903 1878
f 2903 2904 1878
f 1878 2904 1847
f 714 713 1848
f 1848 713 1849
f 1440 2990 1883
f 1883 2990 2989
f 1883 2989 1852
f 1852 2989 1855
f 2895 1888 2892
f 2892 1888 1887
f 774 777 1877
f 1877 777 1903
f 1251 2835 1252
f 1252 2835 2834
f 1213 2844 1212
f 1212 2844 1495
f 2851 892 1213
f 1213 892 2844
f 3123 2911 3124
f 3124 2911 2910
f 887 2929 888
f 888 2929 889
f 1435 2963 1436
f 1436 2963 2961
f 1253 1438 1254
f 1254 1438 1437
f 2970 731 735
f 735 731 1814
f 733 732 2885
f 2885 732 1215
f 2901 2902 2976
f 2976 2902 2977
f 2975 2982 2976
f 2976 2982 2979
f 2899 2900 2981
f 2981 2900 2979
f 2899 2981 2898
f 2898 2981 2983
f 2986 2985 2984
f 2984 2985 2983
f 2897 2985 2896
f 2896 2985 2988
f 2991 1439 2987
f 2987 1439 2988
f 777 2978 1903
f 1903 2978 2977
f 1885 1888 1858
f 1858 1888 1853
f 3090 3088 836
f 836 3088 833
f 3083 3088 3097
f 3097 3088 3096
f 3097 3096 3104
f 3104 3096 3106
f 3111 3116 3108
f 3108 3116 3109
f 3112 3111 3114
f 3114 3111 3108
f 3113 3122 3114
f 3114 3122 3115
f 891 890 2837
f 2837 890 2834
f 951 1456 954
f 954 1456 1519
f 967 1457 936
f 936 1457 1454
f 971 1462 902
f 902 1462 963
f 1461 1463 988
f 988 1463 987
f 1466 1468 1474
f 1474 1468 1470
f 1089 1529 1090
f 1090 1529 1531
f 1184 1181 1469
f 1469 1181 1180
f 1082 1527 1061
f 1061 1527 1525
f 1129 1473 1135
f 1135 1473 1475
f 1108 1530 1105
f 1105 1530 1532
f 1452 1499 3132
f 3132 1499 3136
f 3109 3116 3139
f 3139 3116 3138
f 2912 2911 887
f 887 2911 2929
f 2836 2835 1497
f 1497 2835 1494
f 2913 3102 2910
f 2910 3102 3115
f 1133 3187 1134
f 1134 3187 3185
f 3177 3176 3197
f 3197 3176 3198
f 3203 3183 3206
f 3206 3183 3207
f 3196 3202 3197
f 3197 3202 3211
f 3183 3182 3207
f 3207 3182 3185
f 1125 3180 1533
f 1533 3180 3198
f 3331 3203 3330
f 3330 3203 3206
f 3376 3379 3385
f 3385 3379 3386
f 3382 3376 3392
f 3392 3376 3385
f 3412 3415 3413
f 3413 3415 3414
f 3417 3396 3415
f 3415 3396 3395
f 3383 3386 3426
f 3426 3386 3425
f 3413 3414 3432
f 3432 3414 3430
f 3437 3396 3435
f 3435 3396 3417
f 3329 3382 3330
f 3330 3382 3392
f 3426 3425 3460
f 3460 3425 3458
f 3432 3430 3457
f 3457 3430 3463
f 3457 3463 3456
f 3456 3463 3465
f 3460 3458 3467
f 3467 3458 3466
f 3466 3455 3465
f 3465 3455 3456
f 3202 3437 3211
f 3211 3437 3435
f 3104 3106 3138
f 3138 3106 3139
f 3132 3136 1227
f 1227 3136 1476
f 943 687 600
f 600 687 601
f 596 625 667
f 667 625 1297
f 687 686 601
f 601 686 653
f 1319 784 711
f 711 784 712
f 1811 607 783
f 783 607 712
f 862 921 917
f 917 921 920
f 3478 925 3479
f 3479 925 924
f 2846 926 3478
f 3478 926 925
f 659 662 929
f 929 662 930
f 856 921 857
f 857 921 1204
f 1206 864 1207
f 1207 864 863
f 2876 1219 2877
f 2877 1219 1218
f 667 1297 593
f 593 1297 1296
f 917 920 1333
f 1333 920 1346
f 686 693 653
f 653 693 930
f 1277 913 1498
f 1498 913 1207
f 592 1536 610
f 610 1536 711
f 864 1206 1805
f 1805 1206 1804
f 1317 1536 1900
f 1900 1536 1809
f 1900 1809 1295
f 1295 1809 1296
f 3479 924 3477
f 3477 924 2824
f 927 926 1203
f 1203 926 2847
f 3484 2859 3032
f 3032 2859 3033
f 3472 2878 1217
f 1217 2878 1218
f 2889 2888 2880
f 2880 2888 2881
f 2886 2883 2887
f 2887 2883 2882
f 929 928 2847
f 2847 928 1203
f 857 1204 2921
f 2921 1204 2926
f 1820 1819 2882
f 2882 1819 2881
f 1821 2883 2876
f 2876 2883 1219
f 782 2889 783
f 783 2889 2880
f 1352 3034 1353
f 1353 3034 3033
f 3031 3034 3041
f 3041 3034 3043
f 944 943 3043
f 3043 943 600
f 1339 3145 1498
f 1498 3145 3143
f 1208 882 3148
f 3148 882 3143
f 2921 2926 3151
f 3151 2926 3156
f 3477 2824 1345
f 1345 2824 1346
f 1805 1804 3154
f 3154 1804 3156
f 886 3103 883
f 883 3103 3482
f 841 1248 3485
f 3485 1248 3121
f 2811 2819 2812
f 2812 2819 2816
f 2818 2815 2817
f 2817 2815 2806
f 2817 2816 2818
f 2818 2816 2819
f 2793 2795 2819
f 2819 2795 2818
f 243 352 2793
f 2793 352 2795
f 242 353 243
f 243 353 352
f 359 191 242
f 242 191 353
f 247 192 359
f 359 192 191
f 157 193 247
f 247 193 192
f 156 194 157
f 157 194 193
f 378 261 156
f 156 261 194
f 378 381 261
f 261 381 195
f 195 381 196
f 196 381 376
f 196 376 198
f 198 376 375
f 375 1776 198
f 198 1776 197
f 1776 1767 197
f 197 1767 274
f 181 274 199
f 199 274 1767
f 568 566 564
f 564 566 563
f 568 569 566
f 566 569 567
f 501 1773 1771
f 1771 1773 578
f 547 579 1773
f 1773 579 578
f 3486 470 474
f 474 470 469
f 450 582 3487
f 3487 582 3488
f 582 583 3488
f 3488 583 3489
f 583 584 3489
f 3489 584 3490
f 3490 584 3491
f 3491 584 543
f 470 3486 466
f 466 3486 467
f 3489 3490 503
f 503 3490 504
f 503 3492 3489
f 3489 3492 3488
f 3492 503 3493
f 3493 503 502
f 3495 3492 3494
f 3494 3492 3493
f 3487 3488 3495
f 3495 3488 3492
f 468 1774 465
f 465 1774 570
f 3494 3493 1775
f 1775 3493 1771
f 3490 3491 504
f 504 3491 1772
f 3491 543 1772
f 1772 543 548
f 450 3487 474
f 474 3487 3486
f 3495 467 3487
f 3487 467 3486
f 3494 468 3495
f 3495 468 467
f 468 3494 1774
f 1774 3494 1775
f 501 1771 502
f 502 1771 3493
f 527 366 384
f 384 366 365
f 522 524 527
f 527 524 366
f 521 534 522
f 522 534 524
f 530 535 521
f 521 535 534
f 508 486 513
f 513 486 532
f 513 532 541
f 541 532 535
f 667 668 596
f 596 668 597
f 1294 1297 624
f 624 1297 625
f 603 641 604
f 604 641 640
f 1290 1293 650
f 650 1293 651
f 1758 691 660
f 660 691 661
f 602 671 599
f 599 671 670
f 654 662 690
f 690 662 661
f 2856 598 695
f 695 598 597
f 602 654 671
f 671 654 690
f 604 640 676
f 676 640 704
f 1826 1829 708
f 708 1829 709
f 1288 1284 740
f 740 1284 741
f 755 754 758
f 758 754 759
f 2853 2856 932
f 932 2856 695
f 689 691 1192
f 1192 691 1193
f 784 1319 1240
f 1240 1319 1241
f 1813 1816 1244
f 1244 1816 1245
f 754 1288 759
f 759 1288 740
f 1894 1242 1318
f 1318 1242 1241
f 2867 1348 1418
f 1418 1348 1347
f 676 704 673
f 673 704 1347
f 1284 1287 741
f 741 1287 1419
f 1421 1426 1422
f 1422 1426 1425
f 1758 660 615
f 615 660 616
f 1192 1191 1421
f 1421 1191 1426
f 2962 1839 1504
f 1504 1839 1505
f 941 1194 1759
f 1759 1194 1193
f 1287 1537 1419
f 1419 1537 1760
f 1882 2893 1823
f 1823 2893 1824
f 1886 1891 1827
f 1827 1891 1828
f 1887 1886 1834
f 1834 1886 1827
f 1841 716 1838
f 1838 716 1505
f 782 784 1850
f 1850 784 1240
f 1239 1242 1863
f 1863 1242 1864
f 1242 1894 1864
f 1864 1894 1873
f 1822 1239 1823
f 1823 1239 1863
f 1318 1317 1895
f 1895 1317 1900
f 1894 1896 1873
f 1873 1896 1897
f 1291 1896 1292
f 1292 1896 1895
f 605 1898 606
f 606 1898 1897
f 1258 1257 2854
f 2854 1257 2855
f 1257 1351 2855
f 2855 1351 2857
f 1351 1353 2857
f 2857 1353 2858
f 1353 3033 2858
f 2858 3033 2859
f 2860 2861 3036
f 3036 2861 3037
f 2862 2863 2870
f 2870 2863 3039
f 2870 2869 2862
f 2862 2869 2864
f 2868 2865 2869
f 2869 2865 2864
f 1764 2866 2868
f 2868 2866 2865
f 1537 1199 1760
f 1760 1199 1348
f 615 2884 1758
f 1758 2884 1759
f 1825 1246 2890
f 2890 1246 1245
f 2893 2892 1824
f 1824 2892 2891
f 761 2960 758
f 758 2960 2906
f 3000 2943 2940
f 2940 2943 2941
f 2968 710 2950
f 2950 710 709
f 1764 1423 2866
f 2866 1423 2953
f 1423 645 2953
f 2953 645 2954
f 645 644 2954
f 2954 644 2955
f 644 738 2955
f 2955 738 2956
f 738 764 2956
f 2956 764 2957
f 764 763 2957
f 2957 763 2958
f 763 2908 2958
f 2958 2908 2959
f 2908 1436 2959
f 2959 1436 2961
f 1837 2964 1435
f 1435 2964 2963
f 1837 2937 2964
f 2964 2937 2965
f 2936 2968 2966
f 2966 2968 2950
f 1840 2942 1838
f 1838 2942 2941
f 2939 2949 2940
f 2940 2949 3006
f 2939 2942 2966
f 2966 2942 2965
f 1822 1825 1850
f 1850 1825 2890
f 1891 3005 1828
f 1828 3005 3006
f 3035 3038 3045
f 3045 3038 3042
f 3045 3044 3035
f 3035 3044 3040
f 669 1422 3045
f 3045 1422 3044
f 599 670 3041
f 3041 670 3042
f 931 3067 932
f 932 3067 3065
f 2853 3066 2854
f 2854 3066 3076
f 3067 3496 3065
f 3065 3496 3497
f 3066 3498 3076
f 3076 3498 3499
f 707 1813 708
f 708 1813 1244
f 2960 2962 2906
f 2906 2962 1504
f 2892 1887 2891
f 2891 1887 1834
f 1839 2962 2963
f 2963 2962 2961
f 595 626 596
f 596 626 625
f 623 626 3484
f 3484 626 2859
f 1291 1290 606
f 606 1290 603
f 1290 650 603
f 603 650 641
f 641 650 642
f 642 650 649
f 2860 2863 649
f 649 2863 642
f 3036 3039 2860
f 2860 3039 2863
f 3035 3040 3036
f 3036 3040 3039
f 1294 1293 1295
f 1295 1293 1292
f 624 651 1294
f 1294 651 1293
f 623 652 624
f 624 652 651
f 3484 2861 623
f 623 2861 652
f 3032 3037 3484
f 3484 3037 2861
f 3031 3038 3032
f 3032 3038 3037
f 3481 2848 2884
f 2884 2848 942
f 2846 617 1427
f 1427 617 616
f 3049 3167 3048
f 3048 3167 3500
f 1906 3048 3070
f 3070 3048 3500
f 1337 1768 3501
f 3501 1768 3502
f 3020 3503 3021
f 3021 3503 3024
f 2914 3023 3020
f 3020 3023 3503
f 859 1770 860
f 860 1770 3504
f 1336 3505 1768
f 1768 3505 3502
f 3065 3497 3066
f 3066 3497 3498
f 2814 3075 3067
f 3067 3075 3496
f 2839 3174 766
f 766 3174 3017
f 1337 3501 1338
f 1338 3501 1769
f 767 3018 3026
f 3026 3018 3506
f 3076 3499 3064
f 3064 3499 3507
f 727 730 3483
f 3483 730 3030
f 3064 3507 2871
f 2871 3507 3077
f 3100 3160 1786
f 1786 3160 1784
f 3026 3506 752
f 752 3506 3015
f 860 3504 2923
f 2923 3504 3508
f 753 3016 3027
f 3027 3016 3509
f 3027 3509 3008
f 3008 3509 3028
f 1782 1785 1783
f 1783 1785 3022
f 2923 3508 3153
f 3153 3508 3161
f 3148 3149 1208
f 1208 3149 3150
f 1335 1328 3510
f 3510 1328 1327
f 1336 1335 3505
f 3505 1335 3510
f 866 3511 1340
f 1340 3511 3146
f 865 1808 866
f 866 1808 3511
f 842 841 3159
f 3159 841 3485
f 2849 3512 1329
f 1329 3512 1326
f 1202 1331 2849
f 2849 1331 3512
f 3514 3515 3513
f 3513 3515 3516
f 3518 3516 3517
f 3517 3516 3515
f 3519 3520 3514
f 3514 3520 3515
f 3522 3523 3521
f 3521 3523 3524
f 3526 3527 3525
f 3525 3527 3528
f 3530 3531 3529
f 3529 3531 3532
f 3534 3535 3533
f 3533 3535 3536
f 3529 3532 3537
f 3537 3532 3538
f 3537 3539 3529
f 3529 3539 3540
f 3542 3543 3541
f 3541 3543 3544
f 3546 3547 3545
f 3545 3547 3548
f 3550 3534 3549
f 3549 3534 3533
f 3550 3543 3551
f 3551 3543 3552
f 3537 3545 3539
f 3539 3545 3548
f 3553 3554 3556
f 3556 3554 3555
f 3537 3557 3545
f 3545 3557 3546
f 3558 3559 3561
f 3561 3559 3560
f 3563 3564 3562
f 3562 3564 3565
f 3564 3563 3566
f 3566 3563 3567
f 3569 3570 3568
f 3568 3570 3571
f 3573 3574 3572
f 3572 3574 3575
f 3577 3578 3576
f 3576 3578 3579
f 3581 3582 3580
f 3580 3582 3583
f 3585 3586 3584
f 3584 3586 3579
f 3586 3587 3579
f 3579 3587 3576
f 3589 3590 3588
f 3588 3590 3591
f 3592 3593 3595
f 3595 3593 3594
f 3597 3598 3596
f 3596 3598 3595
f 3583 3600 3599
f 3599 3600 3601
f 3603 3599 3602
f 3602 3599 3601
f 3605 3606 3604
f 3604 3606 3607
f 3608 3555 3596
f 3596 3555 3554
f 3597 3610 3609
f 3609 3610 3565
f 3564 3611 3565
f 3565 3611 3609
f 3611 3564 3612
f 3612 3564 3566
f 3613 3614 3569
f 3569 3614 3570
f 3615 3616 3573
f 3573 3616 3574
f 3517 3617 3518
f 3518 3617 3618
f 3620 3621 3619
f 3619 3621 3622
f 3624 3625 3623
f 3623 3625 3626
f 3628 3629 3627
f 3627 3629 3630
f 3632 3633 3631
f 3631 3633 3634
f 3636 3637 3635
f 3635 3637 3638
f 3640 3641 3639
f 3639 3641 3642
f 3643 3644 3639
f 3639 3644 3640
f 3646 3513 3645
f 3645 3513 3647
f 3648 3514 3646
f 3646 3514 3513
f 3649 3519 3648
f 3648 3519 3514
f 3650 3651 3527
f 3527 3651 3652
f 3654 3651 3653
f 3653 3651 3650
f 3568 3571 3655
f 3655 3571 3656
f 3657 3658 3653
f 3653 3658 3659
f 3661 3662 3660
f 3660 3662 3658
f 3664 3665 3663
f 3663 3665 3666
f 3667 3657 3650
f 3650 3657 3653
f 3669 3523 3668
f 3668 3523 3670
f 3672 3673 3671
f 3671 3673 3674
f 3676 3677 3675
f 3675 3677 3678
f 3671 3674 3676
f 3676 3674 3677
f 3680 3681 3679
f 3679 3681 3682
f 3683 3684 3680
f 3680 3684 3681
f 3685 3686 3661
f 3661 3686 3662
f 3686 3687 3662
f 3662 3687 3688
f 3684 3683 3689
f 3689 3683 3690
f 3692 3693 3691
f 3691 3693 3694
f 3691 3694 3695
f 3695 3694 3696
f 3698 3699 3697
f 3697 3699 3700
f 3702 3703 3701
f 3701 3703 3704
f 3705 3706 3519
f 3519 3706 3520
f 3673 3672 3707
f 3707 3672 3708
f 3709 3710 3682
f 3682 3710 3679
f 3711 3712 3692
f 3692 3712 3693
f 3714 3715 3713
f 3713 3715 3716
f 3718 3700 3717
f 3717 3700 3699
f 3720 3721 3719
f 3719 3721 3722
f 3724 3725 3723
f 3723 3725 3726
f 3727 3728 3730
f 3730 3728 3729
f 3722 3721 3731
f 3731 3721 3732
f 3697 3700 3733
f 3733 3700 3714
f 3733 3714 3734
f 3734 3714 3713
f 3721 3723 3732
f 3732 3723 3735
f 3720 3736 3724
f 3724 3736 3737
f 3700 3718 3714
f 3714 3718 3715
f 3717 3699 3738
f 3738 3699 3739
f 3536 3740 3533
f 3533 3740 3540
f 3742 3743 3741
f 3741 3743 3744
f 3746 3747 3745
f 3745 3747 3748
f 3750 3751 3749
f 3749 3751 3752
f 3627 3632 3628
f 3628 3632 3631
f 3754 3755 3753
f 3753 3755 3626
f 3562 3565 3756
f 3756 3565 3610
f 3527 3652 3528
f 3528 3652 3757
f 3758 3524 3669
f 3669 3524 3523
f 3582 3598 3583
f 3583 3598 3600
f 3759 3670 3522
f 3522 3670 3523
f 3675 3678 3760
f 3760 3678 3761
f 3762 3763 3690
f 3690 3763 3689
f 3765 3766 3764
f 3764 3766 3767
f 3768 3739 3698
f 3698 3739 3699
f 3726 3725 3770
f 3770 3725 3769
f 3645 3647 3771
f 3771 3647 3772
f 3645 3678 3646
f 3646 3678 3677
f 3646 3677 3648
f 3648 3677 3674
f 3673 3649 3674
f 3674 3649 3648
f 3707 3773 3673
f 3673 3773 3649
f 3775 3776 3774
f 3774 3776 3777
f 3779 3526 3778
f 3778 3526 3525
f 3526 3779 3667
f 3667 3779 3780
f 3780 3781 3667
f 3667 3781 3657
f 3672 3679 3708
f 3708 3679 3710
f 3671 3680 3672
f 3672 3680 3679
f 3676 3683 3671
f 3671 3683 3680
f 3675 3690 3676
f 3676 3690 3683
f 3760 3762 3675
f 3675 3762 3690
f 3682 3681 3783
f 3783 3681 3782
f 3689 3784 3684
f 3684 3784 3785
f 3684 3785 3681
f 3681 3785 3782
f 3786 3709 3783
f 3783 3709 3682
f 3784 3689 3787
f 3787 3689 3763
f 3789 3557 3788
f 3788 3557 3790
f 3792 3793 3791
f 3791 3793 3794
f 3616 3615 3795
f 3795 3615 3796
f 3797 3798 3727
f 3727 3798 3728
f 3800 3801 3799
f 3799 3801 3802
f 3803 3578 3592
f 3592 3578 3593
f 3805 3806 3804
f 3804 3806 3807
f 3599 3603 3585
f 3585 3603 3586
f 3587 3586 3604
f 3604 3586 3603
f 3588 3591 3794
f 3794 3591 3791
f 3581 3803 3582
f 3582 3803 3592
f 3594 3561 3608
f 3608 3561 3790
f 3662 3688 3808
f 3808 3688 3809
f 3665 3664 3810
f 3810 3664 3811
f 3719 3812 3720
f 3720 3812 3736
f 3717 3813 3718
f 3718 3813 3737
f 3723 3721 3724
f 3724 3721 3720
f 3813 3717 3814
f 3814 3717 3738
f 3815 3816 303
f 303 3816 304
f 3818 3819 3817
f 3817 3819 3820
f 3578 3803 3579
f 3579 3803 3584
f 3558 3593 3577
f 3577 3593 3578
f 3822 3823 3821
f 3821 3823 3824
f 3546 3826 3825
f 3825 3826 3827
f 3828 3829 3547
f 3547 3829 3541
f 3831 3542 3830
f 3830 3542 3832
f 3834 3822 3833
f 3833 3822 3821
f 3835 3836 3827
f 3827 3836 3825
f 3800 3799 3828
f 3828 3799 3829
f 3830 3832 3837
f 3837 3832 3838
f 331 330 3551
f 3551 330 3839
f 3831 333 3552
f 3552 333 332
f 3819 3797 3841
f 3841 3797 3840
f 3513 3516 3647
f 3647 3516 3746
f 337 336 3745
f 3745 336 3772
f 3525 3528 3775
f 3775 3528 3749
f 3610 3597 3554
f 3554 3597 3596
f 3706 3702 3520
f 3520 3702 3701
f 3756 3610 3553
f 3553 3610 3554
f 3757 3750 3528
f 3528 3750 3749
f 3517 3515 3701
f 3701 3515 3520
f 3842 3584 3581
f 3581 3584 3803
f 3525 3775 3778
f 3778 3775 3774
f 3638 3843 3635
f 3635 3843 3618
f 3617 3621 3618
f 3618 3621 3635
f 3617 3517 3704
f 3704 3517 3701
f 3521 3624 3522
f 3522 3624 3623
f 3749 3844 3775
f 3775 3844 3776
f 3846 3847 3845
f 3845 3847 3848
f 3843 3747 3618
f 3618 3747 3518
f 3850 3851 3849
f 3849 3851 3748
f 3853 3854 3852
f 3852 3854 3855
f 3856 3857 3622
f 3622 3857 3619
f 3859 3860 3858
f 3858 3860 3861
f 3862 3844 3752
f 3752 3844 3749
f 3863 3759 3623
f 3623 3759 3522
f 3864 3777 3630
f 3630 3777 3776
f 3713 3865 3734
f 3734 3865 3866
f 3868 3869 3867
f 3867 3869 3870
f 3872 3873 3871
f 3871 3873 3874
f 3876 3877 3875
f 3875 3877 3878
f 3879 3880 3878
f 3878 3880 3881
f 3882 3883 3885
f 3885 3883 3884
f 3780 3886 3781
f 3781 3886 3887
f 3888 3685 3869
f 3869 3685 3661
f 3880 3879 3883
f 3883 3879 3884
f 3693 3783 3694
f 3694 3783 3782
f 3696 3785 3764
f 3764 3785 3784
f 3694 3782 3696
f 3696 3782 3785
f 3693 3786 3783
f 3787 3765 3784
f 3784 3765 3764
f 386 385 3765
f 3765 385 3766
f 3695 3889 3691
f 3691 3889 3890
f 3691 3890 3692
f 3692 3890 3891
f 3892 3711 3891
f 3891 3711 3692
f 3767 3893 3695
f 3695 3893 3889
f 3766 3894 3767
f 3767 3894 3893
f 3882 3885 3895
f 3895 3885 3896
f 3898 3698 3897
f 3897 3698 3697
f 3897 3697 3899
f 3899 3697 3733
f 3899 3733 3900
f 3900 3733 3734
f 3901 3768 3898
f 3898 3768 3698
f 3901 3902 3768
f 3768 3902 3903
f 3904 3905 3907
f 3907 3905 3906
f 3869 3661 3870
f 3870 3661 3660
f 3908 3909 3896
f 3896 3909 3895
f 3909 3758 3895
f 3895 3758 3669
f 3751 3531 3752
f 3752 3531 3848
f 3858 3536 3854
f 3854 3536 3535
f 3652 3562 3757
f 3757 3562 3756
f 3651 3654 3563
f 3563 3654 3567
f 3655 3656 3808
f 3808 3656 3659
f 3530 3740 3845
f 3845 3740 3861
f 3751 3750 3556
f 3556 3750 3553
f 3817 3820 3796
f 3796 3820 3795
f 410 409 3910
f 3910 409 3855
f 3750 3757 3553
f 3553 3757 3756
f 3908 3886 3909
f 3909 3886 3780
f 409 411 3855
f 3855 411 3851
f 413 412 3760
f 3760 412 3762
f 415 414 3763
f 3763 414 3787
f 3790 3557 3538
f 3538 3557 3537
f 3555 3608 3538
f 3538 3608 3790
f 3574 3911 3575
f 3575 3911 3912
f 3535 3534 3910
f 3910 3534 3839
f 3831 3552 3542
f 3542 3552 3543
f 3534 3550 3839
f 3839 3550 3551
f 3543 3550 3544
f 3544 3550 3549
f 3913 3914 3916
f 3916 3914 3915
f 3806 3805 3589
f 3589 3805 3590
f 3849 3843 3917
f 3917 3843 3638
f 3853 3644 3859
f 3859 3644 3742
f 3747 3746 3518
f 3518 3746 3516
f 3695 3696 3767
f 3767 3696 3764
f 3903 3918 3768
f 3768 3918 3739
f 3738 3739 3816
f 3816 3739 3918
f 3919 3920 3769
f 3769 3920 3770
f 3921 3726 3922
f 3922 3726 3770
f 3678 3645 3761
f 3761 3645 3771
f 3924 3913 3923
f 3923 3913 3916
f 3802 3925 3838
f 3838 3925 3837
f 3577 3926 3558
f 3558 3926 3559
f 3815 3919 3814
f 3814 3919 3769
f 3927 3928 3822
f 3822 3928 3823
f 3829 3832 3541
f 3541 3832 3542
f 3834 3927 3822
f 3832 3829 3838
f 3838 3829 3799
f 3745 3772 3746
f 3746 3772 3647
f 3849 3748 3843
f 3843 3748 3747
f 3854 3853 3858
f 3858 3853 3859
f 3854 3535 3855
f 3855 3535 3910
f 3557 3789 3546
f 3546 3789 3826
f 3923 3823 3924
f 3924 3823 3928
f 3823 3923 3929
f 3929 3923 3930
f 3531 3751 3532
f 3532 3751 3556
f 3532 3556 3538
f 3538 3556 3555
f 3932 3634 3931
f 3931 3634 3633
f 3814 3769 3813
f 3813 3769 3725
f 3620 3636 3621
f 3621 3636 3635
f 3847 3862 3848
f 3848 3862 3752
f 3531 3530 3848
f 3848 3530 3845
f 3933 3934 3830
f 3830 3934 3831
f 3925 3933 3837
f 3837 3933 3830
f 3934 440 3831
f 3831 440 333
f 3925 3802 3833
f 3833 3802 3801
f 3776 3844 3630
f 3630 3844 3627
f 3808 3659 3662
f 3662 3659 3658
f 3667 3650 3526
f 3526 3650 3527
f 3935 3666 3936
f 3936 3666 3665
f 3718 3737 3715
f 3715 3737 3736
f 3663 3809 3664
f 3664 3809 3688
f 3807 3806 3938
f 3938 3806 3937
f 445 413 3761
f 3761 413 3760
f 3902 447 3903
f 3903 447 446
f 3897 3890 3898
f 3898 3890 3889
f 3899 3891 3897
f 3897 3891 3890
f 3898 3889 3901
f 3901 3889 3893
f 3893 3894 3901
f 3901 3894 3902
f 414 386 3787
f 3787 386 3765
f 3940 3941 3939
f 3939 3941 3942
f 3840 3797 3943
f 3943 3797 3727
f 3665 3810 3936
f 3936 3810 3944
f 3921 3735 3726
f 3726 3735 3723
f 3920 3945 3770
f 3770 3945 3922
f 3521 3524 3774
f 3774 3524 3778
f 3864 3946 3625
f 3625 3946 3947
f 3773 3705 3649
f 3649 3705 3519
f 3779 3778 3758
f 3758 3778 3524
f 3812 3716 3736
f 3736 3716 3715
f 3624 3521 3777
f 3777 3521 3774
f 3703 3856 3704
f 3704 3856 3622
f 3900 3892 3899
f 3899 3892 3891
f 3641 3917 3642
f 3642 3917 3948
f 3895 3669 3882
f 3882 3669 3668
f 3855 3851 3852
f 3852 3851 3850
f 3894 458 3902
f 3902 458 447
f 3781 3887 3660
f 3660 3887 3870
f 3570 3566 3571
f 3571 3566 3567
f 3950 3576 3949
f 3949 3576 3587
f 3605 3602 3614
f 3614 3602 3612
f 3614 3612 3570
f 3570 3612 3566
f 3571 3567 3656
f 3656 3567 3654
f 3660 3658 3781
f 3781 3658 3657
f 3604 3607 3587
f 3587 3607 3949
f 3653 3659 3654
f 3654 3659 3656
f 3529 3540 3530
f 3530 3540 3740
f 3687 3811 3688
f 3688 3811 3664
f 3813 3725 3737
f 3737 3725 3724
f 3919 3815 461
f 461 3815 303
f 3818 3798 3819
f 3819 3798 3797
f 3819 3841 3820
f 3820 3841 3951
f 3816 3815 3738
f 3738 3815 3814
f 3540 3539 3533
f 3533 3539 3549
f 3548 3547 3544
f 3544 3547 3541
f 3539 3548 3549
f 3549 3548 3544
f 3741 3931 3860
f 3860 3931 3846
f 3801 3800 3835
f 3835 3800 3836
f 3934 3933 3824
f 3824 3933 3821
f 3825 3828 3546
f 3546 3828 3547
f 3833 3821 3925
f 3925 3821 3933
f 3800 3828 3836
f 3836 3828 3825
f 3824 3952 3934
f 3934 3952 440
f 3860 3846 3861
f 3861 3846 3845
f 3629 3946 3630
f 3630 3946 3864
f 3740 3536 3861
f 3861 3536 3858
f 3833 3801 3834
f 3834 3801 3835
f 3583 3599 3580
f 3580 3599 3585
f 3651 3563 3652
f 3652 3563 3562
f 3758 3909 3779
f 3779 3909 3780
f 3621 3617 3622
f 3622 3617 3704
f 3625 3947 3626
f 3626 3947 3753
f 3633 3632 3847
f 3847 3632 3862
f 3852 3850 3640
f 3640 3850 3641
f 3644 3853 3640
f 3640 3853 3852
f 3859 3742 3860
f 3860 3742 3741
f 3632 3627 3862
f 3862 3627 3844
f 3755 3863 3626
f 3626 3863 3623
f 3917 3638 3948
f 3948 3638 3637
f 3644 3643 3742
f 3742 3643 3743
f 3931 3633 3846
f 3846 3633 3847
f 3625 3624 3864
f 3864 3624 3777
f 3917 3641 3849
f 3849 3641 3850
f 3744 3932 3741
f 3741 3932 3931
f 3903 446 3918
f 3918 446 464
f 3953 3954 3956
f 3956 3954 3955
f 3958 3959 3957
f 3957 3959 3960
f 3876 3958 3877
f 3877 3958 3957
f 3877 3957 3961
f 3961 3957 3962
f 3963 3964 3958
f 3958 3964 3959
f 3965 3966 3876
f 3876 3966 3958
f 3966 3963 3958
f 3966 3967 3963
f 3963 3967 3968
f 3878 3877 3879
f 3879 3877 3961
f 3967 3969 3968
f 3968 3969 3970
f 3969 3971 3970
f 3970 3971 3972
f 3974 3904 3973
f 3973 3904 3907
f 3971 3975 3972
f 3972 3975 3976
f 3976 3975 3978
f 3978 3975 3977
f 3979 3980 3977
f 3977 3980 3978
f 3981 3982 3979
f 3979 3982 3980
f 3983 3984 3981
f 3981 3984 3982
f 3972 3985 3970
f 3970 3985 3986
f 3871 3987 3969
f 3969 3987 3971
f 3872 3871 3967
f 3967 3871 3969
f 3965 3872 3966
f 3966 3872 3967
f 3970 3986 3968
f 3968 3986 3988
f 3879 3961 3884
f 3884 3961 3940
f 3884 3940 3885
f 3885 3940 3939
f 3989 3990 3992
f 3992 3990 3991
f 3942 3993 3995
f 3995 3993 3994
f 3994 3996 3995
f 3995 3996 3974
f 3997 3998 3994
f 3994 3998 3996
f 3999 3997 3993
f 3993 3997 3994
f 4001 3996 4000
f 4000 3996 3998
f 4000 3998 4002
f 4002 3998 4003
f 4004 4003 3997
f 3997 4003 3998
f 3997 3999 4004
f 4004 3999 4005
f 4006 3995 3973
f 3973 3995 3974
f 3939 3942 4006
f 4006 3942 3995
f 3906 3887 3907
f 3907 3887 3886
f 3887 3906 3870
f 3870 3906 3867
f 3908 3973 3886
f 3886 3973 3907
f 3865 4007 3866
f 3866 4007 4008
f 3984 3983 4009
f 4009 3983 4010
f 3961 3962 3940
f 3940 3962 3941
f 4012 3868 4011
f 4011 3868 3867
f 4013 3975 3987
f 3987 3975 3971
f 4014 3977 4013
f 4013 3977 3975
f 4015 4010 4007
f 4007 4010 3983
f 4007 3983 4008
f 4008 3983 3981
f 4008 3981 4016
f 4016 3981 3979
f 4017 3984 4018
f 4018 3984 4009
f 3977 4014 3979
f 3979 4014 4016
f 3982 3984 4019
f 4019 3984 4017
f 4021 4022 4020
f 4020 4022 4023
f 4022 4012 4023
f 4023 4012 4011
f 4023 3904 4020
f 4020 3904 3974
f 4024 4025 4018
f 4018 4025 4017
f 4026 4027 4024
f 4024 4027 4025
f 4028 4026 4029
f 4029 4026 4024
f 4018 4021 4024
f 4024 4021 4029
f 4030 4031 4026
f 4026 4031 4027
f 4032 4030 4028
f 4028 4030 4026
f 4029 4001 4028
f 4028 4001 4000
f 4028 4000 4032
f 4032 4000 4002
f 4034 4035 4033
f 4033 4035 4036
f 4037 4038 4019
f 4019 4038 4039
f 4041 4039 4040
f 4040 4039 4038
f 4040 4038 4042
f 4042 4038 4036
f 4042 4036 4043
f 4043 4036 4035
f 3985 4044 4046
f 4046 4044 4045
f 4047 4048 4045
f 4045 4048 4046
f 4047 4049 4048
f 4048 4049 4050
f 4042 4047 4040
f 4040 4047 4045
f 4043 4049 4042
f 4042 4049 4047
f 4040 4045 4041
f 4041 4045 4044
f 4052 3959 4051
f 4051 3959 3964
f 4053 4054 4051
f 4051 4054 4055
f 3956 3960 4052
f 4052 3960 3959
f 3953 3956 4056
f 4056 3956 4052
f 4058 3953 4057
f 4057 3953 4056
f 4060 4061 4059
f 4059 4061 4062
f 4063 4064 4054
f 4054 4064 4057
f 4054 4053 4063
f 4063 4053 4065
f 4066 4067 4069
f 4069 4067 4068
f 4048 4050 4063
f 4063 4050 4064
f 4063 4065 4048
f 4048 4065 4046
f 3985 4046 3986
f 3986 4046 4065
f 3986 4065 3988
f 3988 4065 4053
f 3988 4053 3964
f 3964 4053 4051
f 3976 3978 4044
f 4044 3978 4041
f 3980 3982 4039
f 4039 3982 4019
f 4039 4041 3980
f 3980 4041 3978
f 3973 3908 4006
f 4006 3908 3896
f 3885 3939 3896
f 3896 3939 4006
f 4031 4034 4027
f 4027 4034 4033
f 4027 4033 4025
f 4025 4033 4037
f 4019 4017 4037
f 4037 4017 4025
f 3993 3942 4070
f 4070 3942 3941
f 3999 3993 4071
f 4071 3993 4070
f 3999 4071 4005
f 4005 4071 4072
f 4073 4074 4076
f 4076 4074 4075
f 4078 4079 4077
f 4077 4079 4080
f 4082 4080 4081
f 4081 4080 4079
f 4084 4085 4083
f 4083 4085 4086
f 4087 4088 4090
f 4090 4088 4089
f 4092 4093 4091
f 4091 4093 4094
f 4096 4097 4095
f 4095 4097 4098
f 4100 4101 4099
f 4099 4101 4102
f 4103 4104 4106
f 4106 4104 4105
f 4108 4109 4107
f 4107 4109 4110
f 4112 4113 4111
f 4111 4113 4114
f 4116 4117 4115
f 4115 4117 4118
f 4120 4121 4119
f 4119 4121 4122
f 4123 4124 4126
f 4126 4124 4125
f 4127 4128 4130
f 4130 4128 4129
f 4132 4133 4131
f 4131 4133 4134
f 4136 4108 4135
f 4135 4108 4107
f 4138 4139 4137
f 4137 4139 4140
f 4141 4142 4088
f 4088 4142 4089
f 4144 4145 4143
f 4143 4145 4146
f 4148 4149 4147
f 4147 4149 4150
f 4152 4153 4151
f 4151 4153 4154
f 4156 4082 4155
f 4155 4082 4081
f 4157 4158 4160
f 4160 4158 4159
f 4161 4162 4164
f 4164 4162 4163
f 4166 4122 4165
f 4165 4122 4121
f 4168 4152 4167
f 4167 4152 4151
f 4169 4170 4172
f 4172 4170 4171
f 4174 4175 4173
f 4173 4175 4176
f 4178 4149 4177
f 4177 4149 4179
f 4173 4176 4180
f 4180 4176 4181
f 4156 4085 4182
f 4182 4085 4183
f 4182 4184 4156
f 4156 4184 4082
f 4185 4186 4184
f 4184 4186 4187
f 4186 4188 4187
f 4187 4188 4189
f 4190 4191 4073
f 4073 4191 4074
f 4177 4179 4158
f 4158 4179 4159
f 4193 4127 4192
f 4192 4127 4130
f 4144 4194 4151
f 4151 4194 4167
f 4196 4197 4195
f 4195 4197 4198
f 4095 4199 4096
f 4096 4199 4200
f 4201 4202 4204
f 4204 4202 4203
f 4205 4206 4208
f 4208 4206 4207
f 4121 4120 4209
f 4209 4120 4210
f 4212 4213 4211
f 4211 4213 4214
f 4216 4217 4215
f 4215 4217 4218
f 4220 4221 4219
f 4219 4221 4222
f 4224 4196 4223
f 4223 4196 4195
f 4225 4226 4134
f 4134 4226 4131
f 4228 4229 4227
f 4227 4229 4230
f 4232 4233 4231
f 4231 4233 4098
f 4235 4236 4234
f 4234 4236 4237
f 4239 4240 4238
f 4238 4240 4241
f 4242 4243 4245
f 4245 4243 4244
f 4246 4247 4249
f 4249 4247 4248
f 4251 4252 4250
f 4250 4252 4253
f 4255 4256 4254
f 4254 4256 4257
f 4259 4260 4258
f 4258 4260 4261
f 4263 4264 4262
f 4262 4264 4265
f 4267 4268 4266
f 4266 4268 4269
f 4271 4199 4270
f 4270 4199 4272
f 4273 4274 4276
f 4276 4274 4275
f 4115 4118 4277
f 4277 4118 4278
f 4280 4281 4279
f 4279 4281 4282
f 4211 4283 4212
f 4212 4283 4284
f 4286 4287 4285
f 4285 4287 4288
f 4165 4121 4289
f 4289 4121 4209
f 4291 4286 4290
f 4290 4286 4285
f 4293 4294 4292
f 4292 4294 4295
f 4297 4298 4296
f 4296 4298 4299
f 4301 4302 4300
f 4300 4302 4303
f 4299 4304 4296
f 4296 4304 4305
f 4306 4292 4307
f 4307 4292 4295
f 4307 4308 4306
f 4306 4308 4309
f 4310 4309 4075
f 4075 4309 4308
f 4299 4298 4312
f 4312 4298 4311
f 4302 4301 4293
f 4293 4301 4294
f 3735 3921 4313
f 4313 3921 4314
f 4315 4314 3922
f 3922 4314 3921
f 4316 3945 829
f 829 3945 830
f 4289 4317 4165
f 4165 4317 4318
f 4320 4321 4319
f 4319 4321 4322
f 4324 4325 4323
f 4323 4325 4326
f 4327 4328 4330
f 4330 4328 4329
f 4290 4331 4291
f 4291 4331 4332
f 4165 4318 4166
f 4166 4318 4333
f 4334 4335 4337
f 4337 4335 4336
f 4339 4340 4338
f 4338 4340 4341
f 4168 4343 4342
f 4342 4343 4344
f 4346 4347 4345
f 4345 4347 4348
f 4350 4351 4349
f 4349 4351 4352
f 4354 4355 4353
f 4353 4355 4356
f 4357 4358 4324
f 4324 4358 4325
f 4337 4359 4334
f 4334 4359 4360
f 4362 4363 4361
f 4361 4363 4364
f 4366 4367 4365
f 4365 4367 4368
f 4369 4370 4372
f 4372 4370 4371
f 4331 4290 4374
f 4374 4290 4373
f 4373 4376 4375
f 4375 4376 4377
f 4379 4380 4378
f 4378 4380 4381
f 4217 4382 4218
f 4218 4382 4383
f 4385 4386 4384
f 4384 4386 4387
f 4388 4389 4338
f 4338 4389 4390
f 4337 4336 4392
f 4392 4336 4391
f 4394 4362 4393
f 4393 4362 4361
f 4396 4397 4395
f 4395 4397 4398
f 4400 4401 4399
f 4399 4401 4402
f 4345 4403 4346
f 4346 4403 4404
f 4405 4406 4342
f 4342 4406 4407
f 4409 4410 4408
f 4408 4410 4411
f 4408 4412 4409
f 4409 4412 4413
f 4181 4415 4414
f 4414 4415 4416
f 4182 4183 4417
f 4417 4183 4418
f 4419 4353 4311
f 4311 4353 4312
f 4421 4422 4420
f 4420 4422 4423
f 4353 4356 4312
f 4312 4356 4424
f 4166 4333 4425
f 4425 4333 4426
f 4425 4143 4166
f 4166 4143 4122
f 4427 4107 4428
f 4428 4107 4110
f 4429 4430 4174
f 4174 4430 4175
f 4335 4431 4336
f 4336 4431 4390
f 4336 4390 4391
f 4391 4390 4389
f 4432 4433 4435
f 4435 4433 4434
f 4437 4438 4436
f 4436 4438 4439
f 4441 4442 4440
f 4440 4442 4443
f 4359 4444 4361
f 4361 4444 4393
f 4446 4447 4445
f 4445 4447 4448
f 4338 4341 4388
f 4388 4341 4449
f 4450 4451 4398
f 4398 4451 4395
f 4453 4454 4452
f 4452 4454 4455
f 4457 4458 4456
f 4456 4458 4459
f 4460 4461 4448
f 4448 4461 4445
f 4463 4464 4462
f 4462 4464 4465
f 4462 4465 4466
f 4466 4465 4467
f 4468 4469 4467
f 4467 4469 4466
f 4469 4468 4470
f 4470 4468 4471
f 4472 4473 4471
f 4471 4473 4470
f 4475 4476 4474
f 4474 4476 4477
f 4479 4480 4478
f 4478 4480 4481
f 4483 4484 4482
f 4482 4484 4485
f 4487 4488 4486
f 4486 4488 4489
f 4491 4492 4490
f 4490 4492 4493
f 4494 4495 4493
f 4493 4495 4490
f 4496 4497 4494
f 4494 4497 4495
f 4497 4496 4498
f 4498 4496 4499
f 4500 4501 4503
f 4503 4501 4502
f 4505 4506 4504
f 4504 4506 4507
f 4466 4508 4462
f 4462 4508 4509
f 4470 4510 4469
f 4469 4510 4511
f 4513 4479 4512
f 4512 4479 4478
f 4515 4443 4514
f 4514 4443 4442
f 4516 4517 4519
f 4519 4517 4518
f 4521 4495 4520
f 4520 4495 4497
f 4522 4490 4521
f 4521 4490 4495
f 4491 4523 4488
f 4488 4523 4524
f 4525 4489 4524
f 4524 4489 4488
f 4484 4526 4485
f 4485 4526 4527
f 4503 4528 4500
f 4500 4528 4529
f 4530 4531 4533
f 4533 4531 4532
f 4535 4506 4534
f 4534 4506 4530
f 4486 4536 4487
f 4487 4536 4537
f 4487 4537 4492
f 4492 4537 4538
f 4494 4539 4496
f 4496 4539 4540
f 4542 4533 4541
f 4541 4533 4499
f 4544 4545 4543
f 4543 4545 4546
f 4548 4549 4547
f 4547 4549 4550
f 4536 4551 4537
f 4537 4551 4552
f 4537 4552 4538
f 4538 4552 4553
f 4554 4539 4556
f 4556 4539 4555
f 4557 4540 4554
f 4554 4540 4539
f 4559 4557 4558
f 4558 4557 4560
f 4540 4557 4541
f 4541 4557 4559
f 4562 4563 4561
f 4561 4563 4564
f 4546 4565 4543
f 4543 4565 4566
f 4547 4567 4548
f 4548 4567 4568
f 4570 4571 4569
f 4569 4571 4572
f 4574 4575 4573
f 4573 4575 4576
f 4578 4579 4577
f 4577 4579 4580
f 4582 4583 4581
f 4581 4583 4584
f 4585 4586 4588
f 4588 4586 4587
f 4589 4585 4590
f 4590 4585 4588
f 4592 4593 4591
f 4591 4593 4594
f 4596 4597 4595
f 4595 4597 4598
f 4600 4601 4599
f 4599 4601 4602
f 4563 4604 4603
f 4603 4604 4605
f 4603 4606 4608
f 4608 4606 4607
f 4609 4610 4594
f 4594 4610 4591
f 4611 4612 4614
f 4614 4612 4613
f 4616 4617 4615
f 4615 4617 4618
f 4602 4620 4619
f 4619 4620 4621
f 4619 4622 4602
f 4602 4622 4599
f 4605 4599 4623
f 4623 4599 4622
f 4605 4623 4603
f 4603 4623 4606
f 4625 4626 4624
f 4624 4626 4627
f 4438 4437 4628
f 4628 4437 4629
f 4442 4441 4630
f 4630 4441 4631
f 4630 4632 4442
f 4442 4632 4514
f 4633 4634 4529
f 4529 4634 4500
f 4500 4634 4501
f 4501 4634 4635
f 4637 4546 4636
f 4636 4546 4545
f 4639 4565 4638
f 4638 4565 4640
f 4573 4576 4641
f 4641 4576 4642
f 4593 4643 4594
f 4594 4643 4644
f 4645 4609 4644
f 4644 4609 4594
f 4647 4648 4646
f 4646 4648 4649
f 4651 4652 4650
f 4650 4652 4653
f 4654 4498 4519
f 4519 4498 4532
f 4520 4508 4521
f 4521 4508 4511
f 4522 4510 4523
f 4523 4510 4655
f 4524 4656 4525
f 4525 4656 4657
f 4514 4529 4515
f 4515 4529 4528
f 4658 4659 4661
f 4661 4659 4660
f 4496 4540 4499
f 4499 4540 4541
f 4493 4555 4494
f 4494 4555 4539
f 4549 4483 4550
f 4550 4483 4482
f 4545 4544 4501
f 4501 4544 4502
f 4636 4545 4635
f 4635 4545 4501
f 4589 4663 4662
f 4662 4663 4664
f 4662 4665 4558
f 4558 4665 4559
f 4569 4586 4570
f 4570 4586 4560
f 4552 4666 4553
f 4553 4666 4667
f 4668 4669 4670
f 4670 4669 4666
f 4672 4673 4671
f 4671 4673 4674
f 4287 4675 4288
f 4288 4675 4676
f 4678 4679 4677
f 4677 4679 4680
f 4681 4678 4682
f 4682 4678 4677
f 4682 4683 4681
f 4681 4683 4684
f 4161 4164 4685
f 4685 4164 4686
f 4414 4687 4689
f 4689 4687 4688
f 4405 4690 4346
f 4346 4690 4347
f 4691 4399 4693
f 4693 4399 4692
f 1209 4694 4365
f 4365 4694 4366
f 4650 1211 4651
f 4651 1211 1210
f 4695 4696 4255
f 4255 4696 4256
f 4697 4698 4218
f 4218 4698 4215
f 4700 4701 4699
f 4699 4701 4702
f 4703 4704 4303
f 4303 4704 4300
f 4315 3922 4316
f 4316 3922 3945
f 4653 4706 4705
f 4705 4706 4707
f 4709 4710 4708
f 4708 4710 4711
f 4335 4334 4713
f 4713 4334 4712
f 4714 4340 4321
f 4321 4340 4322
f 4716 4717 4715
f 4715 4717 4718
f 4238 4241 4719
f 4719 4241 4720
f 4231 4721 4307
f 4307 4721 4308
f 4723 4724 4722
f 4722 4724 4725
f 4727 4728 4726
f 4726 4728 4729
f 4730 4731 4327
f 4327 4731 4328
f 4733 4734 4732
f 4732 4734 4735
f 4720 4381 4736
f 4736 4381 4737
f 4738 4739 4741
f 4741 4739 4740
f 4743 4744 4742
f 4742 4744 4745
f 4338 4390 4339
f 4339 4390 4431
f 4746 4747 4431
f 4431 4747 4339
f 4291 4332 4289
f 4289 4332 4317
f 4289 4209 4291
f 4291 4209 4286
f 4287 4286 4210
f 4210 4286 4209
f 4749 4750 4748
f 4748 4750 4751
f 4212 4284 4752
f 4752 4284 4753
f 4752 4754 4212
f 4212 4754 4213
f 4252 4251 4225
f 4225 4251 4226
f 4227 4230 4248
f 4248 4230 4249
f 4205 4755 4757
f 4757 4755 4756
f 4708 4711 4758
f 4758 4711 4647
f 4367 4366 4759
f 4759 4366 4760
f 4526 4513 4527
f 4527 4513 4512
f 4420 4423 4385
f 4385 4423 4386
f 4705 4761 4653
f 4653 4761 4650
f 4761 1279 4650
f 4650 1279 1211
f 4762 4763 3944
f 3944 4763 3936
f 4274 4273 4765
f 4765 4273 4764
f 4767 4768 4766
f 4766 4768 4769
f 4770 4771 4769
f 4769 4771 4766
f 4771 4770 4242
f 4242 4770 4243
f 4093 4163 4094
f 4094 4163 4162
f 4772 4773 4775
f 4775 4773 4774
f 4777 4778 4776
f 4776 4778 4779
f 4417 4185 4182
f 4182 4185 4184
f 4780 4078 4781
f 4781 4078 4077
f 4781 4077 4782
f 4782 4077 4189
f 4188 4783 4189
f 4189 4783 4782
f 4295 4232 4307
f 4307 4232 4231
f 4785 4786 4784
f 4784 4786 4787
f 4784 1307 4785
f 4785 1307 1306
f 4078 4780 4096
f 4096 4780 4097
f 4075 4074 4310
f 4310 4074 4788
f 4788 4074 4789
f 4789 4074 4191
f 4789 4191 4059
f 4059 4191 4790
f 4791 4277 4792
f 4792 4277 4278
f 3732 3735 4793
f 4793 3735 4313
f 4793 4794 3732
f 3732 4794 3731
f 4792 4795 4791
f 4791 4795 4796
f 4797 4798 4799
f 4799 4798 4724
f 4763 4800 3936
f 3936 4800 3935
f 4801 4062 3729
f 3729 4062 3730
f 4713 4712 4802
f 4802 4712 4803
f 4146 4804 4119
f 4119 4804 4805
f 4498 4654 4497
f 4497 4654 4520
f 4806 4807 1326
f 1326 4807 1327
f 4689 4688 1330
f 1330 4688 1331
f 4801 4789 4062
f 4062 4789 4059
f 3730 4062 4808
f 4808 4062 4061
f 4810 4811 4809
f 4809 4811 4812
f 4813 4403 4814
f 4814 4403 4345
f 4815 4816 4349
f 4349 4816 4350
f 4817 4818 4820
f 4820 4818 4819
f 4406 4821 4407
f 4407 4821 4822
f 4823 4161 4824
f 4824 4161 4685
f 4181 4414 4825
f 4825 4414 4689
f 4741 4740 4826
f 4826 4740 4827
f 4828 4829 4827
f 4827 4829 4826
f 4142 4141 4415
f 4415 4141 4148
f 4830 1354 4761
f 4761 1354 1279
f 4832 4833 4831
f 4831 4833 4834
f 4835 4836 4626
f 4626 4836 4421
f 4451 4709 4395
f 4395 4709 4708
f 4627 4420 4837
f 4837 4420 4385
f 4837 1365 4838
f 4838 1365 1364
f 4397 4396 4839
f 4839 4396 4840
f 4842 4628 4841
f 4841 4628 4629
f 4671 4674 4631
f 4631 4674 4630
f 4674 4659 4630
f 4630 4659 4632
f 4633 4632 4658
f 4658 4632 4659
f 4658 4504 4633
f 4633 4504 4634
f 4635 4634 4507
f 4507 4634 4504
f 4843 4636 4507
f 4507 4636 4635
f 4844 4637 4843
f 4843 4637 4636
f 4637 4844 4640
f 4640 4844 4664
f 4638 4663 4642
f 4642 4663 4845
f 4847 4643 4846
f 4846 4643 4641
f 4644 4848 4645
f 4645 4848 4849
f 4851 4852 4850
f 4850 4852 4853
f 4855 4856 4854
f 4854 4856 4857
f 4859 4860 4858
f 4858 4860 4857
f 4715 4718 4859
f 4859 4718 4860
f 4862 4863 4861
f 4861 4863 4864
f 4866 4867 4865
f 4865 4867 4868
f 4870 4871 4869
f 4869 4871 4872
f 4869 4872 4116
f 4116 4872 4117
f 4820 4819 4874
f 4874 4819 4873
f 4876 4877 4875
f 4875 4877 4878
f 4880 4881 4879
f 4879 4881 4882
f 4884 4885 4883
f 4883 4885 4886
f 4887 4888 4280
f 4280 4888 4281
f 4818 4817 4889
f 4889 4817 4890
f 4891 4193 4823
f 4823 4193 4192
f 4892 4893 4228
f 4228 4893 4229
f 4158 4157 4894
f 4894 4157 4895
f 4896 4897 4132
f 4132 4897 4133
f 4099 4683 4100
f 4100 4683 4682
f 4101 4100 4899
f 4899 4100 4898
f 4150 4106 4147
f 4147 4106 4900
f 4100 4682 4898
f 4898 4682 4677
f 4080 4082 4187
f 4187 4082 4184
f 4077 4080 4189
f 4189 4080 4187
f 4191 4190 4790
f 4790 4190 4901
f 4177 4158 4680
f 4680 4158 4894
f 4108 4136 4752
f 4752 4136 4754
f 4752 4753 4108
f 4108 4753 4109
f 4817 4902 4890
f 4890 4902 4903
f 4904 4905 4907
f 4907 4905 4906
f 4909 4910 4908
f 4908 4910 4911
f 4913 4914 4912
f 4912 4914 4915
f 4916 4917 4919
f 4919 4917 4918
f 4312 4424 4299
f 4299 4424 4304
f 4920 4921 4297
f 4297 4921 4298
f 4194 4922 4167
f 4167 4922 4923
f 4924 4400 4691
f 4691 4400 4399
f 4395 4708 4396
f 4396 4708 4758
f 4367 4925 4368
f 4368 4925 4926
f 4919 4918 4873
f 4873 4918 4874
f 4836 4927 4421
f 4421 4927 4422
f 4921 4928 4298
f 4298 4928 4311
f 4143 4146 4122
f 4122 4146 4119
f 4929 4930 4455
f 4455 4930 4452
f 4932 4933 4931
f 4931 4933 4934
f 4935 4936 4932
f 4932 4936 4933
f 4461 4460 4457
f 4457 4460 4458
f 4480 4479 4475
f 4475 4479 4476
f 4660 4673 4517
f 4517 4673 4937
f 4661 4505 4658
f 4658 4505 4504
f 4484 4483 4489
f 4489 4483 4486
f 4462 4509 4463
f 4463 4509 4518
f 4469 4511 4466
f 4466 4511 4508
f 4655 4473 4656
f 4656 4473 4477
f 4476 4657 4477
f 4477 4657 4656
f 4479 4513 4476
f 4476 4513 4657
f 4489 4525 4484
f 4484 4525 4526
f 4483 4549 4486
f 4486 4549 4536
f 4549 4548 4536
f 4536 4548 4551
f 4548 4568 4551
f 4551 4568 4670
f 4663 4589 4845
f 4845 4589 4590
f 4668 4577 4938
f 4938 4577 4580
f 4940 4938 4939
f 4939 4938 4941
f 4940 4942 4669
f 4669 4942 4943
f 4587 4582 4944
f 4944 4582 4581
f 4848 4847 4608
f 4608 4847 4564
f 4616 4945 4613
f 4613 4945 4598
f 4615 4946 4616
f 4616 4946 4945
f 4947 4939 4948
f 4948 4939 4946
f 4599 4605 4600
f 4600 4605 4604
f 4608 4607 4848
f 4848 4607 4849
f 4613 4612 4616
f 4616 4612 4617
f 4835 4949 4709
f 4709 4949 4710
f 4357 1477 4837
f 4837 1477 1365
f 4712 4950 4803
f 4803 4950 4951
f 4401 4952 4402
f 4402 4952 4953
f 4759 4760 4402
f 4402 4760 4399
f 4508 4520 4509
f 4509 4520 4654
f 4510 4522 4511
f 4511 4522 4521
f 4513 4526 4657
f 4657 4526 4525
f 4632 4633 4514
f 4514 4633 4529
f 4931 4934 4453
f 4453 4934 4454
f 4153 4954 4154
f 4154 4954 4955
f 4957 4958 4956
f 4956 4958 4959
f 4961 4962 4960
f 4960 4962 4963
f 4120 4964 4210
f 4210 4964 4965
f 4967 4968 4966
f 4966 4968 4969
f 4349 4692 4815
f 4815 4692 4970
f 4652 4971 4653
f 4653 4971 4706
f 4758 4647 4972
f 4972 4647 4646
f 4973 4363 4646
f 4646 4363 4972
f 4950 4360 4974
f 4974 4360 4364
f 4431 4335 4746
f 4746 4335 4713
f 4358 4714 4325
f 4325 4714 4321
f 4765 4764 4266
f 4266 4764 4975
f 4202 4976 4203
f 4203 4976 4977
f 4917 4978 4918
f 4918 4978 4979
f 4279 4282 4854
f 4854 4282 4269
f 4820 4880 4817
f 4817 4880 4902
f 4890 4903 4980
f 4980 4903 4886
f 4982 4983 4981
f 4981 4983 4123
f 4795 4851 4796
f 4796 4851 4850
f 4918 4979 4874
f 4874 4979 4881
f 4809 4404 4810
f 4810 4404 4403
f 4354 4985 4984
f 4984 4985 4986
f 1364 1516 4838
f 4838 1516 4987
f 4759 4988 4367
f 4367 4988 4925
f 4989 4990 4481
f 4481 4990 4478
f 4443 4515 4990
f 4990 4515 4991
f 4527 4512 4992
f 4992 4512 4991
f 4528 4503 4992
f 4992 4503 4993
f 4993 4994 4485
f 4485 4994 4482
f 4544 4995 4502
f 4502 4995 4994
f 4995 4996 4550
f 4550 4996 4547
f 4998 4999 4997
f 4997 4999 4566
f 4998 5000 4578
f 4578 5000 4579
f 5001 5002 4596
f 4596 5002 4597
f 5003 4591 5004
f 5004 4591 4610
f 4626 4421 4627
f 4627 4421 4420
f 4837 4838 4627
f 4627 4838 4624
f 4761 4705 4830
f 4830 4705 5005
f 4705 4707 5005
f 5005 4707 5006
f 4308 4721 4075
f 4075 4721 4076
f 5007 4200 4797
f 4797 4200 4798
f 4685 4686 5008
f 5008 4686 5009
f 4889 4890 5010
f 5010 4890 4980
f 4323 1541 4324
f 4324 1541 1540
f 4385 4384 4358
f 4358 4384 4714
f 4396 4758 4840
f 4840 4758 4972
f 4866 4852 5011
f 5011 4852 5012
f 5013 4260 4980
f 4980 4260 5010
f 4875 4878 5014
f 5014 4878 5015
f 5017 5018 5016
f 5016 5018 5019
f 5016 5019 5020
f 5020 5019 5021
f 5023 5024 5022
f 5022 5024 5025
f 5027 5028 5026
f 5026 5028 5029
f 5031 5032 5030
f 5030 5032 5033
f 5035 5036 5034
f 5034 5036 5037
f 5039 5040 5038
f 5038 5040 5041
f 5043 5044 5042
f 5042 5044 5045
f 5038 5046 5039
f 5039 5046 5047
f 5049 5050 5048
f 5048 5050 5051
f 5053 5054 5052
f 5052 5054 5055
f 5057 5024 5056
f 5056 5024 5058
f 5060 5061 5059
f 5059 5061 5062
f 5064 5065 5063
f 5063 5065 5066
f 5043 5050 5064
f 5064 5050 5065
f 5038 5041 5067
f 5067 5041 5068
f 5070 5071 5069
f 5069 5071 5072
f 5074 5075 5073
f 5073 5075 5076
f 5034 5077 5035
f 5035 5077 5078
f 5080 5081 5079
f 5079 5081 5082
f 5084 5085 5083
f 5083 5085 5086
f 5085 5084 5087
f 5087 5084 5088
f 5090 5091 5089
f 5089 5091 5092
f 5094 5095 5093
f 5093 5095 5096
f 5098 5099 5097
f 5097 5099 5100
f 5102 5103 5101
f 5101 5103 5104
f 5105 5106 5108
f 5108 5106 5107
f 5110 5111 5109
f 5109 5111 5112
f 5114 5094 5113
f 5113 5094 5093
f 5116 5117 5115
f 5115 5117 5118
f 5120 5121 5119
f 5119 5121 5122
f 5124 5125 5123
f 5123 5125 5126
f 5128 5129 5127
f 5127 5129 5130
f 5097 5131 5098
f 5098 5131 5132
f 5134 5135 5133
f 5133 5135 5122
f 5084 5125 5088
f 5088 5125 5136
f 5138 5139 5137
f 5137 5139 5140
f 5142 5102 5141
f 5141 5102 5101
f 5106 5143 5107
f 5107 5143 5144
f 5146 5147 5145
f 5145 5147 5148
f 5149 5150 5109
f 5109 5150 5110
f 5151 5110 5152
f 5152 5110 5150
f 4715 5140 4716
f 4716 5140 5139
f 5143 4870 5144
f 5144 4870 4869
f 4115 5146 4116
f 4116 5146 5145
f 4791 4796 5149
f 5149 4796 5150
f 4796 4850 5150
f 5150 4850 5152
f 4858 5142 4859
f 4859 5142 5141
f 5153 5154 5115
f 5115 5154 5105
f 5156 5157 5155
f 5155 5157 5158
f 5159 5160 5053
f 5053 5160 5054
f 5161 5162 5020
f 5020 5162 5068
f 5026 5029 5163
f 5163 5029 5021
f 5083 5086 5164
f 5164 5086 5165
f 5090 5167 5166
f 5166 5167 5168
f 5169 5170 5172
f 5172 5170 5171
f 5174 5175 5173
f 5173 5175 5176
f 5177 5109 5178
f 5178 5109 5112
f 5179 5180 5182
f 5182 5180 5181
f 5123 5126 5120
f 5120 5126 5121
f 5180 5167 5181
f 5181 5167 5183
f 5184 5185 5179
f 5179 5185 5180
f 5186 5149 5177
f 5177 5149 5109
f 4868 5184 4865
f 4865 5184 5179
f 5188 5189 5187
f 5187 5189 5190
f 4277 4791 5186
f 5186 4791 5149
f 5179 5182 4865
f 4865 5182 4853
f 5189 4862 5190
f 5190 4862 4861
f 5156 5075 5191
f 5191 5075 5192
f 5036 5035 5193
f 5193 5035 5194
f 5115 5118 5153
f 5153 5118 5195
f 5022 5025 5196
f 5196 5025 5197
f 5155 5158 5069
f 5069 5158 5062
f 5063 5066 5198
f 5198 5066 5199
f 5073 5076 5200
f 5200 5076 5072
f 5202 5131 5201
f 5201 5131 5203
f 5143 5106 5204
f 5204 5106 5205
f 5114 5113 5206
f 5206 5113 5127
f 5098 5132 5193
f 5193 5132 5195
f 5204 5207 5143
f 5143 5207 4870
f 5088 5136 5208
f 5208 5136 5092
f 5209 5210 5089
f 5089 5210 5183
f 5211 5018 5060
f 5060 5018 5061
f 5017 5040 5070
f 5070 5040 5071
f 5191 5160 5156
f 5156 5160 5157
f 5048 5028 5049
f 5049 5028 5058
f 5207 5204 4858
f 4858 5204 5142
f 4859 5141 4715
f 4715 5141 5140
f 5212 5162 5042
f 5042 5162 5051
f 5182 5152 4853
f 4853 5152 4850
f 5214 5134 5213
f 5213 5134 5133
f 5164 5165 5133
f 5133 5165 5213
f 5215 5216 5201
f 5201 5216 5217
f 5147 5218 5148
f 5148 5218 5219
f 5147 5177 5218
f 5218 5177 5178
f 5141 5101 5140
f 5140 5101 5137
f 5201 5217 5202
f 5202 5217 5104
f 5146 5186 5147
f 5147 5186 5177
f 4277 5186 4115
f 4115 5186 5146
f 5191 5192 5031
f 5031 5192 5032
f 5052 5055 5220
f 5220 5055 5197
f 4116 5145 4869
f 4869 5145 5144
f 5034 5037 5214
f 5214 5037 5134
f 5097 5100 5114
f 5114 5100 5094
f 5108 5107 5219
f 5219 5107 5148
f 5221 5135 5116
f 5116 5135 5117
f 5124 5111 5209
f 5209 5111 5210
f 5107 5144 5148
f 5148 5144 5145
f 5152 5182 5151
f 5151 5182 5181
f 5208 5222 5088
f 5088 5222 5087
f 5222 5208 5171
f 5171 5208 5172
f 5223 1756 4698
f 4698 1756 1755
f 4427 5224 4107
f 4107 5224 4135
f 4178 4679 5225
f 5225 4679 5226
f 5227 5228 4892
f 4892 5228 4893
f 5229 5230 4171
f 4171 5230 4172
f 4855 4268 4884
f 4884 4268 4885
f 4884 4871 4855
f 4855 4871 4856
f 4684 5231 4896
f 4896 5231 4897
f 4768 4767 5009
f 5009 4767 5008
f 5205 5154 5102
f 5102 5154 5103
f 5099 5098 5194
f 5194 5098 5193
f 5198 5199 5079
f 5079 5199 5033
f 5102 5142 5205
f 5205 5142 5204
f 5224 4427 4681
f 4681 4427 4678
f 3712 3711 5232
f 5232 3711 5233
f 3968 3988 3963
f 3963 3988 3964
f 3976 4044 3972
f 3972 4044 3985
f 4038 4037 4036
f 4036 4037 4033
f 4794 4762 3731
f 3731 4762 3944
f 3731 3944 3722
f 3722 3944 3810
f 3874 5234 5232
f 5232 5234 3712
f 3906 3905 3867
f 3867 3905 4011
f 3904 4023 3905
f 3905 4023 4011
f 3719 3722 3811
f 3811 3722 3810
f 3812 3719 3687
f 3687 3719 3811
f 3716 3812 3686
f 3686 3812 3687
f 3713 3716 3685
f 3685 3716 3686
f 4810 4403 5235
f 5235 4403 4813
f 4345 1770 4814
f 4814 1770 1769
f 4067 4066 4058
f 4058 4066 5236
f 4043 4068 4049
f 4049 4068 4050
f 4034 5237 3989
f 3989 5237 3990
f 4031 4030 4072
f 4072 4030 4005
f 4003 4004 4002
f 4002 4004 4032
f 4004 4005 4032
f 4032 4005 4030
f 4067 4064 4068
f 4068 4064 4050
f 4058 4057 4067
f 4067 4057 4064
f 4035 4034 5238
f 5238 4034 3989
f 5236 5239 4058
f 4058 5239 5240
f 5234 3874 5241
f 5241 3874 3873
f 5241 3873 3881
f 3881 3873 3878
f 4800 4763 4788
f 4788 4763 4310
f 4763 4762 4310
f 4310 4762 4309
f 4762 4794 4309
f 4309 4794 4306
f 4794 4793 4306
f 4306 4793 4292
f 4293 4313 4302
f 4302 4313 4314
f 4302 4314 4303
f 4303 4314 4315
f 4303 4315 4703
f 4703 4315 4316
f 4035 4069 4043
f 4043 4069 4068
f 4324 1540 4357
f 4357 1540 1477
f 5232 3987 3874
f 3874 3987 3871
f 3987 5232 4013
f 4013 5232 5233
f 4013 5233 4014
f 4014 5233 5242
f 3888 4015 3865
f 3865 4015 4007
f 3866 4008 5243
f 5243 4008 4016
f 3873 5244 3878
f 3878 5244 3875
f 3965 5244 3872
f 3872 5244 3873
f 3876 3875 3965
f 3965 3875 5244
f 5243 4016 5242
f 5242 4016 4014
f 5246 5247 5245
f 5245 5247 5248
f 3576 3950 3577
f 3577 3950 3926
f 3584 3842 3585
f 3585 3842 3580
f 5249 5247 1784
f 1784 5247 1785
f 5250 5251 5253
f 5253 5251 5252
f 5255 5252 5254
f 5254 5252 5256
f 5254 5256 5258
f 5258 5256 5257
f 5258 5257 5260
f 5260 5257 5259
f 4356 5261 4424
f 4424 5261 5259
f 4355 5262 4356
f 4356 5262 5261
f 4924 5264 5263
f 5263 5264 5265
f 4693 5266 4691
f 4691 5266 5267
f 4351 5268 4352
f 4352 5268 5269
f 1808 1807 4351
f 4351 1807 5268
f 3580 3842 3581
f 3799 3802 3838
f 4800 4788 4801
f 4801 4788 4789
f 3729 3935 4801
f 4801 3935 4800
f 3728 3666 3729
f 3729 3666 3935
f 3728 3798 3666
f 3666 3798 3663
f 3798 3818 3663
f 3663 3818 3809
f 3818 3817 3809
f 3809 3817 3808
f 3796 3655 3817
f 3817 3655 3808
f 3615 3568 3796
f 3796 3568 3655
f 3573 3569 3615
f 3615 3569 3568
f 3572 3613 3573
f 3573 3613 3569
f 3792 3606 3572
f 3572 3606 3613
f 3607 3791 3949
f 3949 3791 3591
f 3590 3950 3591
f 3591 3950 3949
f 3805 3926 3590
f 3590 3926 3950
f 3804 3559 3805
f 3805 3559 3926
f 3804 3914 3559
f 3559 3914 3560
f 3924 3789 3913
f 3913 3789 3788
f 3924 3928 3789
f 3789 3928 3826
f 3928 3927 3826
f 3826 3927 3827
f 3927 3834 3827
f 3827 3834 3835
f 4079 4078 5270
f 5270 4078 5007
f 5271 5272 4233
f 4233 5272 5273
f 5275 5276 5274
f 5274 5276 5277
f 5278 5279 4236
f 4236 5279 4237
f 5278 5280 5271
f 5271 5280 5272
f 4235 5281 4236
f 4236 5281 5282
f 5284 5285 5283
f 5283 5285 5286
f 5288 5289 5287
f 5287 5289 5290
f 5292 5293 5291
f 5291 5293 5294
f 5287 5290 4726
f 4726 5290 5295
f 4293 4292 4313
f 4313 4292 4793
f 4720 4736 4719
f 4719 4736 5296
f 5297 4909 5298
f 5298 4909 4908
f 5299 5300 4976
f 4976 5300 5301
f 5302 4202 5303
f 5303 4202 4201
f 5304 5305 4983
f 4983 5305 5306
f 5308 5309 5307
f 5307 5309 5310
f 4722 4725 5283
f 5283 4725 5311
f 5291 5294 4125
f 4125 5294 4126
f 5313 5314 5312
f 5312 5314 5315
f 5316 5317 5319
f 5319 5317 5318
f 5321 5308 5320
f 5320 5308 5307
f 4819 4981 4873
f 4873 4981 5322
f 4981 4123 5322
f 5322 4123 4126
f 5324 5325 5323
f 5323 5325 5326
f 4764 5327 4975
f 4975 5327 5328
f 4172 5327 4169
f 4169 5327 5329
f 4768 4171 4769
f 4769 4171 4170
f 4243 4755 4244
f 4244 4755 5330
f 4755 4205 5330
f 5330 4205 4208
f 4206 4906 4207
f 4207 4906 4905
f 4686 5014 5009
f 5009 5014 5229
f 4756 4770 4170
f 4170 4770 4769
f 4170 4169 4756
f 4756 4169 4757
f 4273 5329 4764
f 4764 5329 5327
f 4276 5331 4273
f 4273 5331 5329
f 4770 4756 4243
f 4243 4756 4755
f 5333 4889 5332
f 5332 4889 5010
f 4877 5332 4878
f 4878 5332 4259
f 4875 4164 4876
f 4876 4164 4163
f 5334 5335 5324
f 5324 5335 5325
f 4983 5306 4123
f 4123 5306 4124
f 4818 4982 4819
f 4819 4982 4981
f 5332 5010 4259
f 4259 5010 4260
f 5014 4686 4875
f 4875 4686 4164
f 4171 4768 5229
f 5229 4768 5009
f 5337 4916 5336
f 5336 4916 4919
f 5293 5337 5294
f 5294 5337 5336
f 4982 4818 5333
f 5333 4818 4889
f 5338 5339 4262
f 4262 5339 5340
f 5307 5310 5338
f 5338 5310 5339
f 5341 5342 4204
f 4204 5342 5309
f 5336 4919 5322
f 5322 4919 4873
f 5294 5336 4126
f 4126 5336 5322
f 5323 5326 5343
f 5343 5326 5286
f 4914 5344 4915
f 4915 5344 5345
f 5312 5315 5344
f 5344 5315 5345
f 5347 5348 5346
f 5346 5348 5349
f 5350 5351 4832
f 4832 5351 4833
f 5352 5353 5349
f 5349 5353 5346
f 5354 5338 4265
f 4265 5338 4262
f 5320 5307 5354
f 5354 5307 5338
f 4201 5308 5303
f 5303 5308 5321
f 5356 5357 5355
f 5355 5357 4799
f 5358 5359 5334
f 5334 5359 5335
f 5358 5360 4093
f 4093 5360 4163
f 5360 5305 4163
f 4163 5305 4876
f 5305 5304 4876
f 4876 5304 4877
f 5270 4778 4079
f 4079 4778 4081
f 4779 5361 4774
f 4774 5361 5357
f 5356 5359 4775
f 4775 5359 4092
f 5333 5304 4982
f 4982 5304 4983
f 5332 4877 5333
f 5333 4877 5304
f 5015 4258 5230
f 5230 4258 5328
f 5327 4172 5328
f 5328 4172 5230
f 4169 5329 4757
f 4757 5329 5331
f 4757 5331 4205
f 4205 5331 4206
f 5331 4276 4206
f 4206 4276 4906
f 4276 4275 4906
f 4906 4275 4907
f 4275 4888 4907
f 4907 4888 4744
f 4887 4717 4745
f 4745 4717 4864
f 4716 5139 4861
f 4861 5139 5190
f 5139 5138 5190
f 5190 5138 5187
f 5138 5216 5187
f 5187 5216 5176
f 5215 5362 5173
f 5173 5362 5130
f 5364 5365 5363
f 5363 5365 5340
f 4742 4863 5366
f 5366 4863 4867
f 4862 5189 4868
f 4868 5189 5184
f 5189 5188 5184
f 5184 5188 5185
f 5188 5175 5185
f 5185 5175 5168
f 3560 3788 3561
f 3561 3788 3790
f 3596 3595 3608
f 3608 3595 3594
f 3598 3582 3595
f 3595 3582 3592
f 3600 3609 3601
f 3601 3609 3611
f 3602 3601 3612
f 3612 3601 3611
f 3606 3605 3613
f 3613 3605 3614
f 3793 5367 3794
f 3794 5367 5368
f 3598 3597 3600
f 3600 3597 3609
f 3793 3792 3575
f 3575 3792 3572
f 3561 3594 3558
f 3558 3594 3593
f 3807 3915 3804
f 3804 3915 3914
f 3916 3915 5370
f 5370 3915 5369
f 3602 3605 3603
f 3603 3605 3604
f 3606 3792 3607
f 3607 3792 3791
f 3914 3913 3560
f 3560 3913 3788
f 5174 5129 5166
f 5166 5129 5371
f 5170 5169 5093
f 5093 5169 5113
f 5166 5371 5090
f 5090 5371 5091
f 5128 5169 5372
f 5372 5169 5172
f 5127 5113 5128
f 5128 5113 5169
f 5114 5206 5203
f 5203 5206 5362
f 5200 5373 5073
f 5073 5373 5096
f 5374 5375 5200
f 5200 5375 5373
f 5039 5047 5374
f 5374 5047 5375
f 5087 5046 5085
f 5085 5046 5376
f 5212 5377 5067
f 5067 5377 5376
f 5042 5045 5212
f 5212 5045 5377
f 5064 5378 5043
f 5043 5378 5044
f 5063 5077 5064
f 5064 5077 5378
f 5079 5082 5198
f 5198 5082 5078
f 5099 5081 5100
f 5100 5081 5379
f 5100 5379 5094
f 5094 5379 5095
f 5381 5382 5380
f 5380 5382 5383
f 5385 5386 5384
f 5384 5386 5383
f 5385 5387 5386
f 5386 5387 5388
f 5390 5391 5389
f 5389 5391 5392
f 5393 5394 5396
f 5396 5394 5395
f 5398 5399 5397
f 5397 5399 5400
f 5402 5403 5401
f 5401 5403 5404
f 5406 5407 5405
f 5405 5407 5404
f 5408 5409 5163
f 5163 5409 5410
f 5411 5412 5414
f 5414 5412 5413
f 5057 5416 5415
f 5415 5416 5417
f 5393 5416 5418
f 5418 5416 5419
f 5396 5395 5420
f 5420 5395 5421
f 5423 5424 5422
f 5422 5424 5425
f 5415 5417 5220
f 5220 5417 5426
f 5418 5391 5393
f 5393 5391 5394
f 5414 5388 5411
f 5411 5388 5392
f 5059 5427 5060
f 5060 5427 5428
f 5423 5427 5429
f 5429 5427 5430
f 5432 5382 5431
f 5431 5382 5425
f 5429 5407 5423
f 5423 5407 5424
f 5380 5409 5381
f 5381 5409 5433
f 5381 5433 5422
f 5422 5433 5428
f 5027 5412 5056
f 5056 5412 5419
f 5435 5436 5434
f 5434 5436 5437
f 5159 5439 5438
f 5438 5439 5440
f 5053 5436 5159
f 5159 5436 5439
f 5441 5403 5398
f 5398 5403 5399
f 5163 5410 5026
f 5026 5410 5413
f 5438 5440 5442
f 5442 5440 5430
f 5444 5445 5443
f 5443 5445 5446
f 5447 5448 5450
f 5450 5448 5449
f 5451 5446 5452
f 5452 5446 5445
f 5454 5455 5453
f 5453 5455 5451
f 5456 5454 5458
f 5458 5454 5457
f 5460 5461 5459
f 5459 5461 5462
f 5464 5465 5463
f 5463 5465 5466
f 5468 5469 5467
f 5467 5469 5470
f 5472 5473 5471
f 5471 5473 5474
f 5475 5476 5478
f 5478 5476 5477
f 5479 5480 5482
f 5482 5480 5481
f 5483 5484 5448
f 5448 5484 5485
f 5448 5485 5449
f 5449 5485 5486
f 5487 5476 5488
f 5488 5476 5475
f 5490 5491 5489
f 5489 5491 5492
f 5494 5495 5493
f 5493 5495 5496
f 5498 5494 5497
f 5497 5494 5493
f 5500 5501 5499
f 5499 5501 5502
f 5503 5504 5446
f 5446 5504 5443
f 5506 5507 5505
f 5505 5507 5508
f 5510 5511 5509
f 5509 5511 5512
f 5514 5515 5513
f 5513 5515 5516
f 5518 5519 5517
f 5517 5519 5520
f 5495 5521 5496
f 5496 5521 5522
f 5524 5525 5523
f 5523 5525 5526
f 5527 5528 5494
f 5494 5528 5495
f 5499 5502 5529
f 5529 5502 5530
f 5531 5532 5485
f 5485 5532 5486
f 5485 5484 5531
f 5531 5484 5533
f 5482 5481 5534
f 5534 5481 5535
f 5536 5512 5506
f 5506 5512 5511
f 5455 5503 5451
f 5451 5503 5446
f 5467 5470 5511
f 5511 5470 5537
f 5538 5467 5510
f 5510 5467 5511
f 5540 5541 5539
f 5539 5541 5542
f 5543 5544 5546
f 5546 5544 5545
f 5548 5472 5547
f 5547 5472 5471
f 5493 5496 5549
f 5549 5496 5550
f 5496 5522 5550
f 5550 5522 5551
f 5553 5554 5552
f 5552 5554 5555
f 5557 5447 5556
f 5556 5447 5558
f 5557 5483 5447
f 5447 5483 5448
f 5478 5477 5553
f 5553 5477 5559
f 5477 5560 5559
f 5559 5560 5561
f 5476 5562 5477
f 5477 5562 5560
f 5476 5487 5562
f 5562 5487 5563
f 5560 5564 5561
f 5561 5564 5565
f 5564 5560 5566
f 5566 5560 5562
f 5563 5567 5562
f 5562 5567 5566
f 5569 5521 5568
f 5568 5521 5570
f 5481 5572 5571
f 5571 5572 5573
f 5574 5535 5571
f 5571 5535 5481
f 5576 5577 5575
f 5575 5577 5578
f 5579 5580 5456
f 5456 5580 5581
f 5475 5582 5488
f 5488 5582 5583
f 5584 5536 5505
f 5505 5536 5506
f 5585 5586 5588
f 5588 5586 5587
f 5590 5591 5589
f 5589 5591 5592
f 5519 5593 5520
f 5520 5593 5594
f 5595 5596 5462
f 5462 5596 5597
f 5599 5600 5598
f 5598 5600 5514
f 5602 5603 5601
f 5601 5603 5604
f 5524 5543 5525
f 5525 5543 5546
f 5543 5524 5606
f 5606 5524 5605
f 5607 5608 5500
f 5500 5608 5501
f 5610 5551 5609
f 5609 5551 5522
f 5611 5510 5598
f 5598 5510 5509
f 5612 5597 5457
f 5457 5597 5458
f 5510 5611 5538
f 5538 5611 5613
f 5580 5508 5581
f 5581 5508 5507
f 5615 5616 5614
f 5614 5616 5617
f 5619 5620 5618
f 5618 5620 5621
f 5623 5624 5622
f 5622 5624 5625
f 5627 5624 5626
f 5626 5624 5623
f 5629 5630 5628
f 5628 5630 5631
f 5633 5634 5632
f 5632 5634 5466
f 5635 5636 5463
f 5463 5636 5637
f 5523 5638 5524
f 5524 5638 5605
f 5639 5640 5641
f 5641 5640 5595
f 5611 5513 5613
f 5613 5513 5642
f 5643 5586 5608
f 5608 5586 5501
f 5622 5625 5590
f 5590 5625 5591
f 5598 5514 5611
f 5611 5514 5513
f 5645 5646 5644
f 5644 5646 5647
f 5620 5619 5491
f 5491 5619 5648
f 5649 5643 5492
f 5492 5643 5608
f 5650 5651 5653
f 5653 5651 5652
f 5463 5466 5635
f 5635 5466 5634
f 5597 5612 5462
f 5462 5612 5459
f 5635 5634 5523
f 5523 5634 5638
f 5654 5638 5633
f 5633 5638 5634
f 5655 5656 5525
f 5525 5656 5526
f 5658 5659 5657
f 5657 5659 5527
f 5660 5464 5637
f 5637 5464 5463
f 5632 5466 5661
f 5661 5466 5465
f 5661 5662 5632
f 5632 5662 5658
f 5662 5663 5658
f 5658 5663 5659
f 5665 5659 5664
f 5664 5659 5663
f 5632 5658 5633
f 5633 5658 5657
f 5666 5629 5530
f 5530 5629 5667
f 5528 5527 5665
f 5665 5527 5659
f 5668 5669 5570
f 5570 5669 5568
f 5669 5668 5670
f 5670 5668 5671
f 5646 5672 5673
f 5672 5674 5673
f 5673 5674 5675
f 5674 5460 5675
f 5675 5460 5459
f 5461 5676 5462
f 5462 5676 5595
f 5677 5678 5680
f 5680 5678 5679
f 5628 5681 5629
f 5629 5681 5667
f 5682 5529 5667
f 5667 5529 5530
f 5675 5459 5683
f 5683 5459 5612
f 5585 5666 5502
f 5502 5666 5530
f 5589 5684 5602
f 5602 5684 5603
f 5646 5645 5663
f 5663 5645 5664
f 5685 5647 5673
f 5673 5647 5646
f 5686 5687 5683
f 5683 5687 5685
f 5688 5689 5533
f 5533 5689 5531
f 5690 5691 5535
f 5535 5691 5534
f 5692 5690 5574
f 5574 5690 5535
f 5685 5687 5689
f 5689 5687 5693
f 5489 5694 5490
f 5490 5694 5695
f 5690 5692 5696
f 5696 5692 5697
f 5696 5644 5690
f 5690 5644 5691
f 5447 5450 5558
f 5558 5450 5698
f 5699 5700 5642
f 5642 5700 5613
f 5701 5702 5540
f 5540 5702 5541
f 5431 5703 5432
f 5432 5703 5697
f 5385 5384 5574
f 5574 5384 5692
f 5389 5387 5573
f 5573 5387 5571
f 5565 5390 5573
f 5573 5390 5389
f 5390 5565 5704
f 5704 5565 5564
f 5566 5705 5564
f 5564 5705 5704
f 5569 5441 5609
f 5609 5441 5398
f 5568 5405 5569
f 5569 5405 5441
f 5670 5706 5669
f 5669 5706 5406
f 5703 5431 5670
f 5670 5431 5706
f 5432 5697 5384
f 5384 5697 5692
f 5574 5571 5385
f 5385 5571 5387
f 5607 5707 5489
f 5489 5707 5694
f 5518 5708 5519
f 5519 5708 5709
f 5711 5576 5710
f 5710 5576 5575
f 5713 5714 5712
f 5712 5714 5715
f 5553 5552 5478
f 5478 5552 5716
f 5717 5475 5716
f 5716 5475 5478
f 5718 5719 5605
f 5605 5719 5606
f 5505 5622 5584
f 5584 5622 5590
f 5508 5623 5505
f 5505 5623 5622
f 5626 5623 5580
f 5580 5623 5508
f 5580 5579 5626
f 5626 5579 5720
f 5579 5721 5720
f 5720 5721 5722
f 5666 5585 5723
f 5723 5585 5588
f 5724 5725 5639
f 5639 5725 5640
f 5554 5726 5555
f 5555 5726 5727
f 5453 5728 5729
f 5689 5688 5685
f 5685 5688 5647
f 5604 5730 5512
f 5512 5730 5509
f 5628 5631 5618
f 5618 5631 5592
f 5601 5604 5536
f 5536 5604 5512
f 5732 5676 5731
f 5731 5676 5660
f 5730 5604 5733
f 5733 5604 5603
f 5563 5487 5551
f 5551 5487 5550
f 5489 5492 5607
f 5607 5492 5608
f 5573 5572 5565
f 5565 5572 5561
f 5609 5522 5569
f 5569 5522 5521
f 5499 5734 5500
f 5500 5734 5735
f 5596 5736 5721
f 5721 5736 5722
f 5737 5600 5594
f 5594 5600 5520
f 5599 5730 5517
f 5517 5730 5733
f 5660 5738 5731
f 5731 5738 5739
f 5648 5649 5491
f 5491 5649 5492
f 5501 5586 5502
f 5502 5586 5585
f 5525 5546 5655
f 5655 5546 5740
f 5600 5599 5520
f 5520 5599 5517
f 5708 5739 5709
f 5709 5739 5738
f 5636 5635 5526
f 5526 5635 5523
f 5670 5671 5703
f 5703 5671 5741
f 5490 5695 5742
f 5742 5695 5743
f 5682 5678 5744
f 5744 5678 5677
f 5678 5681 5679
f 5679 5681 5621
f 5742 5743 5679
f 5679 5743 5680
f 5618 5621 5628
f 5628 5621 5681
f 5725 5724 5589
f 5589 5724 5684
f 5456 5458 5579
f 5579 5458 5721
f 5675 5683 5673
f 5673 5683 5685
f 5529 5682 5745
f 5745 5682 5744
f 5721 5458 5596
f 5596 5458 5597
f 5701 5540 5719
f 5719 5540 5606
f 5703 5741 5697
f 5697 5741 5696
f 5500 5735 5607
f 5607 5735 5707
f 5549 5746 5493
f 5493 5746 5497
f 5700 5747 5613
f 5613 5747 5538
f 5420 5421 5434
f 5434 5421 5400
f 5689 5693 5531
f 5531 5693 5532
f 5705 5566 5748
f 5748 5566 5567
f 5609 5398 5610
f 5610 5398 5397
f 5669 5406 5568
f 5568 5406 5405
f 5488 5583 5549
f 5549 5583 5746
f 5714 5713 5710
f 5710 5713 5711
f 5747 5468 5538
f 5538 5468 5467
f 5548 5547 5749
f 5749 5547 5750
f 5733 5603 5751
f 5751 5603 5684
f 5589 5602 5590
f 5590 5602 5584
f 5636 5752 5614
f 5614 5752 5615
f 5753 5754 5738
f 5738 5754 5755
f 5602 5601 5584
f 5584 5601 5536
f 5723 5736 5630
f 5630 5736 5640
f 5595 5640 5596
f 5596 5640 5736
f 5734 5499 5745
f 5745 5499 5529
f 5627 5587 5643
f 5643 5587 5586
f 5553 5559 5554
f 5554 5559 5480
f 5559 5561 5480
f 5480 5561 5572
f 5554 5480 5726
f 5726 5480 5479
f 5749 5750 5715
f 5715 5750 5712
f 5683 5612 5686
f 5686 5612 5457
f 5678 5682 5681
f 5681 5682 5667
f 5598 5509 5599
f 5599 5509 5730
f 5679 5621 5742
f 5742 5621 5620
f 5652 5616 5653
f 5653 5616 5615
f 5220 5426 5052
f 5052 5426 5437
f 5487 5488 5550
f 5550 5488 5549
f 5742 5620 5490
f 5490 5620 5491
f 5551 5610 5563
f 5563 5610 5567
f 5610 5397 5567
f 5567 5397 5748
f 5614 5617 5753
f 5753 5617 5754
f 5480 5572 5481
f 5755 5756 5738
f 5738 5756 5709
f 5745 5744 5758
f 5758 5744 5757
f 5745 5758 5734
f 5734 5758 5759
f 5735 5734 5760
f 5760 5734 5759
f 5707 5735 5761
f 5761 5735 5760
f 5744 5677 5757
f 5757 5677 5762
f 5677 5680 5762
f 5762 5680 5763
f 5763 5680 5764
f 5764 5680 5743
f 5765 5766 5762
f 5762 5766 5757
f 5768 5769 5767
f 5767 5769 5770
f 5771 5772 5770
f 5770 5772 5767
f 5770 5769 5774
f 5774 5769 5773
f 5775 5776 5774
f 5774 5776 5777
f 5773 5778 5774
f 5774 5778 5775
f 5779 5766 5773
f 5773 5766 5778
f 5777 5771 5774
f 5774 5771 5770
f 5780 5781 5783
f 5783 5781 5782
f 5781 5780 5771
f 5771 5780 5772
f 5773 5769 5779
f 5779 5769 5768
f 5768 5759 5779
f 5779 5759 5758
f 5768 5784 5759
f 5759 5784 5760
f 5767 5785 5768
f 5768 5785 5784
f 5785 5767 5786
f 5786 5767 5772
f 5766 5779 5757
f 5757 5779 5758
f 5780 5787 5772
f 5772 5787 5786
f 5785 5786 5788
f 5788 5786 5789
f 5786 5787 5789
f 5789 5787 5790
f 5788 5789 5791
f 5791 5789 5792
f 5791 5793 5788
f 5788 5793 5794
f 5795 5792 5790
f 5790 5792 5789
f 5785 5788 5784
f 5784 5788 5794
f 5784 5794 5760
f 5760 5794 5761
f 5787 5780 5796
f 5796 5780 5783
f 5775 5778 5797
f 5797 5778 5766
f 5797 5798 5775
f 5775 5798 5776
f 5766 5765 5797
f 5797 5765 5799
f 5798 5797 5800
f 5800 5797 5799
f 5798 5801 5776
f 5776 5801 5802
f 5707 5761 5694
f 5694 5761 5803
f 5695 5804 5743
f 5743 5804 5764
f 5804 5695 5803
f 5803 5695 5694
f 5803 5793 5804
f 5804 5793 5805
f 5793 5791 5805
f 5805 5791 5806
f 5804 5805 5764
f 5764 5805 5807
f 5803 5761 5793
f 5793 5761 5794
f 5808 5763 5807
f 5807 5763 5764
f 5808 5765 5763
f 5763 5765 5762
f 5809 5799 5808
f 5808 5799 5765
f 5809 5808 5810
f 5810 5808 5807
f 5811 5809 5812
f 5812 5809 5810
f 5805 5806 5807
f 5807 5806 5810
f 5806 5813 5810
f 5810 5813 5812
f 5799 5809 5800
f 5800 5809 5811
f 5815 5800 5814
f 5814 5800 5811
f 5814 5817 5816
f 5816 5817 5818
f 5814 5811 5817
f 5817 5811 5812
f 5814 5816 5815
f 5815 5816 5796
f 5815 5796 5801
f 5801 5796 5783
f 5801 5798 5815
f 5815 5798 5800
f 5791 5792 5806
f 5806 5792 5813
f 5818 5813 5795
f 5795 5813 5792
f 5818 5817 5813
f 5813 5817 5812
f 5816 5818 5790
f 5790 5818 5795
f 5790 5787 5816
f 5816 5787 5796
f 5771 5777 5781
f 5781 5777 5782
f 5782 5802 5783
f 5783 5802 5801
f 5782 5777 5802
f 5802 5777 5776
f 5588 5587 5722
f 5722 5587 5720
f 5591 5619 5592
f 5592 5619 5618
f 5625 5624 5648
f 5648 5624 5649
f 5624 5627 5649
f 5649 5627 5643
f 5631 5630 5725
f 5725 5630 5640
f 5625 5648 5591
f 5591 5648 5619
f 5588 5722 5723
f 5723 5722 5736
f 5631 5725 5592
f 5592 5725 5589
f 5723 5630 5666
f 5666 5630 5629
f 5587 5627 5720
f 5720 5627 5626
f 5820 5821 5819
f 5819 5821 5822
f 5824 5825 5823
f 5823 5825 5826
f 5823 5826 5827
f 5827 5826 5828
f 5829 5830 5832
f 5832 5830 5831
f 5518 5833 5708
f 5708 5833 5834
f 5835 5836 5824
f 5824 5836 5825
f 5838 5839 5837
f 5837 5839 5840
f 5751 5684 5842
f 5842 5684 5841
f 5843 5841 5724
f 5724 5841 5684
f 5845 5846 5844
f 5844 5846 5847
f 5848 5830 5836
f 5836 5830 5825
f 5518 5751 5833
f 5833 5751 5842
f 5839 5838 5821
f 5821 5838 5849
f 5850 5848 5822
f 5822 5848 5836
f 5851 5845 5828
f 5828 5845 5852
f 5854 5855 5853
f 5853 5855 5856
f 5845 5844 5852
f 5852 5844 5857
f 5858 5827 5852
f 5852 5827 5828
f 5851 5828 5829
f 5829 5828 5826
f 5819 5859 5820
f 5820 5859 5860
f 5835 5861 5819
f 5819 5861 5859
f 5851 5829 5862
f 5862 5829 5832
f 5844 5847 5837
f 5837 5847 5834
f 5819 5822 5835
f 5835 5822 5836
f 5823 5863 5824
f 5824 5863 5864
f 5849 5850 5821
f 5821 5850 5822
f 5825 5830 5826
f 5826 5830 5829
f 5820 5860 5865
f 5865 5860 5866
f 5858 5854 5867
f 5867 5854 5853
f 5854 5857 5855
f 5855 5857 5840
f 5855 5865 5856
f 5856 5865 5866
f 5837 5840 5844
f 5844 5840 5857
f 5827 5858 5868
f 5868 5858 5867
f 5824 5864 5835
f 5835 5864 5861
f 5732 5731 5862
f 5862 5731 5846
f 5863 5823 5868
f 5868 5823 5827
f 5843 5831 5848
f 5848 5831 5830
f 5854 5858 5857
f 5857 5858 5852
f 5855 5840 5865
f 5865 5840 5839
f 5865 5839 5820
f 5820 5839 5821
f 5868 5867 5870
f 5870 5867 5869
f 5868 5870 5863
f 5863 5870 5871
f 5863 5871 5864
f 5864 5871 5872
f 5864 5872 5861
f 5861 5872 5873
f 5867 5853 5869
f 5869 5853 5874
f 5853 5856 5874
f 5874 5856 5875
f 5856 5866 5875
f 5875 5866 5876
f 5877 5878 5874
f 5874 5878 5869
f 5880 5881 5879
f 5879 5881 5882
f 5883 5884 5880
f 5880 5884 5881
f 5881 5884 5886
f 5886 5884 5885
f 5887 5888 5886
f 5886 5888 5889
f 5885 5890 5886
f 5886 5890 5887
f 5889 5882 5886
f 5886 5882 5881
f 5882 5891 5879
f 5879 5891 5892
f 5885 5884 5893
f 5893 5884 5883
f 5883 5871 5893
f 5893 5871 5870
f 5883 5894 5871
f 5871 5894 5872
f 5880 5895 5883
f 5883 5895 5894
f 5896 5895 5879
f 5879 5895 5880
f 5893 5878 5885
f 5885 5878 5890
f 5878 5893 5869
f 5869 5893 5870
f 5897 5896 5892
f 5892 5896 5879
f 5895 5896 5898
f 5898 5896 5899
f 5896 5897 5899
f 5899 5897 5900
f 5898 5899 5901
f 5901 5899 5902
f 5901 5903 5898
f 5898 5903 5904
f 5900 5905 5899
f 5899 5905 5902
f 5898 5904 5895
f 5895 5904 5894
f 5894 5904 5872
f 5872 5904 5873
f 5897 5892 5907
f 5907 5892 5906
f 5892 5891 5906
f 5906 5891 5908
f 5887 5890 5909
f 5909 5890 5878
f 5888 5887 5910
f 5910 5887 5909
f 5878 5877 5909
f 5909 5877 5911
f 5909 5911 5910
f 5910 5911 5912
f 5913 5914 5910
f 5910 5914 5888
f 5908 5914 5906
f 5906 5914 5913
f 5861 5873 5859
f 5859 5873 5915
f 5860 5916 5866
f 5866 5916 5876
f 5916 5860 5915
f 5915 5860 5859
f 5915 5903 5916
f 5916 5903 5917
f 5903 5901 5917
f 5917 5901 5918
f 5916 5917 5876
f 5876 5917 5919
f 5903 5915 5904
f 5904 5915 5873
f 5920 5875 5919
f 5919 5875 5876
f 5920 5877 5875
f 5875 5877 5874
f 5920 5921 5877
f 5877 5921 5911
f 5921 5920 5922
f 5922 5920 5919
f 5923 5921 5924
f 5924 5921 5922
f 5917 5918 5919
f 5919 5918 5922
f 5918 5925 5922
f 5922 5925 5924
f 5921 5923 5911
f 5911 5923 5912
f 5927 5912 5926
f 5926 5912 5923
f 5926 5929 5928
f 5928 5929 5930
f 5926 5923 5929
f 5929 5923 5924
f 5926 5928 5927
f 5927 5928 5907
f 5927 5907 5913
f 5913 5907 5906
f 5913 5910 5927
f 5927 5910 5912
f 5901 5902 5918
f 5918 5902 5925
f 5930 5925 5905
f 5905 5925 5902
f 5930 5929 5925
f 5925 5929 5924
f 5928 5930 5900
f 5900 5930 5905
f 5900 5897 5928
f 5928 5897 5907
f 5882 5889 5891
f 5891 5889 5908
f 5908 5889 5914
f 5914 5889 5888
f 5832 5831 5641
f 5641 5831 5639
f 5833 5838 5834
f 5834 5838 5837
f 5842 5841 5849
f 5849 5841 5850
f 5841 5843 5850
f 5850 5843 5848
f 5847 5846 5739
f 5739 5846 5731
f 5842 5849 5833
f 5833 5849 5838
f 5862 5832 5732
f 5732 5832 5641
f 5847 5739 5834
f 5834 5739 5708
f 5862 5846 5851
f 5851 5846 5845
f 5831 5843 5639
f 5639 5843 5724
f 5676 5732 5595
f 5595 5732 5641
f 5676 5461 5660
f 5660 5461 5464
f 5461 5460 5464
f 5464 5460 5465
f 5460 5674 5465
f 5465 5674 5661
f 5931 5932 5934
f 5934 5932 5933
f 5936 5937 5935
f 5935 5937 5938
f 5935 5938 5939
f 5939 5938 5940
f 5942 5943 5941
f 5941 5943 5944
f 5945 5946 5936
f 5936 5946 5937
f 5948 5949 5947
f 5947 5949 5950
f 5951 5952 5519
f 5519 5952 5593
f 5953 5951 5709
f 5709 5951 5519
f 5955 5956 5954
f 5954 5956 5957
f 5958 5942 5946
f 5946 5942 5937
f 5948 5959 5949
f 5949 5959 5933
f 5960 5958 5934
f 5934 5958 5946
f 5961 5955 5940
f 5940 5955 5962
f 5963 5964 5966
f 5966 5964 5965
f 5955 5954 5962
f 5962 5954 5967
f 5968 5939 5962
f 5962 5939 5940
f 5961 5940 5941
f 5941 5940 5938
f 5931 5969 5932
f 5932 5969 5970
f 5945 5971 5931
f 5931 5971 5969
f 5941 5944 5961
f 5961 5944 5972
f 5954 5957 5947
f 5947 5957 5973
f 5945 5931 5946
f 5946 5931 5934
f 5935 5974 5936
f 5936 5974 5975
f 5959 5960 5933
f 5933 5960 5934
f 5937 5942 5938
f 5938 5942 5941
f 5932 5970 5976
f 5976 5970 5977
f 5968 5964 5978
f 5978 5964 5963
f 5965 5964 5950
f 5950 5964 5967
f 5976 5977 5965
f 5965 5977 5966
f 5947 5950 5954
f 5954 5950 5967
f 5939 5968 5979
f 5979 5968 5978
f 5936 5975 5945
f 5945 5975 5971
f 5972 5754 5956
f 5956 5754 5617
f 5974 5935 5979
f 5979 5935 5939
f 5953 5943 5958
f 5958 5943 5942
f 5964 5968 5967
f 5967 5968 5962
f 5965 5950 5976
f 5976 5950 5949
f 5976 5949 5932
f 5932 5949 5933
f 5979 5978 5981
f 5981 5978 5980
f 5979 5981 5974
f 5974 5981 5982
f 5974 5982 5975
f 5975 5982 5983
f 5975 5983 5971
f 5971 5983 5984
f 5978 5963 5980
f 5980 5963 5985
f 5963 5966 5985
f 5985 5966 5986
f 5986 5966 5987
f 5987 5966 5977
f 5988 5989 5985
f 5985 5989 5980
f 5991 5992 5990
f 5990 5992 5993
f 5994 5995 5991
f 5991 5995 5992
f 5992 5995 5997
f 5997 5995 5996
f 5998 5999 5997
f 5997 5999 6000
f 5996 6001 5997
f 5997 6001 5998
f 6000 5993 5997
f 5997 5993 5992
f 6002 6003 5993
f 5993 6003 5990
f 5995 5994 5996
f 5996 5994 6004
f 5994 5982 6004
f 6004 5982 5981
f 5994 6005 5982
f 5982 6005 5983
f 5991 6006 5994
f 5994 6006 6005
f 6006 5991 6007
f 6007 5991 5990
f 5996 6004 6001
f 6001 6004 5989
f 5989 6004 5980
f 5980 6004 5981
f 6003 6008 5990
f 5990 6008 6007
f 6009 6006 6010
f 6010 6006 6007
f 6008 6011 6007
f 6007 6011 6010
f 6012 6009 6013
f 6013 6009 6010
f 6009 6012 6015
f 6015 6012 6014
f 6011 6016 6010
f 6010 6016 6013
f 6006 6009 6005
f 6005 6009 6015
f 6005 6015 5983
f 5983 6015 5984
f 6008 6003 6018
f 6018 6003 6017
f 6003 6002 6017
f 6017 6002 6019
f 5998 6001 6020
f 6020 6001 5989
f 5999 5998 6021
f 6021 5998 6020
f 5989 5988 6020
f 6020 5988 6022
f 6021 6020 6023
f 6023 6020 6022
f 6021 6024 5999
f 5999 6024 6025
f 6019 6025 6017
f 6017 6025 6024
f 5971 5984 5969
f 5969 5984 6026
f 5970 6027 5977
f 5977 6027 5987
f 6027 5970 6026
f 6026 5970 5969
f 6026 6014 6027
f 6027 6014 6028
f 6014 6012 6028
f 6028 6012 6029
f 6027 6028 5987
f 5987 6028 6030
f 6026 5984 6014
f 6014 5984 6015
f 6031 5986 6030
f 6030 5986 5987
f 6031 5988 5986
f 5986 5988 5985
f 6032 6022 6031
f 6031 6022 5988
f 6032 6031 6033
f 6033 6031 6030
f 6034 6032 6035
f 6035 6032 6033
f 6028 6029 6030
f 6030 6029 6033
f 6029 6036 6033
f 6033 6036 6035
f 6032 6034 6022
f 6022 6034 6023
f 6038 6023 6037
f 6037 6023 6034
f 6037 6040 6039
f 6039 6040 6041
f 6037 6034 6040
f 6040 6034 6035
f 6037 6039 6038
f 6038 6039 6018
f 6038 6018 6024
f 6024 6018 6017
f 6024 6021 6038
f 6038 6021 6023
f 6012 6013 6029
f 6029 6013 6036
f 6041 6036 6016
f 6016 6036 6013
f 6041 6040 6036
f 6036 6040 6035
f 6041 6016 6039
f 6039 6016 6011
f 6011 6008 6039
f 6039 6008 6018
f 5993 6000 6002
f 6002 6000 6019
f 6019 6000 6025
f 6025 6000 5999
f 5943 5756 5944
f 5944 5756 5755
f 6042 5948 5973
f 5973 5948 5947
f 5952 5951 5959
f 5959 5951 5960
f 5951 5953 5960
f 5960 5953 5958
f 5616 5957 5617
f 5617 5957 5956
f 6042 5952 5948
f 5948 5952 5959
f 5944 5755 5972
f 5972 5755 5754
f 5957 5616 5973
f 5973 5616 5652
f 5956 5955 5972
f 5972 5955 5961
f 5943 5953 5756
f 5756 5953 5709
f 6044 6045 6043
f 6043 6045 6046
f 6048 6049 6047
f 6047 6049 6050
f 6047 6050 6051
f 6051 6050 6052
f 6054 6055 6053
f 6053 6055 6056
f 6057 6058 6060
f 6060 6058 6059
f 6061 6062 6048
f 6048 6062 6049
f 6063 6064 6066
f 6066 6064 6065
f 6067 6068 6070
f 6070 6068 6069
f 6071 6069 5653
f 5653 6069 6068
f 6072 6073 6075
f 6075 6073 6074
f 6062 6076 6049
f 6049 6076 6054
f 6058 6067 6059
f 6059 6067 6070
f 6064 6077 6065
f 6065 6077 6045
f 6078 6076 6046
f 6046 6076 6062
f 6073 6080 6079
f 6079 6080 6052
f 6082 6083 6081
f 6081 6083 6084
f 6072 6085 6073
f 6073 6085 6080
f 6086 6051 6080
f 6080 6051 6052
f 6079 6052 6053
f 6053 6052 6050
f 6043 6087 6044
f 6044 6087 6088
f 6061 6089 6043
f 6043 6089 6087
f 6053 6056 6079
f 6079 6056 6090
f 6063 6072 6060
f 6060 6072 6075
f 6043 6046 6061
f 6061 6046 6062
f 6047 6091 6048
f 6048 6091 6092
f 6077 6078 6045
f 6045 6078 6046
f 6049 6054 6050
f 6050 6054 6053
f 6044 6088 6093
f 6093 6088 6094
f 6086 6082 6095
f 6095 6082 6081
f 6083 6082 6066
f 6066 6082 6085
f 6093 6094 6083
f 6083 6094 6084
f 6072 6063 6085
f 6085 6063 6066
f 6051 6086 6096
f 6096 6086 6095
f 6048 6092 6061
f 6061 6092 6089
f 5656 5655 6090
f 6090 5655 6074
f 6091 6047 6096
f 6096 6047 6051
f 6071 6055 6076
f 6076 6055 6054
f 6082 6086 6085
f 6085 6086 6080
f 6093 6083 6065
f 6065 6083 6066
f 6044 6093 6045
f 6045 6093 6065
f 6096 6095 6098
f 6098 6095 6097
f 6096 6098 6091
f 6091 6098 6099
f 6091 6099 6092
f 6092 6099 6100
f 6092 6100 6089
f 6089 6100 6101
f 6095 6081 6097
f 6097 6081 6102
f 6081 6084 6102
f 6102 6084 6103
f 6103 6084 6104
f 6104 6084 6094
f 6106 6097 6105
f 6105 6097 6102
f 6107 6108 6110
f 6110 6108 6109
f 6111 6112 6108
f 6108 6112 6109
f 6109 6112 6114
f 6114 6112 6113
f 6114 6115 6117
f 6117 6115 6116
f 6113 6118 6114
f 6114 6118 6115
f 6117 6110 6114
f 6114 6110 6109
f 6110 6119 6107
f 6107 6119 6120
f 6112 6111 6113
f 6113 6111 6121
f 6111 6099 6121
f 6121 6099 6098
f 6111 6122 6099
f 6099 6122 6100
f 6123 6122 6108
f 6108 6122 6111
f 6124 6123 6107
f 6107 6123 6108
f 6113 6121 6118
f 6118 6121 6106
f 6106 6121 6097
f 6097 6121 6098
f 6125 6124 6120
f 6120 6124 6107
f 6126 6123 6127
f 6127 6123 6124
f 6125 6128 6124
f 6124 6128 6127
f 6129 6126 6130
f 6130 6126 6127
f 6126 6129 6132
f 6132 6129 6131
f 6128 6133 6127
f 6127 6133 6130
f 6123 6126 6122
f 6122 6126 6132
f 6122 6132 6100
f 6100 6132 6101
f 6120 6134 6125
f 6125 6134 6135
f 6120 6119 6134
f 6134 6119 6136
f 6115 6118 6137
f 6137 6118 6106
f 6115 6137 6116
f 6116 6137 6138
f 6137 6106 6139
f 6139 6106 6105
f 6138 6137 6140
f 6140 6137 6139
f 6141 6142 6138
f 6138 6142 6116
f 6136 6142 6134
f 6134 6142 6141
f 6089 6101 6087
f 6087 6101 6143
f 6088 6144 6094
f 6094 6144 6104
f 6143 6144 6087
f 6087 6144 6088
f 6131 6145 6143
f 6143 6145 6144
f 6129 6146 6131
f 6131 6146 6145
f 6144 6145 6104
f 6104 6145 6147
f 6143 6101 6131
f 6131 6101 6132
f 6148 6103 6147
f 6147 6103 6104
f 6103 6148 6102
f 6102 6148 6105
f 6148 6149 6105
f 6105 6149 6139
f 6149 6148 6150
f 6150 6148 6147
f 6151 6149 6152
f 6152 6149 6150
f 6145 6146 6147
f 6147 6146 6150
f 6146 6153 6150
f 6150 6153 6152
f 6149 6151 6139
f 6139 6151 6140
f 6155 6140 6154
f 6154 6140 6151
f 6154 6157 6156
f 6156 6157 6158
f 6154 6151 6157
f 6157 6151 6152
f 6154 6156 6155
f 6155 6156 6135
f 6155 6135 6141
f 6141 6135 6134
f 6141 6138 6155
f 6155 6138 6140
f 6146 6129 6153
f 6153 6129 6130
f 6158 6153 6133
f 6133 6153 6130
f 6158 6157 6153
f 6153 6157 6152
f 6156 6158 6128
f 6128 6158 6133
f 6128 6125 6156
f 6156 6125 6135
f 6110 6117 6119
f 6119 6117 6136
f 6136 6117 6142
f 6142 6117 6116
f 6055 5615 6056
f 6056 5615 5752
f 6060 6059 6063
f 6063 6059 6064
f 6077 6070 6078
f 6078 6070 6069
f 6069 6071 6078
f 6078 6071 6076
f 6159 6057 6075
f 6075 6057 6060
f 6059 6070 6064
f 6064 6070 6077
f 6056 5752 6090
f 6090 5752 5656
f 6090 6074 6079
f 6079 6074 6073
f 6055 6071 5615
f 5615 6071 5653
f 5547 5471 6160
f 6160 5471 6161
f 5729 5577 6163
f 6163 5577 6162
f 5577 5576 6162
f 6162 5576 6164
f 5713 6165 5711
f 5711 6165 6166
f 5474 5729 6167
f 6167 5729 6163
f 5750 5547 6168
f 6168 5547 6160
f 5471 5474 6161
f 6161 5474 6167
f 6169 5712 6168
f 6168 5712 5750
f 5711 6166 5576
f 5576 6166 6164
f 6165 5713 6169
f 6169 5713 5712
f 6168 6170 6169
f 6169 6170 6171
f 6169 6171 6165
f 6165 6171 6172
f 6165 6172 6166
f 6166 6172 6173
f 6166 6173 6164
f 6164 6173 6174
f 6168 6160 6170
f 6170 6160 6175
f 6160 6161 6175
f 6175 6161 6176
f 6161 6167 6176
f 6176 6167 6177
f 6179 6170 6178
f 6178 6170 6175
f 6181 6182 6180
f 6180 6182 6183
f 6184 6185 6181
f 6181 6185 6182
f 6186 6187 6185
f 6185 6187 6182
f 6186 6188 6187
f 6187 6188 6189
f 6190 6183 6187
f 6187 6183 6182
f 6183 6190 6191
f 6191 6190 6192
f 6191 6193 6183
f 6183 6193 6180
f 6186 6185 6194
f 6194 6185 6184
f 6184 6172 6194
f 6194 6172 6171
f 6184 6195 6172
f 6172 6195 6173
f 6181 6196 6184
f 6184 6196 6195
f 6196 6181 6197
f 6197 6181 6180
f 6186 6194 6188
f 6188 6194 6179
f 6179 6194 6170
f 6170 6194 6171
f 6193 6198 6180
f 6180 6198 6197
f 6199 6196 6200
f 6200 6196 6197
f 6198 6201 6197
f 6197 6201 6200
f 6202 6199 6203
f 6203 6199 6200
f 6199 6202 6205
f 6205 6202 6204
f 6201 6206 6200
f 6200 6206 6203
f 6196 6199 6195
f 6195 6199 6205
f 6195 6205 6173
f 6173 6205 6174
f 6198 6193 6208
f 6208 6193 6207
f 6193 6191 6207
f 6207 6191 6192
f 6189 6188 6209
f 6209 6188 6179
f 6210 6189 6211
f 6211 6189 6209
f 6209 6179 6212
f 6212 6179 6178
f 6211 6209 6213
f 6213 6209 6212
f 6211 6214 6210
f 6210 6214 6215
f 6192 6215 6207
f 6207 6215 6214
f 6190 6187 6210
f 6210 6187 6189
f 6192 6190 6215
f 6215 6190 6210
f 6162 6164 6216
f 6216 6164 6174
f 6167 6163 6177
f 6177 6163 6217
f 6216 6217 6162
f 6162 6217 6163
f 6204 6218 6216
f 6216 6218 6217
f 6202 6219 6204
f 6204 6219 6218
f 6217 6218 6177
f 6177 6218 6220
f 6216 6174 6204
f 6204 6174 6205
f 6221 6176 6220
f 6220 6176 6177
f 6176 6221 6175
f 6175 6221 6178
f 6221 6222 6178
f 6178 6222 6212
f 6222 6221 6223
f 6223 6221 6220
f 6224 6222 6225
f 6225 6222 6223
f 6218 6219 6220
f 6220 6219 6223
f 6219 6226 6223
f 6223 6226 6225
f 6222 6224 6212
f 6212 6224 6213
f 6228 6213 6227
f 6227 6213 6224
f 6229 6227 6231
f 6231 6227 6230
f 6227 6224 6230
f 6230 6224 6225
f 6227 6229 6228
f 6228 6229 6208
f 6228 6208 6214
f 6214 6208 6207
f 6214 6211 6228
f 6228 6211 6213
f 6219 6202 6226
f 6226 6202 6203
f 6231 6226 6206
f 6206 6226 6203
f 6231 6230 6226
f 6226 6230 6225
f 6229 6231 6201
f 6201 6231 6206
f 6201 6198 6229
f 6229 6198 6208
f 5674 5672 5661
f 5661 5672 5662
f 5662 5672 5663
f 5663 5672 5646
f 5651 6042 5652
f 5652 6042 5973
f 5518 5517 5751
f 5751 5517 5733
f 5738 5660 5753
f 5753 5660 5637
f 5752 5636 5656
f 5656 5636 5526
f 5952 6042 5593
f 5593 6042 5651
f 5593 5651 5594
f 5594 5651 5650
f 5600 5737 5514
f 5514 5737 5515
f 5546 5545 5740
f 5740 5545 6232
f 6232 6058 5740
f 5740 6058 6057
f 6067 6058 6233
f 6233 6058 6232
f 6233 6232 6234
f 6234 6232 5545
f 6234 5545 6235
f 6235 5545 5544
f 5606 6236 5543
f 5543 6236 5544
f 6235 5544 5539
f 5539 5544 6236
f 6237 6235 5542
f 5542 6235 5539
f 6235 6237 6234
f 6234 6237 6238
f 6234 6238 6233
f 6233 6238 6239
f 5653 6068 5650
f 5650 6068 6239
f 5642 5513 6240
f 6240 5513 5516
f 5539 6236 5540
f 5540 6236 5606
f 5636 5614 5637
f 5637 5614 5753
f 6239 5737 5650
f 5650 5737 5594
f 6239 6068 6233
f 6233 6068 6067
f 6075 6074 6159
f 6159 6074 5655
f 6057 6159 5740
f 5740 6159 5655
f 5515 5737 6238
f 6238 5737 6239
f 6238 6237 5515
f 5515 6237 5516
f 5542 6240 6237
f 6237 6240 5516
f 6240 5542 5642
f 5642 5542 5541
f 5702 5699 5541
f 5541 5699 5642
f 5582 5475 5717
f 5470 5443 5537
f 5537 5443 5504
f 5469 5444 5470
f 5470 5444 5443
f 5726 5557 5727
f 5727 5557 5556
f 5537 5504 5511
f 5511 5504 5506
f 5504 5503 5506
f 5506 5503 5507
f 5503 5455 5507
f 5507 5455 5581
f 5455 5454 5581
f 5581 5454 5456
f 5473 5453 5474
f 5474 5453 5729
f 5457 5454 5473
f 5473 5454 5453
f 5473 5472 5457
f 5457 5472 5686
f 5472 5548 5686
f 5686 5548 5687
f 5749 5693 5548
f 5548 5693 5687
f 5715 5532 5749
f 5749 5532 5693
f 5714 5486 5715
f 5715 5486 5532
f 5714 5710 5486
f 5486 5710 5449
f 5728 5578 5729
f 5729 5578 5577
f 5452 5445 5698
f 5698 5445 5558
f 5445 5444 5558
f 5558 5444 5556
f 5444 5469 5556
f 5556 5469 5727
f 5469 5468 5727
f 5727 5468 5555
f 5468 5747 5555
f 5555 5747 5552
f 5747 5700 5552
f 5552 5700 5716
f 5700 5699 5716
f 5716 5699 5717
f 5699 5702 5717
f 5717 5702 5582
f 5702 5701 5582
f 5582 5701 5583
f 5726 5479 5557
f 5557 5479 5483
f 5483 5479 5484
f 5484 5479 5482
f 5534 5533 5482
f 5482 5533 5484
f 5691 5688 5534
f 5534 5688 5533
f 5644 5647 5691
f 5691 5647 5688
f 5719 5746 5701
f 5701 5746 5583
f 5718 5497 5719
f 5719 5497 5746
f 5718 5605 5654
f 5654 5605 5638
f 5498 5654 5657
f 5657 5654 5633
f 5497 5718 5498
f 5498 5718 5654
f 5657 5527 5498
f 5498 5527 5494
f 5528 5570 5495
f 5495 5570 5521
f 5665 5668 5528
f 5528 5668 5570
f 5664 5671 5665
f 5665 5671 5668
f 5645 5741 5664
f 5664 5741 5671
f 5644 5696 5645
f 5645 5696 5741
f 5710 5575 5449
f 5449 5575 5450
f 5575 5578 5450
f 5450 5578 5698
f 5578 5728 5698
f 5698 5728 5452
f 5452 5728 5451
f 5451 5728 5453
f 3619 6241 3620
f 3620 6241 6242
f 6243 6244 3628
f 3628 6244 3629
f 6245 6246 3634
f 3634 6246 3631
f 6247 6248 3636
f 3636 6248 3637
f 6249 6250 3642
f 3642 6250 3639
f 3639 6250 3643
f 3643 6250 6251
f 3743 6252 3744
f 3744 6252 6253
f 6246 6243 3631
f 3631 6243 3628
f 3753 6254 3754
f 3754 6254 6255
f 3857 6256 3619
f 3619 6256 6241
f 6257 6245 3932
f 3932 6245 3634
f 6242 6247 3620
f 3620 6247 3636
f 6258 6259 3946
f 3946 6259 3947
f 6260 6249 3948
f 3948 6249 3642
f 6244 6258 3629
f 3629 6258 3946
f 3947 6259 3753
f 3753 6259 6254
f 6248 6260 3637
f 3637 6260 3948
f 3643 6251 3743
f 3743 6251 6252
f 3744 6253 3932
f 3932 6253 6257
f 6250 6249 6251
f 6251 6249 6252
f 6245 6261 6246
f 6246 6261 6262
f 6263 6264 6247
f 6247 6264 6248
f 6252 6265 6253
f 6253 6265 6266
f 6246 6262 6243
f 6243 6262 6267
f 6268 6261 6257
f 6257 6261 6245
f 6269 6263 6242
f 6242 6263 6247
f 6270 6271 6260
f 6260 6271 6249
f 6264 6270 6248
f 6248 6270 6260
f 6253 6266 6257
f 6257 6266 6268
f 6249 6271 6252
f 6252 6271 6265
f 6254 6259 6272
f 6272 6259 6273
f 6266 6265 6270
f 6270 6265 6271
f 6268 6266 6264
f 6264 6266 6270
f 6261 6268 6263
f 6263 6268 6264
f 6269 6262 6263
f 6263 6262 6261
f 4186 4185 6274
f 6274 4185 6275
f 6241 6276 6242
f 6242 6276 6269
f 6258 6244 6277
f 6277 6244 6278
f 6256 6279 6241
f 6241 6279 6276
f 6259 6258 6273
f 6273 6258 6277
f 6243 6267 6244
f 6244 6267 6278
f 6276 6267 6269
f 6269 6267 6262
f 6254 6272 6255
f 6255 6272 6280
f 3865 3713 3888
f 3888 3713 3685
f 5242 5233 3892
f 3892 5233 3711
f 3900 5243 3892
f 3892 5243 5242
f 3734 3866 3900
f 3900 3866 5243
f 4117 6281 4118
f 4118 6281 6282
f 4118 6282 4278
f 4278 6282 4879
f 4717 4887 4718
f 4718 4887 4280
f 4792 4278 4882
f 4882 4278 4879
f 4795 4792 6283
f 6283 4792 4882
f 4852 4851 5012
f 5012 4851 6284
f 4856 5207 4857
f 4857 5207 4858
f 4860 4279 4857
f 4857 4279 4854
f 4718 4280 4860
f 4860 4280 4279
f 4864 4863 4745
f 4745 4863 4742
f 5366 4867 5011
f 5011 4867 4866
f 4871 4884 4872
f 4872 4884 4883
f 4872 4883 4117
f 4117 4883 6281
f 6284 4851 6283
f 6283 4851 4795
f 4852 4866 4853
f 4853 4866 4865
f 4871 4870 4856
f 4856 4870 5207
f 4717 4716 4864
f 4864 4716 4861
f 4868 4867 4862
f 4862 4867 4863
f 4268 4855 4269
f 4269 4855 4854
f 4281 4274 4282
f 4282 4274 4765
f 4744 4743 4907
f 4907 4743 4904
f 4874 4881 4820
f 4820 4881 4880
f 4885 5013 4886
f 4886 5013 4980
f 4888 4275 4281
f 4281 4275 4274
f 4902 6282 4903
f 4903 6282 6281
f 6283 4979 6284
f 6284 4979 4978
f 4282 4765 4269
f 4269 4765 4266
f 4880 4879 4902
f 4902 4879 6282
f 4903 6281 4886
f 4886 6281 4883
f 4882 4881 6283
f 6283 4881 4979
f 5013 4885 4267
f 4267 4885 4268
f 4888 4887 4744
f 4744 4887 4745
f 4410 6285 4411
f 4411 6285 4812
f 4750 4749 6286
f 6286 4749 6287
f 6289 4695 6288
f 6288 4695 4255
f 4750 4675 4751
f 4751 4675 4965
f 6290 6291 4963
f 4963 6291 4960
f 4807 4806 4411
f 4411 4806 4408
f 6292 6293 4959
f 4959 6293 4956
f 4958 6294 4959
f 4959 6294 4955
f 4962 4964 4963
f 4963 4964 4805
f 4962 4961 4751
f 4751 4961 4748
f 6296 6297 6295
f 6295 6297 6298
f 6299 6300 6288
f 6288 6300 4735
f 6302 4961 6301
f 6301 4961 4960
f 6304 6287 6303
f 6303 6287 4749
f 4968 6305 4969
f 4969 6305 6306
f 4413 6308 6307
f 6307 6308 4900
f 6301 4960 6309
f 6309 4960 6291
f 4412 4408 6310
f 6310 4408 4806
f 4696 6311 4256
f 4256 6311 6312
f 6303 4749 6313
f 6313 4749 4748
f 6313 4748 6302
f 6302 4748 4961
f 6315 6316 6314
f 6314 6316 6317
f 4084 6318 6315
f 6315 6318 6316
f 4083 6319 4084
f 4084 6319 6318
f 4112 6320 4083
f 4083 6320 6319
f 6322 4138 6321
f 6321 4138 4137
f 6324 4128 6323
f 6323 4128 4127
f 4127 4193 6323
f 6323 4193 6325
f 4193 4891 6325
f 6325 4891 6326
f 4891 6327 6326
f 6326 6327 6328
f 6327 4824 5227
f 5227 4824 5228
f 5231 4684 6329
f 6329 4684 4683
f 4683 4099 6329
f 6329 4099 6330
f 4099 4102 6330
f 6330 4102 6331
f 4174 4826 4429
f 4429 4826 4829
f 4173 4741 4174
f 4174 4741 4826
f 4180 4738 4173
f 4173 4738 4741
f 6332 6333 4180
f 4180 6333 4738
f 6274 6334 4186
f 4186 6334 4188
f 4181 4825 4180
f 4180 4825 6332
f 5044 5213 5045
f 5045 5213 5165
f 5046 5087 5047
f 5047 5087 5222
f 5077 5063 5078
f 5078 5063 5198
f 5081 5099 5082
f 5082 5099 5194
f 5095 5074 5096
f 5096 5074 5073
f 5373 5170 5096
f 5096 5170 5093
f 5375 5171 5373
f 5373 5171 5170
f 5047 5222 5375
f 5375 5222 5171
f 5046 5038 5376
f 5376 5038 5067
f 5377 5086 5376
f 5376 5086 5085
f 5045 5165 5377
f 5377 5165 5086
f 5378 5214 5044
f 5044 5214 5213
f 5077 5034 5378
f 5378 5034 5214
f 5082 5194 5078
f 5078 5194 5035
f 5081 5080 5379
f 5379 5080 6335
f 5379 6335 5095
f 5095 6335 5074
f 5032 5080 5033
f 5033 5080 5079
f 5040 5017 5041
f 5041 5017 5016
f 5050 5043 5051
f 5051 5043 5042
f 5065 5023 5066
f 5066 5023 5022
f 5050 5049 5065
f 5065 5049 5023
f 5041 5016 5068
f 5068 5016 5020
f 5071 5374 5072
f 5072 5374 5200
f 5075 5156 5076
f 5076 5156 5155
f 5162 5212 5068
f 5068 5212 5067
f 5075 5074 5192
f 5192 5074 6335
f 5066 5022 5199
f 5199 5022 5196
f 5076 5155 5072
f 5072 5155 5069
f 5040 5039 5071
f 5071 5039 5374
f 5162 5161 5051
f 5051 5161 5048
f 5192 6335 5032
f 5032 6335 5080
f 5199 5196 5033
f 5033 5196 5030
f 5018 5211 5019
f 5019 5211 5408
f 5019 5408 5021
f 5021 5408 5163
f 5024 5057 5025
f 5025 5057 5415
f 5028 5048 5029
f 5029 5048 5161
f 5054 5031 5055
f 5055 5031 5030
f 5024 5023 5058
f 5058 5023 5049
f 5061 5070 5062
f 5062 5070 5069
f 5157 5438 5158
f 5158 5438 5442
f 5160 5191 5054
f 5054 5191 5031
f 5029 5161 5021
f 5021 5161 5020
f 5025 5415 5197
f 5197 5415 5220
f 5158 5442 5062
f 5062 5442 5059
f 5018 5017 5061
f 5061 5017 5070
f 5160 5159 5157
f 5157 5159 5438
f 5028 5027 5058
f 5058 5027 5056
f 5055 5030 5197
f 5197 5030 5196
f 5409 5380 5410
f 5410 5380 6336
f 5026 5413 5027
f 5027 5413 5412
f 5396 5417 5393
f 5393 5417 5416
f 5416 5057 5419
f 5419 5057 5056
f 5417 5396 5426
f 5426 5396 5420
f 5427 5423 5428
f 5428 5423 5422
f 5427 5059 5430
f 5430 5059 5442
f 5409 5408 5433
f 5433 5408 5211
f 5433 5211 5428
f 5428 5211 5060
f 5412 5411 5419
f 5419 5411 5418
f 5436 5053 5437
f 5437 5053 5052
f 5439 5402 5440
f 5440 5402 5401
f 5436 5435 5439
f 5439 5435 5402
f 5410 6336 5413
f 5413 6336 5414
f 5440 5401 5430
f 5430 5401 5429
f 5426 5420 5437
f 5437 5420 5434
f 5382 5432 5383
f 5383 5432 5384
f 5386 6336 5383
f 5383 6336 5380
f 6336 5386 5414
f 5414 5386 5388
f 5391 5418 5392
f 5392 5418 5411
f 5705 5395 5704
f 5704 5395 5394
f 5399 5435 5400
f 5400 5435 5434
f 5403 5441 5404
f 5404 5441 5405
f 5407 5429 5404
f 5404 5429 5401
f 5395 5705 5421
f 5421 5705 5748
f 5424 5706 5425
f 5425 5706 5431
f 5391 5390 5394
f 5394 5390 5704
f 5392 5388 5389
f 5389 5388 5387
f 5382 5381 5425
f 5425 5381 5422
f 5407 5406 5424
f 5424 5406 5706
f 5403 5402 5399
f 5399 5402 5435
f 5421 5748 5400
f 5400 5748 5397
f 4097 4721 4098
f 4098 4721 4231
f 4233 5273 4098
f 4098 5273 4095
f 6337 6338 4785
f 4785 6338 4786
f 4076 4780 4073
f 4073 4780 4781
f 4782 4190 4781
f 4781 4190 4073
f 4783 4901 4782
f 4782 4901 4190
f 4780 4076 4097
f 4097 4076 4721
f 6337 2879 4701
f 4701 2879 2878
f 5280 6339 5272
f 5272 6339 6340
f 5282 5281 6341
f 6341 5281 6342
f 4109 6302 4110
f 4110 6302 6301
f 4283 6304 4284
f 4284 6304 6303
f 6305 4379 6306
f 6306 4379 4378
f 4110 6301 4428
f 4428 6301 6309
f 6310 4688 4412
f 4412 4688 4687
f 4284 6303 4753
f 4753 6303 6313
f 4753 6313 4109
f 4109 6313 6302
f 6343 5226 4428
f 4428 5226 4427
f 4147 4900 4416
f 4416 4900 6308
f 6312 6311 4241
f 4241 6311 4720
f 5223 6344 4702
f 4702 6344 4699
f 4221 4220 6345
f 6345 4220 6346
f 5276 5275 6347
f 6347 5275 6348
f 5275 4728 6348
f 6348 4728 6349
f 4727 6350 5284
f 5284 6350 5285
f 6351 6352 6354
f 6354 6352 6353
f 5313 5312 5292
f 5292 5312 5293
f 5312 5344 5293
f 5293 5344 5337
f 5344 4914 5337
f 5337 4914 4916
f 4914 4913 4916
f 4916 4913 4917
f 4913 6355 4917
f 4917 6355 4978
f 6356 6357 6284
f 6284 6357 5012
f 6357 6358 5012
f 5012 6358 5011
f 5011 6358 5366
f 5366 6358 6359
f 6360 4742 6359
f 6359 4742 5366
f 4743 6361 4904
f 4904 6361 5364
f 5363 4905 5364
f 5364 4905 4904
f 5363 6362 4905
f 4905 6362 4207
f 6362 6363 4207
f 4207 6363 4208
f 6363 5342 4208
f 4208 5342 5330
f 5342 5341 5330
f 5330 5341 4244
f 5341 6364 4244
f 4244 6364 4245
f 6364 6365 4245
f 4245 6365 4246
f 6366 6367 4253
f 4253 6367 4250
f 4214 6368 4211
f 4211 6368 4380
f 4380 4379 4211
f 4211 4379 4283
f 4379 6305 4283
f 4283 6305 6304
f 6305 4968 6304
f 6304 4968 6287
f 4968 4967 6287
f 6287 4967 6286
f 4967 6297 6286
f 6286 6297 4676
f 6296 4376 4288
f 4288 4376 4285
f 4376 4373 4285
f 4285 4373 4290
f 6369 6370 6372
f 6372 6370 6371
f 5245 6373 5246
f 5246 6373 6374
f 4317 6375 4318
f 4318 6375 6376
f 4331 6377 4332
f 4332 6377 6378
f 6379 4333 6376
f 6376 4333 4318
f 4343 6380 4344
f 4344 6380 6381
f 4347 6382 4348
f 4348 6382 6383
f 4374 6371 4331
f 4331 6371 6377
f 4333 6379 4426
f 4426 6379 6384
f 4690 6385 4347
f 4347 6385 6382
f 4332 6378 4317
f 4317 6378 6375
f 4922 6386 4923
f 4923 6386 6387
f 6388 6389 4375
f 4375 6389 6390
f 6355 6356 4978
f 4978 6356 6284
f 4742 6360 4743
f 4743 6360 6361
f 6391 4238 6392
f 6392 4238 4719
f 6392 4719 6393
f 6393 4719 5296
f 6395 6396 6394
f 6394 6396 6397
f 6399 6400 6398
f 6398 6400 6401
f 6402 5302 6403
f 6403 5302 5303
f 5303 5321 6403
f 6403 5321 6404
f 5320 6405 5321
f 5321 6405 6404
f 5319 6406 5350
f 5350 6406 5351
f 5319 5318 6406
f 6406 5318 6407
f 5288 4197 6408
f 6408 4197 6409
f 4217 4216 6410
f 6410 4216 6411
f 5227 6412 6327
f 6327 6412 6328
f 4892 6413 5227
f 5227 6413 6412
f 4228 6414 4892
f 4892 6414 6413
f 4227 6415 4228
f 4228 6415 6414
f 4248 6416 4227
f 4227 6416 6415
f 4247 6417 4248
f 4248 6417 6416
f 6417 4247 6419
f 6419 4247 6418
f 6419 6418 6421
f 6421 6418 6420
f 6422 5301 6423
f 6423 5301 5300
f 6423 5300 6424
f 6424 5300 6399
f 6408 6409 6398
f 6398 6409 6425
f 6426 6427 6397
f 6397 6427 6394
f 6428 4224 6429
f 6429 4224 4223
f 6347 6346 5276
f 5276 6346 4220
f 6346 6347 6341
f 6341 6347 6339
f 5280 5278 5282
f 5282 5278 4236
f 4896 5224 4684
f 4684 5224 4681
f 4132 4135 4896
f 4896 4135 5224
f 4131 4136 4132
f 4132 4136 4135
f 4226 4754 4131
f 4131 4754 4136
f 4251 4213 4226
f 4226 4213 4754
f 4250 4214 4251
f 4251 4214 4213
f 4250 6367 4214
f 4214 6367 6368
f 6367 4910 6368
f 6368 4910 4737
f 4909 5297 4736
f 4736 5297 5296
f 5297 6395 5296
f 5296 6395 6393
f 6427 6430 6394
f 6394 6430 6431
f 6429 4383 6428
f 6428 4383 4382
f 4219 5277 4220
f 4220 5277 5276
f 4222 4697 4383
f 4383 4697 4218
f 6345 4699 4221
f 4221 4699 6344
f 6342 4700 6345
f 6345 4700 4699
f 4235 4786 5281
f 5281 4786 6338
f 4234 4787 4235
f 4235 4787 4786
f 5279 5278 6432
f 6432 5278 5271
f 4237 5279 6433
f 6433 5279 6432
f 4787 4234 6433
f 6433 4234 4237
f 6435 6436 6434
f 6434 6436 6437
f 6359 6438 6360
f 6360 6438 6437
f 6439 6440 6441
f 6441 6440 6438
f 6443 6439 6442
f 6442 6439 6441
f 6357 6356 6442
f 6442 6356 6444
f 6444 6446 6445
f 6445 6446 6447
f 4912 6446 4913
f 4913 6446 6355
f 6361 6436 5364
f 5364 6436 5365
f 5319 5350 5316
f 5316 5350 6448
f 4832 6449 5350
f 5350 6449 6448
f 4831 6450 4832
f 4832 6450 6449
f 5354 6451 5320
f 5320 6451 6405
f 4265 6452 5354
f 5354 6452 6451
f 4264 6453 4265
f 4265 6453 6452
f 6450 4831 6447
f 6447 4831 6445
f 4263 6435 4264
f 4264 6435 6434
f 6454 6453 6439
f 6439 6453 6440
f 6439 6443 6454
f 6454 6443 4834
f 4833 6455 4834
f 4834 6455 6454
f 5351 6456 4833
f 4833 6456 6455
f 6457 6391 6458
f 6458 6391 6392
f 6458 6392 6431
f 6431 6392 6393
f 5298 6396 5297
f 5297 6396 6395
f 6402 6400 5302
f 5302 6400 5299
f 6402 6403 6459
f 6459 6403 6460
f 6460 6403 6461
f 6461 6403 6404
f 6405 6462 6404
f 6404 6462 6461
f 6406 6462 5351
f 5351 6462 6456
f 6406 6407 6462
f 6462 6407 6461
f 6407 6463 6461
f 6461 6463 6460
f 6463 6464 6460
f 6460 6464 6459
f 6464 6465 6459
f 6459 6465 6401
f 6430 6466 6431
f 6431 6466 6458
f 6466 6410 6458
f 6458 6410 6457
f 6410 6411 6457
f 6457 6411 6467
f 6396 6424 6397
f 6397 6424 6425
f 6393 6395 6431
f 6431 6395 6394
f 6451 6456 6405
f 6405 6456 6462
f 6452 6455 6451
f 6451 6455 6456
f 6453 6454 6452
f 6452 6454 6455
f 6443 6445 4834
f 4834 6445 4831
f 6440 6453 6434
f 6434 6453 4264
f 6468 5306 5360
f 5360 5306 5305
f 6469 4124 6468
f 6468 4124 5306
f 6470 4125 6469
f 6469 4125 4124
f 6471 5291 6470
f 6470 5291 4125
f 6353 5292 6471
f 6471 5292 5291
f 5292 6353 5313
f 5313 6353 6352
f 5347 5314 6352
f 6352 5314 5313
f 5353 5318 5346
f 5346 5318 5317
f 5334 6468 5358
f 5358 6468 5360
f 5324 6469 5334
f 5334 6469 6468
f 5323 6470 5324
f 5324 6470 6469
f 5343 6471 5323
f 5323 6471 6470
f 6354 6353 5343
f 5343 6353 6471
f 6348 6349 4270
f 4270 6349 5311
f 5272 6340 5273
f 5273 6340 4272
f 6432 5271 4232
f 4232 5271 4233
f 4294 6432 4295
f 4295 6432 4232
f 6432 4294 6433
f 6433 4294 4301
f 4301 4300 6433
f 6433 4300 4787
f 4704 4784 4300
f 4300 4784 4787
f 4704 3013 4784
f 4784 3013 1307
f 5103 6472 5104
f 5104 6472 5202
f 5108 5116 5105
f 5105 5116 5115
f 5111 5124 5112
f 5112 5124 5123
f 5154 5205 5105
f 5105 5205 5106
f 5167 5180 5168
f 5168 5180 5185
f 5175 5188 5176
f 5176 5188 5187
f 5112 5123 5178
f 5178 5123 5120
f 5167 5090 5183
f 5183 5090 5089
f 5210 5151 5183
f 5183 5151 5181
f 5216 5138 5217
f 5217 5138 5137
f 5218 5119 5219
f 5219 5119 5221
f 5218 5178 5119
f 5119 5178 5120
f 5217 5137 5104
f 5104 5137 5101
f 5116 5108 5221
f 5221 5108 5219
f 5111 5110 5210
f 5210 5110 5151
f 5154 5153 5103
f 5103 5153 6472
f 5216 5215 5176
f 5176 5215 5173
f 5175 5174 5168
f 5168 5174 5166
f 5091 5172 5092
f 5092 5172 5208
f 5117 5037 5118
f 5118 5037 5036
f 5121 5164 5122
f 5122 5164 5133
f 5125 5084 5126
f 5126 5084 5083
f 5129 5174 5130
f 5130 5174 5173
f 5131 5202 5132
f 5132 5202 6472
f 5135 5221 5122
f 5122 5221 5119
f 5125 5124 5136
f 5136 5124 5209
f 5126 5083 5121
f 5121 5083 5164
f 5118 5036 5195
f 5195 5036 5193
f 5131 5097 5203
f 5203 5097 5114
f 5132 6472 5195
f 5195 6472 5153
f 5136 5209 5092
f 5092 5209 5089
f 5135 5134 5117
f 5117 5134 5037
f 5362 5206 5130
f 5130 5206 5127
f 5372 5371 5128
f 5128 5371 5129
f 5371 5372 5091
f 5091 5372 5172
f 5362 5215 5203
f 5203 5215 5201
f 6463 6407 5353
f 5353 6407 5318
f 6464 6463 5352
f 5352 6463 5353
f 6408 6465 5288
f 5288 6465 5289
f 4196 4224 6426
f 6426 4224 6427
f 6430 6427 6428
f 6428 6427 4224
f 6466 6430 4382
f 4382 6430 6428
f 6410 6466 4217
f 4217 6466 4382
f 4240 4239 3015
f 3015 4239 3016
f 4254 4257 3017
f 3017 4257 3018
f 6473 6474 4732
f 4732 6474 6475
f 6474 6374 6475
f 6475 6374 6373
f 5246 6374 3022
f 3022 6374 3023
f 4254 6299 4255
f 4255 6299 6288
f 6473 6300 3024
f 3024 6300 3025
f 6476 4257 6312
f 6312 4257 4256
f 4240 6476 4241
f 4241 6476 6312
f 6477 4239 6391
f 6391 4239 4238
f 6467 6477 6457
f 6457 6477 6391
f 6411 3029 6467
f 6467 3029 3028
f 4216 3030 6411
f 6411 3030 3029
f 6479 6480 6478
f 6478 6480 6481
f 6483 6484 6482
f 6482 6484 6485
f 6486 6487 4102
f 4102 6487 6331
f 6483 6488 6478
f 6478 6488 6489
f 4429 4829 6490
f 6490 4829 6479
f 6491 6486 4101
f 4101 6486 4102
f 4895 6491 4899
f 4899 6491 4101
f 4160 6488 4157
f 4157 6488 6492
f 6489 4087 6490
f 6490 4087 4090
f 4267 4261 5013
f 5013 4261 4260
f 4258 4261 5328
f 5328 4261 4975
f 4261 4267 4975
f 4975 4267 4266
f 5367 3793 3912
f 3912 3793 3575
f 6494 3616 6493
f 6493 3616 3795
f 6496 3589 6495
f 6495 3589 3588
f 6495 3588 5368
f 5368 3588 3794
f 3841 3840 3050
f 3050 3840 3051
f 3912 3911 3052
f 3052 3911 3053
f 3929 3930 3054
f 3054 3930 3055
f 5370 3930 3916
f 3916 3930 3923
f 3938 5369 3807
f 3807 5369 3915
f 3589 6496 3806
f 3806 6496 3937
f 3938 3937 3056
f 3056 3937 3057
f 3051 3840 3058
f 3058 3840 3943
f 3730 4808 3727
f 3727 4808 3943
f 3820 3951 3795
f 3795 3951 6493
f 3951 3841 3059
f 3059 3841 3050
f 3911 3574 6494
f 6494 3574 3616
f 3823 3929 3824
f 3824 3929 3952
f 4061 4060 3060
f 3060 4060 3061
f 6497 6498 4901
f 4901 6498 4790
f 6333 6499 4738
f 4738 6499 4739
f 6500 6501 6314
f 6314 6501 4418
f 6502 6275 4417
f 4417 6275 4185
f 6503 6497 4783
f 4783 6497 4901
f 6498 4060 4790
f 4790 4060 4059
f 4808 4061 3069
f 3069 4061 3060
f 5367 3071 5368
f 5368 3071 3070
f 5369 3073 5370
f 5370 3073 3072
f 6274 6275 3074
f 3074 6275 3075
f 6499 6504 4739
f 4739 6504 6317
f 6333 6332 3077
f 3077 6332 3078
f 6334 6274 3079
f 3079 6274 3074
f 6332 4825 3078
f 3078 4825 3080
f 6334 6503 4188
f 4188 6503 4783
f 4825 4689 3080
f 3080 4689 1330
f 6506 4747 6505
f 6505 4747 4746
f 6505 6507 6506
f 6506 6507 6508
f 4297 6509 4920
f 4920 6509 6510
f 4296 6511 4297
f 4297 6511 6509
f 6506 6508 4319
f 4319 6508 6512
f 4372 4371 6514
f 6514 4371 6513
f 6511 4296 5251
f 5251 4296 4305
f 5251 5250 6511
f 6511 5250 6515
f 6516 6509 6515
f 6515 6509 6511
f 6517 6507 6519
f 6519 6507 6518
f 6512 6520 6513
f 6513 6520 6514
f 6507 6517 6508
f 6508 6517 6521
f 5249 6523 6522
f 6522 6523 6524
f 6525 6370 5253
f 5253 6370 6526
f 4370 4323 4371
f 4371 4323 4326
f 4370 3103 4323
f 4323 3103 1541
f 6521 6517 6527
f 6527 6517 6519
f 6520 6528 6514
f 6514 6528 6529
f 6531 6532 6530
f 6530 6532 6533
f 5250 6534 6515
f 6515 6534 6535
f 6530 6533 6536
f 6536 6533 6537
f 6526 6538 6534
f 6534 6538 6537
f 6515 6535 6516
f 6516 6535 6539
f 4325 4321 4326
f 4326 4321 4320
f 4371 4326 6513
f 6513 4326 4320
f 6531 4731 6541
f 6541 4731 6540
f 4731 4730 6540
f 6540 4730 6542
f 4730 3121 6542
f 6542 3121 3120
f 6530 4328 6531
f 6531 4328 4731
f 4328 6530 4329
f 4329 6530 6536
f 4329 6536 6524
f 6524 6536 6543
f 6544 6545 6522
f 6522 6545 5248
f 6389 6388 5245
f 5245 6388 6373
f 6388 6546 6373
f 6373 6546 6475
f 4733 6546 6295
f 6295 6546 4377
f 4732 6475 4733
f 4733 6475 6546
f 4393 4432 4394
f 4394 4432 4435
f 4434 4672 4842
f 4842 4672 4671
f 4440 4439 4441
f 4441 4439 4438
f 4436 4450 4437
f 4437 4450 4398
f 4447 4444 4448
f 4448 4444 4392
f 4446 4464 4433
f 4433 4464 6547
f 4454 4423 4455
f 4455 4423 4422
f 4452 4481 4453
f 4453 4481 4480
f 4458 4389 4459
f 4459 4389 4388
f 4456 4471 4457
f 4457 4471 4468
f 4391 4460 4392
f 4392 4460 4448
f 4461 4467 4445
f 4445 4467 4465
f 4437 4398 4629
f 4629 4398 4397
f 4438 4628 4441
f 4441 4628 4631
f 4841 4629 4839
f 4839 4629 4397
f 4628 4842 4631
f 4631 4842 4671
f 4930 4989 4452
f 4452 4989 4481
f 4929 4927 4436
f 4436 4927 4450
f 4933 4387 4934
f 4934 4387 4386
f 4931 4475 4932
f 4932 4475 4474
f 4936 4449 4933
f 4933 4449 4387
f 4935 4472 4456
f 4456 4472 4471
f 4389 4458 4391
f 4391 4458 4460
f 4457 4468 4461
f 4461 4468 4467
f 4934 4386 4454
f 4454 4386 4423
f 4453 4480 4931
f 4931 4480 4475
f 4575 4997 4576
f 4576 4997 4639
f 4579 4596 4580
f 4580 4596 4595
f 4583 4582 4572
f 4572 4582 4569
f 4587 4944 4588
f 4588 4944 4562
f 4588 4562 4590
f 4590 4562 4561
f 4576 4639 4642
f 4642 4639 4638
f 4642 4845 4641
f 4641 4845 4846
f 4845 4590 4846
f 4846 4590 4561
f 4941 4938 4595
f 4595 4938 4580
f 4938 4940 4668
f 4668 4940 4669
f 4583 4942 4584
f 4584 4942 4947
f 4582 4587 4569
f 4569 4587 4586
f 5000 5001 4579
f 4579 5001 4596
f 4558 4560 4585
f 4585 4560 4586
f 4565 4639 4566
f 4566 4639 4997
f 4568 4567 4577
f 4577 4567 4578
f 4570 4554 4571
f 4571 4554 4556
f 4640 4565 4637
f 4637 4565 4546
f 4662 4664 4665
f 4665 4664 4844
f 4662 4558 4589
f 4589 4558 4585
f 4554 4570 4557
f 4557 4570 4560
f 4571 4667 4572
f 4572 4667 4943
f 4551 4670 4552
f 4552 4670 4666
f 4640 4664 4638
f 4638 4664 4663
f 4670 4568 4668
f 4668 4568 4577
f 4999 4996 4566
f 4566 4996 4543
f 4608 4564 4603
f 4603 4564 4563
f 4573 4593 4574
f 4574 4593 4592
f 4597 4614 4598
f 4598 4614 4613
f 4601 4600 4584
f 4584 4600 4581
f 4563 4562 4604
f 4604 4562 4944
f 4643 4593 4641
f 4641 4593 4573
f 4643 4847 4644
f 4644 4847 4848
f 4564 4847 4561
f 4561 4847 4846
f 4945 4941 4598
f 4598 4941 4595
f 4941 4945 4939
f 4939 4945 4946
f 4601 4948 4602
f 4602 4948 4620
f 4600 4604 4581
f 4581 4604 4944
f 5002 5003 4597
f 4597 5003 4614
f 4988 4759 4953
f 4953 4759 4402
f 4706 6548 4707
f 4707 6548 6549
f 4311 4928 4419
f 4419 4928 6550
f 4921 4920 6551
f 6551 4920 6552
f 4925 6553 4926
f 4926 6553 6554
f 4928 4921 4802
f 4802 4921 6551
f 6555 4985 6550
f 6550 4985 4419
f 4952 6556 4953
f 4953 6556 4649
f 4971 6557 4706
f 4706 6557 6548
f 4988 4648 4925
f 4925 4648 6553
f 4707 6549 5006
f 5006 6549 4987
f 4920 6510 6552
f 6552 6510 6518
f 6558 6510 6516
f 6516 6510 6509
f 6559 6558 6539
f 6539 6558 6516
f 6531 6541 6532
f 6532 6541 6560
f 6540 6561 6541
f 6541 6561 6529
f 6542 6562 6540
f 6540 6562 6561
f 6542 3120 6562
f 6562 3120 3142
f 4366 6563 4760
f 4760 6563 4970
f 4815 6564 4816
f 4816 6564 6565
f 3147 3146 6565
f 6565 3146 4816
f 6564 6563 6565
f 6565 6563 6566
f 4837 4385 4357
f 4357 4385 4358
f 6565 6566 3147
f 3147 6566 3149
f 4694 1209 3150
f 5247 5249 5248
f 5248 5249 6522
f 6372 6390 6545
f 6545 6390 6389
f 6375 5254 6376
f 6376 5254 5258
f 6377 6525 6378
f 6378 6525 5255
f 5260 6379 5258
f 5258 6379 6376
f 6380 6567 6381
f 6381 6567 6568
f 6382 6569 6383
f 6383 6569 6570
f 6377 6371 6525
f 6525 6371 6370
f 6379 5260 6384
f 6384 5260 6571
f 6385 6572 6382
f 6382 6572 6569
f 6378 5255 6375
f 6375 5255 5254
f 6386 6573 6387
f 6387 6573 6574
f 6545 6389 5248
f 5248 6389 5245
f 4675 4750 4676
f 4676 4750 6286
f 4734 6289 4735
f 4735 6289 6288
f 4804 6290 4805
f 4805 6290 4963
f 4811 4807 4812
f 4812 4807 4411
f 4954 6292 4955
f 4955 6292 4959
f 4964 4962 4965
f 4965 4962 4751
f 6285 4821 4812
f 4812 4821 4809
f 4675 4287 4965
f 4965 4287 4210
f 6294 4145 4955
f 4955 4145 4154
f 4964 4120 4805
f 4805 4120 4119
f 6298 4966 4734
f 4734 4966 6289
f 6300 6473 4735
f 4735 6473 4732
f 6297 6296 4676
f 4676 6296 4288
f 6523 3160 4330
f 4330 3160 3159
f 5253 5252 6525
f 6525 5252 5255
f 5256 5252 4305
f 4305 5252 5251
f 4304 5257 4305
f 4305 5257 5256
f 4424 5259 4304
f 4304 5259 5257
f 5261 6571 5259
f 5259 6571 5260
f 5262 6573 5261
f 5261 6573 6571
f 5264 6567 5265
f 5265 6567 6574
f 5266 6572 5267
f 5267 6572 6568
f 5268 6570 5269
f 5269 6570 6569
f 1807 3161 5268
f 5268 3161 6570
f 6524 6523 4329
f 4329 6523 4330
f 5253 6526 5250
f 5250 6526 6534
f 6543 6538 6544
f 6544 6538 6369
f 6524 6543 6522
f 6522 6543 6544
f 3071 5367 3052
f 3052 5367 3912
f 6493 3163 6494
f 6494 3163 3162
f 3164 445 3771
f 3771 445 3761
f 461 3165 3919
f 3919 3165 3920
f 330 410 3839
f 3839 410 3910
f 332 331 3552
f 3552 331 3551
f 464 304 3918
f 3918 304 3816
f 385 458 3766
f 3766 458 3894
f 412 415 3762
f 3762 415 3763
f 3166 337 3748
f 3748 337 3745
f 3072 3055 5370
f 5370 3055 3930
f 3073 5369 3056
f 3056 5369 3938
f 3167 3057 6496
f 6496 3057 3937
f 3069 3058 4808
f 4808 3058 3943
f 411 3166 3851
f 3851 3166 3748
f 3059 3163 3951
f 3951 3163 6493
f 336 3164 3772
f 3772 3164 3771
f 3053 3911 3162
f 3162 3911 6494
f 3054 3168 3929
f 3929 3168 3952
f 3165 830 3920
f 3920 830 3945
f 3170 3169 6497
f 6497 3169 6498
f 3171 1354 5005
f 5005 1354 4830
f 3172 3170 6503
f 6503 3170 6497
f 3169 3061 6498
f 6498 3061 4060
f 3173 3171 5006
f 5006 3171 5005
f 3079 3172 6334
f 6334 3172 6503
f 3174 3025 6299
f 6299 3025 6300
f 6576 6577 6575
f 6575 6577 6578
f 4612 4611 6579
f 6579 4611 6580
f 6582 6583 6581
f 6581 6583 6584
f 6584 6585 4618
f 4618 6585 4621
f 6586 6587 6589
f 6589 6587 6588
f 6588 6587 6590
f 6590 6587 6591
f 6592 4606 6590
f 6590 4606 4623
f 6594 6576 6593
f 6593 6576 6575
f 6595 6582 6579
f 6579 6582 6581
f 6580 6597 6596
f 6596 6597 6598
f 6577 6576 6599
f 6599 6576 6600
f 6595 6596 6601
f 6601 6596 6602
f 6583 6582 6603
f 6603 6582 6604
f 6586 6606 6605
f 6605 6606 6607
f 6587 6586 6608
f 6608 6586 6605
f 6587 6608 6591
f 6591 6608 6609
f 6576 6594 6600
f 6600 6594 6610
f 6582 6595 6604
f 6604 6595 6601
f 6599 6611 6577
f 6577 6611 6598
f 6613 6614 6612
f 6612 6614 6615
f 6617 6618 6616
f 6616 6618 6619
f 6621 6622 6620
f 6620 6622 6623
f 6625 6626 6624
f 6624 6626 6627
f 6629 6630 6628
f 6628 6630 6631
f 6633 6634 6632
f 6632 6634 6635
f 6637 6638 6636
f 6636 6638 6639
f 6640 6641 6637
f 6637 6641 6638
f 6643 6633 6642
f 6642 6633 6632
f 6645 6646 6644
f 6644 6646 6647
f 6646 6648 6647
f 6647 6648 6649
f 6651 6652 6650
f 6650 6652 6653
f 6653 6652 6654
f 6654 6652 6655
f 6656 6657 6659
f 6659 6657 6658
f 6661 6662 6660
f 6660 6662 6663
f 6662 6661 6664
f 6664 6661 6665
f 6667 6657 6666
f 6666 6657 6656
f 6669 6670 6668
f 6668 6670 6671
f 6672 6673 6670
f 6670 6673 6671
f 6674 6675 6677
f 6677 6675 6676
f 6675 6678 6676
f 6676 6678 6679
f 6681 6682 6680
f 6680 6682 6683
f 6684 6685 6683
f 6683 6685 6680
f 6687 6688 6686
f 6686 6688 6689
f 6687 6690 6688
f 6688 6690 6691
f 6619 6618 6633
f 6633 6618 6634
f 6632 6635 6693
f 6693 6635 6692
f 6617 6694 6636
f 6636 6694 6637
f 6695 6692 6639
f 6639 6692 6635
f 6637 6694 6640
f 6640 6694 6696
f 6698 6638 6697
f 6697 6638 6641
f 6643 6616 6633
f 6633 6616 6619
f 6642 6699 6641
f 6641 6699 6697
f 6646 6645 6700
f 6700 6645 6621
f 6644 6701 6654
f 6654 6701 6702
f 6700 6703 6646
f 6646 6703 6648
f 6693 6704 6649
f 6649 6704 6647
f 6620 6623 6651
f 6651 6623 6652
f 6693 6649 6699
f 6699 6649 6650
f 6652 6623 6655
f 6655 6623 6622
f 6654 6702 6653
f 6653 6702 6697
f 6615 6614 6657
f 6657 6614 6658
f 6705 6656 6704
f 6704 6656 6659
f 6613 6706 6660
f 6660 6706 6661
f 6704 6659 6701
f 6701 6659 6663
f 6661 6706 6665
f 6665 6706 6707
f 6708 6702 6664
f 6664 6702 6662
f 6612 6615 6667
f 6667 6615 6657
f 6666 6709 6664
f 6664 6709 6708
f 6629 6710 6669
f 6669 6710 6670
f 6668 6711 6679
f 6679 6711 6712
f 6713 6672 6710
f 6710 6672 6670
f 6714 6671 6705
f 6705 6671 6673
f 6628 6631 6674
f 6674 6631 6675
f 6705 6673 6709
f 6709 6673 6677
f 6631 6630 6675
f 6675 6630 6678
f 6712 6708 6679
f 6679 6708 6676
f 6625 6715 6682
f 6682 6715 6683
f 6716 6717 6681
f 6681 6717 6691
f 6718 6684 6715
f 6715 6684 6683
f 6719 6680 6714
f 6714 6680 6685
f 6624 6627 6686
f 6686 6627 6687
f 6689 6711 6685
f 6685 6711 6714
f 6627 6626 6687
f 6687 6626 6690
f 6717 6712 6691
f 6691 6712 6688
f 6612 6707 6613
f 6613 6707 6706
f 6616 6696 6617
f 6617 6696 6694
f 6703 6700 6620
f 6620 6700 6621
f 6715 6625 6718
f 6718 6625 6624
f 6710 6629 6713
f 6713 6629 6628
f 6639 6635 6636
f 6636 6635 6634
f 6641 6640 6642
f 6642 6640 6643
f 6654 6655 6644
f 6644 6655 6645
f 6651 6650 6648
f 6648 6650 6649
f 6659 6658 6663
f 6663 6658 6660
f 6665 6667 6664
f 6664 6667 6666
f 6678 6669 6679
f 6679 6669 6668
f 6673 6672 6677
f 6677 6672 6674
f 6690 6682 6691
f 6691 6682 6681
f 6685 6684 6689
f 6689 6684 6686
f 6636 6634 6617
f 6617 6634 6618
f 6638 6698 6639
f 6639 6698 6695
f 6640 6696 6643
f 6643 6696 6616
f 6693 6699 6632
f 6632 6699 6642
f 6655 6622 6645
f 6645 6622 6621
f 6704 6701 6647
f 6647 6701 6644
f 6651 6648 6620
f 6620 6648 6703
f 6650 6653 6699
f 6699 6653 6697
f 6613 6660 6614
f 6614 6660 6658
f 6663 6662 6701
f 6701 6662 6702
f 6665 6707 6667
f 6667 6707 6612
f 6705 6709 6656
f 6656 6709 6666
f 6630 6629 6678
f 6678 6629 6669
f 6714 6711 6671
f 6671 6711 6668
f 6672 6713 6674
f 6674 6713 6628
f 6677 6676 6709
f 6709 6676 6708
f 6626 6625 6690
f 6690 6625 6682
f 6680 6719 6681
f 6681 6719 6716
f 6684 6718 6686
f 6686 6718 6624
f 6711 6689 6712
f 6689 6688 6712
f 6593 6720 6594
f 6594 6720 6721
f 6722 6720 4607
f 4607 6720 4849
f 6592 6723 6722
f 6722 6723 6724
f 4610 4609 6578
f 6578 4609 6575
f 6596 6595 6580
f 6580 6595 6579
f 4618 4617 6584
f 6584 4617 6581
f 6589 6585 6586
f 6586 6585 6606
f 4622 4619 6588
f 6588 4619 6589
f 4622 6588 4623
f 4623 6588 6590
f 4609 4645 6575
f 6575 4645 6593
f 4617 4612 6581
f 6581 4612 6579
f 5004 4610 6597
f 6597 4610 6578
f 4645 4849 6593
f 6593 4849 6720
f 6724 6721 6722
f 6722 6721 6720
f 6722 4607 6592
f 6592 4607 4606
f 6725 6610 6721
f 6721 6610 6594
f 6723 6726 6724
f 6724 6726 6727
f 6727 6725 6724
f 6724 6725 6721
f 6728 6729 6605
f 6605 6729 6608
f 6605 6607 6728
f 6728 6607 6730
f 6731 6732 6604
f 6604 6732 6603
f 6733 6734 6725
f 6725 6734 6610
f 6735 6733 6727
f 6727 6733 6725
f 6735 6727 6736
f 6736 6727 6726
f 6591 6609 6723
f 6723 6609 6726
f 6723 6592 6591
f 6591 6592 6590
f 6738 6739 6737
f 6737 6739 6740
f 6740 6739 6742
f 6742 6739 6741
f 6743 6744 6741
f 6741 6744 6742
f 6745 6746 6743
f 6743 6746 6744
f 6747 6748 6745
f 6745 6748 6746
f 6749 6750 6747
f 6747 6750 6748
f 6752 6738 6751
f 6751 6738 6737
f 6754 6752 6753
f 6753 6752 6751
f 6756 6754 6755
f 6755 6754 6753
f 6758 6750 6757
f 6757 6750 6749
f 6760 6756 6759
f 6759 6756 6755
f 6762 6760 6761
f 6761 6760 6759
f 6764 6762 6763
f 6763 6762 6761
f 6757 6764 6758
f 6758 6764 6763
f 6766 6741 6765
f 6765 6741 6739
f 6767 6743 6766
f 6766 6743 6741
f 6768 6745 6767
f 6767 6745 6743
f 6769 6747 6768
f 6768 6747 6745
f 6770 6749 6769
f 6769 6749 6747
f 6772 6769 6771
f 6771 6769 6768
f 6773 6770 6772
f 6772 6770 6769
f 6774 6775 6772
f 6772 6775 6773
f 6777 6778 6776
f 6776 6778 6779
f 6775 6774 6778
f 6778 6774 6779
f 6771 6780 6772
f 6772 6780 6774
f 6780 6781 6774
f 6774 6781 6779
f 6781 6782 6779
f 6779 6782 6776
f 6784 6785 6783
f 6783 6785 6786
f 6786 6787 6783
f 6783 6787 6788
f 6790 6788 6789
f 6789 6788 6787
f 6786 6785 6791
f 6791 6785 6792
f 6791 6793 6786
f 6786 6793 6787
f 6793 6794 6787
f 6787 6794 6789
f 6795 6796 6794
f 6794 6796 6789
f 6790 6789 6797
f 6797 6789 6796
f 6798 6765 6738
f 6738 6765 6739
f 6799 6798 6752
f 6752 6798 6738
f 6767 6800 6768
f 6768 6800 6771
f 6766 6801 6767
f 6767 6801 6800
f 6802 6801 6765
f 6765 6801 6766
f 6798 6803 6765
f 6765 6803 6802
f 6804 6803 6799
f 6799 6803 6798
f 6805 6806 6804
f 6804 6806 6803
f 6807 6799 6754
f 6754 6799 6752
f 6808 6804 6807
f 6807 6804 6799
f 6809 6805 6808
f 6808 6805 6804
f 6810 6811 6805
f 6805 6811 6806
f 6812 6813 6810
f 6810 6813 6811
f 6814 6815 6796
f 6796 6815 6797
f 6813 6814 6816
f 6816 6814 6817
f 6816 6818 6813
f 6813 6818 6811
f 6819 6806 6818
f 6818 6806 6811
f 6802 6803 6819
f 6819 6803 6806
f 6757 6749 6820
f 6820 6749 6770
f 6820 6770 6821
f 6821 6770 6773
f 6821 6773 6822
f 6822 6773 6775
f 6822 6775 6823
f 6823 6775 6778
f 6824 6823 6777
f 6777 6823 6778
f 6784 6825 6777
f 6777 6825 6824
f 6826 6827 6788
f 6788 6827 6783
f 6828 6826 6790
f 6790 6826 6788
f 6829 6828 6797
f 6797 6828 6790
f 6815 6830 6797
f 6797 6830 6829
f 6832 6812 6831
f 6831 6812 6810
f 6831 6810 6809
f 6809 6810 6805
f 6736 6800 6735
f 6735 6800 6801
f 6733 6735 6802
f 6802 6735 6801
f 6734 6733 6819
f 6819 6733 6802
f 6833 6734 6818
f 6818 6734 6819
f 6834 6833 6816
f 6816 6833 6818
f 6816 6817 6834
f 6834 6817 6835
f 6837 6795 6836
f 6836 6795 6794
f 6836 6794 6731
f 6731 6794 6793
f 6732 6731 6791
f 6791 6731 6793
f 6791 6792 6732
f 6732 6792 6730
f 6729 6728 6781
f 6781 6728 6782
f 6838 6807 6756
f 6756 6807 6754
f 6839 6838 6760
f 6760 6838 6756
f 6840 6839 6762
f 6762 6839 6760
f 6841 6840 6764
f 6764 6840 6762
f 6820 6841 6757
f 6757 6841 6764
f 6841 6820 6842
f 6842 6820 6821
f 6840 6841 6843
f 6843 6841 6842
f 6839 6840 6844
f 6844 6840 6843
f 6838 6839 6845
f 6845 6839 6844
f 6807 6838 6808
f 6808 6838 6845
f 6842 6821 6846
f 6846 6821 6822
f 6843 6842 6847
f 6847 6842 6846
f 6844 6843 6848
f 6848 6843 6847
f 6845 6844 6849
f 6849 6844 6848
f 6808 6845 6809
f 6809 6845 6849
f 6850 6831 6849
f 6849 6831 6809
f 6851 6850 6848
f 6848 6850 6849
f 6847 6852 6848
f 6848 6852 6851
f 6853 6852 6846
f 6846 6852 6847
f 6846 6822 6853
f 6853 6822 6823
f 6853 6823 6854
f 6854 6823 6824
f 6854 6855 6853
f 6853 6855 6852
f 6856 6851 6855
f 6855 6851 6852
f 6856 6857 6851
f 6851 6857 6850
f 6857 6832 6850
f 6850 6832 6831
f 6825 6858 6824
f 6824 6858 6854
f 6860 6827 6859
f 6859 6827 6826
f 6859 6826 6861
f 6861 6826 6828
f 6862 6861 6829
f 6829 6861 6828
f 6830 6863 6829
f 6829 6863 6862
f 6863 6864 6862
f 6862 6864 6865
f 6858 6866 6854
f 6854 6866 6855
f 6867 6865 6866
f 6866 6865 6864
f 6869 6859 6868
f 6868 6859 6861
f 6867 6869 6865
f 6865 6869 6868
f 6861 6862 6868
f 6868 6862 6865
f 6867 6860 6869
f 6869 6860 6859
f 6753 6751 6698
f 6698 6751 6695
f 6697 6755 6698
f 6698 6755 6753
f 6759 6755 6702
f 6702 6755 6697
f 6761 6759 6708
f 6708 6759 6702
f 6763 6761 6712
f 6712 6761 6708
f 6758 6763 6717
f 6717 6763 6712
f 6750 6758 6716
f 6716 6758 6717
f 6719 6748 6716
f 6716 6748 6750
f 6714 6746 6719
f 6719 6746 6748
f 6705 6744 6714
f 6714 6744 6746
f 6704 6742 6705
f 6705 6742 6744
f 6740 6742 6693
f 6693 6742 6704
f 6737 6740 6692
f 6692 6740 6693
f 6751 6737 6695
f 6695 6737 6692
f 6601 6602 6836
f 6836 6602 6837
f 6604 6601 6731
f 6731 6601 6836
f 6599 6600 6834
f 6834 6600 6833
f 6834 6835 6599
f 6599 6835 6611
f 6600 6610 6833
f 6833 6610 6734
f 6780 6771 6870
f 6870 6771 6736
f 6736 6771 6800
f 6870 6729 6780
f 6780 6729 6781
f 6608 6729 6609
f 6609 6729 6870
f 6609 6870 6726
f 6726 6870 6736
f 5014 5015 5229
f 5229 5015 5230
f 4258 5015 4259
f 4259 5015 4878
f 3471 3013 4703
f 4703 3013 4704
f 2879 6337 1306
f 1306 6337 4785
f 829 3471 4316
f 4316 3471 4703
f 4702 3472 5223
f 5223 3472 1756
f 6871 6872 4534
f 4534 6872 4535
f 6871 4665 6872
f 6872 4665 4844
f 6871 6873 4665
f 4665 6873 4559
f 6871 4534 6873
f 6873 4534 4542
f 4153 4152 4822
f 4822 4152 4407
f 4152 4168 4407
f 4407 4168 4342
f 4343 4168 4923
f 4923 4168 4167
f 4363 4362 4972
f 4972 4362 4840
f 4362 4394 4840
f 4840 4394 4839
f 4401 4400 4986
f 4986 4400 4984
f 4435 4434 4841
f 4841 4434 4842
f 4506 4505 4530
f 4530 4505 4531
f 4506 4535 4507
f 4507 4535 4843
f 4661 4660 4516
f 4516 4660 4517
f 4673 4672 4937
f 4937 4672 6547
f 4400 4924 4984
f 4984 4924 5263
f 4673 4660 4674
f 4674 4660 4659
f 4505 4661 4531
f 4531 4661 4516
f 4952 4401 6874
f 6874 4401 4986
f 4954 4153 6875
f 6875 4153 4822
f 4363 4973 4364
f 4364 4973 4974
f 5264 4924 5267
f 5267 4924 4691
f 6293 6292 6876
f 6876 6292 6877
f 6380 4343 6387
f 6387 4343 4923
f 4394 4435 4839
f 4839 4435 4841
f 4672 4434 6547
f 6547 4434 4433
f 4973 6556 4974
f 4974 6556 6878
f 6567 6380 6574
f 6574 6380 6387
f 6292 4954 6877
f 6877 4954 6875
f 6567 5264 6568
f 6568 5264 5267
f 4145 4144 4154
f 4154 4144 4151
f 4194 4144 4425
f 4425 4144 4143
f 4355 4354 5263
f 5263 4354 4984
f 4360 4359 4364
f 4364 4359 4361
f 4444 4359 4392
f 4392 4359 4337
f 4447 4446 4432
f 4432 4446 4433
f 4464 4463 6547
f 6547 4463 4937
f 4519 4518 4654
f 4654 4518 4509
f 4533 4532 4499
f 4499 4532 4498
f 4533 4542 4530
f 4530 4542 4534
f 4519 4532 4516
f 4516 4532 4531
f 4922 4194 4426
f 4426 4194 4425
f 4463 4518 4937
f 4937 4518 4517
f 6555 4951 6874
f 6874 4951 6878
f 4958 4957 6290
f 6290 4957 6291
f 4334 4360 4712
f 4712 4360 4950
f 4985 4354 4419
f 4419 4354 4353
f 5262 4355 5265
f 5265 4355 5263
f 6294 4958 4804
f 4804 4958 6290
f 6386 4922 6384
f 6384 4922 4426
f 4444 4447 4393
f 4393 4447 4432
f 4464 4446 4465
f 4465 4446 4445
f 4985 6555 4986
f 4986 6555 6874
f 6573 6386 6571
f 6571 6386 6384
f 4145 6294 4146
f 4146 6294 4804
f 6573 5262 6574
f 6574 5262 5265
f 4542 4541 6873
f 6873 4541 4559
f 4535 6872 4843
f 4843 6872 4844
f 4104 4103 6879
f 6879 4103 6343
f 4105 6293 6307
f 6307 6293 6876
f 4104 4956 4105
f 4105 4956 6293
f 4956 4104 4957
f 4957 4104 6879
f 4957 6879 6291
f 6291 6879 6309
f 4648 4988 4649
f 4649 4988 4953
f 4802 4803 4928
f 4928 4803 6550
f 6550 4803 6555
f 6555 4803 4951
f 1516 3173 4987
f 4987 3173 5006
f 6519 6518 6558
f 6558 6518 6510
f 6527 6519 6559
f 6559 6519 6558
f 6528 6560 6529
f 6529 6560 6541
f 6548 4625 6549
f 6549 4625 4624
f 6551 6552 4746
f 4746 6552 6505
f 6553 4711 6554
f 6554 4711 4710
f 4802 6551 4713
f 4713 6551 4746
f 6556 4973 4649
f 4649 4973 4646
f 6557 4949 6548
f 6548 4949 4625
f 4648 4647 6553
f 6553 4647 4711
f 6549 4624 4987
f 4987 4624 4838
f 6552 6518 6505
f 6505 6518 6507
f 6561 4372 6529
f 6529 4372 6514
f 6562 4369 6561
f 6561 4369 4372
f 3142 3482 6562
f 6562 3482 4369
f 6556 4952 6878
f 6878 4952 6874
f 4951 4950 6878
f 6878 4950 4974
f 3168 440 3952
f 4204 4203 5341
f 5341 4203 6364
f 4219 4222 6429
f 6429 4222 4383
f 4319 4322 6506
f 6506 4322 4747
f 4340 4714 4341
f 4341 4714 4384
f 4375 4377 6388
f 6388 4377 6546
f 4378 4381 6311
f 6311 4381 4720
f 4449 4341 4387
f 4387 4341 4384
f 4473 4472 4477
f 4477 4472 4474
f 4492 4491 4487
f 4487 4491 4488
f 4523 4491 4522
f 4522 4491 4490
f 4492 4538 4493
f 4493 4538 4555
f 4538 4553 4555
f 4555 4553 4556
f 4620 4615 4621
f 4621 4615 4618
f 4652 4651 4368
f 4368 4651 4365
f 4523 4655 4524
f 4524 4655 4656
f 4553 4667 4556
f 4556 4667 4571
f 4651 1210 4365
f 4365 1210 1209
f 4698 4697 5223
f 5223 4697 6344
f 4340 4339 4322
f 4322 4339 4747
f 4726 4729 5287
f 5287 4729 4198
f 4381 4380 4737
f 4737 4380 6368
f 4836 4835 4451
f 4451 4835 4709
f 4910 6367 4911
f 4911 6367 6366
f 4912 4915 6450
f 6450 4915 6449
f 4927 4836 4450
f 4450 4836 4451
f 4930 4929 4439
f 4439 4929 4436
f 4936 4935 4459
f 4459 4935 4456
f 4473 4655 4470
f 4470 4655 4510
f 4942 4583 4943
f 4943 4583 4572
f 4948 4601 4947
f 4947 4601 4584
f 4949 4835 4625
f 4625 4835 4626
f 4966 4969 6289
f 6289 4969 4695
f 4971 4652 4926
f 4926 4652 4368
f 4203 4977 6364
f 6364 4977 6365
f 4990 4989 4443
f 4443 4989 4440
f 4990 4991 4478
f 4478 4991 4512
f 4992 4991 4528
f 4528 4991 4515
f 4992 4993 4527
f 4527 4993 4485
f 4994 4993 4502
f 4502 4993 4503
f 4994 4995 4482
f 4482 4995 4550
f 4543 4996 4544
f 4544 4996 4995
f 4999 4998 4567
f 4567 4998 4578
f 5000 4998 4575
f 4575 4998 4997
f 5002 5001 4592
f 4592 5001 4574
f 5003 5004 4614
f 4614 5004 4611
f 3483 4215 1755
f 1755 4215 4698
f 5274 5277 4195
f 4195 5277 4223
f 4726 5295 4727
f 4727 5295 6350
f 5309 5342 5310
f 5310 5342 6363
f 5315 5314 5316
f 5316 5314 5317
f 5339 6362 5340
f 5340 6362 5363
f 5310 6363 5339
f 5339 6363 6362
f 4204 5309 4201
f 4201 5309 5308
f 4915 5345 6449
f 6449 5345 6448
f 5345 5315 6448
f 6448 5315 5316
f 5348 5347 6351
f 6351 5347 6352
f 5365 4263 5340
f 5340 4263 4262
f 6295 6298 4733
f 4733 6298 4734
f 4969 6306 4695
f 4695 6306 4696
f 6306 4378 4696
f 4696 4378 6311
f 6369 6372 6544
f 6544 6372 6545
f 4375 6390 4373
f 4373 6390 4374
f 6421 6422 4911
f 4911 6422 4908
f 4910 4909 4737
f 4737 4909 4736
f 5277 4219 4223
f 4223 4219 6429
f 4697 4222 6344
f 6344 4222 4221
f 6436 6361 6437
f 6437 6361 6360
f 6438 6440 6437
f 6437 6440 6434
f 6438 6359 6441
f 6441 6359 6358
f 6442 6441 6357
f 6357 6441 6358
f 6442 6444 6443
f 6443 6444 6445
f 6446 6444 6355
f 6355 6444 6356
f 6446 4912 6447
f 6447 4912 6450
f 6436 6435 5365
f 5365 6435 4263
f 5314 5347 5317
f 5317 5347 5346
f 4319 6512 4320
f 4320 6512 6513
f 6520 6512 6521
f 6521 6512 6508
f 6528 6520 6527
f 6527 6520 6521
f 6532 6539 6533
f 6533 6539 6535
f 6533 6535 6537
f 6537 6535 6534
f 6538 6543 6537
f 6537 6543 6536
f 6295 4377 6296
f 6296 4377 4376
f 4989 4930 4440
f 4440 4930 4439
f 4927 4929 4422
f 4422 4929 4455
f 4449 4936 4388
f 4388 4936 4459
f 4472 4935 4474
f 4474 4935 4932
f 4942 4940 4947
f 4947 4940 4939
f 5001 5000 4574
f 4574 5000 4575
f 4669 4943 4666
f 4666 4943 4667
f 4996 4999 4547
f 4547 4999 4567
f 4948 4946 4620
f 4620 4946 4615
f 5003 5002 4591
f 4591 5002 4592
f 6557 4971 6554
f 6554 4971 4926
f 6532 6560 6539
f 6539 6560 6559
f 6390 6372 4374
f 4374 6372 6371
f 4966 6298 4967
f 4967 6298 6297
f 6538 6526 6369
f 6369 6526 6370
f 6585 6589 4621
f 4621 6589 4619
f 6597 6578 6598
f 6598 6578 6577
f 6606 6583 6607
f 6607 6583 6603
f 6611 6602 6598
f 6598 6602 6596
f 6585 6584 6606
f 6606 6584 6583
f 6597 6580 5004
f 5004 6580 4611
f 6607 6603 6730
f 6730 6603 6732
f 6776 6785 6777
f 6777 6785 6784
f 6785 6776 6792
f 6792 6776 6782
f 6815 6814 6812
f 6812 6814 6813
f 6817 6814 6795
f 6795 6814 6796
f 6825 6784 6827
f 6827 6784 6783
f 6830 6815 6832
f 6832 6815 6812
f 6817 6795 6835
f 6835 6795 6837
f 6792 6782 6730
f 6730 6782 6728
f 6858 6825 6860
f 6860 6825 6827
f 6863 6830 6857
f 6857 6830 6832
f 6864 6863 6856
f 6856 6863 6857
f 6866 6858 6867
f 6867 6858 6860
f 6866 6864 6855
f 6855 6864 6856
f 6835 6837 6611
f 6611 6837 6602
f 6560 6528 6559
f 6559 6528 6527
f 4949 6557 4710
f 4710 6557 6554
f 4430 4090 4175
f 4175 4090 4089
f 4777 4113 4155
f 4155 4113 4086
f 4175 4089 4176
f 4176 4089 4142
f 4199 4271 4200
f 4200 4271 4798
f 4199 4095 4272
f 4272 4095 5273
f 4406 4405 4404
f 4404 4405 4346
f 4410 4409 6877
f 6877 4409 6876
f 4409 4413 6876
f 6876 4413 6307
f 4415 4148 4416
f 4416 4148 4147
f 4690 4405 4344
f 4344 4405 4342
f 4693 4692 4352
f 4352 4692 4349
f 4701 4700 6337
f 6337 4700 6338
f 4778 4777 4081
f 4081 4777 4155
f 4821 4406 4809
f 4809 4406 4404
f 4176 4142 4181
f 4181 4142 4415
f 4760 4970 4399
f 4399 4970 4692
f 4200 5007 4096
f 4096 5007 4078
f 5266 4693 5269
f 5269 4693 4352
f 5270 5007 5361
f 5361 5007 4797
f 4778 5270 4779
f 4779 5270 5361
f 6285 4410 6875
f 6875 4410 6877
f 6308 4413 4687
f 4687 4413 4412
f 6480 6320 6481
f 6481 6320 6880
f 4701 2878 4702
f 4702 2878 3472
f 6339 6347 6340
f 6340 6347 6348
f 6341 6342 6346
f 6346 6342 6345
f 4416 6308 4414
f 4414 6308 4687
f 6385 4690 6381
f 6381 4690 4344
f 5282 6341 5280
f 5280 6341 6339
f 4700 6342 6338
f 6338 6342 5281
f 6340 6348 4272
f 4272 6348 4270
f 6480 6479 4828
f 4828 6479 4829
f 6490 6479 6489
f 6489 6479 6478
f 4090 4430 6490
f 6490 4430 4429
f 6563 6564 4970
f 4970 6564 4815
f 4694 6566 4366
f 4366 6566 6563
f 6572 6385 6568
f 6568 6385 6381
f 4821 6285 4822
f 4822 6285 6875
f 6572 5266 6569
f 6569 5266 5269
f 3482 3103 4369
f 4369 3103 4370
f 3121 4730 3485
f 3485 4730 4327
f 6277 6280 6273
f 6273 6280 6272
f 6267 6276 6278
f 6278 6276 6279
f 6278 6279 6277
f 6277 6279 6280
f 6279 6256 6280
f 6280 6256 6255
f 6256 3857 6255
f 6255 3857 3754
f 3857 3856 3754
f 3754 3856 3755
f 3856 3703 3755
f 3755 3703 3863
f 3703 3702 3863
f 3863 3702 3759
f 3702 3706 3759
f 3759 3706 3670
f 3706 3705 3670
f 3670 3705 3668
f 3705 3773 3668
f 3668 3773 3882
f 3882 3773 3883
f 3883 3773 3707
f 3707 3708 3883
f 3883 3708 3880
f 3708 3710 3880
f 3880 3710 3881
f 3709 5241 3710
f 3710 5241 3881
f 5241 3709 5234
f 5234 3709 3786
f 3693 3712 3786
f 3786 3712 5234
f 4051 4055 4052
f 4052 4055 4056
f 4056 4055 4057
f 4057 4055 4054
f 4066 5238 5236
f 5236 5238 3989
f 4066 4069 5238
f 5238 4069 4035
f 6881 3962 3960
f 3960 3962 3957
f 6883 4070 6882
f 6882 4070 3941
f 4070 6883 4071
f 4071 6883 6884
f 4071 6884 4072
f 4072 6884 6885
f 6885 6886 4072
f 4072 6886 4031
f 3955 6881 3956
f 3956 6881 3960
f 6884 3991 6885
f 6885 3991 3990
f 6883 6887 6884
f 6884 6887 3991
f 6887 6888 3991
f 3991 6888 3992
f 6888 6887 6889
f 6889 6887 6890
f 6887 6883 6890
f 6890 6883 6882
f 4058 5240 3953
f 3953 5240 3954
f 5236 6888 5239
f 5239 6888 6889
f 5237 6886 3990
f 3990 6886 6885
f 4034 4031 5237
f 5237 4031 6886
f 6881 6882 3962
f 3962 6882 3941
f 6881 3955 6882
f 6882 3955 6890
f 3955 3954 6890
f 6890 3954 6889
f 5239 6889 5240
f 5240 6889 3954
f 6888 5236 3992
f 3992 5236 3989
f 3869 3868 3888
f 3888 3868 4015
f 3868 4012 4015
f 4015 4012 4010
f 4012 4022 4010
f 4010 4022 4009
f 4022 4021 4009
f 4009 4021 4018
f 4020 3974 4001
f 4001 3974 3996
f 4021 4020 4029
f 4029 4020 4001
f 4085 4156 4086
f 4086 4156 4155
f 4113 4777 4114
f 4114 4777 4776
f 4130 4129 4094
f 4094 4129 4091
f 4139 4773 4140
f 4140 4773 4772
f 4149 4178 4150
f 4150 4178 5225
f 4160 4159 4087
f 4087 4159 4088
f 4149 4148 4179
f 4179 4148 4141
f 4085 4084 4183
f 4183 4084 6315
f 4179 4141 4159
f 4159 4141 4088
f 4192 4130 4162
f 4162 4130 4094
f 4197 5288 4198
f 4198 5288 5287
f 4229 4766 4230
f 4230 4766 4771
f 4245 4246 4242
f 4242 4246 4249
f 4183 6315 4418
f 4418 6315 6314
f 4679 4178 4680
f 4680 4178 4177
f 4724 4798 4725
f 4725 4798 4271
f 4728 5275 4729
f 4729 5275 5274
f 4230 4771 4249
f 4249 4771 4242
f 4724 4723 4799
f 4799 4723 5355
f 4823 4824 4891
f 4891 4824 6327
f 4823 4192 4161
f 4161 4192 4162
f 4893 4767 4229
f 4229 4767 4766
f 4894 4895 4898
f 4898 4895 4899
f 4106 4150 4103
f 4103 4150 5225
f 4680 4894 4677
f 4677 4894 4898
f 6420 4977 5301
f 5301 4977 4976
f 4679 4678 5226
f 5226 4678 4427
f 5228 5008 4893
f 4893 5008 4767
f 5285 6354 5286
f 5286 6354 5343
f 5289 5352 5290
f 5290 5352 5349
f 5290 5349 5295
f 5295 5349 5348
f 5302 5299 4202
f 4202 5299 4976
f 4725 4271 5311
f 5311 4271 4270
f 5325 4723 5326
f 5326 4723 4722
f 5335 5355 5325
f 5325 5355 4723
f 5326 4722 5286
f 5286 4722 5283
f 4799 5357 4797
f 4797 5357 5361
f 5359 5356 5335
f 5335 5356 5355
f 4775 4774 5356
f 5356 4774 5357
f 5359 5358 4092
f 4092 5358 4093
f 6316 4740 6317
f 6317 4740 4739
f 6318 4827 6316
f 6316 4827 4740
f 6319 4828 6318
f 6318 4828 4827
f 6320 6480 6319
f 6319 6480 4828
f 6484 6322 6485
f 6485 6322 6321
f 6487 6324 6331
f 6331 6324 6323
f 6331 6323 6330
f 6330 6323 6325
f 6325 6326 6330
f 6330 6326 6329
f 6326 6328 6329
f 6329 6328 5231
f 4824 4685 5228
f 5228 4685 5008
f 5226 6343 5225
f 5225 6343 4103
f 4728 4727 6349
f 6349 4727 5284
f 6350 6351 5285
f 5285 6351 6354
f 4247 4246 6418
f 6418 4246 6365
f 6400 6402 6401
f 6401 6402 6459
f 4197 4196 6409
f 6409 4196 6426
f 6412 4897 6328
f 6328 4897 5231
f 6413 4133 6412
f 6412 4133 4897
f 6414 4134 6413
f 6413 4134 4133
f 6415 4225 6414
f 6414 4225 4134
f 6416 4252 6415
f 6415 4252 4225
f 6417 4253 6416
f 6416 4253 4252
f 4253 6417 6366
f 6366 6417 6419
f 6366 6419 4911
f 4911 6419 6421
f 6422 6423 4908
f 4908 6423 5298
f 5298 6423 6396
f 6396 6423 6424
f 6409 6426 6425
f 6425 6426 6397
f 5300 5299 6399
f 6399 5299 6400
f 6465 6408 6401
f 6401 6408 6398
f 6424 6399 6425
f 6425 6399 6398
f 6349 5284 5311
f 5311 5284 5283
f 6465 6464 5289
f 5289 6464 5352
f 6488 6483 6492
f 6492 6483 6482
f 6486 6491 6482
f 6482 6491 6492
f 6491 4895 6492
f 6492 4895 4157
f 6488 4160 6489
f 6489 4160 4087
f 6501 6502 4418
f 4418 6502 4417
f 6504 6500 6317
f 6317 6500 6314
f 3497 3496 6501
f 6501 3496 6502
f 3499 3498 6504
f 6504 3498 6500
f 4729 5274 4198
f 4198 5274 4195
f 6418 6365 6420
f 6420 6365 4977
f 5295 5348 6350
f 6350 5348 6351
f 5301 6422 6420
f 6420 6422 6421
f 4113 4112 4086
f 4086 4112 4083
f 6320 4112 6880
f 6880 4112 4111
f 4091 4772 4092
f 4092 4772 4775
f 4129 4140 4091
f 4091 4140 4772
f 4137 4140 4128
f 4128 4140 4129
f 4128 6324 4137
f 4137 6324 6321
f 6324 6487 6321
f 6321 6487 6485
f 6487 6486 6485
f 6485 6486 6482
f 4774 4773 4779
f 4779 4773 4776
f 4773 4139 4776
f 4776 4139 4114
f 4139 4138 4114
f 4114 4138 4111
f 4138 6322 4111
f 4111 6322 6880
f 6322 6484 6880
f 6880 6484 6481
f 6484 6483 6481
f 6481 6483 6478
f 6879 6343 6309
f 6309 6343 4428
f 4106 4105 4900
f 4900 4105 6307
f 3500 3167 6495
f 6495 3167 6496
f 3500 6495 3070
f 3070 6495 5368
f 3502 5235 3501
f 3501 5235 4813
f 3024 3503 6473
f 6473 3503 6474
f 3503 3023 6474
f 6474 3023 6374
f 3504 1770 4348
f 4348 1770 4345
f 3502 3505 5235
f 5235 3505 4810
f 3498 3497 6500
f 6500 3497 6501
f 3496 3075 6502
f 6502 3075 6275
f 6299 4254 3174
f 3174 4254 3017
f 1769 3501 4814
f 4814 3501 4813
f 3506 3018 6476
f 6476 3018 4257
f 3507 3499 6499
f 6499 3499 6504
f 3030 4216 3483
f 3483 4216 4215
f 3077 3507 6333
f 6333 3507 6499
f 1784 3160 5249
f 5249 3160 6523
f 3015 3506 4240
f 4240 3506 6476
f 3508 3504 6383
f 6383 3504 4348
f 3509 3016 6477
f 6477 3016 4239
f 3028 3509 6467
f 6467 3509 6477
f 3022 1785 5246
f 5246 1785 5247
f 3161 3508 6570
f 6570 3508 6383
f 3150 3149 4694
f 4694 3149 6566
f 1327 4807 3510
f 3510 4807 4811
f 3510 4811 3505
f 3505 4811 4810
f 3146 3511 4816
f 4816 3511 4350
f 3511 1808 4350
f 4350 1808 4351
f 3485 4327 3159
f 3159 4327 4330
f 1326 3512 4806
f 4806 3512 6310
f 3512 1331 6310
f 6310 1331 4688
