v 1.00030016899109 1.39297091960907 0.475304752588272
v 1.00297904014587 1.3782833814621 0.467552840709686
v 0.995117962360382 1.37539315223694 0.479738473892212
v 0.99344390630722 1.38642013072968 0.489729225635529
v 0.996473431587219 1.36578190326691 0.473296761512756
v 1.00429475307465 1.3665691614151 0.463746905326843
v 0.991419196128845 1.36980664730072 0.491676419973373
v 0.989981770515442 1.37739872932434 0.502889573574066
v 0.988261640071869 1.33496248722076 0.506148040294647
v 0.987297415733337 1.33058643341064 0.517025411128998
v 0.987618327140808 1.34316074848175 0.514922916889191
v 0.989770472049713 1.34398293495178 0.504444539546967
v 0.989283323287964 1.30886948108673 0.51025128364563
v 0.992073893547058 1.29902601242065 0.500905632972717
v 0.992803454399109 1.29028534889221 0.511460542678833
v 0.991417586803436 1.29962921142578 0.521496117115021
v 1.01601886749268 1.31051516532898 0.467719972133636
v 1.01089286804199 1.3041912317276 0.470660924911499
v 1.00757384300232 1.31122612953186 0.47225683927536
v 1.01344501972198 1.31670594215393 0.469322353601456
v 1.02312016487122 1.31964659690857 0.458474814891815
v 1.02336549758911 1.32529449462891 0.461657464504242
v 1.02652287483215 1.32870697975159 0.455151557922363
v 1.02514600753784 1.32234239578247 0.451279699802399
v 1.02081143856049 1.30488276481628 0.466177046298981
v 1.01554894447327 1.29838240146637 0.46978771686554
v 1.0201108455658 1.31593942642212 0.464509814977646
v 1.02121555805206 1.31130051612854 0.462073653936386
v 1.0203994512558 1.30459475517273 0.451388537883759
v 1.01951849460602 1.30949854850769 0.453078806400299
v 1.02059590816498 1.31018829345703 0.445476770401001
v 1.02185463905334 1.30465292930603 0.445915043354034
v 1.02059650421143 1.30426836013794 0.461283177137375
v 1.0193018913269 1.30723690986633 0.458630800247192
v 1.02082169055939 1.30319309234619 0.45576411485672
v 1.02319896221161 1.30105769634247 0.458527415990829
v 1.02269673347473 1.31509792804718 0.455871522426605
v 1.0233701467514 1.31664872169495 0.448207795619965
v 1.02493226528168 1.31766819953918 0.44022735953331
v 1.02252161502838 1.30937433242798 0.43756490945816
v 1.00233054161072 1.2912917137146 0.481166183948517
v 1.00581550598145 1.2978777885437 0.475146055221558
v 1.01052343845367 1.29278600215912 0.473634213209152
v 1.00689017772675 1.2874960899353 0.478264391422272
v 1.02305161952972 1.2982040643692 0.46227440237999
v 1.01897919178009 1.2825779914856 0.464385628700256
v 1.01875877380371 1.28640389442444 0.464035183191299
v 1.02311027050018 1.28680515289307 0.458278119564056
v 1.02275991439819 1.28326320648193 0.458969056606293
v 1.00025582313538 1.2775182723999 0.492377758026123
v 1.00414574146271 1.27591145038605 0.486219525337219
v 1.00446796417236 1.2690976858139 0.489354848861694
v 1.0014853477478 1.26929795742035 0.49658328294754
v 1.00678825378418 1.26306092739105 0.489930808544159
v 1.00361239910126 1.2612646818161 0.499518513679504
v 1.01164698600769 1.24644827842712 0.49705708026886
v 1.00749814510345 1.25296449661255 0.498704552650452
v 1.0099949836731 1.2571165561676 0.48849618434906
v 1.01367497444153 1.25157403945923 0.484015077352524
v 1.02221059799194 1.25551068782806 0.471625000238419
v 1.02665507793427 1.25381708145142 0.467281401157379
v 1.02273058891296 1.24182856082916 0.471604704856873
v 1.01804232597351 1.24583160877228 0.477195024490356
v 1.0206550359726 1.27683281898499 0.46883299946785
v 1.01797604560852 1.27722907066345 0.472735822200775
v 1.01693499088287 1.27863943576813 0.470563590526581
v 1.01960301399231 1.27938735485077 0.46602275967598
v 1.01531851291656 1.27725553512573 0.475754052400589
v 1.01401650905609 1.27709817886353 0.47701632976532
v 1.0138019323349 1.27834749221802 0.475692629814148
v 1.01521444320679 1.27794718742371 0.475102484226227
v 1.01681554317474 1.27743065357208 0.473936915397644
v 1.01755583286285 1.27542352676392 0.473350048065186
v 1.01597249507904 1.27636659145355 0.475050926208496
v 1.01982867717743 1.27428829669952 0.469583868980408
v 1.02861893177032 1.27094662189484 0.458073556423187
v 1.02546083927155 1.27171301841736 0.460519909858704
v 1.02726888656616 1.27614808082581 0.460652589797974
v 1.0300304889679 1.27577388286591 0.458588898181915
v 1.01485848426819 1.28004789352417 0.473324358463287
v 1.01253414154053 1.28173434734344 0.474424660205841
v 1.01486670970917 1.28417015075684 0.469798386096954
v 1.01618993282318 1.28134393692017 0.4701207280159
v 1.01015746593475 1.2838249206543 0.475564479827881
v 1.01193797588348 1.2797018289566 0.477026283740997
v 1.00933396816254 1.28062963485718 0.478718996047974
v 1.01459455490112 1.27532362937927 0.477004766464233
v 1.01258528232574 1.27385902404785 0.479534924030304
v 1.01165533065796 1.27651488780975 0.47852635383606
v 1.01415455341339 1.27046227455139 0.478579819202423
v 1.01637470722198 1.2732355594635 0.475300043821335
v 1.0185329914093 1.27106726169586 0.471608459949493
v 1.0214536190033 1.2689893245697 0.466862142086029
v 1.0202214717865 1.26446211338043 0.470942258834839
v 1.01670038700104 1.26719665527344 0.47536689043045
v 1.0134197473526 1.28821659088135 0.471021354198456
v 1.00840902328491 1.2761538028717 0.481890171766281
v 1.00524377822876 1.28258490562439 0.482513278722763
v 1.00893700122833 1.2714102268219 0.483360379934311
v 1.01084625720978 1.26675367355347 0.483254849910736
v 1.01392459869385 1.26243782043457 0.480812966823578
v 1.01782727241516 1.25864553451538 0.476262301206589
v 1.0241562128067 1.23362243175507 0.483896017074585
v 1.01778781414032 1.23918724060059 0.489694714546204
v 1.00681853294373 1.35868918895721 0.465653479099274
v 0.999630749225616 1.35863983631134 0.471745193004608
v 1.0007266998291 1.35100317001343 0.476698458194733
v 0.99893981218338 1.35343790054321 0.477339565753937
v 1.00294148921967 1.35456442832947 0.472405254840851
v 1.00386929512024 1.35182881355286 0.473056584596634
v 0.993332982063293 1.34518671035767 0.496663004159927
v 0.996305823326111 1.34647965431213 0.490399658679962
v 0.996391713619232 1.34284234046936 0.492124736309052
v 0.991832077503204 1.3387314081192 0.498251914978027
v 1.00069963932037 1.33450472354889 0.483338624238968
v 0.997870326042175 1.33616995811462 0.487869203090668
v 1.00054931640625 1.34249806404114 0.483509331941605
v 1.00255882740021 1.34127736091614 0.48014360666275
v 1.00536942481995 1.34050190448761 0.476981163024902
v 1.0089031457901 1.34029722213745 0.474275171756744
v 1.0087593793869 1.3349142074585 0.475431382656097
v 1.0045440196991 1.33431589603424 0.478980600833893
v 1.00881028175354 1.35525560379028 0.46897953748703
v 1.01567077636719 1.35419654846191 0.466533541679382
v 1.01471042633057 1.35126614570618 0.468326210975647
v 1.00880408287048 1.35215592384338 0.469864368438721
v 1.02579462528229 1.34439206123352 0.469891130924225
v 1.0243524312973 1.34690034389496 0.469152271747589
v 1.02731621265411 1.34805083274841 0.466693133115768
v 1.02835440635681 1.34359157085419 0.467563807964325
v 1.02605605125427 1.34067916870117 0.468432307243347
v 1.02441906929016 1.34281837940216 0.470033943653107
v 1.01028180122375 1.41410982608795 0.472494781017303
v 1.01085114479065 1.39728260040283 0.46374773979187
v 0.999489843845367 1.40843772888184 0.488780558109283
v 0.99402904510498 1.39813661575317 0.503198623657227
v 0.989389479160309 1.38515245914459 0.515749156475067
v 0.996173679828644 1.28258728981018 0.501165270805359
v 0.996897101402283 1.27389705181122 0.508170962333679
v 0.994103252887726 1.2823201417923 0.52154928445816
v 0.997626423835754 1.27219426631927 0.526179552078247
v 0.999961018562317 1.26365864276886 0.51180362701416
v 1.01288616657257 1.24440693855286 0.511132001876831
v 1.00526905059814 1.25309944152832 0.512902140617371
v 1.00384902954102 1.26213109493256 0.530426442623138
v 1.00226879119873 1.27583229541779 0.546513080596924
v 0.996698915958405 1.28279566764832 0.539394795894623
v 1.00307178497314 1.29217743873596 0.558141231536865
v 1.0097142457962 1.26831150054932 0.55617368221283
v 1.00850343704224 1.29122626781464 0.565668404102325
v 1.02203583717346 1.23466050624847 0.549971699714661
v 1.0216920375824 1.2256828546524 0.555060088634491
v 1.01782846450806 1.23333084583282 0.571174085140228
v 1.01666474342346 1.24246311187744 0.56606137752533
v 0.993187069892883 1.29078912734985 0.532042026519775
v 0.988010942935944 1.35374510288239 0.521574974060059
v 0.988596856594086 1.35319411754608 0.509836316108704
v 0.987754821777344 1.34138941764832 0.526921331882477
v 0.994875013828278 1.41510117053986 0.53712522983551
v 0.995142042636871 1.40814661979675 0.519092559814453
v 0.989058971405029 1.39380705356598 0.528378307819366
v 0.990928888320923 1.40108704566956 0.543838977813721
v 1.01910984516144 1.44815254211426 0.51694917678833
v 1.0130170583725 1.4331728219986 0.493405938148499
v 1.00381803512573 1.42336201667786 0.505603671073914
v 1.00636625289917 1.43481802940369 0.525417864322662
v 0.9939866065979 1.40352141857147 0.55754542350769
v 0.998902916908264 1.40576374530792 0.576180756092072
v 1.00630235671997 1.42152678966522 0.579993009567261
v 0.999724626541138 1.42130279541016 0.557595252990723
v 1.02022397518158 1.4413857460022 0.581072807312012
v 1.01291143894196 1.44172072410583 0.553924441337585
v 1.01489198207855 1.2784857749939 0.575344920158386
v 1.01394331455231 1.29741823673248 0.576800346374512
v 1.01471924781799 1.25367593765259 0.559191823005676
v 1.01619529724121 1.26266229152679 0.576374113559723
v 1.03915727138519 1.45573210716248 0.577758610248566
v 1.02966701984406 1.4573175907135 0.546902358531952
v 1.02661502361298 1.38612484931946 0.619586586952209
v 1.02114176750183 1.40340328216553 0.61214292049408
v 1.00945568084717 1.39025521278381 0.599539339542389
v 1.01515007019043 1.37655544281006 0.608344554901123
v 1.04118621349335 1.39656400680542 0.630777418613434
v 1.03630113601685 1.4165655374527 0.621372401714325
v 1.03724217414856 1.33062136173248 0.618819415569305
v 1.04146432876587 1.31237196922302 0.61151111125946
v 1.05293393135071 1.31451272964478 0.620330214500427
v 1.04974365234375 1.33275234699249 0.629147469997406
v 0.992384552955627 1.36304545402527 0.483030647039413
v 0.99514365196228 1.35694718360901 0.47853147983551
v 0.993539333343506 1.35417425632477 0.485409498214722
v 0.991186559200287 1.35844743251801 0.491900265216827
v 0.989696085453033 1.36231482028961 0.5017169713974
v 0.988726615905762 1.36650133132935 0.513506650924683
v 0.988809823989868 1.38100922107697 0.537058174610138
v 0.990259945392609 1.38905763626099 0.550477862358093
v 0.996387481689453 1.39202117919922 0.574788749217987
v 0.992223978042603 1.39075100421906 0.560967326164246
v 1.00467324256897 1.37726151943207 0.593370497226715
v 1.00832724571228 1.36842608451843 0.599116921424866
v 1.01960968971252 1.30898916721344 0.589912056922913
v 1.02351367473602 1.2872154712677 0.589491009712219
v 1.0343269109726 1.29155325889587 0.60018914937973
v 1.03087186813354 1.31105804443359 0.602280855178833
v 1.05490326881409 1.29518866539001 0.614907681941986
v 1.04526841640472 1.2939600944519 0.608015120029449
v 1.02637505531311 1.25464272499084 0.594629526138306
v 1.02776062488556 1.24200463294983 0.600672125816345
v 1.03683388233185 1.24604249000549 0.613599538803101
v 1.03632020950317 1.25804758071899 0.606310427188873
v 1.04705202579498 1.24703240394592 0.62295937538147
v 1.05879640579224 1.24746060371399 0.627148568630219
v 1.05800294876099 1.26241183280945 0.620895564556122
v 1.04771840572357 1.26135408878326 0.615502059459686
v 1.03805541992188 1.21460819244385 0.533767461776733
v 1.03804743289948 1.20726680755615 0.537682175636292
v 1.02858519554138 1.2117657661438 0.546799004077911
v 1.02996110916138 1.21953082084656 0.542594492435455
v 1.02782464027405 1.23164641857147 0.608209252357483
v 1.03656017780304 1.23672997951508 0.621459186077118
v 1.02536427974701 1.32796025276184 0.606520712375641
v 1.01742851734161 1.32815945148468 0.596678614616394
v 1.04613423347473 1.23707616329193 0.631037831306458
v 1.0462931394577 1.27638518810272 0.609595656394958
v 1.0357129573822 1.27309131622314 0.602250337600708
v 1.06730878353119 1.29692232608795 0.619594633579254
v 1.06621420383453 1.31682908535004 0.625547826290131
v 1.01895618438721 1.32126891613007 0.466427177190781
v 1.01811695098877 1.33731365203857 0.470916330814362
v 1.01758515834808 1.34133219718933 0.470926463603973
v 1.02154672145844 1.34206557273865 0.470272660255432
v 1.02248060703278 1.33879232406616 0.469628155231476
v 1.02452051639557 1.37609469890594 0.449537754058838
v 1.02612435817719 1.35931432247162 0.451145797967911
v 1.01396191120148 1.36397874355316 0.455746710300446
v 1.01306390762329 1.37857282161713 0.457009315490723
v 0.99344527721405 1.31013345718384 0.48913437128067
v 1.00016069412231 1.31482172012329 0.479211360216141
v 1.00195729732513 1.30518364906311 0.477184683084488
v 0.997789800167084 1.29853105545044 0.484644055366516
v 0.998017072677612 1.34729385375977 0.486430048942566
v 0.996319651603699 1.3495180606842 0.486676394939423
v 0.998103141784668 1.34872198104858 0.483571290969849
v 1.00105822086334 1.28501296043396 0.486503958702087
v 0.996319234371185 1.29067754745483 0.492921352386475
v 0.988586664199829 1.32690727710724 0.528813004493713
v 0.990810215473175 1.35212397575378 0.49943545460701
v 1.03907835483551 1.45738434791565 0.505343973636627
v 1.03010821342468 1.43947601318359 0.479584246873856
v 1.05956923961639 1.46631050109863 0.570971012115479
v 1.04945290088654 1.46711993217468 0.538114905357361
v 1.05512928962708 1.42701315879822 0.627673506736755
v 1.06083500385284 1.40574479103088 0.638514637947083
v 1.07991194725037 1.41040062904358 0.642127811908722
v 1.07663142681122 1.4346387386322 0.625370979309082
v 1.06498456001282 1.33521783351898 0.634383022785187
v 1.0690735578537 1.24750590324402 0.627612829208374
v 1.06939649581909 1.26371586322784 0.62254810333252
v 1.02445137500763 1.41745460033417 0.463133156299591
v 1.0240170955658 1.3958386182785 0.453450411558151
v 0.989227414131165 1.37332534790039 0.526239335536957
v 0.987780690193176 1.32526433467865 0.50383996963501
v 0.990587711334229 1.3319399356842 0.496559798717499
v 0.991434812545776 1.32720243930817 0.492343604564667
v 0.988816261291504 1.31785571575165 0.499453604221344
v 0.988097846508026 1.3179749250412 0.514432907104492
v 0.990252077579498 1.31183588504791 0.527725458145142
v 0.993208825588226 1.30615425109863 0.542960584163666
v 0.998023509979248 1.29656052589417 0.551464557647705
v 1.00539171695709 1.40227460861206 0.591301202774048
v 1.01507484912872 1.41695618629456 0.600516319274902
v 1.02991437911987 1.43268048763275 0.604854881763458
v 1.04792213439941 1.44473123550415 0.605817139148712
v 1.00202512741089 1.39078783988953 0.587298810482025
v 1.06897008419037 1.45376634597778 0.600906908512115
v 1.02414095401764 1.29145002365112 0.458242535591125
v 1.01907444000244 1.29236435890198 0.465092837810516
v 1.02583956718445 1.29557585716248 0.457188636064529
v 1.02478742599487 1.26733660697937 0.462834596633911
v 1.02828049659729 1.26637721061707 0.46012008190155
v 1.02861785888672 1.26148080825806 0.464354038238525
v 1.02437806129456 1.26255667209625 0.467088907957077
v 1.02892577648163 1.23165202140808 0.499236583709717
v 1.02125227451324 1.23709177970886 0.505574464797974
v 1.03720653057098 1.22148787975311 0.528310477733612
v 1.0299825668335 1.22710776329041 0.537346422672272
v 1.02469289302826 1.30335795879364 0.451582551002502
v 1.02613592147827 1.30349695682526 0.450646787881851
v 1.02706623077393 1.30276012420654 0.452903747558594
v 1.02523458003998 1.30295491218567 0.453885704278946
v 1.01601254940033 1.27836668491364 0.473038256168365
v 1.02665448188782 1.28273677825928 0.45540264248848
v 1.02940905094147 1.28225517272949 0.453867137432098
v 1.02965974807739 1.27900362014771 0.455982387065887
v 1.02691125869751 1.27947974205017 0.457614004611969
v 1.0145457983017 1.25008714199066 0.532886624336243
v 1.02040243148804 1.24335336685181 0.543129622936249
v 1.01995229721069 1.23660254478455 0.585181534290314
v 1.01857757568359 1.24881649017334 0.580383896827698
v 1.02507185935974 1.26965594291687 0.590849876403809
v 1.05731773376465 1.27970457077026 0.615812838077545
v 1.06749725341797 1.27971076965332 0.619821488857269
v 1.09069049358368 1.28341579437256 0.616637825965881
v 1.09276783466339 1.29952347278595 0.617754578590393
v 1.08049869537354 1.29867625236511 0.621454238891602
v 1.07978355884552 1.28181135654449 0.620118498802185
v 1.02480971813202 1.23676443099976 0.520612299442291
v 1.03269410133362 1.23093974590302 0.512735486030579
v 1.03549993038177 1.2280445098877 0.521945118904114
v 1.02847003936768 1.23377776145935 0.530635356903076
v 1.02915799617767 1.29980933666229 0.449155122041702
v 1.02997529506683 1.29853677749634 0.447401762008667
v 1.03046178817749 1.29691123962402 0.450621962547302
v 1.02895593643188 1.29915714263916 0.451513886451721
v 1.02507889270782 1.30141890048981 0.456227838993073
v 1.02709007263184 1.30016756057739 0.455445289611816
v 1.02675974369049 1.29839563369751 0.456144690513611
v 1.02309632301331 1.30316853523254 0.451447159051895
v 1.02354669570923 1.30235624313354 0.454469442367554
v 1.02596986293793 1.30286705493927 0.445264101028442
v 1.02390801906586 1.30321323871613 0.447802662849426
v 1.02434194087982 1.30217385292053 0.440642088651657
v 1.0282998085022 1.3011953830719 0.450843513011932
v 1.02824854850769 1.30027675628662 0.452818632125854
v 1.02596116065979 1.30212020874023 0.455178916454315
v 1.0274703502655 1.30159342288971 0.454505145549774
v 1.02639770507812 1.30328500270844 0.447351396083832
v 1.0251293182373 1.30336761474609 0.449209898710251
v 1.02719151973724 1.32471561431885 0.443994969129562
v 1.03198432922363 1.32506847381592 0.439422845840454
v 1.03019046783447 1.31752467155457 0.435439944267273
v 1.02859270572662 1.30877017974854 0.432333379983902
v 1.02929723262787 1.30107021331787 0.435796678066254
v 1.04256987571716 1.22456324100494 0.516417145729065
v 1.0441792011261 1.21796631813049 0.522578954696655
v 1.03905653953552 1.39373016357422 0.447351098060608
v 1.03714263439178 1.37376534938812 0.44547039270401
v 1.01590883731842 1.27752280235291 0.475056707859039
v 1.01539158821106 1.35746788978577 0.462827086448669
v 0.995464444160461 1.32438182830811 0.485419154167175
v 1.01305985450745 1.32325625419617 0.47132134437561
v 1.00681352615356 1.31931865215302 0.474394619464874
v 1.00784397125244 1.32746636867523 0.47542667388916
v 1.01335179805756 1.32984220981598 0.472424507141113
v 1.02425277233124 1.35410630702972 0.460314989089966
v 1.03110492229462 1.34892392158508 0.453248620033264
v 1.02978873252869 1.34860682487488 0.460917949676514
v 1.03066897392273 1.34197771549225 0.462080746889114
v 1.0306339263916 1.33960735797882 0.453484058380127
v 1.02776026725769 1.33372271060944 0.459681272506714
v 1.02799701690674 1.33731687068939 0.465081930160522
v 0.999029159545898 1.35004281997681 0.480285346508026
v 0.997125804424286 1.35171186923981 0.482026994228363
v 1.02374088764191 1.3300359249115 0.464887738227844
v 1.01883292198181 1.32670903205872 0.468590885400772
v 1.01880705356598 1.33213949203491 0.470312476158142
v 1.02374243736267 1.33439183235168 0.467980623245239
v 1.00180661678314 1.32520484924316 0.479538261890411
v 0.993593096733093 1.35072469711304 0.491901993751526
v 0.996634960174561 1.33913266658783 0.491109311580658
v 1.01125538349152 1.33183932304382 0.588854014873505
v 1.01262891292572 1.31924855709076 0.583447098731995
v 0.999802708625793 1.306480884552 0.568706750869751
v 1.00083100795746 1.30185580253601 0.566158294677734
v 1.00774264335632 1.30518662929535 0.568077921867371
v 1.00377786159515 1.30929255485535 0.571741759777069
v 0.997142851352692 1.36324954032898 0.578963935375214
v 0.998603761196136 1.37112510204315 0.581041514873505
v 0.995827317237854 1.37072420120239 0.574147820472717
v 0.996695756912231 1.36349368095398 0.576199293136597
v 0.994631946086884 1.36540806293488 0.569486975669861
v 0.993966221809387 1.36784422397614 0.566729426383972
v 0.99427992105484 1.35966396331787 0.566399872303009
v 0.995043873786926 1.3606219291687 0.569753289222717
v 0.992328405380249 1.37834632396698 0.564237892627716
v 0.990557730197906 1.37438082695007 0.554673671722412
v 0.992804646492004 1.36328101158142 0.559264123439789
v 0.990130126476288 1.35616564750671 0.536348760128021
v 0.993679165840149 1.34739887714386 0.550286173820496
v 0.993050336837769 1.35676074028015 0.553562581539154
v 0.990573287010193 1.36742258071899 0.545288324356079
v 0.99967360496521 1.30683350563049 0.561795592308044
v 0.997997999191284 1.31371760368347 0.556634902954102
v 1.01128828525543 1.310063123703 0.575282096862793
v 1.10248732566833 1.41520869731903 0.630297541618347
v 1.09833407402039 1.43932783603668 0.613319039344788
v 1.02949595451355 1.36830854415894 0.623867988586426
v 1.04461622238159 1.37524402141571 0.633549451828003
v 1.0185341835022 1.36142551898956 0.612297415733337
v 1.01141107082367 1.35625624656677 0.60106360912323
v 1.06095409393311 1.38217973709106 0.641432702541351
v 1.08006811141968 1.38527071475983 0.64445024728775
v 0.989929854869843 1.33900487422943 0.53945779800415
v 0.995509386062622 1.33588445186615 0.550918281078339
v 1.03300058841705 1.34872448444366 0.623853802680969
v 1.04702270030975 1.35333693027496 0.633281469345093
v 1.02236580848694 1.34480583667755 0.611284732818604
v 1.01455318927765 1.3431408405304 0.600418627262115
v 1.06476330757141 1.35985088348389 0.639127731323242
v 1.08204185962677 1.33645987510681 0.633095502853394
v 1.08348178863525 1.35891675949097 0.638256192207336
v 0.998551189899445 1.31844544410706 0.567772626876831
v 0.998763203620911 1.31606662273407 0.563632667064667
v 1.00007688999176 1.31015288829803 0.565334498882294
v 0.997235774993896 1.31247544288635 0.567746996879578
v 0.992017865180969 1.32422316074371 0.541988432407379
v 0.996314406394958 1.32444989681244 0.553909122943878
v 1.02859222888947 1.33174467086792 0.448053538799286
v 1.03553593158722 1.34032392501831 0.446715474128723
v 1.03367984294891 1.3325697183609 0.44306942820549
v 1.03675496578217 1.34877729415894 0.448563456535339
v 1.07031524181366 1.46822285652161 0.526488184928894
v 1.05965065956116 1.45884799957275 0.496080249547958
v 1.09083843231201 1.45880913734436 0.589346289634705
v 1.08116769790649 1.46925640106201 0.558721423149109
v 1.0309020280838 1.25300514698029 0.464476048946381
v 1.02848589420319 1.23985838890076 0.467783004045486
v 1.02788865566254 1.29063510894775 0.454260230064392
v 1.03054630756378 1.28972363471985 0.452963590621948
v 1.02981972694397 1.28582775592804 0.453220516443253
v 1.02706265449524 1.28660821914673 0.454659163951874
v 1.02246189117432 1.3517017364502 0.466074109077454
v 1.08156454563141 1.3177170753479 0.626159191131592
v 1.08041954040527 1.26524043083191 0.621256589889526
v 1.08010065555573 1.24837517738342 0.626057922840118
v 1.05798864364624 1.23577737808228 0.63551938533783
v 1.06986606121063 1.23457980155945 0.635550141334534
v 1.03091239929199 1.29346323013306 0.452165842056274
v 1.02868604660034 1.29435217380524 0.453786313533783
v 1.02765572071075 1.30280709266663 0.448602795600891
v 1.02315187454224 1.27974259853363 0.460916757583618
v 1.02883231639862 1.29719388484955 0.453253090381622
v 1.02825248241425 1.29927492141724 0.453358709812164
v 1.03218281269073 1.29604387283325 0.449528276920319
v 1.03238928318024 1.29300677776337 0.451652228832245
v 1.01330971717834 1.33599805831909 0.472660064697266
v 1.01300930976868 1.3407210111618 0.472197979688644
v 1.02800822257996 1.29964578151703 0.443850517272949
v 1.02819490432739 1.30121541023254 0.446328580379486
v 1.03106093406677 1.29842495918274 0.44238805770874
v 1.02117431163788 1.21703124046326 0.560421884059906
v 1.01834440231323 1.22292280197144 0.576817333698273
v 1.03139293193817 1.28195905685425 0.453168988227844
v 1.03165304660797 1.27851319313049 0.455129951238632
v 1.04967284202576 1.44020521640778 0.46943587064743
v 1.09888565540314 1.33247530460358 0.629106640815735
v 1.1003725528717 1.35416185855865 0.634532511234283
v 0.995664358139038 1.34191834926605 0.558747410774231
v 0.99566262960434 1.33889210224152 0.564665079116821
v 0.99538654088974 1.34639644622803 0.565809726715088
v 0.99492222070694 1.34956669807434 0.559876382350922
v 1.04541599750519 1.21114587783813 0.528014540672302
v 1.02088677883148 1.22725081443787 0.5930215716362
v 1.08177006244659 1.23503351211548 0.634001195430756
v 0.998438477516174 1.34565842151642 0.487099468708038
v 0.999368607997894 1.34401834011078 0.486038565635681
v 1.02032792568207 1.34954285621643 0.468360722064972
v 1.10503423213959 1.38131320476532 0.639427542686462
v 1.0224632024765 1.27275884151459 0.464721441268921
v 1.02410578727722 1.27660012245178 0.464161306619644
v 1.0906525850296 1.26680445671082 0.618426918983459
v 1.0397732257843 1.22766399383545 0.507713556289673
v 1.03115034103394 1.29772615432739 0.446269810199738
v 1.09468054771423 1.31574809551239 0.622863948345184
v 0.995295464992523 1.35428738594055 0.572898626327515
v 0.993211150169373 1.35220801830292 0.57058721780777
v 0.993932008743286 1.34889304637909 0.571233570575714
v 0.995662689208984 1.34986019134521 0.571980059146881
v 0.99092024564743 1.35448241233826 0.566731214523315
v 0.990669369697571 1.35155630111694 0.569284677505493
v 0.989328980445862 1.35487294197083 0.570466101169586
v 0.990029633045197 1.35831689834595 0.568398177623749
v 0.994241118431091 1.35549664497375 0.56273090839386
v 0.992513239383698 1.35034012794495 0.565651297569275
v 0.988983631134033 1.35728394985199 0.572291731834412
v 0.988679111003876 1.35973823070526 0.570838749408722
v 0.991365969181061 1.36153566837311 0.570878624916077
v 0.995841264724731 1.36230492591858 0.57314133644104
v 0.987579047679901 1.36152815818787 0.574615836143494
v 0.99140739440918 1.36379456520081 0.575142979621887
v 0.986826062202454 1.36208093166351 0.580056071281433
v 0.991860151290894 1.3647723197937 0.580476999282837
v 0.987455189228058 1.36027979850769 0.585795223712921
v 0.993407964706421 1.36209988594055 0.586006879806519
v 0.99731320142746 1.3232319355011 0.562079846858978
v 0.998258173465729 1.32486796379089 0.568571388721466
v 0.98809415102005 1.35571193695068 0.589864492416382
v 0.994782328605652 1.35629963874817 0.589518010616302
v 0.989180386066437 1.34923768043518 0.592661380767822
v 0.995454668998718 1.34955585002899 0.59159642457962
v 0.990685164928436 1.3421858549118 0.592584311962128
v 0.995803594589233 1.34257781505585 0.592474758625031
v 0.991771221160889 1.33458065986633 0.592126786708832
v 0.997074127197266 1.33309936523438 0.592492759227753
v 0.992905020713806 1.32687759399414 0.589338421821594
v 0.998256683349609 1.32327604293823 0.589757561683655
v 0.990138471126556 1.36020469665527 0.580328762531281
v 0.990463495254517 1.35808348655701 0.584710776805878
v 0.999967396259308 1.35971236228943 0.580693960189819
v 0.989632308483124 1.35990619659424 0.575500547885895
v 0.997091948986053 1.3454897403717 0.5781489610672
v 0.999435186386108 1.34843051433563 0.57770711183548
v 0.998978137969971 1.34676647186279 0.577638864517212
v 1.00014185905457 1.34570801258087 0.579850673675537
v 0.996463000774384 1.33159339427948 0.56601095199585
v 0.996295273303986 1.33215761184692 0.570142269134521
v 0.995987772941589 1.33759701251984 0.568683564662933
v 0.997964680194855 1.32826745510101 0.570851564407349
v 0.999267756938934 1.32987093925476 0.571303486824036
v 0.999371111392975 1.3333694934845 0.570192813873291
v 0.999791264533997 1.3378791809082 0.569276928901672
v 0.999661087989807 1.3290890455246 0.573476076126099
v 0.998225271701813 1.32719337940216 0.573532581329346
v 1.00078916549683 1.33019375801086 0.573252737522125
v 1.00072503089905 1.33075213432312 0.571946918964386
v 1.00175631046295 1.33329319953918 0.572065711021423
v 1.0017192363739 1.33702874183655 0.573666930198669
v 0.99631929397583 1.33275854587555 0.559877812862396
v 1.00532484054565 1.33451747894287 0.583566725254059
v 1.0066477060318 1.32476949691772 0.580632925033569
v 0.994000494480133 1.3208212852478 0.583966612815857
v 0.997405052185059 1.31449961662292 0.583924055099487
v 0.995250940322876 1.30932116508484 0.571988642215729
v 0.995402753353119 1.30862128734589 0.57814234495163
v 1.00242519378662 1.35522305965424 0.583168923854828
v 1.00310063362122 1.34929692745209 0.585400342941284
v 1.00608277320862 1.31663393974304 0.5756796002388
v 1.00378835201263 1.34249973297119 0.586393356323242
v 0.993685364723206 1.33060204982758 0.586989939212799
v 0.995152950286865 1.32643282413483 0.582944095134735
v 0.992656826972961 1.33609628677368 0.589601039886475
v 0.997016489505768 1.32387232780457 0.57300466299057
v 0.995778739452362 1.31742966175079 0.572597682476044
v 0.99419754743576 1.31810355186462 0.57822173833847
v 0.996661841869354 1.32444381713867 0.578144550323486
v 0.993873775005341 1.33320963382721 0.584061503410339
v 0.996485590934753 1.33019375801086 0.581178247928619
v 0.996695280075073 1.33580827713013 0.582407653331757
v 0.999130964279175 1.33323919773102 0.579860389232635
v 0.999816536903381 1.33052861690521 0.576326370239258
v 0.998075544834137 1.32824969291687 0.57731431722641
v 1.00275158882141 1.33562219142914 0.57828813791275
v 0.999975621700287 1.33897519111633 0.580444157123566
v 1.00190687179565 1.33210301399231 0.575138986110687
v 0.994499504566193 1.33884155750275 0.583292603492737
v 0.992685437202454 1.34290158748627 0.584064722061157
v 0.993909120559692 1.34466862678528 0.580296635627747
v 0.996868073940277 1.34174954891205 0.580875039100647
v 0.992344081401825 1.34237265586853 0.590376138687134
v 0.991378128528595 1.34220445156097 0.587353646755219
v 0.992669820785522 1.33731257915497 0.586348295211792
v 0.990706443786621 1.34763073921204 0.587228178977966
v 0.991732120513916 1.34882819652557 0.589943647384644
v 0.99162745475769 1.34710383415222 0.584443688392639
v 0.992389857769012 1.3476654291153 0.581878364086151
v 0.990268647670746 1.35576367378235 0.58310067653656
v 0.990469813346863 1.35234951972961 0.585580587387085
v 0.990764915943146 1.35440373420715 0.587969899177551
v 0.990743160247803 1.35065793991089 0.583249688148499
v 0.991027474403381 1.3533182144165 0.581355214118958
v 0.991986691951752 1.35138559341431 0.580451548099518
v 0.991661012172699 1.3499972820282 0.582110464572906
v 0.991082191467285 1.35719382762909 0.57298755645752
v 0.991850316524506 1.35519647598267 0.571254730224609
v 0.991011738777161 1.35796070098877 0.575900197029114
v 0.992636442184448 1.35857462882996 0.574530959129333
v 0.992373585700989 1.35589456558228 0.57593846321106
v 0.993920981884003 1.35734748840332 0.573777496814728
v 0.993195116519928 1.35378766059875 0.575344741344452
v 0.994967460632324 1.35070240497589 0.574728786945343
v 1.03571772575378 1.19058084487915 0.541373193264008
v 1.03698658943176 1.19911825656891 0.540266036987305
v 1.04737448692322 1.19587540626526 0.534387469291687
v 1.04789459705353 1.18805277347565 0.535620450973511
v 0.992452502250671 1.35252940654755 0.57780122756958
v 0.991704523563385 1.35492730140686 0.578760266304016
v 0.990902483463287 1.35781288146973 0.579728484153748
v 0.994802534580231 1.34780812263489 0.577785134315491
v 0.993703067302704 1.34726691246033 0.579109668731689
v 0.992869317531586 1.3490355014801 0.579550981521606
v 0.993917346000671 1.34993863105774 0.577376425266266
v 0.996395647525787 1.34184050559998 0.568578481674194
v 0.998696744441986 1.34106123447418 0.571621477603912
v 0.999863266944885 1.33981478214264 0.575871646404266
v 1.00948762893677 1.18279623985291 0.574039995670319
v 1.00156259536743 1.18985915184021 0.593456625938416
v 1.00725162029266 1.19778847694397 0.591539800167084
v 1.01467764377594 1.19139850139618 0.573679685592651
v 0.99466210603714 1.16407597064972 0.561193585395813
v 0.989603102207184 1.1493216753006 0.548908770084381
v 0.973343849182129 1.15451228618622 0.5671546459198
v 0.980106890201569 1.17096674442291 0.589891672134399
v 0.969936907291412 1.1380934715271 0.550112247467041
v 0.986286997795105 1.1335197687149 0.536123335361481
v 0.961874663829803 1.09048306941986 0.507643163204193
v 0.964561939239502 1.10578036308289 0.521226346492767
v 0.980029046535492 1.1038544178009 0.510480165481567
v 0.977092623710632 1.08876001834869 0.497793704271317
v 0.932258367538452 1.01249217987061 0.47393062710762
v 0.942572414875031 1.0141795873642 0.466229438781738
v 0.950175642967224 0.997510373592377 0.463350266218185
v 0.938963055610657 0.993288934230804 0.472354650497437
v 0.915713608264923 1.11499452590942 0.582915663719177
v 0.909421861171722 1.1053432226181 0.588045299053192
v 0.907794296741486 1.12339854240417 0.601711273193359
v 0.915274262428284 1.13240313529968 0.596992492675781
v 0.992120563983917 1.1970626115799 0.645704507827759
v 0.999568700790405 1.20080816745758 0.64171314239502
v 0.994125247001648 1.18973791599274 0.618060171604156
v 0.984959900379181 1.18585026264191 0.620663344860077
v 0.906207680702209 1.02526354789734 0.538620412349701
v 0.908297181129456 1.03573751449585 0.529811680316925
v 0.908949136734009 1.02391004562378 0.519377470016479
v 0.907142043113708 1.01309537887573 0.526405572891235
v 0.931017279624939 0.930021941661835 0.510580360889435
v 0.941151142120361 0.929571688175201 0.491468727588654
v 0.941260099411011 0.910188674926758 0.487663686275482
v 0.931027412414551 0.910294532775879 0.507815361022949
v 0.916332423686981 0.949783682823181 0.589246571063995
v 0.91717267036438 0.932098627090454 0.58550763130188
v 0.925423741340637 0.930684983730316 0.611590027809143
v 0.924992620944977 0.94716739654541 0.615451574325562
v 0.937214374542236 1.09160530567169 0.528390884399414
v 0.938850402832031 1.10759007930756 0.543385863304138
v 0.950792610645294 1.10687446594238 0.532509446144104
v 0.948523283004761 1.09165263175964 0.518078565597534
v 0.767607569694519 1.10453116893768 0.709535837173462
v 0.788627028465271 1.11311399936676 0.698553323745728
v 0.788446068763733 1.09761190414429 0.688385784626007
v 0.767074823379517 1.0893394947052 0.699729859828949
v 0.909958064556122 0.846036195755005 0.55532294511795
v 0.906860828399658 0.829410552978516 0.549235820770264
v 0.910660982131958 0.832512140274048 0.576569318771362
v 0.914926290512085 0.848490178585052 0.581007957458496
v 0.879911780357361 1.16719460487366 0.667336523532867
v 0.885372400283813 1.17517852783203 0.690199732780457
v 0.897575080394745 1.1819372177124 0.684827387332916
v 0.891183912754059 1.17352390289307 0.660572290420532
v 0.911033093929291 1.07822489738464 0.564224898815155
v 0.909902691841125 1.09096240997314 0.575201630592346
v 0.915041089057922 1.10013353824615 0.569478988647461
v 0.915330171585083 1.08555126190186 0.557165384292603
v 0.922773480415344 0.978671073913574 0.629231452941895
v 0.923436939716339 0.995680809020996 0.636675894260406
v 0.915734529495239 0.998694062232971 0.617023289203644
v 0.913605630397797 0.981502711772919 0.607133686542511
v 0.913519561290741 0.965349495410919 0.597996354103088
v 0.922956883907318 0.962327837944031 0.622086524963379
v 0.920468866825104 1.08842313289642 0.54840224981308
v 0.921691954135895 1.10572135448456 0.563062310218811
v 0.929479360580444 1.10698425769806 0.553777635097504
v 0.927918493747711 1.09041512012482 0.538534104824066
v 0.960306823253632 0.98234099149704 0.463677942752838
v 0.94688218832016 0.977360188961029 0.474744915962219
v 0.909997820854187 0.824905812740326 0.521715998649597
v 0.911436319351196 0.842270731925964 0.528316795825958
v 0.919659912586212 0.837665200233459 0.503948926925659
v 0.919129550457001 0.819796502590179 0.49726328253746
v 0.95389312505722 0.947389841079712 0.47879347205162
v 0.941585302352905 0.947320818901062 0.493894398212433
v 0.939561903476715 0.96274197101593 0.490682154893875
v 0.952250003814697 0.963481724262238 0.477975398302078
v 0.932666182518005 0.815834641456604 0.475540280342102
v 0.932357788085938 0.833830296993256 0.482303977012634
v 0.946602880954742 0.83130943775177 0.462387949228287
v 0.94685572385788 0.811115026473999 0.455203592777252
v 0.967286348342896 1.12178826332092 0.535035312175751
v 0.983133494853973 1.11858344078064 0.523215234279633
v 0.917492270469666 1.01264703273773 0.493677735328674
v 0.923687517642975 1.01211678981781 0.483324378728867
v 0.929153084754944 0.992361426353455 0.482363551855087
v 0.921220660209656 0.99380499124527 0.492995411157608
v 0.90854549407959 1.07504987716675 0.60000205039978
v 0.906755447387695 1.08777737617493 0.613675236701965
v 0.901359796524048 1.10890078544617 0.608928620815277
v 0.905874609947205 1.09161388874054 0.593616604804993
v 0.906230270862579 0.816177189350128 0.572240114212036
v 0.903458595275879 0.812851250171661 0.543887972831726
v 0.932262301445007 0.796249508857727 0.470837354660034
v 0.946860790252686 0.790664315223694 0.450934529304504
v 0.912477195262909 1.06437051296234 0.668897271156311
v 0.91116064786911 1.07117629051208 0.66058623790741
v 0.917459070682526 1.06374943256378 0.655682742595673
v 0.918288171291351 1.05886483192444 0.665309965610504
v 0.979876399040222 1.01542949676514 0.452420711517334
v 0.972397327423096 0.994711339473724 0.455133557319641
v 0.959119260311127 1.00826287269592 0.457828402519226
v 0.964745998382568 1.02513575553894 0.457871198654175
v 0.926266968250275 0.977535665035248 0.497936874628067
v 0.935414791107178 0.976265013217926 0.486327528953552
v 0.929173827171326 0.963919341564178 0.504445433616638
v 0.997436761856079 1.0044721364975 0.450476676225662
v 0.988979399204254 0.97831654548645 0.455669581890106
v 0.99980092048645 1.11480867862701 0.512008786201477
v 0.997061371803284 1.10097885131836 0.500506937503815
v 1.00290787220001 1.12923955917358 0.522799491882324
v 1.00643050670624 1.14430451393127 0.53243887424469
v 1.02312469482422 1.14035248756409 0.51978325843811
v 1.01997375488281 1.12528371810913 0.51123321056366
v 1.01038980484009 1.15877485275269 0.541533470153809
v 1.02655172348022 1.1548113822937 0.527279615402222
v 1.02163207530975 1.17652142047882 0.55587249994278
v 1.0252947807312 1.18537843227386 0.557353854179382
v 0.907434105873108 1.07856607437134 0.58170223236084
v 0.90882807970047 1.06665849685669 0.571782290935516
v 0.918349981307983 0.801689445972443 0.492415755987167
v 1.01934909820557 1.11480021476746 0.716783761978149
v 1.00313830375671 1.11855852603912 0.716749012470245
v 1.00533592700958 1.1023086309433 0.715909838676453
v 1.02103734016418 1.09784078598022 0.717281937599182
v 0.973053872585297 1.18763399124146 0.626594424247742
v 0.984310150146484 1.19681143760681 0.650804698467255
v 0.941748201847076 1.05970752239227 0.697908103466034
v 0.940409719944 1.05410742759705 0.693010032176971
v 0.949887454509735 1.04957318305969 0.693409144878387
v 0.952513813972473 1.05665278434753 0.698015570640564
v 0.915712714195251 1.05732131004333 0.684905648231506
v 0.916339874267578 1.05791926383972 0.691611409187317
v 0.903586566448212 1.05440700054169 0.697412073612213
v 0.9018874168396 1.05426490306854 0.690977573394775
v 0.920785427093506 0.834761917591095 0.600154519081116
v 0.926213443279266 0.850278913974762 0.604643404483795
v 0.969663321971893 0.955326855182648 0.671835899353027
v 0.964954257011414 0.972798943519592 0.675809979438782
v 0.948637247085571 0.966362595558167 0.661423742771149
v 0.951961934566498 0.949337840080261 0.656747817993164
v 1.0959951877594 1.09588241577148 0.682602405548096
v 1.08291280269623 1.09801852703094 0.692302942276001
v 1.08257687091827 1.08265781402588 0.692876577377319
v 1.09597527980804 1.08042073249817 0.683450281620026
v 1.05164968967438 1.12121319770813 0.707635402679443
v 1.06766128540039 1.11650323867798 0.699451208114624
v 1.06737291812897 1.13109970092773 0.698199927806854
v 1.04992866516113 1.13664305210114 0.705834150314331
v 1.03656923770905 1.11012744903564 0.714559197425842
v 1.0375372171402 1.09324395656586 0.715777099132538
v 0.933642089366913 0.979794502258301 0.648281037807465
v 0.932426333427429 0.995739281177521 0.653849244117737
v 0.930990159511566 1.01939308643341 0.663203239440918
v 0.930015087127686 1.02886235713959 0.666231393814087
v 0.924037098884583 1.03032422065735 0.653376579284668
v 0.924070715904236 1.02078878879547 0.649152636528015
v 1.00693809986115 1.2061048746109 0.637607574462891
v 1.00850570201874 1.20688140392303 0.663718521595001
v 1.01716113090515 1.21210622787476 0.658873975276947
v 1.06225609779358 1.18385541439056 0.681010246276855
v 1.05165839195251 1.18871629238129 0.68133533000946
v 1.05079889297485 1.181401014328 0.686939060688019
v 1.0640857219696 1.17672717571259 0.685035943984985
v 1.07206737995148 1.01379477977753 0.691443800926208
v 1.06502056121826 0.991938173770905 0.687441408634186
v 1.08561456203461 0.992873132228851 0.680274426937103
v 1.09009420871735 1.0135098695755 0.683868765830994
v 0.934322535991669 1.03750312328339 0.67768782377243
v 0.940498828887939 1.03978085517883 0.684244453907013
v 0.935320854187012 1.04678654670715 0.684065580368042
v 0.930963158607483 1.0445761680603 0.678274154663086
v 0.943540751934052 1.03288924694061 0.684433996677399
v 0.936764895915985 1.02969431877136 0.676204860210419
v 0.938687145709991 1.02067649364471 0.674402356147766
v 0.947355985641479 1.02403092384338 0.683469891548157
v 0.959738075733185 0.988297641277313 0.677756309509277
v 0.954294621944427 1.00327479839325 0.680206656455994
v 0.942922055721283 0.998842597007751 0.667891919612885
v 0.945526361465454 0.983159840106964 0.664500117301941
v 1.07329571247101 0.925350964069366 0.660415291786194
v 1.07719671726227 0.94733190536499 0.668052434921265
v 1.05828320980072 0.945666491985321 0.674667239189148
v 1.05514001846313 0.92293381690979 0.667542457580566
v 0.896432340145111 1.08567655086517 0.65400892496109
v 0.879417538642883 1.08166146278381 0.659951567649841
v 0.875568628311157 1.09336233139038 0.652732074260712
v 0.89091032743454 1.09612965583801 0.647449254989624
v 0.901390373706818 1.06128978729248 0.716985166072845
v 0.902608454227448 1.06647109985352 0.721243560314178
v 0.892954587936401 1.06532883644104 0.726908624172211
v 0.89234846830368 1.06010472774506 0.723272919654846
v 0.86017906665802 1.06155252456665 0.67333573102951
v 0.839192032814026 1.05094230175018 0.679603457450867
v 0.83755087852478 1.06463277339935 0.671583533287048
v 0.859229981899261 1.07388520240784 0.664942145347595
v 0.988830268383026 1.19377613067627 0.680623948574066
v 0.994673192501068 1.19771659374237 0.675469875335693
v 0.976249217987061 1.19718956947327 0.65681254863739
v 0.882652163505554 1.05400681495667 0.682172894477844
v 0.885250985622406 1.04893946647644 0.689714193344116
v 0.869257152080536 1.03897833824158 0.69805383682251
v 0.865081191062927 1.04346990585327 0.68897670507431
v 0.770439267158508 1.11543035507202 0.724803268909454
v 0.79168039560318 1.12313771247864 0.714357018470764
v 0.820997536182404 1.03098547458649 0.696590960025787
v 0.841635048389435 1.03985857963562 0.688201010227203
v 0.845885336399078 1.03205764293671 0.697941482067108
v 0.825083076953888 1.02421152591705 0.708454966545105
v 0.954182863235474 0.933143258094788 0.652534365653992
v 0.973001837730408 0.938079476356506 0.666605472564697
v 0.954763829708099 0.836287558078766 0.633729875087738
v 0.961186051368713 0.853102564811707 0.637845575809479
v 0.942611277103424 0.852054417133331 0.623867511749268
v 0.936100721359253 0.835991859436035 0.619551718235016
v 0.916371464729309 0.818345785140991 0.596721112728119
v 0.949563384056091 0.818522691726685 0.630281746387482
v 0.931123793125153 0.819151282310486 0.616147756576538
v 1.02892553806305 1.22174263000488 0.641197621822357
v 1.02375340461731 1.2169736623764 0.650988340377808
v 1.03908097743988 1.21401011943817 0.661550521850586
v 1.04197287559509 1.22177696228027 0.651332139968872
v 0.886833190917969 0.707938432693481 0.594725251197815
v 0.877973079681396 0.70542848110199 0.565719962120056
v 0.874425053596497 0.676770627498627 0.568654775619507
v 0.884648084640503 0.677901327610016 0.599132061004639
v 1.07111692428589 1.20188903808594 0.663606822490692
v 1.07106709480286 1.21330118179321 0.654251635074615
v 1.0567239522934 1.21756994724274 0.654485046863556
v 1.05480492115021 1.20731008052826 0.664196014404297
v 0.88891738653183 0.734468996524811 0.592753529548645
v 0.881548047065735 0.730431854724884 0.56417453289032
v 1.01984417438507 1.21606349945068 0.624182462692261
v 1.01339554786682 1.21082019805908 0.631623506546021
v 1.0134664773941 1.21031355857849 0.606205999851227
v 1.00734329223633 1.20379340648651 0.611726641654968
v 1.01290857791901 1.20547795295715 0.58795690536499
v 0.875803172588348 0.698348045349121 0.537378072738647
v 0.87037718296051 0.670680642127991 0.539501249790192
v 1.04429650306702 1.22923123836517 0.64018976688385
v 1.05748546123505 1.22674930095673 0.64478725194931
v 1.07054662704468 1.22420680522919 0.645294606685638
v 1.08379018306732 1.22382760047913 0.6427943110466
v 1.09691607952118 1.22360551357269 0.638910412788391
v 1.0938595533371 1.23512983322144 0.630902886390686
v 0.901985287666321 0.800340890884399 0.568217635154724
v 0.910629034042358 0.802153170108795 0.594549179077148
v 0.935132503509521 0.567468047142029 0.657223165035248
v 0.928577601909637 0.550001382827759 0.644590377807617
v 0.961531937122345 0.545721530914307 0.64855694770813
v 0.963666081428528 0.562474131584167 0.662338972091675
v 1.03237581253052 0.568294882774353 0.654781997203827
v 0.995844423770905 0.561911165714264 0.661281943321228
v 0.996617197990417 0.547141432762146 0.645134687423706
v 1.03241121768951 0.553079009056091 0.636523604393005
v 1.03795874118805 0.696590006351471 0.678880572319031
v 1.0380562543869 0.717382729053497 0.672453820705414
v 1.00956201553345 0.719221949577332 0.675013184547424
v 1.0090149641037 0.69817578792572 0.682202816009521
v 0.925449371337891 0.80259382724762 0.614938616752625
v 0.943399548530579 0.801449835300446 0.629822671413422
v 0.90102231502533 0.796518385410309 0.539665579795837
v 0.851672530174255 0.542497277259827 0.521455109119415
v 0.8503777384758 0.509285807609558 0.524592876434326
v 0.853082180023193 0.512053251266479 0.563761293888092
v 0.851702928543091 0.544927000999451 0.563518464565277
v 0.894814789295197 0.508376359939575 0.619504809379578
v 0.927711367607117 0.505653858184814 0.630104064941406
v 0.927519679069519 0.529146313667297 0.636285066604614
v 0.893813610076904 0.535825192928314 0.624321639537811
v 0.962432563304901 0.785858988761902 0.432672888040543
v 0.962820708751678 0.764140069484711 0.431043744087219
v 0.946832597255707 0.770603656768799 0.448659092187881
v 1.01708233356476 0.77329409122467 0.401346862316132
v 1.01875424385071 0.750243008136749 0.400476157665253
v 0.999205768108368 0.754182040691376 0.40660896897316
v 0.996838808059692 0.777346312999725 0.407634556293488
v 1.01213836669922 0.630858421325684 0.422780483961105
v 1.008141040802 0.656384587287903 0.42029732465744
v 1.02384698390961 0.654117524623871 0.41608852148056
v 1.02508282661438 0.63028609752655 0.419684886932373
v 0.880743503570557 0.690116763114929 0.509805202484131
v 0.887401103973389 0.714057147502899 0.509796023368835
v 0.901392221450806 0.703610479831696 0.485538333654404
v 0.896104395389557 0.680602550506592 0.484413862228394
v 0.998933792114258 0.535678923130035 0.62753689289093
v 1.03084111213684 0.542798280715942 0.615137219429016
v 0.865131795406342 0.541710257530212 0.482665538787842
v 0.860868573188782 0.507073998451233 0.48515722155571
v 0.884416341781616 0.50383049249649 0.455762207508087
v 0.888006389141083 0.538633465766907 0.454829156398773
v 0.918700456619263 0.533753037452698 0.44146317243576
v 0.916644752025604 0.501064419746399 0.442123055458069
v 1.02705776691437 0.547498106956482 0.466553002595901
v 1.02442145347595 0.543046593666077 0.47023019194603
v 1.00634431838989 0.561176121234894 0.450349479913712
v 1.01222741603851 0.570330858230591 0.444473326206207
v 1.03543770313263 0.607578158378601 0.677853226661682
v 1.00362658500671 0.604481816291809 0.683435142040253
v 1.00019180774689 0.582197070121765 0.674768567085266
v 1.03380370140076 0.587331771850586 0.668865561485291
v 0.96368396282196 0.799370527267456 0.639786005020142
v 0.969664335250854 0.8172567486763 0.639305353164673
v 0.990110158920288 0.816176056861877 0.643737435340881
v 0.99537205696106 0.835895836353302 0.64621502161026
v 0.974512100219727 0.836151540279388 0.642622470855713
v 1.01569306850433 0.954613864421844 0.681255698204041
v 1.01190912723541 0.972840547561646 0.689024686813354
v 0.989646852016449 0.961988210678101 0.681952595710754
v 0.993362784385681 0.945653438568115 0.676035106182098
v 1.06772041320801 1.10123229026794 0.700413346290588
v 1.06726348400116 1.08562886714935 0.701549172401428
v 0.965582132339478 0.508034706115723 0.629529595375061
v 0.957682967185974 0.479619860649109 0.625857830047607
v 0.992227554321289 0.481807887554169 0.613850235939026
v 1.00693726539612 0.516114711761475 0.611819624900818
v 0.894489526748657 0.479373425245285 0.615723729133606
v 0.868146955966949 0.512434244155884 0.597233712673187
v 0.870346367359161 0.481116592884064 0.595430731773376
v 0.850174307823181 0.476145923137665 0.524340271949768
v 0.854190111160278 0.479364901781082 0.563448190689087
v 0.883388757705688 0.469245493412018 0.456747800111771
v 0.916157722473145 0.467713266611099 0.444715350866318
v 1.00580048561096 0.49136283993721 0.473004788160324
v 1.00399911403656 0.466146051883698 0.481050550937653
v 0.980210900306702 0.465954929590225 0.462698221206665
v 0.98116660118103 0.493189930915833 0.456286489963531
v 0.973244667053223 0.628635048866272 0.43744945526123
v 0.962292194366455 0.611061930656433 0.44099622964859
v 0.936820030212402 0.631975054740906 0.450028836727142
v 0.941952705383301 0.652639091014862 0.450860440731049
v 0.995032966136932 0.800889134407043 0.40997639298439
v 1.01186144351959 0.796319842338562 0.404101490974426
v 0.96205461025238 0.807810842990875 0.436439663171768
v 0.978446066379547 0.8046755194664 0.420644521713257
v 0.979389369487762 0.781332671642303 0.417846411466599
v 0.990426599979401 0.892034769058228 0.430190145969391
v 0.992434501647949 0.871115386486053 0.423655480146408
v 0.973923742771149 0.871214389801025 0.437880039215088
v 0.971419632434845 0.891408860683441 0.444871723651886
v 0.969147324562073 0.912319600582123 0.452038109302521
v 0.98896324634552 0.913183867931366 0.437805384397507
v 0.990562319755554 0.953391313552856 0.455296486616135
v 0.970188617706299 0.949803233146667 0.465720117092133
v 0.968608438968658 0.967653036117554 0.466021329164505
v 1.01714527606964 1.11058568954468 0.501452386379242
v 1.01444101333618 1.09642696380615 0.491688668727875
v 0.874574303627014 0.663620948791504 0.509194195270538
v 1.03119969367981 0.508584320545197 0.581335842609406
v 1.01922762393951 0.478870898485184 0.589459776878357
v 1.03000438213348 0.474827826023102 0.559912979602814
v 1.0358202457428 0.500836730003357 0.550950407981873
v 0.881392359733582 0.722405672073364 0.536164581775665
v 0.907945334911346 0.807672560214996 0.516374051570892
v 0.906450092792511 0.790656805038452 0.512842535972595
v 0.913894772529602 0.956459283828735 0.557471930980682
v 0.916893243789673 0.934069156646729 0.557600259780884
v 0.950689494609833 1.01825129985809 0.46228152513504
v 0.952140212059021 1.03092622756958 0.464792162179947
v 0.866619050502777 0.543144106864929 0.600058257579803
v 0.884111881256104 0.437532216310501 0.459402650594711
v 0.915638029575348 0.43552902340889 0.449417591094971
v 0.917082726955414 0.404521226882935 0.454367429018021
v 0.885655105113983 0.407279551029205 0.463261097669601
v 1.01376271247864 0.440139532089233 0.513494729995728
v 1.0058388710022 0.410961031913757 0.522431373596191
v 0.995085179805756 0.410133600234985 0.498651444911957
v 1.00041198730469 0.438504427671432 0.490184098482132
v 0.997886776924133 0.381649076938629 0.52881532907486
v 0.991785228252411 0.352858006954193 0.535157978534698
v 0.984340667724609 0.350247442722321 0.512305617332458
v 0.988928556442261 0.379610121250153 0.504605412483215
v 0.859368920326233 0.472297191619873 0.485800206661224
v 0.85304468870163 0.414431571960449 0.520944595336914
v 0.851231157779694 0.444766163825989 0.522137045860291
v 0.861029267311096 0.440460473299026 0.486465573310852
v 0.862531244754791 0.4101282954216 0.487942963838577
v 0.924797534942627 0.478446960449219 0.625488102436066
v 1.02271962165833 0.491285353899002 0.494353234767914
v 1.01920342445374 0.467656821012497 0.503713250160217
v 1.00567150115967 0.413573980331421 0.571688771247864
v 1.01842105388641 0.444231182336807 0.566702663898468
v 1.00537657737732 0.446587711572647 0.594062983989716
v 0.992354512214661 0.415804743766785 0.596515953540802
v 0.887925267219543 0.423497259616852 0.607912480831146
v 0.891701102256775 0.451249778270721 0.611412405967712
v 0.869246363639832 0.451611965894699 0.590276837348938
v 0.86745548248291 0.422949522733688 0.586607396602631
v 0.855401992797852 0.448920905590057 0.558815658092499
v 0.856187880039215 0.419434130191803 0.555697083473206
v 0.856067597866058 0.356260895729065 0.519011974334717
v 0.854665875434875 0.384931147098541 0.520441591739655
v 0.8650261759758 0.380439698696136 0.489257901906967
v 0.868132352828979 0.351411104202271 0.490148097276688
v 0.856870949268341 0.362128078937531 0.551829993724823
v 0.856534540653229 0.390665531158447 0.553812563419342
v 0.864388108253479 0.367307543754578 0.579952955245972
v 0.865822434425354 0.394948244094849 0.583261132240295
v 0.881356358528137 0.369526565074921 0.599596560001373
v 0.884162127971649 0.39630252122879 0.604283034801483
v 0.902518808841705 0.369548499584198 0.611643552780151
v 0.90772557258606 0.395284235477448 0.61618310213089
v 0.934083759784698 0.393460035324097 0.618509590625763
v 0.926279604434967 0.36755383014679 0.614535450935364
v 0.949540078639984 0.364921271800995 0.609239101409912
v 0.959204494953156 0.391040503978729 0.612165629863739
v 0.984337627887726 0.358010113239288 0.579463481903076
v 0.994152188301086 0.384763777256012 0.575741767883301
v 0.980823338031769 0.387544512748718 0.597733557224274
v 0.97032642364502 0.361411154270172 0.597976922988892
v 0.947935163974762 0.257570028305054 0.596898317337036
v 0.959294676780701 0.283958494663239 0.593962013721466
v 0.941275298595428 0.288847982883453 0.601657509803772
v 0.930802166461945 0.262648940086365 0.602256894111633
v 0.914199948310852 0.267374992370605 0.607601881027222
v 0.923393130302429 0.29256135225296 0.605655789375305
v 0.905736029148102 0.2952681183815 0.607882916927338
v 0.896573722362518 0.27056360244751 0.609131693840027
v 0.872592210769653 0.29437530040741 0.589159667491913
v 0.865039885044098 0.269050061702728 0.589442729949951
v 0.879677057266235 0.271305739879608 0.603448212146759
v 0.888208210468292 0.296320140361786 0.602571070194244
v 0.85589337348938 0.291034698486328 0.572077512741089
v 0.851191282272339 0.265605270862579 0.571130514144897
v 0.851885378360748 0.284586787223816 0.546797811985016
v 0.851283192634583 0.258437633514404 0.545690715312958
v 0.861690700054169 0.276572465896606 0.518381357192993
v 0.8603515625 0.251184701919556 0.518632590770721
v 0.974738776683807 0.268400073051453 0.540164411067963
v 0.978681862354279 0.27294397354126 0.56032121181488
v 0.969280242919922 0.246976137161255 0.568718612194061
v 0.968204438686371 0.241927206516266 0.548760056495667
v 0.942840814590454 0.26457279920578 0.502610623836517
v 0.938317596912384 0.238458752632141 0.514162003993988
v 0.92132568359375 0.239632368087769 0.492649078369141
v 0.92291271686554 0.26547372341156 0.482214003801346
v 0.857748925685883 0.328791439533234 0.51788717508316
v 0.856687307357788 0.335363209247589 0.549480378627777
v 0.863207280635834 0.341085195541382 0.576482117176056
v 0.879601836204529 0.344075977802277 0.594271779060364
v 0.975849509239197 0.333247542381287 0.583587765693665
v 0.960184812545776 0.337442994117737 0.598576962947845
v 0.981149673461914 0.321829497814178 0.520279347896576
v 0.98726886510849 0.325533151626587 0.542035102844238
v 0.896034181118011 0.29301118850708 0.473660349845886
v 0.872716665267944 0.296937882900238 0.490267515182495
v 0.870993971824646 0.323715150356293 0.490117967128754
v 0.894339203834534 0.320287644863129 0.472533851861954
v 0.854028284549713 0.30998569726944 0.547987103462219
v 0.860633730888367 0.31597489118576 0.573784112930298
v 0.877076387405396 0.319298386573792 0.590277135372162
v 0.91261613368988 0.319497406482697 0.607800722122192
v 0.893760979175568 0.320765674114227 0.603094637393951
v 0.931608378887177 0.316849172115326 0.60530698299408
v 0.967832028865814 0.308895766735077 0.588627338409424
v 0.950872540473938 0.313614308834076 0.600130319595337
v 0.977785885334015 0.294493675231934 0.530250191688538
v 0.983317196369171 0.298908054828644 0.550447821617126
v 0.895412564277649 0.242656111717224 0.485271662473679
v 0.871478259563446 0.246615409851074 0.496226698160172
v 0.872995853424072 0.271356582641602 0.492670655250549
v 0.895796418190002 0.266637563705444 0.476718366146088
v 0.893941938877106 0.219951331615448 0.497089266777039
v 0.915428876876831 0.217260718345642 0.504311740398407
v 0.887027084827423 0.245143055915833 0.610737383365631
v 0.90396922826767 0.241794109344482 0.611000537872314
v 0.870361089706421 0.245321810245514 0.604560971260071
v 0.848665654659271 0.231613099575043 0.543650925159454
v 0.845900416374207 0.239951550960541 0.570545315742493
v 0.858952283859253 0.22433876991272 0.518875598907471
v 0.873141705989838 0.223179161548615 0.501973867416382
v 0.945255100727081 0.194752037525177 0.578556656837463
v 0.945292234420776 0.190793991088867 0.560360908508301
v 0.956773698329926 0.218317747116089 0.554649412631989
v 0.955748796463013 0.222005903720856 0.573012948036194
v 0.927730858325958 0.20408695936203 0.606931984424591
v 0.935443520545959 0.231514155864716 0.597152352333069
v 0.920296907424927 0.236639499664307 0.604577839374542
v 0.91304337978363 0.210159122943878 0.617499709129333
v 0.876150369644165 0.217721581459045 0.619685351848602
v 0.894925713539124 0.215049207210541 0.621891140937805
v 0.858655750751495 0.219346940517426 0.611749649047852
v 0.83967387676239 0.211622774600983 0.570866644382477
v 0.844024419784546 0.21781325340271 0.59525865316391
v 0.855178356170654 0.24451607465744 0.591496169567108
v 0.842918038368225 0.203783094882965 0.541139841079712
v 0.85717761516571 0.164128243923187 0.523742198944092
v 0.835848748683929 0.173732459545135 0.541789472103119
v 0.862655460834503 0.19399505853653 0.519765019416809
v 0.869216322898865 0.0632972121238708 0.542220890522003
v 0.864649057388306 0.02926105260849 0.550028681755066
v 0.843629717826843 0.0346857309341431 0.55000638961792
v 0.845067381858826 0.068807065486908 0.541899502277374
v 0.940690159797668 0.165057122707367 0.586860179901123
v 0.938986837863922 0.162112414836884 0.566478431224823
v 0.906369686126709 0.180872440338135 0.629480361938477
v 0.923654854297638 0.174596786499023 0.618803739547729
v 0.821886718273163 0.15221905708313 0.577996850013733
v 0.825735330581665 0.157715618610382 0.604643046855927
v 0.833934366703033 0.188608944416046 0.598880350589752
v 0.829787135124207 0.18258261680603 0.572611153125763
v 0.926447033882141 0.0656331181526184 0.585365772247314
v 0.933214247226715 0.0981335043907166 0.579332768917084
v 0.933986306190491 0.101053655147552 0.601651668548584
v 0.926981925964355 0.0681899785995483 0.605998516082764
v 0.902923226356506 0.14909964799881 0.638786911964417
v 0.898182332515717 0.115946054458618 0.645039856433868
v 0.915645837783813 0.110156178474426 0.634716629981995
v 0.920784592628479 0.142989695072174 0.627627789974213
v 0.816216945648193 0.0833657383918762 0.587211608886719
v 0.818427443504333 0.087399423122406 0.612222611904144
v 0.820340037345886 0.124033391475677 0.609553873538971
v 0.817432284355164 0.119103252887726 0.582745671272278
v 0.851705491542816 0.134219944477081 0.528583168983459
v 0.846969723701477 0.102316737174988 0.535085380077362
v 0.826274871826172 0.111546397209167 0.55368959903717
v 0.829698860645294 0.14356541633606 0.547499239444733
v 0.87795615196228 0.128453552722931 0.528186917304993
v 0.872974514961243 0.0969479084014893 0.534574389457703
v 0.903037250041962 -0.00190657377243042 0.61006087064743
v 0.902589023113251 -0.00636929273605347 0.59355491399765
v 0.914493560791016 0.0302557349205017 0.589623689651489
v 0.914864182472229 0.0340616703033447 0.608023583889008
v 0.890903770923615 0.0811687707901001 0.646563827991486
v 0.882943272590637 0.0445367693901062 0.643986642360687
v 0.898594558238983 0.0407330393791199 0.635476291179657
v 0.908583641052246 0.0760998725891113 0.637209415435791
v 0.817602276802063 0.00665062665939331 0.595175623893738
v 0.820663094520569 0.00928539037704468 0.615917563438416
v 0.819084584712982 0.0485792756080627 0.614099502563477
v 0.816658675670624 0.0457157492637634 0.591597080230713
v 0.841516613960266 -0.00237095355987549 0.558631718158722
v 0.823653280735016 0.00271338224411011 0.572642624378204
v 0.823844432830811 0.0410301685333252 0.565512716770172
v 0.860171377658844 -0.00689709186553955 0.557896554470062
v 0.855793714523315 -0.0424932241439819 0.564147233963013
v 0.83988094329834 -0.0388153791427612 0.564728379249573
v 0.893486797809601 -0.0371478199958801 0.61163604259491
v 0.89162939786911 -0.0402589440345764 0.596403241157532
v 0.883450031280518 -0.0320256352424622 0.633131980895996
v 0.889475524425507 0.00400882959365845 0.633700847625732
v 0.876242518424988 0.00791853666305542 0.641625761985779
v 0.871574699878693 -0.0280557870864868 0.640775918960571
v 0.842370271682739 0.00952428579330444 0.640401899814606
v 0.840565025806427 -0.0265455842018127 0.639119684696198
v 0.856202244758606 -0.0261170268058777 0.643058180809021
v 0.859345197677612 0.00980132818222046 0.644102990627289
v 0.822888433933258 -0.02662593126297 0.617049098014832
v 0.830443322658539 -0.0261661410331726 0.630453705787659
v 0.829416275024414 0.0103415846824646 0.631265580654144
v 0.818716764450073 -0.0287384986877441 0.597831189632416
v 0.824220776557922 -0.0335674285888672 0.577053427696228
v 1.04260683059692 0.532120525836945 0.556482076644897
v 1.03747403621674 0.527159333229065 0.568785667419434
v 1.03792870044708 0.517302393913269 0.540091454982758
v 1.0399032831192 0.525406360626221 0.528188109397888
v 0.974197924137115 0.406841158866882 0.4759621322155
v 0.977266073226929 0.437201678752899 0.468714863061905
v 0.969374775886536 0.346866250038147 0.49061244726181
v 0.970936298370361 0.37604284286499 0.482109218835831
v 0.966455340385437 0.318645596504211 0.499620974063873
v 0.961280345916748 0.264815449714661 0.52161693572998
v 0.963420510292053 0.291408002376556 0.510295987129211
v 0.955865204334259 0.238737285137177 0.530645847320557
v 0.946070909500122 0.213832139968872 0.53738135099411
v 0.93570202589035 0.187161147594452 0.541674494743347
v 0.923714756965637 0.129893839359283 0.551914691925049
v 0.927656292915344 0.15991199016571 0.547070622444153
v 0.936108708381653 0.13054883480072 0.572689712047577
v 0.913869023323059 0.0634465217590332 0.563762485980988
v 0.919993162155151 0.0973832607269287 0.557327926158905
v 0.893521070480347 -0.00915855169296265 0.57720023393631
v 0.904208660125732 0.0272495746612549 0.570587813854218
v 0.882626056671143 -0.0427341461181641 0.581670165061951
v 0.952866792678833 0.553032159805298 0.441470235586166
v 0.954060733318329 0.575599789619446 0.442050218582153
v 0.980591714382172 0.558516263961792 0.444058686494827
v 0.980944514274597 0.540711760520935 0.447398900985718
v 1.03985047340393 0.538291811943054 0.49856173992157
v 1.0390350818634 0.536950826644897 0.502811908721924
v 1.03328800201416 0.537777662277222 0.487352848052979
v 1.03503823280334 0.539812624454498 0.484365701675415
v 0.859557926654816 0.302566826343536 0.517682492733002
v 0.898090183734894 0.345083773136139 0.606428027153015
v 0.940134644508362 0.341093122959137 0.606425940990448
v 0.919146299362183 0.343386590480804 0.610039055347443
v 0.94638329744339 0.288900077342987 0.489232063293457
v 0.922996699810028 0.290712893009186 0.474868834018707
v 0.922102808952332 0.31737869977951 0.469562530517578
v 0.946650266647339 0.316580414772034 0.481011718511581
v 0.883034646511078 0.155774593353271 0.522686302661896
v 0.907704830169678 0.156995952129364 0.531984210014343
v 0.902027070522308 0.128199577331543 0.538242280483246
v 0.886969029903412 0.180751621723175 0.516351938247681
v 0.847498595714569 0.191218912601471 0.618849158287048
v 0.865615963935852 0.190115332603455 0.629891633987427
v 0.88080108165741 0.155323326587677 0.64286482334137
v 0.885977983474731 0.186395049095154 0.63304328918457
v 0.858476281166077 0.159289658069611 0.639056324958801
v 0.947707056999207 0.372809052467346 0.465811163187027
v 0.947900593280792 0.344518601894379 0.473186552524567
v 0.920463979244232 0.34539657831192 0.46525901556015
v 0.919319212436676 0.374298214912415 0.459623038768768
v 0.968040943145752 0.869547009468079 0.641749083995819
v 0.949830651283264 0.867704093456268 0.628512859344482
v 0.911620378494263 0.988610684871674 0.523530602455139
v 0.918254137039185 0.981523811817169 0.510358333587646
v 0.920179843902588 0.967398703098297 0.520211637020111
v 0.912923634052277 0.974422931671143 0.537623763084412
v 0.908071339130402 0.985797345638275 0.551642775535583
v 0.907310426235199 0.998980164527893 0.536133646965027
v 0.906800031661987 0.999006390571594 0.564056217670441
v 0.905872464179993 1.01187527179718 0.548651039600372
v 0.914753258228302 1.06393623352051 0.612099230289459
v 0.914932429790497 1.07341146469116 0.622683763504028
v 1.01272666454315 0.952187061309814 0.445460677146912
v 1.01141321659088 0.932716548442841 0.43666934967041
v 0.988942742347717 0.933063209056854 0.446525067090988
v 0.980785548686981 0.758670687675476 0.416342556476593
v 0.969389081001282 0.665103793144226 0.436900973320007
v 0.990404665470123 0.659557461738586 0.42713737487793
v 0.995601832866669 0.630475997924805 0.428602010011673
v 1.02950298786163 0.564736783504486 0.447020769119263
v 1.04054307937622 0.551959574222565 0.460655033588409
v 1.04347777366638 0.540379524230957 0.481607854366302
v 1.04538059234619 0.537886381149292 0.497496217489243
v 1.03510856628418 0.918550789356232 0.669985294342041
v 1.03762495517731 0.941573977470398 0.676969587802887
v 1.09611773490906 1.11055088043213 0.682383835315704
v 1.08287215232849 1.11247861385345 0.691110253334045
v 1.08218169212341 1.14003932476044 0.68896746635437
v 1.09514391422272 1.1374169588089 0.680415868759155
v 1.0947197675705 1.14958679676056 0.677918672561646
v 1.08149719238281 1.15213716030121 0.68636679649353
v 1.08578872680664 1.21215462684631 0.651402294635773
v 1.08658647537231 1.19863748550415 0.658910870552063
v 1.04370021820068 0.53874683380127 0.520247936248779
v 1.04416608810425 0.537247121334076 0.529936492443085
v 1.03935015201569 0.534893155097961 0.508662343025208
v 1.00641250610352 0.513038873672485 0.46607568860054
v 1.00571250915527 0.530072927474976 0.460329324007034
v 1.02358257770538 0.523565411567688 0.479355871677399
v 1.02369689941406 0.510082125663757 0.485672295093536
v 0.853074610233307 0.578465044498444 0.559355795383453
v 0.854987800121307 0.575539112091064 0.517507433891296
v 0.963224947452545 0.528966307640076 0.636883139610291
v 0.776825547218323 1.01508116722107 0.732986748218536
v 0.802146434783936 1.01846778392792 0.720580160617828
v 0.805249452590942 1.01841259002686 0.735616683959961
v 0.779374182224274 1.01651751995087 0.74744701385498
v 1.05148923397064 1.01484048366547 0.698923289775848
v 1.03878104686737 0.989651679992676 0.693207859992981
v 1.00091850757599 1.19709968566895 0.615548670291901
v 0.954868793487549 1.19807076454163 0.666284561157227
v 0.966663837432861 1.19798755645752 0.661904215812683
v 0.952356219291687 1.19253373146057 0.639362335205078
v 0.941967725753784 1.19338297843933 0.643382966518402
v 0.987210333347321 1.13771522045135 0.716224908828735
v 1.00012016296387 1.13601863384247 0.715227842330933
v 0.995872914791107 1.15469706058502 0.710990786552429
v 0.983796715736389 1.15548467636108 0.712135851383209
v 1.00922012329102 0.675360321998596 0.687986493110657
v 1.03835701942444 0.674389243125916 0.683638453483582
v 1.04324245452881 0.858563780784607 0.648020029067993
v 1.04853868484497 0.879625856876373 0.654464364051819
v 1.02824676036835 0.876083076000214 0.657181203365326
v 1.02229356765747 0.855960607528687 0.651377081871033
v 1.0203115940094 1.00277662277222 0.700293779373169
v 1.00153410434723 0.988184452056885 0.694007635116577
v 1.00149190425873 1.02927494049072 0.453975081443787
v 0.984352052211761 1.03674256801605 0.457781344652176
v 0.987508952617645 1.05473685264587 0.467229664325714
v 1.00496017932892 1.0495023727417 0.462394416332245
v 0.842146754264832 1.04319047927856 0.745925545692444
v 0.833798229694366 1.02882611751556 0.7364901304245
v 0.85528290271759 1.03347671031952 0.722117722034454
v 0.862532317638397 1.04128980636597 0.729069828987122
v 0.896806836128235 0.561260342597961 0.63184928894043
v 0.868108034133911 0.580009043216705 0.6031733751297
v 0.93760073184967 0.897042095661163 0.623844027519226
v 0.937002599239349 0.881032705307007 0.616384267807007
v 0.954203963279724 0.883399486541748 0.634687602519989
v 0.954884588718414 0.899296700954437 0.64273738861084
v 0.937215447425842 0.947127223014832 0.637877881526947
v 0.938063740730286 0.931005239486694 0.634087562561035
v 0.934827089309692 0.962975680828094 0.64338618516922
v 0.914937734603882 1.05882012844086 0.677559196949005
v 0.921393394470215 1.05504250526428 0.673807501792908
v 0.924879193305969 1.05415058135986 0.680634438991547
v 0.980990648269653 0.518960893154144 0.451470255851746
v 0.98488712310791 0.58602637052536 0.43944439291954
v 0.993305921554565 0.596785187721252 0.435637891292572
v 1.04369950294495 0.539380550384521 0.512578308582306
v 1.04648554325104 0.538360118865967 0.51035612821579
v 1.01706564426422 1.21377372741699 0.582801103591919
v 1.01861751079559 1.21789181232452 0.599791526794434
v 0.861794829368591 1.05113673210144 0.681074023246765
v 0.881355762481689 1.06161940097809 0.674794554710388
v 0.92319530248642 1.03916990756989 0.657059371471405
v 0.921540558338165 1.04853332042694 0.661267280578613
v 0.91930103302002 1.05392932891846 0.649272918701172
v 0.920044422149658 1.04445326328278 0.642584919929504
v 0.92814975976944 1.03702235221863 0.668672740459442
v 0.925790667533875 1.04541110992432 0.671052992343903
v 0.923146724700928 1.1213413476944 0.577294707298279
v 0.924369692802429 1.13711929321289 0.591089487075806
v 0.933905422687531 1.14022052288055 0.584150075912476
v 0.931451976299286 1.12465870380402 0.569433093070984
v 0.941232323646545 1.12429940700531 0.559268653392792
v 0.944087445735931 1.14149737358093 0.575229287147522
v 0.955922424793243 1.1404424905777 0.564073324203491
v 0.953248023986816 1.12328708171844 0.547957420349121
v 0.9945148229599 1.18122839927673 0.593165755271912
v 1.0026661157608 1.17484366893768 0.569591164588928
v 1.01614928245544 1.16914618015289 0.54966676235199
v 1.03030395507812 1.16564905643463 0.534223079681396
v 1.0881040096283 1.18591690063477 0.666149020195007
v 1.07095289230347 1.18849086761475 0.673947095870972
v 1.0776332616806 1.17521619796753 0.67877995967865
v 1.09076976776123 1.17287826538086 0.670622825622559
v 1.10408806800842 1.17149198055267 0.663537740707397
v 1.10269641876221 1.18416523933411 0.658101618289948
v 1.01882362365723 1.20009386539459 0.571171820163727
v 1.02683711051941 1.19486379623413 0.554747462272644
v 1.03537106513977 1.18182861804962 0.5420201420784
v 0.776081204414368 1.11643886566162 0.74344140291214
v 0.796083569526672 1.12387931346893 0.73330956697464
v 1.0332670211792 1.22808110713959 0.630307734012604
v 1.02480435371399 1.22301721572876 0.615933001041412
v 0.781433820724487 1.10881662368774 0.760254502296448
v 0.802189528942108 1.11685335636139 0.750106275081635
v 0.952106833457947 1.1746472120285 0.61215341091156
v 0.942015886306763 1.17695987224579 0.61932760477066
v 0.962509453296661 1.19006407260895 0.63343071937561
v 1.02065420150757 1.20837783813477 0.566474676132202
v 1.02699744701385 1.20329415798187 0.55087286233902
v 0.85724800825119 0.612301111221313 0.550228893756866
v 0.860881447792053 0.607219278812408 0.512514591217041
v 0.913887619972229 0.861745238304138 0.561805963516235
v 0.913808465003967 0.859031796455383 0.535755395889282
v 1.03371918201447 0.891192555427551 0.415208429098129
v 1.03379094600677 0.870687484741211 0.409531623125076
v 1.01282632350922 0.870709896087646 0.414272248744965
v 1.01151096820831 0.892038285732269 0.420613706111908
v 1.03666114807129 0.949932038784027 0.43882417678833
v 1.03540599346161 0.931215822696686 0.430422812700272
v 1.04657506942749 1.20388746261597 0.531989634037018
v 0.995728492736816 0.825213074684143 0.414325684309006
v 0.994681119918823 0.849339246749878 0.418770104646683
v 1.01469743251801 0.847494542598724 0.409672498703003
v 1.01668703556061 0.820366978645325 0.407349705696106
v 1.02506327629089 0.793438613414764 0.4025838971138
v 1.02679193019867 0.781215310096741 0.400542497634888
v 1.01565253734589 0.610399186611176 0.425183773040771
v 1.02592825889587 0.610117495059967 0.42319655418396
v 0.845938205718994 1.13438677787781 0.673102676868439
v 0.847014784812927 1.14716458320618 0.689614653587341
v 0.859683454036713 1.15473318099976 0.681195378303528
v 0.859622836112976 1.14013564586639 0.66642153263092
v 0.961539745330811 0.829869985580444 0.442992568016052
v 0.978045761585236 0.828360259532928 0.426348090171814
v 0.910078525543213 1.06418180465698 0.590200364589691
v 0.914381265640259 1.05273234844208 0.603399395942688
v 1.01364147663116 0.974345505237579 0.450583249330521
v 0.968414723873138 1.04250633716583 0.463745951652527
v 0.971149086952209 1.05851018428802 0.473839908838272
v 0.954290926456451 1.04621696472168 0.471777558326721
v 0.956518888473511 1.06103885173798 0.482205927371979
v 1.04751002788544 0.541323840618134 0.524055182933807
v 1.0454603433609 0.541444897651672 0.523564517498016
v 0.893726944923401 1.10033059120178 0.742697954177856
v 0.893083870410919 1.0905294418335 0.740060091018677
v 0.905080080032349 1.09191584587097 0.73597514629364
v 0.905650198459625 1.10250127315521 0.739450931549072
v 1.03207194805145 0.494293302297592 0.521183907985687
v 1.03341484069824 0.510998606681824 0.511508107185364
v 1.03264677524567 0.537361025810242 0.591333150863647
v 1.04453957080841 0.538977265357971 0.574959635734558
v 1.05021822452545 0.546815752983093 0.581925332546234
v 1.05264294147491 0.550017952919006 0.592532992362976
v 0.949655950069427 0.465580105781555 0.448754906654358
v 0.950325429439545 0.497604042291641 0.444695979356766
v 0.948845982551575 0.43418961763382 0.453969717025757
v 0.948355078697205 0.402977645397186 0.459508746862411
v 0.929627358913422 0.213624835014343 0.521712303161621
v 0.914792597293854 0.186544835567474 0.523650407791138
v 0.89703631401062 0.0962445735931396 0.5442955493927
v 0.89172375202179 0.0626204609870911 0.551150858402252
v 0.885037541389465 0.0269501209259033 0.558590531349182
v 0.869940280914307 -0.0433603525161743 0.570917129516602
v 0.87759006023407 -0.00968372821807861 0.565796852111816
v 0.784764111042023 1.09504961967468 0.772469341754913
v 0.785367667675018 1.07942295074463 0.78143572807312
v 0.809430599212646 1.08525121212006 0.769997715950012
v 0.808098673820496 1.10271286964417 0.76195627450943
v 0.817826628684998 1.04244875907898 0.687547862529755
v 0.796518445014954 1.03567337989807 0.697430372238159
v 0.793580055236816 1.04923021793365 0.689556241035461
v 0.815337419509888 1.05647802352905 0.679882645606995
v 0.773730754852295 1.02923607826233 0.708051085472107
v 0.799523174762726 1.02488493919373 0.707738637924194
v 0.775288581848145 1.01980865001678 0.719791233539581
v 0.782327234745026 1.02461338043213 0.761276245117188
v 0.808161616325378 1.02535402774811 0.749596476554871
v 0.811581969261169 1.03861618041992 0.76068103313446
v 0.784346520900726 1.03607821464539 0.772648215293884
v 0.785221695899963 1.06355476379395 0.784265220165253
v 0.784795522689819 1.04866886138916 0.780735313892365
v 0.810476660728455 1.05337357521057 0.769319593906403
v 0.809314370155334 1.06891524791718 0.772796392440796
v 0.768143773078918 1.07304191589355 0.694820165634155
v 0.789848446846008 1.08073472976685 0.683943748474121
v 0.791238188743591 1.0644942522049 0.684725344181061
v 0.769478797912598 1.05735838413239 0.695067763328552
v 0.85067617893219 1.15190768241882 0.708328247070312
v 0.863715529441833 1.16111385822296 0.701050162315369
v 0.906769156455994 1.09298384189606 0.626244843006134
v 0.902828097343445 1.09669256210327 0.638710618019104
v 0.89378434419632 1.11205184459686 0.636426866054535
v 0.898351907730103 1.11000287532806 0.623583495616913
v 0.813323974609375 1.13098955154419 0.703962802886963
v 0.816899180412292 1.13208711147308 0.724086284637451
v 0.836005449295044 1.14187145233154 0.715497136116028
v 0.832047581672668 1.13914179801941 0.695986986160278
v 0.811686515808105 1.08797860145569 0.673419833183289
v 0.832595229148865 1.09503734111786 0.66312313079834
v 0.835048198699951 1.07939481735229 0.665106356143951
v 0.813178181648254 1.07184672355652 0.674760103225708
v 0.850868165493011 1.0296642780304 0.709548711776733
v 0.829494595527649 1.0227347612381 0.722387313842773
v 0.862855494022369 1.12315022945404 0.655323088169098
v 0.847598314285278 1.11757612228394 0.660971403121948
v 0.910110950469971 1.0525803565979 0.581741869449615
v 0.919857501983643 1.03539776802063 0.637129247188568
v 0.919245839118958 1.02519953250885 0.631703495979309
v 0.915040969848633 0.997257590293884 0.504059493541718
v 0.913069367408752 1.01343441009521 0.503760814666748
v 0.910277843475342 1.00496804714203 0.59575229883194
v 0.908624172210693 0.98823881149292 0.584443628787994
v 0.910402417182922 1.01430594921112 0.511982202529907
v 0.910253465175629 1.00314617156982 0.514923810958862
v 0.953181445598602 0.93022894859314 0.474479794502258
v 1.03393375873566 1.1733261346817 0.539952158927917
v 0.830772161483765 1.11193811893463 0.667849838733673
v 0.829792380332947 1.12805938720703 0.679153382778168
v 0.877736449241638 1.04398369789124 0.716647922992706
v 0.873205304145813 1.03937828540802 0.708404064178467
v 0.888504505157471 1.04734969139099 0.698061287403107
v 0.891066670417786 1.048703789711 0.705810904502869
v 0.990998327732086 1.02672934532166 0.703760325908661
v 0.979126751422882 1.01754462718964 0.697161436080933
v 0.990179061889648 1.00291275978088 0.696213126182556
v 1.00463545322418 1.01428031921387 0.70319938659668
v 0.887402296066284 1.11879777908325 0.744587659835815
v 0.899722516536713 1.12435221672058 0.741541981697083
v 0.89323878288269 1.13617646694183 0.738926529884338
v 0.879685282707214 1.12819516658783 0.742594957351685
v 0.883876025676727 1.14835250377655 0.732348620891571
v 0.87209689617157 1.15911674499512 0.720399439334869
v 0.858252167701721 1.1485321521759 0.726109564304352
v 0.869189500808716 1.13877356052399 0.737257242202759
v 0.870307385921478 0.646961331367493 0.575031578540802
v 0.883066475391388 0.6499844789505 0.605671882629395
v 0.932055830955505 0.776708781719208 0.468307018280029
v 0.917424440383911 0.783382594585419 0.489246189594269
v 0.944208383560181 0.678082823753357 0.450231432914734
v 1.02391815185547 0.538796305656433 0.472457051277161
v 1.00528621673584 0.552339494228363 0.451754987239838
v 1.02812850475311 0.470289528369904 0.530281603336334
v 0.864237189292908 0.641949415206909 0.542379975318909
v 1.00947177410126 0.412032842636108 0.546495258808136
v 1.01974308490753 0.441790729761124 0.538973152637482
v 0.96904855966568 0.418538868427277 0.614120423793793
v 0.980107724666595 0.448480933904648 0.614693760871887
v 0.949907004833221 0.448960453271866 0.623971223831177
v 0.942153811454773 0.420428931713104 0.622075200080872
v 0.919417142868042 0.450177013874054 0.62270987033844
v 0.913840234279633 0.422249853610992 0.619995176792145
v 0.891300797462463 0.348604559898376 0.470967203378677
v 0.875766813755035 0.121151328086853 0.648668348789215
v 0.849112868309021 0.0875024795532227 0.644794523715973
v 0.870176553726196 0.084874153137207 0.649517953395844
v 0.853162169456482 0.125013530254364 0.644254624843597
v 0.839394807815552 0.160167276859283 0.625811815261841
v 0.833979368209839 0.126177489757538 0.630408644676208
v 0.8248291015625 0.0772841572761536 0.558809638023376
v 0.864185214042664 0.0475413203239441 0.646932601928711
v 0.84535151720047 0.0485270023345947 0.642386734485626
v 0.830781221389771 0.0889168381690979 0.631700754165649
v 0.82944244146347 0.0497652888298035 0.631336569786072
v 1.03380453586578 0.522121787071228 0.502894043922424
v 1.05431759357452 0.552467167377472 0.608148336410522
v 0.876447856426239 0.60293447971344 0.480535179376602
v 0.870187878608704 0.573268175125122 0.481813251972198
v 0.956714570522308 0.594059944152832 0.442243903875351
v 0.931622743606567 0.611899614334106 0.447799861431122
v 0.931741893291473 0.851718366146088 0.489754915237427
v 0.945590794086456 0.85043603181839 0.469860136508942
v 0.931018471717834 0.890247344970703 0.503072142601013
v 0.931334316730499 0.870531678199768 0.497106999158859
v 0.921068727970123 0.873739778995514 0.518659472465515
v 0.922105431556702 0.892050683498383 0.524944305419922
v 0.91795027256012 0.89491993188858 0.575198888778687
v 0.916608691215515 0.878047585487366 0.568632364273071
v 0.923819124698639 0.879143834114075 0.593742609024048
v 0.924747705459595 0.895495474338531 0.600878536701202
v 0.93269407749176 0.865549325942993 0.609894633293152
v 0.919977486133575 0.86367791891098 0.587236821651459
v 1.01180326938629 0.893087267875671 0.661502718925476
v 1.01452088356018 0.913555145263672 0.668942749500275
v 0.994326293468475 0.908306658267975 0.664449751377106
v 0.991886496543884 0.889478266239166 0.656459808349609
v 1.00422871112823 0.605660438537598 0.429430544376373
v 1.03354835510254 0.535082101821899 0.491629332304001
v 0.951276779174805 0.526870131492615 0.442145109176636
v 0.92263388633728 0.563742756843567 0.443292945623398
v 0.893128931522369 0.569640159606934 0.456019371747971
v 0.880707800388336 1.07110619544983 0.667612552642822
v 0.957708954811096 1.04371333122253 0.694742202758789
v 0.962836265563965 1.05222225189209 0.698571979999542
v 0.843018114566803 1.13666689395905 0.732368767261505
v 0.853400468826294 1.12654805183411 0.742939710617065
v 0.851582169532776 1.1013400554657 0.654834032058716
v 0.869795858860016 1.16079711914062 0.673535525798798
v 0.879870414733887 1.15114378929138 0.650303900241852
v 0.8705815076828 1.14559233188629 0.658816039562225
v 0.917522728443146 0.668710231781006 0.466361820697784
v 0.911965012550354 0.64585554599762 0.463606178760529
v 0.889662384986877 0.655676364898682 0.482013434171677
v 1.04669082164764 0.539595603942871 0.560942053794861
v 1.04815793037415 0.544436693191528 0.567779898643494
v 0.980832874774933 0.573283791542053 0.442054957151413
v 0.992034792900085 0.355045676231384 0.558020293712616
v 0.999989688396454 0.382859766483307 0.552351057529449
v 0.985476136207581 0.329352498054504 0.563971638679504
v 0.97946560382843 0.303771138191223 0.571825563907623
v 0.972522497177124 0.278352022171021 0.579773187637329
v 0.96178013086319 0.252907633781433 0.585825502872467
v 0.948069632053375 0.227032959461212 0.587725281715393
v 0.938754260540009 0.199238479137421 0.594376981258392
v 0.937870144844055 0.133266508579254 0.59489643573761
v 0.935467720031738 0.16955292224884 0.604086577892303
v 0.932170033454895 0.137857139110565 0.612995505332947
v 0.927369296550751 0.10510116815567 0.619765102863312
v 0.908944606781006 0.0371983051300049 0.623221814632416
v 0.920580744743347 0.0720852017402649 0.62329375743866
v 0.898291289806366 0.00173920392990112 0.623169898986816
v 0.8903449177742 -0.033970832824707 0.623744130134583
v 1.04636561870575 0.540802001953125 0.533536314964294
v 1.04669368267059 0.540362417697906 0.546996712684631
v 0.963610231876373 1.17233455181122 0.6033815741539
v 0.918098509311676 1.0535581111908 0.627010643482208
v 0.917993009090424 1.06226873397827 0.635678887367249
v 0.868557095527649 1.10708069801331 0.649477362632751
v 1.05615389347076 0.561806678771973 0.625883102416992
v 1.05924451351166 0.576086223125458 0.642458498477936
v 0.831897616386414 1.07261371612549 0.761014878749847
v 0.832752764225006 1.08948993682861 0.76014518737793
v 0.856567203998566 1.08697557449341 0.657489836215973
v 0.914003849029541 1.08175754547119 0.634406089782715
v 0.90916520357132 1.08636128902435 0.644121706485748
v 0.757871210575104 1.16223537921906 0.759153842926025
v 0.759961903095245 1.17807173728943 0.749838590621948
v 0.753521800041199 1.18204426765442 0.759380102157593
v 0.750486135482788 1.16574048995972 0.769170761108398
v 0.760196924209595 1.15795910358429 0.747067391872406
v 0.76112163066864 1.17344999313354 0.738487899303436
v 0.712850451469421 1.14613354206085 0.707975625991821
v 0.714466333389282 1.16702795028687 0.705085933208466
v 0.727854013442993 1.16477060317993 0.706195056438446
v 0.727090656757355 1.14495658874512 0.709694743156433
v 0.758657038211823 1.18534588813782 0.720025062561035
v 0.757712364196777 1.16931247711182 0.727467834949493
v 0.749882102012634 1.16606998443604 0.718288481235504
v 0.750959277153015 1.18324792385101 0.711807489395142
v 0.68905371427536 1.15421605110168 0.723346352577209
v 0.686413407325745 1.13257503509521 0.725037813186646
v 0.681157946586609 1.1368715763092 0.739309787750244
v 0.685448586940765 1.15820944309235 0.736936688423157
v 0.7178635597229 1.07043623924255 0.723572015762329
v 0.718816995620728 1.05958616733551 0.726525723934174
v 0.708146512508392 1.05398035049438 0.725836455821991
v 0.705154418945312 1.06695747375488 0.723286747932434
v 0.755966782569885 1.13105845451355 0.778036296367645
v 0.756749451160431 1.14622974395752 0.768557786941528
v 0.748020052909851 1.14906346797943 0.778899431228638
v 0.745021164417267 1.13219499588013 0.788575351238251
v 0.751306414604187 1.11514234542847 0.735197603702545
v 0.750608384609222 1.09935939311981 0.741262674331665
v 0.74002343416214 1.09331250190735 0.730280041694641
v 0.739957690238953 1.10974228382111 0.724324703216553
v 0.741101384162903 1.11548829078674 0.797281503677368
v 0.753712773323059 1.1160272359848 0.788035750389099
v 0.75004243850708 1.14864194393158 0.72398442029953
v 0.750890552997589 1.131556391716 0.72932630777359
v 0.739952623844147 1.12691903114319 0.719750165939331
v 0.739461660385132 1.14561581611633 0.715666770935059
v 0.698863625526428 1.19471108913422 0.71811854839325
v 0.693362653255463 1.17487680912018 0.721117973327637
v 0.690904855728149 1.17829656600952 0.733826398849487
v 0.69754433631897 1.19799220561981 0.729709208011627
v 0.7409588098526 1.18308234214783 0.706218600273132
v 0.739899635314941 1.16448843479156 0.711287915706635
v 0.729262113571167 1.18434512615204 0.702449262142181
v 0.734773397445679 1.20365595817566 0.758452296257019
v 0.728585124015808 1.18607890605927 0.767609715461731
v 0.742399036884308 1.18442666530609 0.765196084976196
v 0.747311472892761 1.20128440856934 0.756014108657837
v 0.71341347694397 1.10511708259583 0.713735222816467
v 0.712865829467773 1.12548327445984 0.710658073425293
v 0.726867139339447 1.12524080276489 0.713014781475067
v 0.727359533309937 1.10608875751495 0.716870009899139
v 0.76034414768219 1.12694191932678 0.76367175579071
v 0.760008335113525 1.14197492599487 0.755492329597473
v 0.72239077091217 1.16798722743988 0.776898622512817
v 0.716366648674011 1.14903771877289 0.785382926464081
v 0.733443379402161 1.14939725399017 0.784284830093384
v 0.737836837768555 1.16709387302399 0.774672150611877
v 0.694597601890564 1.12590408325195 0.785688638687134
v 0.700561165809631 1.14702963829041 0.780322432518005
v 0.688906013965607 1.14372384548187 0.768692910671234
v 0.683122456073761 1.12175345420837 0.772902548313141
v 0.701194286346436 1.08509993553162 0.719503223896027
v 0.715453267097473 1.08566927909851 0.718781530857086
v 0.685407161712646 1.10986602306366 0.727027118206024
v 0.686653435230255 1.08689188957214 0.728318572044373
v 0.677330613136292 1.0900114774704 0.743369281291962
v 0.678377568721771 1.11400961875916 0.741539359092712
v 0.752440392971039 1.08639991283417 0.768019318580627
v 0.756903648376465 1.09412217140198 0.762680172920227
v 0.757746398448944 1.09972047805786 0.780491590499878
v 0.753086388111115 1.09079265594482 0.786152601242065
v 0.750117242336273 1.10167801380157 0.795480489730835
v 0.745478987693787 1.0901517868042 0.800031900405884
v 0.730672299861908 1.07174229621887 0.806225419044495
v 0.730096757411957 1.07447230815887 0.807336449623108
v 0.719865024089813 1.06331515312195 0.807623267173767
v 0.724398612976074 1.05958485603333 0.806057929992676
v 0.682349681854248 1.07999980449677 0.794473886489868
v 0.687503516674042 1.10362768173218 0.790570139884949
v 0.677388846874237 1.09826326370239 0.776325464248657
v 0.673067688941956 1.07263076305389 0.779581010341644
v 0.676005840301514 1.04600739479065 0.761241674423218
v 0.673015236854553 1.06780385971069 0.76240062713623
v 0.679469108581543 1.06627786159515 0.744784653186798
v 0.684477806091309 1.04736304283142 0.744179725646973
v 0.730416119098663 1.01670622825623 0.74087917804718
v 0.712903022766113 1.01899170875549 0.746378660202026
v 0.714801788330078 1.02387821674347 0.732586085796356
v 0.730022430419922 1.02247333526611 0.727771580219269
v 0.720999181270599 1.04486036300659 0.717379510402679
v 0.723476767539978 1.05782079696655 0.718020021915436
v 0.732549250125885 1.06091010570526 0.712088465690613
v 0.731932640075684 1.04671347141266 0.711787700653076
v 0.74366569519043 1.10082161426544 0.76391613483429
v 0.740648746490479 1.09365212917328 0.768063902854919
v 0.742906808853149 1.09340786933899 0.78657078742981
v 0.749115228652954 1.09697091579437 0.782626211643219
v 0.681133389472961 1.05936968326569 0.79695850610733
v 0.670882344245911 1.04749810695648 0.780315399169922
v 0.714181900024414 1.04404580593109 0.721951723098755
v 0.710819840431213 1.04602205753326 0.725322365760803
v 0.718826770782471 1.05381155014038 0.725872457027435
v 0.719125032424927 1.05435216426849 0.722605645656586
v 0.728531301021576 1.0754063129425 0.737798094749451
v 0.73216986656189 1.07032907009125 0.740285456180573
v 0.739494562149048 1.07732009887695 0.754110097885132
v 0.735027432441711 1.08096587657928 0.752771854400635
v 0.740006864070892 1.08714497089386 0.770478785037994
v 0.745715737342834 1.0836786031723 0.771205365657806
v 0.746261835098267 1.08651983737946 0.789018273353577
v 0.741089820861816 1.08846926689148 0.788635790348053
v 0.687714338302612 1.04733121395111 0.797997117042542
v 0.695574760437012 1.0377631187439 0.795441150665283
v 0.703814208507538 1.04568648338318 0.802729606628418
v 0.697941601276398 1.05483484268188 0.80540132522583
v 0.692509949207306 1.03419971466064 0.74165266752243
v 0.686963319778442 1.03245258331299 0.75672972202301
v 0.736414194107056 1.07295477390289 0.739176630973816
v 0.725817084312439 1.06214475631714 0.730791032314301
v 0.728377044200897 1.06610679626465 0.730840981006622
v 0.740129470825195 1.08347499370575 0.801908075809479
v 0.731092035770416 1.01486480236053 0.754090428352356
v 0.751257658004761 1.01389288902283 0.745418667793274
v 0.753445029258728 1.0162433385849 0.759154081344604
v 0.733178436756134 1.01677691936493 0.767310678958893
v 0.749678313732147 1.01685667037964 0.73173999786377
v 0.749121427536011 1.02440881729126 0.719429314136505
v 0.747906446456909 1.06621325016022 0.704581141471863
v 0.748147249221802 1.05095970630646 0.70443332195282
v 0.747754693031311 1.08171665668488 0.710259020328522
v 0.73309063911438 1.07556343078613 0.717917799949646
v 0.734797537326813 1.08853375911713 0.727911174297333
v 0.748666524887085 1.09548878669739 0.719458758831024
v 0.757676541805267 1.10772025585175 0.753940582275391
v 0.762762665748596 1.10146987438202 0.771741509437561
v 0.74898487329483 1.08541882038116 0.794059634208679
v 0.764453172683716 1.08875131607056 0.784412205219269
v 0.717749059200287 1.03327369689941 0.722379684448242
v 0.708199977874756 1.03434669971466 0.727013468742371
v 0.706644654273987 1.16693234443665 0.773265182971954
v 0.714058995246887 1.18607592582703 0.765182554721832
v 0.70238196849823 1.18365430831909 0.756950497627258
v 0.695397853851318 1.16398084163666 0.763428568840027
v 0.694418549537659 1.18105220794678 0.746172308921814
v 0.701810598373413 1.2003607749939 0.740760207176208
v 0.757831513881683 1.1367529630661 0.742035567760468
v 0.757621049880981 1.15316116809845 0.734755218029022
v 0.762758553028107 1.18887531757355 0.729954600334167
v 0.745234131813049 1.07961905002594 0.751273572444916
v 0.748668432235718 1.0869824886322 0.746710300445557
v 0.718035697937012 1.0488007068634 0.80324798822403
v 0.727719008922577 1.04608678817749 0.800297200679779
v 0.732720851898193 1.05827951431274 0.804064810276031
v 0.697377145290375 1.06767654418945 0.806041121482849
v 0.71597146987915 1.07194721698761 0.808679103851318
v 0.719790816307068 1.09238159656525 0.805399775505066
v 0.699879586696625 1.08647692203522 0.804150223731995
v 0.705229997634888 1.03063917160034 0.791115522384644
v 0.71878457069397 1.02564454078674 0.786025822162628
v 0.723257899284363 1.03526329994202 0.794882893562317
v 0.711553454399109 1.03943943977356 0.799330711364746
v 0.737914800643921 1.09715509414673 0.743543565273285
v 0.734768867492676 1.08902370929718 0.748866677284241
v 0.762296915054321 1.05961942672729 0.795256972312927
v 0.762657165527344 1.07371091842651 0.79299521446228
v 0.746770024299622 1.07199573516846 0.800075232982635
v 0.745044231414795 1.05854260921478 0.80119264125824
v 0.736704349517822 1.07165467739105 0.803903818130493
v 0.761480927467346 1.04558277130127 0.791157305240631
v 0.742378652095795 1.04515469074249 0.797243237495422
v 0.751688003540039 1.10593128204346 0.734048128128052
v 0.736369013786316 1.02339220046997 0.77959406375885
v 0.756986737251282 1.02357172966003 0.771843075752258
v 0.759472131729126 1.0340279340744 0.782772600650787
v 0.739325344562531 1.03376448154449 0.789447546005249
v 0.688051223754883 1.16112756729126 0.750967562198639
v 0.682539165019989 1.14025807380676 0.754694104194641
v 0.695272207260132 1.04945302009583 0.731138467788696
v 0.690242052078247 1.06529641151428 0.729978680610657
v 0.701206147670746 1.03909432888031 0.730534076690674
v 0.69896137714386 1.14985156059265 0.712525248527527
v 0.701724231243134 1.17072629928589 0.710512518882751
v 0.698499441146851 1.1064338684082 0.716373205184937
v 0.697902381420135 1.12816751003265 0.714646339416504
v 0.710634231567383 1.12908232212067 0.792887091636658
v 0.697493433952332 1.02366161346436 0.765483856201172
v 0.684084892272949 1.03187394142151 0.771445155143738
v 0.698771238327026 1.0237250328064 0.751584112644196
v 0.748902082443237 1.03692376613617 0.709442675113678
v 0.730687737464905 1.03302443027496 0.717271745204926
v 0.680776953697205 1.04060113430023 0.789152145385742
v 0.771546363830566 1.04252195358276 0.699421226978302
v 0.732642889022827 1.08334505558014 0.806785345077515
v 0.740508019924164 1.08467066287994 0.798484265804291
v 0.73700475692749 1.08293235301971 0.800945639610291
v 0.757503867149353 1.19789505004883 0.750220894813538
v 0.758296489715576 1.12100458145142 0.748821437358856
v 0.738252103328705 1.08035385608673 0.735692381858826
v 0.728776097297668 1.07486426830292 0.727975130081177
v 0.712587594985962 1.01752853393555 0.760347306728363
v 0.714521408081055 1.01918649673462 0.773535847663879
v 0.699938237667084 1.02497911453247 0.778531670570374
v 0.725991785526276 1.07095396518707 0.723581075668335
v 0.729472041130066 1.083132147789 0.733369290828705
v 0.705710351467133 1.19074845314026 0.708304822444916
v 0.723417103290558 1.06534922122955 0.728246331214905
v 0.736708164215088 1.09865283966064 0.803143739700317
v 1.09519040584564 1.12404334545135 0.681711256504059
v 1.10707175731659 1.11015248298645 0.675205290317535
v 1.10704243183136 1.12373697757721 0.674186050891876
v 0.909254729747772 0.973583936691284 0.572589039802551
v 0.930772066116333 0.948648512363434 0.51060289144516
v 0.921173810958862 0.950864136219025 0.530707597732544
v 0.917461216449738 1.0437570810318 0.619752943515778
v 0.916417598724365 1.03232800960541 0.61258465051651
v 0.911352694034576 1.07676875591278 0.651998043060303
v 0.916936755180359 1.07105576992035 0.644517004489899
v 0.907562971115112 1.01368474960327 0.575964212417603
v 1.00184535980225 1.36795449256897 0.586594343185425
v 1.00513029098511 1.36188185214996 0.590056955814362
v 0.999921500682831 1.38062930107117 0.584270060062408
v 1.02688241004944 0.806215465068817 0.404680699110031
v 1.0394903421402 0.779211342334747 0.400038033723831
v 1.03991830348969 0.766107082366943 0.397792309522629
v 0.996318936347961 1.34798538684845 0.575692355632782
v 0.999971270561218 1.34350121021271 0.580838859081268
v 0.995320200920105 1.34583759307861 0.578675329685211
v 0.995687007904053 1.349285364151 0.573299050331116
v 0.996119797229767 1.34841060638428 0.573700606822968
v 0.995299279689789 1.3807555437088 0.573902428150177
v 1.00782418251038 1.35350203514099 0.591054081916809
v 1.00959312915802 1.34391355514526 0.591044187545776
v 0.995550751686096 1.36650943756104 0.571806311607361
v 1.02643895149231 0.793148398399353 0.645117282867432
v 1.0205659866333 0.775493502616882 0.650539696216583
v 1.04621505737305 0.773908913135529 0.648079633712769
v 1.05058372020721 0.791504442691803 0.641213178634644
v 1.07225108146667 0.756499588489532 0.650294780731201
v 1.07429575920105 0.773845851421356 0.643328309059143
v 1.04154872894287 0.754891097545624 0.655692458152771
v 0.921557009220123 0.729427814483643 0.641584455966949
v 0.926039934158325 0.751081526279449 0.637734293937683
v 0.907921075820923 0.753979504108429 0.616866588592529
v 0.902772545814514 0.732604086399078 0.619344174861908
v 0.899901509284973 0.771409332752228 0.591480612754822
v 0.894361674785614 0.75456714630127 0.591244995594025
v 0.913927257061005 0.771775484085083 0.615284860134125
v 0.892496109008789 0.768686532974243 0.563424229621887
v 0.887465953826904 0.750844120979309 0.563339114189148
v 0.892355740070343 0.76243782043457 0.535606980323792
v 0.887252390384674 0.743402719497681 0.535832345485687
v 0.892906069755554 0.734715461730957 0.509959876537323
v 0.906013548374176 0.725140154361725 0.486181735992432
v 0.920640528202057 0.691463351249695 0.46664297580719
v 0.924474477767944 0.714492917060852 0.465921521186829
v 0.945081174373627 0.704102039337158 0.449087530374527
v 0.967111229896545 0.694492518901825 0.434591293334961
v 0.987332880496979 0.687736868858337 0.423577576875687
v 1.00565648078918 0.682861149311066 0.416336178779602
v 1.02264952659607 0.679777503013611 0.411540299654007
v 1.03855872154236 0.677391469478607 0.409741222858429
v 1.03757560253143 0.652014374732971 0.414720565080643
v 0.959119021892548 1.1571159362793 0.582239508628845
v 1.02358603477478 1.20028924942017 0.678464770317078
v 1.00131618976593 1.20228886604309 0.66907662153244
v 1.01625990867615 1.1943074464798 0.684426188468933
v 1.01613175868988 1.13286113739014 0.715019643306732
v 1.03341293334961 1.12742245197296 0.713331162929535
v 1.02963352203369 1.14415431022644 0.710316002368927
v 1.01101291179657 1.15198719501495 0.710523962974548
v 1.03702247142792 1.18953454494476 0.685288667678833
v 1.04119753837585 1.193932056427 0.680463790893555
v 1.03285479545593 1.18257260322571 0.691577196121216
v 1.04952704906464 1.1729325056076 0.692969560623169
v 1.06577110290527 1.16728055477142 0.68951815366745
v 0.967719435691833 1.19011330604553 0.687591671943665
v 0.9539595246315 1.18822240829468 0.691507697105408
v 0.965919256210327 1.17227852344513 0.704975247383118
v 0.977830171585083 1.17397618293762 0.703635394573212
v 0.989189982414246 1.12098479270935 0.717058598995209
v 0.97737044095993 1.1223167181015 0.718657433986664
v 0.977776765823364 1.10731267929077 0.717033386230469
v 0.990451097488403 1.10542106628418 0.71557092666626
v 0.909429848194122 1.17898607254028 0.705714464187622
v 0.895991742610931 1.17258024215698 0.710726261138916
v 0.908358156681061 1.16302621364594 0.724445581436157
v 0.922495543956757 1.16780805587769 0.719363212585449
v 0.975800037384033 1.13846838474274 0.718300640583038
v 1.03355240821838 1.02089881896973 0.705394268035889
v 1.01701879501343 1.02823662757874 0.708620131015778
v 1.00221431255341 1.03725290298462 0.709225416183472
v 0.967119812965393 1.06083333492279 0.702463686466217
v 0.971497297286987 1.04490733146667 0.700808703899384
v 0.97746479511261 1.05521774291992 0.704642415046692
v 0.955712556838989 1.0649950504303 0.702675580978394
v 0.945734918117523 1.06760048866272 0.70342892408371
v 0.889570713043213 1.1560024023056 0.641245245933533
v 0.891432523727417 1.13319182395935 0.62758481502533
v 0.884586930274963 1.13108742237091 0.639436364173889
v 0.921881020069122 1.06634402275085 0.704979658126831
v 0.920065760612488 1.06244111061096 0.700925230979919
v 0.9301677942276 1.06176269054413 0.696866869926453
v 0.931960821151733 1.06568145751953 0.700338959693909
v 0.980166792869568 1.19150030612946 0.683629393577576
v 0.918282389640808 1.14894437789917 0.731323838233948
v 0.923748552799225 1.13372039794922 0.733722627162933
v 0.937125563621521 1.13673913478851 0.727839946746826
v 0.932366669178009 1.15267562866211 0.725521922111511
v 0.927645027637482 1.12046051025391 0.733363032341003
v 0.929268479347229 1.10864520072937 0.730756044387817
v 0.941232740879059 1.1095370054245 0.725712478160858
v 0.940376222133636 1.12261474132538 0.727966666221619
v 0.922592878341675 1.07117974758148 0.709924519062042
v 0.935057997703552 1.0708601474762 0.704712510108948
v 0.874265432357788 1.16909289360046 0.695089340209961
v 0.92663300037384 1.19360136985779 0.675159394741058
v 0.941100597381592 1.19648551940918 0.671074688434601
v 0.929904997348785 1.19144225120544 0.646139144897461
v 0.916649520397186 1.18792808055878 0.649222373962402
v 0.899448871612549 1.07687032222748 0.660987794399261
v 0.899591684341431 1.06901001930237 0.669073343276978
v 0.900408744812012 1.0614161491394 0.676079392433167
v 0.927893877029419 1.05522656440735 0.687504529953003
v 0.900508522987366 1.0559344291687 0.683950483798981
v 0.883844494819641 1.10995244979858 0.644308269023895
v 0.876242995262146 1.12655544281006 0.649015724658966
v 0.92255836725235 1.17414343357086 0.62457937002182
v 0.911560535430908 1.16910636425018 0.627884566783905
v 0.8841712474823 1.16645634174347 0.715327262878418
v 0.896543025970459 1.15601718425751 0.728605151176453
v 0.898821830749512 1.05696082115173 0.713597774505615
v 0.908202648162842 1.05908238887787 0.706074297428131
v 0.910839676856995 1.06310772895813 0.709934294223785
v 0.938656508922577 1.04986584186554 0.688774168491364
v 0.929569244384766 1.0578521490097 0.692171335220337
v 0.939569473266602 1.18639552593231 0.69599324464798
v 0.912622332572937 1.12846410274506 0.737566113471985
v 0.906092166900635 1.14250910282135 0.735287308692932
v 0.952627956867218 1.12337136268616 0.722955703735352
v 0.965106844902039 1.12305021286011 0.720059216022491
v 0.963804006576538 1.13879346847534 0.718947052955627
v 0.950626611709595 1.13825345039368 0.722548246383667
v 0.916585564613342 1.09279942512512 0.730877757072449
v 0.917245626449585 1.10543155670166 0.735410690307617
v 0.96549928188324 1.10880446434021 0.71895444393158
v 0.953253328800201 1.10968446731567 0.721834003925323
v 0.912412166595459 1.0681060552597 0.715118408203125
v 0.932863831520081 1.17717349529266 0.623095750808716
v 0.936321318149567 1.15855050086975 0.600030183792114
v 0.926830172538757 1.15827178955078 0.605593979358673
v 0.917916774749756 1.15339279174805 0.60873818397522
v 0.908074617385864 1.1469874382019 0.612986624240875
v 0.898666620254517 1.1386433839798 0.618684053421021
v 0.946905553340912 1.15791654586792 0.592154264450073
v 0.689315557479858 1.03201019763947 0.784473180770874
v 0.894673824310303 1.05241990089417 0.710702478885651
v 0.888555288314819 1.05533361434937 0.721664607524872
v 0.883288145065308 1.04992282390594 0.720115303993225
v 0.835043609142303 1.05783534049988 0.756787538528442
v 1.03112685680389 1.26586556434631 0.45865136384964
v 1.03188002109528 1.26095283031464 0.462486356496811
v 1.03211736679077 1.28916013240814 0.452596306800842
v 1.03170776367188 1.28547811508179 0.452738285064697
v 0.71171373128891 1.05408716201782 0.806029558181763
v 0.707913935184479 1.05963253974915 0.807187139987946
v 0.704929709434509 1.1079261302948 0.799161374568939
v 0.724685490131378 1.11192154884338 0.800043523311615
v 0.729182958602905 1.13103222846985 0.792583405971527
v 0.760069251060486 1.11262822151184 0.772443830966949
v 0.758446991443634 1.10630822181702 0.755812168121338
v 0.728355169296265 1.08871984481812 0.72246915102005
v 0.674980759620667 1.09346187114716 0.76009464263916
v 0.77020126581192 1.22324585914612 0.722201883792877
v 0.773898005485535 1.23787462711334 0.712387263774872
v 0.771943807601929 1.24266254901886 0.722394466400146
v 0.766661643981934 1.22828149795532 0.731827855110168
v 0.778042554855347 1.25083565711975 0.702960252761841
v 0.770373284816742 1.23518598079681 0.702971577644348
v 0.773057878017426 1.24916005134583 0.694147109985352
v 0.763595759868622 1.23415946960449 0.696058869361877
v 0.766101777553558 1.24966132640839 0.688215792179108
v 0.757793426513672 1.25140476226807 0.684415102005005
v 0.755182564258575 1.2349910736084 0.691238880157471
v 0.746418416500092 1.23744654655457 0.689477562904358
v 0.749047338962555 1.25463724136353 0.684067845344543
v 0.734248280525208 1.22206377983093 0.69476842880249
v 0.724472463130951 1.22556388378143 0.696843028068542
v 0.729660987854004 1.24493634700775 0.694019079208374
v 0.737732291221619 1.2411150932312 0.690763711929321
v 0.726162195205688 1.26972651481628 0.704201102256775
v 0.718822002410889 1.25189292430878 0.707853376865387
v 0.720243215560913 1.2540694475174 0.716727375984192
v 0.727583408355713 1.27129507064819 0.712068796157837
v 0.725490391254425 1.23849928379059 0.73735511302948
v 0.73305743932724 1.25604259967804 0.732052564620972
v 0.72595602273941 1.25589537620544 0.724718511104584
v 0.717392563819885 1.23717617988586 0.730001449584961
v 0.739769101142883 1.27183282375336 0.727953910827637
v 0.743448138237 1.25533294677734 0.734693288803101
v 0.750058174133301 1.26920735836029 0.730360627174377
v 0.765407264232635 1.2041825056076 0.721102058887482
v 0.766321659088135 1.20821607112885 0.73178368806839
v 0.762528121471405 1.19320559501648 0.74070930480957
v 0.75364875793457 1.2175008058548 0.698140144348145
v 0.761881828308105 1.21761214733124 0.703985750675201
v 0.76016503572464 1.201380610466 0.712088525295258
v 0.752131581306458 1.20031309127808 0.705151915550232
v 0.716406583786011 1.18671727180481 0.702847361564636
v 0.720155119895935 1.20650684833527 0.69981187582016
v 0.731396555900574 1.20312666893005 0.698728203773499
v 0.7442427277565 1.21919417381287 0.695301175117493
v 0.742271542549133 1.2011296749115 0.700890481472015
v 0.716286182403564 1.22962725162506 0.702622711658478
v 0.722388982772827 1.24871575832367 0.699959814548492
v 0.75820517539978 1.23308920860291 0.737908005714417
v 0.764095664024353 1.24774265289307 0.729321897029877
v 0.754124164581299 1.25205421447754 0.733062624931335
v 0.747791171073914 1.23672688007355 0.74086457490921
v 0.710859715938568 1.21044421195984 0.705533683300018
v 0.752718687057495 1.21748185157776 0.746883809566498
v 0.741344332695007 1.22054862976074 0.749476432800293
v 0.736460208892822 1.23899102210999 0.741250395774841
v 0.729076206684113 1.22209143638611 0.748633503913879
v 0.770069122314453 1.26055121421814 0.722286105155945
v 0.777237951755524 1.25540924072266 0.713931500911713
v 0.76189523935318 1.21322870254517 0.741179943084717
v 0.71174955368042 1.23334813117981 0.711344838142395
v 0.70520693063736 1.21422147750854 0.714725017547607
v 0.704711139202118 1.21719217300415 0.725414156913757
v 0.711924910545349 1.23560476303101 0.721232414245605
v 0.709734559059143 1.20213484764099 0.750323355197906
v 0.717697024345398 1.22069334983826 0.743102669715881
v 0.709387362003326 1.21875047683716 0.735098600387573
v 0.732621014118195 1.27280759811401 0.720291793346405
v 0.721575975418091 1.20432710647583 0.756736099720001
v 0.793632328510284 1.32134318351746 0.669417142868042
v 0.801978766918182 1.32034587860107 0.663290143013
v 0.795942008495331 1.3125079870224 0.66014164686203
v 0.787217974662781 1.31340265274048 0.667264878749847
v 0.784119248390198 1.29364466667175 0.651811599731445
v 0.796077728271484 1.29473638534546 0.647178649902344
v 0.797878921031952 1.28456342220306 0.648346364498138
v 0.785785734653473 1.28188157081604 0.652665078639984
v 0.810464680194855 1.31786203384399 0.660164952278137
v 0.804183185100555 1.31107020378113 0.655900478363037
v 0.816189587116241 1.31264507770538 0.661500215530396
v 0.816657781600952 1.32389712333679 0.663577258586884
v 0.821763813495636 1.31990051269531 0.667804718017578
v 0.826800405979156 1.32642364501953 0.670546174049377
v 0.827098667621613 1.32541024684906 0.680086672306061
v 0.821742534637451 1.31446409225464 0.678410649299622
v 0.807335197925568 1.32071304321289 0.69963014125824
v 0.815000295639038 1.3325412273407 0.696569383144379
v 0.806759595870972 1.33649551868439 0.702239871025085
v 0.799255728721619 1.32441329956055 0.704834938049316
v 0.787667214870453 1.3408123254776 0.707322835922241
v 0.781983494758606 1.32848381996155 0.709534823894501
v 0.790740311145782 1.32666778564453 0.707253694534302
v 0.797810018062592 1.33950066566467 0.704475224018097
v 0.781738817691803 1.32404696941376 0.67926436662674
v 0.786467015743256 1.32229113578796 0.675807178020477
v 0.779716789722443 1.31485247612 0.674910187721252
v 0.77454137802124 1.31639313697815 0.679020762443542
v 0.823453307151794 1.30324697494507 0.65996515750885
v 0.8213711977005 1.30640077590942 0.657651901245117
v 0.81985729932785 1.30938827991486 0.666782379150391
v 0.819136321544647 1.302938580513 0.670016467571259
v 0.746816515922546 1.30361020565033 0.680279314517975
v 0.751797258853912 1.2989616394043 0.676820397377014
v 0.748497068881989 1.28845608234406 0.678292870521545
v 0.741953492164612 1.2925751209259 0.682285964488983
v 0.767994046211243 1.27817487716675 0.663185715675354
v 0.776506781578064 1.26876449584961 0.670425355434418
v 0.771296977996826 1.2670738697052 0.674779415130615
v 0.762205719947815 1.27778601646423 0.669801712036133
v 0.775588631629944 1.27957606315613 0.657590627670288
v 0.791926503181458 1.27471232414246 0.66006600856781
v 0.783256232738495 1.27110803127289 0.665136694908142
v 0.803115963935852 1.27885937690735 0.654539406299591
v 0.735076010227203 1.29629683494568 0.690058767795563
v 0.737113773822784 1.30567610263824 0.689393997192383
v 0.852348685264587 1.36684608459473 0.661225318908691
v 0.848787307739258 1.36246562004089 0.661904096603394
v 0.84534364938736 1.36670589447021 0.662973344326019
v 0.849233388900757 1.37104368209839 0.662612795829773
v 0.74028468132019 1.3051164150238 0.709309697151184
v 0.737021565437317 1.29882788658142 0.707992315292358
v 0.743425071239471 1.29793870449066 0.715020775794983
v 0.747938871383667 1.3033401966095 0.715026199817657
v 0.744849443435669 1.31405472755432 0.710278809070587
v 0.753642320632935 1.31095314025879 0.714823603630066
v 0.860378742218018 1.364102602005 0.671970784664154
v 0.856325805187225 1.35983526706696 0.673584580421448
v 0.855139434337616 1.35868453979492 0.668634951114655
v 0.859049141407013 1.36321139335632 0.667016625404358
v 0.800253808498383 1.32847237586975 0.669356346130371
v 0.808245122432709 1.32698571681976 0.664319336414337
v 0.818061888217926 1.34325706958771 0.664543926715851
v 0.822041630744934 1.33818519115448 0.663696587085724
v 0.815167844295502 1.33275043964386 0.663921117782593
v 0.807474851608276 1.33689260482788 0.667570054531097
v 0.791219770908356 1.3415185213089 0.679100394248962
v 0.798125088214874 1.34132468700409 0.674920558929443
v 0.791960120201111 1.3322639465332 0.676638603210449
v 0.785000443458557 1.33305013179779 0.680791974067688
v 0.774344921112061 1.33724570274353 0.684271454811096
v 0.769451797008514 1.34095823764801 0.685474276542664
v 0.774425029754639 1.34859204292297 0.6850426197052
v 0.78036093711853 1.34558534622192 0.683370411396027
v 0.797093033790588 1.35899615287781 0.680512130260468
v 0.792796492576599 1.36090135574341 0.683036088943481
v 0.799794495105743 1.36753046512604 0.68470299243927
v 0.803888738155365 1.36611700057983 0.682565867900848
v 0.734972894191742 1.29345417022705 0.707775115966797
v 0.73992931842804 1.29234528541565 0.715908229351044
v 0.767877817153931 1.34402680397034 0.710610210895538
v 0.771033406257629 1.3538806438446 0.710435509681702
v 0.761062622070312 1.35588097572327 0.707622587680817
v 0.757474482059479 1.34533286094666 0.707989871501923
v 0.757878005504608 1.30112767219543 0.716883718967438
v 0.753260910511017 1.29579091072083 0.718354284763336
v 0.85946398973465 1.36763417720795 0.676306784152985
v 0.855517745018005 1.36324048042297 0.678137600421906
v 0.808738589286804 1.27933216094971 0.663744509220123
v 0.797483503818512 1.27538192272186 0.670880496501923
v 0.788564443588257 1.27208995819092 0.67676305770874
v 0.783031702041626 1.26935839653015 0.680952548980713
v 0.780010938644409 1.26559889316559 0.684005856513977
v 0.807653725147247 1.34394192695618 0.66959285736084
v 0.792475759983063 1.32748484611511 0.674567461013794
v 0.777818202972412 1.32505464553833 0.681376814842224
v 0.752612411975861 1.3385169506073 0.689007878303528
v 0.759501874446869 1.33646082878113 0.686024010181427
v 0.756154775619507 1.32917642593384 0.684607625007629
v 0.747980117797852 1.33149087429047 0.689797043800354
v 0.752282023429871 1.34745717048645 0.7014120221138
v 0.756328582763672 1.35711634159088 0.700861752033234
v 0.758264541625977 1.3562068939209 0.693861365318298
v 0.753781139850616 1.34793710708618 0.693939566612244
v 0.826035737991333 1.29844701290131 0.661235213279724
v 0.819039225578308 1.29562616348267 0.669803202152252
v 0.736635088920593 1.30657696723938 0.699955940246582
v 0.734681606292725 1.2989753484726 0.698983192443848
v 0.732615888118744 1.29151785373688 0.699398994445801
v 0.76213002204895 1.30785846710205 0.677867829799652
v 0.765896439552307 1.30687272548676 0.675597727298737
v 0.758878707885742 1.29424583911896 0.670260369777679
v 0.754846096038818 1.29620862007141 0.674522638320923
v 0.779202222824097 1.30525696277618 0.66213846206665
v 0.789053797721863 1.30468857288361 0.655223369598389
v 0.773217976093292 1.29326462745667 0.657941162586212
v 0.753708004951477 1.28390216827393 0.674418747425079
v 0.753334760665894 1.27566933631897 0.677023828029633
v 0.746861398220062 1.2805802822113 0.681191205978394
v 0.740149617195129 1.28526496887207 0.685640275478363
v 0.734509766101837 1.28931641578674 0.691921472549438
v 0.751613140106201 1.26733493804932 0.680150866508484
v 0.744580626487732 1.27212464809418 0.683644533157349
v 0.738022089004517 1.27694737911224 0.68862509727478
v 0.733046770095825 1.28093457221985 0.694568991661072
v 0.745040893554688 1.28265452384949 0.72411847114563
v 0.749106049537659 1.28989028930664 0.72083592414856
v 0.736405372619629 1.28467488288879 0.71766185760498
v 0.769350707530975 1.26055026054382 0.680912137031555
v 0.760132253170013 1.26405513286591 0.679225742816925
v 0.762062191963196 1.27148771286011 0.674870014190674
v 0.776390790939331 1.25940716266632 0.687766313552856
v 0.805532872676849 1.2952618598938 0.644825756549835
v 0.807046949863434 1.30293405056 0.648843348026276
v 0.813821732997894 1.30331921577454 0.645923674106598
v 0.813455164432526 1.2969536781311 0.642229795455933
v 0.82210636138916 1.32911920547485 0.665511727333069
v 0.827248275279999 1.33476090431213 0.666213631629944
v 0.831402242183685 1.33287906646729 0.671485424041748
v 0.740119993686676 1.31549549102783 0.690034866333008
v 0.748755156993866 1.31358170509338 0.682496786117554
v 0.816378712654114 1.34826672077179 0.667447686195374
v 0.851505994796753 1.35499107837677 0.675009250640869
v 0.843306541442871 1.3460488319397 0.676832437515259
v 0.841695547103882 1.34505605697632 0.670750856399536
v 0.850523054599762 1.35386681556702 0.669654905796051
v 0.822288513183594 1.35583078861237 0.672212600708008
v 0.829384624958038 1.36000835895538 0.672611474990845
v 0.82883220911026 1.35659444332123 0.667525410652161
v 0.822719037532806 1.35165286064148 0.667764902114868
v 0.786938548088074 1.3630598783493 0.685489237308502
v 0.792601346969604 1.36862301826477 0.686709880828857
v 0.82107949256897 1.3444117307663 0.691076934337616
v 0.822875559329987 1.32774376869202 0.690321981906891
v 0.828665018081665 1.33703756332397 0.687703311443329
v 0.785502135753632 1.34328746795654 0.681743443012238
v 0.786364138126373 1.35365033149719 0.682731449604034
v 0.790980339050293 1.35154056549072 0.680519819259644
v 0.808599591255188 1.34797096252441 0.671080410480499
v 0.803134679794312 1.34767961502075 0.673936605453491
v 0.809284150600433 1.35289978981018 0.67360532283783
v 0.814309895038605 1.35134649276733 0.670635044574738
v 0.746371984481812 1.33651924133301 0.70050585269928
v 0.753740966320038 1.33425450325012 0.709292948246002
v 0.85235857963562 1.35969841480255 0.66426819562912
v 0.855987310409546 1.36415910720825 0.663214862346649
v 0.732046127319336 1.28481340408325 0.708950936794281
v 0.730965316295624 1.28360867500305 0.701154112815857
v 0.779614269733429 1.33458709716797 0.68291175365448
v 0.815219938755035 1.31724512577057 0.691371738910675
v 0.773195385932922 1.32630896568298 0.682848572731018
v 0.788349330425262 1.36178481578827 0.703239917755127
v 0.793077528476715 1.36818706989288 0.70290732383728
v 0.789057314395905 1.37035751342773 0.698264718055725
v 0.783271491527557 1.36528027057648 0.699427723884583
v 0.838881373405457 1.36750316619873 0.672708630561829
v 0.844610810279846 1.37228417396545 0.672745108604431
v 0.843974828720093 1.37042915821075 0.667226314544678
v 0.838284373283386 1.36517775058746 0.666999518871307
v 0.824194550514221 1.34731161594391 0.665062189102173
v 0.830418825149536 1.35264945030212 0.664243578910828
v 0.833788454532623 1.34862506389618 0.663570165634155
v 0.827435970306396 1.3428955078125 0.664060115814209
v 0.831888556480408 1.33992791175842 0.666565895080566
v 0.838121116161346 1.34602046012878 0.666272461414337
v 0.842048466205597 1.36712777614594 0.678693652153015
v 0.833029210567474 1.35976088047028 0.679058015346527
v 0.837386012077332 1.35512542724609 0.68330854177475
v 0.846646785736084 1.36295807361603 0.681638479232788
v 0.776517748832703 1.31639909744263 0.71188485622406
v 0.77274090051651 1.33085143566132 0.711370348930359
v 0.767823278903961 1.31894564628601 0.713456034660339
v 0.793099045753479 1.35197520256042 0.705601453781128
v 0.781566977500916 1.354168176651 0.705478012561798
v 0.777577459812164 1.34276103973389 0.709296047687531
v 0.764108538627625 1.33257412910461 0.711904883384705
v 0.821385324001312 1.35552275180817 0.682718813419342
v 0.822139382362366 1.35392451286316 0.688526034355164
v 0.828074753284454 1.35016453266144 0.684510350227356
v 0.766538083553314 1.32904410362244 0.684030652046204
v 0.847091853618622 1.35444056987762 0.665117144584656
v 0.787697315216064 1.27648746967316 0.700967371463776
v 0.791705310344696 1.2820246219635 0.698000848293304
v 0.786410331726074 1.28967952728271 0.70876145362854
v 0.782599925994873 1.2822653055191 0.710563540458679
v 0.839597940444946 1.36113810539246 0.663149476051331
v 0.843148946762085 1.35720038414001 0.662190854549408
v 0.782304704189301 1.36604619026184 0.689272940158844
v 0.781464874744415 1.36982941627502 0.693463087081909
v 0.786882877349854 1.37243556976318 0.693663895130157
v 0.788445293903351 1.37041211128235 0.689992606639862
v 0.759480237960815 1.32111883163452 0.713848292827606
v 0.77255916595459 1.36094975471497 0.710454761981964
v 0.76374888420105 1.36429560184479 0.707096755504608
v 0.763018429279327 1.30875062942505 0.715478181838989
v 0.768335223197937 1.29803419113159 0.715984165668488
v 0.771859705448151 1.30579900741577 0.714110672473907
v 0.804953396320343 1.35237753391266 0.700049161911011
v 0.784488916397095 1.31461763381958 0.709879040718079
v 0.779207050800323 1.30316066741943 0.712364971637726
v 0.776424050331116 1.29383635520935 0.714223146438599
v 0.773687839508057 1.28743028640747 0.716219067573547
v 0.764242768287659 1.29182517528534 0.717992961406708
v 0.85015732049942 1.35806703567505 0.679777026176453
v 0.851896941661835 1.36775994300842 0.680229127407074
v 0.755969345569611 1.27863335609436 0.725117385387421
v 0.760371446609497 1.28554892539978 0.720832228660583
v 0.766122102737427 1.27439570426941 0.722339808940887
v 0.770185470581055 1.28110980987549 0.718976616859436
v 0.794357180595398 1.29776430130005 0.704509496688843
v 0.787500083446503 1.30096983909607 0.709440886974335
v 0.800477683544159 1.30935978889465 0.702257513999939
v 0.792514860630035 1.31235826015472 0.707517862319946
v 0.813858926296234 1.3471577167511 0.699253618717194
v 0.858944654464722 1.3811023235321 0.675104379653931
v 0.855810046195984 1.38254427909851 0.671785712242126
v 0.849470138549805 1.37673628330231 0.672416090965271
v 0.852914214134216 1.37555634975433 0.676536977291107
v 0.847780585289001 1.3714394569397 0.677742481231689
v 0.856537878513336 1.37206971645355 0.678516745567322
v 0.807785332202911 1.30556535720825 0.693239569664001
v 0.815918564796448 1.35768914222717 0.674930572509766
v 0.800405383110046 1.29160153865814 0.692383646965027
v 0.811876237392426 1.29333555698395 0.680530071258545
v 0.81630003452301 1.3033709526062 0.682239294052124
v 0.801172077655792 1.27997326850891 0.6818026304245
v 0.792870461940765 1.27532184123993 0.687736213207245
v 0.784705519676208 1.26750540733337 0.6933473944664
v 0.787332892417908 1.27159988880157 0.691087365150452
v 0.782003164291382 1.26115465164185 0.696596741676331
v 0.811241984367371 1.28406202793121 0.67342871427536
v 0.85386860370636 1.37725210189819 0.662312626838684
v 0.856780350208282 1.37313985824585 0.660174131393433
v 0.785245180130005 1.27163231372833 0.703377246856689
v 0.781720280647278 1.26482701301575 0.707459509372711
v 0.798949658870697 1.30415773391724 0.6510049700737
v 0.766916275024414 1.31817674636841 0.681701719760895
v 0.761322379112244 1.31987404823303 0.68207836151123
v 0.752562463283539 1.3219131231308 0.683385014533997
v 0.74344927072525 1.32414031028748 0.689915537834167
v 0.775834798812866 1.26954936981201 0.71735143661499
v 0.741597414016724 1.25919556617737 0.686344921588898
v 0.734593868255615 1.26360130310059 0.691152095794678
v 0.760390877723694 1.26518189907074 0.727156281471252
v 0.860522925853729 1.37043857574463 0.661655604839325
v 0.805516421794891 1.36793184280396 0.689610600471497
v 0.807489037513733 1.36828994750977 0.688190698623657
v 0.806694746017456 1.28715908527374 0.645161032676697
v 0.81512987613678 1.29072308540344 0.642427325248718
v 0.825369477272034 1.28887832164764 0.652312040328979
v 0.817677080631256 1.28340768814087 0.657475769519806
v 0.811884522438049 1.28262674808502 0.649891972541809
v 0.819892406463623 1.2880961894989 0.646336913108826
v 0.759697198867798 1.30952572822571 0.679017543792725
v 0.755521714687347 1.31167149543762 0.680402278900146
v 0.749435126781464 1.32354843616486 0.710415244102478
v 0.742169618606567 1.32571077346802 0.701752662658691
v 0.835641384124756 1.33857274055481 0.671525299549103
v 0.836570858955383 1.33942639827728 0.678232908248901
v 0.832137584686279 1.33323359489441 0.679727792739868
v 0.841278433799744 1.34960842132568 0.68225085735321
v 0.825955033302307 1.35582935810089 0.678652763366699
v 0.820992946624756 1.35740303993225 0.678295493125916
v 0.771757543087006 1.30616617202759 0.670285284519196
v 0.765196204185486 1.29375720024109 0.664582252502441
v 0.816519618034363 1.30728042125702 0.652804136276245
v 0.810533940792084 1.30817198753357 0.654296696186066
v 0.796603262424469 1.34901523590088 0.677509546279907
v 0.813807487487793 1.36057305335999 0.697199523448944
v 0.819686114788055 1.355299949646 0.696359574794769
v 0.802460551261902 1.35539317131042 0.677235662937164
v 0.863844752311707 1.36969304084778 0.665039777755737
v 0.865595817565918 1.37054848670959 0.669910669326782
v 0.834184765815735 1.34326243400574 0.684651374816895
v 0.780340671539307 1.35640597343445 0.684860944747925
v 0.810697138309479 1.36540985107422 0.693459153175354
v 0.805273592472076 1.36127626895905 0.697521269321442
v 0.760180592536926 1.36370182037354 0.700449109077454
v 0.780051171779633 1.27667117118835 0.713229298591614
v 0.847614765167236 1.3747798204422 0.66696435213089
v 0.853047430515289 1.38097560405731 0.666597306728363
v 0.861680269241333 1.37781143188477 0.676291525363922
v 0.864261031150818 1.37354254722595 0.674523234367371
v 0.738535404205322 1.31533217430115 0.701493084430695
v 0.770771980285645 1.31727695465088 0.680752038955688
v 0.729012727737427 1.26698207855225 0.697317540645599
v 0.820019602775574 1.28778529167175 0.665736436843872
v 0.82773745059967 1.29288744926453 0.658669531345367
v 0.808288514614105 1.3612140417099 0.67833137512207
v 0.779437720775604 1.36151957511902 0.705407500267029
v 0.806510865688324 1.36534070968628 0.699458241462708
v 0.80072009563446 1.36552774906158 0.704422235488892
v 0.797196269035339 1.35966444015503 0.704679131507874
v 0.807440221309662 1.36807632446289 0.694198250770569
v 0.868885099887848 1.37880277633667 0.673260867595673
v 0.866206645965576 1.38284957408905 0.674984216690063
v 0.87036794424057 1.37596678733826 0.668598890304565
v 0.867894649505615 1.37487125396729 0.663971900939941
v 0.864259481430054 1.37521457672119 0.661044120788574
v 0.863251805305481 1.38576066493988 0.673916339874268
v 0.860136926174164 1.38681268692017 0.670944809913635
v 0.856983840465546 1.38497638702393 0.666146278381348
v 0.866863131523132 1.39026021957397 0.6728355884552
v 0.87052983045578 1.38811445236206 0.673565626144409
v 0.878261625766754 1.38614892959595 0.664858818054199
v 0.879128456115723 1.38802337646484 0.667513251304626
v 0.876809120178223 1.38530874252319 0.668645024299622
v 0.875177621841431 1.38185405731201 0.667487800121307
v 0.880605220794678 1.39061415195465 0.663818299770355
v 0.88175755739212 1.39193654060364 0.666776895523071
v 0.877898395061493 1.39014649391174 0.670625388622284
v 0.875153541564941 1.38640010356903 0.671176970005035
v 0.880886673927307 1.39435851573944 0.670133531093597
v 0.878007233142853 1.39672064781189 0.671480655670166
v 0.875184893608093 1.39263033866882 0.671755015850067
v 0.873467922210693 1.38898873329163 0.672176480293274
v 0.872890293598175 1.383455991745 0.672071516513824
v 0.88220202922821 1.39515745639801 0.664165079593658
v 0.881680727005005 1.39948987960815 0.666747152805328
v 0.882951378822327 1.39791750907898 0.669180631637573
v 0.8832848072052 1.39497065544128 0.666514754295349
v 0.871862411499023 1.37984144687653 0.663169264793396
v 0.875529170036316 1.38556218147278 0.662062168121338
v 0.878042459487915 1.3907835483551 0.661427974700928
v 0.879516959190369 1.39563012123108 0.662078619003296
v 0.872488498687744 1.38679254055023 0.659730672836304
v 0.875358402729034 1.39214038848877 0.660083472728729
v 0.876581311225891 1.39613950252533 0.661070823669434
v 0.869498014450073 1.38926887512207 0.659150540828705
v 0.873059451580048 1.39414918422699 0.660136818885803
v 0.867985188961029 1.37998366355896 0.660369694232941
v 0.864149510860443 1.38196921348572 0.65952605009079
v 0.874605000019073 1.39647579193115 0.661072969436646
v 0.878982126712799 1.39979815483093 0.66486257314682
v 0.872467935085297 1.39396095275879 0.672328650951385
v 0.875329911708832 1.39831984043121 0.671227276325226
v 0.869979977607727 1.39515662193298 0.671389937400818
v 0.873191297054291 1.39923119544983 0.669974684715271
v 0.880192875862122 1.39940440654755 0.671054005622864
v 0.878504693508148 1.40094757080078 0.669849634170532
v 0.860434174537659 1.37741768360138 0.659944534301758
v 0.857531487941742 1.38145136833191 0.662307679653168
v 0.861391007900238 1.38573694229126 0.661698698997498
v 0.86660897731781 1.39266610145569 0.661203384399414
v 0.861179053783417 1.38915133476257 0.665752708911896
v 0.863968312740326 1.3912091255188 0.670097649097443
v 0.867961585521698 1.3958842754364 0.669146716594696
v 0.866073668003082 1.39511561393738 0.665382087230682
v 0.87126761674881 1.39936995506287 0.667699098587036
v 0.870279371738434 1.39860653877258 0.664878785610199
v 0.87109762430191 1.39673519134521 0.661948204040527
v 0.874080955982208 1.40073204040527 0.665996849536896
v 0.87611973285675 1.40122425556183 0.668038725852966
v 0.876121997833252 1.39926314353943 0.663526952266693
v 0.873749971389771 1.39843118190765 0.662641108036041
v 0.872773945331573 1.39968192577362 0.66446053981781
v 0.837766587734222 1.39160931110382 0.678031384944916
v 0.833716690540314 1.3850429058075 0.678159356117249
v 0.830026626586914 1.38812649250031 0.679855167865753
v 0.834181845188141 1.39480185508728 0.680156111717224
v 0.845710635185242 1.38613224029541 0.687681198120117
v 0.841881513595581 1.38030743598938 0.68872857093811
v 0.840163171291351 1.38066291809082 0.683251857757568
v 0.843893527984619 1.38694393634796 0.682149648666382
v 0.843179047107697 1.3886239528656 0.693037331104279
v 0.83934885263443 1.38282668590546 0.694223284721375
v 0.837139666080475 1.37346398830414 0.689267694950104
v 0.82816481590271 1.36239838600159 0.689052879810333
v 0.826253831386566 1.3636075258255 0.683217167854309
v 0.835446178913116 1.37412285804749 0.683696866035461
v 0.813116729259491 1.37455534934998 0.687915444374084
v 0.81243896484375 1.37225830554962 0.683089137077332
v 0.837124884128571 1.38268315792084 0.679772138595581
v 0.840994298458099 1.38904976844788 0.678877711296082
v 0.822249054908752 1.38544631004333 0.688379406929016
v 0.827818691730499 1.39264273643494 0.688898086547852
v 0.827907562255859 1.39103841781616 0.683844208717346
v 0.822176814079285 1.3838472366333 0.683194160461426
v 0.815253615379333 1.36872398853302 0.679104506969452
v 0.819936692714691 1.36578726768494 0.676722049713135
v 0.82382196187973 1.36444246768951 0.678857445716858
v 0.824859738349915 1.38476800918579 0.693740785121918
v 0.8166583776474 1.37370085716248 0.693618595600128
v 0.821194112300873 1.36959636211395 0.69697105884552
v 0.829510450363159 1.38109982013702 0.696516871452332
v 0.832316994667053 1.37562489509583 0.679575741291046
v 0.824527978897095 1.38062238693237 0.679197609424591
v 0.828605890274048 1.37768816947937 0.677449345588684
v 0.834400951862335 1.37611043453217 0.694806098937988
v 0.834435820579529 1.38789749145508 0.695789217948914
v 0.841315686702728 1.40471744537354 0.692332327365875
v 0.838791012763977 1.4067656993866 0.688920736312866
v 0.832373321056366 1.39899253845215 0.689086198806763
v 0.835057258605957 1.39746904373169 0.693058967590332
v 0.830356359481812 1.39162933826447 0.693347334861755
v 0.838834822177887 1.39344012737274 0.694867432117462
v 0.840254843235016 1.40427875518799 0.680259108543396
v 0.84341299533844 1.40067911148071 0.677761077880859
v 0.846517324447632 1.39807939529419 0.678094327449799
v 0.826408922672272 1.36457312107086 0.695773422718048
v 0.848974764347076 1.39593839645386 0.681118726730347
v 0.850877523422241 1.39456534385681 0.686393201351166
v 0.832174837589264 1.39779496192932 0.684118330478668
v 0.838160693645477 1.40646815299988 0.684159159660339
v 0.844484448432922 1.40101277828217 0.693658471107483
v 0.848444938659668 1.39645481109619 0.691911458969116
v 0.852806091308594 1.40366387367249 0.690937936306
v 0.848961114883423 1.40757954120636 0.692631363868713
v 0.85542356967926 1.40168476104736 0.685904622077942
v 0.853222668170929 1.40219402313232 0.680934190750122
v 0.850326001644135 1.40368056297302 0.678310751914978
v 0.846180379390717 1.41057705879211 0.691669762134552
v 0.843634128570557 1.41214263439178 0.688855051994324
v 0.842313647270203 1.41151320934296 0.684324681758881
v 0.850380063056946 1.41648578643799 0.691271126270294
v 0.853775262832642 1.41473984718323 0.692099809646606
v 0.865480422973633 1.41976118087769 0.683911263942719
v 0.866208970546722 1.42036724090576 0.687143087387085
v 0.86328136920929 1.41596746444702 0.687195897102356
v 0.863158106803894 1.41434097290039 0.684344887733459
v 0.861166834831238 1.41294133663177 0.687977910041809
v 0.860093653202057 1.40915703773499 0.686065316200256
v 0.862029731273651 1.41786587238312 0.690334856510162
v 0.859138906002045 1.41410946846008 0.690229415893555
v 0.86516934633255 1.42257142066956 0.691001713275909
v 0.861888885498047 1.42451119422913 0.692044377326965
v 0.858717978000641 1.41948163509369 0.691335678100586
v 0.856882452964783 1.41616475582123 0.691209495067596
v 0.867326378822327 1.42486500740051 0.685025870800018
v 0.868213713169098 1.42395341396332 0.687386751174927
v 0.856823563575745 1.41022384166718 0.690593659877777
v 0.856925129890442 1.40777254104614 0.681337952613831
v 0.860737860202789 1.41420304775238 0.681066870689392
v 0.863591313362122 1.42049503326416 0.681392729282379
v 0.865076184272766 1.425621509552 0.682808995246887
v 0.857609629631042 1.41537761688232 0.67859959602356
v 0.860987365245819 1.42149662971497 0.679648160934448
v 0.862163782119751 1.42576742172241 0.681636929512024
v 0.854121267795563 1.41772878170013 0.678228139877319
v 0.857992649078369 1.42333650588989 0.679697573184967
v 0.85335636138916 1.40862488746643 0.67849588394165
v 0.849785625934601 1.41056036949158 0.678171634674072
v 0.85990446805954 1.42583334445953 0.681418597698212
v 0.864357233047485 1.42900133132935 0.686049997806549
v 0.866893231868744 1.42869508266449 0.688326239585876
v 0.868260204792023 1.42681360244751 0.690986752510071
v 0.856427371501923 1.42066788673401 0.691123366355896
v 0.859865784645081 1.42581677436829 0.690929770469666
v 0.854279339313507 1.42224073410034 0.690864324569702
v 0.858092188835144 1.42699599266052 0.690191924571991
v 0.864591836929321 1.42794752120972 0.692267537117004
v 0.863372921943665 1.42919147014618 0.690777659416199
v 0.847025871276855 1.40608608722687 0.678140640258789
v 0.843954026699066 1.40909004211426 0.680381119251251
v 0.846686899662018 1.41347908973694 0.680309772491455
v 0.851097285747528 1.42055475711823 0.68073695898056
v 0.845457971096039 1.41595458984375 0.684514462947845
v 0.847515165805817 1.41725945472717 0.688958883285522
v 0.851921796798706 1.42279243469238 0.688876450061798
v 0.850243270397186 1.42227029800415 0.685137987136841
v 0.856140315532684 1.42701435089111 0.688326478004456
v 0.854822337627411 1.4266209602356 0.685474216938019
v 0.855441987514496 1.4254035949707 0.68194705247879
v 0.859354972839355 1.42915463447571 0.687068939208984
v 0.861474573612213 1.42973184585571 0.688899159431458
v 0.861275434494019 1.4284303188324 0.6844881772995
v 0.858738839626312 1.42748641967773 0.683202862739563
v 0.857601404190063 1.42817389965057 0.685405433177948
v 0.815630495548248 1.3958455324173 0.689698278903961
v 0.812956571578979 1.39053964614868 0.689740657806396
v 0.808181822299957 1.39257264137268 0.689717710018158
v 0.811095893383026 1.39822471141815 0.689799904823303
v 0.821038603782654 1.39340877532959 0.700237691402435
v 0.818270325660706 1.38679718971252 0.700676083564758
v 0.818523585796356 1.38759708404541 0.696167230606079
v 0.821178376674652 1.3935831785202 0.696204900741577
v 0.817904770374298 1.39513969421387 0.703696608543396
v 0.814417123794556 1.38844180107117 0.704468190670013
v 0.815024137496948 1.38040375709534 0.700535655021667
v 0.809854209423065 1.37181663513184 0.700033903121948
v 0.809859335422516 1.37338149547577 0.694495856761932
v 0.815439760684967 1.38164269924164 0.695456147193909
v 0.816608250141144 1.38893759250641 0.692341446876526
v 0.819449245929718 1.39452588558197 0.692479252815247
v 0.799034953117371 1.38910341262817 0.695353031158447
v 0.803334712982178 1.39551675319672 0.696292400360107
v 0.80465030670166 1.39448344707489 0.692432522773743
v 0.800474762916565 1.38790571689606 0.691601514816284
v 0.797589659690857 1.3756308555603 0.687875866889954
v 0.802973091602325 1.37457418441772 0.687241792678833
v 0.807063639163971 1.37428975105286 0.689970374107361
v 0.800369679927826 1.38865780830383 0.700612246990204
v 0.794218957424164 1.37830638885498 0.69921213388443
v 0.798464417457581 1.37615323066711 0.703949451446533
v 0.804710745811462 1.38552761077881 0.704638719558716
v 0.813256025314331 1.38332438468933 0.69131988286972
v 0.804160296916962 1.38636469841003 0.688563466072083
v 0.809305667877197 1.38465642929077 0.68851912021637
v 0.810547113418579 1.3818085193634 0.704460144042969
v 0.808773875236511 1.39185225963593 0.704485356807709
v 0.81472909450531 1.40930366516113 0.701805830001831
v 0.812659502029419 1.41040754318237 0.698141932487488
v 0.806569814682007 1.40164113044739 0.696961224079132
v 0.808572769165039 1.40080237388611 0.701412200927734
v 0.804455518722534 1.39494037628174 0.701058983802795
v 0.812915921211243 1.39822196960449 0.7040776014328
v 0.815779685974121 1.40676736831665 0.690544486045837
v 0.819937825202942 1.40434789657593 0.689682006835938
v 0.823325455188751 1.40284192562103 0.692212581634521
v 0.805274784564972 1.37291574478149 0.704449772834778
v 0.792470335960388 1.37857162952423 0.694032073020935
v 0.825080990791321 1.40222406387329 0.695374965667725
v 0.825427651405334 1.40228796005249 0.699199438095093
v 0.807676672935486 1.40031290054321 0.692858636379242
v 0.812733113765717 1.40905570983887 0.693825006484985
v 0.818482935428619 1.40674448013306 0.703794598579407
v 0.822772920131683 1.40366411209106 0.703078627586365
v 0.826314687728882 1.40994489192963 0.702666103839874
v 0.822083055973053 1.41280674934387 0.703911542892456
v 0.829145073890686 1.40864169597626 0.698837995529175
v 0.828186690807343 1.40845561027527 0.695030033588409
v 0.826072335243225 1.40860974788666 0.692122578620911
v 0.818620502948761 1.41509819030762 0.701871633529663
v 0.816858649253845 1.41588592529297 0.698657333850861
v 0.816214561462402 1.41408967971802 0.694429159164429
v 0.821108341217041 1.4197850227356 0.701937913894653
v 0.82524836063385 1.41846430301666 0.703350305557251
v 0.837528169155121 1.42442905902863 0.696875154972076
v 0.837292432785034 1.42516589164734 0.69919365644455
v 0.834680736064911 1.42100310325623 0.698914766311646
v 0.835354506969452 1.41983306407928 0.696954965591431
v 0.832961797714233 1.41787540912628 0.699648141860962
v 0.832369446754456 1.41465044021606 0.698639810085297
v 0.832979440689087 1.42221188545227 0.702219426631927
v 0.83085697889328 1.41835403442383 0.701996207237244
v 0.835373222827911 1.42662107944489 0.702579498291016
v 0.831367313861847 1.42799592018127 0.703164219856262
v 0.829092681407928 1.42355632781982 0.70262622833252
v 0.828182339668274 1.42001247406006 0.702921628952026
v 0.838689088821411 1.42888283729553 0.697867929935455
v 0.838680684566498 1.42837715148926 0.699812233448029
v 0.828950583934784 1.41501557826996 0.702120900154114
v 0.830881178379059 1.41332650184631 0.694924473762512
v 0.833963215351105 1.41917872428894 0.694207072257996
v 0.836232304573059 1.42435014247894 0.694269895553589
v 0.836760699748993 1.42882084846497 0.695287466049194
v 0.831435799598694 1.4193993806839 0.691879212856293
v 0.833732426166534 1.42466723918915 0.69244784116745
v 0.834181427955627 1.42841351032257 0.693561971187592
v 0.82832258939743 1.42020559310913 0.690564036369324
v 0.831058263778687 1.42545330524445 0.691671669483185
v 0.828341960906982 1.4134247303009 0.692124605178833
v 0.824893414974213 1.41396009922028 0.690545797348022
v 0.83213222026825 1.42805171012878 0.692980349063873
v 0.834453046321869 1.43221426010132 0.697777450084686
v 0.836683332920074 1.43215250968933 0.700540065765381
v 0.837429106235504 1.43049263954163 0.702789723873138
v 0.826273143291473 1.42427229881287 0.702723264694214
v 0.828861773014069 1.42888116836548 0.702423691749573
v 0.823787927627563 1.42479968070984 0.701247930526733
v 0.827039122581482 1.42943286895752 0.700839042663574
v 0.833701968193054 1.43081188201904 0.703372597694397
v 0.832347691059113 1.43185591697693 0.702249884605408
v 0.822774410247803 1.40946853160858 0.690373301506042
v 0.818848729133606 1.41146326065063 0.691197395324707
v 0.82133960723877 1.41564512252808 0.691402077674866
v 0.824906706809998 1.42217218875885 0.691773772239685
v 0.818768858909607 1.41796898841858 0.694744527339935
v 0.819292783737183 1.41964650154114 0.698740482330322
v 0.822337567806244 1.42473554611206 0.698546767234802
v 0.822402060031891 1.42363941669464 0.695060729980469
v 0.82588005065918 1.42921590805054 0.698338627815247
v 0.825908124446869 1.42834722995758 0.695471107959747
v 0.82802814245224 1.42701804637909 0.692789614200592
v 0.829002916812897 1.43134784698486 0.697655975818634
v 0.830458283424377 1.43198442459106 0.700151264667511
v 0.832268893718719 1.43097805976868 0.695570468902588
v 0.830353617668152 1.42951774597168 0.694115102291107
v 0.828273236751556 1.43027091026306 0.695692896842957
v 0.793994307518005 1.37685871124268 0.690733075141907
v 0.783055067062378 1.39306545257568 0.69960230588913
v 0.781910121440887 1.38813233375549 0.699110090732574
v 0.777933657169342 1.38902425765991 0.698996484279633
v 0.779003500938416 1.39391756057739 0.699444591999054
v 0.78606653213501 1.39221298694611 0.710065424442291
v 0.784915030002594 1.38650369644165 0.71001148223877
v 0.786430954933167 1.38660335540771 0.705534815788269
v 0.787639439105988 1.39218878746033 0.705862820148468
v 0.781481981277466 1.39314138889313 0.712681591510773
v 0.779960334300995 1.38733971118927 0.712792992591858
v 0.783121645450592 1.37993431091309 0.708905041217804
v 0.780688762664795 1.36939358711243 0.706982970237732
v 0.78214704990387 1.37144351005554 0.701846420764923
v 0.784641683101654 1.38031244277954 0.704218208789825
v 0.763493597507477 1.36867308616638 0.700286209583282
v 0.766200721263885 1.37532675266266 0.700823307037354
v 0.769102573394775 1.37533664703369 0.697516918182373
v 0.765775918960571 1.36803686618805 0.696018815040588
v 0.78516697883606 1.38723814487457 0.701468884944916
v 0.786233842372894 1.3925541639328 0.702053666114807
v 0.769692540168762 1.38455963134766 0.702655076980591
v 0.771622896194458 1.3903534412384 0.70379763841629
v 0.7743279337883 1.38990616798401 0.700645506381989
v 0.772484719753265 1.38448441028595 0.699333310127258
v 0.770357608795166 1.36805558204651 0.693369030952454
v 0.773019790649414 1.37503516674042 0.695603847503662
v 0.777007579803467 1.3739116191864 0.69562155008316
v 0.775616824626923 1.36810731887817 0.692315578460693
v 0.780157506465912 1.37331318855286 0.697471082210541
v 0.769301116466522 1.383753657341 0.707042634487152
v 0.765738546848297 1.3743007183075 0.705058574676514
v 0.767894506454468 1.37195587158203 0.709604442119598
v 0.772214114665985 1.38241016864777 0.711023807525635
v 0.783286273479462 1.3815621137619 0.700233280658722
v 0.776124358177185 1.38373601436615 0.69768226146698
v 0.780002653598785 1.38255476951599 0.69797295331955
v 0.778158783912659 1.38037359714508 0.711998105049133
v 0.774522960186005 1.38888573646545 0.711734592914581
v 0.774732291698456 1.4021829366684 0.708988904953003
v 0.774545609951019 1.40215444564819 0.705448508262634
v 0.772870540618896 1.39558804035187 0.704414963722229
v 0.77279806137085 1.39543294906616 0.70861679315567
v 0.771347403526306 1.39002120494843 0.708163321018219
v 0.775982558727264 1.39446997642517 0.711943745613098
v 0.780405044555664 1.40030133724213 0.700158715248108
v 0.784568727016449 1.39976251125336 0.700186610221863
v 0.787602126598358 1.39920377731323 0.702451586723328
v 0.775095641613007 1.36909425258636 0.711132049560547
v 0.789061546325684 1.39920389652252 0.705886363983154
v 0.787797331809998 1.39934647083282 0.709745466709137
v 0.775373637676239 1.39489734172821 0.701150238513947
v 0.776872456073761 1.40138244628906 0.702136218547821
v 0.777921080589294 1.40145468711853 0.711833119392395
v 0.783260107040405 1.40000021457672 0.712301969528198
v 0.784970879554749 1.40553736686707 0.712558746337891
v 0.779662907123566 1.40697884559631 0.712282419204712
v 0.789151847362518 1.40464854240417 0.709753632545471
v 0.790083944797516 1.40417408943176 0.70598578453064
v 0.788286507129669 1.4038325548172 0.702806949615479
v 0.776332676410675 1.40730834007263 0.709125638008118
v 0.776353538036346 1.40682220458984 0.706054031848907
v 0.77824205160141 1.40556275844574 0.703216314315796
v 0.778283894062042 1.4121241569519 0.7096146941185
v 0.781772196292877 1.41234564781189 0.71247786283493
v 0.793534994125366 1.41827607154846 0.707963466644287
v 0.792594850063324 1.41830885410309 0.710064232349396
v 0.791196703910828 1.41513359546661 0.709899663925171
v 0.792547225952148 1.41416800022125 0.708026707172394
v 0.790022015571594 1.41226863861084 0.71050089597702
v 0.790369689464569 1.4096657037735 0.709523975849152
v 0.788730800151825 1.41576170921326 0.712329924106598
v 0.787358403205872 1.41249370574951 0.712137639522552
v 0.790033340454102 1.41962957382202 0.712801873683929
v 0.785782158374786 1.42094874382019 0.712397933006287
v 0.784558117389679 1.41724038124084 0.712516069412231
v 0.784384071826935 1.41404604911804 0.712656855583191
v 0.793424129486084 1.422119140625 0.708751082420349
v 0.793238341808319 1.42130184173584 0.710551500320435
v 0.786301255226135 1.40966701507568 0.712360441684723
v 0.791134536266327 1.40849328041077 0.706209063529968
v 0.792568802833557 1.41345655918121 0.705815076828003
v 0.793491423130035 1.41877937316895 0.705730617046356
v 0.792291164398193 1.42273485660553 0.706572532653809
v 0.790893733501434 1.41314697265625 0.703581511974335
v 0.791496098041534 1.41832506656647 0.703903436660767
v 0.790490388870239 1.42179679870605 0.704799115657806
v 0.788108110427856 1.41259121894836 0.702105462551117
v 0.789169192314148 1.41775512695312 0.702857613563538
v 0.789487659931183 1.40773558616638 0.703393876552582
v 0.786584377288818 1.40718531608582 0.701723098754883
v 0.789326310157776 1.42064023017883 0.703799962997437
v 0.789480745792389 1.42448079586029 0.707886576652527
v 0.790436744689941 1.42452716827393 0.710372090339661
v 0.790913343429565 1.42308390140533 0.712768197059631
v 0.782026588916779 1.41754722595215 0.711713075637817
v 0.783753335475922 1.42176342010498 0.711174130439758
v 0.780137777328491 1.41693925857544 0.709463357925415
v 0.782906055450439 1.42176270484924 0.708940744400024
v 0.787427544593811 1.42341756820679 0.71262389421463
v 0.786626279354095 1.42425453662872 0.710956811904907
v 0.785435497760773 1.40406489372253 0.700931906700134
v 0.781891167163849 1.40462899208069 0.70098614692688
v 0.782827019691467 1.40790772438049 0.701503694057465
v 0.784687399864197 1.41302251815796 0.701924204826355
v 0.779554903507233 1.40934634208679 0.703552484512329
v 0.777725398540497 1.41078507900238 0.706501722335815
v 0.780052304267883 1.41603446006775 0.706610321998596
v 0.781452894210815 1.41452515125275 0.703744769096375
v 0.782971441745758 1.42077159881592 0.706465601921082
v 0.784133791923523 1.41942453384399 0.704309642314911
v 0.786544978618622 1.41821599006653 0.702818751335144
v 0.78599888086319 1.42309212684631 0.706392705440521
v 0.786086022853851 1.42418670654297 0.708537220954895
v 0.78856372833252 1.42327964305878 0.705811858177185
v 0.787780225276947 1.4214380979538 0.704286336898804
v 0.786055505275726 1.42174577713013 0.704957842826843
v 0.763400852680206 1.36864280700684 0.704072892665863
v 0.834542691707611 1.30333864688873 0.654999136924744
v 0.83131742477417 1.3074517250061 0.654460728168488
v 0.823626279830933 1.30958008766174 0.646517157554626
v 0.821550726890564 1.30590951442719 0.640958547592163
v 0.822254478931427 1.2999951839447 0.637789070606232
v 0.825516819953918 1.29552006721497 0.638554930686951
v 0.83005279302597 1.29353070259094 0.641627371311188
v 0.82763671875 1.31011867523193 0.651714086532593
v 0.836265563964844 1.29793047904968 0.653076529502869
v 0.834331870079041 1.29392004013062 0.647321879863739
v 0.842627823352814 1.29831099510193 0.642307877540588
v 0.843968391418457 1.30199790000916 0.648556113243103
v 0.838234484195709 1.29725575447083 0.636456251144409
v 0.832970440387726 1.29903125762939 0.633527457714081
v 0.828263461589813 1.30283331871033 0.633713960647583
v 0.841481864452362 1.3070410490036 0.651265740394592
v 0.837298572063446 1.31095123291016 0.651182651519775
v 0.832289397716522 1.31290531158447 0.647945046424866
v 0.848424792289734 1.31033635139465 0.647444248199463
v 0.853233098983765 1.3070684671402 0.643416404724121
v 0.854235589504242 1.30721938610077 0.625810503959656
v 0.857527732849121 1.30573439598083 0.628351151943207
v 0.853852450847626 1.3039573431015 0.630111992359161
v 0.850074827671051 1.30466938018799 0.62759405374527
v 0.851718962192535 1.30333709716797 0.632396578788757
v 0.846937656402588 1.30204176902771 0.631851673126221
v 0.857800543308258 1.30469012260437 0.634871244430542
v 0.854750216007233 1.30440497398376 0.636198818683624
v 0.859727144241333 1.30800604820251 0.639520525932312
v 0.856859862804413 1.30616879463196 0.639861047267914
v 0.861848533153534 1.30586266517639 0.63293194770813
v 0.860807001590729 1.30757427215576 0.627549231052399
v 0.864096224308014 1.30845141410828 0.630969643592834
v 0.859114229679108 1.3097939491272 0.625892519950867
v 0.850694954395294 1.30295085906982 0.638063192367554
v 0.839790344238281 1.3027651309967 0.629467964172363
v 0.845745503902435 1.30642950534821 0.626088738441467
v 0.851296901702881 1.30987846851349 0.62473475933075
v 0.856496930122375 1.31307148933411 0.625822305679321
v 0.841878890991211 1.31047010421753 0.626771032810211
v 0.848812639713287 1.31368374824524 0.626323640346527
v 0.853878319263458 1.31568312644958 0.627564549446106
v 0.840173602104187 1.31453168392181 0.630636036396027
v 0.84790974855423 1.31629025936127 0.629528641700745
v 0.83387702703476 1.30611908435822 0.630062937736511
v 0.831162691116333 1.31047105789185 0.634109497070312
v 0.852278769016266 1.31702756881714 0.629478454589844
v 0.860637724399567 1.31541788578033 0.629768550395966
v 0.863784611225128 1.31233882904053 0.629346311092377
v 0.858274638652802 1.31102228164673 0.642121374607086
v 0.863185346126556 1.309002161026 0.637445688247681
v 0.862041890621185 1.31278896331787 0.639368891716003
v 0.854701220989227 1.31389439105988 0.643909990787506
v 0.859235823154449 1.31604099273682 0.639792799949646
v 0.865302681922913 1.31003260612488 0.634878754615784
v 0.864467978477478 1.31343936920166 0.635178327560425
v 0.826315462589264 1.30788898468018 0.637360453605652
v 0.82805472612381 1.31170725822449 0.642511248588562
v 0.832899034023285 1.31395030021667 0.639789640903473
v 0.84161901473999 1.31721913814545 0.636413216590881
v 0.837755084037781 1.31531536579132 0.645103633403778
v 0.843662440776825 1.3136180639267 0.648174583911896
v 0.850749671459198 1.31645774841309 0.643589377403259
v 0.845796227455139 1.31802141666412 0.641125798225403
v 0.855733394622803 1.31797182559967 0.63894110918045
v 0.852237045764923 1.31860566139221 0.637032032012939
v 0.849370300769806 1.31813144683838 0.633385956287384
v 0.857836604118347 1.31802272796631 0.634819746017456
v 0.861500263214111 1.31647992134094 0.634993255138397
v 0.857080519199371 1.31702506542206 0.63071870803833
v 0.853942334651947 1.31783747673035 0.631888747215271
v 0.85504424571991 1.3183628320694 0.634555220603943
v 0.762024164199829 1.36246061325073 0.6943119764328
v 0.767302989959717 1.36170637607574 0.69076007604599
v 0.762910485267639 1.35467946529388 0.689984083175659
v 0.757671713829041 1.34665668010712 0.689297258853912
v 0.749506950378418 1.34095764160156 0.693727552890778
v 0.763811111450195 1.34425330162048 0.686956882476807
v 0.768664360046387 1.35254764556885 0.687406301498413
v 0.774645686149597 1.36113691329956 0.688466906547546
v 0.765333533287048 1.33546841144562 0.685229361057281
v 1.004598736763 1.35028338432312 0.474494695663452
v 1.00204885005951 1.34988617897034 0.477562546730042
v 1.0017112493515 1.34476280212402 0.481735616922379
v 1.00351941585541 1.3439267873764 0.479198098182678
v 1.00602173805237 1.34339821338654 0.476635247468948
v 1.00938236713409 1.34315538406372 0.474376827478409
v 1.01413905620575 1.34988784790039 0.469990968704224
v 1.00881791114807 1.35052359104156 0.471502065658569
v 1.02433514595032 1.34449410438538 0.470723241567612
v 1.02245891094208 1.34590208530426 0.470959901809692
v 1.02351224422455 1.34360945224762 0.470832377672195
v 1.01733064651489 1.34331238269806 0.471732884645462
v 1.02116239070892 1.34369468688965 0.471383213996887
v 0.999617695808411 1.34837317466736 0.482855647802353
v 0.999242901802063 1.34757268428802 0.484495639801025
v 1.00051093101501 1.34916543960571 0.480373024940491
v 1.01327741146088 1.34316122531891 0.472633987665176
v 0.999618232250214 1.34664285182953 0.484895288944244
v 1.00051808357239 1.34572577476501 0.483906179666519
v 1.01900660991669 1.3482438325882 0.470120817422867
v 1.00569975376129 1.34561741352081 0.476243734359741
v 1.00911033153534 1.3453733921051 0.473812282085419
v 1.01342582702637 1.34768891334534 0.470880508422852
v 1.00878989696503 1.34806609153748 0.472699910402298
v 1.0169540643692 1.34503197669983 0.471174985170364
v 1.01955103874207 1.3449170589447 0.471180856227875
v 1.00341784954071 1.3458286523819 0.478784024715424
v 1.01309537887573 1.34525990486145 0.471960961818695
v 1.00517201423645 1.34808933734894 0.475519806146622
v 1.01999509334564 1.34576785564423 0.470889270305634
v 1.01763606071472 1.34680664539337 0.470419824123383
v 0.999793887138367 1.34725821018219 0.483849167823792
v 1.00008404254913 1.34688687324524 0.483954459428787
v 1.03965795040131 1.13643181324005 0.511348128318787
v 1.03683531284332 1.12108612060547 0.501945018768311
v 1.00285804271698 1.34790241718292 0.47837769985199
v 1.00081431865692 1.34648847579956 0.482895314693451
v 1.00191497802734 1.34616386890411 0.481088161468506
v 1.00146770477295 1.34765839576721 0.480732440948486
v 1.00043058395386 1.34743964672089 0.482633501291275
v 0.810584485530853 1.12073063850403 0.687639653682709
v 0.810392320156097 1.10519814491272 0.677706718444824
v 0.824084997177124 1.12552058696747 0.740855932235718
v 0.835058927536011 1.11097490787506 0.752487182617188
v 0.976478576660156 0.850781738758087 0.431966125965118
v 0.972703814506531 0.886202812194824 0.647859990596771
v 0.974308371543884 0.903165519237518 0.656108915805817
v 1.05200159549713 0.901076018810272 0.66073203086853
v 1.0321489572525 0.897441208362579 0.663273513317108
v 0.917049884796143 0.894043147563934 0.54923003911972
v 0.916072726249695 0.876276135444641 0.542815506458282
v 0.942807078361511 0.889771699905396 0.483272314071655
v 0.944261610507965 0.869295477867126 0.477149724960327
v 0.920032739639282 0.855408012866974 0.511590719223022
v 1.00093364715576 0.854776859283447 0.651255786418915
v 1.00725793838501 0.873415768146515 0.655631303787231
v 0.987230777740479 0.871297061443329 0.650398731231689
v 0.980880260467529 0.853860855102539 0.646684408187866
v 1.06664407253265 0.882452607154846 0.645992398262024
v 1.07015097141266 0.904368460178375 0.652936279773712
v 0.917005479335785 0.91328489780426 0.581133604049683
v 0.92473316192627 0.913389444351196 0.6072758436203
v 0.954821527004242 0.916224181652069 0.648864269256592
v 0.974510014057159 0.920840561389923 0.662226438522339
v 1.01600611209869 0.934648036956787 0.675148010253906
v 0.994917809963226 0.927646040916443 0.670424699783325
v 0.953310310840607 0.911244571208954 0.469110310077667
v 0.968793451786041 0.93154764175415 0.459416329860687
v 0.916440367698669 0.913125514984131 0.554093599319458
v 1.0109189748764 0.913103222846985 0.428396463394165
v 1.06177604198456 0.968841135501862 0.681361973285675
v 1.03952169418335 0.964604437351227 0.684267044067383
v 0.937759757041931 0.914008498191833 0.630096316337585
v 1.01163876056671 1.08205318450928 0.481432497501373
v 1.00830817222595 1.06618177890778 0.47165384888649
v 0.990461051464081 1.07091724872589 0.47783488035202
v 0.993812024593353 1.0862889289856 0.489167422056198
v 0.973918318748474 1.07389235496521 0.485382258892059
v 0.959095060825348 1.07577323913574 0.494459718465805
v 0.94630640745163 1.07660520076752 0.504210591316223
v 0.919234812259674 1.07291853427887 0.534021377563477
v 0.926542341709137 1.07523822784424 0.524070501327515
v 0.910312056541443 1.06525135040283 0.553426027297974
v 0.913851320743561 1.07001173496246 0.543736100196838
v 0.908326745033264 1.05413019657135 0.562436163425446
v 0.908783435821533 1.04040932655334 0.572825849056244
v 0.91013365983963 1.02663838863373 0.585468649864197
v 0.913042306900024 1.04022240638733 0.595201373100281
v 0.907024264335632 1.02630364894867 0.561604797840118
v 0.906900405883789 1.03982484340668 0.551213085651398
v 0.90860641002655 1.04957437515259 0.541108191013336
v 1.01954352855682 1.0217798948288 0.452673822641373
v 1.01702702045441 0.998017132282257 0.449591845273972
v 1.04269254207611 1.15110695362091 0.519402205944061
v 0.678073227405548 1.11781716346741 0.757697820663452
v 0.768557786941528 1.21980655193329 0.71200042963028
v 1.08026361465454 1.16368186473846 0.6832355260849
v 1.09382879734039 1.16146886348724 0.674580037593842
v 1.1060653924942 1.14870178699493 0.670701026916504
v 1.10518658161163 1.16018056869507 0.668188571929932
v 1.01066088676453 1.18643045425415 0.691041350364685
v 1.02878224849701 1.17343318462372 0.698405027389526
v 1.04868686199188 1.16288590431213 0.698100566864014
v 1.0664074420929 1.15625178813934 0.69315779209137
v 0.92205947637558 0.931926429271698 0.53210175037384
v 1.08268332481384 1.12626886367798 0.690226018428802
v 1.06694090366364 1.14426839351654 0.696192979812622
v 1.04839265346527 1.15062129497528 0.703003227710724
v 1.02700161933899 1.16091573238373 0.704652607440948
v 1.0043420791626 1.17526650428772 0.700136184692383
v 0.989377915859222 1.17498588562012 0.701253235340118
v 0.972812294960022 1.15557360649109 0.713530421257019
v 0.960048794746399 1.15446043014526 0.714926600456238
v 0.952056229114532 1.17106032371521 0.708589375019073
v 0.937801778316498 1.17021512985229 0.713672161102295
v 0.946365416049957 1.1539431810379 0.719674944877625
v 0.866370618343353 1.11803007125854 0.746879696846008
v 0.85630589723587 1.1053626537323 0.750567853450775
v 0.852439939975739 1.0905122756958 0.753403544425964
v 0.851390600204468 1.07569062709808 0.75254762172699
v 0.854143738746643 1.06342840194702 0.748079776763916
v 0.861061215400696 1.05388796329498 0.74055552482605
v 0.871742010116577 1.04992353916168 0.730796813964844
v 0.905172109603882 1.05620288848877 0.703203916549683
v 0.917771518230438 1.05968976020813 0.696851670742035
v 0.945776045322418 1.0439692735672 0.689453721046448
v 0.950992703437805 1.03719794750214 0.690262138843536
v 0.974731802940369 0.994455277919769 0.687528848648071
v 0.966916680335999 1.00959372520447 0.689440190792084
v 0.982387065887451 0.978870630264282 0.685950934886932
v 0.972151756286621 0.762581944465637 0.654238700866699
v 0.97796618938446 0.779941201210022 0.648646831512451
v 0.956578969955444 0.783067226409912 0.642401278018951
v 0.951596736907959 0.765853822231293 0.646592974662781
v 1.05378115177155 0.812017917633057 0.635462760925293
v 1.03150689601898 0.813619256019592 0.641979336738586
v 0.897494256496429 0.784826278686523 0.564694106578827
v 0.905523419380188 0.786643981933594 0.592649698257446
v 0.919401824474335 0.786462366580963 0.615074396133423
v 0.937105894088745 0.78534984588623 0.631269812583923
v 0.897377014160156 0.780476450920105 0.536680519580841
v 0.963778793811798 0.741931855678558 0.430781841278076
v 0.946633100509644 0.749370634555817 0.447718799114227
v 1.02055382728577 0.727634310722351 0.402254462242126
v 1.00167500972748 0.731007277965546 0.407893240451813
v 0.903261661529541 0.773489713668823 0.510567903518677
v 0.982536673545837 0.735860764980316 0.417070865631104
v 0.93017989397049 0.757059931755066 0.466397643089294
v 0.914364695549011 0.76518577337265 0.487315475940704
v 0.984545230865479 0.797347664833069 0.645241141319275
v 1.00513100624084 0.795521795749664 0.646621942520142
v 1.01048040390015 0.815117180347443 0.644676327705383
v 1.07806575298309 1.03240668773651 0.694474160671234
v 1.06015467643738 1.03495049476624 0.701620221138
v 1.04249203205109 1.0381178855896 0.707977294921875
v 1.03235793113708 1.05907011032104 0.714908123016357
v 1.01763033866882 1.06552219390869 0.716395258903503
v 1.01166749000549 1.05048561096191 0.713747382164001
v 1.02599334716797 1.04358470439911 0.712793827056885
v 0.987466931343079 1.07687890529633 0.710574090480804
v 0.974626481533051 1.08101260662079 0.710179030895233
v 0.971190452575684 1.0701801776886 0.706149756908417
v 0.983510255813599 1.0654878616333 0.707617104053497
v 0.959607601165771 1.07370293140411 0.707239031791687
v 0.948113560676575 1.07632052898407 0.707971394062042
v 0.936798930168152 1.0777143239975 0.709915578365326
v 0.924494087696075 1.07731306552887 0.715743720531464
v 0.928260684013367 1.09622299671173 0.72712916135788
v 0.940752923488617 1.09764695167542 0.721736192703247
v 0.990236580371857 1.09043848514557 0.713032186031342
v 1.00557005405426 1.08633852005005 0.714403390884399
v 1.08196091651917 1.06623065471649 0.69407320022583
v 1.09542882442474 1.06400871276855 0.68440306186676
v 0.913053929805756 1.0184451341629 0.604399681091309
v 0.917472779750824 1.01232433319092 0.625171005725861
v 0.924228668212891 1.00902092456818 0.6434166431427
v 0.932103097438812 1.00820922851562 0.658581852912903
v 0.940203845500946 1.01031899452209 0.671708643436432
v 0.950400531291962 1.01424849033356 0.682178974151611
v 0.961283326148987 1.02015662193298 0.690542638301849
v 0.956121325492859 1.02938711643219 0.690730452537537
v 0.97120612859726 1.02737522125244 0.697325170040131
v 0.964516937732697 1.03596341609955 0.696271181106567
v 0.980525612831116 1.03630483150482 0.703061640262604
v 0.989802300930023 1.04674351215363 0.70795065164566
v 0.998089194297791 1.05855345726013 0.71094161272049
v 1.0032354593277 1.07188141345978 0.712758123874664
v 1.03626489639282 1.07544314861298 0.716008543968201
v 1.02122247219086 1.08126616477966 0.717043459415436
v 1.05276787281036 1.08930194377899 0.709304451942444
v 1.05282592773438 1.1054972410202 0.708346724510193
v 1.04788029193878 1.05512297153473 0.709871172904968
v 1.05101454257965 1.07163643836975 0.710007727146149
v 1.03495633602142 1.20466303825378 0.672719359397888
v 1.05313789844513 1.19710993766785 0.673802077770233
v 0.882972478866577 1.06365704536438 0.732380270957947
v 0.873099803924561 1.05999445915222 0.736526012420654
v 0.879586458206177 1.05594801902771 0.729399859905243
v 0.885204017162323 1.05978322029114 0.728325247764587
v 0.868875026702881 1.06737792491913 0.742239713668823
v 0.880335032939911 1.07959425449371 0.740729808807373
v 0.867211997509003 1.07757830619812 0.746260643005371
v 0.881094753742218 1.07020592689514 0.736896395683289
v 0.867823004722595 1.08980464935303 0.748280048370361
v 0.880580842494965 1.08958601951599 0.743737041950226
v 0.870625257492065 1.1016685962677 0.74814236164093
v 0.882079303264618 1.09967195987701 0.745053648948669
v 0.883789539337158 1.10702085494995 0.745459616184235
v 0.877263307571411 1.11139142513275 0.746525168418884
v 0.916294932365417 1.11680567264557 0.737272083759308
v 0.903837442398071 1.11389529705048 0.741183638572693
v 0.892078995704651 1.11006557941437 0.744082570075989
v 0.913826286792755 1.07449626922607 0.720359206199646
v 0.903094530105591 1.07351934909821 0.726387619972229
v 0.892257452011108 1.07185232639313 0.731764376163483
v 0.892240583896637 1.08075785636902 0.73624062538147
v 0.903879165649414 1.0817768573761 0.73124223947525
v 0.915197789669037 1.08294320106506 0.72605949640274
v 1.0814197063446 1.04994070529938 0.695084631443024
v 1.06540870666504 1.05217397212982 0.703206181526184
v 0.962509095668793 1.08404350280762 0.711487531661987
v 0.951279640197754 1.08604848384857 0.713027477264404
v 0.939651727676392 1.08676290512085 0.716127634048462
v 0.927042365074158 1.08560585975647 0.721230268478394
v 0.952767729759216 1.09703195095062 0.717905282974243
v 0.964701175689697 1.09590947628021 0.715445995330811
v 0.976843059062958 1.09339511394501 0.71368020772934
v 1.06680226325989 1.0689834356308 0.702808260917664
v 1.0952296257019 1.04791116714478 0.685893356800079
v 0.899647414684296 1.16299152374268 0.633915901184082
v 0.903011798858643 1.18129765987396 0.654349386692047
v 0.910872936248779 1.18862199783325 0.679767370223999
v 0.924416780471802 1.18313550949097 0.700678706169128
v 1.10087537765503 1.19762456417084 0.653220653533936
v 0.702613472938538 1.02696216106415 0.737509369850159
v 1.10332381725311 0.994296908378601 0.674469649791718
v 1.10596215724945 1.01379501819611 0.677789807319641
v 1.08946990966797 0.927823603153229 0.651785612106323
v 1.09441375732422 0.949036002159119 0.661683201789856
v 1.03708600997925 0.836054563522339 0.643567204475403
v 1.058140873909 0.837315559387207 0.635960936546326
v 1.06302499771118 0.86075633764267 0.639955759048462
v 1.07609760761261 0.790001630783081 0.634985208511353
v 1.07712531089783 0.811593651771545 0.626346349716187
v 1.08069443702698 0.862404465675354 0.630093455314636
v 1.08350992202759 0.885547995567322 0.636560201644897
v 1.08119738101959 0.971216320991516 0.674763441085815
v 1.09369707107544 1.03153705596924 0.687051773071289
v 1.10793721675873 1.0473438501358 0.679347038269043
v 1.10738170146942 1.06352710723877 0.677634358406067
v 1.10725545883179 1.07970547676086 0.677005589008331
v 0.93188214302063 1.04668807983398 0.489139169454575
v 0.933651328086853 1.06140851974487 0.500774383544922
v 0.944089293479919 1.06189799308777 0.491376459598541
v 0.942142903804779 1.04717719554901 0.480180382728577
v 0.917227983474731 1.04451155662537 0.509119153022766
v 0.918176651000977 1.05845189094543 0.520804464817047
v 0.925056219100952 1.06037771701813 0.51069575548172
v 0.923677980899811 1.04580974578857 0.498932600021362
v 0.912667155265808 1.05505764484406 0.530792593955994
v 0.91205370426178 1.04155313968658 0.519524455070496
v 0.930854797363281 1.03082513809204 0.479710876941681
v 0.922635078430176 1.03034615516663 0.489388972520828
v 0.941005945205688 1.03122508525848 0.471449762582779
v 0.912050247192383 1.02787017822266 0.509838283061981
v 0.916542589664459 1.02958416938782 0.49954879283905
v 1.03569972515106 1.22871720790863 0.495072454214096
v 1.03123438358307 1.23118233680725 0.480162382125854
v 1.03112268447876 1.27051317691803 0.456775486469269
v 1.03209388256073 1.27528834342957 0.457599937915802
v 1.04938054084778 1.2226870059967 0.513479828834534
v 1.0511167049408 1.21639895439148 0.51927924156189
v 1.03484880924225 1.25296974182129 0.462774693965912
v 1.03473687171936 1.239053606987 0.465587854385376
v 1.0331734418869 1.29590809345245 0.449313819408417
v 1.03363132476807 1.29278874397278 0.451419144868851
v 1.03299295902252 1.28177082538605 0.45270973443985
v 1.03330397605896 1.27819097042084 0.454683780670166
v 1.0528769493103 1.20967674255371 0.524658381938934
v 1.04668664932251 1.22647714614868 0.505481362342834
v 1.05703258514404 1.19418168067932 0.530501425266266
v 1.05869245529175 1.18649101257324 0.531805694103241
v 1.04799556732178 1.17985045909882 0.534918785095215
v 1.04717612266541 1.17110407352448 0.531961858272552
v 1.02246356010437 1.04251372814178 0.459235042333603
v 1.03182756900787 1.08946549892426 0.484770208597183
v 1.02872371673584 1.07676696777344 0.474545896053314
v 1.03460037708282 1.10522150993347 0.493164122104645
v 1.04518330097198 1.16187703609467 0.526182532310486
v 1.05506944656372 1.20210838317871 0.528380870819092
v 1.03361964225769 1.26570677757263 0.457816064357758
v 1.03474235534668 1.26070058345795 0.461426377296448
v 1.03356683254242 1.28896331787109 0.452294111251831
v 1.03328096866608 1.28538227081299 0.452472150325775
v 1.05554747581482 1.13408756256104 0.505771934986115
v 1.05311751365662 1.11845195293427 0.495916366577148
v 1.02553308010101 1.06036269664764 0.466904580593109
v 1.03769743442535 1.01723265647888 0.450364977121353
v 1.03716361522675 0.99376368522644 0.446677923202515
v 1.05771601200104 1.14894449710846 0.514337956905365
v 1.03757107257843 0.971352458000183 0.445285797119141
v 0.890766501426697 0.597817182540894 0.629325270652771
v 0.90962678194046 0.579427242279053 0.645642936229706
v 0.921874403953552 0.595197141170502 0.658267259597778
v 0.907610774040222 0.60867440700531 0.647179126739502
v 0.899754405021667 0.651902318000793 0.630879402160645
v 0.900249361991882 0.678961992263794 0.625360250473022
v 0.901107549667358 0.705869197845459 0.621673822402954
v 0.94280344247818 0.586573362350464 0.667916536331177
v 0.973943531513214 0.604195237159729 0.682128071784973
v 0.968191742897034 0.581926465034485 0.673829019069672
v 0.919061303138733 0.703844428062439 0.64418351650238
v 0.918236494064331 0.677764177322388 0.647562384605408
v 0.91862154006958 0.615933775901794 0.656893372535706
v 0.917146801948547 0.630244135856628 0.655376672744751
v 0.900449693202972 0.627847254276276 0.638620853424072
v 0.949029982089996 0.606160283088684 0.675544023513794
v 0.930243909358978 0.610403776168823 0.665741443634033
v 1.01486897468567 0.75692880153656 0.657821834087372
v 1.01109170913696 0.73855447769165 0.666343569755554
v 1.03849232196808 0.736632764339447 0.66413140296936
v 0.931525468826294 0.769197463989258 0.633304059505463
v 0.94646692276001 0.747501254081726 0.652116656303406
v 1.06179821491241 0.592907071113586 0.65683114528656
v 0.933531403541565 0.628651738166809 0.668655037879944
v 0.978924751281738 0.627560675144196 0.686980605125427
v 0.953875124454498 0.627837300300598 0.679192304611206
v 0.983265280723572 0.699664950370789 0.680310010910034
v 0.960040092468262 0.700399398803711 0.673130750656128
v 0.959318161010742 0.676292359828949 0.67801970243454
v 0.982788681983948 0.676275134086609 0.685591757297516
v 0.938946902751923 0.701359272003174 0.661467671394348
v 0.941858768463135 0.72600919008255 0.657085418701172
v 0.984980463981628 0.721324801445007 0.67348301410675
v 0.962833523750305 0.72324013710022 0.667236328125
v 0.96703839302063 0.744577586650848 0.660930037498474
v 0.938021659851074 0.675854980945587 0.665155827999115
v 0.981950998306274 0.65182226896286 0.688243806362152
v 1.00996470451355 0.651368141174316 0.690320134162903
v 1.03924071788788 0.651876330375671 0.686033844947815
v 1.06755876541138 0.649331450462341 0.680617332458496
v 1.06956279277802 0.673276245594025 0.679119765758514
v 0.988370001316071 0.741282939910889 0.665264785289764
v 0.998896062374115 0.778014421463013 0.650811672210693
v 0.992441654205322 0.76000303030014 0.657402575016022
v 1.01620984077454 0.83577287197113 0.646176517009735
v 0.889437556266785 0.377312362194061 0.46748560667038
v 1.04406630992889 0.534783720970154 0.542062163352966
v 1.03989946842194 0.531068027019501 0.516961216926575
v 0.867937564849854 0.636813521385193 0.510058045387268
v 0.866405844688416 0.61619508266449 0.586227655410767
v 0.883153796195984 0.622832417488098 0.615332007408142
v 1.02357387542725 0.532991886138916 0.475018084049225
v 1.00506865978241 0.542847573757172 0.455465912818909
v 0.882878243923187 0.630303025245667 0.480240434408188
v 0.926374077796936 0.590043544769287 0.445208162069321
v 1.03376364707947 0.530057787895203 0.495940089225769
v 0.917263388633728 0.652988910675049 0.651371479034424
v 0.936066150665283 0.650821924209595 0.667639911174774
v 0.95717442035675 0.651242434978485 0.680136442184448
v 1.00728869438171 0.627744555473328 0.688681721687317
v 1.03805041313171 0.629355669021606 0.683699429035187
v 1.06614124774933 0.628267109394073 0.675971448421478
v 1.0146449804306 0.588320016860962 0.432748019695282
v 1.0263637304306 0.594625532627106 0.427867919206619
v 1.01887738704681 0.59784734249115 0.427340447902679
v 1.03629612922668 0.607795596122742 0.422940224409103
v 1.03669893741608 0.591695487499237 0.428766071796417
v 1.02640867233276 0.580275893211365 0.435827910900116
v 1.03733909130096 0.577133893966675 0.437102288007736
v 1.03850555419922 0.563880562782288 0.447940975427628
v 0.965331733226776 0.71939092874527 0.432917535305023
v 0.946424603462219 0.727453708648682 0.44837749004364
v 1.02191984653473 0.704677939414978 0.406798452138901
v 1.00396609306335 0.708095967769623 0.411978662014008
v 0.898493885993958 0.754480957984924 0.50993138551712
v 0.985119462013245 0.712922751903534 0.42044073343277
v 0.928161799907684 0.736095428466797 0.465936988592148
v 0.91072541475296 0.745416164398193 0.486768782138824
v 1.07208740711212 0.716636538505554 0.668543815612793
v 1.07175123691559 0.737442255020142 0.659463405609131
v 1.03922438621521 0.702017068862915 0.40496689081192
v 1.03810429573059 1.23031949996948 0.477659702301025
v 1.04287695884705 1.22764158248901 0.492806226015091
v 1.04275357723236 1.41711783409119 0.453177839517593
v 1.09140813350677 1.24980521202087 0.623086035251617
v 1.03662407398224 1.35906112194061 0.446468979120255
v 1.03391873836517 1.27486109733582 0.457142293453217
v 1.03214299678802 1.29757189750671 0.446138143539429
v 1.05988621711731 1.17798852920532 0.532356142997742
v 1.06018352508545 1.16841053962708 0.529488265514374
v 1.04794752597809 0.542757868766785 0.538362264633179
v 1.0591059923172 1.15937280654907 0.52243173122406
v 1.04774308204651 0.543371915817261 0.552061557769775
v 1.08657157421112 0.907435715198517 0.64355593919754
v 0.882491171360016 -0.0707730054855347 0.596029758453369
v 0.885404348373413 -0.0686681270599365 0.611267864704132
v 0.878263175487518 -0.0972511768341064 0.608179688453674
v 0.877156496047974 -0.098258376121521 0.59356814622879
v 0.868743062019348 -0.0610144138336182 0.640347361564636
v 0.879573941230774 -0.0647447109222412 0.631944060325623
v 0.854202687740326 -0.0585882663726807 0.642691314220428
v 0.840490520000458 -0.0581218004226685 0.637914061546326
v 0.841744899749756 -0.0883970260620117 0.636775851249695
v 0.853456258773804 -0.0891411304473877 0.642794787883759
v 0.831497311592102 -0.0582253932952881 0.629108607769012
v 0.82481449842453 -0.0879570245742798 0.618453025817871
v 0.824757397174835 -0.0586956143379211 0.617652893066406
v 0.820658385753632 -0.0601539015769958 0.59898567199707
v 0.822002053260803 -0.0881772041320801 0.600442051887512
v 0.825484752655029 -0.0652987360954285 0.579319894313812
v 0.825844049453735 -0.0919139385223389 0.581643342971802
v 0.838485062122345 -0.0698018074035645 0.567797422409058
v 0.87435394525528 -0.0726123452186584 0.581562995910645
v 0.870898902416229 -0.0993375778198242 0.578173279762268
v 0.866191506385803 -0.0911773443222046 0.640367865562439
v 0.874287486076355 -0.0943421125411987 0.630713641643524
v 0.876984655857086 -0.0959349870681763 0.619230985641479
v 0.883943796157837 -0.0670309662818909 0.622578859329224
v 0.874168694019318 -0.124922275543213 0.604820728302002
v 0.87688410282135 -0.125213265419006 0.588570952415466
v 0.864680409431458 -0.120750427246094 0.641062378883362
v 0.869184851646423 -0.122840762138367 0.627452969551086
v 0.842742323875427 -0.117641091346741 0.636822938919067
v 0.85264527797699 -0.118264436721802 0.645160913467407
v 0.820846617221832 -0.115349292755127 0.620312392711639
v 0.831438839435577 -0.116466641426086 0.62908798456192
v 0.832774460315704 -0.0881097316741943 0.628508448600769
v 0.81884378194809 -0.114917516708374 0.603032052516937
v 0.822276532649994 -0.116366028785706 0.580743849277496
v 0.869547247886658 -0.124563336372375 0.571667015552521
v 0.871643126010895 -0.124320387840271 0.616182923316956
v 0.774092674255371 -0.198238730430603 0.430457592010498
v 0.775693595409393 -0.193819403648376 0.430920362472534
v 0.7799973487854 -0.194022297859192 0.42931991815567
v 0.780736207962036 -0.19933545589447 0.428129106760025
v 0.811395168304443 -0.202054381370544 0.411222577095032
v 0.813611209392548 -0.191666841506958 0.408937782049179
v 0.822111546993256 -0.19407320022583 0.409865170717239
v 0.822664499282837 -0.205909490585327 0.411438912153244
v 0.794122219085693 -0.200838804244995 0.416555643081665
v 0.793354392051697 -0.204166650772095 0.420130431652069
v 0.788559436798096 -0.20386791229248 0.421700060367584
v 0.786305665969849 -0.200186252593994 0.418821066617966
v 0.757896423339844 -0.194111347198486 0.464834213256836
v 0.757996201515198 -0.198820114135742 0.467149287462234
v 0.753936290740967 -0.198269724845886 0.469673871994019
v 0.752692580223083 -0.194301843643188 0.468781918287277
v 0.768660187721252 -0.198140621185303 0.443715393543243
v 0.768698990345001 -0.202558159828186 0.446590304374695
v 0.764794051647186 -0.201655030250549 0.448894709348679
v 0.762937605381012 -0.198184490203857 0.447624385356903
v 0.815211355686188 -0.188261270523071 0.433204352855682
v 0.82945728302002 -0.188189029693604 0.433182746171951
v 0.825790643692017 -0.192536950111389 0.419210314750671
v 0.813405752182007 -0.189273118972778 0.419268727302551
v 0.832010209560394 -0.201858758926392 0.421673536300659
v 0.83627462387085 -0.199425578117371 0.436627060174942
v 0.829195857048035 -0.206887006759644 0.439231276512146
v 0.825536251068115 -0.206430315971375 0.425556123256683
v 0.815941393375397 -0.205814599990845 0.438395202159882
v 0.813720285892487 -0.20560359954834 0.425998479127884
v 0.808780312538147 -0.198318839073181 0.435443133115768
v 0.804737210273743 -0.197594404220581 0.422008961439133
v 0.78915011882782 -0.19527542591095 0.438345551490784
v 0.794235467910767 -0.188086748123169 0.436673492193222
v 0.789852201938629 -0.191734075546265 0.424982011318207
v 0.78373646736145 -0.197688579559326 0.42751282453537
v 0.804692268371582 -0.189602613449097 0.432706952095032
v 0.797778367996216 -0.192636251449585 0.422231823205948
v 0.807962119579315 -0.20023512840271 0.432623624801636
v 0.802939414978027 -0.204758167266846 0.437219679355621
v 0.79751992225647 -0.204471468925476 0.42573469877243
v 0.802626252174377 -0.200040459632874 0.42092564702034
v 0.793694496154785 -0.203267931938171 0.439906150102615
v 0.788813412189484 -0.20390522480011 0.428952038288116
v 0.778159141540527 -0.186980128288269 0.447424471378326
v 0.788068413734436 -0.1888827085495 0.442885279655457
v 0.783204197883606 -0.192663073539734 0.434296995401382
v 0.775795161724091 -0.191572904586792 0.436958789825439
v 0.787138164043427 -0.200740456581116 0.433137714862823
v 0.790796875953674 -0.199152827262878 0.44219958782196
v 0.785653471946716 -0.203217029571533 0.446006387472153
v 0.781940519809723 -0.203338384628296 0.436182469129562
v 0.776681900024414 -0.201494932174683 0.449157983064651
v 0.774658203125 -0.202847480773926 0.438350021839142
v 0.772940933704376 -0.193349838256836 0.44854536652565
v 0.770847976207733 -0.196711540222168 0.4380202293396
v 0.760732650756836 -0.192451596260071 0.464989900588989
v 0.764604866504669 -0.185743093490601 0.463619202375412
v 0.763218700885773 -0.190183401107788 0.453857064247131
v 0.760331988334656 -0.196394324302673 0.455317199230194
v 0.771695792675018 -0.186919808387756 0.458372175693512
v 0.768948912620544 -0.190384864807129 0.450658559799194
v 0.773535907268524 -0.195511102676392 0.448690444231033
v 0.774111986160278 -0.192909955978394 0.455679208040237
v 0.771844148635864 -0.201205730438232 0.4597487449646
v 0.771316826343536 -0.202874064445496 0.451415419578552
v 0.764228224754333 -0.200375318527222 0.464883387088776
v 0.763995409011841 -0.202278971672058 0.454987734556198
v 0.753396272659302 -0.184948801994324 0.482669979333878
v 0.752402007579803 -0.187461972236633 0.474118709564209
v 0.750510573387146 -0.193247199058533 0.475956976413727
v 0.752034544944763 -0.191725969314575 0.485979169607162
v 0.759225487709045 -0.184800148010254 0.476512104272842
v 0.758036613464355 -0.187523722648621 0.470290154218674
v 0.76171886920929 -0.192795157432556 0.469162464141846
v 0.76120913028717 -0.190437793731689 0.474487632513046
v 0.761160135269165 -0.19909656047821 0.477859526872635
v 0.760720133781433 -0.199978470802307 0.471634715795517
v 0.755459785461426 -0.198114275932312 0.483440339565277
v 0.75382125377655 -0.199420690536499 0.475359588861465
v 0.813885569572449 -0.18706202507019 0.447731375694275
v 0.831807851791382 -0.184337377548218 0.447587490081787
v 0.821612060070038 -0.205922484397888 0.416451245546341
v 0.838021695613861 -0.197328925132751 0.451194494962692
v 0.814921915531158 -0.205536603927612 0.41680496931076
v 0.813563346862793 -0.205321788787842 0.450850784778595
v 0.830265820026398 -0.205872178077698 0.453708648681641
v 0.81091433763504 -0.197946667671204 0.440895259380341
v 0.788626670837402 -0.194651365280151 0.418906629085541
v 0.793873190879822 -0.203452467918396 0.456398457288742
v 0.79260265827179 -0.197028875350952 0.447393536567688
v 0.79351532459259 -0.195100545883179 0.41740745306015
v 0.795758843421936 -0.185866236686707 0.452926933765411
v 0.779586255550385 -0.185854434967041 0.465136080980301
v 0.779051899909973 -0.202962756156921 0.43095788359642
v 0.775102734565735 -0.202609419822693 0.432204186916351
v 0.776765465736389 -0.201790809631348 0.466731280088425
v 0.774233102798462 -0.19184148311615 0.457718402147293
v 0.763547658920288 -0.193175673484802 0.447804659605026
v 0.764160513877869 -0.200236678123474 0.480491101741791
v 0.761192619800568 -0.190405130386353 0.474354088306427
v 0.767126381397247 -0.193515181541443 0.445919454097748
v 0.765294075012207 -0.183314323425293 0.479642599821091
v 0.754035711288452 -0.19101345539093 0.469125062227249
v 0.756659805774689 -0.198948979377747 0.494047492742538
v 0.752922415733337 -0.190878510475159 0.498507648706436
v 0.756789982318878 -0.190536260604858 0.46671050786972
v 0.75581967830658 -0.182662963867188 0.493370532989502
v 0.860044896602631 -0.0993466377258301 0.567513048648834
v 0.864144563674927 -0.0735392570495605 0.570876121520996
v 0.851885199546814 -0.073098361492157 0.566127121448517
v 0.847804367542267 -0.0983114242553711 0.564127206802368
v 0.836434483528137 -0.0956827402114868 0.568235039710999
v 0.856593251228333 -0.122501254081726 0.560630559921265
v 0.843071401119232 -0.12039589881897 0.558571100234985
v 0.832091748714447 -0.119119882583618 0.565428555011749
v 0.812668085098267 -0.136481165885925 0.606886565685272
v 0.817119598388672 -0.136396169662476 0.624500870704651
v 0.830053567886353 -0.138139843940735 0.632660210132599
v 0.84082418680191 -0.139590859413147 0.641615569591522
v 0.851802825927734 -0.140808701515198 0.649627149105072
v 0.865896999835968 -0.145977854728699 0.565777540206909
v 0.8528071641922 -0.141036748886108 0.550787270069122
v 0.83787214756012 -0.137298822402954 0.54747062921524
v 0.824801445007324 -0.13632071018219 0.557202577590942
v 0.838945150375366 -0.17939305305481 0.463014006614685
v 0.820758283138275 -0.175771236419678 0.465174704790115
v 0.828405320644379 -0.168327927589417 0.483669370412827
v 0.842582166194916 -0.179879069328308 0.483875870704651
v 0.803501129150391 -0.17763614654541 0.471750020980835
v 0.810708940029144 -0.167311668395996 0.490695863962173
v 0.787601590156555 -0.178666234016418 0.482838988304138
v 0.795535802841187 -0.170315504074097 0.501634776592255
v 0.773180365562439 -0.179095268249512 0.496010273694992
v 0.782161056995392 -0.17365550994873 0.513946771621704
v 0.76068639755249 -0.180440783500671 0.508025646209717
v 0.769689083099365 -0.17848014831543 0.526057422161102
v 0.754253625869751 -0.189606428146362 0.514201045036316
v 0.761403799057007 -0.188201665878296 0.533194184303284
v 0.844075322151184 -0.196776628494263 0.467204570770264
v 0.845738351345062 -0.195748448371887 0.488328188657761
v 0.834115505218506 -0.207488656044006 0.471851706504822
v 0.835479378700256 -0.207891702651978 0.49248856306076
v 0.817753255367279 -0.206167459487915 0.475659757852554
v 0.820514023303986 -0.20686948299408 0.497166901826859
v 0.7640620470047 -0.200857043266296 0.530008912086487
v 0.758587718009949 -0.200830698013306 0.510104656219482
v 0.799846887588501 -0.204516768455505 0.483247131109238
v 0.803603053092957 -0.204804539680481 0.50498765707016
v 0.783408641815186 -0.204125285148621 0.492511391639709
v 0.787956833839417 -0.204687356948853 0.514174938201904
v 0.769713282585144 -0.203343510627747 0.50192666053772
v 0.774617910385132 -0.204236030578613 0.522955060005188
v 0.837870836257935 -0.163991928100586 0.506610453128815
v 0.819892406463623 -0.156590819358826 0.510986030101776
v 0.80598258972168 -0.160373091697693 0.522464275360107
v 0.79306960105896 -0.166202545166016 0.535496771335602
v 0.780845284461975 -0.175486326217651 0.547851920127869
v 0.771200656890869 -0.186293482780457 0.554938077926636
v 0.800998210906982 -0.15547776222229 0.562733352184296
v 0.791211128234863 -0.174979329109192 0.572387993335724
v 0.783397436141968 -0.187471628189087 0.576557636260986
v 0.79370903968811 -0.188185811042786 0.598401188850403
v 0.798892259597778 -0.174424052238464 0.59704452753067
v 0.815100371837616 -0.17716658115387 0.635685622692108
v 0.807553052902222 -0.175068616867065 0.618585050106049
v 0.80190896987915 -0.188793182373047 0.620464682579041
v 0.809401869773865 -0.192318797111511 0.638517022132874
v 0.804474651813507 -0.156481504440308 0.590507984161377
v 0.811743259429932 -0.156544327735901 0.612705171108246
v 0.820375919342041 -0.157105565071106 0.628315627574921
v 0.82974773645401 -0.195817828178406 0.657348990440369
v 0.83255922794342 -0.179102778434753 0.656975030899048
v 0.82258015871048 -0.178537964820862 0.647409081459045
v 0.817757785320282 -0.194430470466614 0.650002062320709
v 0.847004532814026 -0.199773550033569 0.658368110656738
v 0.849566340446472 -0.182504057884216 0.66071093082428
v 0.863463342189789 -0.186606168746948 0.646829903125763
v 0.861653327941895 -0.20303738117218 0.645966291427612
v 0.83720600605011 -0.158732175827026 0.648759484291077
v 0.82870614528656 -0.158182263374329 0.639330089092255
v 0.850564420223236 -0.160929679870605 0.654454529285431
v 0.862976789474487 -0.164033651351929 0.643377244472504
v 0.866495549678802 -0.187292098999023 0.626719415187836
v 0.866027235984802 -0.165573477745056 0.62570059299469
v 0.866322457790375 -0.203531384468079 0.626748979091644
v 0.84651917219162 -0.180735468864441 0.508543491363525
v 0.845758676528931 -0.193731784820557 0.512801170349121
v 0.815097451210022 -0.147643208503723 0.541700601577759
v 0.82993870973587 -0.146961808204651 0.53091835975647
v 0.848847687244415 -0.157040238380432 0.534320473670959
v 0.854292452335358 -0.180170297622681 0.534586668014526
v 0.849099934101105 -0.194422125816345 0.539063155651093
v 0.860864400863647 -0.183447122573853 0.559165954589844
v 0.853624641895294 -0.19606077671051 0.562332808971405
v 0.837096810340881 -0.203068494796753 0.51697051525116
v 0.840012311935425 -0.200559377670288 0.543046891689301
v 0.845357477664948 -0.201992630958557 0.565825939178467
v 0.864920735359192 -0.185630083084106 0.580256998538971
v 0.859308838844299 -0.198554396629333 0.582206845283508
v 0.865065336227417 -0.185667157173157 0.598017990589142
v 0.862739682197571 -0.200361251831055 0.598432898521423
v 0.86502343416214 -0.201974868774414 0.611872673034668
v 0.865171670913696 -0.186235070228577 0.611928939819336
v 0.867198705673218 -0.166233897209167 0.59986275434494
v 0.866665720939636 -0.165588855743408 0.612561523914337
v 0.866501867771149 -0.166666150093079 0.581937491893768
v 0.862590134143829 -0.164345979690552 0.559749245643616
v 0.772226393222809 -0.199553728103638 0.552837669849396
v 0.783023118972778 -0.198716759681702 0.575198709964752
v 0.794296383857727 -0.198555588722229 0.596548616886139
v 0.803213119506836 -0.201274275779724 0.618019223213196
v 0.812323451042175 -0.204723238945007 0.634299159049988
v 0.82045990228653 -0.206422448158264 0.644088864326477
v 0.830915451049805 -0.207312226295471 0.650457739830017
v 0.844905972480774 -0.208823800086975 0.649922251701355
v 0.85582560300827 -0.211066842079163 0.641595840454102
v 0.858875274658203 -0.212497353553772 0.626459538936615
v 0.858106017112732 -0.212638974189758 0.613256394863129
v 0.851518034934998 -0.206445932388306 0.585273623466492
v 0.85610568523407 -0.210791349411011 0.600317299365997
v 0.873024940490723 -0.147809267044067 0.584362506866455
v 0.872679650783539 -0.147164225578308 0.601907432079315
v 0.870075166225433 -0.146039247512817 0.613617420196533
v 0.863189220428467 -0.143295645713806 0.640632450580597
v 0.866698503494263 -0.144798636436462 0.625166773796082
v 0.82387775182724 -0.205873489379883 0.522334516048431
v 0.808245182037354 -0.204517722129822 0.530059337615967
v 0.793652355670929 -0.204209804534912 0.538869082927704
v 0.781495809555054 -0.203699111938477 0.546720862388611
v 0.790329098701477 -0.203470706939697 0.570296108722687
v 0.801521062850952 -0.204321146011353 0.563795745372772
v 0.815422296524048 -0.20540714263916 0.555850803852081
v 0.829106569290161 -0.203951835632324 0.548115253448486
v 0.801043748855591 -0.204352021217346 0.591651141643524
v 0.810782909393311 -0.206167578697205 0.585557341575623
v 0.823808312416077 -0.20725405216217 0.578841924667358
v 0.835505247116089 -0.206218600273132 0.571029663085938
v 0.842629134654999 -0.210961580276489 0.590490758419037
v 0.832634806632996 -0.21091902256012 0.598354816436768
v 0.820850372314453 -0.209246873855591 0.604569613933563
v 0.811740398406982 -0.206910133361816 0.611429810523987
v 0.820306837558746 -0.20905077457428 0.62664932012558
v 0.828819215297699 -0.210819005966187 0.619337320327759
v 0.839186489582062 -0.212653756141663 0.613004803657532
v 0.847483575344086 -0.213394522666931 0.606010913848877
v 0.826589465141296 -0.21002984046936 0.635387897491455
v 0.842581033706665 -0.211769938468933 0.642240762710571
v 0.833609640598297 -0.210777997970581 0.640918254852295
v 0.849986433982849 -0.213734030723572 0.637380599975586
v 0.851198017597198 -0.214347958564758 0.627053141593933
v 0.849943578243256 -0.214268326759338 0.616766929626465
v 0.844480276107788 -0.213219046592712 0.629107296466827
v 0.842314898967743 -0.213073015213013 0.621928095817566
v 0.833447337150574 -0.211342096328735 0.627996623516083
v 0.837606072425842 -0.211657881736755 0.63385283946991
v 0.845391988754272 -0.212933421134949 0.634721755981445
v 0.841845989227295 -0.212138772010803 0.637039959430695
v 0.815814733505249 -0.138891220092773 0.579194307327271
v 1.09966313838959 1.21232104301453 0.646319210529327
v 1.10667824745178 1.13668775558472 0.6725914478302
v 0.906226873397827 0.201974928379059 0.512658357620239
v 0.890526175498962 0.201256453990936 0.508525848388672
v 0.875167787075043 0.205293893814087 0.50865775346756
v 0.905617713928223 0.622899889945984 0.459172278642654
v 0.960073113441467 0.850849807262421 0.450120031833649
v 0.955416202545166 0.890574872493744 0.463329315185547
v 0.95796012878418 0.870325684547424 0.457013010978699
v 0.899058163166046 0.597892582416534 0.45672744512558
v 0.92209529876709 0.911534547805786 0.529470860958099
v 1.06376302242279 0.610541224479675 0.667731642723083
v 1.10705721378326 1.09566497802734 0.676362812519073
v 0.935490012168884 1.07645523548126 0.514337480068207
v 1.0710461139679 0.695288896560669 0.674813985824585
v 0.992728471755981 1.34875154495239 0.568875253200531
v 0.995566427707672 1.34771335124969 0.569946467876434
v 0.996368229389191 1.34442567825317 0.571239650249481
v 0.998624384403229 1.34392774105072 0.57521915435791
v 1.00019574165344 1.34297263622284 0.578463852405548
v 1.00099527835846 1.34276521205902 0.580604016780853
v 0.99614542722702 1.34572076797485 0.573702096939087
v 0.998385787010193 1.34899508953094 0.575547099113464
v 0.996118485927582 1.34790885448456 0.572752118110657
v 0.995003998279572 1.34699821472168 0.572028040885925
v 1.05091369152069 1.10186684131622 0.487460553646088
v 1.04793679714203 1.0865341424942 0.478999018669128
v 1.04408824443817 1.0744092464447 0.469203263521194
v 1.04175269603729 1.05646669864655 0.4627445936203
v 1.03322768211365 1.27022874355316 0.456046134233475
v 1.03915953636169 0.792430818080902 0.402007818222046
v 1.03863072395325 0.807185173034668 0.40494579076767
v 1.07832074165344 0.839055061340332 0.625543355941772
v 1.0396648645401 0.746520161628723 0.397775739431381
v 1.03746211528778 0.824625015258789 0.403781086206436
v 1.09904420375824 0.972482323646545 0.669185042381287
v 1.03949725627899 1.03816521167755 0.456250786781311
v 1.03950595855713 0.724634528160095 0.400379180908203
v 1.10810697078705 1.03165864944458 0.680879473686218
v 1.0349395275116 0.847565114498138 0.404530256986618
v 1.03644263744354 0.62823474407196 0.41861230134964
v 1.03456103801727 0.911828458309174 0.422534674406052
v 1.0851434469223 1.38716459274292 0.450735837221146
v 1.09864246845245 1.37922370433807 0.456878662109375
v 1.09008884429932 1.36914372444153 0.451096743345261
v 1.07686579227448 1.37341499328613 0.445318341255188
v 1.08443307876587 1.36012971401215 0.446359932422638
v 1.07300770282745 1.36179137229919 0.443264812231064
v 1.10700559616089 1.37026464939117 0.466224551200867
v 1.0988757610321 1.36283254623413 0.458648145198822
v 1.10663497447968 1.3279641866684 0.467698395252228
v 1.10495257377625 1.33722758293152 0.467203915119171
v 1.11259758472443 1.33535814285278 0.473780691623688
v 1.11368572711945 1.32330310344696 0.475657135248184
v 1.10600066184998 1.30132842063904 0.472320973873138
v 1.1108455657959 1.29347741603851 0.483425796031952
v 1.10241937637329 1.28466701507568 0.47586715221405
v 1.09748733043671 1.29326188564301 0.46713525056839
v 1.0605001449585 1.30811309814453 0.454083651304245
v 1.06421506404877 1.31401538848877 0.45392718911171
v 1.06977510452271 1.30804681777954 0.453261137008667
v 1.0653909444809 1.3013813495636 0.4538833796978
v 1.05056393146515 1.31857883930206 0.450547933578491
v 1.04462718963623 1.32174587249756 0.445619732141495
v 1.04682600498199 1.32761430740356 0.449409931898117
v 1.0529260635376 1.32369327545166 0.453015565872192
v 1.05518651008606 1.30292344093323 0.455461621284485
v 1.06026923656464 1.29605937004089 0.45614492893219
v 1.05318534374237 1.30952262878418 0.451963514089584
v 1.05592811107635 1.31397950649261 0.453519701957703
v 1.04616212844849 1.30320405960083 0.443468689918518
v 1.04186701774597 1.30354797840118 0.439837157726288
v 1.04288268089294 1.30921864509583 0.438786923885345
v 1.0480774641037 1.30823659896851 0.444041192531586
v 1.05248546600342 1.30259203910828 0.451388835906982
v 1.04814898967743 1.29966950416565 0.450959026813507
v 1.04857099056244 1.30187284946442 0.447377294301987
v 1.05156481266022 1.30569982528687 0.448371887207031
v 1.04863381385803 1.31336855888367 0.447609663009644
v 1.04328286647797 1.31568765640259 0.441973477602005
v 1.03735029697418 1.31688284873962 0.43679416179657
v 1.03651368618011 1.30875563621521 0.433977246284485
v 1.07652413845062 1.28790283203125 0.457497388124466
v 1.07062244415283 1.28450787067413 0.457597732543945
v 1.06562888622284 1.2901291847229 0.456281363964081
v 1.07096970081329 1.29463708400726 0.454949021339417
v 1.0500271320343 1.2967940568924 0.454121470451355
v 1.05150282382965 1.28069651126862 0.45350444316864
v 1.04503095149994 1.28183019161224 0.451673626899719
v 1.04524850845337 1.28593385219574 0.451473385095596
v 1.05226624011993 1.2848002910614 0.453276932239532
v 1.0840470790863 1.27374756336212 0.465561419725418
v 1.08506548404694 1.26579141616821 0.469881594181061
v 1.07667338848114 1.26611864566803 0.465846747159958
v 1.07652175426483 1.2726104259491 0.463050723075867
v 1.07434511184692 1.25995898246765 0.468102306127548
v 1.08290183544159 1.25752329826355 0.473560452461243
v 1.07175350189209 1.24260878562927 0.475696951150894
v 1.06390726566315 1.24903893470764 0.467755198478699
v 1.06983637809753 1.25450253486633 0.468862175941467
v 1.07835137844086 1.24996292591095 0.475537151098251
v 1.05048751831055 1.25455844402313 0.462879002094269
v 1.05646896362305 1.24420285224915 0.465449154376984
v 1.04846549034119 1.24063336849213 0.463567495346069
v 1.04417085647583 1.25329911708832 0.46230161190033
v 1.0516711473465 1.27504682540894 0.458099365234375
v 1.0512478351593 1.27753925323486 0.455331593751907
v 1.05614531040192 1.27668821811676 0.457347333431244
v 1.05618131160736 1.27487087249756 0.459417551755905
v 1.06107032299042 1.2746068239212 0.460786581039429
v 1.06074678897858 1.27522587776184 0.459950268268585
v 1.06235599517822 1.27585458755493 0.459475129842758
v 1.06297826766968 1.27439379692078 0.460927277803421
v 1.05896806716919 1.27470183372498 0.460273861885071
v 1.05993545055389 1.27363395690918 0.460927486419678
v 1.05735099315643 1.27275860309601 0.460250735282898
v 1.05319452285767 1.27189326286316 0.458519756793976
v 1.03841090202332 1.27010750770569 0.45537143945694
v 1.03805482387543 1.27483534812927 0.456224828958511
v 1.04142880439758 1.27480864524841 0.456264734268188
v 1.04240250587463 1.27041816711426 0.455377250909805
v 1.06036365032196 1.27733182907104 0.457912147045135
v 1.05690085887909 1.27901995182037 0.455964267253876
v 1.05828452110291 1.28221273422241 0.455346882343292
v 1.06251108646393 1.27931022644043 0.457260131835938
v 1.06584095954895 1.28179836273193 0.457188963890076
v 1.0688955783844 1.27755808830261 0.459396302700043
v 1.06497097015381 1.27662336826324 0.459170371294022
v 1.06199586391449 1.2726229429245 0.461794793605804
v 1.0660138130188 1.27388417720795 0.461234599351883
v 1.06530714035034 1.27097654342651 0.462930232286453
v 1.06277084350586 1.2680516242981 0.46301007270813
v 1.05939733982086 1.27079725265503 0.461309671401978
v 1.05528724193573 1.26902830600739 0.45970293879509
v 1.05861794948578 1.26527631282806 0.461949527263641
v 1.05291712284088 1.26296019554138 0.460581660270691
v 1.0497465133667 1.26722311973572 0.457642465829849
v 1.06104111671448 1.28593826293945 0.45555055141449
v 1.07048225402832 1.27313303947449 0.461847066879272
v 1.07414019107819 1.27883529663086 0.460076600313187
v 1.07022619247437 1.26848697662354 0.464109838008881
v 1.06777453422546 1.264164686203 0.465071797370911
v 1.05746603012085 1.2568941116333 0.46382337808609
v 1.06348502635956 1.26014316082001 0.464742481708527
v 1.06328821182251 1.2360668182373 0.474684506654739
v 1.05377721786499 1.23177671432495 0.474363446235657
v 1.08044517040253 1.35335576534271 0.447017997503281
v 1.07135808467865 1.35477423667908 0.446658670902252
v 1.08178210258484 1.34639811515808 0.451472729444504
v 1.07746887207031 1.34730005264282 0.450505971908569
v 1.07812190055847 1.349893450737 0.449494242668152
v 1.08362972736359 1.34836542606354 0.45117974281311
v 1.09801852703094 1.33922553062439 0.46332973241806
v 1.09947657585144 1.33259403705597 0.463666915893555
v 1.09291863441467 1.33714532852173 0.461237072944641
v 1.09216809272766 1.34107100963593 0.4599529504776
v 1.08370685577393 1.32906031608582 0.457188636064529
v 1.08113384246826 1.3359591960907 0.455470830202103
v 1.08478510379791 1.33687508106232 0.456760138273239
v 1.0886082649231 1.33048665523529 0.458844900131226
v 1.07702267169952 1.33551323413849 0.454720973968506
v 1.07844805717468 1.32913672924042 0.456203937530518
v 1.07328271865845 1.33035027980804 0.455691933631897
v 1.07275211811066 1.33593022823334 0.454777121543884
v 1.07108664512634 1.35107445716858 0.449978440999985
v 1.07186377048492 1.34814178943634 0.450798898935318
v 1.06599712371826 1.34800517559052 0.453168511390686
v 1.06417274475098 1.35126030445099 0.452544152736664
v 1.05778634548187 1.34204411506653 0.460740208625793
v 1.05442237854004 1.34172832965851 0.46000474691391
v 1.05479443073273 1.34587454795837 0.458877384662628
v 1.05835008621216 1.3444117307663 0.459583044052124
v 1.05886006355286 1.34005236625671 0.460056126117706
v 1.05664825439453 1.33844864368439 0.459570944309235
v 1.07958126068115 1.41034173965454 0.453152060508728
v 1.09603452682495 1.40164709091187 0.458435237407684
v 1.0697113275528 1.3919392824173 0.445296257734299
v 1.1093418598175 1.39003455638885 0.465475261211395
v 1.11711513996124 1.37760162353516 0.474243521690369
v 1.10565996170044 1.27595019340515 0.483811318874359
v 1.09516942501068 1.26917326450348 0.476049423217773
v 1.09299409389496 1.27794766426086 0.470047533512115
v 1.10558903217316 1.2660208940506 0.490844428539276
v 1.0939337015152 1.25917208194733 0.481060475111008
v 1.08121168613434 1.24048519134521 0.489284873008728
v 1.08958053588867 1.24916291236877 0.485550105571747
v 1.11639356613159 1.27651381492615 0.50302267074585
v 1.11555659770966 1.26903128623962 0.511204957962036
v 1.10232901573181 1.25607967376709 0.498885124921799
v 1.12413501739502 1.28436255455017 0.520901739597321
v 1.12390458583832 1.28244471549988 0.530005156993866
v 1.11410117149353 1.26139795780182 0.523277282714844
v 1.09725117683411 1.22790563106537 0.52510392665863
v 1.1123354434967 1.23398005962372 0.532902240753174
v 1.11467361450195 1.22336292266846 0.537422120571136
v 1.10043096542358 1.21835327148438 0.528155982494354
v 1.11545979976654 1.28515374660492 0.494332015514374
v 1.11710476875305 1.34770512580872 0.480538040399551
v 1.12006366252899 1.33334267139435 0.483978509902954
v 1.10917317867279 1.346635222435 0.47088959813118
v 1.12978112697601 1.41120290756226 0.493760585784912
v 1.13533198833466 1.39259004592896 0.49739345908165
v 1.1261248588562 1.38548636436462 0.485283970832825
v 1.11926376819611 1.40149021148682 0.477724760770798
v 1.10058701038361 1.44502019882202 0.490783870220184
v 1.11785578727722 1.42995595932007 0.491614550352097
v 1.10645806789398 1.41698980331421 0.471806168556213
v 1.08980023860931 1.42929637432098 0.468658477067947
v 1.14302444458008 1.39706873893738 0.511702418327332
v 1.13875114917755 1.41558837890625 0.512865364551544
v 1.14684057235718 1.4140841960907 0.533635139465332
v 1.14895868301392 1.3971426486969 0.527169108390808
v 1.12849199771881 1.43541359901428 0.516109645366669
v 1.13809525966644 1.43416702747345 0.541500389575958
v 1.12807273864746 1.287961602211 0.540314435958862
v 1.12436413764954 1.26874923706055 0.540339350700378
v 1.12224686145782 1.25323581695557 0.541677117347717
v 1.11075782775879 1.24655508995056 0.528392314910889
v 1.12386989593506 1.44997131824493 0.550331234931946
v 1.11216115951538 1.45173716545105 0.520425140857697
v 1.15099537372589 1.37732863426208 0.576314568519592
v 1.15149927139282 1.36680614948273 0.562510371208191
v 1.15302586555481 1.38020098209381 0.551461756229401
v 1.15201926231384 1.39400315284729 0.566157281398773
v 1.14572691917419 1.38792824745178 0.592354536056519
v 1.14698708057404 1.40778636932373 0.581563472747803
v 1.13566887378693 1.32354760169983 0.584366679191589
v 1.13053977489471 1.32876873016357 0.598466575145721
v 1.12411916255951 1.30929088592529 0.595168769359589
v 1.12820434570312 1.30586433410645 0.581968009471893
v 1.09310734272003 1.35578083992004 0.451390862464905
v 1.09855508804321 1.35125637054443 0.45804238319397
v 1.09239971637726 1.34781432151794 0.454390525817871
v 1.08754789829254 1.35101127624512 0.450082957744598
v 1.11324918270111 1.35920000076294 0.473838090896606
v 1.10494542121887 1.355260014534 0.465523511171341
v 1.13026475906372 1.37066781520844 0.49206405878067
v 1.13747358322144 1.37742483615875 0.502225160598755
v 1.14867031574249 1.38291227817535 0.525686025619507
v 1.14389681816101 1.38160288333893 0.513353824615479
v 1.1497540473938 1.3580402135849 0.552531361579895
v 1.15136051177979 1.36688351631165 0.545190215110779
v 1.13268768787384 1.29938220977783 0.552911221981049
v 1.13056945800781 1.30204010009766 0.568334639072418
v 1.1262274980545 1.28386247158051 0.568816065788269
v 1.12829995155334 1.27779710292816 0.554565608501434
v 1.11900985240936 1.2920618057251 0.592882335186005
v 1.12187576293945 1.28879547119141 0.58156806230545
v 1.1268789768219 1.24665796756744 0.561337471008301
v 1.12591457366943 1.25240278244019 0.575986385345459
v 1.12880992889404 1.24009537696838 0.580891609191895
v 1.12767887115479 1.23485970497131 0.566137850284576
v 1.12560927867889 1.24306869506836 0.594736814498901
v 1.12241339683533 1.25677251815796 0.589162230491638
v 1.11740136146545 1.25916409492493 0.599994242191315
v 1.11994230747223 1.2441029548645 0.6053626537323
v 1.07206892967224 1.21125423908234 0.522679090499878
v 1.08507895469666 1.2145129442215 0.524188637733459
v 1.08872318267822 1.20632934570312 0.526341199874878
v 1.07488596439362 1.20386457443237 0.525337874889374
v 1.13150501251221 1.22453701496124 0.571531057357788
v 1.13430368900299 1.2304755449295 0.58655309677124
v 1.13634729385376 1.32050466537476 0.570282936096191
v 1.13929390907288 1.31890952587128 0.557320535182953
v 1.13172113895416 1.23262643814087 0.60071849822998
v 1.1250456571579 1.26704883575439 0.572137832641602
v 1.12077176570892 1.27184438705444 0.58436131477356
v 1.11243641376495 1.29488086700439 0.602880001068115
v 1.11763989925385 1.31366956233978 0.606242477893829
v 1.05877995491028 1.3191477060318 0.454506754875183
v 1.06366240978241 1.33419907093048 0.45724892616272
v 1.05984771251678 1.33610057830811 0.458623886108398
v 1.06106042861938 1.33903300762177 0.458598911762238
v 1.06434762477875 1.33789050579071 0.456921219825745
v 1.04932940006256 1.37379860877991 0.44265279173851
v 1.06316697597504 1.37486362457275 0.442063748836517
v 1.06035590171814 1.36099064350128 0.44222354888916
v 1.04762625694275 1.35778403282166 0.445289134979248
v 1.09023284912109 1.30476498603821 0.458099484443665
v 1.0831298828125 1.29419231414795 0.457503110170364
v 1.07607579231262 1.30145478248596 0.45401668548584
v 1.07981312274933 1.3105491399765 0.454339891672134
v 1.08860898017883 1.34209990501404 0.457733452320099
v 1.08720564842224 1.34353137016296 0.45544558763504
v 1.09020149707794 1.3439553976059 0.457029640674591
v 1.08090484142303 1.28121113777161 0.461323440074921
v 1.08884406089783 1.28601598739624 0.463599622249603
v 1.12049102783203 1.31879055500031 0.487486958503723
v 1.10214626789093 1.34529399871826 0.463781744241714
v 1.08067536354065 1.45447278022766 0.492354571819305
v 1.07022941112518 1.43726098537445 0.466668367385864
v 1.09255802631378 1.46285033226013 0.52458244562149
v 1.10453844070435 1.46189522743225 0.55605947971344
v 1.13595902919769 1.41993582248688 0.595284879207611
v 1.11871039867401 1.43031716346741 0.606938302516937
v 1.11984348297119 1.40607941150665 0.621630549430847
v 1.13729596138 1.39716815948486 0.607316851615906
v 1.12345016002655 1.33348870277405 0.611700296401978
v 1.11006236076355 1.26196503639221 0.607656598091125
v 1.11196148395538 1.24565160274506 0.612498581409454
v 1.06127905845642 1.41507720947266 0.451262325048447
v 1.05478179454803 1.39373254776001 0.444012820720673
v 1.12249958515167 1.36383306980133 0.48332291841507
v 1.10551941394806 1.31895220279694 0.466277599334717
v 1.10035490989685 1.31095445156097 0.463093221187592
v 1.09484434127808 1.32141160964966 0.459056496620178
v 1.0988290309906 1.32639336585999 0.461878299713135
v 1.11160469055176 1.31152963638306 0.47582420706749
v 1.11699056625366 1.30498600006104 0.488908886909485
v 1.12327444553375 1.29924094676971 0.503784477710724
v 1.12444162368774 1.28932571411133 0.513165593147278
v 1.15066182613373 1.40856051445007 0.553235054016113
v 1.15171706676483 1.39291620254517 0.54184901714325
v 1.13293671607971 1.43920135498047 0.57598465681076
v 1.14400136470795 1.42481505870819 0.564409732818604
v 1.1515679359436 1.3813111782074 0.538101434707642
v 1.11465632915497 1.4520515203476 0.585039973258972
v 1.04534387588501 1.29041647911072 0.451817333698273
v 1.04410684108734 1.29474318027496 0.451893419027328
v 1.05377233028412 1.29065728187561 0.454295605421066
v 1.04426848888397 1.26598143577576 0.456753551959991
v 1.0470666885376 1.26133871078491 0.460143476724625
v 1.04168796539307 1.26070523262024 0.460457921028137
v 1.03949320316315 1.26555740833282 0.456882536411285
v 1.05857908725739 1.22901117801666 0.489398866891861
v 1.06954908370972 1.2334269285202 0.489488482475281
v 1.0691100358963 1.21835148334503 0.518341183662415
v 1.08198130130768 1.2221759557724 0.520357608795166
v 1.04277396202087 1.30223786830902 0.446258306503296
v 1.04375445842743 1.30194628238678 0.448280155658722
v 1.0418301820755 1.30220437049866 0.448278725147247
v 1.04120373725891 1.30254566669464 0.446282535791397
v 1.05923533439636 1.27597284317017 0.458935976028442
v 1.03974890708923 1.2820348739624 0.451346755027771
v 1.04040932655334 1.27839350700378 0.453333050012589
v 1.0372302532196 1.27820014953613 0.453740060329437
v 1.03666269779205 1.28165626525879 0.45182466506958
v 1.09413635730743 1.24411749839783 0.507300794124603
v 1.09508109092712 1.23719048500061 0.519031405448914
v 1.12354159355164 1.22910845279694 0.551168978214264
v 1.1225597858429 1.24029183387756 0.545955240726471
v 1.12698101997375 1.26074826717377 0.557159721851349
v 1.11726713180542 1.27480816841125 0.594619870185852
v 1.11034774780273 1.27861166000366 0.603747189044952
v 1.10174810886383 1.28128623962402 0.611534118652344
v 1.1044704914093 1.2971316576004 0.611833035945892
v 1.07603192329407 1.23249745368958 0.503559947013855
v 1.07939743995667 1.22875773906708 0.513765573501587
v 1.06655073165894 1.22503304481506 0.511722981929779
v 1.06318199634552 1.22794079780579 0.502417623996735
v 1.03680062294006 1.29965567588806 0.446928203105927
v 1.03836214542389 1.29890131950378 0.448901116847992
v 1.03624904155731 1.29661774635315 0.449124276638031
v 1.03489983081818 1.29834449291229 0.446154296398163
v 1.04516518115997 1.30028986930847 0.449937880039215
v 1.04322516918182 1.29765295982361 0.451305568218231
v 1.04291749000549 1.29966330528259 0.45093959569931
v 1.0454226732254 1.30119466781616 0.447859585285187
v 1.0439966917038 1.30198001861572 0.445227682590485
v 1.03793513774872 1.30205810070038 0.442147135734558
v 1.03604805469513 1.30184090137482 0.437418937683105
v 1.04130053520203 1.30209302902222 0.442843794822693
v 1.03912436962128 1.30115723609924 0.447475075721741
v 1.03990912437439 1.30034875869751 0.449479103088379
v 1.04238414764404 1.30127573013306 0.450249254703522
v 1.0440149307251 1.30131340026855 0.449664652347565
v 1.03891217708588 1.30234789848328 0.444095313549042
v 1.04105925559998 1.30239629745483 0.444778591394424
v 1.03853726387024 1.32387852668762 0.440950602293015
v 1.05901157855988 1.21667122840881 0.517916917800903
v 1.05676805973053 1.22292864322662 0.511920928955078
v 1.06026136875153 1.27485346794128 0.460511207580566
v 1.06187558174133 1.35467779636383 0.448323309421539
v 1.087890625 1.31894779205322 0.45628497004509
v 1.06663811206818 1.32015514373779 0.454937279224396
v 1.06772089004517 1.32630562782288 0.455902576446533
v 1.07366192340851 1.32320690155029 0.455441623926163
v 1.07259452342987 1.31558072566986 0.454431772232056
v 1.05388844013214 1.35196280479431 0.451916635036469
v 1.04948782920837 1.34683048725128 0.455568343400955
v 1.04390442371368 1.34775233268738 0.450524926185608
v 1.0494487285614 1.34053897857666 0.456889986991882
v 1.05288338661194 1.33563816547394 0.458185464143753
v 1.04948127269745 1.33241152763367 0.453746199607849
v 1.04378855228424 1.33853709697723 0.450325399637222
v 1.08742570877075 1.34629452228546 0.453888893127441
v 1.08493983745575 1.34494924545288 0.45325094461441
v 1.05524182319641 1.32815289497375 0.455740213394165
v 1.0575864315033 1.33219313621521 0.457977831363678
v 1.06245052814484 1.32926595211029 0.457026273012161
v 1.06090998649597 1.32416975498199 0.455876052379608
v 1.08022105693817 1.32043313980103 0.455519795417786
v 1.0954327583313 1.34439444541931 0.459528923034668
v 1.09181821346283 1.33327054977417 0.460601210594177
v 1.1348842382431 1.31127214431763 0.544682502746582
v 1.14015233516693 1.32307493686676 0.547978758811951
v 1.1314240694046 1.29996526241302 0.527525424957275
v 1.13230264186859 1.30292773246765 0.530984401702881
v 1.12707757949829 1.29687213897705 0.532042562961578
v 1.12788426876068 1.29552793502808 0.526833653450012
v 1.14719331264496 1.354336977005 0.532747268676758
v 1.14548063278198 1.35365271568298 0.528823673725128
v 1.1457633972168 1.35982608795166 0.526704907417297
v 1.14756453037262 1.36082029342651 0.534115672111511
v 1.14384269714355 1.35474443435669 0.521903157234192
v 1.14319849014282 1.35136365890503 0.522762894630432
v 1.14210665225983 1.35020363330841 0.519732475280762
v 1.14320337772369 1.35733330249786 0.519248843193054
v 1.13926565647125 1.35388052463531 0.51321542263031
v 1.1386775970459 1.36425077915192 0.507716774940491
v 1.1432079076767 1.36822390556335 0.516509652137756
v 1.12604033946991 1.34726452827454 0.493192493915558
v 1.13241410255432 1.35757517814636 0.500587105751038
v 1.13452196121216 1.34812760353088 0.509814977645874
v 1.13169646263123 1.33884561061859 0.507591128349304
v 1.12898373603821 1.30444753170013 0.516122817993164
v 1.12906432151794 1.29722964763641 0.520920276641846
v 1.12996315956116 1.30224227905273 0.538487017154694
v 1.14253807067871 1.36782646179199 0.597557544708252
v 1.14730215072632 1.35995161533356 0.582087635993958
v 1.14795327186584 1.35219120979309 0.568272948265076
v 1.1475647687912 1.3462883234024 0.55667918920517
v 1.13550233840942 1.37593579292297 0.613172769546509
v 1.1216881275177 1.37893342971802 0.626212477684021
v 1.12691807746887 1.33054780960083 0.496608257293701
v 1.13046336174011 1.32658815383911 0.508991360664368
v 1.14202952384949 1.34182798862457 0.584466338157654
v 1.13775789737701 1.34810519218445 0.600505113601685
v 1.14292073249817 1.33605527877808 0.570164918899536
v 1.14467751979828 1.33318150043488 0.558679342269897
v 1.13013195991516 1.35555934906006 0.614825367927551
v 1.11689698696136 1.35578322410583 0.627637922763824
v 1.11347448825836 1.33279013633728 0.622454166412354
v 1.136354804039 1.30749440193176 0.524237155914307
v 1.1366366147995 1.30153691768646 0.524012506008148
v 1.13333654403687 1.30042266845703 0.523889660835266
v 1.13312220573425 1.30556929111481 0.521290183067322
v 1.13007640838623 1.31477475166321 0.512232303619385
v 1.1259993314743 1.31513893604279 0.500829815864563
v 1.04077887535095 1.33086705207825 0.444972038269043
v 1.04117298126221 1.23924875259399 0.46390488743782
v 1.03912580013275 1.25302708148956 0.462035417556763
v 1.03961968421936 1.29007196426392 0.450934290885925
v 1.03982961177826 1.28585481643677 0.450904250144958
v 1.0366142988205 1.28529870510101 0.451431065797806
v 1.03654837608337 1.28920912742615 0.451335072517395
v 1.05838704109192 1.34950840473175 0.456126481294632
v 1.10781455039978 1.31586289405823 0.615368127822876
v 1.10113966464996 1.26467728614807 0.614184141159058
v 1.10241711139679 1.24798858165741 0.618346512317657
v 1.12526786327362 1.23208332061768 0.611895680427551
v 1.11610198020935 1.23238909244537 0.619557797908783
v 1.03631114959717 1.29314291477203 0.450759589672089
v 1.03930222988129 1.29379606246948 0.450774669647217
v 1.03876352310181 1.30205154418945 0.445478677749634
v 1.0453644990921 1.27812504768372 0.453689962625504
v 1.04018211364746 1.29896318912506 0.450088858604431
v 1.03937149047852 1.29676342010498 0.450374662876129
v 1.03409671783447 1.29592978954315 0.449061244726181
v 1.03471553325653 1.29278135299683 0.450945526361465
v 1.068284034729 1.33219492435455 0.456057965755463
v 1.06844234466553 1.33672881126404 0.455612540245056
v 1.03654301166534 1.3008508682251 0.444149523973465
v 1.03461623191833 1.29948770999908 0.442200481891632
v 1.10398542881012 1.20952224731445 0.531450390815735
v 1.11770391464233 1.21396863460541 0.542052686214447
v 1.03509628772736 1.27818918228149 0.454182624816895
v 1.03465521335602 1.28155779838562 0.452270090579987
v 1.13443994522095 1.33318436145782 0.516945540904999
v 1.13669312000275 1.34092807769775 0.516670942306519
v 1.13975811004639 1.33667755126953 0.521972954273224
v 1.13775265216827 1.3303120136261 0.522333681583405
v 1.06156420707703 1.20980286598206 0.52295982837677
v 1.12651455402374 1.21914982795715 0.556451022624969
v 1.10564506053925 1.2340122461319 0.625397682189941
v 1.08733332157135 1.33840596675873 0.457975208759308
v 1.08861231803894 1.34031820297241 0.458545953035355
v 1.06133568286896 1.34699058532715 0.456837058067322
v 1.04769098758698 1.27098345756531 0.456344604492188
v 1.04620540142059 1.27491915225983 0.456746786832809
v 1.05386853218079 1.22620093822479 0.503053188323975
v 1.03311288356781 1.29759836196899 0.44582736492157
v 1.14311718940735 1.34573876857758 0.528533816337585
v 1.14265763759613 1.34230864048004 0.528827309608459
v 1.14458823204041 1.34081017971039 0.526007175445557
v 1.14450311660767 1.3438264131546 0.524749338626862
v 1.14426910877228 1.3461902141571 0.518533408641815
v 1.14584100246429 1.34977197647095 0.519201755523682
v 1.14773738384247 1.34655117988586 0.521081149578094
v 1.14607405662537 1.3438640832901 0.521541833877563
v 1.14015316963196 1.34667825698853 0.517078697681427
v 1.14187717437744 1.34231233596802 0.519787430763245
v 1.1485151052475 1.35141503810883 0.519716441631317
v 1.14879739284515 1.34889161586761 0.521694540977478
v 1.14427936077118 1.35251808166504 0.524789392948151
v 1.1461101770401 1.35304355621338 0.521612644195557
v 1.14850616455078 1.35565567016602 0.525151252746582
v 1.15212750434875 1.35308361053467 0.522366642951965
v 1.15252912044525 1.35653519630432 0.530372142791748
v 1.15626525878906 1.35309219360352 0.526646971702576
v 1.15467798709869 1.3530695438385 0.535842478275299
v 1.15882170200348 1.35074746608734 0.532145261764526
v 1.13342380523682 1.31398320198059 0.519973933696747
v 1.13496243953705 1.31608939170837 0.526277601718903
v 1.15560710430145 1.34766471385956 0.539543807506561
v 1.16019415855408 1.34630703926086 0.53606778383255
v 1.15530920028687 1.34041333198547 0.542029619216919
v 1.16002929210663 1.33973824977875 0.538939118385315
v 1.15416491031647 1.33283817768097 0.543045163154602
v 1.1584804058075 1.33232760429382 0.540162920951843
v 1.15222656726837 1.32436561584473 0.542502462863922
v 1.15637052059174 1.32510435581207 0.53937828540802
v 1.14890921115875 1.31450843811035 0.540471017360687
v 1.15267527103424 1.31767666339874 0.537094950675964
v 1.1550669670105 1.34892690181732 0.533027291297913
v 1.15293753147125 1.35119271278381 0.529259562492371
v 1.14647722244263 1.35101795196533 0.535812973976135
v 1.15043604373932 1.35117065906525 0.524811744689941
v 1.14411854743958 1.33802974224091 0.537259340286255
v 1.14305949211121 1.33498954772949 0.536404371261597
v 1.14507293701172 1.33493041992188 0.53198653459549
v 1.14311563968658 1.33782589435577 0.534436345100403
v 1.13995516300201 1.32900786399841 0.525990009307861
v 1.14011061191559 1.32346177101135 0.527063369750977
v 1.13740861415863 1.32285928726196 0.5231973528862
v 1.13817262649536 1.31967484951019 0.528691232204437
v 1.13787186145782 1.32437670230865 0.529393196105957
v 1.13811135292053 1.32130563259125 0.530107617378235
v 1.13715374469757 1.32836627960205 0.529407441616058
v 1.13882112503052 1.31994950771332 0.531457960605621
v 1.13913750648499 1.31812453269958 0.530179500579834
v 1.13813090324402 1.32102060317993 0.53230893611908
v 1.13758814334869 1.32185232639313 0.531554281711578
v 1.1369903087616 1.32365143299103 0.532322943210602
v 1.13755178451538 1.32681727409363 0.533873975276947
v 1.13456964492798 1.32352662086487 0.517538249492645
v 1.13775396347046 1.31715059280396 0.53884881734848
v 1.1425096988678 1.32536363601685 0.54027247428894
v 1.1485184431076 1.31127715110779 0.533540725708008
v 1.14509308338165 1.30549788475037 0.536056518554688
v 1.13880228996277 1.29924333095551 0.525725960731506
v 1.14215576648712 1.30017971992493 0.530221402645111
v 1.14615476131439 1.34619796276093 0.538165271282196
v 1.14665675163269 1.3400514125824 0.540522336959839
v 1.13400638103485 1.30976438522339 0.533982992172241
v 1.14527118206024 1.33330523967743 0.541228711605072
v 1.15091848373413 1.32093977928162 0.536376476287842
v 1.14718759059906 1.31663131713867 0.533819258213043
v 1.15438485145569 1.32639598846436 0.537768244743347
v 1.13918972015381 1.31427252292633 0.527987837791443
v 1.1434189081192 1.31429266929626 0.530561447143555
v 1.14452290534973 1.30823612213135 0.52905011177063
v 1.14043045043945 1.30720162391663 0.525831341743469
v 1.14495503902435 1.32023477554321 0.534229516983032
v 1.14889407157898 1.32338011264801 0.534995257854462
v 1.14240741729736 1.3224983215332 0.536040663719177
v 1.14603972434998 1.3255420923233 0.536816954612732
v 1.14026474952698 1.32055342197418 0.533427298069
v 1.14151120185852 1.31830585002899 0.532260537147522
v 1.13914275169373 1.32438719272614 0.537421464920044
v 1.14264607429504 1.32901430130005 0.538499176502228
v 1.13829028606415 1.32190322875977 0.534193873405457
v 1.1488881111145 1.32899916172028 0.535696685314178
v 1.14620351791382 1.33219945430756 0.536933779716492
v 1.1487557888031 1.33503413200378 0.533281147480011
v 1.15108919143677 1.33264565467834 0.533865928649902
v 1.15204167366028 1.32737696170807 0.535656869411469
v 1.15437543392181 1.33198916912079 0.53558474779129
v 1.15555930137634 1.33259153366089 0.538587629795074
v 1.15497136116028 1.33753216266632 0.535297393798828
v 1.15603446960449 1.33914351463318 0.538103818893433
v 1.15248036384583 1.33653402328491 0.533340513706207
v 1.15038418769836 1.3370418548584 0.531549572944641
v 1.15624296665192 1.34506368637085 0.536092758178711
v 1.15462470054626 1.34250628948212 0.533972382545471
v 1.15338826179504 1.34617102146149 0.531976103782654
v 1.15264344215393 1.34038293361664 0.532275080680847
v 1.15162789821625 1.34327030181885 0.530662357807159
v 1.15113997459412 1.33930063247681 0.531161308288574
v 1.15003931522369 1.34076309204102 0.529946386814117
v 1.1468106508255 1.34846711158752 0.52446436882019
v 1.14542388916016 1.34637331962585 0.523968756198883
v 1.14906346797943 1.34898495674133 0.52651059627533
v 1.14782011508942 1.34646332263947 0.527469873428345
v 1.14641332626343 1.34722089767456 0.526290535926819
v 1.14502930641174 1.34614372253418 0.526718616485596
v 1.14678704738617 1.34406888484955 0.527725040912628
v 1.14540612697601 1.342768907547 0.530296325683594
v 1.08092975616455 1.18722784519196 0.526611804962158
v 1.06854677200317 1.18655550479889 0.528771340847015
v 1.0661735534668 1.19443392753601 0.528156161308289
v 1.07799935340881 1.19563674926758 0.526589930057526
v 1.14976537227631 1.34516870975494 0.528913378715515
v 1.14851212501526 1.34223711490631 0.528420925140381
v 1.15141367912292 1.34836709499359 0.529420971870422
v 1.14752292633057 1.33929121494293 0.532741010189056
v 1.14760422706604 1.34039974212646 0.530276894569397
v 1.1490021944046 1.33861148357391 0.530465304851532
v 1.14849352836609 1.3376612663269 0.532038331031799
v 1.13987517356873 1.33293235301971 0.526398420333862
v 1.13908731937408 1.33205389976501 0.530638456344604
v 1.14030170440674 1.3300609588623 0.534748554229736
v 1.12446546554565 1.17770230770111 0.534464001655579
v 1.11887991428375 1.18576562404633 0.537660658359528
v 1.13738203048706 1.19184720516205 0.546671390533447
v 1.14439940452576 1.18479299545288 0.544138669967651
v 1.13211727142334 1.15879130363464 0.515144348144531
v 1.16183876991272 1.16531503200531 0.526780784130096
v 1.15398907661438 1.14605462551117 0.506301164627075
v 1.13029885292053 1.1424685716629 0.502904772758484
v 1.14692521095276 1.12849497795105 0.491967856884003
v 1.12642824649811 1.12639558315277 0.491174280643463
v 1.13014948368073 1.08209347724915 0.456004232168198
v 1.11304831504822 1.08221709728241 0.456452667713165
v 1.11732065677643 1.09686422348022 0.467769026756287
v 1.13517200946808 1.09727787971497 0.467430174350739
v 1.1396564245224 1.00521898269653 0.421621680259705
v 1.13429200649261 0.987445771694183 0.424622386693954
v 1.12045121192932 0.991950988769531 0.422202080488205
v 1.12773716449738 1.00793528556824 0.420164436101913
v 1.20914208889008 1.09888470172882 0.484802424907684
v 1.21884262561798 1.11720108985901 0.493274003267288
v 1.2278687953949 1.10801935195923 0.493787407875061
v 1.21661102771759 1.08907437324524 0.486195087432861
v 1.18850433826447 1.19411969184875 0.575127720832825
v 1.17757475376129 1.18157291412354 0.55252742767334
v 1.16729211807251 1.18510472774506 0.557784080505371
v 1.17897653579712 1.19744169712067 0.577837824821472
v 1.19210839271545 1.01401770114899 0.455697953701019
v 1.18599534034729 1.00229525566101 0.449440240859985
v 1.17981207370758 1.01244878768921 0.442750364542007
v 1.18470859527588 1.02402567863464 0.448376327753067
v 1.16068828105927 0.924829363822937 0.458855777978897
v 1.1615492105484 0.906286895275116 0.457611262798309
v 1.14334833621979 0.906775593757629 0.44526195526123
v 1.14334321022034 0.924799144268036 0.447275072336197
v 1.2115433216095 0.944379925727844 0.514127492904663
v 1.21972942352295 0.942003905773163 0.539820730686188
v 1.21737265586853 0.926338613033295 0.540427505970001
v 1.20977509021759 0.926875412464142 0.514642834663391
v 1.16077351570129 1.07951080799103 0.459007024765015
v 1.14626801013947 1.08136367797852 0.457043796777725
v 1.15216422080994 1.09652292728424 0.46815413236618
v 1.16739988327026 1.09461045265198 0.470006674528122
v 1.38913476467133 1.06704604625702 0.483319282531738
v 1.37994718551636 1.0522928237915 0.477293074131012
v 1.35921478271484 1.0640617609024 0.481689780950546
v 1.36834275722504 1.07832956314087 0.48753821849823
v 1.20881330966949 0.837759494781494 0.503434658050537
v 1.21246588230133 0.840936899185181 0.528110563755035
v 1.21493315696716 0.822992026805878 0.52620929479599
v 1.21052324771881 0.819280624389648 0.50100040435791
v 1.28701424598694 1.15229833126068 0.520679414272308
v 1.27445566654205 1.16092801094055 0.522661447525024
v 1.28187322616577 1.17033612728119 0.54486620426178
v 1.29527044296265 1.16220152378082 0.541531205177307
v 1.20063138008118 1.06241357326508 0.47213613986969
v 1.19291543960571 1.06975507736206 0.468140482902527
v 1.20057165622711 1.08388209342957 0.47580224275589
v 1.20793497562408 1.07460999488831 0.478535205125809
v 1.22879266738892 0.970343828201294 0.541644394397736
v 1.22223305702209 0.973187685012817 0.520513236522675
v 1.22727560997009 0.989623129367828 0.526054799556732
v 1.23366892337799 0.987093031406403 0.544832110404968
v 1.2175041437149 0.958625614643097 0.516606867313385
v 1.22448027133942 0.955650269985199 0.540163338184357
v 1.18421685695648 1.07421946525574 0.464961886405945
v 1.17350792884827 1.07709455490112 0.461542010307312
v 1.18065285682678 1.09226322174072 0.472500324249268
v 1.19143843650818 1.08999681472778 0.474410474300385
v 1.13012778759003 0.971669375896454 0.431532561779022
v 1.11314713954926 0.977416753768921 0.428186178207397
v 1.20027375221252 0.814984679222107 0.478224515914917
v 1.18540906906128 0.810352265834808 0.458983302116394
v 1.18414735794067 0.830801665782928 0.461442768573761
v 1.19894170761108 0.834366858005524 0.480672091245651
v 1.12641608715057 0.942650675773621 0.440337598323822
v 1.12720727920532 0.958374083042145 0.437915027141571
v 1.14348578453064 0.956231474876404 0.444225609302521
v 1.14329743385315 0.941132545471191 0.447985351085663
v 1.16688752174377 0.805931389331818 0.443390250205994
v 1.14623308181763 0.80297327041626 0.429013550281525
v 1.14448916912079 0.825393974781036 0.432121872901917
v 1.16535985469818 0.827450633049011 0.445655554533005
v 1.1408599615097 1.11251604557037 0.479335963726044
v 1.12176644802094 1.1116943359375 0.479205191135406
v 1.16187798976898 1.00296819210052 0.430280536413193
v 1.15966975688934 0.985766470432281 0.433574080467224
v 1.14754664897919 0.985743045806885 0.4285649061203
v 1.15144205093384 1.00371181964874 0.425322085618973
v 1.22422456741333 1.06152272224426 0.501005411148071
v 1.22195136547089 1.07575583457947 0.490712702274323
v 1.23662316799164 1.09430408477783 0.49758705496788
v 1.2324914932251 1.07241892814636 0.5081827044487
v 1.21737134456635 0.804759979248047 0.524906039237976
v 1.21296012401581 0.800676584243774 0.499536216259003
v 1.16832172870636 0.78412938117981 0.441692173480988
v 1.1475236415863 0.780314385890961 0.427232325077057
v 1.26183915138245 1.05046677589417 0.552796721458435
v 1.25374627113342 1.04587984085083 0.553706645965576
v 1.24882507324219 1.05104041099548 0.543541073799133
v 1.25702035427094 1.0567501783371 0.543860971927643
v 1.08857262134552 1.0111049413681 0.426146358251572
v 1.10371267795563 1.0199728012085 0.422959059476852
v 1.10915207862854 1.00280654430389 0.421121180057526
v 1.09720599651337 0.990090608596802 0.425953596830368
v 1.15854132175446 0.969844937324524 0.441535413265228
v 1.15858721733093 0.956712782382965 0.450728833675385
v 1.14513421058655 0.969644844532013 0.435973644256592
v 1.07335376739502 1.00120854377747 0.432986378669739
v 1.08439600467682 0.974655628204346 0.434122025966644
v 1.10315668582916 1.10946798324585 0.480265498161316
v 1.09901893138885 1.09587180614471 0.469153016805649
v 1.10634577274323 1.12353444099426 0.49093234539032
v 1.087238073349 1.12125492095947 0.491149753332138
v 1.08830571174622 1.13617873191833 0.501071572303772
v 1.10812401771545 1.13853740692139 0.501274526119232
v 1.08772170543671 1.15144228935242 0.509001076221466
v 1.10794305801392 1.15385365486145 0.510359823703766
v 1.10293352603912 1.1726325750351 0.527942419052124
v 1.09954965114594 1.18112814426422 0.53100711107254
v 1.21355831623077 1.06304860115051 0.484186470508575
v 1.20731997489929 1.05205070972443 0.478676468133926
v 1.18719589710236 0.789354562759399 0.457385450601578
v 1.20727443695068 1.1200966835022 0.6550133228302
v 1.20480108261108 1.10280203819275 0.659796595573425
v 1.2187260389328 1.1048070192337 0.648252189159393
v 1.22148776054382 1.12109386920929 0.64499306678772
v 1.19925606250763 1.19303727149963 0.572696626186371
v 1.19159817695618 1.18180191516876 0.547855973243713
v 1.25488817691803 1.05472278594971 0.59989196062088
v 1.24663388729095 1.05324816703796 0.60783839225769
v 1.24717938899994 1.04553961753845 0.602279484272003
v 1.25333714485168 1.04857850074768 0.595380306243896
v 1.26718699932098 1.04517459869385 0.568936109542847
v 1.27892827987671 1.03945660591125 0.564834177494049
v 1.28178417682648 1.04052102565765 0.571210980415344
v 1.2690052986145 1.04713916778564 0.574487268924713
v 1.21279621124268 0.825614809989929 0.550056934356689
v 1.21005940437317 0.842898428440094 0.552716970443726
v 1.21323227882385 0.953478217124939 0.610060691833496
v 1.21958327293396 0.946488678455353 0.587742924690247
v 1.22609424591064 0.962140500545502 0.58524626493454
v 1.22191452980042 0.969866514205933 0.605376601219177
v 1.12196350097656 1.09754133224487 0.674965858459473
v 1.12175607681274 1.08188390731812 0.676217436790466
v 1.13923847675323 1.08571171760559 0.675920486450195
v 1.13876509666443 1.10169792175293 0.675013720989227
v 1.17461538314819 1.12896203994751 0.668564260005951
v 1.17539072036743 1.14455604553223 0.663814902305603
v 1.15605461597443 1.13788783550262 0.669181108474731
v 1.15601420402527 1.12282276153564 0.671785056591034
v 1.191366314888 1.11680722236633 0.66575825214386
v 1.18934404850006 1.09983217716217 0.669427275657654
v 1.23671519756317 0.988166391849518 0.563261270523071
v 1.2319712638855 0.972291946411133 0.562598764896393
v 1.24435436725616 1.01116037368774 0.565942704677582
v 1.24086833000183 1.01175427436829 0.550726473331451
v 1.24394178390503 1.02068245410919 0.552530288696289
v 1.24749553203583 1.02008998394012 0.567275047302246
v 1.16983318328857 1.20229244232178 0.579911231994629
v 1.17396640777588 1.20839476585388 0.602547109127045
v 1.1846981048584 1.20373892784119 0.600208282470703
v 1.1477963924408 1.18714129924774 0.647911429405212
v 1.14884459972382 1.18074703216553 0.652326643466949
v 1.16102850437164 1.18491017818451 0.64529824256897
v 1.15664303302765 1.1908106803894 0.641562938690186
v 1.14069819450378 1.01485955715179 0.673684298992157
v 1.12205362319946 1.0135680437088 0.676302552223206
v 1.1197098493576 0.993265271186829 0.672759890556335
v 1.13987934589386 0.992583274841309 0.669510662555695
v 1.25022804737091 1.02936780452728 0.578386306762695
v 1.25266909599304 1.03582286834717 0.574846565723419
v 1.25295841693878 1.03911697864532 0.583278715610504
v 1.24944341182709 1.0332453250885 0.588052153587341
v 1.24702894687653 1.02644729614258 0.590469241142273
v 1.24383497238159 1.01861310005188 0.592419028282166
v 1.24504828453064 1.01376354694366 0.579617500305176
v 1.24798226356506 1.02234435081482 0.579157114028931
v 1.22900855541229 0.984713971614838 0.600647509098053
v 1.2322062253952 0.977392196655273 0.582145631313324
v 1.23686981201172 0.992622435092926 0.580676198005676
v 1.23531818389893 0.999177873134613 0.597541689872742
v 1.10749983787537 0.924746036529541 0.654525399208069
v 1.12659752368927 0.922170579433441 0.65436464548111
v 1.13039696216583 0.945394337177277 0.659854769706726
v 1.11130905151367 0.947133958339691 0.661939918994904
v 1.26495587825775 1.07093262672424 0.525447010993958
v 1.26585555076599 1.08005213737488 0.515066564083099
v 1.27800798416138 1.0749694108963 0.51065331697464
v 1.27899765968323 1.06333076953888 0.521148920059204
v 1.29916930198669 1.04717445373535 0.583408653736115
v 1.30992293357849 1.043865442276 0.581441760063171
v 1.3124862909317 1.04925918579102 0.584021687507629
v 1.30153739452362 1.05299210548401 0.586689889431
v 1.29712426662445 1.04023587703705 0.522719502449036
v 1.29400932788849 1.05259490013123 0.514591097831726
v 1.31086421012878 1.04001140594482 0.506650388240814
v 1.31361925601959 1.02646577358246 0.515688538551331
v 1.21370458602905 1.19126307964325 0.598297297954559
v 1.20967745780945 1.19211685657501 0.570838809013367
v 1.20507085323334 1.19529128074646 0.598315060138702
v 1.28745543956757 1.03509044647217 0.544551312923431
v 1.30174124240875 1.0227370262146 0.54012805223465
v 1.3041558265686 1.01892328262329 0.549833655357361
v 1.28972399234772 1.03092479705811 0.55356228351593
v 1.39909446239471 1.07708311080933 0.496010482311249
v 1.37799441814423 1.08797538280487 0.499986112117767
v 1.33519291877747 1.00331580638885 0.518157780170441
v 1.34021210670471 0.997252702713013 0.529661178588867
v 1.31893181800842 1.00863778591156 0.534448981285095
v 1.31628000736237 1.01563322544098 0.524647951126099
v 1.20507109165192 0.936557233333588 0.612021863460541
v 1.21363830566406 0.930957317352295 0.589932560920715
v 1.19271457195282 0.828668296337128 0.591425120830536
v 1.20479702949524 0.827433824539185 0.572123467922211
v 1.20154213905334 0.845112085342407 0.575141906738281
v 1.19019317626953 0.846841335296631 0.594207108020782
v 1.2149246931076 0.807451128959656 0.549451172351837
v 1.19451487064362 0.809587359428406 0.589924275875092
v 1.20694923400879 0.808999717235565 0.57103157043457
v 1.15322804450989 1.2179319858551 0.597930073738098
v 1.14847433567047 1.21876001358032 0.613955736160278
v 1.15651094913483 1.21249413490295 0.619476854801178
v 1.16314256191254 1.21334326267242 0.601502299308777
v 1.23454535007477 0.689270377159119 0.555188357830048
v 1.23301959037781 0.660679638385773 0.560032606124878
v 1.23642957210541 0.656746864318848 0.530299007892609
v 1.2349671125412 0.685899198055267 0.525285720825195
v 1.13156485557556 1.20282638072968 0.641475200653076
v 1.14472591876984 1.2075092792511 0.631726026535034
v 1.13818001747131 1.21588718891144 0.625650107860565
v 1.12635934352875 1.21232187747955 0.634192824363708
v 1.23357605934143 0.712246119976044 0.523376524448395
v 1.2331200838089 0.717596530914307 0.552217960357666
v 1.150066614151 1.2106626033783 0.578543663024902
v 1.16051435470581 1.20591521263123 0.580081701278687
v 1.15102863311768 1.19760274887085 0.561787009239197
v 1.14195203781128 1.20357370376587 0.561376929283142
v 1.12947630882263 1.19838571548462 0.547235310077667
v 1.23423206806183 0.648835301399231 0.504331946372986
v 1.22947657108307 0.676194667816162 0.499821156263351
v 1.13986825942993 1.22474443912506 0.607080459594727
v 1.13158631324768 1.22320878505707 0.618752777576447
v 1.12116956710815 1.22195756435394 0.627032816410065
v 1.10957908630371 1.22250461578369 0.63343346118927
v 1.21821546554565 0.789568662643433 0.549557268619537
v 1.2200915813446 0.786552548408508 0.524544179439545
v 1.18133246898651 0.559063613414764 0.640212893486023
v 1.15443456172943 0.556335270404816 0.650191307067871
v 1.15078043937683 0.539176642894745 0.63785457611084
v 1.18250966072083 0.541287481784821 0.630551636219025
v 1.08636593818665 0.568708539009094 0.6514652967453
v 1.08108735084534 0.552981674671173 0.634300172328949
v 1.11549246311188 0.543756246566772 0.639737010002136
v 1.12189197540283 0.559983849525452 0.653172194957733
v 1.10423755645752 0.694388389587402 0.67170912027359
v 1.13397562503815 0.692848384380341 0.668136358261108
v 1.13446128368378 0.713726282119751 0.660107493400574
v 1.10575544834137 0.715259909629822 0.664459347724915
v 1.19776237010956 0.79133677482605 0.591084659099579
v 1.21049404144287 0.790947675704956 0.571995079517365
v 1.21482288837433 0.781881153583527 0.498975038528442
v 1.23914837837219 0.520387291908264 0.508805394172668
v 1.24502265453339 0.526918649673462 0.546550273895264
v 1.24273693561554 0.494663298130035 0.552357196807861
v 1.23895823955536 0.48779234290123 0.516074359416962
v 1.20827102661133 0.499264270067215 0.610008656978607
v 1.2114372253418 0.525029063224792 0.610707342624664
v 1.18041574954987 0.521017074584961 0.62531566619873
v 1.17762875556946 0.499102026224136 0.62296736240387
v 1.12635481357574 0.777020454406738 0.413982093334198
v 1.14817190170288 0.758031725883484 0.427262783050537
v 1.12661957740784 0.75407338142395 0.414759665727615
v 1.06350040435791 0.770676553249359 0.39559417963028
v 1.08613228797913 0.772472381591797 0.397745281457901
v 1.08374655246735 0.749134421348572 0.398757010698318
v 1.06184685230255 0.747568964958191 0.396433502435684
v 1.06610667705536 0.625157713890076 0.420661211013794
v 1.05021059513092 0.627313137054443 0.418922483921051
v 1.05280661582947 0.651005148887634 0.414559841156006
v 1.07127344608307 0.6496222615242 0.416164457798004
v 1.21808254718781 0.665650725364685 0.476605296134949
v 1.19891667366028 0.657557249069214 0.456896036863327
v 1.19613337516785 0.681159377098083 0.456976354122162
v 1.21468281745911 0.690893769264221 0.47538685798645
v 1.07708275318146 0.541486501693726 0.615313649177551
v 1.10849463939667 0.531077444553375 0.623567819595337
v 1.22416806221008 0.481058955192566 0.4797542989254
v 1.22252190113068 0.514784812927246 0.473367810249329
v 1.19696402549744 0.475935876369476 0.452162027359009
v 1.16220688819885 0.475724041461945 0.441688716411591
v 1.1616917848587 0.50771427154541 0.436829388141632
v 1.19579815864563 0.509245872497559 0.44766092300415
v 1.05661559104919 0.546209216117859 0.468770027160645
v 1.06721985340118 0.564294040203094 0.445668339729309
v 1.07564175128937 0.554181814193726 0.450976550579071
v 1.06147789955139 0.541945815086365 0.47443950176239
v 1.09378957748413 0.606482803821564 0.67294979095459
v 1.09061443805695 0.587712645530701 0.664473056793213
v 1.12444317340851 0.579242706298828 0.664190649986267
v 1.12633180618286 0.600523054599762 0.67226254940033
v 1.17853629589081 0.810007035732269 0.604574739933014
v 1.18127751350403 0.790859580039978 0.606697738170624
v 1.16103518009186 0.809745848178864 0.615101456642151
v 1.17778849601746 0.829491972923279 0.606538653373718
v 1.16025400161743 0.830333828926086 0.616822361946106
v 1.17566108703613 0.954394578933716 0.645804882049561
v 1.19204592704773 0.944546759128571 0.630835890769958
v 1.2012130022049 0.961890161037445 0.630323648452759
v 1.18574166297913 0.973545968532562 0.646855413913727
v 1.15636813640594 1.0904700756073 0.6750408411026
v 1.15620255470276 1.10657668113708 0.673891305923462
v 1.13990116119385 0.503287553787231 0.625269889831543
v 1.09757208824158 0.514070510864258 0.612812519073486
v 1.10975587368011 0.480618894100189 0.615439772605896
v 1.14507579803467 0.47673436999321 0.623326539993286
v 1.20527708530426 0.472203969955444 0.609462440013885
v 1.22671926021576 0.469272673130035 0.588061511516571
v 1.23147535324097 0.499406069517136 0.585649728775024
v 1.23892617225647 0.46281111240387 0.556567788124084
v 1.2373480796814 0.455202788114548 0.520056962966919
v 1.19576013088226 0.442983984947205 0.45718902349472
v 1.16097462177277 0.443231672048569 0.448251843452454
v 1.07519817352295 0.481002986431122 0.481775909662247
v 1.09781980514526 0.477685749530792 0.462479501962662
v 1.09823906421661 0.451382517814636 0.471969902515411
v 1.07708728313446 0.456433683633804 0.493502646684647
v 1.11167001724243 0.614540040493011 0.429809272289276
v 1.14660656452179 0.6320720911026 0.435495465993881
v 1.15077018737793 0.610015690326691 0.435229957103729
v 1.1211531162262 0.593868494033813 0.432993203401566
v 1.06789898872375 0.793981909751892 0.396266877651215
v 1.08607935905457 0.796663701534271 0.398224204778671
v 1.10554277896881 0.774640202522278 0.403693437576294
v 1.10470747947693 0.798685073852539 0.404284507036209
v 1.12513422966003 0.800646781921387 0.415143311023712
v 1.07956409454346 0.889737069606781 0.412865072488785
v 1.10219955444336 0.888217329978943 0.418607324361801
v 1.10032284259796 0.867746651172638 0.414451867341995
v 1.07808125019073 0.868661046028137 0.408022910356522
v 1.08172702789307 0.910840451717377 0.419020533561707
v 1.10440909862518 0.90973436832428 0.423807352781296
v 1.08458197116852 0.950766146183014 0.433890372514725
v 1.10770332813263 0.963371694087982 0.434188097715378
v 1.10681319236755 0.946032106876373 0.435251444578171
v 1.08473300933838 1.10701107978821 0.481293827295303
v 1.08135771751404 1.09308171272278 0.471461713314056
v 1.22383880615234 0.638919234275818 0.478608280420303
v 1.06997561454773 0.50829416513443 0.588061153888702
v 1.05857038497925 0.500243425369263 0.561779677867889
v 1.06546950340271 0.474711686372757 0.572428047657013
v 1.08103275299072 0.479414850473404 0.596984684467316
v 1.22702884674072 0.702329456806183 0.497680515050888
v 1.20223343372345 0.795473575592041 0.476397693157196
v 1.20368909835815 0.775605022907257 0.476037055253983
v 1.19591569900513 0.950640320777893 0.486864626407623
v 1.19542098045349 0.928398013114929 0.491344571113586
v 1.11728012561798 1.02488696575165 0.422180891036987
v 1.11814785003662 1.0122481584549 0.42016077041626
v 1.23525309562683 0.529519557952881 0.582950830459595
v 1.19413876533508 0.411547243595123 0.463873028755188
v 1.19042563438416 0.381511449813843 0.471124172210693
v 1.15706562995911 0.38079422712326 0.464788675308228
v 1.15912425518036 0.411411225795746 0.455698698759079
v 1.07090032100677 0.433448374271393 0.529782772064209
v 1.08062839508057 0.428392887115479 0.504902958869934
v 1.08558642864227 0.399671614170074 0.51667046546936
v 1.07809364795685 0.404042780399323 0.541035890579224
v 1.08526861667633 0.374734461307526 0.549857318401337
v 1.09167575836182 0.369136095046997 0.525857269763947
v 1.09435057640076 0.340152204036713 0.535708844661713
v 1.09083831310272 0.346234619617462 0.558951854705811
v 1.22313761711121 0.446908861398697 0.484348177909851
v 1.23106276988983 0.393096506595612 0.525508522987366
v 1.21763169765472 0.385309875011444 0.493563205003738
v 1.22064912319183 0.415169239044189 0.488911211490631
v 1.23425889015198 0.423452585935593 0.522805869579315
v 1.17828667163849 0.47357702255249 0.620786130428314
v 1.06482517719269 0.461378782987595 0.517775475978851
v 1.06130146980286 0.484626948833466 0.505247235298157
v 1.08588850498199 0.412005424499512 0.588524997234344
v 1.1022047996521 0.414985060691833 0.608911693096161
v 1.0923262834549 0.447009682655334 0.603896737098694
v 1.07530474662781 0.443480610847473 0.581012964248657
v 1.20590078830719 0.415107071399689 0.609146773815155
v 1.22340929508209 0.410305559635162 0.587998747825623
v 1.22497248649597 0.439556270837784 0.587191700935364
v 1.20554637908936 0.443515002727509 0.608693420886993
v 1.23550772666931 0.43198573589325 0.557361483573914
v 1.23217618465424 0.402238309383392 0.558726727962494
v 1.22448742389679 0.33448600769043 0.53145307302475
v 1.20864951610565 0.327569365501404 0.503921270370483
v 1.2136549949646 0.356122672557831 0.498653531074524
v 1.22785806655884 0.363496541976929 0.528358519077301
v 1.22688102722168 0.344287395477295 0.562457919120789
v 1.2292548418045 0.373206377029419 0.560361087322235
v 1.22213363647461 0.381329536437988 0.589057385921478
v 1.22096228599548 0.352916300296783 0.589348435401917
v 1.20560312271118 0.358882069587708 0.608870983123779
v 1.20612120628357 0.387072801589966 0.609579145908356
v 1.18413579463959 0.389315187931061 0.622868835926056
v 1.18559014797211 0.36204582452774 0.621837496757507
v 1.15887069702148 0.389995992183685 0.627187132835388
v 1.13343191146851 0.388893187046051 0.623079001903534
v 1.14044976234436 0.36179506778717 0.622962415218353
v 1.16326236724854 0.362816691398621 0.626202046871185
v 1.10324454307556 0.355321526527405 0.599869251251221
v 1.11919462680817 0.359145641326904 0.615034759044647
v 1.11079847812653 0.386115908622742 0.612502098083496
v 1.09509968757629 0.382469892501831 0.594546794891357
v 1.12947416305542 0.249928534030914 0.619230985641479
v 1.14655125141144 0.253626763820648 0.62422651052475
v 1.13890886306763 0.281230926513672 0.621862530708313
v 1.12130165100098 0.277524590492249 0.615751087665558
v 1.16280686855316 0.256858110427856 0.6302450299263
v 1.18073499202728 0.258836805820465 0.631505608558655
v 1.17442679405212 0.284932851791382 0.627077341079712
v 1.15720331668854 0.283617734909058 0.626083970069885
v 1.20683252811432 0.28015124797821 0.608498573303223
v 1.19170892238617 0.284161329269409 0.621714890003204
v 1.19762539863586 0.258098363876343 0.625705599784851
v 1.21188426017761 0.254127383232117 0.612043082714081
v 1.22565948963165 0.248684465885162 0.594864904880524
v 1.22307252883911 0.274270296096802 0.592194318771362
v 1.22676193714142 0.240600109100342 0.571890950202942
v 1.2271341085434 0.265655398368835 0.569349706172943
v 1.21466565132141 0.257127463817596 0.543182671070099
v 1.21705794334412 0.232638657093048 0.545288562774658
v 1.10175251960754 0.259086132049561 0.568179965019226
v 1.10753893852234 0.232077658176422 0.575463771820068
v 1.10650289058685 0.238943040370941 0.594451129436493
v 1.09939920902252 0.265735864639282 0.586338877677917
v 1.13047635555267 0.250722646713257 0.530763983726501
v 1.14829254150391 0.248466074466705 0.509703040122986
v 1.15059494972229 0.223622918128967 0.520970463752747
v 1.13361883163452 0.224993646144867 0.540979444980621
v 1.22520339488983 0.31730329990387 0.564709186553955
v 1.22058892250061 0.307489991188049 0.534977376461029
v 1.20469641685486 0.331840336322784 0.607627034187317
v 1.22007918357849 0.32590925693512 0.589531481266022
v 1.10941231250763 0.329306304454803 0.605525732040405
v 1.12623047828674 0.333237946033478 0.617197275161743
v 1.09703969955444 0.312370479106903 0.545942187309265
v 1.09400987625122 0.318624079227448 0.567727327346802
v 1.17672681808472 0.271782577037811 0.496541500091553
v 1.17818319797516 0.297755241394043 0.492067515850067
v 1.20420849323273 0.300786912441254 0.508083879947662
v 1.20191621780396 0.274710416793823 0.511456966400146
v 1.22626221179962 0.291094362735748 0.566711246967316
v 1.22071433067322 0.299806952476501 0.590949177742004
v 1.2049697637558 0.305907726287842 0.607046663761139
v 1.18880271911621 0.309902787208557 0.620027959346771
v 1.17031478881836 0.310704588890076 0.62465900182724
v 1.15158104896545 0.309853315353394 0.622773349285126
v 1.13255858421326 0.307705760002136 0.619125127792358
v 1.11518454551697 0.303791701793671 0.610568761825562
v 1.09641623497009 0.29214346408844 0.577195763587952
v 1.09918522834778 0.285122156143188 0.557324290275574
v 1.17673051357269 0.224168002605438 0.513379156589508
v 1.1760368347168 0.24705046415329 0.503076732158661
v 1.20157432556152 0.250531911849976 0.517388641834259
v 1.20296037197113 0.227261066436768 0.523035705089569
v 1.17910134792328 0.202984392642975 0.524799287319183
v 1.157595038414 0.2020423412323 0.532221436500549
v 1.17025530338287 0.229684591293335 0.635460138320923
v 1.18732631206512 0.231582880020142 0.635462403297424
v 1.20421171188354 0.230926096439362 0.629702568054199
v 1.22998213768005 0.223045408725739 0.598204731941223
v 1.2282806634903 0.214656829833984 0.572643876075745
v 1.21696889400482 0.207057535648346 0.547543525695801
v 1.20186483860016 0.205545663833618 0.52993243932724
v 1.12592720985413 0.184501945972443 0.602824449539185
v 1.11756527423859 0.212491810321808 0.598116815090179
v 1.11839938163757 0.206627190113068 0.580604255199432
v 1.12858498096466 0.17992639541626 0.585164427757263
v 1.14383387565613 0.193340957164764 0.630517184734344
v 1.15830743312836 0.198132336139679 0.641013562679291
v 1.1541987657547 0.226020395755768 0.628496646881104
v 1.1395583152771 0.222133994102478 0.620229423046112
v 1.17657160758972 0.201740980148315 0.64625608921051
v 1.19511342048645 0.203427076339722 0.6445272564888
v 1.21291756629944 0.203989505767822 0.63807886838913
v 1.23579740524292 0.195509552955627 0.601297080516815
v 1.21990656852722 0.22877448797226 0.617430567741394
v 1.22842347621918 0.201703190803528 0.623692750930786
v 1.23308873176575 0.186619400978088 0.570998191833496
v 1.21838700771332 0.148270666599274 0.550900101661682
v 1.21317565441132 0.177839696407318 0.546660304069519
v 1.23982214927673 0.157079756259918 0.572609066963196
v 1.20274543762207 0.0484143495559692 0.564634919166565
v 1.22870254516602 0.0527187585830688 0.56725686788559
v 1.22818541526794 0.018045961856842 0.574469685554504
v 1.20569479465485 0.0138701200485229 0.571894228458405
v 1.1335676908493 0.151075482368469 0.590520024299622
v 1.13002550601959 0.154434680938721 0.610398650169373
v 1.14534616470337 0.162609815597534 0.641784071922302
v 1.16231870651245 0.167746186256409 0.65250438451767
v 1.25050950050354 0.135773003101349 0.609765648841858
v 1.24419236183167 0.166378200054169 0.603761374950409
v 1.23679566383362 0.172259151935577 0.628829121589661
v 1.24262011051178 0.141204237937927 0.634998559951782
v 1.14205205440521 0.0532231330871582 0.605499148368835
v 1.13885927200317 0.0551868677139282 0.624932050704956
v 1.13309526443481 0.0890910029411316 0.62175452709198
v 1.13649129867554 0.0865179300308228 0.600684523582458
v 1.16362965106964 0.135003089904785 0.660942316055298
v 1.14654266834259 0.129668593406677 0.649247467517853
v 1.14949464797974 0.0963897705078125 0.654548645019531
v 1.16656625270844 0.100939869880676 0.665953397750854
v 1.25291836261749 0.0663146376609802 0.61704683303833
v 1.25354933738708 0.102349519729614 0.614087700843811
v 1.2464085817337 0.107146918773651 0.639113306999207
v 1.24695301055908 0.0702357888221741 0.640815734863281
v 1.22416079044342 0.118592321872711 0.555078029632568
v 1.2454686164856 0.127224922180176 0.578369438648224
v 1.24805510044098 0.095231831073761 0.584108293056488
v 1.22824382781982 0.0865151286125183 0.561188459396362
v 1.19521951675415 0.114071249961853 0.553139090538025
v 1.19974589347839 0.082441508769989 0.558366715908051
v 1.16017556190491 -0.0173904299736023 0.627283930778503
v 1.14921307563782 0.0195053219795227 0.626113593578339
v 1.15182209014893 0.0168809294700623 0.608499884605408
v 1.16311085224152 -0.0210632681846619 0.612068295478821
v 1.17237854003906 0.0653479099273682 0.666608035564423
v 1.15504479408264 0.0615985989570618 0.655843794345856
v 1.16415548324585 0.0247505903244019 0.6537926197052
v 1.17925035953522 0.027845025062561 0.663399755954742
v 1.24859094619751 -0.0119295120239258 0.621267437934875
v 1.25118482112885 0.0280487537384033 0.619341969490051
v 1.24540674686432 0.0306153893470764 0.641040027141571
v 1.24243152141571 -0.00938284397125244 0.641366600990295
v 1.2285943031311 -0.019469678401947 0.582141280174255
v 1.24668371677399 0.0237208604812622 0.592731297016144
v 1.24544656276703 -0.0152792930603027 0.59837132692337
v 1.22793352603912 -0.0571160912513733 0.586617529392242
v 1.21093964576721 -0.0600146055221558 0.58432936668396
v 1.20800113677979 -0.0229272842407227 0.579336166381836
v 1.1731128692627 -0.056206226348877 0.614837825298309
v 1.16901886463165 -0.0537718534469604 0.628378987312317
v 1.17692494392395 -0.0497337579727173 0.649941682815552
v 1.18829226493835 -0.0461621880531311 0.658486008644104
v 1.18493330478668 -0.00948721170425415 0.660190939903259
v 1.1719788312912 -0.0127473473548889 0.651484072208405
v 1.21855616569519 -0.00887537002563477 0.66281533241272
v 1.20152568817139 -0.00830304622650146 0.664379835128784
v 1.20348465442657 -0.0450133085250854 0.662291944026947
v 1.21892940998077 -0.0457497835159302 0.660131335258484
v 1.23847091197968 -0.0461588501930237 0.640408396720886
v 1.2324413061142 -0.00854438543319702 0.655154526233673
v 1.23006391525269 -0.0455636978149414 0.652647018432617
v 1.24507212638855 -0.0481493473052979 0.621890962123871
v 1.24309277534485 -0.0526961088180542 0.600291073322296
v 1.05607175827026 0.532967567443848 0.561005711555481
v 1.05339419841766 0.525148034095764 0.533805787563324
v 1.05551660060883 0.51653003692627 0.548488736152649
v 1.06297743320465 0.527393877506256 0.575437903404236
v 1.10282361507416 0.391441583633423 0.492257177829742
v 1.10037350654602 0.422555387020111 0.481435537338257
v 1.10681176185608 0.333312213420868 0.512529313564301
v 1.10591113567352 0.360816657543182 0.501924812793732
v 1.10864007472992 0.305953681468964 0.524184584617615
v 1.11058175563812 0.27951055765152 0.536783456802368
v 1.11218702793121 0.252753257751465 0.54909360408783
v 1.11770308017731 0.226499497890472 0.557857036590576
v 1.12767541408539 0.201383173465729 0.563257932662964
v 1.13776111602783 0.174920082092285 0.566672921180725
v 1.14805459976196 0.117449283599854 0.575324833393097
v 1.13514804840088 0.119522452354431 0.596255362033844
v 1.14509701728821 0.147222399711609 0.571035444736481
v 1.15538477897644 0.0506243109703064 0.584516525268555
v 1.15053164958954 0.0852131843566895 0.57972377538681
v 1.16368639469147 0.0135025978088379 0.590235233306885
v 1.17299938201904 -0.0240315198898315 0.596129298210144
v 1.18247783184052 -0.0589256286621094 0.600342214107513
v 1.12846744060516 0.532230734825134 0.437511205673218
v 1.09966456890106 0.525375723838806 0.447938591241837
v 1.10097634792328 0.543579339981079 0.442869871854782
v 1.12803196907043 0.554982662200928 0.435224235057831
v 1.05120575428009 0.538467764854431 0.500558793544769
v 1.05277264118195 0.539726257324219 0.486674845218658
v 1.05630111694336 0.537538886070251 0.49149763584137
v 1.0533754825592 0.537118315696716 0.505986154079437
v 1.21746933460236 0.28232204914093 0.538840651512146
v 1.18697762489319 0.335628032684326 0.620131313800812
v 1.16684484481812 0.336511075496674 0.62428081035614
v 1.14621257781982 0.33563894033432 0.622209072113037
v 1.12684762477875 0.27397632598877 0.515856623649597
v 1.12607979774475 0.300519466400146 0.504583477973938
v 1.14895570278168 0.297888696193695 0.491659164428711
v 1.14797854423523 0.272722065448761 0.500964462757111
v 1.18981266021729 0.141000032424927 0.548550426959991
v 1.16958463191986 0.114704787731171 0.56195330619812
v 1.16474068164825 0.143099427223206 0.556491792201996
v 1.18588137626648 0.16541600227356 0.542693376541138
v 1.2031261920929 0.174373149871826 0.65497088432312
v 1.22205400466919 0.175052165985107 0.646470546722412
v 1.18559598922729 0.140132188796997 0.665952205657959
v 1.20811724662781 0.143240630626678 0.66435432434082
v 1.18255805969238 0.171925663948059 0.65590626001358
v 1.12728774547577 0.35382217168808 0.483108699321747
v 1.15482211112976 0.351869583129883 0.474425613880157
v 1.15165054798126 0.324025571346283 0.48366990685463
v 1.12589859962463 0.32683140039444 0.493557751178741
v 1.19970238208771 0.861714482307434 0.58018958568573
v 1.18842279911041 0.864679992198944 0.599063098430634
v 1.18247282505035 0.979347705841064 0.453710794448853
v 1.18779730796814 0.965833961963654 0.467570453882217
v 1.17369651794434 0.959482252597809 0.458449184894562
v 1.17082464694977 0.972840487957001 0.44730082154274
v 1.1978497505188 0.976288259029388 0.474333494901657
v 1.19162142276764 0.989066302776337 0.459502130746841
v 1.19858682155609 1.00133645534515 0.466093152761459
v 1.20518505573273 0.988670945167542 0.480269968509674
v 1.22736465930939 1.05207312107086 0.515184879302979
v 1.23237931728363 1.06059551239014 0.521468102931976
v 1.0834493637085 0.931149363517761 0.425458610057831
v 1.05952882766724 0.93178778886795 0.425903588533401
v 1.060919880867 0.950899481773376 0.4344382584095
v 1.10529923439026 0.750929594039917 0.404953509569168
v 1.1175525188446 0.649938344955444 0.425489068031311
v 1.08456194400787 0.620294392108917 0.42375436425209
v 1.09273266792297 0.648307979106903 0.419730305671692
v 1.04835784435272 0.56291651725769 0.447705298662186
v 1.14603388309479 0.917605340480804 0.64869898557663
v 1.15002775192261 0.940831661224365 0.653133749961853
v 1.13883006572723 1.11687076091766 0.673736035823822
v 1.12172544002533 1.11271047592163 0.673887372016907
v 1.13800477981567 1.14463233947754 0.669592022895813
v 1.13677024841309 1.15688169002533 0.666547179222107
v 1.12056005001068 1.15182447433472 0.667937815189362
v 1.12105774879456 1.13967704772949 0.670474767684937
v 1.11306977272034 1.21096563339233 0.641449868679047
v 1.11615836620331 1.19977200031281 0.648637771606445
v 1.05148768424988 0.538673162460327 0.520793557167053
v 1.05385506153107 0.534527122974396 0.511683881282806
v 1.05209052562714 0.537726640701294 0.531183898448944
v 1.07563328742981 0.502313375473022 0.471607863903046
v 1.06122672557831 0.503193616867065 0.493708491325378
v 1.06238698959351 0.517934381961823 0.485191434621811
v 1.07703602313995 0.520243287086487 0.464019924402237
v 1.23794484138489 0.551705956459045 0.499501407146454
v 1.24633812904358 0.558966636657715 0.536925435066223
v 1.14498865604401 0.524398684501648 0.629834055900574
v 1.3900146484375 0.980348587036133 0.516362905502319
v 1.39904189109802 0.981439471244812 0.527634024620056
v 1.37285470962524 0.988032877445221 0.536011815071106
v 1.3640753030777 0.987758040428162 0.52385026216507
v 1.16175758838654 1.01660573482513 0.669216156005859
v 1.16617715358734 0.990674912929535 0.66148567199707
v 1.15920150279999 1.19177734851837 0.560790061950684
v 1.23005628585815 1.18957018852234 0.564326882362366
v 1.22504711151123 1.18290662765503 0.53894579410553
v 1.21463692188263 1.18297743797302 0.542865633964539
v 1.21979892253876 1.1908153295517 0.568193316459656
v 1.23440742492676 1.13768839836121 0.630431532859802
v 1.23471999168396 1.15450525283813 0.622879981994629
v 1.22427642345428 1.15637946128845 0.631083488464355
v 1.22350525856018 1.13860762119293 0.639560043811798
v 1.10158205032349 0.67264598608017 0.677213072776794
v 1.13203752040863 0.670563757419586 0.674756526947021
v 1.12016201019287 0.854948997497559 0.634008169174194
v 1.14004647731781 0.852543413639069 0.629964768886566
v 1.14034235477448 0.87267655134201 0.636683821678162
v 1.12101900577545 0.876263082027435 0.640896439552307
v 1.18882369995117 1.00491535663605 0.655962765216827
v 1.20088088512421 0.989327311515808 0.642219960689545
v 1.07094836235046 1.02632939815521 0.436606466770172
v 1.07240605354309 1.04596245288849 0.444242000579834
v 1.08918905258179 1.04980230331421 0.439410984516144
v 1.08733630180359 1.03230047225952 0.43148398399353
v 1.35699987411499 1.01861894130707 0.565449416637421
v 1.33049082756042 1.02064061164856 0.567744255065918
v 1.32964038848877 1.0113353729248 0.558804392814636
v 1.3554915189743 1.00346660614014 0.554779469966888
v 1.2379549741745 0.564605414867401 0.578802347183228
v 1.21318483352661 0.549855589866638 0.613815009593964
v 1.21295857429504 0.893525421619415 0.565353512763977
v 1.2063022851944 0.896474003791809 0.590452909469604
v 1.20183658599854 0.87872576713562 0.585998952388763
v 1.20916438102722 0.875909984111786 0.561878561973572
v 1.22161483764648 0.942757546901703 0.564338684082031
v 1.2178236246109 0.9274982213974 0.565838813781738
v 1.22714495658875 0.95711761713028 0.563196539878845
v 1.257084608078 1.04375398159027 0.571269094944
v 1.25572466850281 1.04283332824707 0.563644230365753
v 1.26421082019806 1.04579794406891 0.561034083366394
v 1.09810221195221 0.503320097923279 0.454127490520477
v 1.09677028656006 0.573760330677032 0.437218993902206
v 1.087562084198 0.58709716796875 0.433204382658005
v 1.0500180721283 0.539433360099792 0.513196647167206
v 1.13282406330109 1.21024823188782 0.559716463088989
v 1.12252247333527 1.2053564786911 0.545686483383179
v 1.28520452976227 1.04317665100098 0.536522150039673
v 1.29959964752197 1.02988708019257 0.531176865100861
v 1.24648332595825 1.02907598018646 0.553775668144226
v 1.24086022377014 1.03397083282471 0.540633320808411
v 1.24432134628296 1.0427120923996 0.542781829833984
v 1.24925422668457 1.03744101524353 0.55411571264267
v 1.25200629234314 1.03536403179169 0.56509393453598
v 1.24943518638611 1.0276358127594 0.566656708717346
v 1.19983291625977 1.10544228553772 0.484257370233536
v 1.18836343288422 1.10917711257935 0.483228713274002
v 1.19580388069153 1.12562501430511 0.49365508556366
v 1.20792293548584 1.12271165847778 0.493269801139832
v 1.17442393302917 1.11084198951721 0.481778979301453
v 1.15873301029205 1.11215937137604 0.48012712597847
v 1.16571867465973 1.12910914421082 0.492979824542999
v 1.18172991275787 1.12821316719055 0.494137078523636
v 1.15122222900391 1.17678260803223 0.538445830345154
v 1.1288890838623 1.17019760608673 0.526583790779114
v 1.10594975948334 1.16507697105408 0.520034611225128
v 1.08652687072754 1.16242241859436 0.516596138477325
v 1.11820709705353 1.18707525730133 0.654321074485779
v 1.1191258430481 1.17444264888763 0.659411132335663
v 1.13538837432861 1.17793345451355 0.656236946582794
v 1.13667666912079 1.19050931930542 0.648783326148987
v 1.11306512355804 1.19311165809631 0.537652671337128
v 1.09620463848114 1.18960344791412 0.530212581157684
v 1.08313417434692 1.17872560024261 0.52612841129303
v 1.40902948379517 1.07839369773865 0.512815594673157
v 1.38797843456268 1.08939933776855 0.516833603382111
v 1.14256167411804 1.22272729873657 0.59178501367569
v 1.13937926292419 1.21647477149963 0.57512104511261
v 1.39517045021057 1.08309412002563 0.533632874488831
v 1.41641116142273 1.07140827178955 0.529517292976379
v 1.1976146697998 1.1652820110321 0.524203300476074
v 1.20376837253571 1.18240118026733 0.545566737651825
v 1.20933377742767 1.16589117050171 0.522309362888336
v 1.1086208820343 1.2008056640625 0.535264134407043
v 1.09278988838196 1.19759428501129 0.528055667877197
v 1.24389600753784 0.590023279190063 0.522716283798218
v 1.2341126203537 0.58144474029541 0.48996365070343
v 1.19738245010376 0.853093206882477 0.483685612678528
v 1.20695662498474 0.855452358722687 0.506576180458069
v 1.05643570423126 0.890610814094543 0.411731988191605
v 1.05536484718323 0.869647145271301 0.406227111816406
v 1.06399357318878 1.20231461524963 0.526463568210602
v 1.08186066150665 0.821883201599121 0.400985956192017
v 1.05984377861023 0.818650186061859 0.399115830659866
v 1.0567615032196 0.845828115940094 0.402134746313095
v 1.07897520065308 0.846332669258118 0.403880327939987
v 1.05317652225494 0.792356371879578 0.39769721031189
v 1.05214130878448 0.78032910823822 0.397016793489456
v 1.06169390678406 0.605076432228088 0.424552261829376
v 1.04855895042419 0.607368171215057 0.422883719205856
v 1.31540167331696 1.10944938659668 0.502630531787872
v 1.30130302906036 1.11919772624969 0.506791472434998
v 1.30989265441895 1.13377368450165 0.516956984996796
v 1.32485067844391 1.1225653886795 0.514635145664215
v 1.10225236415863 0.823488116264343 0.407281696796417
v 1.12355875968933 0.824534296989441 0.418500512838364
v 1.21761286258698 1.05096256732941 0.495149910449982
v 1.2223744392395 1.04192125797272 0.51028174161911
v 1.06054699420929 0.973173022270203 0.439521759748459
v 1.10317623615265 1.03688681125641 0.428506016731262
v 1.10560119152069 1.05212843418121 0.436580002307892
v 1.12156498432159 1.0532820224762 0.435403645038605
v 1.11876130104065 1.03919720649719 0.4274922311306
v 1.04943525791168 0.540941476821899 0.522751867771149
v 1.32138466835022 1.08744335174561 0.591497182846069
v 1.310213804245 1.09229159355164 0.597185671329498
v 1.30850946903229 1.08114862442017 0.595886886119843
v 1.32056736946106 1.07700610160828 0.590435862541199
v 1.05482923984528 0.507356584072113 0.520341396331787
v 1.05695033073425 0.49095419049263 0.533133387565613
v 1.0698903799057 0.535689473152161 0.594883561134338
v 1.05603897571564 0.539235234260559 0.578120112419128
v 1.12703812122345 0.446075260639191 0.455106019973755
v 1.1277152299881 0.476574957370758 0.446979343891144
v 1.12640011310577 0.414298415184021 0.463776350021362
v 1.12697577476501 0.382923364639282 0.473403483629227
v 1.14308929443359 0.199991822242737 0.548165261745453
v 1.15799522399902 0.172237932682037 0.549089550971985
v 1.17409515380859 0.0830300450325012 0.567546427249908
v 1.17859387397766 0.0490057468414307 0.573396801948547
v 1.18406021595001 0.0126510858535767 0.579610586166382
v 1.18965888023376 -0.0250258445739746 0.586420714855194
v 1.19538736343384 -0.0608759522438049 0.589572668075562
v 1.42185473442078 1.05883312225342 0.543082714080811
v 1.39928817749023 1.07053077220917 0.549177229404449
v 1.40215671062469 1.05377876758575 0.557601690292358
v 1.42572617530823 1.04331636428833 0.551459848880768
v 1.33206653594971 1.01403844356537 0.508487701416016
v 1.32991230487823 1.02784276008606 0.499325126409531
v 1.35065042972565 1.01695239543915 0.49284240603447
v 1.35285806655884 1.00385046005249 0.502124488353729
v 1.37585139274597 0.994315505027771 0.495649516582489
v 1.38199150562286 0.985019981861115 0.505658626556396
v 1.35700523853302 0.993604183197021 0.512370407581329
v 1.40805280208588 0.989030182361603 0.538271725177765
v 1.41576170921326 1.00053453445435 0.546539783477783
v 1.38899779319763 1.00851476192474 0.5556800365448
v 1.38246536254883 0.995238721370697 0.546817362308502
v 1.4263927936554 1.0272159576416 0.554620742797852
v 1.40242791175842 1.03751409053802 0.560623645782471
v 1.39820659160614 1.02258431911469 0.560069680213928
v 1.42293763160706 1.01259708404541 0.552476644515991
v 1.37383472919464 1.03604626655579 0.476315081119537
v 1.37129843235016 1.0202522277832 0.479561388492584
v 1.35025453567505 1.03175258636475 0.4853735268116
v 1.35310423374176 1.04768681526184 0.481422662734985
v 1.3197363615036 1.14232456684113 0.534444868564606
v 1.33436143398285 1.12893164157867 0.531482577323914
v 1.24336528778076 1.08300447463989 0.514093041419983
v 1.24829530715942 1.09772920608521 0.505222201347351
v 1.25912415981293 1.09779596328735 0.508572161197662
v 1.25395524501801 1.08441197872162 0.51670104265213
v 1.35744261741638 1.09894120693207 0.50457501411438
v 1.34023475646973 1.11088359355927 0.509686350822449
v 1.34999656677246 1.11462068557739 0.52684623003006
v 1.36794900894165 1.10104405879974 0.521672010421753
v 1.33239936828613 1.0590044260025 0.486546188592911
v 1.32977080345154 1.04320418834686 0.491098970174789
v 1.31001460552216 1.054767370224 0.497978687286377
v 1.31297588348389 1.06985068321228 0.491941779851913
v 1.34720242023468 0.996713280677795 0.54261326789856
v 1.32350826263428 1.00708425045013 0.546488881111145
v 1.29222142696381 1.10237455368042 0.501073598861694
v 1.30608105659485 1.09340667724609 0.496107399463654
v 1.21261763572693 1.04003477096558 0.489559471607208
v 1.23402166366577 1.01573872566223 0.534736752510071
v 1.23775804042816 1.02544891834259 0.537680149078369
v 1.1699013710022 0.988337457180023 0.438770473003387
v 1.17034256458282 1.00333690643311 0.435391843318939
v 1.2132523059845 0.979447245597839 0.499289810657501
v 1.21879923343658 0.994951546192169 0.506523370742798
v 1.17865192890167 0.993494093418121 0.44401827454567
v 1.17619526386261 1.0036780834198 0.439835906028748
v 1.12545692920685 0.92638486623764 0.437388777732849
v 1.0847532749176 1.17046785354614 0.523553967475891
v 1.33034634590149 1.0989465713501 0.497535735368729
v 1.32002472877502 1.08450651168823 0.491931736469269
v 1.31107354164124 1.0258514881134 0.56918466091156
v 1.29502844810486 1.0326189994812 0.569899559020996
v 1.29208135604858 1.03023910522461 0.562312066555023
v 1.30828809738159 1.02023708820343 0.560631513595581
v 1.21866059303284 1.02799594402313 0.638484120368958
v 1.20553803443909 1.01693272590637 0.648465275764465
v 1.21393144130707 1.00337469577789 0.634981215000153
v 1.22502052783966 1.01704263687134 0.6263427734375
v 1.32764863967896 1.10399913787842 0.587368011474609
v 1.33356773853302 1.11151897907257 0.580148100852966
v 1.3201961517334 1.12311446666718 0.586427271366119
v 1.31590116024017 1.11218440532684 0.593173086643219
v 1.32394814491272 1.13386285305023 0.575013995170593
v 1.33888339996338 1.12015116214752 0.568536758422852
v 1.34008049964905 1.12685418128967 0.55165046453476
v 1.32513320446014 1.14142072200775 0.556790232658386
v 1.23287177085876 0.632846534252167 0.569585025310516
v 1.23949682712555 0.627317309379578 0.541262447834015
v 1.18835282325745 0.768645346164703 0.456968903541565
v 1.16950404644012 0.762669861316681 0.441181927919388
v 1.14605462551117 0.659097790718079 0.433752536773682
v 1.07808065414429 0.544679164886475 0.454105079174042
v 1.06264126300812 0.535544395446777 0.476742774248123
v 1.0620721578598 0.46745952963829 0.544903874397278
v 1.23894584178925 0.619210243225098 0.511648058891296
v 1.0693267583847 0.438383758068085 0.555499613285065
v 1.07852292060852 0.408456563949585 0.564903914928436
v 1.12682116031647 0.41691130399704 0.621728241443634
v 1.15473556518555 0.417734563350677 0.626842677593231
v 1.1502902507782 0.446850806474686 0.625470697879791
v 1.11937534809113 0.447841137647629 0.619631946086884
v 1.18225479125977 0.417115807533264 0.62228935956955
v 1.18021702766418 0.445594280958176 0.621514856815338
v 1.18179619312286 0.324895203113556 0.48707115650177
v 1.1885381937027 0.105231046676636 0.671226561069489
v 1.21409940719604 0.070153534412384 0.669301450252533
v 1.21120309829712 0.108850359916687 0.66954493522644
v 1.19284725189209 0.0681427121162415 0.671478271484375
v 1.23134326934814 0.109297513961792 0.658134996891022
v 1.22781586647034 0.144012093544006 0.653939366340637
v 1.24800658226013 0.0605706572532654 0.588011741638184
v 1.19784641265869 0.0300269722938538 0.668003082275391
v 1.21664750576019 0.0310317277908325 0.666245341300964
v 1.23320400714874 0.0717214941978455 0.658993065357208
v 1.23327696323395 0.0317224860191345 0.65721470117569
v 1.05521202087402 0.519297182559967 0.508529365062714
v 1.21937429904938 0.546209692955017 0.467704117298126
v 1.21477913856506 0.57532399892807 0.462760597467422
v 1.15501344203949 0.587971925735474 0.4342220723629
v 1.12592816352844 0.574978470802307 0.433568000793457
v 1.14309859275818 0.845841348171234 0.43554750084877
v 1.164057970047 0.847320377826691 0.448479920625687
v 1.16150903701782 0.886778295040131 0.455912947654724
v 1.1801118850708 0.888078331947327 0.47046360373497
v 1.18080592155457 0.869253635406494 0.46756500005722
v 1.16239058971405 0.867231845855713 0.452387362718582
v 1.2074648141861 0.890229284763336 0.513106286525726
v 1.21335029602051 0.891601204872131 0.53904116153717
v 1.21095502376556 0.874238431453705 0.536026537418365
v 1.20615637302399 0.872648358345032 0.510224461555481
v 1.21045577526093 0.857539534568787 0.531663358211517
v 1.20781123638153 0.859482049942017 0.557056546211243
v 1.160973072052 0.890491843223572 0.63406765460968
v 1.17733299732208 0.886456906795502 0.621689915657043
v 1.18060624599457 0.906740367412567 0.627054929733276
v 1.1641321182251 0.912441253662109 0.639294028282166
v 1.07462882995605 0.598500609397888 0.428587079048157
v 1.05665290355682 0.533185005187988 0.495340943336487
v 1.12843024730682 0.505934119224548 0.441135942935944
v 1.16024994850159 0.537946105003357 0.434467375278473
v 1.19274508953094 0.540857136249542 0.444389879703522
v 1.28223609924316 1.05255424976349 0.529068231582642
v 1.24017727375031 1.05004715919495 0.61480438709259
v 1.24238896369934 1.04044675827026 0.608249843120575
v 1.35415518283844 1.1032133102417 0.561809957027435
v 1.35542249679565 1.11075866222382 0.545550763607025
v 1.29661214351654 1.07928824424744 0.496883243322372
v 1.29767167568207 1.14299535751343 0.517986595630646
v 1.28871428966522 1.12686192989349 0.507974326610565
v 1.27764523029327 1.13508427143097 0.507990002632141
v 1.17519152164459 0.644501566886902 0.444027751684189
v 1.20450603961945 0.629748106002808 0.456703692674637
v 1.17932987213135 0.620220482349396 0.442623049020767
v 1.05212199687958 0.539934158325195 0.561547815799713
v 1.10022687911987 0.558966994285583 0.43886861205101
v 1.08658468723297 0.378905653953552 0.572935461997986
v 1.09321105480194 0.350910365581512 0.580410718917847
v 1.09813487529755 0.324368238449097 0.588190019130707
v 1.10263705253601 0.298399090766907 0.595862030982971
v 1.10713982582092 0.27220618724823 0.603325426578522
v 1.11498069763184 0.245572686195374 0.609552383422852
v 1.12539625167847 0.218259692192078 0.611621499061584
v 1.13242149353027 0.189325213432312 0.618316113948822
v 1.13121712207794 0.122343719005585 0.616570353507996
v 1.13586699962616 0.125932157039642 0.634634137153625
v 1.13466787338257 0.158486723899841 0.627476692199707
v 1.13813853263855 0.0923479199409485 0.639803171157837
v 1.14394807815552 0.0577364563941956 0.641562938690186
v 1.1542307138443 0.0219835638999939 0.641100883483887
v 1.16382706165314 -0.0146415829658508 0.640258729457855
v 1.17072367668152 -0.0514141917228699 0.639705896377563
v 1.05021750926971 0.540750682353973 0.533107459545135
v 1.05116701126099 0.540821373462677 0.546536922454834
v 1.18327617645264 1.16472744941711 0.525744557380676
v 1.23366677761078 1.04253888130188 0.52799516916275
v 1.23765468597412 1.05016160011292 0.532222509384155
v 1.28289067745209 1.08759546279907 0.501833736896515
v 1.37987184524536 1.04579555988312 0.567243635654449
v 1.37987017631531 1.0624383687973 0.565322935581207
v 1.29273664951324 1.06621766090393 0.505029797554016
v 1.24139261245728 1.07093751430511 0.524458646774292
v 1.25141978263855 1.07503342628479 0.524971961975098
v 1.44041812419891 1.12284910678864 0.487877398729324
v 1.45489048957825 1.12404847145081 0.487889885902405
v 1.44666469097137 1.1393346786499 0.478406965732574
v 1.43296718597412 1.13708651065826 0.477967858314514
v 1.42740511894226 1.1185849905014 0.482353508472443
v 1.42186379432678 1.13214838504791 0.472243010997772
v 1.42880058288574 1.08973002433777 0.424031764268875
v 1.42000532150269 1.09191656112671 0.435572445392609
v 1.41885781288147 1.11005640029907 0.428163766860962
v 1.42788660526276 1.10885906219482 0.417426258325577
v 1.40937423706055 1.14028000831604 0.45353102684021
v 1.40806174278259 1.13453030586243 0.443153917789459
v 1.41162204742432 1.11906492710114 0.451727569103241
v 1.41442739963531 1.12615084648132 0.463100671768188
v 1.45893454551697 1.09316396713257 0.417633026838303
v 1.47241187095642 1.09726071357727 0.423623025417328
v 1.47486090660095 1.07633090019226 0.428188472986221
v 1.46015501022339 1.0729067325592 0.422594755887985
v 1.42848467826843 1.02086687088013 0.458553642034531
v 1.43785798549652 1.01446509361267 0.450229644775391
v 1.43616902828217 1.00326561927795 0.4577676653862
v 1.42879116535187 1.01169216632843 0.464300960302353
v 1.45300805568695 1.09486997127533 0.508163511753082
v 1.46894812583923 1.09289586544037 0.506917774677277
v 1.4624388217926 1.10828542709351 0.497602641582489
v 1.44693493843079 1.1085079908371 0.498016566038132
v 1.4199732542038 1.07545185089111 0.479416280984879
v 1.41817927360535 1.0658655166626 0.46559077501297
v 1.42087817192078 1.05108594894409 0.474110156297684
v 1.42314171791077 1.06154823303223 0.487872868776321
v 1.4600236415863 1.08057165145874 0.517573714256287
v 1.47526180744171 1.07654166221619 0.51520174741745
v 1.4143568277359 1.10409569740295 0.461320370435715
v 1.41530013084412 1.09667801856995 0.448272258043289
v 1.41641211509705 1.08084690570831 0.456960111856461
v 1.41671884059906 1.08975958824158 0.470567524433136
v 1.45193767547607 1.13310027122498 0.409246772527695
v 1.46233057975769 1.1372377872467 0.41568398475647
v 1.46797108650208 1.11752772331238 0.419541358947754
v 1.45611095428467 1.11353361606598 0.413187652826309
v 1.41103863716125 1.13048100471497 0.432171225547791
v 1.41680932044983 1.12835371494293 0.421371668577194
v 1.41376495361328 1.11345756053925 0.439833641052246
v 1.46188569068909 1.15389692783356 0.459069341421127
v 1.45114850997925 1.15526819229126 0.465987622737885
v 1.46028637886047 1.13844621181488 0.47453510761261
v 1.47130012512207 1.13602697849274 0.466492712497711
v 1.42834675312042 1.05205917358398 0.439760327339172
v 1.42094933986664 1.05722880363464 0.45161896944046
v 1.42041003704071 1.07429111003876 0.443339973688126
v 1.42886817455292 1.07080411911011 0.431636571884155
v 1.43746113777161 1.09131383895874 0.503278493881226
v 1.43266010284424 1.10467278957367 0.49281707406044
v 1.47923314571381 1.11908566951752 0.474000692367554
v 1.4687614440918 1.1218421459198 0.483046174049377
v 1.47594690322876 1.10488593578339 0.491434395313263
v 1.48701524734497 1.09980988502502 0.481370478868484
v 1.49843394756317 1.07308650016785 0.472956120967865
v 1.49568057060242 1.06559383869171 0.457865536212921
v 1.49137890338898 1.08677363395691 0.453242659568787
v 1.49270558357239 1.09357476234436 0.467728227376938
v 1.42856502532959 1.03463768959045 0.449426531791687
v 1.43976497650146 1.03075885772705 0.440135657787323
v 1.45955204963684 1.05186891555786 0.429037749767303
v 1.47571313381195 1.0546065568924 0.433606892824173
v 1.47430753707886 1.03249597549438 0.440544962882996
v 1.45643925666809 1.0302802324295 0.436702758073807
v 1.44052004814148 1.0526956319809 0.516004800796509
v 1.45482385158539 1.05722773075104 0.527853488922119
v 1.4484965801239 1.06724178791046 0.522085726261139
v 1.43397808074951 1.06120228767395 0.510695457458496
v 1.46581089496613 1.06627953052521 0.525550365447998
v 1.47074007987976 1.05339896678925 0.530986964702606
v 1.48138475418091 1.03000795841217 0.534656465053558
v 1.48480892181396 1.01732587814331 0.530559599399567
v 1.49008107185364 1.02299082279205 0.526536226272583
v 1.48389172554016 1.03513085842133 0.531768083572388
v 1.50649833679199 1.02920269966125 0.483180701732635
v 1.50102949142456 1.01810383796692 0.469010949134827
v 1.49870026111603 1.04260563850403 0.462602078914642
v 1.5034294128418 1.05172526836395 0.477410465478897
v 1.48258292675018 0.991780042648315 0.463420480489731
v 1.46529829502106 0.993466377258301 0.45620995759964
v 1.47120809555054 1.01090478897095 0.448734402656555
v 1.48775720596313 1.01241254806519 0.457076519727707
v 1.42677998542786 0.973956108093262 0.491761684417725
v 1.41875946521759 0.979344844818115 0.482934534549713
v 1.43460536003113 0.977445840835571 0.475511282682419
v 1.44493401050568 0.972813487052917 0.483421504497528
v 1.42110240459442 0.998117685317993 0.466708451509476
v 1.40864133834839 1.00190436840057 0.469918012619019
v 1.40984416007996 1.01661741733551 0.467985719442368
v 1.42100942134857 1.01213932037354 0.466716200113297
v 1.44493472576141 1.05910623073578 0.512349963188171
v 1.45367121696472 1.05384206771851 0.529978156089783
v 1.46110701560974 1.05166459083557 0.529927551746368
v 1.45041084289551 1.05350112915039 0.515037178993225
v 1.50710117816925 1.00918447971344 0.490462988615036
v 1.50130009651184 0.993406653404236 0.474716484546661
v 1.42947459220886 0.995884239673615 0.464708685874939
v 1.42716932296753 1.0081866979599 0.466675013303757
v 1.42904698848724 1.0072580575943 0.466697424650192
v 1.43395936489105 0.996777594089508 0.462368965148926
v 1.43441796302795 1.0340211391449 0.483298391103745
v 1.44115769863129 1.0420755147934 0.499658524990082
v 1.43747997283936 1.04072821140289 0.50085175037384
v 1.43197119235992 1.03054738044739 0.485305994749069
v 1.45152151584625 1.04941689968109 0.516110002994537
v 1.46430087089539 1.04970252513885 0.52973473072052
v 1.46101629734039 1.05064237117767 0.529563546180725
v 1.4469268321991 1.04859471321106 0.516976714134216
v 1.50255262851715 0.996826529502869 0.498269021511078
v 1.50084042549133 1.00840401649475 0.509148001670837
v 1.49459552764893 0.998929977416992 0.513280272483826
v 1.49362599849701 0.988190531730652 0.503255248069763
v 1.47150683403015 0.979755997657776 0.470185846090317
v 1.45729327201843 0.982346296310425 0.463285893201828
v 1.42735803127289 1.03272843360901 0.484517246484756
v 1.42516458034515 1.02199196815491 0.472561866044998
v 1.42787480354309 1.01900255680084 0.473518192768097
v 1.47455585002899 1.04518353939056 0.533796310424805
v 1.43590557575226 0.971619606018066 0.501047551631927
v 1.44447839260101 0.972661793231964 0.511265218257904
v 1.42443990707397 0.975963771343231 0.518896400928497
v 1.41598510742188 0.974418878555298 0.508540213108063
v 1.40767180919647 0.977562665939331 0.498647749423981
v 1.40031147003174 0.984896779060364 0.489008098840714
v 1.39237153530121 1.00973749160767 0.474201083183289
v 1.39411735534668 1.02510893344879 0.471657395362854
v 1.39963269233704 1.04087460041046 0.473518401384354
v 1.40766072273254 1.05503404140472 0.479798853397369
v 1.42311501502991 1.04626095294952 0.477992326021194
v 1.41506838798523 1.03215742111206 0.470561504364014
v 1.42855978012085 1.06767141819 0.510552525520325
v 1.43668961524963 1.06102895736694 0.528188765048981
v 1.46030044555664 1.0423766374588 0.538838922977448
v 1.44353008270264 1.04842209815979 0.540412545204163
v 1.43614399433136 0.98509818315506 0.465320557355881
v 1.42602670192719 0.985976934432983 0.469651162624359
v 1.48605108261108 1.11310756206512 0.462063193321228
v 1.48572444915771 1.10742557048798 0.448335707187653
v 1.47882318496704 1.12677311897278 0.442818820476532
v 1.477991938591 1.13167297840118 0.455587148666382
v 1.46863663196564 1.1414532661438 0.425730049610138
v 1.47548735141754 1.12225198745728 0.430213630199432
v 1.41857409477234 1.11182832717896 0.473311454057693
v 1.42230463027954 1.0980396270752 0.482941448688507
v 1.4151428937912 1.14643168449402 0.462804824113846
v 1.43147087097168 1.0432231426239 0.499314278364182
v 1.42688393592834 1.05013120174408 0.494955271482468
v 1.48623263835907 1.00442743301392 0.524508655071259
v 1.47668170928955 1.01446223258972 0.535106241703033
v 1.47663497924805 1.00097036361694 0.529476881027222
v 1.50283908843994 1.02210581302643 0.5049769282341
v 1.50166833400726 1.04026663303375 0.500025749206543
v 1.49118709564209 1.0500864982605 0.512975335121155
v 1.49371695518494 1.03109979629517 0.518790185451508
v 1.48318648338318 0.981834173202515 0.507201611995697
v 1.48636555671692 0.992250204086304 0.517370939254761
v 1.47452712059021 0.989076852798462 0.523014903068542
v 1.46990656852722 0.978616833686829 0.513838410377502
v 1.43422698974609 1.05554866790771 0.492046386003494
v 1.44014024734497 1.04802060127258 0.496305972337723
v 1.44882833957672 1.01835834980011 0.548331618309021
v 1.46435356140137 1.01469147205353 0.541795313358307
v 1.46414566040039 1.02886617183685 0.542166829109192
v 1.44871044158936 1.03309094905853 0.546528577804565
v 1.47447097301483 1.02809536457062 0.537965834140778
v 1.44533085823059 1.00484943389893 0.545234262943268
v 1.46263933181763 1.00147080421448 0.537447154521942
v 1.41807699203491 1.06544506549835 0.492002338171005
v 1.45211374759674 0.979579627513885 0.522000551223755
v 1.45829939842224 0.990143656730652 0.530258774757385
v 1.43934571743011 0.993551969528198 0.537990987300873
v 1.43203437328339 0.982911765575409 0.52942830324173
v 1.48103272914886 1.10196304321289 0.434960663318634
v 1.48498630523682 1.08113694190979 0.439675986766815
v 1.44879460334778 0.996649742126465 0.453611373901367
v 1.45285022258759 1.01071178913116 0.445413738489151
v 1.44349765777588 0.987998247146606 0.460543155670166
v 1.44303822517395 1.09051954746246 0.41701602935791
v 1.44159734249115 1.11026608943939 0.411911100149155
v 1.44167256355286 1.05018496513367 0.430900752544403
v 1.44285750389099 1.07032907009125 0.423384368419647
v 1.49301195144653 1.08128023147583 0.487882345914841
v 1.46995270252228 0.97356116771698 0.485229849815369
v 1.45894873142242 0.974468171596527 0.476642727851868
v 1.48467445373535 0.979597985744476 0.479368686676025
v 1.39435362815857 0.996101558208466 0.480331122875214
v 1.41212022304535 0.988928258419037 0.475157529115677
v 1.5006217956543 0.988446474075317 0.488347142934799
v 1.37206888198853 1.00627970695496 0.486336201429367
v 1.4836483001709 1.0444141626358 0.527930438518524
v 1.4750303030014 1.04215919971466 0.535410404205322
v 1.46978080272675 1.04169642925262 0.536963701248169
v 1.43810272216797 1.15493869781494 0.469716846942902
v 1.42573547363281 1.08450078964233 0.4925537109375
v 1.42337548732758 1.03984177112579 0.480819374322891
v 1.42380225658417 1.02936267852783 0.46856278181076
v 1.47819066047668 0.975755274295807 0.495721638202667
v 1.46326267719269 0.972097933292389 0.502775967121124
v 1.45470988750458 0.970772504806519 0.49230819940567
v 1.43137919902802 1.04020714759827 0.479762256145477
v 1.42485237121582 1.02675640583038 0.47016716003418
v 1.43891167640686 1.12955558300018 0.407651305198669
v 1.42895817756653 1.02174937725067 0.472051203250885
v 1.47990107536316 1.06050992012024 0.522392988204956
v 1.12174069881439 1.12648224830627 0.672483086585999
v 1.20665919780731 0.965449929237366 0.493555128574371
v 1.15961837768555 0.942617118358612 0.457657068967819
v 1.17625892162323 0.945267677307129 0.470371305942535
v 1.22588467597961 1.02248668670654 0.518959164619446
v 1.2297648191452 1.03357243537903 0.523549258708954
v 1.2438873052597 1.05940687656403 0.533547401428223
v 1.252610206604 1.06464982032776 0.534314274787903
v 1.21100699901581 1.00247979164124 0.488345563411713
v 1.14833807945251 1.35752236843109 0.539982438087463
v 1.14761626720428 1.35132920742035 0.544499754905701
v 1.15039753913879 1.37043356895447 0.535919368267059
v 1.05059087276459 0.805907011032104 0.39991569519043
v 1.14435422420502 1.34196829795837 0.534163653850555
v 1.14310729503632 1.33396303653717 0.538584649562836
v 1.14728724956512 1.33720815181732 0.534600019454956
v 1.14321708679199 1.34279310703278 0.532386243343353
v 1.14308667182922 1.34374856948853 0.53159773349762
v 1.14724254608154 1.37040817737579 0.525948107242584
v 1.14629173278809 1.34297740459442 0.547437787055969
v 1.14421284198761 1.33379030227661 0.54810619354248
v 1.14445078372955 1.35574078559875 0.52400404214859
v 1.12383162975311 0.788202941417694 0.629483819007874
v 1.10077905654907 0.788128852844238 0.633118748664856
v 1.10169959068298 0.770468950271606 0.639712452888489
v 1.12640452384949 0.769661486148834 0.634556949138641
v 1.1032509803772 0.75194126367569 0.647321105003357
v 1.21278512477875 0.714841604232788 0.606166064739227
v 1.22564935684204 0.716750621795654 0.580374002456665
v 1.22178852558136 0.738439917564392 0.577830195426941
v 1.20915055274963 0.736958622932434 0.601914405822754
v 1.22551429271698 0.754934072494507 0.551088094711304
v 1.21747291088104 0.756624162197113 0.576006889343262
v 1.22937798500061 0.738081037998199 0.550677597522736
v 1.22987473011017 0.733400464057922 0.523002088069916
v 1.22639179229736 0.75135213136673 0.523784101009369
v 1.22356867790222 0.724765777587891 0.497423529624939
v 1.22003066539764 0.744680225849152 0.497984528541565
v 1.21142041683197 0.714145362377167 0.475740343332291
v 1.19416308403015 0.704119920730591 0.457390338182449
v 1.17315208911896 0.670311808586121 0.444543927907944
v 1.14689755439758 0.686148285865784 0.431370139122009
v 1.17215871810913 0.694529175758362 0.44310998916626
v 1.09748959541321 0.67648047208786 0.415394604206085
v 1.12115633487701 0.679403305053711 0.422619581222534
v 1.05578804016113 0.67663586139679 0.409248054027557
v 1.07552433013916 0.675876021385193 0.411223411560059
v 1.17445385456085 1.14758849143982 0.507174491882324
v 1.17978870868683 1.19981586933136 0.621189534664154
v 1.19021260738373 1.194544672966 0.620570182800293
v 1.19501686096191 1.1994731426239 0.598849594593048
v 1.20957291126251 1.13760197162628 0.649676322937012
v 1.2110390663147 1.15603041648865 0.640715837478638
v 1.19476509094238 1.1512371301651 0.653324961662292
v 1.19283258914948 1.13406467437744 0.660037636756897
v 1.17176234722137 1.19157838821411 0.635227620601654
v 1.16512799263 1.19464421272278 0.634394109249115
v 1.17982447147369 1.18673312664032 0.637401401996613
v 1.15190958976746 1.17218446731567 0.657416999340057
v 1.16633713245392 1.1787645816803 0.649506092071533
v 1.23282778263092 1.18431401252747 0.589882075786591
v 1.23422479629517 1.17127704620361 0.610268533229828
v 1.24388301372528 1.16886425018311 0.603977560997009
v 1.24422121047974 1.18181025981903 0.584519803524017
v 1.23335456848145 1.12128806114197 0.635079622268677
v 1.23158705234528 1.1054300069809 0.637183308601379
v 1.2412828207016 1.10624384880066 0.629965305328369
v 1.24275887012482 1.12142133712769 0.628074467182159
v 1.28430020809174 1.17009854316711 0.568815231323242
v 1.28183209896088 1.16024112701416 0.588355898857117
v 1.29649293422699 1.15364336967468 0.584040284156799
v 1.29819393157959 1.16218054294586 0.564987063407898
v 1.24335718154907 1.13700377941132 0.623440027236938
v 1.18130874633789 1.02344179153442 0.664427518844604
v 1.19921517372131 1.03174257278442 0.65801864862442
v 1.21318423748016 1.03977763652802 0.648881196975708
v 1.23844480514526 1.0597311258316 0.620261549949646
v 1.23236954212189 1.05532681941986 0.627701580524445
v 1.23488390445709 1.0441757440567 0.621700704097748
v 1.24634993076324 1.06193470954895 0.613519966602325
v 1.25528955459595 1.06219959259033 0.605696797370911
v 1.26807248592377 1.11557352542877 0.50444370508194
v 1.25692474842072 1.11937272548676 0.501351594924927
v 1.2655953168869 1.14234757423401 0.50800496339798
v 1.27442216873169 1.05636060237885 0.588729202747345
v 1.2634345293045 1.05821239948273 0.594508647918701
v 1.26180863380432 1.05346632003784 0.589499592781067
v 1.27309572696686 1.05243194103241 0.584396302700043
v 1.2227920293808 1.1870391368866 0.594565987586975
v 1.29412126541138 1.14043700695038 0.595546364784241
v 1.27953314781189 1.14605188369751 0.599709451198578
v 1.27841079235077 1.13084805011749 0.605909466743469
v 1.29225540161133 1.12616670131683 0.601670324802399
v 1.289719581604 1.11347496509552 0.605203032493591
v 1.27651417255402 1.11710691452026 0.610089600086212
v 1.27408790588379 1.10452103614807 0.611591875553131
v 1.28660321235657 1.10175931453705 0.606474041938782
v 1.27692890167236 1.06121635437012 0.593144178390503
v 1.26500904560089 1.06417417526245 0.599455416202545
v 1.30699825286865 1.15282273292542 0.537592530250549
v 1.25337910652161 1.18436098098755 0.553737878799438
v 1.24710750579834 1.17589521408081 0.528963148593903
v 1.23529458045959 1.18040025234222 0.533503949642181
v 1.2409440279007 1.18777132034302 0.558854341506958
v 1.27004265785217 1.05340957641602 0.541819870471954
v 1.26644492149353 1.06200790405273 0.534392833709717
v 1.27347028255463 1.04541778564453 0.549325883388519
v 1.25873804092407 1.04651892185211 0.578604757785797
v 1.27645778656006 1.04069137573242 0.557442009449005
v 1.27057015895844 1.0937032699585 0.506975889205933
v 1.2792489528656 1.10976135730743 0.505094647407532
v 1.24030768871307 1.15641558170319 0.510949015617371
v 1.22912764549255 1.16178774833679 0.514284014701843
v 1.31128835678101 1.1529403924942 0.561164021492004
v 1.31017374992371 1.14470684528351 0.580114603042603
v 1.2870135307312 1.05128169059753 0.584921836853027
v 1.28549015522003 1.04673373699188 0.580963551998138
v 1.29776179790497 1.04196548461914 0.579635143280029
v 1.25293123722076 1.04341852664948 0.589685142040253
v 1.26049041748047 1.04973936080933 0.584620535373688
v 1.25585401058197 1.17934942245483 0.579211115837097
v 1.30718326568604 1.13187336921692 0.592012345790863
v 1.30377817153931 1.11864387989044 0.598301768302917
v 1.26425445079803 1.11963880062103 0.615610718727112
v 1.26544404029846 1.13391852378845 0.611446976661682
v 1.25399446487427 1.13588690757751 0.617387771606445
v 1.25322413444519 1.12084984779358 0.621905922889709
v 1.29900407791138 1.09680545330048 0.602307140827179
v 1.29690849781036 1.08501863479614 0.600670993328094
v 1.25166404247284 1.10655558109283 0.62346476316452
v 1.26241970062256 1.1060037612915 0.617266058921814
v 1.28932094573975 1.0565527677536 0.589357614517212
v 1.21909022331238 1.16531670093536 0.518942952156067
v 1.21407008171082 1.14500772953033 0.503817081451416
v 1.20262050628662 1.14619994163513 0.505667269229889
v 1.23513376712799 1.13319873809814 0.499560326337814
v 1.22437798976898 1.14019441604614 0.501495242118835
v 1.24622404575348 1.12456905841827 0.498987108469009
v 1.18976593017578 1.14667999744415 0.506583988666534
v 1.48989081382751 0.980587601661682 0.492039650678635
v 1.29712080955505 1.03701424598694 0.575607120990753
v 1.31114256381989 1.03266632556915 0.574680924415588
v 1.3102068901062 1.03836238384247 0.578629910945892
v 1.37265336513519 1.03149485588074 0.567132472991943
v 1.03780722618103 1.26049733161926 0.460786938667297
v 1.03623473644257 1.2654275894165 0.457199811935425
v 1.03476297855377 1.28518402576447 0.451911151409149
v 1.03489768505096 1.28889179229736 0.451762497425079
v 1.49263191223145 1.01035392284393 0.520389795303345
v 1.49631345272064 1.01631510257721 0.516169905662537
v 1.49802112579346 1.06059849262238 0.493998020887375
v 1.48199391365051 1.0871661901474 0.499358028173447
v 1.48713707923889 1.06879675388336 0.506723940372467
v 1.44268214702606 1.07843697071075 0.513130784034729
v 1.43019080162048 1.07095408439636 0.502260684967041
v 1.42232918739319 1.04184794425964 0.46062034368515
v 1.4885071516037 1.03603947162628 0.449929416179657
v 1.4077011346817 1.18039751052856 0.452037632465363
v 1.41915273666382 1.18528437614441 0.453891664743423
v 1.40947675704956 1.19961071014404 0.446833550930023
v 1.39886403083801 1.19402980804443 0.443611145019531
v 1.39070761203766 1.20693826675415 0.436030745506287
v 1.38624215126038 1.20271193981171 0.427493274211884
v 1.39288210868835 1.18900179862976 0.435788601636887
v 1.38682794570923 1.20034432411194 0.417680680751801
v 1.39211940765381 1.18555247783661 0.426308333873749
v 1.39061939716339 1.19884538650513 0.408537089824677
v 1.39663302898407 1.19888424873352 0.401383996009827
v 1.40011239051819 1.18223404884338 0.408723950386047
v 1.39482617378235 1.18299579620361 0.416807174682617
v 1.41084218025208 1.1649272441864 0.408989369869232
v 1.4077125787735 1.18343198299408 0.402604281902313
v 1.41667532920837 1.18554091453552 0.398007124662399
v 1.42007613182068 1.16594636440277 0.402447938919067
v 1.4295494556427 1.21155571937561 0.395274609327316
v 1.43491768836975 1.214604139328 0.400811553001404
v 1.44211387634277 1.19604444503784 0.404427111148834
v 1.43600797653198 1.19213759899139 0.39826700091362
v 1.45266246795654 1.18451309204102 0.427058488130569
v 1.45265328884125 1.18044865131378 0.416982889175415
v 1.44481456279755 1.1997731924057 0.413193464279175
v 1.44515776634216 1.20329070091248 0.423034608364105
v 1.43952775001526 1.22032248973846 0.420126289129257
v 1.43395376205444 1.2215621471405 0.429540753364563
v 1.44159018993378 1.20539903640747 0.432143360376358
v 1.42524111270905 1.15202128887177 0.468718588352203
v 1.4165096282959 1.16634798049927 0.460512608289719
v 1.4078004360199 1.16074323654175 0.453610837459564
v 1.39920127391815 1.16659414768219 0.425716936588287
v 1.40388965606689 1.15058767795563 0.43465855717659
v 1.40364348888397 1.15508210659027 0.444516211748123
v 1.39772629737854 1.1701192855835 0.435354351997375
v 1.42610144615173 1.12789142131805 0.411916434764862
v 1.41411089897156 1.14662981033325 0.415002822875977
v 1.42337203025818 1.14698648452759 0.407331049442291
v 1.40384244918823 1.16506350040436 0.416688501834869
v 1.40777373313904 1.147745013237 0.424551963806152
v 1.43139791488647 1.16821432113647 0.399813950061798
v 1.42686462402344 1.18847990036011 0.396310299634933
v 1.43137633800507 1.18761396408081 0.451411694288254
v 1.44226908683777 1.18833613395691 0.445521593093872
v 1.43230438232422 1.20536136627197 0.439617544412613
v 1.42146992683411 1.20365512371063 0.444742381572723
v 1.43491423130035 1.14899277687073 0.403723031282425
v 1.45199549198151 1.17151391506195 0.452079325914383
v 1.44143795967102 1.17158484458923 0.458438724279404
v 1.45004558563232 1.18696248531342 0.437089502811432
v 1.45889782905579 1.16900169849396 0.442588806152344
v 1.41261827945709 1.21708655357361 0.439186692237854
v 1.40049600601196 1.21272563934326 0.440296709537506
v 1.42879605293274 1.16967904567719 0.46194064617157
v 1.44176554679871 1.17204010486603 0.401736378669739
v 1.4493350982666 1.17638719081879 0.407940089702606
v 1.45598769187927 1.15675365924835 0.41181156039238
v 1.44681227207184 1.15243208408356 0.405456185340881
v 1.47027432918549 1.14582419395447 0.437032699584961
v 1.46076154708862 1.16050565242767 0.421209275722504
v 1.46147966384888 1.16488170623779 0.431733071804047
v 1.43819522857666 1.21741914749146 0.409429341554642
v 1.46835386753082 1.15090227127075 0.448634207248688
v 1.36328828334808 1.27515912055969 0.399298876523972
v 1.36455523967743 1.26559460163116 0.396335631608963
v 1.35334134101868 1.26626539230347 0.397625297307968
v 1.35287880897522 1.27571034431458 0.401323854923248
v 1.35192227363586 1.24406552314758 0.390123546123505
v 1.34978270530701 1.23334813117981 0.395755618810654
v 1.33848404884338 1.23903334140778 0.399673312902451
v 1.34034526348114 1.24831974506378 0.394642025232315
v 1.34460580348969 1.27543568611145 0.405677199363708
v 1.34465301036835 1.2666437625885 0.400965929031372
v 1.34070730209351 1.27250421047211 0.411045968532562
v 1.3425418138504 1.28214502334595 0.417138040065765
v 1.34365272521973 1.28343272209167 0.410014033317566
v 1.34195637702942 1.29027140140533 0.420469969511032
v 1.34988152980804 1.27862119674683 0.425801157951355
v 1.34882998466492 1.29099571704865 0.427529275417328
v 1.37609255313873 1.28469514846802 0.429116785526276
v 1.38630032539368 1.28681349754333 0.426515400409698
v 1.38066136837006 1.30030918121338 0.426397174596786
v 1.37017488479614 1.29746997356415 0.428859382867813
v 1.39893043041229 1.29997766017914 0.416392803192139
v 1.3896758556366 1.301274061203 0.422082751989365
v 1.39444828033447 1.28737187385559 0.422758817672729
v 1.40272533893585 1.28685200214386 0.417998224496841
v 1.37904059886932 1.27562141418457 0.397490322589874
v 1.38277077674866 1.26611256599426 0.394976675510406
v 1.37568116188049 1.26548290252686 0.396114528179169
v 1.37298321723938 1.27493095397949 0.398673355579376
v 1.33331179618835 1.26518177986145 0.416483879089355
v 1.34361279010773 1.26528692245483 0.42134764790535
v 1.34191799163818 1.27128219604492 0.4179647564888
v 1.33323335647583 1.2673751115799 0.41287750005722
v 1.40092778205872 1.24737346172333 0.381900727748871
v 1.40471220016479 1.23575186729431 0.38386395573616
v 1.39668035507202 1.23289680480957 0.386766254901886
v 1.39458417892456 1.24373257160187 0.384763717651367
v 1.37017345428467 1.22568213939667 0.392122179269791
v 1.37942731380463 1.2244063615799 0.392827391624451
v 1.37526965141296 1.21731781959534 0.40602046251297
v 1.3676164150238 1.22053277492523 0.4057796895504
v 1.36054992675781 1.22867751121521 0.393066346645355
v 1.35974013805389 1.22387671470642 0.406004041433334
v 1.3499014377594 1.22931087017059 0.407103359699249
v 1.33851873874664 1.23582088947296 0.408860087394714
v 1.41505610942841 1.23953115940094 0.383346676826477
v 1.41417348384857 1.24845147132874 0.380749821662903
v 1.32327151298523 1.33596253395081 0.418559223413467
v 1.32710468769073 1.33907496929169 0.415352523326874
v 1.32921314239502 1.33376622200012 0.414921194314957
v 1.32538068294525 1.33059930801392 0.418256193399429
v 1.42662048339844 1.2530460357666 0.39624747633934
v 1.42579638957977 1.25474846363068 0.406069964170456
v 1.42842197418213 1.24755442142487 0.404801100492477
v 1.42718267440796 1.24564206600189 0.395165175199509
v 1.4257777929306 1.26266813278198 0.39703831076622
v 1.42283010482788 1.26354026794434 0.407612353563309
v 1.32562148571014 1.3380514383316 0.431536853313446
v 1.32247471809387 1.33552193641663 0.427956134080887
v 1.32556748390198 1.33047389984131 0.42821404337883
v 1.32907724380493 1.33300006389618 0.431639403104782
v 1.3504399061203 1.28418111801147 0.404168486595154
v 1.35973644256592 1.28406047821045 0.401429295539856
v 1.34626269340515 1.30288362503052 0.405905365943909
v 1.35470819473267 1.29401564598083 0.402755707502365
v 1.34617578983307 1.2917617559433 0.406685769557953
v 1.3418984413147 1.29901230335236 0.409443467855453
v 1.3750364780426 1.2956805229187 0.397980988025665
v 1.37927544116974 1.28569841384888 0.397669702768326
v 1.37141752243042 1.28629195690155 0.399860560894012
v 1.3670802116394 1.29663836956024 0.39990508556366
v 1.39000737667084 1.28778338432312 0.391007959842682
v 1.38659167289734 1.29755032062531 0.392010688781738
v 1.3923008441925 1.29885125160217 0.38801521062851
v 1.39486503601074 1.29004347324371 0.387385696172714
v 1.37470746040344 1.3150280714035 0.397751450538635
v 1.37227034568787 1.32399964332581 0.401366293430328
v 1.37744975090027 1.32489025592804 0.399829417467117
v 1.37984311580658 1.31604242324829 0.395731031894684
v 1.4310188293457 1.24135076999664 0.404680490493774
v 1.42866945266724 1.23828339576721 0.395440697669983
v 1.41510593891144 1.29819869995117 0.40353924036026
v 1.41931438446045 1.2957136631012 0.394398540258408
v 1.41861081123352 1.30624294281006 0.39227706193924
v 1.41419553756714 1.30828726291656 0.401818066835403
v 1.42065227031708 1.25547385215759 0.415249615907669
v 1.42429769039154 1.24876916408539 0.414898455142975
v 1.33028292655945 1.34161281585693 0.43234571814537
v 1.33381545543671 1.3365273475647 0.432579874992371
v 1.35453736782074 1.23309147357941 0.417242527008057
v 1.34190225601196 1.23918890953064 0.417814642190933
v 1.36451411247253 1.22808575630188 0.416820913553238
v 1.37114214897156 1.22423422336578 0.41718602180481
v 1.37580895423889 1.21901476383209 0.418775260448456
v 1.35695123672485 1.30125761032104 0.402092009782791
v 1.36876583099365 1.2817530632019 0.400053113698959
v 1.38342809677124 1.27584528923035 0.39571738243103
v 1.40818727016449 1.2839081287384 0.379770487546921
v 1.41085028648376 1.27629935741425 0.379112184047699
v 1.40110373497009 1.2754043340683 0.381973564624786
v 1.40104937553406 1.28310668468475 0.382689982652664
v 1.4185357093811 1.29422831535339 0.384973913431168
v 1.41236853599548 1.29374551773071 0.380847215652466
v 1.41045522689819 1.30276918411255 0.380961537361145
v 1.41681528091431 1.30408227443695 0.383950978517532
v 1.33120560646057 1.26134347915649 0.420181214809418
v 1.34240210056305 1.25769639015198 0.422871023416519
v 1.4232120513916 1.25095462799072 0.386799514293671
v 1.42308938503265 1.24263143539429 0.387478858232498
v 1.42355537414551 1.23508441448212 0.389222472906113
v 1.3890745639801 1.25505709648132 0.389002859592438
v 1.39010262489319 1.24167943000793 0.385980844497681
v 1.38364779949188 1.24004888534546 0.386428594589233
v 1.38443660736084 1.25451731681824 0.390217006206512
v 1.36498999595642 1.25456237792969 0.390391558408737
v 1.36420226097107 1.24110293388367 0.38733771443367
v 1.35301184654236 1.2562495470047 0.392458379268646
v 1.38951373100281 1.22923719882965 0.388740420341492
v 1.39919984340668 1.22460973262787 0.389884144067764
v 1.39112424850464 1.22085344791412 0.392726302146912
v 1.40785336494446 1.22832763195038 0.387280255556107
v 1.41642367839813 1.23209166526794 0.386721432209015
v 1.40173125267029 1.21527504920959 0.392735809087753
v 1.39371299743652 1.21202898025513 0.396533250808716
v 1.41064715385437 1.21924448013306 0.390567094087601
v 1.41866266727448 1.22317504882812 0.390408635139465
v 1.43389236927032 1.23304271697998 0.418337404727936
v 1.4343775510788 1.23110818862915 0.406871199607849
v 1.4288045167923 1.24194693565369 0.415930151939392
v 1.38086354732513 1.21060585975647 0.411224603652954
v 1.38302528858185 1.2183643579483 0.398495614528656
v 1.38644325733185 1.21124446392059 0.402361065149307
v 1.38032162189484 1.21238553524017 0.421923875808716
v 1.33272528648376 1.25104999542236 0.398148447275162
v 1.32572960853577 1.25411438941956 0.400528728961945
v 1.32891631126404 1.26124668121338 0.401234894990921
v 1.33570945262909 1.25931227207184 0.399748623371124
v 1.34068620204926 1.29819774627686 0.422697275876999
v 1.33915710449219 1.29757642745972 0.415662527084351
v 1.34132862091064 1.290367603302 0.413142651319504
v 1.40238261222839 1.25800037384033 0.380543887615204
v 1.41405487060547 1.25871586799622 0.379487276077271
v 1.34996104240417 1.30771541595459 0.405237436294556
v 1.33280193805695 1.32671070098877 0.431207239627838
v 1.32902562618256 1.324294090271 0.42753466963768
v 1.33466553688049 1.31329870223999 0.42562609910965
v 1.33865368366241 1.31606411933899 0.430154383182526
v 1.35049676895142 1.3178448677063 0.409799367189407
v 1.34630823135376 1.3131936788559 0.408428937196732
v 1.34243941307068 1.32017946243286 0.410060256719589
v 1.3464537858963 1.32447946071625 0.412813007831573
v 1.38383173942566 1.3239278793335 0.395576238632202
v 1.38611161708832 1.31669938564301 0.392498552799225
v 1.36342358589172 1.30970072746277 0.425086349248886
v 1.35475158691406 1.30386233329773 0.430596470832825
v 1.35918283462524 1.29340994358063 0.431221485137939
v 1.38133645057678 1.29643869400024 0.395239502191544
v 1.3778657913208 1.30592274665833 0.395806223154068
v 1.38311052322388 1.3070912361145 0.393374741077423
v 1.35810422897339 1.30554509162903 0.402821242809296
v 1.35402643680573 1.31069767475128 0.405303716659546
v 1.36019539833069 1.31093788146973 0.403400331735611
v 1.36413979530334 1.30398321151733 0.400953948497772
v 1.42155075073242 1.28421819210052 0.396466314792633
v 1.4203644990921 1.28236842155457 0.384221911430359
v 1.32173407077789 1.33473920822144 0.423293352127075
v 1.3242175579071 1.3295921087265 0.423368126153946
v 1.43020367622375 1.22833859920502 0.397435396909714
v 1.42496061325073 1.2260856628418 0.392340183258057
v 1.38480007648468 1.28620743751526 0.394707560539246
v 1.36423420906067 1.28138637542725 0.429867506027222
v 1.38782382011414 1.27624988555908 0.392947494983673
v 1.39818668365479 1.31935501098633 0.406420201063156
v 1.40019726753235 1.32057189941406 0.39888608455658
v 1.39500379562378 1.32647597789764 0.400338709354401
v 1.39555072784424 1.32670831680298 0.407011926174164
v 1.34152281284332 1.33422434329987 0.416281580924988
v 1.33691692352295 1.33092045783997 0.413164734840393
v 1.33410573005676 1.33756375312805 0.414943128824234
v 1.33828270435333 1.34055471420288 0.418200463056564
v 1.34271168708801 1.30887115001678 0.409067571163177
v 1.33898651599884 1.30555391311646 0.412006407976151
v 1.33500242233276 1.31332874298096 0.414172261953354
v 1.33840942382812 1.31627106666565 0.410716742277145
v 1.33737349510193 1.30457210540771 0.417854189872742
v 1.33353400230408 1.31235861778259 0.419923484325409
v 1.34397339820862 1.33607172966003 0.422490984201431
v 1.3426057100296 1.33416259288788 0.429019302129745
v 1.34882628917694 1.32423782348633 0.427071809768677
v 1.34902667999268 1.32654976844788 0.419749230146408
v 1.40656995773315 1.27427411079407 0.419317454099655
v 1.41373729705811 1.27439332008362 0.41395765542984
v 1.41052079200745 1.2869086265564 0.412042260169983
v 1.40768027305603 1.29953145980835 0.410001337528229
v 1.40350496768951 1.31072735786438 0.406051576137543
v 1.39528620243073 1.31179904937744 0.415145516395569
v 1.41684305667877 1.28619086742401 0.406012952327728
v 1.35842275619507 1.31920921802521 0.416734725236893
v 1.35480093955994 1.31659066677094 0.423649519681931
v 1.36198258399963 1.31898176670074 0.421548157930374
v 1.3938524723053 1.27776491641998 0.38833475112915
v 1.32744967937469 1.32339560985565 0.422450423240662
v 1.3853542804718 1.23635470867157 0.430586457252502
v 1.39650332927704 1.24209010601044 0.431648015975952
v 1.3929750919342 1.25077331066132 0.430087625980377
v 1.38074171543121 1.24286425113678 0.428949296474457
v 1.33239901065826 1.32727801799774 0.413470149040222
v 1.32859587669373 1.32449054718018 0.416765838861465
v 1.39242482185364 1.31880366802216 0.390808552503586
v 1.38929498195648 1.32484984397888 0.39414981007576
v 1.39334511756897 1.32679128646851 0.394851475954056
v 1.39729237556458 1.32264029979706 0.391802936792374
v 1.41968083381653 1.27421736717224 0.407914638519287
v 1.41773307323456 1.31453514099121 0.390341341495514
v 1.41448330879211 1.31526207923889 0.400222212076187
v 1.41735768318176 1.26366376876831 0.415207326412201
v 1.41013288497925 1.26320898532867 0.421019434928894
v 1.41288936138153 1.25461101531982 0.422271430492401
v 1.38289928436279 1.31486320495605 0.418805629014969
v 1.3991174697876 1.2743501663208 0.423588454723358
v 1.40289855003357 1.26274299621582 0.424827694892883
v 1.40509605407715 1.25302004814148 0.426972359418869
v 1.40767455101013 1.2455849647522 0.428490608930588
v 1.41609406471252 1.24755585193634 0.423108488321304
v 1.3378609418869 1.33043348789215 0.43214362859726
v 1.33846688270569 1.34013020992279 0.429742604494095
v 1.42098951339722 1.23967242240906 0.424897015094757
v 1.42732524871826 1.23179686069489 0.427623957395554
v 1.41707682609558 1.23002243041992 0.432493656873703
v 1.41146230697632 1.23814427852631 0.430382519960403
v 1.394686460495 1.26175451278687 0.42818096280098
v 1.38582289218903 1.25970268249512 0.429919958114624
v 1.39114034175873 1.27379131317139 0.426969438791275
v 1.38148856163025 1.27229750156403 0.429406404495239
v 1.37490844726562 1.31191873550415 0.425264984369278
v 1.33185291290283 1.35405874252319 0.425548106431961
v 1.33638560771942 1.34679877758026 0.424645185470581
v 1.3355119228363 1.34617066383362 0.419258892536163
v 1.33150863647461 1.35375905036926 0.420802593231201
v 1.34005618095398 1.34165608882904 0.423848330974579
v 1.33482122421265 1.34519839286804 0.429917991161346
v 1.36913418769836 1.26857054233551 0.429497420787811
v 1.3572518825531 1.3179407119751 0.407152831554413
v 1.37175440788269 1.25280809402466 0.428161144256592
v 1.35502862930298 1.26656270027161 0.428059428930283
v 1.35529398918152 1.25492191314697 0.426737427711487
v 1.37078952789307 1.23426175117493 0.425555914640427
v 1.36175417900085 1.23952507972717 0.42465278506279
v 1.38138318061829 1.22380375862122 0.427592486143112
v 1.37671780586243 1.2295024394989 0.426175892353058
v 1.38523077964783 1.21652507781982 0.430722236633301
v 1.34874987602234 1.24509501457214 0.423976480960846
v 1.32030034065247 1.343416929245 0.4183269739151
v 1.32449567317963 1.34665250778198 0.41571033000946
v 1.38935911655426 1.22976434230804 0.432621479034424
v 1.39381730556488 1.22233855724335 0.435612261295319
v 1.34307587146759 1.25818431377411 0.396278649568558
v 1.39472031593323 1.26734447479248 0.38660079240799
v 1.39034235477448 1.26661229133606 0.390581369400024
v 1.41281616687775 1.26843690872192 0.379075616598129
v 1.40148079395294 1.26766741275787 0.381082952022552
v 1.40562391281128 1.22706484794617 0.435893714427948
v 1.40437865257263 1.20141506195068 0.396638423204422
v 1.41348671913147 1.20453262329102 0.393872708082199
v 1.4240950345993 1.21996176242828 0.435330241918564
v 1.31813788414001 1.34231162071228 0.422875732183456
v 1.37436616420746 1.32830142974854 0.406477063894272
v 1.37704634666443 1.32799112796783 0.406875044107437
v 1.33025336265564 1.24342608451843 0.402229160070419
v 1.32328999042511 1.24898743629456 0.404428750276566
v 1.32369184494019 1.25044894218445 0.416739404201508
v 1.32234442234039 1.24808990955353 0.410409510135651
v 1.32957935333252 1.24151289463043 0.409980982542038
v 1.33190929889679 1.24437046051025 0.417649507522583
v 1.39236748218536 1.25587558746338 0.387159168720245
v 1.39636540412903 1.25741767883301 0.384386450052261
v 1.423987865448 1.27306199073792 0.397350937128067
v 1.42248451709747 1.27136182785034 0.385868549346924
v 1.33866739273071 1.30524301528931 0.42419758439064
v 1.34648525714874 1.30024659633636 0.428286492824554
v 1.34351933002472 1.30769920349121 0.428806453943253
v 1.3445258140564 1.31968855857849 0.430963128805161
v 1.35597729682922 1.32012677192688 0.412915378808975
v 1.35264003276825 1.32049560546875 0.416417866945267
v 1.3750091791153 1.239950299263 0.386549711227417
v 1.376300573349 1.25418221950531 0.390554964542389
v 1.33843040466309 1.26595664024353 0.404248952865601
v 1.33274602890015 1.26657676696777 0.406760305166245
v 1.37135720252991 1.3042733669281 0.398530125617981
v 1.37573528289795 1.32463645935059 0.419343113899231
v 1.37006568908691 1.32097589969635 0.424426913261414
v 1.36789834499359 1.3122102022171 0.400400519371033
v 1.32139682769775 1.34566020965576 0.431044816970825
v 1.31833553314209 1.34321737289429 0.427337497472763
v 1.34989023208618 1.31168866157532 0.429963320493698
v 1.38939690589905 1.30820226669312 0.389657020568848
v 1.38229823112488 1.32317018508911 0.414368510246277
v 1.37610268592834 1.32762980461121 0.413257151842117
v 1.41509854793549 1.31102383136749 0.384239792823792
v 1.40046656131744 1.2348690032959 0.433456420898438
v 1.3320746421814 1.34315550327301 0.415319085121155
v 1.32911658287048 1.35073685646057 0.416121512651443
v 1.33031868934631 1.35220408439636 0.429603844881058
v 1.32620358467102 1.34883236885071 0.431933522224426
v 1.42356431484222 1.26101136207581 0.386365592479706
v 1.38676881790161 1.26631987094879 0.393234550952911
v 1.42240405082703 1.20836591720581 0.393451988697052
v 1.33705973625183 1.24982047080994 0.42292919754982
v 1.32720899581909 1.25548994541168 0.420981049537659
v 1.36511874198914 1.31974184513092 0.402700394392014
v 1.40650343894958 1.31728410720825 0.401403814554214
v 1.3929615020752 1.32029020786285 0.414413303136826
v 1.39144825935364 1.32702255249023 0.414292573928833
v 1.38357484340668 1.3278101682663 0.415308624505997
v 1.37920618057251 1.32965862751007 0.411621987819672
v 1.32716107368469 1.35798442363739 0.429748147726059
v 1.32295036315918 1.3548995256424 0.432018935680389
v 1.31802368164062 1.35208630561829 0.431268692016602
v 1.31543946266174 1.34939408302307 0.427445024251938
v 1.31588363647461 1.348060131073 0.423005521297455
v 1.32872247695923 1.35960614681244 0.426002264022827
v 1.3285071849823 1.35898792743683 0.421458423137665
v 1.32640075683594 1.35583508014679 0.417028933763504
v 1.32624483108521 1.36450886726379 0.42590743303299
v 1.32396757602692 1.36396884918213 0.429770141839981
v 1.31105899810791 1.36326217651367 0.430301457643509
v 1.31474828720093 1.35878598690033 0.431546360254288
v 1.3153737783432 1.36274456977844 0.431768804788589
v 1.31324791908264 1.36576128005981 0.431575626134872
v 1.31159055233002 1.36960732936859 0.431123524904251
v 1.30949461460114 1.36766684055328 0.429164111614227
v 1.31875491142273 1.36337184906006 0.431788831949234
v 1.3170827627182 1.36742961406708 0.431782007217407
v 1.32032895088196 1.36904644966125 0.429968148469925
v 1.31858158111572 1.37316107749939 0.429912239313126
v 1.31533241271973 1.3717725276947 0.431689918041229
v 1.32122445106506 1.36539781093597 0.430521667003632
v 1.32040882110596 1.35990118980408 0.432011723518372
v 1.30949604511261 1.37224733829498 0.428648978471756
v 1.31084156036377 1.37267100811005 0.430834412574768
v 1.31344938278198 1.37531042098999 0.431123048067093
v 1.31237149238586 1.37626123428345 0.42840987443924
v 1.31318354606628 1.35458707809448 0.427526414394379
v 1.31060600280762 1.36096549034119 0.426990777254105
v 1.30926311016083 1.36666750907898 0.426073968410492
v 1.30947113037109 1.37166357040405 0.425561249256134
v 1.31128001213074 1.36075925827026 0.423237890005112
v 1.31045711040497 1.36678719520569 0.423078715801239
v 1.31088089942932 1.37105393409729 0.422875553369522
v 1.3132951259613 1.36233949661255 0.419960230588913
v 1.31225454807281 1.36794912815094 0.420814007520676
v 1.31599962711334 1.35422778129578 0.419307947158813
v 1.31376802921295 1.35315823554993 0.423203736543655
v 1.3121577501297 1.37082540988922 0.421521693468094
v 1.31252992153168 1.37550377845764 0.425264924764633
v 1.32267069816589 1.36937379837036 0.428014665842056
v 1.32028102874756 1.37387537956238 0.427596300840378
v 1.32367658615112 1.36963224411011 0.42524665594101
v 1.32082891464233 1.37403404712677 0.424851626157761
v 1.3169881105423 1.37720119953156 0.427818983793259
v 1.31664729118347 1.37630009651184 0.430124878883362
v 1.31832766532898 1.34877026081085 0.418618410825729
v 1.32254099845886 1.35203492641449 0.41647931933403
v 1.3200855255127 1.35726475715637 0.416957527399063
v 1.31714999675751 1.36478507518768 0.417624086141586
v 1.32405495643616 1.36056005954742 0.417783319950104
v 1.32606077194214 1.36369848251343 0.421674787998199
v 1.3232456445694 1.3689820766449 0.422034591436386
v 1.32130408287048 1.36721479892731 0.418773055076599
v 1.32025647163391 1.37306618690491 0.42214360833168
v 1.31846404075623 1.37167859077454 0.420094072818756
v 1.31523358821869 1.36985397338867 0.419654160737991
v 1.31692409515381 1.37511157989502 0.42245876789093
v 1.31708121299744 1.37655961513519 0.424952507019043
v 1.31333565711975 1.37408399581909 0.422905147075653
v 1.31650841236115 1.37347412109375 0.421152710914612
v 1.31418251991272 1.37232899665833 0.421281158924103
v 1.34785449504852 1.35687410831451 0.411424815654755
v 1.35212016105652 1.3590087890625 0.408591866493225
v 1.35431456565857 1.35180461406708 0.408700913190842
v 1.35009908676147 1.34983730316162 0.411508023738861
v 1.34915339946747 1.3563631772995 0.424726665019989
v 1.34558641910553 1.35530591011047 0.419963032007217
v 1.3480920791626 1.34879612922668 0.420651912689209
v 1.35188770294189 1.34995782375336 0.425230979919434
v 1.35539376735687 1.35856544971466 0.425363093614578
v 1.35837709903717 1.3523234128952 0.425804108381271
v 1.35458493232727 1.34225487709045 0.425204902887344
v 1.35084104537964 1.34119176864624 0.420355141162872
v 1.35585117340088 1.32832717895508 0.417781859636307
v 1.3588433265686 1.3289657831192 0.423180460929871
v 1.36703991889954 1.33245050907135 0.404176443815231
v 1.37063074111938 1.33527827262878 0.407573819160461
v 1.34543180465698 1.35575222969055 0.415208041667938
v 1.34788382053375 1.3489682674408 0.415564835071564
v 1.36558949947357 1.34805619716644 0.410164654254913
v 1.36157584190369 1.34606170654297 0.407108455896378
v 1.35889196395874 1.35414028167725 0.408592522144318
v 1.36284613609314 1.35613393783569 0.411187618970871
v 1.35678791999817 1.32764089107513 0.408259212970734
v 1.36174440383911 1.32942569255829 0.404785692691803
v 1.35521411895752 1.32787001132965 0.412920385599136
v 1.36817538738251 1.3491063117981 0.415375471115112
v 1.36707186698914 1.34798014163971 0.421416372060776
v 1.37166810035706 1.33482694625854 0.420714914798737
v 1.37279081344604 1.33646059036255 0.414082914590836
v 1.35056209564209 1.34109008312225 0.415035009384155
v 1.35678958892822 1.3434476852417 0.407273262739182
v 1.3524968624115 1.34171199798584 0.410349667072296
v 1.36137652397156 1.34468650817871 0.425640165805817
v 1.36393702030182 1.35550546646118 0.421311259269714
v 1.35804879665375 1.37169873714447 0.416950404644012
v 1.3620353937149 1.36328148841858 0.416289895772934
v 1.36064159870148 1.36311829090118 0.411527007818222
v 1.35720086097717 1.37207102775574 0.412355124950409
v 1.36494612693787 1.35668206214905 0.415786325931549
v 1.36077833175659 1.36170172691345 0.421511590480804
v 1.34453284740448 1.36703205108643 0.411310911178589
v 1.34897637367249 1.369225025177 0.408921748399734
v 1.34211266040802 1.36561858654022 0.414888739585876
v 1.36601340770721 1.33153307437897 0.425244301557541
v 1.34542942047119 1.36552453041077 0.424041301012039
v 1.34228074550629 1.36497521400452 0.419188618659973
v 1.35676300525665 1.3613908290863 0.408554762601852
v 1.35369086265564 1.37103998661041 0.40896812081337
v 1.35648036003113 1.37017714977264 0.421725064516068
v 1.35148978233337 1.36722719669342 0.425013244152069
v 1.35321068763733 1.37727522850037 0.421425729990005
v 1.34847605228424 1.37482786178589 0.424423158168793
v 1.34277820587158 1.37320351600647 0.423773586750031
v 1.34015905857086 1.37201046943665 0.41902294754982
v 1.34045350551605 1.37202370166779 0.415020495653152
v 1.35491156578064 1.37854135036469 0.41728401184082
v 1.3544043302536 1.37838137149811 0.413186579942703
v 1.3517017364502 1.37678492069244 0.40970104932785
v 1.35247182846069 1.38521718978882 0.417354762554169
v 1.35049247741699 1.38499915599823 0.421351611614227
v 1.33610653877258 1.39202356338501 0.421977937221527
v 1.33743858337402 1.38640105724335 0.422727137804031
v 1.34003293514252 1.38837730884552 0.423868834972382
v 1.33830893039703 1.3932124376297 0.424111038446426
v 1.34051322937012 1.38106942176819 0.423875480890274
v 1.34185433387756 1.38511550426483 0.424146145582199
v 1.3450573682785 1.38597416877747 0.423904001712799
v 1.34391343593597 1.39021778106689 0.424237847328186
v 1.34715247154236 1.39137005805969 0.421940326690674
v 1.34591627120972 1.39617347717285 0.422343343496323
v 1.34239935874939 1.39531028270721 0.424917697906494
v 1.34779620170593 1.38740754127502 0.422344923019409
v 1.33772325515747 1.39716792106628 0.424172878265381
v 1.33688879013062 1.397301197052 0.421734780073166
v 1.34637880325317 1.38168728351593 0.424273759126663
v 1.3383092880249 1.37817132472992 0.419507533311844
v 1.33628678321838 1.38485789299011 0.41926234960556
v 1.33582234382629 1.3913722038269 0.418655604124069
v 1.33714127540588 1.39686632156372 0.418329894542694
v 1.33704590797424 1.38492345809937 0.415242373943329
v 1.33668899536133 1.39151811599731 0.41534748673439
v 1.33803737163544 1.39617609977722 0.415748000144958
v 1.33941578865051 1.38595795631409 0.411652684211731
v 1.3386949300766 1.39237380027771 0.412843704223633
v 1.34155380725861 1.37793779373169 0.411638289690018
v 1.33895194530487 1.3773181438446 0.41525986790657
v 1.33913850784302 1.39550042152405 0.414126664400101
v 1.34020233154297 1.40117728710175 0.422025322914124
v 1.34028232097626 1.40042591094971 0.418645530939102
v 1.34068357944489 1.40013241767883 0.425211429595947
v 1.34876418113708 1.39138770103455 0.419722825288773
v 1.34712290763855 1.39647078514099 0.419826477766037
v 1.35025882720947 1.39155077934265 0.417404979467392
v 1.34808611869812 1.39697682857513 0.417676687240601
v 1.34474360942841 1.40070056915283 0.420961201190948
v 1.34441363811493 1.39989638328552 0.423117727041245
v 1.34295260906219 1.37293243408203 0.411641508340836
v 1.34723615646362 1.37475204467773 0.409448146820068
v 1.34574842453003 1.37978005409241 0.409227699041367
v 1.34362816810608 1.38782954216003 0.409509360790253
v 1.35012197494507 1.38165652751923 0.409847617149353
v 1.35236239433289 1.38418078422546 0.413490414619446
v 1.35000050067902 1.39085817337036 0.414041042327881
v 1.34783816337585 1.38947784900665 0.410690069198608
v 1.34750127792358 1.39618062973022 0.414860248565674
v 1.34568762779236 1.39491891860962 0.412135750055313
v 1.34219574928284 1.39359593391418 0.411349296569824
v 1.34449982643127 1.39918446540833 0.415461272001266
v 1.34488749504089 1.40063452720642 0.418216586112976
v 1.340740442276 1.39873659610748 0.415715247392654
v 1.34388720989227 1.39751875400543 0.413467288017273
v 1.34135580062866 1.39679276943207 0.413571655750275
v 1.37397372722626 1.35772562026978 0.403868854045868
v 1.37753033638 1.35819399356842 0.399619519710541
v 1.37887060642242 1.35206151008606 0.399905055761337
v 1.37512266635895 1.3518443107605 0.403998970985413
v 1.37783360481262 1.3587954044342 0.414835542440414
v 1.37481927871704 1.35843849182129 0.412623375654221
v 1.37572538852692 1.35213696956635 0.413060992956161
v 1.37914228439331 1.35189867019653 0.415849357843399
v 1.38300597667694 1.35980069637299 0.414534777402878
v 1.38496530056 1.35260081291199 0.415133565664291
v 1.38042485713959 1.34508419036865 0.416160076856613
v 1.37648367881775 1.3456346988678 0.412791311740875
v 1.37844681739807 1.33553564548492 0.411458641290665
v 1.38248491287231 1.33502578735352 0.415711462497711
v 1.37340366840363 1.3581748008728 0.408682137727737
v 1.37437677383423 1.35208511352539 0.40884593129158
v 1.3880854845047 1.34647369384766 0.398523598909378
v 1.38441908359528 1.34552776813507 0.39713329076767
v 1.38325870037079 1.35285115242004 0.398381263017654
v 1.38668656349182 1.35372579097748 0.399719506502151
v 1.37823605537415 1.33301997184753 0.401108711957932
v 1.38228988647461 1.33244276046753 0.397141456604004
v 1.37720203399658 1.33460140228271 0.406113266944885
v 1.3911052942276 1.3473949432373 0.403281718492508
v 1.39148902893066 1.3469123840332 0.410031676292419
v 1.3937953710556 1.33577537536621 0.408527016639709
v 1.39285016059875 1.33538866043091 0.401721209287643
v 1.37503361701965 1.34567964076996 0.40800929069519
v 1.37971472740173 1.34496545791626 0.398537427186966
v 1.37586164474487 1.34503614902496 0.402878105640411
v 1.38683640956879 1.34547364711761 0.41519770026207
v 1.3895468711853 1.35381531715393 0.41023787856102
v 1.3850781917572 1.37109851837158 0.404979765415192
v 1.38797652721405 1.36094355583191 0.404275178909302
v 1.3857034444809 1.36032783985138 0.399646699428558
v 1.38356351852417 1.37065052986145 0.400676935911179
v 1.38964986801147 1.35439443588257 0.40392079949379
v 1.38734269142151 1.36086285114288 0.4102623462677
v 1.37226045131683 1.36720180511475 0.403206437826157
v 1.37580156326294 1.36788558959961 0.399613827466965
v 1.37156295776367 1.36753010749817 0.407697737216949
v 1.3894190788269 1.33525133132935 0.414871037006378
v 1.39045429229736 1.3342992067337 0.396415948867798
v 1.37524032592773 1.36870360374451 0.413773387670517
v 1.37256300449371 1.36807918548584 0.411564201116562
v 1.38215517997742 1.35913836956024 0.397914350032806
v 1.38029193878174 1.36914467811584 0.398383617401123
v 1.38425266742706 1.37081944942474 0.410166054964066
v 1.38013470172882 1.36953616142273 0.413969248533249
v 1.38243222236633 1.37762856483459 0.410055637359619
v 1.37823057174683 1.37643539905548 0.413478970527649
v 1.37342822551727 1.37576758861542 0.41357421875
v 1.37097430229187 1.37477779388428 0.410866051912308
v 1.37044060230255 1.3738124370575 0.407083004713058
v 1.38314771652222 1.37802910804749 0.405199229717255
v 1.38182401657104 1.37722754478455 0.401523977518082
v 1.37893772125244 1.37502038478851 0.399044960737228
v 1.3820743560791 1.38313317298889 0.405090838670731
v 1.38069844245911 1.38368046283722 0.409790277481079
v 1.36817944049835 1.39292287826538 0.412207901477814
v 1.36914801597595 1.3879554271698 0.412444710731506
v 1.37136423587799 1.38890957832336 0.412693679332733
v 1.37033247947693 1.39345395565033 0.413160055875778
v 1.37189483642578 1.38243496417999 0.413333386182785
v 1.3728312253952 1.38553833961487 0.41314223408699
v 1.37605226039886 1.38554465770721 0.412829995155334
v 1.37516438961029 1.38982391357422 0.413033246994019
v 1.3783153295517 1.38960874080658 0.410014063119888
v 1.37735867500305 1.39403474330902 0.410127550363541
v 1.37411046028137 1.3943555355072 0.413114488124847
v 1.37873995304108 1.38622093200684 0.411034524440765
v 1.37020325660706 1.39663910865784 0.413140624761581
v 1.36876201629639 1.39704275131226 0.411806136369705
v 1.37690782546997 1.38192820549011 0.41313099861145
v 1.36934351921082 1.3802969455719 0.410466253757477
v 1.36754977703094 1.38630092144012 0.409921079874039
v 1.36683964729309 1.39211678504944 0.409525781869888
v 1.36802113056183 1.39614498615265 0.408820956945419
v 1.36765933036804 1.38515365123749 0.406304508447647
v 1.36709499359131 1.39093232154846 0.406106561422348
v 1.36821949481964 1.39453101158142 0.405767977237701
v 1.36924111843109 1.38450825214386 0.402826845645905
v 1.3685827255249 1.39032316207886 0.40324592590332
v 1.37073934078217 1.37806403636932 0.403081238269806
v 1.36921906471252 1.37884724140167 0.406658947467804
v 1.36903119087219 1.39322888851166 0.40395712852478
v 1.37225437164307 1.39906454086304 0.410620450973511
v 1.37172269821167 1.39827954769135 0.407317489385605
v 1.37317061424255 1.39803266525269 0.412904053926468
v 1.37994456291199 1.38906443119049 0.40781369805336
v 1.37849116325378 1.3937451839447 0.407684653997421
v 1.38027143478394 1.3884345293045 0.40469828248024
v 1.37844753265381 1.39347171783447 0.40500470995903
v 1.37634599208832 1.39745557308197 0.408661276102066
v 1.37612068653107 1.39709806442261 0.410640299320221
v 1.3716025352478 1.37319016456604 0.403227925300598
v 1.37487637996674 1.37341058254242 0.400110185146332
v 1.3738032579422 1.37818932533264 0.400201201438904
v 1.37235009670258 1.3850474357605 0.400092303752899
v 1.37771272659302 1.37954473495483 0.399209260940552
v 1.38048911094666 1.38186466693878 0.401609390974045
v 1.37901830673218 1.38748061656952 0.401771247386932
v 1.37633669376373 1.386066198349 0.399566292762756
v 1.37731766700745 1.3925678730011 0.402472794055939
v 1.37503242492676 1.39154946804047 0.400621801614761
v 1.37145924568176 1.39077401161194 0.401085257530212
v 1.37498426437378 1.39573180675507 0.403517097234726
v 1.37596988677979 1.39696025848389 0.405916541814804
v 1.3713538646698 1.39631342887878 0.404641479253769
v 1.37394380569458 1.39416778087616 0.401996105909348
v 1.37121796607971 1.39405071735382 0.402813076972961
v 1.38696658611298 1.33286440372467 0.395779311656952
v 1.4057092666626 1.34589445590973 0.388040333986282
v 1.4080046415329 1.34501206874847 0.384778141975403
v 1.40757715702057 1.34022569656372 0.385489255189896
v 1.40544009208679 1.3409857749939 0.388631284236908
v 1.41043531894684 1.34797310829163 0.3974669277668
v 1.40666198730469 1.3477942943573 0.395717233419418
v 1.40614175796509 1.3424745798111 0.396683603525162
v 1.4101996421814 1.34247505664825 0.398845255374908
v 1.41552376747131 1.34738278388977 0.395410031080246
v 1.41563856601715 1.34181237220764 0.396802365779877
v 1.40924441814423 1.33602118492126 0.399460852146149
v 1.40498268604279 1.33634877204895 0.397060036659241
v 1.40364181995392 1.32659530639648 0.397244989871979
v 1.40787768363953 1.32536864280701 0.400363236665726
v 1.41382133960724 1.31669354438782 0.383905202150345
v 1.40927839279175 1.31616938114166 0.383090943098068
v 1.40949845314026 1.32410967350006 0.382947593927383
v 1.41388773918152 1.32369494438171 0.383175104856491
v 1.40529930591583 1.34692680835724 0.392017126083374
v 1.40468597412109 1.34189510345459 0.392693608999252
v 1.41425919532776 1.33394861221313 0.383171230554581
v 1.41011381149292 1.33435082435608 0.383167535066605
v 1.41084814071655 1.33979105949402 0.383439481258392
v 1.41466248035431 1.33970367908478 0.383268117904663
v 1.40453672409058 1.31708073616028 0.384174704551697
v 1.40027892589569 1.31884789466858 0.387187540531158
v 1.40272164344788 1.32538449764252 0.388309597969055
v 1.40561854839325 1.32489383220673 0.384715914726257
v 1.40215504169464 1.3264639377594 0.392189919948578
v 1.41750967502594 1.33393537998199 0.386127263307571
v 1.41817378997803 1.33460450172424 0.39177018404007
v 1.41817438602448 1.32333481311798 0.391905158758163
v 1.41698324680328 1.32358586788177 0.386263817548752
v 1.40377771854401 1.33619403839111 0.392719179391861
v 1.40660381317139 1.33483028411865 0.385211557149887
v 1.40416610240936 1.3355016708374 0.388745784759521
v 1.41509652137756 1.33516728878021 0.397716164588928
v 1.41835916042328 1.34103870391846 0.391320198774338
v 1.41802632808685 1.35231304168701 0.384246170520782
v 1.41815996170044 1.34519529342651 0.385239690542221
v 1.41540884971619 1.34453058242798 0.382303059101105
v 1.41579782962799 1.35143351554871 0.381482839584351
v 1.41776716709137 1.34011030197144 0.385997533798218
v 1.41841268539429 1.34637224674225 0.390281587839127
v 1.40575575828552 1.35279214382172 0.387102007865906
v 1.40818572044373 1.3515477180481 0.383736878633499
v 1.40547776222229 1.35383093357086 0.390825629234314
v 1.41458177566528 1.32400560379028 0.399440377950668
v 1.41019749641418 1.35503435134888 0.395912826061249
v 1.40673875808716 1.35479867458344 0.394074678421021
v 1.41141521930695 1.34452998638153 0.382614493370056
v 1.41199433803558 1.35117745399475 0.381627827882767
v 1.41812372207642 1.35350871086121 0.389021098613739
v 1.41504371166229 1.35437035560608 0.394005864858627
v 1.41800117492676 1.35938358306885 0.388156890869141
v 1.41497004032135 1.3601348400116 0.39315801858902
v 1.40995836257935 1.36053740978241 0.394838511943817
v 1.40659332275391 1.35981512069702 0.393292903900146
v 1.40553593635559 1.35841286182404 0.390069752931595
v 1.4179025888443 1.35815763473511 0.383487403392792
v 1.41558074951172 1.35693740844727 0.381275534629822
v 1.41207218170166 1.35604631900787 0.381542295217514
v 1.41723728179932 1.36297428607941 0.383498281240463
v 1.41728448867798 1.36491703987122 0.388090074062347
v 1.40731596946716 1.37465870380402 0.391535490751266
v 1.4076464176178 1.37057936191559 0.392482399940491
v 1.40992224216461 1.37109899520874 0.392383337020874
v 1.40938782691956 1.37468838691711 0.392246186733246
v 1.40961861610413 1.36580300331116 0.393617421388626
v 1.41125583648682 1.36774742603302 0.393074721097946
v 1.41422235965729 1.36699402332306 0.391968727111816
v 1.41345012187958 1.3708770275116 0.391992777585983
v 1.41647374629974 1.36995530128479 0.388647019863129
v 1.41551005840302 1.37433552742004 0.388305008411407
v 1.41315698623657 1.37482523918152 0.391873180866241
v 1.41613221168518 1.36752831935883 0.389835596084595
v 1.40964949131012 1.37743866443634 0.392204314470291
v 1.40827643871307 1.37802863121033 0.390929698944092
v 1.41439187526703 1.36449861526489 0.392424315214157
v 1.40662312507629 1.36434888839722 0.3923519551754
v 1.40589380264282 1.36967694759369 0.391294986009598
v 1.40590846538544 1.37455034255981 0.389977037906647
v 1.40738034248352 1.37767505645752 0.388506084680557
v 1.40544712543488 1.36806488037109 0.388921588659286
v 1.40559482574463 1.37333273887634 0.387747704982758
v 1.40712201595306 1.37624669075012 0.386418133974075
v 1.40615224838257 1.36648082733154 0.385969579219818
v 1.40632557868958 1.37189030647278 0.385389983654022
v 1.40632152557373 1.3610098361969 0.386258393526077
v 1.40563488006592 1.36271893978119 0.389636784791946
v 1.4070839881897 1.3747992515564 0.385159254074097
v 1.41154026985168 1.3791218996048 0.388935774564743
v 1.41019642353058 1.37844777107239 0.386601984500885
v 1.41289234161377 1.3781578540802 0.391265332698822
v 1.41691756248474 1.36952579021454 0.386220246553421
v 1.41592824459076 1.37420415878296 0.385656386613846
v 1.4163818359375 1.36801075935364 0.383211433887482
v 1.41485869884491 1.37340784072876 0.383151441812515
v 1.41430103778839 1.37748456001282 0.386631965637207
v 1.41495776176453 1.37713623046875 0.388609617948532
v 1.40606045722961 1.35711169242859 0.3866146504879
v 1.40850913524628 1.35608661174774 0.383453696966171
v 1.40852057933807 1.36001253128052 0.383127987384796
v 1.40816831588745 1.36547005176544 0.382950514554977
v 1.411869764328 1.36022627353668 0.38124206662178
v 1.41512084007263 1.36131906509399 0.381277233362198
v 1.41439700126648 1.36699509620667 0.381279677152634
v 1.41127240657806 1.36591470241547 0.380945175886154
v 1.41297256946564 1.37242269515991 0.381936132907867
v 1.4104996919632 1.37159538269043 0.381683677434921
v 1.40799880027771 1.37124395370483 0.383179277181625
v 1.41111814975739 1.37579607963562 0.38346865773201
v 1.41276681423187 1.37699794769287 0.384627401828766
v 1.40909862518311 1.37687349319458 0.385059624910355
v 1.40989589691162 1.37454962730408 0.38296440243721
v 1.40838408470154 1.37491750717163 0.384045451879501
v 1.41650819778442 1.31756997108459 0.386416018009186
v 1.32129430770874 1.26686656475067 0.419914543628693
v 1.32364010810852 1.2705991268158 0.416505098342896
v 1.32044959068298 1.2649073600769 0.40182825922966
v 1.32311105728149 1.26986062526703 0.405637085437775
v 1.31722474098206 1.25905454158783 0.402042269706726
v 1.31350195407867 1.25430881977081 0.410656243562698
v 1.31458580493927 1.25572538375854 0.405718505382538
v 1.32420706748962 1.2719179391861 0.411610245704651
v 1.31779384613037 1.26147556304932 0.420873761177063
v 1.31451296806335 1.25610363483429 0.416879713535309
v 1.30911958217621 1.26698994636536 0.421223491430283
v 1.30542206764221 1.26180791854858 0.417234510183334
v 1.30426061153412 1.25942432880402 0.410578638315201
v 1.30685043334961 1.26035916805267 0.405283987522125
v 1.31050980091095 1.26309990882874 0.401821970939636
v 1.31354236602783 1.27174007892609 0.420600652694702
v 1.31705546379089 1.27484679222107 0.416977941989899
v 1.31815934181213 1.27532470226288 0.410976767539978
v 1.30615091323853 1.27635312080383 0.420922696590424
v 1.29943656921387 1.27415990829468 0.421647727489471
v 1.28657960891724 1.27257943153381 0.410475105047226
v 1.29063963890076 1.26943230628967 0.409842491149902
v 1.28966474533081 1.27017855644226 0.413851052522659
v 1.28605461120605 1.2719589471817 0.414452880620956
v 1.2955322265625 1.26618897914886 0.4109867811203
v 1.29243814945221 1.2689493894577 0.414287835359573
v 1.29334092140198 1.27106475830078 0.418353527784348
v 1.29029428958893 1.2721836566925 0.419136583805084
v 1.29460000991821 1.27398371696472 0.421223938465118
v 1.29237413406372 1.27597570419312 0.422538548707962
v 1.28653383255005 1.27374136447906 0.419742345809937
v 1.28317940235138 1.27417743206024 0.415476649999619
v 1.28339111804962 1.27613055706024 0.41940438747406
v 1.28313171863556 1.27584266662598 0.412659108638763
v 1.29743349552155 1.26898169517517 0.417449295520782
v 1.29939424991608 1.26500749588013 0.405242115259171
v 1.29292190074921 1.26983070373535 0.405854970216751
v 1.28804492950439 1.27442681789398 0.40736311674118
v 1.28517591953278 1.27854824066162 0.410198122262955
v 1.29652237892151 1.27277195453644 0.402729600667953
v 1.29128122329712 1.27764618396759 0.405722767114639
v 1.28866028785706 1.28059887886047 0.409126579761505
v 1.30053758621216 1.27675771713257 0.403476625680923
v 1.29436779022217 1.28046154975891 0.406742841005325
v 1.30880033969879 1.27115070819855 0.401691228151321
v 1.30393159389496 1.2670624256134 0.401526182889938
v 1.2913932800293 1.28186166286469 0.408916145563126
v 1.2827000617981 1.27958726882935 0.417104333639145
v 1.28552055358887 1.28213262557983 0.414519250392914
v 1.29546880722046 1.27889478206635 0.422565549612045
v 1.28890419006348 1.27762794494629 0.422958135604858
v 1.29114377498627 1.28133201599121 0.422568112611771
v 1.29939770698547 1.28138363361359 0.421173304319382
v 1.29365396499634 1.28401458263397 0.420371860265732
v 1.28664100170135 1.28177928924561 0.421224236488342
v 1.28566265106201 1.27843141555786 0.422463804483414
v 1.31457662582397 1.26748192310333 0.401701778173447
v 1.31702518463135 1.27225875854492 0.405336767435074
v 1.31181824207306 1.27580618858337 0.405701130628586
v 1.30373811721802 1.28045380115509 0.407441914081573
v 1.31276309490204 1.27862787246704 0.411985129117966
v 1.3105800151825 1.27895212173462 0.417915761470795
v 1.30248820781708 1.28352975845337 0.417894035577774
v 1.30427384376526 1.28357338905334 0.412792295217514
v 1.29572153091431 1.28544557094574 0.417213052511215
v 1.29694437980652 1.28494215011597 0.413290709257126
v 1.29629707336426 1.28299021720886 0.409542828798294
v 1.29128360748291 1.28491592407227 0.41549614071846
v 1.28876221179962 1.28415942192078 0.41841796040535
v 1.28885805606842 1.28312134742737 0.412583589553833
v 1.29313719272614 1.28470134735107 0.413375169038773
v 1.29201555252075 1.28339898586273 0.411137849092484
v 1.40944600105286 1.30980956554413 0.381842017173767
v 1.40331852436066 1.31016838550568 0.382947683334351
v 1.40432918071747 1.30230605602264 0.381795734167099
v 1.40624213218689 1.2930269241333 0.380671769380569
v 1.41380774974823 1.28632605075836 0.380387008190155
v 1.40012145042419 1.29189825057983 0.38362517952919
v 1.39839684963226 1.30140435695648 0.38452422618866
v 1.39658784866333 1.31149089336395 0.386496245861053
v 1.39653182029724 1.28353929519653 0.38603812456131
v 1.08087289333344 1.34501838684082 0.452950984239578
v 1.07729935646057 1.34576499462128 0.452026724815369
v 1.08016383647919 1.33902502059937 0.455165416002274
v 1.08314681053162 1.3395402431488 0.455832839012146
v 1.07258379459381 1.33890008926392 0.455066442489624
v 1.0767023563385 1.33855104446411 0.454510569572449
v 1.07247245311737 1.34642386436462 0.452191799879074
v 1.06738090515137 1.34635484218597 0.454190373420715
v 1.06094205379486 1.34324264526367 0.460081577301025
v 1.05944037437439 1.34183013439178 0.460793256759644
v 1.06006014347076 1.34077429771423 0.460346341133118
v 1.06211316585541 1.34061288833618 0.459510236978531
v 1.06529593467712 1.33986854553223 0.457567095756531
v 1.08668172359467 1.34246027469635 0.456932365894318
v 1.08558690547943 1.34342992305756 0.455821514129639
v 1.08359754085541 1.34430193901062 0.454271674156189
v 1.06876873970032 1.3392618894577 0.455927968025208
v 1.0853374004364 1.3404335975647 0.456782639026642
v 1.08653616905212 1.34140408039093 0.45731794834137
v 1.06359326839447 1.34539985656738 0.457249462604523
v 1.07276034355164 1.34117317199707 0.454196751117706
v 1.07690024375916 1.34099268913269 0.453943252563477
v 1.07288694381714 1.34383058547974 0.453133583068848
v 1.06838142871857 1.34394562244415 0.454479336738586
v 1.06341350078583 1.3417044878006 0.458339691162109
v 1.06561291217804 1.34156966209412 0.456844091415405
v 1.08025991916656 1.34097766876221 0.454582661390305
v 1.068887591362 1.34140920639038 0.455176502466202
v 1.07723128795624 1.34343719482422 0.453032195568085
v 1.06491649150848 1.34355497360229 0.456669569015503
v 1.06294941902161 1.34286308288574 0.458429276943207
v 1.08575630187988 1.34217143058777 0.456637561321259
v 1.0857264995575 1.34170579910278 0.456731587648392
v 1.07118368148804 1.13429260253906 0.50251030921936
v 1.0694272518158 1.11909830570221 0.492688566446304
v 1.08050179481506 1.34298968315125 0.453895926475525
v 1.08465433120728 1.34143793582916 0.456138730049133
v 1.08280682563782 1.34116768836975 0.455383658409119
v 1.08303213119507 1.34276139736176 0.454970121383667
v 1.08479452133179 1.34246921539307 0.455931186676025
v 1.33851325511932 1.07457637786865 0.486813575029373
v 1.34754276275635 1.08872318267822 0.492363423109055
v 1.3739492893219 1.09558153152466 0.539685428142548
v 1.37368583679199 1.08352851867676 0.558234691619873
v 1.10053527355194 0.846663534641266 0.410686910152435
v 1.19079208374023 0.882297575473785 0.606050074100494
v 1.19528019428253 0.901037514209747 0.611325919628143
v 1.12355923652649 0.899165689945221 0.647925555706024
v 1.14278948307037 0.894668698310852 0.643191397190094
v 1.19603025913239 0.871078789234161 0.487066864967346
v 1.19598484039307 0.88922905921936 0.489785820245743
v 1.14253354072571 0.865927755832672 0.439136385917664
v 1.14294075965881 0.886216580867767 0.442569077014923
v 1.18267393112183 0.850106477737427 0.464223623275757
v 1.1592013835907 0.85043728351593 0.621606647968292
v 1.17587292194366 0.848410725593567 0.609827816486359
v 1.17518067359924 0.867315590381622 0.615256547927856
v 1.15918600559235 0.870012164115906 0.627803444862366
v 1.104647397995 0.902962923049927 0.647149085998535
v 1.10193359851837 0.880790412425995 0.639763534069061
v 1.20906925201416 0.908925652503967 0.514165818691254
v 1.2161740064621 0.909365773200989 0.540323197841644
v 1.21005940437317 0.914557278156281 0.591736495494843
v 1.19945347309113 0.919617414474487 0.613162875175476
v 1.18511748313904 0.926735103130341 0.629708290100098
v 1.1683075428009 0.93408465385437 0.642670333385468
v 1.12499368190765 0.907644629478455 0.433187961578369
v 1.10587811470032 0.928589582443237 0.429477900266647
v 1.19629657268524 0.908605515956879 0.490845382213593
v 1.05805909633636 0.911520063877106 0.418497532606125
v 1.15642488002777 0.964486539363861 0.6577068567276
v 1.13482427597046 0.968762516975403 0.665324866771698
v 1.21638870239258 0.911132216453552 0.56675773859024
v 1.07753467559814 1.07915639877319 0.461987257003784
v 1.09548854827881 1.08124244213104 0.458814144134521
v 1.09221982955933 1.06571829319 0.448780030012131
v 1.07451593875885 1.0625239610672 0.453136742115021
v 1.10902309417725 1.06710815429688 0.446149587631226
v 1.12558948993683 1.06726694107056 0.445411562919617
v 1.14099907875061 1.06672215461731 0.446179032325745
v 1.17760872840881 1.06026685237885 0.454895228147507
v 1.16700828075409 1.06306731700897 0.451260805130005
v 1.19497060775757 1.05100154876709 0.464977651834488
v 1.18673157691956 1.05655550956726 0.459499061107635
v 1.20228743553162 1.04066526889801 0.472025871276855
v 1.20861959457397 1.0283317565918 0.482497602701187
v 1.2182639837265 1.02971935272217 0.50422191619873
v 1.21456396579742 1.0156044960022 0.496058970689774
v 1.20408475399017 1.01518523693085 0.474231570959091
v 1.19709777832031 1.02801620960236 0.463656932115555
v 1.18941950798035 1.03776967525482 0.456483483314514
v 1.05624949932098 0.996481359004974 0.440712809562683
v 1.05512821674347 1.02012884616852 0.444766461849213
v 1.07184338569641 1.14916050434113 0.511016428470612
v 1.48770725727081 1.05908095836639 0.444517016410828
v 1.40008401870728 1.17461121082306 0.444768577814102
v 1.11961627006531 1.1631453037262 0.664670765399933
v 1.13553595542908 1.1675683259964 0.662219703197479
v 1.18808078765869 1.1792243719101 0.640788555145264
v 1.20005822181702 1.1878764629364 0.62166965007782
v 1.1711357831955 1.17058527469635 0.653867661952972
v 1.15358805656433 1.16271412372589 0.661939680576324
v 1.17846655845642 0.926315605640411 0.472991645336151
v 1.13877248764038 1.13100051879883 0.671641647815704
v 1.15530204772949 1.15136384963989 0.665982604026794
v 1.17409384250641 1.15904450416565 0.658773958683014
v 1.19361388683319 1.16758334636688 0.64567232131958
v 1.21108901500702 1.17689514160156 0.625719726085663
v 1.22415924072266 1.1738612651825 0.616498172283173
v 1.24383068084717 1.15288782119751 0.616191148757935
v 1.25405168533325 1.15109217166901 0.609902739524841
v 1.26596617698669 1.14891982078552 0.604378640651703
v 1.26792895793915 1.16439974308014 0.593305587768555
v 1.25490820407867 1.16654014587402 0.598310232162476
v 1.34643864631653 1.09809863567352 0.574298501014709
v 1.3567978143692 1.08271181583405 0.571078062057495
v 1.36131393909454 1.06715738773346 0.572152435779572
v 1.36090898513794 1.05245494842529 0.572932064533234
v 1.35422897338867 1.04026317596436 0.573270559310913
v 1.3419246673584 1.03196096420288 0.57317578792572
v 1.32633781433105 1.03037464618683 0.573888182640076
v 1.28456938266754 1.04277491569519 0.576493501663208
v 1.27216136455536 1.04928541183472 0.579510629177094
v 1.24845218658447 1.03905200958252 0.595523416996002
v 1.24492645263672 1.03246831893921 0.600193679332733
v 1.23092305660248 1.00753784179688 0.612484931945801
v 1.22266840934753 0.992998421192169 0.618973255157471
v 1.21248042583466 0.977971971035004 0.625327467918396
v 1.16984212398529 0.753764986991882 0.627088189125061
v 1.18809866905212 0.75515216588974 0.614723682403564
v 1.1846421957016 0.772646844387054 0.610282480716705
v 1.16604232788086 0.771185040473938 0.622073411941528
v 1.12164437770844 0.809712111949921 0.62588495016098
v 1.09991002082825 0.810165286064148 0.627444267272949
v 1.22134912014008 0.771800398826599 0.550212800502777
v 1.22260749340057 0.768578112125397 0.52451080083847
v 1.20127201080322 0.773805975914001 0.593972444534302
v 1.21355950832367 0.773094236850739 0.574011504650116
v 1.21700382232666 0.763202130794525 0.498726487159729
v 1.14814686775208 0.735187172889709 0.427863538265228
v 1.12578225135803 0.730457425117493 0.416370928287506
v 1.08107197284698 0.725562334060669 0.401905477046967
v 1.05976974964142 0.724756181240082 0.399680197238922
v 1.20560789108276 0.755865097045898 0.475947558879852
v 1.10327279567719 0.727196097373962 0.407563745975494
v 1.19001817703247 0.747721791267395 0.457127392292023
v 1.17028284072876 0.740632116794586 0.441345363855362
v 1.14219176769257 0.809525847434998 0.6218541264534
v 1.14430975914001 0.789032101631165 0.62506115436554
v 1.16306412220001 0.78983861207962 0.61799818277359
v 1.13975870609283 1.03414165973663 0.676779806613922
v 1.15817677974701 1.03677868843079 0.673860907554626
v 1.17693018913269 1.04112803936005 0.670277118682861
v 1.19148969650269 1.06352055072784 0.668953835964203
v 1.19388210773468 1.04700148105621 0.664737343788147
v 1.20948827266693 1.0537885427475 0.656055331230164
v 1.20576798915863 1.0696576833725 0.660419046878815
v 1.22895038127899 1.07752048969269 0.636514008045197
v 1.22927260398865 1.0662260055542 0.633027076721191
v 1.23755323886871 1.06953549385071 0.624897599220276
v 1.23838245868683 1.08000576496124 0.628495216369629
v 1.246741771698 1.07115399837494 0.618559122085571
v 1.25656342506409 1.07154536247253 0.611266016960144
v 1.26716494560242 1.07083964347839 0.603525519371033
v 1.27966547012329 1.0683126449585 0.598089456558228
v 1.28388917446136 1.09007740020752 0.605943739414215
v 1.27112686634064 1.09238123893738 0.611092448234558
v 1.22988545894623 1.09080862998962 0.637974500656128
v 1.21744358539581 1.08881521224976 0.650028467178345
v 1.13849723339081 1.06859040260315 0.677015960216522
v 1.1214519739151 1.06529009342194 0.677209317684174
v 1.22218060493469 1.00890672206879 0.513078093528748
v 1.23065781593323 1.00315356254578 0.530818700790405
v 1.2366498708725 1.00038945674896 0.548136115074158
v 1.23964238166809 1.00061655044556 0.564177572727203
v 1.24137306213379 1.00376641750336 0.579957783222198
v 1.23988151550293 1.00943112373352 0.594758987426758
v 1.24127614498138 1.02505028247833 0.604202687740326
v 1.23673474788666 1.0169016122818 0.608018279075623
v 1.23797202110291 1.03389477729797 0.614005386829376
v 1.23300993442535 1.02612161636353 0.619436264038086
v 1.22876989841461 1.03657937049866 0.629344165325165
v 1.22387886047363 1.04788160324097 0.637908339500427
v 1.21965634822845 1.06083548069 0.644654870033264
v 1.2175544500351 1.07447743415833 0.648999154567719
v 1.20402026176453 1.08628451824188 0.661955714225769
v 1.19030022621155 1.08164036273956 0.670486271381378
v 1.17329514026642 1.09519517421722 0.673835635185242
v 1.17370188236237 1.11237037181854 0.671757161617279
v 1.17356014251709 1.07666718959808 0.674284756183624
v 1.17487549781799 1.05813205242157 0.673755168914795
v 1.1663453578949 1.20404601097107 0.624459743499756
v 1.15176558494568 1.1982673406601 0.637430369853973
v 1.32274055480957 1.0453462600708 0.581381857395172
v 1.31801390647888 1.04146611690521 0.580099880695343
v 1.32181036472321 1.03696990013123 0.577746450901031
v 1.33185338973999 1.0400812625885 0.578026533126831
v 1.34019184112549 1.0472559928894 0.578645944595337
v 1.33176016807556 1.06211638450623 0.583957254886627
v 1.32838916778564 1.0521696805954 0.582434415817261
v 1.34522998332977 1.05792057514191 0.578837811946869
v 1.34609651565552 1.07037103176117 0.57917058467865
v 1.33290612697601 1.07326483726501 0.585201621055603
v 1.34373569488525 1.08296573162079 0.579989552497864
v 1.33255708217621 1.08383727073669 0.586063623428345
v 1.33746063709259 1.09433579444885 0.58249831199646
v 1.33098220825195 1.09158098697662 0.586720824241638
v 1.30118536949158 1.10801422595978 0.601262927055359
v 1.31229913234711 1.10279560089111 0.596556007862091
v 1.32315289974213 1.09666681289673 0.591129422187805
v 1.2919909954071 1.06367182731628 0.593517184257507
v 1.3043794631958 1.06049513816833 0.590103030204773
v 1.31667613983154 1.05645561218262 0.586562097072601
v 1.3191739320755 1.06631815433502 0.588691353797913
v 1.3069372177124 1.06999385356903 0.593169093132019
v 1.29475724697113 1.07354664802551 0.597678184509277
v 1.13929426670074 1.05160570144653 0.677972257137299
v 1.15658259391785 1.05480372905731 0.676579177379608
v 1.24824631214142 1.08147346973419 0.621740221977234
v 1.25754606723785 1.08192300796509 0.615577220916748
v 1.26858818531036 1.08113658428192 0.608701705932617
v 1.2821284532547 1.07855749130249 0.602748572826385
v 1.2603884935379 1.09330928325653 0.617383718490601
v 1.25009298324585 1.09331917762756 0.623687088489532
v 1.23958396911621 1.09251344203949 0.630164623260498
v 1.15641283988953 1.07260012626648 0.676414310932159
v 1.12237572669983 1.04877555370331 0.678971767425537
v 1.25298297405243 1.14955747127533 0.509011805057526
v 1.26058924198151 1.16855728626251 0.525035083293915
v 1.26794099807739 1.17787206172943 0.548579514026642
v 1.27012670040131 1.17593741416931 0.573622643947601
v 1.44696378707886 0.977835416793823 0.469512701034546
v 1.10049986839294 0.858378171920776 0.633137345314026
v 1.10004806518555 0.835840106010437 0.627837061882019
v 1.12035548686981 0.833659768104553 0.628116309642792
v 1.11581778526306 0.970990002155304 0.668124556541443
v 1.12308859825134 1.03233397006989 0.679388761520386
v 1.14576733112335 1.03718447685242 0.429703712463379
v 1.13310205936432 1.03877925872803 0.427916049957275
v 1.13644707202911 1.05282187461853 0.435908436775208
v 1.14968883991241 1.05127620697021 0.438008338212967
v 1.16747975349426 1.03328931331635 0.437615722417831
v 1.15741300582886 1.03544878959656 0.433135628700256
v 1.1615583896637 1.04925417900085 0.441439598798752
v 1.17203438282013 1.04676568508148 0.445472657680511
v 1.17652523517609 1.02996909618378 0.442719846963882
v 1.18118286132812 1.04341328144073 0.450499355792999
v 1.15428876876831 1.02057874202728 0.427142739295959
v 1.14301717281342 1.02226889133453 0.423452496528625
v 1.13078427314758 1.02395856380463 0.422030806541443
v 1.1726598739624 1.01677870750427 0.437195658683777
v 1.16443049907684 1.01904392242432 0.432040303945541
v 1.04985201358795 1.22741854190826 0.490333020687103
v 1.04535841941833 1.23033785820007 0.47554224729538
v 1.03547954559326 1.27006316184998 0.455653131008148
v 1.03580391407013 1.27472698688507 0.456597030162811
v 1.07142913341522 1.16916906833649 0.525302648544312
v 1.0704607963562 1.17826700210571 0.528340280056
v 1.05593752861023 1.04065227508545 0.450654000043869
v 1.05997359752655 1.0759425163269 0.46576726436615
v 1.06423199176788 1.08841490745544 0.474799871444702
v 1.06719350814819 1.10352206230164 0.483312845230103
v 1.07240879535675 1.16041076183319 0.51878809928894
v 1.05765235424042 1.05850052833557 0.4581059217453
v 1.2236739397049 0.583114624023438 0.602000713348389
v 1.20583426952362 0.567914485931396 0.623447716236115
v 1.21245610713959 0.595247149467468 0.618828535079956
v 1.19932556152344 0.583945512771606 0.633690595626831
v 1.22438287734985 0.662564218044281 0.5879065990448
v 1.22263598442078 0.636670589447021 0.596252024173737
v 1.22714114189148 0.69043231010437 0.583554565906525
v 1.18033027648926 0.577454507350922 0.648491203784943
v 1.15515780448914 0.575786590576172 0.658731579780579
v 1.15550148487091 0.597035646438599 0.664906919002533
v 1.21439898014069 0.690212965011597 0.609105348587036
v 1.21266007423401 0.66347873210907 0.613240122795105
v 1.20562982559204 0.603207945823669 0.628381431102753
v 1.21947038173676 0.613398313522339 0.606437563896179
v 1.20814502239227 0.617596745491028 0.624258041381836
v 1.17855954170227 0.596897721290588 0.653842270374298
v 1.1955589056015 0.5993412733078 0.640010476112366
v 1.1297367811203 0.750918388366699 0.642232954502106
v 1.1060779094696 0.733949542045593 0.655377626419067
v 1.13291537761688 0.732970893383026 0.650640726089478
v 1.20467913150787 0.756594181060791 0.59722363948822
v 1.1928938627243 0.736042380332947 0.620298385620117
v 1.19537615776062 0.617375254631042 0.640387892723083
v 1.17854702472687 0.618050038814545 0.656103074550629
v 1.15586793422699 0.619696378707886 0.669204890727997
v 1.15943992137909 0.691573977470398 0.65986031293869
v 1.15827679634094 0.669063925743103 0.666223227977753
v 1.17977321147919 0.666476964950562 0.652890563011169
v 1.18087649345398 0.690675020217896 0.646967649459839
v 1.19714736938477 0.714277863502502 0.62593686580658
v 1.19878780841827 0.690054714679718 0.630224943161011
v 1.15846967697144 0.713553786277771 0.652413249015808
v 1.17924773693085 0.71392548084259 0.641027092933655
v 1.17471122741699 0.734758853912354 0.634354650974274
v 1.19817328453064 0.664177894592285 0.634774267673492
v 1.12869048118591 0.647834718227386 0.678424596786499
v 1.15664291381836 0.644360721111298 0.67002010345459
v 1.09834218025208 0.650462567806244 0.680118322372437
v 1.15518510341644 0.733674883842468 0.643968164920807
v 1.15059161186218 0.752422630786896 0.635465264320374
v 1.14675986766815 0.770608901977539 0.629300355911255
v 1.14117884635925 0.831540763378143 0.623897552490234
v 1.18656730651855 0.352368652820587 0.479499757289886
v 1.0532922744751 0.530791401863098 0.520596325397491
v 1.05289649963379 0.535640358924866 0.544843137264252
v 1.22914791107178 0.611782073974609 0.483223974704742
v 1.24123287200928 0.598192572593689 0.556722521781921
v 1.23102462291718 0.606066405773163 0.584854304790497
v 1.07842206954956 0.533940076828003 0.458591938018799
v 1.06301307678223 0.528247356414795 0.479787081480026
v 1.21032154560089 0.60283750295639 0.459207564592361
v 1.15787875652313 0.564432561397552 0.434293955564499
v 1.05598938465118 0.527686297893524 0.500188231468201
v 1.21052241325378 0.638981699943542 0.618489563465118
v 1.19666516780853 0.639552056789398 0.638199627399445
v 1.17896294593811 0.64139723777771 0.655734002590179
v 1.12737429141998 0.623282909393311 0.677420079708099
v 1.09600305557251 0.627431929111481 0.678271651268005
v 1.0624178647995 0.583148598670959 0.433215081691742
v 1.05739307403564 0.593598544597626 0.427937000989914
v 1.04745757579803 0.592260360717773 0.428335100412369
v 1.04875373840332 0.577849686145782 0.436266481876373
v 1.14740884304047 0.711093068122864 0.429645955562592
v 1.12375628948212 0.705901384353638 0.419419378042221
v 1.07830321788788 0.701323568820953 0.406584829092026
v 1.05784928798676 0.701481938362122 0.404555827379227
v 1.20821464061737 0.735574781894684 0.475884735584259
v 1.10028970241547 0.702656626701355 0.411548495292664
v 1.19209241867065 0.72626143693924 0.457270234823227
v 1.1709942817688 0.717750430107117 0.442172229290009
v 1.18223309516907 -0.0872546434402466 0.61418229341507
v 1.18675756454468 -0.11480712890625 0.61087030172348
v 1.18493008613586 -0.113370299339294 0.626068830490112
v 1.17819786071777 -0.0855941772460938 0.628197312355042
v 1.19009470939636 -0.0796433687210083 0.657229244709015
v 1.18008434772491 -0.0827720165252686 0.64844822883606
v 1.20391464233398 -0.0779561400413513 0.660895168781281
v 1.20433914661407 -0.108901143074036 0.660947203636169
v 1.21674752235413 -0.108782410621643 0.655824542045593
v 1.21760058403015 -0.0780543684959412 0.65814745426178
v 1.22776973247528 -0.0780938267707825 0.649875998497009
v 1.23472809791565 -0.108571171760559 0.637876868247986
v 1.23968613147736 -0.108394026756287 0.620312929153442
v 1.24142897129059 -0.0798352956771851 0.62091338634491
v 1.23550736904144 -0.0784634947776794 0.638550460338593
v 1.24011778831482 -0.0849049091339111 0.60064172744751
v 1.23886382579803 -0.111675262451172 0.600599229335785
v 1.22695374488831 -0.0885995626449585 0.588638067245483
v 1.18993544578552 -0.0891438722610474 0.599462985992432
v 1.1931563615799 -0.115817308425903 0.594615995883942
v 1.19098341464996 -0.110057830810547 0.6575767993927
v 1.18347990512848 -0.112493872642517 0.646109282970428
v 1.1761702299118 -0.0849165916442871 0.637958645820618
v 1.18403840065002 -0.112817287445068 0.635902464389801
v 1.18679094314575 -0.141263484954834 0.62064254283905
v 1.18525505065918 -0.140749216079712 0.604571461677551
v 1.19113576412201 -0.139304637908936 0.657591104507446
v 1.18877840042114 -0.140302538871765 0.643509864807129
v 1.21546995639801 -0.137921571731567 0.653480350971222
v 1.20407915115356 -0.138050675392151 0.662272751331329
v 1.23748803138733 -0.137334942817688 0.638451933860779
v 1.2263388633728 -0.108687400817871 0.647964000701904
v 1.22710132598877 -0.137759327888489 0.646904230117798
v 1.2426038980484 -0.135446071624756 0.620728969573975
v 1.24159252643585 -0.13602876663208 0.59814727306366
v 1.19293963909149 -0.139705419540405 0.587096869945526
v 1.18854916095734 -0.140388488769531 0.632260739803314
v 1.29127717018127 -0.211498856544495 0.444141000509262
v 1.28479146957397 -0.212013602256775 0.440519034862518
v 1.28581845760345 -0.207002639770508 0.442803949117661
v 1.29004144668579 -0.207359075546265 0.444830000400543
v 1.25642871856689 -0.207986354827881 0.425343334674835
v 1.24453604221344 -0.211340188980103 0.4234679043293
v 1.24634695053101 -0.198951244354248 0.42330664396286
v 1.25494837760925 -0.197457909584045 0.424242734909058
v 1.27378106117249 -0.210609436035156 0.429769933223724
v 1.28132033348083 -0.211036920547485 0.432587742805481
v 1.27840840816498 -0.215092420578003 0.43436798453331
v 1.27368485927582 -0.214602589607239 0.432600647211075
v 1.30475997924805 -0.213678598403931 0.47789803147316
v 1.30953741073608 -0.215116500854492 0.481944441795349
v 1.30770897865295 -0.218426823616028 0.482379615306854
v 1.30428302288055 -0.218318581581116 0.48032283782959
v 1.29667270183563 -0.213943362236023 0.456993073225021
v 1.30161714553833 -0.215043425559998 0.460935026407242
v 1.29962468147278 -0.218597412109375 0.462023317813873
v 1.29641270637512 -0.218859314918518 0.459393948316574
v 1.25334191322327 -0.195559978485107 0.446659684181213
v 1.25599312782288 -0.195066332817078 0.433093070983887
v 1.24239778518677 -0.197039127349854 0.431662797927856
v 1.23810112476349 -0.193820357322693 0.444912374019623
v 1.23537695407867 -0.206887125968933 0.432473242282867
v 1.24246037006378 -0.213204145431519 0.436554312705994
v 1.23769855499268 -0.215155601501465 0.44935667514801
v 1.23076105117798 -0.206076383590698 0.446691811084747
v 1.2552661895752 -0.214059591293335 0.437859505414963
v 1.25189781188965 -0.215670824050903 0.450210630893707
v 1.26044058799744 -0.207470417022705 0.449675530195236
v 1.26496946811676 -0.205113410949707 0.435753047466278
v 1.27897226810455 -0.207919120788574 0.452427685260773
v 1.28428685665131 -0.209710597991943 0.441511005163193
v 1.27907621860504 -0.202863454818726 0.439555943012238
v 1.27415502071381 -0.199677109718323 0.451095640659332
v 1.27124607563019 -0.202515006065369 0.436089783906937
v 1.26353049278259 -0.199254870414734 0.446536958217621
v 1.25977742671967 -0.20980966091156 0.446437239646912
v 1.26520371437073 -0.209007740020752 0.433669149875641
v 1.26894950866699 -0.215112090110779 0.43807390332222
v 1.26359295845032 -0.215979695320129 0.450048208236694
v 1.27255630493164 -0.215989589691162 0.45257356762886
v 1.27783036231995 -0.21589720249176 0.441495925188065
v 1.28869640827179 -0.202432036399841 0.461849451065063
v 1.29008066654205 -0.20619010925293 0.450751066207886
v 1.28298199176788 -0.205850839614868 0.447917819023132
v 1.27902245521545 -0.202144384384155 0.457136869430542
v 1.27849805355072 -0.213238477706909 0.44556325674057
v 1.28318357467651 -0.217058777809143 0.448362171649933
v 1.27905094623566 -0.21692967414856 0.458113968372345
v 1.2750529050827 -0.212167501449585 0.454852163791656
v 1.28814613819122 -0.216676592826843 0.461673200130463
v 1.29018139839172 -0.217880487442017 0.451091408729553
v 1.29320406913757 -0.208791732788086 0.461874842643738
v 1.29460835456848 -0.211945772171021 0.4518021941185
v 1.30392217636108 -0.211700201034546 0.478533446788788
v 1.30400204658508 -0.215152382850647 0.468455731868744
v 1.30155634880066 -0.209284782409668 0.467119693756104
v 1.30112826824188 -0.204958200454712 0.477819979190826
v 1.29632437229156 -0.207885503768921 0.463957399129868
v 1.29435312747955 -0.204487919807434 0.471857219934464
v 1.29216384887695 -0.211986541748047 0.461737036705017
v 1.29362905025482 -0.219375967979431 0.463909536600113
v 1.29243445396423 -0.218564867973328 0.471964329481125
v 1.29156839847565 -0.210261106491089 0.468364834785461
v 1.29985725879669 -0.220155835151672 0.467434227466583
v 1.29939925670624 -0.219117522239685 0.477410644292831
v 1.30921411514282 -0.207716822624207 0.497489213943481
v 1.31004285812378 -0.214932918548584 0.499872833490372
v 1.31101250648499 -0.214607715606689 0.489552438259125
v 1.30951547622681 -0.208991050720215 0.488494694232941
v 1.30527746677399 -0.208198547363281 0.484618306159973
v 1.30456376075745 -0.205935597419739 0.490979254245758
v 1.30141317844391 -0.212343215942383 0.482689023017883
v 1.30148243904114 -0.219570994377136 0.484394967556
v 1.30091333389282 -0.219580173492432 0.490564525127411
v 1.30218398571014 -0.211327910423279 0.48802262544632
v 1.30737662315369 -0.219878554344177 0.487921565771103
v 1.30608177185059 -0.21971321105957 0.496545702219009
v 1.23452055454254 -0.19233775138855 0.458567947149277
v 1.25371944904327 -0.196962714195251 0.460428714752197
v 1.24650859832764 -0.21211564540863 0.428229629993439
v 1.2270781993866 -0.206807851791382 0.460571378469467
v 1.25348126888275 -0.212609648704529 0.42936235666275
v 1.25233113765717 -0.217223405838013 0.462353110313416
v 1.23486435413361 -0.216613054275513 0.463193625211716
v 1.25718283653259 -0.208568215370178 0.454911708831787
v 1.27979373931885 -0.205686926841736 0.433371961116791
v 1.27377343177795 -0.210302948951721 0.460393130779266
v 1.27095687389374 -0.218079924583435 0.468079209327698
v 1.27536225318909 -0.205411672592163 0.43140783905983
v 1.27128159999847 -0.19885265827179 0.466708779335022
v 1.28638577461243 -0.201519131660461 0.479186296463013
v 1.28594529628754 -0.216145992279053 0.443207293748856
v 1.28957962989807 -0.216505885124207 0.444815993309021
v 1.28718400001526 -0.219382882118225 0.478798091411591
v 1.29180598258972 -0.209350943565369 0.470644056797028
v 1.30118381977081 -0.211167454719543 0.461353003978729
v 1.30331087112427 -0.211260437965393 0.488107204437256
v 1.29842579364777 -0.2208571434021 0.493160724639893
v 1.2980352640152 -0.209941625595093 0.459710419178009
v 1.29938626289368 -0.202642917633057 0.494291126728058
v 1.30833649635315 -0.2116858959198 0.483130991458893
v 1.30804848670959 -0.214876055717468 0.512422442436218
v 1.30447864532471 -0.222038388252258 0.507227778434753
v 1.3061329126358 -0.210568070411682 0.480775833129883
v 1.30714476108551 -0.205730438232422 0.508373141288757
v 1.20025038719177 -0.0911469459533691 0.588377833366394
v 1.20361375808716 -0.115997433662415 0.584034383296967
v 1.21329438686371 -0.0914311408996582 0.585135698318481
v 1.22788023948669 -0.114488959312439 0.587741613388062
v 1.21638226509094 -0.116410255432129 0.582731544971466
v 1.20659565925598 -0.138242840766907 0.575268030166626
v 1.23140048980713 -0.138095617294312 0.583110749721527
v 1.22075271606445 -0.137951731681824 0.575739800930023
v 1.23943948745728 -0.158996820449829 0.642086088657379
v 1.24696433544159 -0.157257914543152 0.623780131340027
v 1.22646570205688 -0.159526705741882 0.648823618888855
v 1.20329689979553 -0.160571575164795 0.66549825668335
v 1.21549272537231 -0.159852504730225 0.657406687736511
v 1.21043384075165 -0.155964255332947 0.564781665802002
v 1.19650256633759 -0.159937024116516 0.58032613992691
v 1.22624778747559 -0.154315829277039 0.563355445861816
v 1.23947298526764 -0.15450394153595 0.573380947113037
v 1.22625625133514 -0.19024384021759 0.473730623722076
v 1.22056519985199 -0.192578911781311 0.494438529014587
v 1.23600792884827 -0.181875228881836 0.495961844921112
v 1.24516487121582 -0.18854808807373 0.47764128446579
v 1.2539529800415 -0.183735370635986 0.50495982170105
v 1.26228284835815 -0.192494750022888 0.485802084207535
v 1.26892518997192 -0.18810760974884 0.516641318798065
v 1.27766311168671 -0.195343017578125 0.497563123703003
v 1.28111052513123 -0.193550944328308 0.529263854026794
v 1.2907509803772 -0.199076771736145 0.511151492595673
v 1.29100382328033 -0.20184063911438 0.540990114212036
v 1.30099618434906 -0.203881978988647 0.52317351102829
v 1.29726481437683 -0.212777495384216 0.547282040119171
v 1.30562090873718 -0.214321851730347 0.528529644012451
v 1.21962285041809 -0.208079218864441 0.475978314876556
v 1.21552062034607 -0.208881497383118 0.496458053588867
v 1.22898650169373 -0.220114350318909 0.480182230472565
v 1.22451293468475 -0.223098993301392 0.500486254692078
v 1.24548435211182 -0.220996975898743 0.485355138778687
v 1.23992168903351 -0.223898530006409 0.506424427032471
v 1.2934238910675 -0.225632786750793 0.543028593063354
v 1.30055665969849 -0.225435376167297 0.523204743862152
v 1.26268196105957 -0.222328305244446 0.493896424770355
v 1.25636959075928 -0.224023103713989 0.515254020690918
v 1.27800059318542 -0.224851369857788 0.503902971744537
v 1.27114379405975 -0.22614049911499 0.525314271450043
v 1.29049563407898 -0.226570963859558 0.514100253582001
v 1.28341102600098 -0.227817296981812 0.534963965415955
v 1.22512578964233 -0.177947402000427 0.518439888954163
v 1.24423491954803 -0.173307538032532 0.525115609169006
v 1.25833332538605 -0.178389668464661 0.537671446800232
v 1.2693954706192 -0.18647575378418 0.550747513771057
v 1.27847945690155 -0.198560476303101 0.562229096889496
v 1.28631019592285 -0.209958434104919 0.568429827690125
v 1.26000511646271 -0.176250815391541 0.577881872653961
v 1.26623952388763 -0.197328686714172 0.586051821708679
v 1.27261924743652 -0.210378289222717 0.589535355567932
v 1.25581216812134 -0.197080850601196 0.610582053661346
v 1.26050615310669 -0.211008548736572 0.611199915409088
v 1.2374165058136 -0.199842810630798 0.649680316448212
v 1.24209606647491 -0.215626835823059 0.651537835597992
v 1.25060176849365 -0.211982250213623 0.633389711380005
v 1.24564564228058 -0.197698831558228 0.63277268409729
v 1.25193512439728 -0.177600383758545 0.605624198913574
v 1.24390923976898 -0.177645087242126 0.628915786743164
v 1.23497450351715 -0.17881441116333 0.644911825656891
v 1.22079563140869 -0.21848738193512 0.669964253902435
v 1.23295521736145 -0.217829346656799 0.662933826446533
v 1.22971773147583 -0.201153516769409 0.661234259605408
v 1.21926283836365 -0.201473355293274 0.670436680316925
v 1.20168077945709 -0.203080058097839 0.673992395401001
v 1.20352947711945 -0.220365047454834 0.669839024543762
v 1.18845236301422 -0.20471715927124 0.659670829772949
v 1.1893390417099 -0.22169303894043 0.657392740249634
v 1.21710503101349 -0.179938316345215 0.663922011852264
v 1.22593605518341 -0.179887056350708 0.654783487319946
v 1.20293414592743 -0.180938839912415 0.669544458389282
v 1.19088745117188 -0.18230140209198 0.658003807067871
v 1.19211792945862 -0.182511448860168 0.640825152397156
v 1.18939208984375 -0.20460033416748 0.640337526798248
v 1.18658673763275 -0.220992565155029 0.638532936573029
v 1.21473014354706 -0.194444060325623 0.519176006317139
v 1.2138352394104 -0.208104372024536 0.521801114082336
v 1.24938070774078 -0.166240215301514 0.557392477989197
v 1.23389673233032 -0.163711667060852 0.545369267463684
v 1.21350920200348 -0.172050476074219 0.547065734863281
v 1.2062121629715 -0.194491147994995 0.545811414718628
v 1.21012556552887 -0.209243059158325 0.549192130565643
v 1.20530009269714 -0.211129069328308 0.573338091373444
v 1.19901502132416 -0.198092103004456 0.570962309837341
v 1.22115230560303 -0.21946108341217 0.526006817817688
v 1.2180300951004 -0.216776967048645 0.553147792816162
v 1.2121901512146 -0.218066096305847 0.576529383659363
v 1.19838547706604 -0.213979244232178 0.593552649021149
v 1.19397735595703 -0.200852990150452 0.592609763145447
v 1.19396984577179 -0.216012358665466 0.610173463821411
v 1.19249069690704 -0.201413869857788 0.610598146915436
v 1.19144189357758 -0.202415823936462 0.624913215637207
v 1.1899231672287 -0.218355655670166 0.623615562915802
v 1.19165694713593 -0.181332945823669 0.613119423389435
v 1.19182741641998 -0.181367516517639 0.626437962055206
v 1.19290268421173 -0.181520819664001 0.594698667526245
v 1.19836032390594 -0.178490996360779 0.572571456432343
v 1.28351485729218 -0.223502516746521 0.565301656723022
v 1.27167534828186 -0.222027778625488 0.587246596813202
v 1.25937867164612 -0.221325159072876 0.608829081058502
v 1.24883937835693 -0.223896741867065 0.630273342132568
v 1.23816323280334 -0.227246403694153 0.646206080913544
v 1.22937941551208 -0.228951334953308 0.655656516551971
v 1.20505452156067 -0.229446649551392 0.660993695259094
v 1.21884536743164 -0.229233026504517 0.661829710006714
v 1.19482660293579 -0.230291485786438 0.652457356452942
v 1.19310832023621 -0.23066258430481 0.637092351913452
v 1.19559955596924 -0.229790925979614 0.624170422554016
v 1.20486283302307 -0.222639679908752 0.596152067184448
v 1.19933211803436 -0.227067589759827 0.611345171928406
v 1.18707704544067 -0.162480473518372 0.599255681037903
v 1.18684840202332 -0.162768602371216 0.617271244525909
v 1.18904399871826 -0.161975145339966 0.629594504833221
v 1.19156360626221 -0.161041855812073 0.656906425952911
v 1.1907958984375 -0.161632537841797 0.641538083553314
v 1.23417627811432 -0.223768472671509 0.531881332397461
v 1.24949097633362 -0.223975300788879 0.5404452085495
v 1.2632474899292 -0.225673794746399 0.550016283988953
v 1.27451026439667 -0.2267005443573 0.558493733406067
v 1.26435375213623 -0.22610068321228 0.581771016120911
v 1.25392484664917 -0.225664973258972 0.574922919273376
v 1.24087572097778 -0.224776864051819 0.566542565822601
v 1.2279794216156 -0.221524238586426 0.558453857898712
v 1.25245308876038 -0.226522922515869 0.603185296058655
v 1.24328768253326 -0.227219462394714 0.596679627895355
v 1.23139142990112 -0.22675895690918 0.58957850933075
v 1.22075808048248 -0.223809123039246 0.581637322902679
v 1.21248888969421 -0.228537797927856 0.601182758808136
v 1.22142994403839 -0.230063438415527 0.609274387359619
v 1.23189759254456 -0.229899287223816 0.615875422954559
v 1.24057519435883 -0.228652477264404 0.623098969459534
v 1.23097324371338 -0.23058021068573 0.638040721416473
v 1.22303438186646 -0.231252670288086 0.630414366722107
v 1.21385443210602 -0.231740474700928 0.623598396778107
v 1.20665037631989 -0.231070756912231 0.61677348613739
v 1.22379517555237 -0.231403946876526 0.646475195884705
v 1.20776295661926 -0.232309103012085 0.653027772903442
v 1.21628737449646 -0.231686472892761 0.651849865913391
v 1.20074486732483 -0.233104586601257 0.64810174703598
v 1.20053553581238 -0.232994198799133 0.637612462043762
v 1.202965259552 -0.23240864276886 0.627440929412842
v 1.20984482765198 -0.23229968547821 0.632511734962463
v 1.2070643901825 -0.232587695121765 0.639648735523224
v 1.217897772789 -0.231733083724976 0.638659775257111
v 1.21323907375336 -0.231933116912842 0.644489169120789
v 1.20563888549805 -0.232581734657288 0.645403385162354
v 1.20881509780884 -0.232252359390259 0.647703945636749
v 1.24622130393982 -0.158352255821228 0.594617426395416
v 1.18245995044708 0.185854554176331 0.535769164562225
v 1.16660571098328 0.187613070011139 0.539505958557129
v 1.19885110855103 0.189354121685028 0.536695778369904
v 1.1841596364975 0.595378875732422 0.441072940826416
v 1.12226235866547 0.846211671829224 0.42245888710022
v 1.12380993366241 0.886856138706207 0.429374843835831
v 1.12210738658905 0.866401374340057 0.426023989915848
v 1.18859457969666 0.56929075717926 0.441891700029373
v 1.17940974235535 0.907461881637573 0.472503274679184
v 1.15480303764343 1.06542730331421 0.448231905698776
v 1.1439414024353 1.34067368507385 0.522720992565155
v 1.14255738258362 1.33752858638763 0.524997413158417
v 1.14231204986572 1.33507406711578 0.527975499629974
v 1.14284253120422 1.33297276496887 0.53102308511734
v 1.14309918880463 1.33170545101166 0.534447491168976
v 1.14229500293732 1.33237957954407 0.538204550743103
v 1.1449955701828 1.33663272857666 0.529646337032318
v 1.14308965206146 1.33987426757812 0.532719492912292
v 1.14296591281891 1.34133684635162 0.530836582183838
v 1.14464843273163 1.33858823776245 0.527493059635162
f 2 3 1
f 1 3 4
f 3 2 5
f 5 2 6
f 3 7 4
f 4 7 8
f 10 11 9
f 9 11 12
f 14 15 13
f 13 15 16
f 18 19 17
f 17 19 20
f 22 23 21
f 21 23 24
f 26 18 25
f 25 18 17
f 27 28 17
f 17 28 25
f 30 31 29
f 29 31 32
f 34 35 33
f 33 35 36
f 21 24 37
f 37 24 38
f 40 31 39
f 39 31 38
f 34 33 28
f 28 33 25
f 41 42 44
f 44 42 43
f 36 45 33
f 33 45 25
f 46 47 49
f 49 47 48
f 51 52 50
f 50 52 53
f 55 53 54
f 54 53 52
f 57 58 56
f 56 58 59
f 61 62 60
f 60 62 63
f 65 66 64
f 64 66 67
f 69 70 68
f 68 70 71
f 65 73 72
f 72 73 74
f 64 75 65
f 65 75 73
f 77 78 76
f 76 78 79
f 80 81 83
f 83 81 82
f 81 85 84
f 84 85 86
f 88 89 87
f 87 89 69
f 88 87 90
f 90 87 91
f 93 94 92
f 92 94 95
f 96 84 43
f 43 84 44
f 51 98 97
f 97 98 86
f 97 99 51
f 51 99 52
f 54 52 100
f 100 52 99
f 58 101 59
f 59 101 102
f 62 103 63
f 63 103 104
f 105 106 6
f 6 106 5
f 108 109 107
f 107 109 110
f 112 113 111
f 111 113 114
f 116 117 115
f 115 117 118
f 120 121 119
f 119 121 122
f 124 125 123
f 123 125 126
f 128 129 127
f 127 129 130
f 130 131 127
f 127 131 132
f 134 1 133
f 133 1 135
f 1 4 135
f 135 4 136
f 4 8 136
f 136 8 137
f 138 139 15
f 15 139 140
f 140 139 141
f 141 139 142
f 144 57 143
f 143 57 56
f 145 146 141
f 141 146 147
f 146 149 148
f 148 149 150
f 152 153 151
f 151 153 154
f 141 147 140
f 140 147 155
f 157 11 156
f 156 11 158
f 160 161 159
f 159 161 162
f 164 165 163
f 163 165 166
f 165 160 166
f 166 160 159
f 168 169 167
f 167 169 170
f 169 171 170
f 170 171 172
f 149 173 150
f 150 173 174
f 175 176 149
f 149 176 173
f 178 172 177
f 177 172 171
f 180 181 179
f 179 181 182
f 184 180 183
f 183 180 179
f 186 187 185
f 185 187 188
f 190 191 189
f 189 191 192
f 7 193 8
f 8 193 194
f 196 162 195
f 195 162 161
f 197 168 198
f 198 168 167
f 181 199 182
f 182 199 200
f 202 203 201
f 201 203 204
f 187 186 205
f 205 186 206
f 208 209 207
f 207 209 210
f 212 213 211
f 211 213 214
f 215 216 218
f 218 216 217
f 220 209 219
f 219 209 208
f 204 186 221
f 221 186 185
f 201 204 222
f 222 204 221
f 223 211 220
f 220 211 209
f 224 225 214
f 214 225 210
f 203 206 204
f 204 206 186
f 227 187 226
f 226 187 205
f 27 228 21
f 21 228 22
f 230 231 229
f 229 231 232
f 234 235 233
f 233 235 236
f 238 239 237
f 237 239 240
f 119 122 118
f 118 122 115
f 112 242 241
f 241 242 243
f 98 51 244
f 244 51 50
f 245 138 14
f 14 138 15
f 11 10 158
f 158 10 246
f 89 85 69
f 69 85 70
f 11 157 12
f 12 157 247
f 249 164 248
f 248 164 163
f 177 250 178
f 178 250 251
f 253 254 252
f 252 254 255
f 187 227 188
f 188 227 256
f 212 257 213
f 213 257 258
f 260 134 259
f 259 134 133
f 165 164 135
f 135 164 133
f 160 165 136
f 136 165 135
f 136 137 160
f 160 137 161
f 137 261 161
f 161 261 195
f 263 264 262
f 262 264 265
f 13 16 266
f 266 16 267
f 268 267 155
f 155 267 16
f 147 269 155
f 155 269 268
f 162 196 167
f 167 196 198
f 167 170 162
f 162 170 159
f 170 172 159
f 159 172 166
f 172 178 166
f 166 178 163
f 178 251 163
f 163 251 248
f 168 270 169
f 169 270 271
f 272 273 171
f 171 273 177
f 271 272 169
f 169 272 171
f 168 197 270
f 270 197 274
f 250 177 275
f 275 177 273
f 277 45 276
f 276 45 278
f 280 281 279
f 279 281 282
f 284 104 283
f 283 104 103
f 285 215 286
f 286 215 218
f 288 289 287
f 287 289 290
f 291 80 66
f 66 80 83
f 293 294 292
f 292 294 295
f 73 91 74
f 74 91 87
f 91 73 92
f 92 73 75
f 279 77 280
f 280 77 76
f 80 291 70
f 70 291 71
f 277 47 96
f 96 47 82
f 297 175 296
f 296 175 149
f 299 154 298
f 298 154 153
f 225 300 210
f 210 300 207
f 224 301 206
f 206 301 205
f 210 209 214
f 214 209 211
f 226 205 302
f 302 205 301
f 304 305 303
f 303 305 306
f 308 309 307
f 307 309 310
f 72 291 65
f 65 291 66
f 66 83 67
f 67 83 46
f 312 313 311
f 311 313 314
f 316 317 315
f 315 317 36
f 29 318 35
f 35 318 319
f 321 32 320
f 320 32 322
f 311 314 323
f 323 314 324
f 315 325 316
f 316 325 326
f 318 287 319
f 319 287 290
f 328 321 327
f 327 321 320
f 329 330 39
f 39 330 331
f 332 333 40
f 40 333 322
f 309 334 285
f 285 334 335
f 236 2 134
f 134 2 1
f 260 336 233
f 233 336 337
f 237 14 265
f 265 14 13
f 84 86 44
f 44 86 98
f 189 192 7
f 7 192 193
f 44 98 41
f 41 98 244
f 237 240 14
f 14 240 245
f 7 3 189
f 189 3 5
f 338 71 72
f 72 71 291
f 262 265 266
f 266 265 13
f 124 123 339
f 339 123 105
f 123 109 105
f 105 109 106
f 189 5 190
f 190 5 106
f 111 114 12
f 12 114 9
f 264 340 265
f 265 340 237
f 342 343 341
f 341 343 344
f 6 235 105
f 105 235 339
f 234 346 345
f 345 346 347
f 349 350 348
f 348 350 351
f 107 352 108
f 108 352 353
f 355 356 354
f 354 356 357
f 237 340 238
f 238 340 358
f 12 247 111
f 111 247 359
f 264 263 116
f 116 263 360
f 361 362 222
f 222 362 201
f 364 365 363
f 363 365 366
f 368 369 367
f 367 369 370
f 372 373 371
f 371 373 374
f 375 376 372
f 372 376 377
f 378 379 381
f 381 379 380
f 382 383 269
f 269 383 268
f 150 174 365
f 365 174 384
f 380 377 381
f 381 377 376
f 271 270 180
f 180 270 181
f 273 272 252
f 252 272 184
f 272 271 184
f 184 271 180
f 181 270 274
f 252 255 273
f 273 255 275
f 254 385 255
f 255 385 386
f 387 388 179
f 179 388 183
f 389 387 182
f 182 387 179
f 182 200 389
f 389 200 390
f 388 391 183
f 183 391 253
f 391 392 253
f 253 392 254
f 394 379 393
f 393 379 378
f 185 188 395
f 395 188 396
f 221 185 397
f 397 185 395
f 222 221 398
f 398 221 397
f 188 256 396
f 396 256 399
f 400 401 256
f 256 401 399
f 402 403 405
f 405 403 404
f 148 150 364
f 364 150 365
f 393 406 394
f 394 406 407
f 158 246 393
f 393 246 406
f 342 19 238
f 238 19 239
f 23 22 350
f 350 22 354
f 244 50 245
f 245 50 138
f 55 142 53
f 53 142 139
f 145 144 296
f 296 144 143
f 355 228 341
f 341 228 20
f 41 240 42
f 42 240 239
f 283 308 284
f 284 308 307
f 349 409 408
f 408 409 410
f 244 245 41
f 41 245 240
f 268 383 406
f 406 383 407
f 346 411 349
f 349 411 409
f 251 412 248
f 248 412 413
f 275 414 250
f 250 414 415
f 25 45 26
f 26 45 277
f 43 26 96
f 96 26 277
f 416 417 61
f 61 417 62
f 329 24 408
f 408 24 23
f 31 40 32
f 32 40 322
f 39 38 329
f 329 38 24
f 37 38 30
f 30 38 31
f 418 419 421
f 421 419 420
f 78 295 79
f 79 295 294
f 124 339 422
f 422 339 345
f 232 131 357
f 357 131 351
f 2 236 6
f 6 236 235
f 252 184 253
f 253 184 183
f 227 423 256
f 256 423 400
f 423 227 305
f 305 227 226
f 424 258 425
f 425 258 257
f 426 427 212
f 212 427 257
f 259 133 249
f 249 133 164
f 419 418 428
f 428 418 429
f 327 430 328
f 328 430 288
f 49 431 46
f 46 431 67
f 306 302 424
f 424 302 258
f 313 432 314
f 314 432 433
f 32 321 29
f 29 321 318
f 324 314 433
f 287 318 328
f 328 318 321
f 134 260 236
f 236 260 233
f 345 339 234
f 234 339 235
f 357 351 354
f 354 351 350
f 408 23 349
f 349 23 350
f 317 278 36
f 36 278 45
f 432 313 429
f 429 313 428
f 435 428 434
f 434 428 313
f 42 239 18
f 18 239 19
f 43 42 26
f 26 42 18
f 121 120 436
f 436 120 437
f 302 301 258
f 258 301 213
f 110 109 126
f 126 109 123
f 238 358 342
f 342 358 343
f 341 20 342
f 342 20 19
f 322 438 320
f 320 438 439
f 320 439 327
f 327 439 430
f 333 440 322
f 322 440 438
f 289 288 323
f 323 288 430
f 115 340 116
f 116 340 264
f 146 145 149
f 149 145 296
f 15 140 16
f 16 140 155
f 441 442 152
f 152 442 153
f 225 224 203
f 203 224 206
f 175 297 154
f 154 297 151
f 293 443 294
f 294 443 444
f 248 413 249
f 249 413 445
f 446 447 400
f 400 447 401
f 388 387 396
f 396 387 395
f 387 389 395
f 395 389 397
f 391 388 399
f 399 388 396
f 401 392 399
f 399 392 391
f 255 386 275
f 275 386 414
f 449 450 448
f 448 450 451
f 335 452 285
f 285 452 215
f 453 298 442
f 442 298 153
f 211 223 212
f 212 223 426
f 425 257 454
f 454 257 427
f 266 10 262
f 262 10 9
f 360 113 456
f 456 113 455
f 8 194 137
f 137 194 261
f 10 266 246
f 246 266 267
f 203 202 225
f 225 202 300
f 262 9 263
f 263 9 114
f 108 353 190
f 190 353 191
f 389 390 397
f 397 390 398
f 457 422 128
f 128 422 129
f 156 158 378
f 378 158 393
f 347 346 348
f 348 346 349
f 447 458 401
f 401 458 392
f 364 382 148
f 148 382 269
f 55 54 57
f 57 54 58
f 75 64 459
f 459 64 460
f 100 90 101
f 101 90 95
f 101 58 100
f 100 58 54
f 142 55 144
f 144 55 57
f 147 146 269
f 269 146 148
f 459 93 75
f 75 93 92
f 144 145 142
f 142 145 141
f 228 27 20
f 20 27 17
f 154 299 175
f 175 299 176
f 214 213 224
f 224 213 301
f 424 461 306
f 306 461 303
f 285 286 309
f 309 286 310
f 462 334 308
f 308 334 309
f 302 306 226
f 226 306 305
f 37 28 21
f 21 28 27
f 29 35 30
f 30 35 34
f 30 34 37
f 37 34 28
f 344 436 356
f 356 436 229
f 325 290 326
f 326 290 289
f 311 439 312
f 312 439 438
f 35 319 36
f 36 319 315
f 439 311 430
f 430 311 323
f 315 319 325
f 325 319 290
f 440 463 438
f 438 463 312
f 341 344 355
f 355 344 356
f 360 456 116
f 116 456 117
f 354 22 355
f 355 22 228
f 326 289 324
f 324 289 323
f 74 87 68
f 68 87 69
f 50 53 138
f 138 53 139
f 268 406 267
f 267 406 246
f 190 106 108
f 108 106 109
f 241 455 112
f 112 455 113
f 358 122 343
f 343 122 121
f 129 347 130
f 130 347 348
f 348 351 130
f 130 351 131
f 229 232 356
f 356 232 357
f 340 115 358
f 358 115 122
f 111 359 112
f 112 359 242
f 125 124 457
f 457 124 422
f 231 132 232
f 232 132 131
f 343 121 344
f 344 121 436
f 263 114 360
f 360 114 113
f 347 129 345
f 345 129 422
f 230 229 437
f 437 229 436
f 464 446 423
f 423 446 400
f 465 466 468
f 468 466 467
f 470 471 469
f 469 471 472
f 469 472 373
f 373 472 374
f 474 469 473
f 473 469 373
f 471 475 472
f 472 475 476
f 472 477 374
f 374 477 478
f 477 472 476
f 479 480 476
f 476 480 477
f 473 373 377
f 377 373 372
f 481 482 479
f 479 482 480
f 483 484 481
f 481 484 482
f 403 402 485
f 485 402 486
f 487 488 483
f 483 488 484
f 487 489 488
f 488 489 490
f 489 491 490
f 490 491 492
f 491 493 492
f 492 493 494
f 493 495 494
f 494 495 496
f 497 498 481
f 481 498 483
f 484 499 482
f 482 499 367
f 370 480 367
f 367 480 482
f 480 370 477
f 477 370 478
f 500 497 479
f 479 497 481
f 451 473 380
f 380 473 377
f 448 451 379
f 379 451 380
f 501 502 504
f 504 502 503
f 449 505 507
f 507 505 506
f 486 508 505
f 505 508 506
f 508 509 506
f 506 509 510
f 511 507 510
f 510 507 506
f 509 508 512
f 512 508 513
f 515 509 514
f 514 509 512
f 509 515 510
f 510 515 516
f 510 516 511
f 511 516 517
f 486 505 485
f 485 505 518
f 505 449 518
f 518 449 448
f 383 382 403
f 403 382 404
f 363 404 364
f 364 404 382
f 403 485 383
f 383 485 407
f 519 520 361
f 361 520 362
f 522 496 521
f 521 496 495
f 450 474 451
f 451 474 473
f 363 366 523
f 523 366 524
f 525 499 488
f 488 499 484
f 488 490 525
f 525 490 526
f 496 522 520
f 520 522 527
f 494 496 519
f 519 496 520
f 492 494 528
f 528 494 519
f 529 530 495
f 495 530 521
f 490 492 526
f 526 492 528
f 529 495 531
f 531 495 493
f 533 534 532
f 532 534 535
f 523 524 533
f 533 524 534
f 486 402 532
f 532 402 533
f 529 536 530
f 530 536 537
f 536 538 537
f 537 538 539
f 540 541 539
f 539 541 537
f 530 537 535
f 535 537 541
f 542 539 543
f 543 539 538
f 539 542 540
f 540 542 544
f 541 540 513
f 513 540 512
f 540 544 512
f 512 544 514
f 546 547 545
f 545 547 548
f 549 550 531
f 531 550 551
f 550 549 552
f 552 549 553
f 546 550 554
f 554 550 552
f 547 546 555
f 555 546 554
f 498 556 558
f 558 556 557
f 559 557 560
f 560 557 556
f 561 562 560
f 560 562 559
f 557 559 552
f 552 559 554
f 559 562 554
f 554 562 555
f 558 557 553
f 553 557 552
f 475 471 563
f 563 471 564
f 565 563 567
f 567 563 566
f 471 470 564
f 564 470 466
f 564 466 568
f 568 466 465
f 568 465 569
f 569 465 570
f 572 573 571
f 571 573 574
f 569 575 567
f 567 575 576
f 577 565 576
f 576 565 567
f 578 579 581
f 581 579 580
f 575 561 576
f 576 561 560
f 556 577 560
f 560 577 576
f 577 556 497
f 497 556 498
f 565 577 500
f 500 577 497
f 563 565 475
f 475 565 500
f 553 489 558
f 558 489 487
f 531 493 549
f 549 493 491
f 489 553 491
f 491 553 549
f 394 407 518
f 518 407 485
f 518 448 394
f 394 448 379
f 545 548 538
f 538 548 543
f 551 545 536
f 536 545 538
f 536 529 551
f 551 529 531
f 507 582 449
f 449 582 450
f 511 583 507
f 507 583 582
f 511 517 583
f 583 517 584
f 585 586 588
f 588 586 587
f 590 591 589
f 589 591 592
f 591 590 593
f 593 590 594
f 596 597 595
f 595 597 598
f 599 600 602
f 602 600 601
f 604 605 603
f 603 605 606
f 608 609 607
f 607 609 610
f 612 613 611
f 611 613 614
f 615 616 618
f 618 616 617
f 620 621 619
f 619 621 622
f 624 625 623
f 623 625 626
f 628 629 627
f 627 629 630
f 632 633 631
f 631 633 634
f 635 636 638
f 638 636 637
f 639 640 642
f 642 640 641
f 644 645 643
f 643 645 646
f 619 622 647
f 647 622 648
f 650 651 649
f 649 651 652
f 601 653 602
f 602 653 654
f 656 657 655
f 655 657 658
f 660 661 659
f 659 661 662
f 664 665 663
f 663 665 666
f 593 594 667
f 667 594 668
f 669 670 672
f 672 670 671
f 673 674 676
f 676 674 675
f 633 632 677
f 677 632 678
f 663 666 679
f 679 666 680
f 681 682 684
f 684 682 683
f 686 687 685
f 685 687 688
f 690 661 689
f 689 661 691
f 693 686 692
f 692 686 685
f 695 597 694
f 694 597 668
f 594 696 668
f 668 696 694
f 697 698 696
f 696 698 699
f 700 701 697
f 697 701 698
f 702 585 703
f 703 585 588
f 671 690 672
f 672 690 689
f 640 639 704
f 704 639 705
f 679 706 663
f 663 706 658
f 708 709 707
f 707 709 710
f 711 712 610
f 610 712 607
f 713 714 716
f 716 714 715
f 717 718 720
f 720 718 719
f 722 634 721
f 721 634 633
f 724 725 723
f 723 725 726
f 728 729 727
f 727 729 730
f 732 733 731
f 731 733 734
f 707 710 735
f 735 710 736
f 643 737 644
f 644 737 738
f 740 741 739
f 739 741 742
f 608 744 743
f 743 744 745
f 747 748 746
f 746 748 749
f 751 752 750
f 750 752 753
f 754 755 757
f 757 755 756
f 758 759 761
f 761 759 760
f 763 764 762
f 762 764 765
f 767 768 766
f 766 768 769
f 771 772 770
f 770 772 773
f 775 776 774
f 774 776 777
f 779 780 778
f 778 780 781
f 783 712 782
f 782 712 784
f 785 786 788
f 788 786 787
f 790 628 789
f 789 628 627
f 792 793 791
f 791 793 794
f 795 796 726
f 726 796 723
f 798 799 797
f 797 799 800
f 721 633 801
f 801 633 677
f 797 800 802
f 802 800 803
f 805 806 804
f 804 806 807
f 809 810 808
f 808 810 811
f 813 814 812
f 812 814 815
f 809 808 817
f 817 808 816
f 818 819 804
f 804 819 805
f 820 821 818
f 818 821 819
f 821 820 587
f 587 820 822
f 809 823 810
f 810 823 824
f 814 807 815
f 815 807 806
f 826 426 825
f 825 426 223
f 426 826 427
f 427 826 827
f 828 829 454
f 454 829 830
f 831 832 677
f 677 832 801
f 834 835 833
f 833 835 836
f 838 839 837
f 837 839 840
f 841 842 844
f 844 842 843
f 845 846 803
f 803 846 802
f 847 831 678
f 678 831 677
f 848 849 851
f 851 849 850
f 853 854 852
f 852 854 855
f 857 858 856
f 856 858 680
f 860 861 859
f 859 861 862
f 864 865 863
f 863 865 866
f 868 869 867
f 867 869 870
f 839 871 840
f 840 871 872
f 849 848 874
f 874 848 873
f 876 877 875
f 875 877 878
f 880 881 879
f 879 881 882
f 883 884 886
f 886 884 885
f 846 887 802
f 802 887 888
f 890 891 889
f 889 891 888
f 893 894 892
f 892 894 895
f 896 897 728
f 728 897 729
f 899 900 898
f 898 900 901
f 902 852 904
f 904 852 903
f 849 905 850
f 850 905 906
f 875 878 907
f 907 878 908
f 910 911 909
f 909 911 912
f 914 915 913
f 913 915 916
f 917 918 862
f 862 918 859
f 919 920 856
f 856 920 921
f 923 924 922
f 922 924 925
f 926 927 925
f 925 927 922
f 929 930 928
f 928 930 693
f 932 695 931
f 931 695 694
f 823 867 824
f 824 867 933
f 935 936 934
f 934 936 937
f 938 868 823
f 823 868 867
f 940 847 939
f 939 847 678
f 632 655 678
f 678 655 939
f 941 942 619
f 619 942 620
f 687 943 688
f 688 943 944
f 851 850 945
f 945 850 903
f 850 906 903
f 903 906 904
f 946 947 949
f 949 947 948
f 951 952 950
f 950 952 953
f 955 956 954
f 954 956 957
f 907 958 875
f 875 958 874
f 960 961 959
f 959 961 962
f 963 853 902
f 902 853 852
f 909 964 910
f 910 964 965
f 967 968 966
f 966 968 969
f 971 972 970
f 970 972 973
f 974 960 975
f 975 960 959
f 977 978 976
f 976 978 979
f 981 977 980
f 980 977 976
f 980 982 981
f 981 982 983
f 985 983 984
f 984 983 982
f 984 986 985
f 985 986 987
f 989 990 988
f 988 990 991
f 993 994 992
f 992 994 995
f 997 998 996
f 996 998 999
f 1001 1002 1000
f 1000 1002 1003
f 1005 1006 1004
f 1004 1006 1007
f 1004 1008 1005
f 1005 1008 1009
f 1008 1010 1009
f 1009 1010 1011
f 1013 1011 1012
f 1012 1011 1010
f 1014 1015 1017
f 1017 1015 1016
f 1019 1020 1018
f 1018 1020 1021
f 1022 1023 976
f 976 1023 980
f 1024 1025 982
f 982 1025 984
f 992 995 1026
f 1026 995 1027
f 956 955 1028
f 1028 955 1029
f 1030 1031 1033
f 1033 1031 1032
f 1010 1008 1034
f 1034 1008 1035
f 1008 1004 1035
f 1035 1004 1036
f 1037 1038 1002
f 1002 1038 1007
f 1002 1001 1037
f 1037 1001 1039
f 1040 1041 997
f 997 1041 998
f 1015 1014 1043
f 1043 1014 1042
f 1044 1045 1047
f 1047 1045 1046
f 1044 1020 1048
f 1048 1020 1049
f 1050 1051 1003
f 1003 1051 1000
f 1052 1050 1006
f 1006 1050 1003
f 1053 1054 1011
f 1011 1054 1009
f 1013 1045 1055
f 1055 1045 1056
f 1058 1059 1057
f 1057 1059 1060
f 1062 1063 1061
f 1061 1063 1064
f 1065 1066 1050
f 1050 1066 1051
f 1067 1065 1052
f 1052 1065 1050
f 1068 1069 1054
f 1054 1069 1070
f 1071 1068 1053
f 1053 1068 1054
f 1073 1071 1072
f 1072 1071 1074
f 1074 1071 1055
f 1055 1071 1053
f 1076 1077 1075
f 1075 1077 1078
f 1079 1080 1057
f 1057 1080 1058
f 1081 1082 1064
f 1064 1082 1061
f 1084 1085 1083
f 1083 1085 1086
f 1088 1089 1087
f 1087 1089 1090
f 1092 1093 1091
f 1091 1093 1094
f 1096 1097 1095
f 1095 1097 1098
f 1099 1100 1102
f 1102 1100 1101
f 1103 1104 1099
f 1099 1104 1100
f 1106 1107 1105
f 1105 1107 1108
f 1110 1111 1109
f 1109 1111 1112
f 1114 1115 1113
f 1113 1115 1116
f 1118 1119 1117
f 1117 1119 1077
f 1117 1120 1122
f 1122 1120 1121
f 1105 1123 1106
f 1106 1123 1124
f 1125 1126 1128
f 1128 1126 1127
f 1130 1131 1129
f 1129 1131 1132
f 1134 1135 1133
f 1133 1135 1114
f 1113 1136 1114
f 1114 1136 1133
f 1118 1137 1113
f 1113 1137 1136
f 1118 1117 1137
f 1137 1117 1122
f 1139 1140 1138
f 1138 1140 1141
f 1143 953 1142
f 1142 953 952
f 1145 957 1144
f 1144 957 956
f 1028 1146 956
f 956 1146 1144
f 1014 1147 1042
f 1042 1147 1148
f 1014 1017 1147
f 1147 1017 1149
f 1059 1058 1150
f 1150 1058 1151
f 1153 1080 1152
f 1152 1080 1154
f 1156 1088 1155
f 1155 1088 1087
f 1157 1158 1106
f 1106 1158 1107
f 1106 1124 1157
f 1157 1124 1159
f 1161 1162 1160
f 1160 1162 1163
f 1165 1166 1164
f 1164 1166 1167
f 1168 1031 1012
f 1012 1031 1046
f 1024 1023 1035
f 1035 1023 1034
f 1036 1038 1025
f 1025 1038 1169
f 1170 1171 1039
f 1039 1171 1037
f 1028 1029 1042
f 1042 1029 1043
f 1172 1173 1175
f 1175 1173 1174
f 1055 1053 1013
f 1013 1053 1011
f 1005 1009 1070
f 1070 1009 1054
f 996 999 1062
f 1062 999 1063
f 1016 1060 1017
f 1017 1060 1059
f 1017 1059 1149
f 1149 1059 1150
f 1177 1178 1176
f 1176 1178 1103
f 1176 1072 1179
f 1179 1072 1074
f 1073 1102 1086
f 1086 1102 1083
f 1180 1181 1067
f 1067 1181 1065
f 1182 1183 1184
f 1184 1183 1181
f 1186 1187 1185
f 1185 1187 1188
f 1189 1190 798
f 798 1190 799
f 1192 1193 1191
f 1191 1193 1194
f 1195 1196 1194
f 1194 1196 1191
f 1196 1195 1198
f 1198 1195 1197
f 1200 674 1199
f 1199 674 673
f 928 1201 1203
f 1203 1201 1202
f 861 1204 862
f 862 1204 921
f 1205 1206 913
f 913 1206 1207
f 882 1208 879
f 879 1208 1209
f 1210 1211 1167
f 1167 1211 1164
f 1212 769 1213
f 1213 769 768
f 727 1214 728
f 728 1214 1215
f 1217 1218 1216
f 1216 1218 1219
f 1220 813 1221
f 1221 813 812
f 827 828 427
f 427 828 454
f 1223 1224 1222
f 1222 1224 1165
f 1226 1227 1225
f 1225 1227 1228
f 851 1229 848
f 848 1229 1230
f 834 854 835
f 835 854 1231
f 1233 1234 1232
f 1232 1234 1235
f 1237 751 1236
f 1236 751 750
f 743 819 1238
f 1238 819 821
f 1240 1241 1239
f 1239 1241 1242
f 1244 1245 1243
f 1243 1245 1246
f 844 1247 841
f 841 1247 1248
f 1250 1251 1249
f 1249 1251 1252
f 1254 893 1253
f 1253 893 1237
f 1255 1256 1258
f 1258 1256 1257
f 1260 1261 1259
f 1259 1261 1262
f 945 903 855
f 855 903 852
f 855 1263 945
f 945 1263 1264
f 832 845 801
f 801 845 803
f 800 721 803
f 803 721 801
f 721 800 722
f 722 800 799
f 1266 1267 1265
f 1265 1267 1268
f 1270 795 1269
f 1269 795 726
f 725 1271 726
f 726 1271 1269
f 737 765 738
f 738 765 764
f 759 740 760
f 760 740 739
f 717 1272 1274
f 1274 1272 1273
f 1163 1226 1275
f 1275 1226 1225
f 1277 882 1276
f 1276 882 881
f 1041 1040 1027
f 1027 1040 1026
f 900 935 901
f 901 935 934
f 1164 1278 1165
f 1165 1278 1222
f 1211 1279 1164
f 1164 1279 1278
f 442 1280 453
f 453 1280 1281
f 788 1282 785
f 785 1282 1283
f 1285 1286 1284
f 1284 1286 1287
f 1284 1288 1285
f 1285 1288 1289
f 757 1289 754
f 754 1289 1288
f 605 604 675
f 675 604 676
f 1290 1291 1293
f 1293 1291 1292
f 1295 1296 1294
f 1294 1296 1297
f 696 699 694
f 694 699 931
f 1298 1299 592
f 592 1299 589
f 1299 1300 589
f 589 1300 700
f 1300 1301 700
f 700 1301 701
f 743 745 819
f 819 745 805
f 1303 1304 1302
f 1302 1304 1305
f 1306 1307 1305
f 1305 1307 1302
f 609 1298 610
f 610 1298 592
f 587 822 588
f 588 822 1308
f 703 588 1309
f 1309 588 1308
f 1310 703 571
f 571 703 1309
f 1311 1312 789
f 789 1312 790
f 825 223 1313
f 1313 223 220
f 219 1314 220
f 220 1314 1313
f 1315 1316 1311
f 1311 1316 1312
f 1317 1318 1319
f 1319 1318 1241
f 441 1320 442
f 442 1320 1280
f 1321 217 572
f 572 217 216
f 1323 1230 1322
f 1322 1230 1229
f 1324 1325 631
f 631 1325 656
f 1034 1168 1010
f 1010 1168 1012
f 1327 1328 1326
f 1326 1328 1329
f 1331 1202 1330
f 1330 1202 1201
f 571 1309 572
f 572 1309 1321
f 573 572 1332
f 1332 572 216
f 1334 1335 1333
f 1333 1335 1336
f 1337 1338 918
f 918 1338 859
f 1339 863 1340
f 1340 863 866
f 1341 1342 1344
f 1344 1342 1343
f 1345 1346 919
f 919 1346 920
f 1347 1348 673
f 673 1348 1199
f 693 1349 928
f 928 1349 1201
f 1351 1257 1350
f 1350 1257 1256
f 1350 1352 1351
f 1351 1352 1353
f 653 930 654
f 654 930 662
f 1279 1354 1278
f 1278 1354 1355
f 1357 1358 1356
f 1356 1358 1359
f 937 1360 1140
f 1140 1360 1361
f 1225 1228 909
f 909 1228 964
f 901 934 1362
f 1362 934 1139
f 1364 1365 1363
f 1363 1365 1362
f 1367 912 1366
f 1366 912 911
f 1143 1142 1368
f 1368 1142 1369
f 1144 1186 1145
f 1145 1186 1185
f 1146 1175 1144
f 1144 1175 1186
f 1175 1146 1172
f 1172 1146 1148
f 1147 1018 1148
f 1148 1018 1172
f 1018 1147 1019
f 1019 1147 1149
f 1149 1150 1019
f 1019 1150 1370
f 1150 1151 1370
f 1370 1151 1371
f 1151 1153 1371
f 1371 1153 1177
f 1152 1156 1178
f 1178 1156 1372
f 1155 1158 1373
f 1373 1158 1374
f 1157 1159 1376
f 1376 1159 1375
f 1378 1379 1377
f 1377 1379 1380
f 1382 1383 1381
f 1381 1383 1384
f 1382 1386 1385
f 1385 1386 1387
f 1386 1233 1387
f 1387 1233 1232
f 1389 1390 1388
f 1388 1390 1391
f 1393 1394 1392
f 1392 1394 1395
f 1397 1398 1396
f 1396 1398 1399
f 629 1397 630
f 630 1397 1396
f 1342 1400 1343
f 1343 1400 1401
f 1403 1404 1402
f 1402 1404 1405
f 1407 1408 1406
f 1406 1408 1409
f 1411 1412 1410
f 1410 1412 1413
f 793 1414 794
f 794 1414 1415
f 1417 1341 1416
f 1416 1341 1344
f 704 705 1347
f 1347 705 1418
f 741 1419 742
f 742 1419 1420
f 1422 669 1421
f 1421 669 672
f 645 1423 646
f 646 1423 1424
f 1196 1198 614
f 614 1198 611
f 613 1425 614
f 614 1425 1426
f 1427 616 659
f 659 616 660
f 614 1426 1196
f 1196 1426 1191
f 696 594 697
f 697 594 590
f 697 590 700
f 700 590 589
f 703 1310 702
f 702 1310 1428
f 1421 672 1192
f 1192 672 689
f 1271 648 1269
f 1269 648 622
f 621 1270 622
f 622 1270 1269
f 1429 1430 1417
f 1417 1430 1341
f 1431 1432 1434
f 1434 1432 1433
f 1436 1437 1435
f 1435 1437 1438
f 1440 1441 1439
f 1439 1441 1442
f 1443 1444 1446
f 1446 1444 1445
f 823 809 938
f 938 809 817
f 810 1447 811
f 811 1447 1448
f 1449 1450 679
f 679 1450 706
f 913 916 1205
f 1205 916 1451
f 1275 1225 912
f 912 1225 909
f 1452 1453 880
f 880 1453 881
f 1444 1401 1445
f 1445 1401 1400
f 936 1454 937
f 937 1454 1360
f 824 1455 810
f 810 1455 1447
f 631 656 632
f 632 656 655
f 966 1456 967
f 967 1456 1457
f 1459 1460 1458
f 1458 1460 1461
f 1460 1462 1461
f 1461 1462 1463
f 972 974 973
f 973 974 975
f 990 995 991
f 991 995 994
f 1464 1187 1033
f 1033 1187 1174
f 1018 1021 1172
f 1172 1021 1173
f 1000 999 1001
f 1001 999 998
f 976 979 1022
f 1022 979 1032
f 1023 1024 980
f 980 1024 982
f 989 986 1171
f 1171 986 1169
f 1171 1170 989
f 989 1170 990
f 1170 1027 990
f 990 1027 995
f 1041 1039 998
f 998 1039 1001
f 1051 1063 1000
f 1000 1063 999
f 1066 1064 1051
f 1051 1064 1063
f 1183 1081 1066
f 1066 1081 1064
f 1178 1372 1103
f 1103 1372 1104
f 1092 1091 1465
f 1465 1091 1182
f 1467 1465 1466
f 1466 1465 1468
f 1469 1470 1184
f 1184 1470 1468
f 1095 1098 1471
f 1471 1098 1101
f 1076 1374 1120
f 1120 1374 1376
f 1110 1472 1127
f 1127 1472 1132
f 1472 1473 1132
f 1132 1473 1129
f 1474 1475 1466
f 1466 1475 1473
f 1119 1118 1116
f 1116 1118 1113
f 1375 1121 1376
f 1376 1121 1120
f 1127 1132 1128
f 1128 1132 1131
f 1227 1476 1228
f 1228 1476 1361
f 1365 1477 1362
f 1362 1477 872
f 1478 1479 1323
f 1323 1479 1230
f 1480 1481 914
f 914 1481 915
f 913 1277 914
f 914 1277 1276
f 1168 1034 1022
f 1022 1034 1023
f 1035 1036 1024
f 1024 1036 1025
f 1039 1041 1170
f 1170 1041 1027
f 1042 1148 1028
f 1028 1148 1146
f 968 1459 969
f 969 1459 1458
f 1482 1483 664
f 664 1483 665
f 1485 1486 1484
f 1484 1486 1487
f 1489 1490 1488
f 1488 1490 1491
f 1492 1493 722
f 722 1493 634
f 1495 1496 1494
f 1494 1496 1497
f 1498 1207 1339
f 1339 1207 863
f 1224 1499 1165
f 1165 1499 1166
f 1160 1163 1500
f 1500 1163 1275
f 1500 877 1160
f 1160 877 1501
f 876 873 1502
f 1502 873 1479
f 945 1264 851
f 851 1264 1229
f 835 1231 839
f 839 1231 871
f 1503 1283 778
f 778 1283 1282
f 716 715 1505
f 1505 715 1504
f 1446 1445 1507
f 1507 1445 1506
f 779 792 1381
f 1381 792 791
f 1430 1409 1341
f 1341 1409 1342
f 1411 1429 1508
f 1508 1429 1417
f 635 1510 1509
f 1509 1510 1511
f 1377 1380 1315
f 1315 1380 1316
f 1445 1400 1506
f 1506 1400 1408
f 918 917 1336
f 1336 917 1333
f 1513 1514 1512
f 1512 1514 870
f 1515 1516 1363
f 1363 1516 1364
f 1453 1517 881
f 881 1517 1276
f 992 1518 993
f 993 1518 1519
f 1520 1029 1518
f 1518 1029 955
f 1520 1026 1521
f 1521 1026 1040
f 1522 1015 1521
f 1521 1015 1043
f 996 1523 997
f 997 1523 1522
f 1060 1016 1524
f 1524 1016 1523
f 1061 1525 1062
f 1062 1525 1524
f 1079 1527 1526
f 1526 1527 1528
f 1093 1529 1094
f 1094 1529 1528
f 1111 1530 1112
f 1112 1530 1531
f 1532 1533 1105
f 1105 1533 1123
f 934 937 1139
f 1139 937 1140
f 1138 1363 1139
f 1139 1363 1362
f 1534 1222 1355
f 1355 1222 1278
f 1535 1223 1534
f 1534 1223 1222
f 821 587 1238
f 1238 587 586
f 1319 711 1317
f 1317 711 1536
f 1538 1200 1537
f 1537 1200 1199
f 1508 1417 1539
f 1539 1417 1416
f 1540 1541 840
f 840 1541 837
f 1231 898 871
f 871 898 901
f 1500 1275 1367
f 1367 1275 912
f 1543 1379 1542
f 1542 1379 1395
f 1539 772 1508
f 1508 772 1544
f 1546 1403 1545
f 1545 1403 1402
f 1548 1549 1547
f 1547 1549 1550
f 1552 1548 1551
f 1551 1548 1547
f 1554 1555 1553
f 1553 1555 1556
f 1558 1559 1557
f 1557 1559 1560
f 1562 1563 1561
f 1561 1563 1564
f 1566 1567 1565
f 1565 1567 1568
f 1570 1571 1569
f 1569 1571 1572
f 1574 1575 1573
f 1573 1575 1576
f 1577 1578 1572
f 1572 1578 1569
f 1580 1581 1579
f 1579 1581 1582
f 1584 1585 1583
f 1583 1585 1586
f 1588 1555 1587
f 1587 1555 1589
f 1591 1592 1590
f 1590 1592 1593
f 1595 1596 1594
f 1594 1596 1597
f 1596 1581 1597
f 1597 1581 1576
f 1599 1570 1598
f 1598 1570 1569
f 1601 1602 1600
f 1600 1602 1603
f 1605 1606 1604
f 1604 1606 1607
f 1608 1609 1568
f 1568 1609 1565
f 1611 1612 1610
f 1610 1612 1613
f 1615 1616 1614
f 1614 1616 1617
f 1619 1617 1618
f 1618 1617 1616
f 1621 1622 1620
f 1620 1622 1623
f 1625 1626 1624
f 1624 1626 1627
f 1629 1630 1628
f 1628 1630 1631
f 1633 1634 1632
f 1632 1634 1635
f 1636 1637 1639
f 1639 1637 1638
f 1641 1642 1640
f 1640 1642 1643
f 1624 1627 1644
f 1644 1627 1645
f 1647 1648 1646
f 1646 1648 1649
f 1651 1652 1650
f 1650 1652 1653
f 1655 1656 1654
f 1654 1656 1657
f 1659 1660 1658
f 1658 1660 1661
f 1662 1663 1631
f 1631 1663 1628
f 1651 1665 1664
f 1664 1665 1666
f 1667 1656 1619
f 1619 1656 1617
f 1669 1670 1668
f 1668 1670 1671
f 1632 1635 1672
f 1672 1635 1673
f 1674 1675 1638
f 1638 1675 1639
f 1677 1678 1676
f 1676 1678 1679
f 1680 1640 1681
f 1681 1640 1643
f 1682 1683 1643
f 1643 1683 1681
f 1670 1669 1235
f 1235 1669 1232
f 1396 1399 1674
f 1674 1399 1675
f 627 630 1679
f 1679 630 1676
f 1681 1315 1680
f 1680 1315 1311
f 1683 1377 1681
f 1681 1377 1315
f 1672 1673 1387
f 1387 1673 1385
f 1636 1684 1646
f 1646 1684 1685
f 1687 1688 1686
f 1686 1688 1689
f 1585 1690 1586
f 1586 1690 1691
f 1599 1692 1551
f 1551 1692 1693
f 1552 1558 1694
f 1694 1558 1557
f 1696 1615 1695
f 1695 1615 1614
f 1698 1699 1697
f 1697 1699 1623
f 1700 1701 1703
f 1703 1701 1702
f 1705 1706 1704
f 1704 1706 1707
f 1708 1709 1640
f 1640 1709 1641
f 1710 1711 1713
f 1713 1711 1712
f 1652 1655 1653
f 1653 1655 1654
f 1714 1699 1712
f 1712 1699 1713
f 1715 1710 1716
f 1716 1710 1713
f 1717 1708 1680
f 1680 1708 1640
f 1393 1392 1715
f 1715 1392 1710
f 1719 1720 1718
f 1718 1720 1721
f 1680 1311 1717
f 1717 1311 789
f 1378 1711 1392
f 1392 1711 1710
f 1388 1391 1719
f 1719 1391 1720
f 1723 1606 1722
f 1722 1606 1689
f 1725 1568 1724
f 1724 1568 1567
f 1726 1647 1685
f 1685 1647 1646
f 1728 1554 1727
f 1727 1554 1553
f 1591 1687 1600
f 1600 1687 1686
f 1730 1595 1729
f 1729 1595 1594
f 1601 1605 1731
f 1731 1605 1604
f 1733 1663 1732
f 1732 1663 1734
f 1736 1639 1735
f 1735 1639 1675
f 1658 1644 1737
f 1737 1644 1645
f 1726 1662 1724
f 1724 1662 1631
f 1399 1738 1675
f 1675 1738 1735
f 1621 1667 1739
f 1739 1667 1619
f 1714 1740 1620
f 1620 1740 1741
f 1592 1549 1593
f 1593 1549 1742
f 1602 1571 1603
f 1603 1571 1550
f 1688 1690 1689
f 1689 1690 1722
f 1588 1559 1582
f 1582 1559 1579
f 1673 1735 1385
f 1385 1735 1738
f 1387 1232 1672
f 1672 1232 1669
f 1580 1692 1573
f 1573 1692 1743
f 1377 1683 1378
f 1378 1683 1711
f 1664 1666 1744
f 1744 1666 1745
f 1744 1696 1664
f 1664 1696 1695
f 1746 1747 1732
f 1732 1747 1748
f 1749 1750 1677
f 1677 1750 1678
f 1709 1708 1750
f 1750 1708 1678
f 1668 1632 1669
f 1669 1632 1672
f 1633 1746 1734
f 1734 1746 1732
f 1679 1678 1717
f 1717 1678 1708
f 789 627 1717
f 1717 627 1679
f 1563 1723 1564
f 1564 1723 1722
f 1728 1584 1751
f 1751 1584 1583
f 1674 1676 1396
f 1396 1676 630
f 1666 1566 1745
f 1745 1566 1565
f 1627 1629 1645
f 1645 1629 1628
f 1637 1749 1638
f 1638 1749 1677
f 1648 1665 1649
f 1649 1665 1752
f 1740 1642 1741
f 1741 1642 1657
f 1676 1674 1677
f 1677 1674 1638
f 1683 1682 1711
f 1711 1682 1712
f 1618 1753 1619
f 1619 1753 1739
f 1701 1739 1702
f 1702 1739 1753
f 1754 1214 1756
f 1756 1214 1755
f 647 1757 619
f 619 1757 941
f 1759 1193 1758
f 1758 1193 691
f 1419 1760 1420
f 1420 1760 1761
f 682 1762 683
f 683 1762 1763
f 1412 780 1413
f 1413 780 1384
f 1383 1398 1384
f 1384 1398 1413
f 1197 1424 1764
f 1764 1424 1423
f 1537 1287 1538
f 1538 1287 1286
f 1634 1684 1635
f 1635 1684 1736
f 1724 1631 1725
f 1725 1631 1630
f 1562 1730 1610
f 1610 1730 1729
f 1735 1673 1736
f 1736 1673 1635
f 1757 1195 941
f 941 1195 1194
f 1766 200 1765
f 1765 200 199
f 475 500 476
f 476 500 479
f 498 558 483
f 483 558 487
f 545 551 546
f 546 551 550
f 453 1281 219
f 219 1281 1314
f 298 453 208
f 208 453 219
f 368 1765 1767
f 1767 1765 199
f 523 405 363
f 363 405 404
f 523 533 405
f 405 533 402
f 298 208 299
f 299 208 207
f 299 207 176
f 176 207 300
f 176 300 173
f 173 300 202
f 173 202 174
f 174 202 201
f 1337 918 1768
f 1768 918 1336
f 1769 1770 1338
f 1338 1770 859
f 581 570 578
f 578 570 1771
f 555 562 580
f 580 562 561
f 504 1772 501
f 501 1772 548
f 517 542 584
f 584 542 543
f 515 514 516
f 516 514 544
f 542 517 544
f 544 517 516
f 561 575 580
f 580 575 581
f 575 569 581
f 581 569 570
f 501 548 1773
f 1773 548 547
f 1774 1775 570
f 570 1775 1771
f 369 368 1776
f 1776 368 1767
f 372 369 375
f 375 369 1776
f 822 1280 1308
f 1308 1280 1320
f 820 1281 822
f 822 1281 1280
f 818 1314 820
f 820 1314 1281
f 1314 818 1313
f 1313 818 804
f 807 814 825
f 825 814 826
f 814 813 826
f 826 813 827
f 813 1220 827
f 827 1220 828
f 580 579 555
f 555 579 547
f 1477 1540 872
f 872 1540 840
f 367 499 368
f 368 499 1765
f 1766 1765 525
f 525 1765 499
f 1777 1766 526
f 526 1766 525
f 520 527 362
f 362 527 384
f 361 1778 519
f 519 1778 528
f 371 1779 372
f 372 1779 369
f 369 1779 370
f 370 1779 478
f 1779 371 478
f 478 371 374
f 1778 1777 528
f 528 1777 526
f 1781 1782 1780
f 1780 1782 1783
f 431 460 67
f 67 460 64
f 68 338 74
f 74 338 72
f 1785 1782 1784
f 1784 1782 1786
f 1787 1788 1790
f 1790 1788 1789
f 1792 1789 1791
f 1791 1789 1793
f 1791 1794 1792
f 1792 1794 1795
f 1794 1796 1795
f 1795 1796 1797
f 1797 1798 938
f 938 1798 868
f 1798 1799 868
f 868 1799 869
f 1801 1802 1800
f 1800 1802 1451
f 1803 1804 1205
f 1205 1804 1206
f 1805 1806 864
f 864 1806 865
f 1806 1807 865
f 865 1807 1808
f 68 71 338
f 287 328 288
f 1320 1321 1308
f 1308 1321 1309
f 1320 441 1321
f 1321 441 217
f 441 152 217
f 217 152 218
f 151 286 152
f 152 286 218
f 297 310 151
f 151 310 286
f 296 307 297
f 297 307 310
f 296 143 307
f 307 143 284
f 143 56 284
f 284 56 104
f 56 59 104
f 104 59 63
f 59 102 63
f 63 102 60
f 102 94 60
f 60 94 282
f 93 459 279
f 279 459 77
f 459 460 77
f 77 460 78
f 460 431 78
f 78 431 295
f 431 49 295
f 295 49 292
f 48 421 49
f 49 421 292
f 276 278 418
f 418 278 429
f 317 432 278
f 278 432 429
f 432 317 433
f 433 317 316
f 326 324 316
f 316 324 433
f 1536 592 1809
f 1809 592 591
f 1810 744 1812
f 1812 744 1811
f 1814 1815 1813
f 1813 1815 1816
f 1817 748 1818
f 1818 748 747
f 1812 1819 1810
f 1810 1819 1817
f 1820 1821 748
f 748 1821 749
f 1823 1824 1822
f 1822 1824 1825
f 1827 1828 1826
f 1826 1828 1829
f 1831 1832 1830
f 1830 1832 1833
f 1834 1827 1243
f 1243 1827 1826
f 1313 804 825
f 825 804 807
f 1835 1253 1236
f 1236 1253 1237
f 1836 1837 1438
f 1438 1837 1435
f 1838 1505 1840
f 1840 1505 1839
f 1841 1842 716
f 716 1842 713
f 1843 1844 1510
f 1510 1844 1845
f 1847 1848 1846
f 1846 1848 1849
f 1850 1240 1822
f 1822 1240 1239
f 636 1831 637
f 637 1831 1830
f 1852 1853 1851
f 1851 1853 1854
f 1855 1856 1858
f 1858 1856 1857
f 1846 1849 1859
f 1859 1849 1860
f 1343 1401 1509
f 1509 1401 1861
f 1509 1861 635
f 635 1861 636
f 1863 1864 1862
f 1862 1864 1865
f 1283 1503 1867
f 1867 1503 1866
f 1868 1867 681
f 681 1867 682
f 1286 1285 683
f 683 1285 684
f 757 756 1274
f 1274 756 1869
f 1274 1869 717
f 717 1869 718
f 1434 1433 719
f 719 1433 720
f 1200 1538 1545
f 1545 1538 1763
f 1285 1289 684
f 684 1289 1273
f 684 1273 681
f 681 1273 1272
f 785 1283 1868
f 1868 1283 1867
f 786 785 1870
f 1870 785 1868
f 1289 757 1273
f 1273 757 1274
f 1539 1416 1871
f 1871 1416 1872
f 773 1871 1403
f 1403 1871 1404
f 675 674 1405
f 1405 674 1402
f 1864 1873 1865
f 1865 1873 1874
f 638 1843 635
f 635 1843 1510
f 1344 1343 1511
f 1511 1343 1509
f 772 1539 773
f 773 1539 1871
f 674 1200 1402
f 1402 1200 1545
f 1538 1286 1763
f 1763 1286 683
f 1444 1443 1875
f 1875 1443 1876
f 1875 1876 1831
f 1831 1876 1832
f 1416 1344 1872
f 1872 1344 1511
f 1877 1878 774
f 774 1878 1879
f 1878 1847 1879
f 1879 1847 1846
f 1880 714 1881
f 1881 714 1848
f 1401 1444 1861
f 1861 1444 1875
f 1861 1875 636
f 636 1875 1831
f 1823 1863 1882
f 1882 1863 1862
f 1441 1440 1884
f 1884 1440 1883
f 1883 1852 1884
f 1884 1852 1851
f 1886 1887 1885
f 1885 1887 1888
f 1358 1889 1359
f 1359 1889 1890
f 1891 1886 1892
f 1892 1886 1885
f 774 1879 775
f 775 1879 1893
f 1859 1893 1846
f 1846 1893 1879
f 713 1842 1849
f 1849 1842 1860
f 1318 1895 1894
f 1894 1895 1896
f 1873 1897 1874
f 1874 1897 1898
f 1898 605 1899
f 1899 605 675
f 1405 1844 675
f 675 1844 1899
f 1404 1845 1405
f 1405 1845 1844
f 593 1296 591
f 591 1296 1809
f 1295 1292 1900
f 1900 1292 1895
f 606 1897 1291
f 1291 1897 1896
f 1510 1845 1511
f 1511 1845 1872
f 1871 1872 1404
f 1404 1872 1845
f 1866 770 1762
f 1762 770 1546
f 1762 682 1866
f 1866 682 1867
f 1870 1868 1272
f 1272 1868 681
f 1272 717 1870
f 1870 717 720
f 1870 720 786
f 786 720 1433
f 786 1433 787
f 787 1433 1432
f 1261 1414 1432
f 1432 1414 787
f 1389 1234 1260
f 1260 1234 1415
f 1719 1670 1388
f 1388 1670 1235
f 1718 1671 1719
f 1719 1671 1670
f 1705 1747 1718
f 1718 1747 1671
f 1659 1901 1704
f 1704 1901 1748
f 1877 1903 1902
f 1902 1903 1904
f 1259 1905 1390
f 1390 1905 1394
f 1715 1720 1393
f 1393 1720 1391
f 1716 1721 1715
f 1715 1721 1720
f 1698 1706 1716
f 1716 1706 1721
f 277 276 47
f 47 276 48
f 84 96 81
f 81 96 82
f 80 70 81
f 81 70 85
f 99 97 88
f 88 97 89
f 90 100 88
f 88 100 99
f 101 95 102
f 102 95 94
f 1906 1907 280
f 280 1907 281
f 97 86 89
f 89 86 85
f 60 282 61
f 61 282 281
f 83 82 46
f 46 82 47
f 293 292 420
f 420 292 421
f 419 1908 420
f 420 1908 1909
f 92 95 91
f 91 95 90
f 279 282 93
f 93 282 94
f 276 418 48
f 48 418 421
f 1910 1660 1697
f 1697 1660 1707
f 1703 1624 1700
f 1700 1624 1644
f 1622 1910 1623
f 1623 1910 1697
f 1701 1700 1911
f 1911 1700 1661
f 1700 1644 1661
f 1661 1644 1658
f 1901 1737 1733
f 1733 1737 1645
f 1625 1912 1604
f 1604 1912 1731
f 1912 1913 1731
f 1731 1913 1914
f 1913 1577 1914
f 1914 1577 1572
f 1915 1578 1616
f 1616 1578 1618
f 1915 1916 1598
f 1598 1916 1743
f 1916 1574 1743
f 1743 1574 1573
f 1575 1917 1576
f 1576 1917 1597
f 1917 1609 1597
f 1597 1609 1594
f 1608 1611 1729
f 1729 1611 1610
f 1918 1612 1629
f 1629 1612 1630
f 1626 1918 1627
f 1627 1918 1629
f 1920 1921 1919
f 1919 1921 1922
f 1920 1924 1923
f 1923 1924 1925
f 1926 1927 1924
f 1924 1927 1925
f 1929 1930 1928
f 1928 1930 1931
f 1932 1933 1935
f 1935 1933 1934
f 1937 1938 1936
f 1936 1938 1939
f 1941 1942 1940
f 1940 1942 1943
f 1941 1945 1944
f 1944 1945 1946
f 1947 1948 1694
f 1694 1948 1949
f 1950 1951 1953
f 1953 1951 1952
f 1955 1956 1954
f 1954 1956 1589
f 1958 1956 1957
f 1957 1956 1932
f 1960 1934 1959
f 1959 1934 1933
f 1962 1963 1961
f 1961 1963 1964
f 1965 1955 1751
f 1751 1955 1954
f 1935 1930 1932
f 1932 1930 1957
f 1951 1950 1926
f 1926 1950 1929
f 1966 1967 1593
f 1593 1967 1590
f 1969 1967 1968
f 1968 1967 1964
f 1962 1921 1970
f 1970 1921 1971
f 1963 1945 1964
f 1964 1945 1968
f 1972 1948 1922
f 1922 1948 1919
f 1966 1972 1961
f 1961 1972 1922
f 1958 1953 1587
f 1587 1953 1560
f 1974 1975 1973
f 1973 1975 1976
f 1978 1979 1977
f 1977 1979 1691
f 1979 1975 1691
f 1691 1975 1586
f 1938 1942 1939
f 1939 1942 1980
f 1952 1947 1557
f 1557 1947 1694
f 1969 1978 1981
f 1981 1978 1977
f 1983 1984 1982
f 1982 1984 1985
f 1986 1987 1989
f 1989 1987 1988
f 1990 1991 1983
f 1983 1991 1984
f 1990 1993 1992
f 1992 1993 1994
f 1995 1996 1994
f 1994 1996 1997
f 1999 2000 1998
f 1998 2000 2001
f 2003 2004 2002
f 2002 2004 2005
f 2007 2008 2006
f 2006 2008 2009
f 2011 2012 2010
f 2010 2012 2013
f 2014 2015 2017
f 2017 2015 2016
f 2018 2019 2021
f 2021 2019 2020
f 2022 1989 2024
f 2024 1989 2023
f 1989 1988 2023
f 2023 1988 2025
f 2026 2027 2017
f 2017 2027 2014
f 2029 2030 2028
f 2028 2030 2031
f 2033 2034 2032
f 2032 2034 2035
f 2032 2035 2036
f 2036 2035 2037
f 2039 2040 2038
f 2038 2040 2041
f 1982 2042 1983
f 1983 2042 2043
f 2045 2046 2044
f 2044 2046 2047
f 2049 2050 2048
f 2048 2050 2051
f 2053 2054 2052
f 2052 2054 2055
f 2057 2058 2056
f 2056 2058 2059
f 2060 2061 2033
f 2033 2061 2034
f 2063 2064 2062
f 2062 2064 2065
f 2066 2035 2067
f 2067 2035 2034
f 2069 2039 2068
f 2068 2039 2038
f 2025 2070 2023
f 2023 2070 2071
f 2072 2024 2071
f 2071 2024 2023
f 2074 2020 2073
f 2073 2020 2019
f 2050 2049 2047
f 2047 2049 2075
f 1983 2043 1990
f 1990 2043 1993
f 2006 2050 2007
f 2007 2050 2076
f 2050 2006 2051
f 2051 2006 2077
f 2079 2080 2078
f 2078 2080 2081
f 2082 2083 2085
f 2085 2083 2084
f 2010 2013 2086
f 2086 2013 2087
f 2089 2033 2088
f 2088 2033 2032
f 2090 2060 2089
f 2089 2060 2033
f 2092 2093 2091
f 2091 2093 2094
f 2096 1986 2095
f 2095 1986 2097
f 2097 1986 2022
f 2022 1986 1989
f 2015 2094 2016
f 2016 2094 2098
f 2016 2098 2100
f 2100 2098 2099
f 2017 2016 2101
f 2101 2016 2100
f 2017 2101 2026
f 2026 2101 2102
f 2100 2099 2104
f 2104 2099 2103
f 2104 2105 2100
f 2100 2105 2101
f 2105 2106 2101
f 2101 2106 2102
f 2108 2061 2107
f 2107 2061 2109
f 2111 2112 2110
f 2110 2112 2020
f 2020 2074 2110
f 2110 2074 2113
f 2115 2116 2114
f 2114 2116 2117
f 2118 2119 1995
f 1995 2119 2120
f 2121 2122 2027
f 2027 2122 2014
f 2047 2075 2044
f 2044 2075 2123
f 2124 2125 2127
f 2127 2125 2126
f 2129 2130 2128
f 2128 2130 2131
f 2132 2133 2057
f 2057 2133 2058
f 2134 1999 2136
f 2136 1999 2135
f 2055 2138 2137
f 2137 2138 2139
f 2141 2142 2140
f 2140 2142 2143
f 2083 2082 2064
f 2064 2082 2065
f 2082 2144 2065
f 2065 2144 2145
f 2040 2146 2041
f 2041 2146 2147
f 2060 2090 2148
f 2148 2090 2149
f 2048 2051 2137
f 2137 2051 2150
f 2151 1997 2135
f 2135 1997 1996
f 2152 2150 2077
f 2077 2150 2051
f 2046 2045 2118
f 2118 2045 2119
f 2154 2155 2153
f 2153 2155 2156
f 2158 2159 2157
f 2157 2159 2160
f 2162 2163 2161
f 2161 2163 2164
f 2164 2163 2165
f 2165 2163 2166
f 2168 2169 2167
f 2167 2169 2170
f 2003 2172 2171
f 2171 2172 2173
f 2174 2175 2002
f 2002 2175 2176
f 2145 2177 2065
f 2065 2177 2062
f 2178 2179 2180
f 2180 2179 2134
f 2181 2052 2152
f 2152 2052 2150
f 2040 2127 2146
f 2146 2127 2182
f 2130 2162 2131
f 2131 2162 2161
f 2052 2055 2150
f 2150 2055 2137
f 2184 2185 2183
f 2183 2185 2186
f 2159 2030 2160
f 2160 2030 2187
f 2146 2182 2029
f 2029 2182 2188
f 2189 2190 2192
f 2192 2190 2191
f 2172 2003 2176
f 2176 2003 2002
f 1998 2151 1999
f 1999 2151 2135
f 2177 2172 2062
f 2062 2172 2176
f 2172 2177 2173
f 2173 2177 2193
f 2063 2194 2064
f 2064 2194 2195
f 2066 2197 2196
f 2196 2197 2198
f 2002 2005 2174
f 2174 2005 2199
f 2004 2003 2200
f 2200 2003 2171
f 2198 2201 2171
f 2171 2201 2200
f 2197 2202 2198
f 2198 2202 2201
f 2202 2197 2203
f 2203 2197 2204
f 2196 2198 2173
f 2173 2198 2171
f 2205 2069 2170
f 2170 2069 2206
f 2197 2066 2204
f 2204 2066 2067
f 2107 2207 2108
f 2108 2207 2208
f 2210 2208 2209
f 2209 2208 2207
f 2185 2211 2212
f 2213 2214 2211
f 2211 2214 2212
f 1998 2001 2213
f 2213 2001 2214
f 2134 2215 1999
f 1999 2215 2000
f 2216 2217 2219
f 2219 2217 2218
f 2206 2220 2170
f 2170 2220 2167
f 2069 2068 2206
f 2206 2068 2221
f 2151 1998 2222
f 2222 1998 2213
f 2124 2039 2205
f 2205 2039 2069
f 2142 2223 2143
f 2143 2223 2128
f 2203 2186 2202
f 2202 2186 2185
f 2185 2184 2211
f 2211 2184 2224
f 2224 2225 2222
f 2222 2225 2226
f 2071 2227 2072
f 2072 2227 2228
f 2229 2074 2230
f 2230 2074 2073
f 2074 2229 2113
f 2113 2229 2231
f 2232 2225 2227
f 2227 2225 2224
f 2233 2234 2031
f 2031 2234 2028
f 2236 2231 2235
f 2235 2231 2229
f 2230 2183 2229
f 2229 2183 2235
f 2237 1987 2096
f 2096 1987 1986
f 2152 2238 2181
f 2181 2238 2239
f 2080 2240 2081
f 2081 2240 2241
f 2236 2242 1971
f 1971 2242 1970
f 1925 2113 1923
f 1923 2113 2231
f 2110 1927 2111
f 2111 1927 1928
f 2103 2111 1931
f 1931 2111 1928
f 1931 2243 2103
f 2103 2243 2104
f 2105 2104 2244
f 2244 2104 2243
f 1939 1980 2148
f 2148 1980 2109
f 1980 1944 2109
f 2109 1944 2107
f 1946 2245 2207
f 2207 2245 2209
f 2245 1970 2209
f 2209 1970 2242
f 2231 2236 1923
f 1923 2236 1971
f 2113 1925 2110
f 2110 1925 1927
f 2234 2246 2028
f 2028 2246 2147
f 2247 2248 2058
f 2058 2248 2059
f 2114 2117 2249
f 2249 2117 2250
f 2252 2253 2251
f 2251 2253 2254
f 2094 2015 2091
f 2091 2015 2255
f 2256 2255 2014
f 2014 2255 2015
f 2257 2145 2258
f 2258 2145 2144
f 2131 2161 2123
f 2123 2161 2044
f 2045 2044 2164
f 2164 2044 2161
f 2045 2164 2119
f 2119 2164 2165
f 2259 2120 2165
f 2165 2120 2119
f 2260 2261 2259
f 2259 2261 2120
f 2205 2262 2124
f 2124 2262 2125
f 2180 2263 2178
f 2178 2263 2264
f 2265 2266 2092
f 2092 2266 2093
f 1992 2267 2268
f 2184 2228 2224
f 2224 2228 2227
f 2048 2269 2049
f 2049 2269 2141
f 2129 2168 2157
f 2157 2168 2167
f 2049 2141 2075
f 2075 2141 2140
f 2199 2215 2270
f 2270 2215 2271
f 2142 2141 2272
f 2272 2141 2269
f 2089 2026 2090
f 2090 2026 2102
f 2146 2029 2147
f 2147 2029 2028
f 2111 2103 2112
f 2112 2103 2099
f 2061 2060 2109
f 2109 2060 2148
f 2273 2274 2041
f 2041 2274 2038
f 2260 2275 2261
f 2261 2275 2136
f 2057 2138 2132
f 2132 2138 2276
f 2272 2269 2056
f 2056 2269 2139
f 2277 2278 2270
f 2270 2278 2199
f 2029 2188 2030
f 2030 2188 2187
f 2040 2039 2127
f 2127 2039 2124
f 2064 2195 2083
f 2083 2195 2279
f 2056 2139 2057
f 2057 2139 2138
f 2278 2277 2247
f 2247 2277 2248
f 2062 2176 2063
f 2063 2176 2175
f 2280 2210 2242
f 2242 2210 2209
f 2282 2233 2281
f 2281 2233 2031
f 2216 2219 2283
f 2283 2219 2221
f 2158 2220 2218
f 2218 2220 2219
f 2217 2282 2218
f 2218 2282 2281
f 2220 2158 2167
f 2167 2158 2157
f 2223 2264 2128
f 2128 2264 2263
f 2261 1996 2120
f 2120 1996 1995
f 2213 2211 2222
f 2222 2211 2224
f 2283 2221 2284
f 2284 2221 2068
f 2135 1996 2136
f 2136 1996 2261
f 2144 2081 2258
f 2258 2081 2241
f 2235 2280 2236
f 2236 2280 2242
f 2246 2273 2147
f 2147 2273 2041
f 2036 2285 2032
f 2032 2285 2088
f 2077 2286 2152
f 2152 2286 2238
f 1937 1960 1973
f 1973 1960 1959
f 2070 2232 2071
f 2071 2232 2227
f 2244 2287 2105
f 2105 2287 2106
f 1936 1939 2149
f 2149 1939 2148
f 1944 1946 2107
f 2107 1946 2207
f 2285 2121 2088
f 2088 2121 2027
f 2253 2249 2254
f 2254 2249 2250
f 2006 2009 2077
f 2077 2009 2286
f 2289 2086 2288
f 2288 2086 2087
f 2223 2142 2290
f 2290 2142 2272
f 2128 2131 2143
f 2143 2131 2123
f 2156 2291 2153
f 2153 2291 2175
f 2292 2293 2278
f 2278 2293 2294
f 2075 2140 2123
f 2123 2140 2143
f 2262 2169 2275
f 2275 2169 2180
f 2275 2180 2136
f 2136 2180 2134
f 2274 2284 2038
f 2038 2284 2068
f 2127 2126 2182
f 2182 2126 2166
f 2094 2093 2098
f 2098 2093 2021
f 2098 2021 2099
f 2099 2021 2112
f 2018 2021 2266
f 2266 2021 2093
f 2251 2289 2252
f 2252 2289 2288
f 1997 2151 2226
f 2226 2151 2222
f 2206 2221 2220
f 2220 2221 2219
f 2269 2048 2139
f 2139 2048 2137
f 2159 2158 2281
f 2281 2158 2218
f 2156 2155 2190
f 2190 2155 2191
f 1974 1965 1583
f 1583 1965 1751
f 2088 2027 2089
f 2089 2027 2026
f 2030 2159 2031
f 2031 2159 2281
f 2106 2149 2102
f 2102 2149 2090
f 2287 1936 2106
f 2106 1936 2149
f 2293 2154 2294
f 2294 2154 2153
f 2021 2020 2112
f 2247 2295 2278
f 2278 2295 2292
f 2284 2296 2283
f 2283 2296 2297
f 2298 2296 2274
f 2274 2296 2284
f 2273 2299 2274
f 2274 2299 2298
f 2246 2300 2273
f 2273 2300 2299
f 2283 2297 2216
f 2216 2297 2301
f 2216 2301 2217
f 2217 2301 2302
f 2302 2303 2217
f 2217 2303 2282
f 2304 2301 2305
f 2305 2301 2297
f 2307 2308 2306
f 2306 2308 2309
f 2306 2310 2307
f 2307 2310 2311
f 2307 2312 2308
f 2308 2312 2313
f 2314 2315 2312
f 2312 2315 2316
f 2316 2317 2312
f 2312 2317 2313
f 2317 2305 2313
f 2313 2305 2318
f 2314 2312 2311
f 2311 2312 2307
f 2319 2320 2322
f 2322 2320 2321
f 2322 2311 2319
f 2319 2311 2310
f 2313 2318 2308
f 2308 2318 2309
f 2296 2298 2318
f 2318 2298 2309
f 2309 2298 2323
f 2323 2298 2299
f 2306 2309 2324
f 2324 2309 2323
f 2310 2306 2325
f 2325 2306 2324
f 2296 2318 2297
f 2297 2318 2305
f 2319 2310 2326
f 2326 2310 2325
f 2328 2325 2327
f 2327 2325 2324
f 2325 2328 2326
f 2326 2328 2329
f 2331 2328 2330
f 2330 2328 2327
f 2332 2333 2327
f 2327 2333 2330
f 2328 2331 2329
f 2329 2331 2334
f 2324 2323 2327
f 2327 2323 2332
f 2300 2332 2299
f 2299 2332 2323
f 2326 2335 2319
f 2319 2335 2320
f 2305 2317 2336
f 2336 2317 2316
f 2336 2316 2337
f 2337 2316 2315
f 2338 2304 2336
f 2336 2304 2305
f 2337 2339 2336
f 2336 2339 2338
f 2337 2315 2341
f 2341 2315 2340
f 2342 2300 2234
f 2234 2300 2246
f 2303 2343 2282
f 2282 2343 2233
f 2234 2233 2342
f 2342 2233 2343
f 2342 2343 2333
f 2333 2343 2344
f 2333 2344 2330
f 2330 2344 2345
f 2346 2344 2303
f 2303 2344 2343
f 2332 2300 2333
f 2333 2300 2342
f 2347 2346 2302
f 2302 2346 2303
f 2301 2304 2302
f 2302 2304 2347
f 2304 2338 2347
f 2347 2338 2348
f 2348 2349 2347
f 2347 2349 2346
f 2350 2351 2348
f 2348 2351 2349
f 2349 2345 2346
f 2346 2345 2344
f 2345 2349 2352
f 2352 2349 2351
f 2338 2339 2348
f 2348 2339 2350
f 2350 2339 2353
f 2353 2339 2354
f 2356 2357 2355
f 2355 2357 2353
f 2351 2350 2357
f 2357 2350 2353
f 2353 2354 2355
f 2355 2354 2335
f 2320 2335 2341
f 2341 2335 2354
f 2339 2337 2354
f 2354 2337 2341
f 2352 2331 2345
f 2345 2331 2330
f 2356 2334 2352
f 2352 2334 2331
f 2356 2352 2357
f 2357 2352 2351
f 2355 2329 2356
f 2356 2329 2334
f 2335 2326 2355
f 2355 2326 2329
f 2321 2314 2322
f 2322 2314 2311
f 2321 2320 2340
f 2340 2320 2341
f 2315 2314 2340
f 2340 2314 2321
f 2125 2260 2126
f 2126 2260 2259
f 2157 2160 2129
f 2129 2160 2130
f 2188 2163 2187
f 2187 2163 2162
f 2182 2166 2188
f 2188 2166 2163
f 2180 2169 2263
f 2263 2169 2168
f 2160 2187 2130
f 2130 2187 2162
f 2275 2260 2262
f 2262 2260 2125
f 2128 2263 2129
f 2129 2263 2168
f 2262 2205 2169
f 2169 2205 2170
f 2165 2166 2259
f 2259 2166 2126
f 2359 2360 2358
f 2358 2360 2361
f 2363 2364 2362
f 2362 2364 2365
f 2367 2363 2366
f 2366 2363 2362
f 2368 2369 2371
f 2371 2369 2370
f 2372 2373 2248
f 2248 2373 2059
f 2364 2374 2365
f 2365 2374 2375
f 2377 2378 2376
f 2376 2378 2379
f 2290 2380 2223
f 2223 2380 2381
f 2223 2381 2264
f 2264 2381 2382
f 2384 2385 2383
f 2383 2385 2386
f 2364 2371 2374
f 2374 2371 2387
f 2059 2373 2290
f 2290 2373 2380
f 2378 2360 2379
f 2379 2360 2388
f 2374 2387 2359
f 2359 2387 2389
f 2390 2367 2386
f 2386 2367 2391
f 2393 2394 2392
f 2392 2394 2395
f 2386 2391 2383
f 2383 2391 2396
f 2367 2366 2391
f 2391 2366 2397
f 2363 2367 2368
f 2368 2367 2390
f 2398 2399 2361
f 2361 2399 2358
f 2399 2400 2358
f 2358 2400 2375
f 2390 2401 2368
f 2368 2401 2369
f 2372 2384 2376
f 2376 2384 2383
f 2374 2359 2375
f 2375 2359 2358
f 2402 2403 2365
f 2365 2403 2362
f 2359 2389 2360
f 2360 2389 2388
f 2364 2363 2371
f 2371 2363 2368
f 2405 2398 2404
f 2404 2398 2361
f 2392 2395 2406
f 2406 2395 2397
f 2377 2396 2394
f 2394 2396 2395
f 2394 2393 2404
f 2404 2393 2405
f 2396 2377 2383
f 2383 2377 2376
f 2406 2397 2407
f 2407 2397 2366
f 2400 2402 2375
f 2375 2402 2365
f 2385 2270 2401
f 2401 2270 2271
f 2403 2407 2362
f 2362 2407 2366
f 2371 2370 2387
f 2387 2370 2382
f 2391 2397 2396
f 2396 2397 2395
f 2378 2377 2404
f 2404 2377 2394
f 2360 2378 2361
f 2361 2378 2404
f 2407 2408 2406
f 2406 2408 2409
f 2410 2408 2403
f 2403 2408 2407
f 2411 2410 2402
f 2402 2410 2403
f 2412 2411 2400
f 2400 2411 2402
f 2406 2409 2392
f 2392 2409 2413
f 2392 2413 2393
f 2393 2413 2414
f 2415 2405 2414
f 2414 2405 2393
f 2416 2413 2417
f 2417 2413 2409
f 2419 2420 2418
f 2418 2420 2421
f 2420 2422 2421
f 2421 2422 2423
f 2420 2424 2422
f 2422 2424 2425
f 2426 2427 2424
f 2424 2427 2428
f 2428 2429 2424
f 2424 2429 2425
f 2426 2424 2419
f 2419 2424 2420
f 2419 2418 2431
f 2431 2418 2430
f 2425 2432 2422
f 2422 2432 2423
f 2408 2410 2432
f 2432 2410 2423
f 2423 2410 2433
f 2433 2410 2411
f 2421 2423 2434
f 2434 2423 2433
f 2435 2418 2434
f 2434 2418 2421
f 2429 2417 2425
f 2425 2417 2432
f 2408 2432 2409
f 2409 2432 2417
f 2418 2435 2430
f 2430 2435 2436
f 2438 2435 2437
f 2437 2435 2434
f 2435 2438 2436
f 2436 2438 2439
f 2441 2438 2440
f 2440 2438 2437
f 2442 2443 2437
f 2437 2443 2440
f 2439 2438 2444
f 2444 2438 2441
f 2433 2442 2434
f 2434 2442 2437
f 2412 2442 2411
f 2411 2442 2433
f 2436 2445 2430
f 2430 2445 2446
f 2430 2446 2431
f 2431 2446 2447
f 2417 2429 2448
f 2448 2429 2428
f 2427 2449 2428
f 2428 2449 2448
f 2450 2416 2448
f 2448 2416 2417
f 2451 2450 2449
f 2449 2450 2448
f 2427 2452 2449
f 2449 2452 2453
f 2447 2446 2452
f 2452 2446 2453
f 2454 2412 2399
f 2399 2412 2400
f 2415 2455 2405
f 2405 2455 2398
f 2399 2398 2454
f 2454 2398 2455
f 2454 2455 2443
f 2443 2455 2456
f 2443 2456 2440
f 2440 2456 2457
f 2458 2456 2415
f 2415 2456 2455
f 2443 2442 2454
f 2454 2442 2412
f 2459 2458 2414
f 2414 2458 2415
f 2413 2416 2414
f 2414 2416 2459
f 2459 2416 2460
f 2460 2416 2450
f 2460 2461 2459
f 2459 2461 2458
f 2462 2463 2460
f 2460 2463 2461
f 2461 2457 2458
f 2458 2457 2456
f 2457 2461 2464
f 2464 2461 2463
f 2451 2462 2450
f 2450 2462 2460
f 2462 2451 2465
f 2465 2451 2466
f 2468 2469 2467
f 2467 2469 2465
f 2463 2462 2469
f 2469 2462 2465
f 2465 2466 2467
f 2467 2466 2445
f 2446 2445 2453
f 2453 2445 2466
f 2451 2449 2466
f 2466 2449 2453
f 2464 2441 2457
f 2457 2441 2440
f 2468 2444 2464
f 2464 2444 2441
f 2468 2464 2469
f 2469 2464 2463
f 2467 2439 2468
f 2468 2439 2444
f 2445 2436 2467
f 2467 2436 2439
f 2447 2426 2431
f 2431 2426 2419
f 2427 2426 2452
f 2452 2426 2447
f 2369 2179 2370
f 2370 2179 2178
f 2376 2379 2372
f 2372 2379 2373
f 2389 2381 2388
f 2388 2381 2380
f 2387 2382 2389
f 2389 2382 2381
f 2270 2385 2277
f 2277 2385 2384
f 2379 2388 2373
f 2373 2388 2380
f 2401 2271 2369
f 2369 2271 2179
f 2248 2277 2372
f 2372 2277 2384
f 2401 2390 2385
f 2385 2390 2386
f 2264 2382 2178
f 2178 2382 2370
f 2215 2134 2271
f 2271 2134 2179
f 2005 2000 2199
f 2199 2000 2215
f 2004 2001 2005
f 2005 2001 2000
f 2200 2214 2004
f 2004 2214 2001
f 2470 2471 2473
f 2473 2471 2472
f 2475 2476 2474
f 2474 2476 2477
f 2479 2475 2478
f 2478 2475 2474
f 2481 2482 2480
f 2480 2482 2483
f 2476 2484 2477
f 2477 2484 2485
f 2487 2488 2486
f 2486 2488 2489
f 2133 2490 2058
f 2058 2490 2491
f 2058 2491 2247
f 2247 2491 2492
f 2494 2495 2493
f 2493 2495 2496
f 2476 2483 2484
f 2484 2483 2497
f 2472 2498 2488
f 2488 2498 2489
f 2484 2497 2471
f 2471 2497 2499
f 2500 2479 2496
f 2496 2479 2501
f 2502 2503 2505
f 2505 2503 2504
f 2496 2501 2493
f 2493 2501 2506
f 2479 2478 2501
f 2501 2478 2507
f 2475 2479 2480
f 2480 2479 2500
f 2508 2509 2473
f 2473 2509 2470
f 2509 2510 2470
f 2470 2510 2485
f 2511 2481 2500
f 2500 2481 2480
f 2512 2494 2486
f 2486 2494 2493
f 2485 2484 2470
f 2470 2484 2471
f 2513 2514 2477
f 2477 2514 2474
f 2471 2499 2472
f 2472 2499 2498
f 2476 2475 2483
f 2483 2475 2480
f 2516 2508 2515
f 2515 2508 2473
f 2502 2505 2517
f 2517 2505 2507
f 2504 2487 2505
f 2505 2487 2506
f 2503 2516 2504
f 2504 2516 2515
f 2506 2487 2493
f 2493 2487 2486
f 2517 2507 2518
f 2518 2507 2478
f 2510 2513 2485
f 2485 2513 2477
f 2511 2495 2293
f 2293 2495 2154
f 2514 2518 2474
f 2474 2518 2478
f 2483 2482 2497
f 2497 2482 2492
f 2501 2507 2506
f 2506 2507 2505
f 2488 2487 2515
f 2515 2487 2504
f 2472 2488 2473
f 2473 2488 2515
f 2518 2519 2517
f 2517 2519 2520
f 2521 2519 2514
f 2514 2519 2518
f 2522 2521 2513
f 2513 2521 2514
f 2523 2522 2510
f 2510 2522 2513
f 2517 2520 2502
f 2502 2520 2524
f 2502 2524 2503
f 2503 2524 2525
f 2525 2526 2503
f 2503 2526 2516
f 2527 2524 2528
f 2528 2524 2520
f 2530 2531 2529
f 2529 2531 2532
f 2531 2533 2532
f 2532 2533 2534
f 2531 2535 2533
f 2533 2535 2536
f 2537 2538 2535
f 2535 2538 2539
f 2539 2540 2535
f 2535 2540 2536
f 2537 2535 2530
f 2530 2535 2531
f 2529 2541 2530
f 2530 2541 2542
f 2543 2534 2536
f 2536 2534 2533
f 2519 2521 2543
f 2543 2521 2534
f 2534 2521 2544
f 2544 2521 2522
f 2532 2534 2545
f 2545 2534 2544
f 2529 2532 2546
f 2546 2532 2545
f 2536 2540 2543
f 2543 2540 2528
f 2519 2543 2520
f 2520 2543 2528
f 2541 2529 2547
f 2547 2529 2546
f 2548 2549 2545
f 2545 2549 2546
f 2549 2550 2546
f 2546 2550 2547
f 2551 2552 2548
f 2548 2552 2549
f 2548 2553 2551
f 2551 2553 2554
f 2550 2549 2555
f 2555 2549 2552
f 2545 2544 2548
f 2548 2544 2553
f 2523 2553 2522
f 2522 2553 2544
f 2547 2556 2541
f 2541 2556 2557
f 2541 2557 2542
f 2542 2557 2558
f 2528 2540 2559
f 2559 2540 2539
f 2538 2560 2539
f 2539 2560 2559
f 2561 2527 2559
f 2559 2527 2528
f 2560 2562 2559
f 2559 2562 2561
f 2560 2538 2564
f 2564 2538 2563
f 2558 2557 2563
f 2563 2557 2564
f 2565 2523 2509
f 2509 2523 2510
f 2526 2566 2516
f 2516 2566 2508
f 2509 2508 2565
f 2565 2508 2566
f 2565 2566 2554
f 2554 2566 2567
f 2554 2567 2551
f 2551 2567 2568
f 2569 2567 2526
f 2526 2567 2566
f 2553 2523 2554
f 2554 2523 2565
f 2570 2569 2525
f 2525 2569 2526
f 2524 2527 2525
f 2525 2527 2570
f 2527 2561 2570
f 2570 2561 2571
f 2571 2572 2570
f 2570 2572 2569
f 2573 2574 2571
f 2571 2574 2572
f 2572 2568 2569
f 2569 2568 2567
f 2568 2572 2575
f 2575 2572 2574
f 2562 2573 2561
f 2561 2573 2571
f 2573 2562 2576
f 2576 2562 2577
f 2579 2580 2578
f 2578 2580 2576
f 2574 2573 2580
f 2580 2573 2576
f 2576 2577 2578
f 2578 2577 2556
f 2557 2556 2564
f 2564 2556 2577
f 2562 2560 2577
f 2577 2560 2564
f 2575 2552 2568
f 2568 2552 2551
f 2579 2555 2575
f 2575 2555 2552
f 2579 2575 2580
f 2580 2575 2574
f 2550 2555 2578
f 2578 2555 2579
f 2556 2547 2578
f 2578 2547 2550
f 2558 2537 2542
f 2542 2537 2530
f 2538 2537 2563
f 2563 2537 2558
f 2292 2295 2481
f 2481 2295 2482
f 2486 2489 2512
f 2512 2489 2581
f 2499 2491 2498
f 2498 2491 2490
f 2497 2492 2499
f 2499 2492 2491
f 2155 2154 2494
f 2494 2154 2495
f 2581 2489 2490
f 2490 2489 2498
f 2293 2292 2511
f 2511 2292 2481
f 2191 2155 2512
f 2512 2155 2494
f 2500 2496 2511
f 2511 2496 2495
f 2247 2492 2295
f 2295 2492 2482
f 2583 2584 2582
f 2582 2584 2585
f 2587 2588 2586
f 2586 2588 2589
f 2591 2587 2590
f 2590 2587 2586
f 2593 2594 2592
f 2592 2594 2595
f 2596 2597 2599
f 2599 2597 2598
f 2588 2600 2589
f 2589 2600 2601
f 2602 2603 2605
f 2605 2603 2604
f 2606 2607 2609
f 2609 2607 2608
f 2609 2608 2190
f 2190 2608 2610
f 2611 2612 2614
f 2614 2612 2613
f 2600 2588 2615
f 2615 2588 2595
f 2599 2598 2606
f 2606 2598 2607
f 2584 2616 2604
f 2604 2616 2605
f 2600 2615 2583
f 2583 2615 2617
f 2591 2619 2618
f 2618 2619 2614
f 2621 2622 2620
f 2620 2622 2623
f 2619 2624 2614
f 2614 2624 2611
f 2591 2590 2619
f 2619 2590 2625
f 2587 2591 2592
f 2592 2591 2618
f 2626 2627 2585
f 2585 2627 2582
f 2627 2628 2582
f 2582 2628 2601
f 2629 2593 2618
f 2618 2593 2592
f 2602 2597 2611
f 2611 2597 2612
f 2600 2583 2601
f 2601 2583 2582
f 2630 2631 2589
f 2589 2631 2586
f 2583 2617 2584
f 2584 2617 2616
f 2588 2587 2595
f 2595 2587 2592
f 2633 2626 2632
f 2632 2626 2585
f 2620 2623 2634
f 2634 2623 2625
f 2622 2603 2623
f 2623 2603 2624
f 2621 2633 2622
f 2622 2633 2632
f 2611 2624 2602
f 2602 2624 2603
f 2634 2625 2635
f 2635 2625 2590
f 2628 2630 2601
f 2601 2630 2589
f 2613 2195 2629
f 2629 2195 2194
f 2631 2635 2586
f 2586 2635 2590
f 2595 2594 2615
f 2615 2594 2610
f 2619 2625 2624
f 2624 2625 2623
f 2632 2604 2622
f 2622 2604 2603
f 2585 2584 2632
f 2632 2584 2604
f 2635 2636 2634
f 2634 2636 2637
f 2638 2636 2631
f 2631 2636 2635
f 2639 2638 2630
f 2630 2638 2631
f 2640 2639 2628
f 2628 2639 2630
f 2634 2637 2620
f 2620 2637 2641
f 2620 2641 2621
f 2621 2641 2642
f 2642 2643 2621
f 2621 2643 2633
f 2641 2637 2644
f 2644 2637 2645
f 2646 2647 2649
f 2649 2647 2648
f 2648 2650 2649
f 2649 2650 2651
f 2648 2652 2650
f 2650 2652 2653
f 2652 2654 2656
f 2656 2654 2655
f 2656 2657 2652
f 2652 2657 2653
f 2654 2652 2647
f 2647 2652 2648
f 2647 2646 2659
f 2659 2646 2658
f 2660 2651 2653
f 2653 2651 2650
f 2636 2638 2660
f 2660 2638 2651
f 2651 2638 2661
f 2661 2638 2639
f 2651 2661 2649
f 2649 2661 2662
f 2663 2646 2662
f 2662 2646 2649
f 2653 2657 2660
f 2660 2657 2645
f 2636 2660 2637
f 2637 2660 2645
f 2646 2663 2658
f 2658 2663 2664
f 2665 2666 2662
f 2662 2666 2663
f 2666 2667 2663
f 2663 2667 2664
f 2668 2669 2665
f 2665 2669 2666
f 2665 2670 2668
f 2668 2670 2671
f 2667 2666 2672
f 2672 2666 2669
f 2662 2661 2665
f 2665 2661 2670
f 2640 2670 2639
f 2639 2670 2661
f 2673 2674 2664
f 2664 2674 2658
f 2658 2674 2659
f 2659 2674 2675
f 2645 2657 2676
f 2676 2657 2656
f 2677 2676 2655
f 2655 2676 2656
f 2676 2678 2645
f 2645 2678 2644
f 2677 2679 2676
f 2676 2679 2678
f 2655 2680 2677
f 2677 2680 2681
f 2675 2674 2680
f 2680 2674 2681
f 2682 2640 2627
f 2627 2640 2628
f 2643 2683 2633
f 2633 2683 2626
f 2682 2627 2683
f 2683 2627 2626
f 2683 2684 2682
f 2682 2684 2671
f 2684 2685 2671
f 2671 2685 2668
f 2686 2684 2643
f 2643 2684 2683
f 2670 2640 2671
f 2671 2640 2682
f 2687 2686 2642
f 2642 2686 2643
f 2642 2641 2687
f 2687 2641 2644
f 2687 2644 2688
f 2688 2644 2678
f 2688 2689 2687
f 2687 2689 2686
f 2690 2691 2688
f 2688 2691 2689
f 2689 2685 2686
f 2686 2685 2684
f 2685 2689 2692
f 2692 2689 2691
f 2679 2690 2678
f 2678 2690 2688
f 2690 2679 2693
f 2693 2679 2694
f 2696 2697 2695
f 2695 2697 2693
f 2691 2690 2697
f 2697 2690 2693
f 2693 2694 2695
f 2695 2694 2673
f 2674 2673 2681
f 2681 2673 2694
f 2679 2677 2694
f 2694 2677 2681
f 2685 2692 2668
f 2668 2692 2669
f 2696 2672 2692
f 2692 2672 2669
f 2696 2692 2697
f 2697 2692 2691
f 2695 2667 2696
f 2696 2667 2672
f 2673 2664 2695
f 2695 2664 2667
f 2675 2654 2659
f 2659 2654 2647
f 2655 2654 2680
f 2680 2654 2675
f 2291 2156 2593
f 2593 2156 2594
f 2597 2602 2598
f 2598 2602 2605
f 2616 2617 2607
f 2607 2617 2608
f 2615 2610 2617
f 2617 2610 2608
f 2597 2596 2612
f 2612 2596 2698
f 2598 2605 2607
f 2607 2605 2616
f 2194 2291 2629
f 2629 2291 2593
f 2629 2618 2613
f 2613 2618 2614
f 2190 2610 2156
f 2156 2610 2594
f 2700 2010 2699
f 2699 2010 2086
f 2267 2701 2116
f 2116 2701 2702
f 2116 2702 2117
f 2117 2702 2703
f 2704 2705 2250
f 2250 2705 2254
f 2011 2706 2267
f 2267 2706 2701
f 2699 2086 2707
f 2707 2086 2289
f 2010 2700 2011
f 2011 2700 2706
f 2708 2707 2251
f 2251 2707 2289
f 2703 2704 2117
f 2117 2704 2250
f 2705 2708 2254
f 2254 2708 2251
f 2709 2710 2708
f 2708 2710 2707
f 2711 2709 2705
f 2705 2709 2708
f 2712 2711 2704
f 2704 2711 2705
f 2713 2712 2703
f 2703 2712 2704
f 2707 2710 2699
f 2699 2710 2714
f 2699 2714 2700
f 2700 2714 2715
f 2716 2706 2715
f 2715 2706 2700
f 2714 2710 2717
f 2717 2710 2718
f 2720 2721 2719
f 2719 2721 2722
f 2721 2723 2722
f 2722 2723 2724
f 2721 2725 2723
f 2723 2725 2726
f 2727 2728 2725
f 2725 2728 2726
f 2729 2725 2720
f 2720 2725 2721
f 2731 2729 2730
f 2730 2729 2720
f 2719 2732 2720
f 2720 2732 2730
f 2726 2733 2723
f 2723 2733 2724
f 2709 2711 2733
f 2733 2711 2724
f 2724 2711 2734
f 2734 2711 2712
f 2722 2724 2735
f 2735 2724 2734
f 2719 2722 2736
f 2736 2722 2735
f 2726 2728 2733
f 2733 2728 2718
f 2709 2733 2710
f 2710 2733 2718
f 2732 2719 2737
f 2737 2719 2736
f 2738 2739 2735
f 2735 2739 2736
f 2739 2740 2736
f 2736 2740 2737
f 2741 2742 2738
f 2738 2742 2739
f 2738 2743 2741
f 2741 2743 2744
f 2740 2739 2745
f 2745 2739 2742
f 2735 2734 2738
f 2738 2734 2743
f 2713 2743 2712
f 2712 2743 2734
f 2737 2746 2732
f 2732 2746 2747
f 2732 2747 2730
f 2730 2747 2731
f 2718 2728 2748
f 2748 2728 2727
f 2749 2750 2727
f 2727 2750 2748
f 2748 2751 2718
f 2718 2751 2717
f 2750 2752 2748
f 2748 2752 2751
f 2750 2749 2754
f 2754 2749 2753
f 2731 2747 2753
f 2753 2747 2754
f 2727 2725 2749
f 2749 2725 2729
f 2749 2729 2753
f 2753 2729 2731
f 2702 2755 2703
f 2703 2755 2713
f 2706 2716 2701
f 2701 2716 2756
f 2755 2702 2756
f 2756 2702 2701
f 2756 2757 2755
f 2755 2757 2744
f 2757 2758 2744
f 2744 2758 2741
f 2759 2757 2716
f 2716 2757 2756
f 2743 2713 2744
f 2744 2713 2755
f 2760 2759 2715
f 2715 2759 2716
f 2715 2714 2760
f 2760 2714 2717
f 2760 2717 2761
f 2761 2717 2751
f 2761 2762 2760
f 2760 2762 2759
f 2763 2764 2761
f 2761 2764 2762
f 2762 2758 2759
f 2759 2758 2757
f 2758 2762 2765
f 2765 2762 2764
f 2752 2763 2751
f 2751 2763 2761
f 2763 2752 2766
f 2766 2752 2767
f 2768 2769 2766
f 2766 2769 2770
f 2764 2763 2770
f 2770 2763 2766
f 2766 2767 2768
f 2768 2767 2746
f 2747 2746 2754
f 2754 2746 2767
f 2752 2750 2767
f 2767 2750 2754
f 2758 2765 2741
f 2741 2765 2742
f 2769 2745 2765
f 2765 2745 2742
f 2769 2765 2770
f 2770 2765 2764
f 2768 2740 2769
f 2769 2740 2745
f 2746 2737 2768
f 2768 2737 2740
f 2201 2212 2200
f 2200 2212 2214
f 2201 2202 2212
f 2212 2202 2185
f 2512 2581 2191
f 2191 2581 2192
f 2059 2290 2056
f 2056 2290 2272
f 2174 2199 2294
f 2294 2199 2278
f 2063 2175 2194
f 2194 2175 2291
f 2192 2581 2133
f 2133 2581 2490
f 2133 2132 2192
f 2192 2132 2189
f 2054 2276 2055
f 2055 2276 2138
f 2083 2279 2084
f 2084 2279 2771
f 2771 2279 2599
f 2599 2279 2596
f 2606 2772 2599
f 2599 2772 2771
f 2772 2773 2771
f 2771 2773 2084
f 2773 2774 2084
f 2084 2774 2085
f 2085 2775 2082
f 2082 2775 2144
f 2774 2078 2085
f 2085 2078 2775
f 2078 2774 2079
f 2079 2774 2776
f 2774 2773 2776
f 2776 2773 2777
f 2773 2772 2777
f 2777 2772 2778
f 2190 2189 2609
f 2609 2189 2778
f 2053 2052 2779
f 2779 2052 2181
f 2144 2775 2081
f 2081 2775 2078
f 2294 2153 2174
f 2174 2153 2175
f 2132 2276 2189
f 2189 2276 2778
f 2606 2609 2772
f 2772 2609 2778
f 2195 2613 2698
f 2698 2613 2612
f 2596 2279 2698
f 2698 2279 2195
f 2054 2777 2276
f 2276 2777 2778
f 2777 2054 2776
f 2776 2054 2053
f 2053 2779 2776
f 2776 2779 2079
f 2779 2181 2079
f 2079 2181 2080
f 2181 2239 2080
f 2080 2239 2240
f 2122 2256 2014
f 2042 1982 2076
f 2076 1982 2007
f 1982 1985 2007
f 2007 1985 2008
f 2095 2097 2265
f 2265 2097 2266
f 2076 2050 2042
f 2042 2050 2047
f 2046 2043 2047
f 2047 2043 2042
f 2118 1993 2046
f 2046 1993 2043
f 1995 1994 2118
f 2118 1994 1993
f 2267 1992 2011
f 2011 1992 2012
f 1997 2012 1994
f 1994 2012 1992
f 2226 2013 1997
f 1997 2013 2012
f 2225 2087 2226
f 2226 2087 2013
f 2225 2232 2087
f 2087 2232 2288
f 2232 2070 2288
f 2288 2070 2252
f 2070 2025 2252
f 2252 2025 2253
f 1988 2249 2025
f 2025 2249 2253
f 2116 2115 2267
f 2267 2115 2268
f 2096 1984 2237
f 2237 1984 1991
f 2095 1985 2096
f 2096 1985 1984
f 2265 2008 2095
f 2095 2008 1985
f 2092 2009 2265
f 2265 2009 2008
f 2091 2286 2092
f 2092 2286 2009
f 2255 2238 2091
f 2091 2238 2286
f 2256 2239 2255
f 2255 2239 2238
f 2122 2240 2256
f 2256 2240 2239
f 2121 2241 2122
f 2122 2241 2240
f 2022 2018 2097
f 2097 2018 2266
f 2022 2024 2018
f 2018 2024 2019
f 2024 2072 2019
f 2019 2072 2073
f 2072 2228 2073
f 2073 2228 2230
f 2228 2184 2230
f 2230 2184 2183
f 2121 2285 2241
f 2241 2285 2258
f 2285 2036 2258
f 2258 2036 2257
f 2177 2145 2193
f 2193 2145 2257
f 2173 2193 2196
f 2196 2193 2037
f 2036 2037 2257
f 2257 2037 2193
f 2196 2037 2066
f 2066 2037 2035
f 2061 2108 2034
f 2034 2108 2067
f 2108 2208 2067
f 2067 2208 2204
f 2208 2210 2204
f 2204 2210 2203
f 2210 2280 2203
f 2203 2280 2186
f 2183 2186 2235
f 2235 2186 2280
f 1987 2114 1988
f 1988 2114 2249
f 2237 2115 1987
f 1987 2115 2114
f 1991 2268 2237
f 2237 2268 2115
f 1991 1990 2268
f 2268 1990 1992
f 107 110 2781
f 2781 110 2780
f 117 2782 118
f 118 2782 2783
f 119 2784 120
f 120 2784 2785
f 125 2786 126
f 126 2786 2787
f 127 2788 128
f 128 2788 2789
f 127 132 2788
f 2788 132 2790
f 231 230 2792
f 2792 230 2791
f 118 2783 119
f 119 2783 2784
f 241 243 2794
f 2794 243 2793
f 2781 2795 107
f 107 2795 352
f 120 2785 437
f 437 2785 2796
f 126 2787 110
f 110 2787 2780
f 455 2797 456
f 456 2797 2798
f 128 2789 457
f 457 2789 2799
f 456 2798 117
f 117 2798 2782
f 2794 2797 241
f 241 2797 455
f 457 2799 125
f 125 2799 2786
f 132 231 2790
f 2790 231 2792
f 230 437 2791
f 2791 437 2796
f 2792 2789 2790
f 2790 2789 2788
f 2785 2784 2801
f 2801 2784 2800
f 2786 2802 2787
f 2787 2802 2803
f 2792 2791 2805
f 2805 2791 2804
f 2784 2783 2800
f 2800 2783 2806
f 2785 2801 2796
f 2796 2801 2807
f 2787 2803 2780
f 2780 2803 2808
f 2789 2809 2799
f 2799 2809 2810
f 2799 2810 2786
f 2786 2810 2802
f 2791 2796 2804
f 2804 2796 2807
f 2789 2792 2809
f 2809 2792 2805
f 2812 2797 2811
f 2811 2797 2794
f 2809 2805 2810
f 2810 2805 2804
f 2810 2804 2802
f 2802 2804 2807
f 2802 2807 2803
f 2803 2807 2801
f 2808 2803 2800
f 2800 2803 2801
f 2814 699 2813
f 2813 699 698
f 2808 2815 2780
f 2780 2815 2781
f 2817 2782 2816
f 2816 2782 2798
f 2815 2818 2781
f 2781 2818 2795
f 2797 2812 2798
f 2798 2812 2816
f 2783 2782 2806
f 2806 2782 2817
f 2800 2806 2808
f 2808 2806 2815
f 2794 2793 2811
f 2811 2793 2819
f 174 201 384
f 384 201 362
f 200 1766 390
f 390 1766 1777
f 1777 1778 390
f 390 1778 398
f 1778 361 398
f 398 361 222
f 2820 2821 628
f 628 2821 629
f 1406 2820 790
f 790 2820 628
f 794 1415 1233
f 1233 1415 1234
f 1406 790 1407
f 1407 790 1312
f 1407 1312 2822
f 2822 1312 1316
f 2823 1380 1543
f 1543 1380 1379
f 1385 1738 1382
f 1382 1738 1383
f 1381 791 1382
f 1382 791 1386
f 791 794 1386
f 1386 794 1233
f 1259 1390 1260
f 1260 1390 1389
f 1905 1542 1394
f 1394 1542 1395
f 1410 1413 1397
f 1397 1413 1398
f 2821 1410 629
f 629 1410 1397
f 2823 2822 1380
f 1380 2822 1316
f 1392 1395 1378
f 1378 1395 1379
f 1738 1399 1383
f 1383 1399 1398
f 1388 1235 1389
f 1389 1235 1234
f 1393 1391 1394
f 1394 1391 1390
f 1381 1384 779
f 779 1384 780
f 1282 788 792
f 792 788 793
f 1431 1262 1432
f 1432 1262 1261
f 1400 1342 1408
f 1408 1342 1409
f 1508 1544 1411
f 1411 1544 1412
f 788 787 793
f 793 787 1414
f 2821 2820 1429
f 1429 2820 1430
f 2822 2823 1506
f 1506 2823 1507
f 778 1282 779
f 779 1282 792
f 2820 1406 1430
f 1430 1406 1409
f 1410 2821 1411
f 1411 2821 1429
f 1407 2822 1408
f 1408 2822 1506
f 1544 781 1412
f 1412 781 780
f 1260 1415 1261
f 1261 1415 1414
f 1334 2824 923
f 923 2824 924
f 2826 1268 2825
f 2825 1268 1267
f 769 1212 2827
f 2827 1212 2828
f 1492 1190 1266
f 1266 1190 1267
f 1488 2829 1489
f 1489 2829 2830
f 922 1329 923
f 923 1329 1328
f 1484 2831 1485
f 1485 2831 2832
f 1482 2833 1485
f 1485 2833 1486
f 1324 1493 1489
f 1489 1493 1490
f 1265 1491 1266
f 1266 1491 1490
f 2835 2836 2834
f 2834 2836 2837
f 1250 2838 2827
f 2827 2838 2839
f 1488 1491 2840
f 2840 1491 2841
f 1268 2826 2842
f 2842 2826 2843
f 2844 2845 1495
f 1495 2845 1496
f 1427 2847 2846
f 2846 2847 926
f 2829 1488 2848
f 2848 1488 2840
f 1329 922 2849
f 2849 922 927
f 2850 2851 768
f 768 2851 1213
f 1265 1268 2852
f 2852 1268 2842
f 1491 1265 2841
f 2841 1265 2852
f 2854 2855 2853
f 2853 2855 2856
f 2855 2857 2856
f 2856 2857 598
f 2857 2858 598
f 598 2858 595
f 2858 2859 595
f 595 2859 626
f 649 652 2860
f 2860 652 2861
f 639 642 2862
f 2862 642 2863
f 2864 705 2862
f 2862 705 639
f 2865 1418 2864
f 2864 1418 705
f 2866 2867 2865
f 2865 2867 1418
f 1760 1348 1761
f 1761 1348 2867
f 1764 2868 1197
f 1197 2868 1198
f 2869 611 2868
f 2868 611 1198
f 2870 612 2869
f 2869 612 611
f 1352 1350 944
f 944 1350 688
f 1350 1256 688
f 688 1256 685
f 1256 1255 685
f 685 1255 692
f 1255 2871 692
f 692 2871 2872
f 701 2873 698
f 698 2873 2813
f 2872 1349 692
f 692 1349 693
f 1696 1744 1574
f 1574 1744 1575
f 1753 1618 1577
f 1577 1618 1578
f 1729 1594 1608
f 1608 1594 1609
f 1725 1630 1611
f 1611 1630 1612
f 1604 1607 1625
f 1625 1607 1626
f 1624 1703 1625
f 1625 1703 1912
f 1703 1702 1912
f 1912 1702 1913
f 1702 1753 1913
f 1913 1753 1577
f 1598 1569 1915
f 1915 1569 1578
f 1616 1615 1915
f 1915 1615 1916
f 1615 1696 1916
f 1916 1696 1574
f 1744 1745 1575
f 1575 1745 1917
f 1745 1565 1917
f 1917 1565 1609
f 1568 1725 1608
f 1608 1725 1611
f 2874 1613 1918
f 1918 1613 1612
f 1607 2874 1626
f 1626 2874 1918
f 1610 1613 1562
f 1562 1613 1563
f 1547 1550 1570
f 1570 1550 1571
f 1573 1576 1580
f 1580 1576 1581
f 1553 1556 1595
f 1595 1556 1596
f 1556 1582 1596
f 1596 1582 1581
f 1551 1547 1599
f 1599 1547 1570
f 1731 1914 1601
f 1601 1914 1602
f 1686 1689 1605
f 1605 1689 1606
f 1598 1743 1599
f 1599 1743 1692
f 2874 1607 1723
f 1723 1607 1606
f 1727 1553 1730
f 1730 1553 1595
f 1600 1686 1601
f 1601 1686 1605
f 1914 1572 1602
f 1602 1572 1571
f 1579 1693 1580
f 1580 1693 1692
f 1613 2874 1563
f 1563 2874 1723
f 1561 1727 1562
f 1562 1727 1730
f 1949 1742 1548
f 1548 1742 1549
f 1694 1949 1552
f 1552 1949 1548
f 1954 1589 1554
f 1554 1589 1555
f 1693 1579 1558
f 1558 1579 1559
f 1561 1564 1584
f 1584 1564 1585
f 1582 1556 1588
f 1588 1556 1555
f 1600 1603 1591
f 1591 1603 1592
f 1981 1977 1687
f 1687 1977 1688
f 1564 1722 1585
f 1585 1722 1690
f 1551 1693 1552
f 1552 1693 1558
f 1751 1954 1728
f 1728 1954 1554
f 1590 1981 1591
f 1591 1981 1687
f 1603 1550 1592
f 1592 1550 1549
f 1977 1691 1688
f 1688 1691 1690
f 1587 1560 1588
f 1588 1560 1559
f 1727 1561 1728
f 1728 1561 1584
f 2875 1919 1947
f 1947 1919 1948
f 1557 1560 1952
f 1952 1560 1953
f 1933 1932 1955
f 1955 1932 1956
f 1587 1589 1958
f 1958 1589 1956
f 1959 1933 1965
f 1965 1933 1955
f 1961 1964 1966
f 1966 1964 1967
f 1981 1590 1969
f 1969 1590 1967
f 1742 1949 1972
f 1972 1949 1948
f 1593 1742 1966
f 1966 1742 1972
f 1957 1950 1958
f 1958 1950 1953
f 1583 1586 1974
f 1974 1586 1975
f 1940 1943 1978
f 1978 1943 1979
f 1943 1976 1979
f 1979 1976 1975
f 1951 2875 1952
f 1952 2875 1947
f 1968 1940 1969
f 1969 1940 1978
f 1973 1959 1974
f 1974 1959 1965
f 1923 1971 1920
f 1920 1971 1921
f 1919 2875 1920
f 1920 2875 1924
f 2875 1951 1924
f 1924 1951 1926
f 1950 1957 1929
f 1929 1957 1930
f 2244 2243 1934
f 1934 2243 1935
f 1973 1976 1937
f 1937 1976 1938
f 1944 1980 1941
f 1941 1980 1942
f 1940 1968 1941
f 1941 1968 1945
f 2287 2244 1960
f 1960 2244 1934
f 1970 2245 1962
f 1962 2245 1963
f 2243 1931 1935
f 1935 1931 1930
f 1927 1926 1928
f 1928 1926 1929
f 1961 1922 1962
f 1962 1922 1921
f 2245 1946 1963
f 1963 1946 1945
f 1976 1943 1938
f 1938 1943 1942
f 1936 2287 1937
f 1937 2287 1960
f 743 1238 608
f 608 1238 609
f 607 1811 608
f 608 1811 744
f 1304 2876 1305
f 1305 2876 2877
f 586 585 1298
f 1298 585 1299
f 585 702 1299
f 1299 702 1300
f 702 1428 1300
f 1300 1428 1301
f 1238 586 609
f 609 586 1298
f 2878 2879 1218
f 1218 2879 2877
f 2880 2881 1812
f 1812 2881 1819
f 2883 1821 2882
f 2882 1821 1820
f 2840 2841 620
f 620 2841 621
f 2842 2843 795
f 795 2843 796
f 892 895 2844
f 2844 895 2845
f 2848 2840 942
f 942 2840 620
f 2849 927 1202
f 1202 927 1203
f 2852 2842 1270
f 1270 2842 795
f 2841 2852 621
f 621 2852 1270
f 941 1759 942
f 942 1759 2884
f 659 929 1427
f 1427 929 2847
f 1237 2851 751
f 751 2851 2850
f 1216 2885 1217
f 1217 2885 1754
f 2887 734 2886
f 2886 734 733
f 2889 1816 2888
f 2888 1816 1815
f 2890 1245 2889
f 2889 1245 1816
f 1824 2891 1825
f 1825 2891 1246
f 2892 2893 2895
f 2895 2893 2894
f 1854 1833 1851
f 1851 1833 1832
f 1851 1832 1884
f 1884 1832 1876
f 1884 1876 1441
f 1441 1876 1443
f 1441 1443 1442
f 1442 1443 1446
f 1442 1446 2896
f 2896 1446 1507
f 2897 2823 2898
f 2898 2823 1543
f 1542 2899 1543
f 1543 2899 2898
f 1542 1905 2899
f 2899 1905 2900
f 1905 1259 2900
f 2900 1259 2901
f 1262 1431 2902
f 2902 1431 1904
f 1431 1434 1904
f 1904 1434 1902
f 1902 1434 2903
f 2903 1434 719
f 2903 719 2904
f 2904 719 718
f 1869 1881 718
f 718 1881 2904
f 1881 1869 1880
f 1880 1869 756
f 1880 756 2905
f 2905 756 755
f 2905 755 2906
f 2906 755 758
f 762 2907 763
f 763 2907 2908
f 724 723 2909
f 2909 723 894
f 796 895 723
f 723 895 894
f 2843 2845 796
f 796 2845 895
f 2826 1496 2843
f 2843 1496 2845
f 2825 1497 2826
f 2826 1497 1496
f 1189 2836 2825
f 2825 2836 1497
f 797 891 798
f 798 891 2837
f 802 888 797
f 797 888 891
f 2910 2911 2913
f 2913 2911 2912
f 1780 1783 2915
f 2915 1783 2914
f 2916 2917 831
f 831 2917 832
f 2918 2919 845
f 845 2919 846
f 2920 2916 847
f 847 2916 831
f 2921 2922 857
f 857 2922 858
f 2923 2924 860
f 860 2924 861
f 2919 2912 846
f 846 2912 887
f 2925 2920 940
f 940 2920 847
f 2924 2926 861
f 861 2926 1204
f 2917 2918 832
f 832 2918 845
f 2927 2928 1449
f 1449 2928 1450
f 2929 2930 889
f 889 2930 2931
f 2896 1507 2897
f 2897 1507 2823
f 2902 2901 1262
f 1262 2901 1259
f 2932 2933 750
f 750 2933 1236
f 2933 2934 1236
f 1236 2934 1835
f 2936 2937 2935
f 2935 2937 2938
f 2940 2941 2939
f 2939 2941 2942
f 2943 2944 1841
f 1841 2944 1842
f 2945 1860 2944
f 2944 1860 1842
f 2945 2946 1860
f 1860 2946 1859
f 1889 2947 1890
f 1890 2947 1856
f 1856 2947 1857
f 1857 2947 2948
f 2950 709 2949
f 2949 709 1829
f 2952 730 2951
f 2951 730 729
f 2866 2953 2867
f 2867 2953 1761
f 2953 2954 1761
f 1761 2954 1420
f 2954 2955 1420
f 1420 2955 742
f 2955 2956 742
f 742 2956 739
f 2956 2957 739
f 739 2957 760
f 2957 2958 760
f 760 2958 761
f 2958 2959 761
f 761 2959 2960
f 2959 2961 2960
f 2960 2961 2962
f 2963 2964 1839
f 1839 2964 1840
f 2964 2965 1840
f 1840 2965 2942
f 2966 2950 2939
f 2939 2950 2949
f 2935 2967 2936
f 2936 2967 2968
f 2969 2970 736
f 736 2970 735
f 734 2887 1815
f 1815 2887 2888
f 2887 2882 2888
f 2888 2882 2881
f 1819 1820 1817
f 1817 1820 748
f 1195 1757 1197
f 1197 1757 1424
f 1757 647 1424
f 1424 647 646
f 647 648 646
f 646 648 643
f 648 1271 643
f 643 1271 737
f 1271 725 737
f 737 725 765
f 725 724 765
f 765 724 762
f 762 724 2907
f 2907 724 2909
f 1254 1437 2909
f 2909 1437 2907
f 1438 1253 1836
f 1836 1253 1835
f 1836 1835 2938
f 2938 1835 2934
f 2971 2972 2935
f 2935 2972 2967
f 897 896 2969
f 2969 896 2970
f 1815 1814 734
f 734 1814 731
f 728 1215 896
f 896 1215 732
f 2885 1216 733
f 733 1216 2886
f 1216 1219 2886
f 2886 1219 2883
f 2876 1304 1821
f 1821 1304 749
f 1304 1303 749
f 749 1303 746
f 1818 2973 1817
f 1817 2973 1810
f 747 2974 1818
f 1818 2974 2973
f 747 746 2974
f 2974 746 1303
f 2976 2977 2975
f 2975 2977 2978
f 2976 2979 2901
f 2901 2979 2900
f 2980 2981 2982
f 2982 2981 2979
f 2981 2980 2983
f 2983 2980 2984
f 2985 2897 2983
f 2983 2897 2898
f 2987 2988 2986
f 2986 2988 2985
f 2896 2988 1442
f 1442 2988 1439
f 1903 2977 1904
f 1904 2977 2902
f 1856 1855 1890
f 1890 1855 2989
f 2989 2990 1890
f 1890 2990 1359
f 2990 2991 1359
f 1359 2991 1356
f 2946 2992 1859
f 1859 2992 1893
f 2992 2993 1893
f 1893 2993 775
f 2993 2994 775
f 775 2994 776
f 2986 1356 2987
f 2987 1356 2991
f 2975 2978 776
f 776 2978 777
f 2982 2994 2980
f 2980 2994 2995
f 1357 2984 2995
f 2995 2984 2980
f 2995 2996 1357
f 1357 2996 1358
f 2996 2997 1358
f 1358 2997 1889
f 2998 2999 2932
f 2932 2999 2933
f 2999 2971 2933
f 2933 2971 2934
f 1837 1836 2937
f 2937 1836 2938
f 2943 1841 2941
f 2941 1841 1838
f 3001 2944 3000
f 3000 2944 2943
f 3001 3002 2944
f 2944 3002 2945
f 3002 3003 2945
f 2945 3003 2946
f 2997 3003 1889
f 1889 3003 2947
f 2947 3003 2948
f 2948 3003 3002
f 3001 3004 3002
f 3002 3004 2948
f 3000 3005 3001
f 3001 3005 3004
f 2940 3006 3000
f 3000 3006 3005
f 2999 3007 2971
f 2971 3007 2972
f 2998 2951 2999
f 2999 2951 3007
f 3008 2952 2998
f 2998 2952 2951
f 2966 2965 2936
f 2936 2965 2937
f 2935 2938 2971
f 2971 2938 2934
f 3003 2997 2946
f 2946 2997 2992
f 2997 2996 2992
f 2992 2996 2993
f 2996 2995 2993
f 2993 2995 2994
f 1356 2986 1357
f 1357 2986 2984
f 2982 2975 2994
f 2994 2975 776
f 1844 1843 1899
f 1899 1843 3009
f 1843 638 3009
f 3009 638 3010
f 638 637 3010
f 3010 637 3011
f 637 1830 3011
f 3011 1830 3012
f 1830 1833 3012
f 3012 1833 2894
f 1833 1854 2894
f 2894 1854 2895
f 1854 1853 2895
f 2895 1853 1888
f 1858 1857 1885
f 1885 1857 1892
f 1899 3009 1898
f 1898 3009 1874
f 3009 3010 1874
f 1874 3010 1865
f 3010 3011 1865
f 1865 3011 1862
f 3011 3012 1862
f 1862 3012 1882
f 3012 2894 1882
f 1882 2894 2893
f 1850 2890 782
f 782 2890 2889
f 783 2880 1811
f 1811 2880 1812
f 744 1810 745
f 745 1810 2973
f 745 2973 805
f 805 2973 806
f 2973 2974 806
f 806 2974 815
f 1303 812 2974
f 2974 812 815
f 1303 1302 812
f 812 1302 1221
f 1307 3013 1302
f 1302 3013 1221
f 1734 3014 1633
f 1633 3014 1634
f 1646 1649 1636
f 1636 1649 1637
f 1654 1657 1641
f 1641 1657 1642
f 1639 1736 1636
f 1636 1736 1684
f 1716 1713 1698
f 1698 1713 1699
f 1718 1721 1705
f 1705 1721 1706
f 1653 1654 1709
f 1709 1654 1641
f 1620 1623 1714
f 1714 1623 1699
f 1712 1682 1714
f 1714 1682 1740
f 1668 1671 1746
f 1746 1671 1747
f 1752 1650 1749
f 1749 1650 1750
f 1750 1650 1709
f 1709 1650 1653
f 1632 1668 1633
f 1633 1668 1746
f 1649 1752 1637
f 1637 1752 1749
f 1682 1643 1740
f 1740 1643 1642
f 3014 1685 1634
f 1634 1685 1684
f 1704 1748 1705
f 1705 1748 1747
f 1697 1707 1698
f 1698 1707 1706
f 1739 1701 1621
f 1621 1701 1622
f 1567 1566 1647
f 1647 1566 1648
f 1664 1695 1651
f 1651 1695 1652
f 1614 1617 1655
f 1655 1617 1656
f 1704 1707 1659
f 1659 1707 1660
f 3014 1734 1662
f 1662 1734 1663
f 1650 1752 1651
f 1651 1752 1665
f 1741 1657 1667
f 1667 1657 1656
f 1695 1614 1652
f 1652 1614 1655
f 1724 1567 1726
f 1726 1567 1647
f 1645 1628 1733
f 1733 1628 1663
f 1685 3014 1726
f 1726 3014 1662
f 1620 1741 1621
f 1621 1741 1667
f 1566 1666 1648
f 1648 1666 1665
f 1658 1737 1659
f 1659 1737 1901
f 1911 1661 1910
f 1910 1661 1660
f 1701 1911 1622
f 1622 1911 1910
f 1732 1748 1733
f 1733 1748 1901
f 1857 2948 1892
f 1892 2948 3004
f 1892 3004 1891
f 1891 3004 3005
f 1828 3006 1829
f 1829 3006 2949
f 2967 736 2968
f 2968 736 710
f 2972 2969 2967
f 2967 2969 736
f 2969 2972 897
f 897 2972 3007
f 897 3007 729
f 729 3007 2951
f 3016 753 3015
f 3015 753 752
f 3018 767 3017
f 3017 767 766
f 3019 3020 1249
f 1249 3020 3021
f 2915 2914 3019
f 3019 2914 3020
f 3023 2914 3022
f 3022 2914 1783
f 2827 2839 769
f 769 2839 766
f 3025 2838 3024
f 3024 2838 3021
f 768 767 2850
f 2850 767 3026
f 2850 3026 751
f 751 3026 752
f 750 753 2932
f 2932 753 3027
f 3008 2998 3027
f 3027 2998 2932
f 3028 3029 3008
f 3008 3029 2952
f 3029 3030 2952
f 2952 3030 730
f 3032 3033 3031
f 3031 3033 3034
f 3036 3037 3035
f 3035 3037 3038
f 2870 3039 612
f 612 3039 3040
f 3041 3042 3031
f 3031 3042 3038
f 3034 1352 3043
f 3043 1352 944
f 612 3040 613
f 613 3040 3044
f 613 3044 1425
f 1425 3044 1422
f 3045 3042 669
f 669 3042 670
f 3041 3043 599
f 599 3043 600
f 772 771 1544
f 1544 771 781
f 1503 771 1866
f 1866 771 770
f 771 1503 781
f 781 1503 778
f 61 281 416
f 416 281 1907
f 283 103 3046
f 3046 103 3047
f 76 79 3048
f 3048 79 3049
f 280 76 1906
f 1906 76 3048
f 3051 335 3050
f 3050 335 334
f 3053 417 3052
f 3052 417 416
f 3055 435 3054
f 3054 435 434
f 428 435 419
f 419 435 1908
f 420 1909 293
f 293 1909 443
f 79 294 3049
f 3049 294 444
f 3057 444 3056
f 3056 444 443
f 3051 3058 335
f 335 3058 452
f 216 215 1332
f 1332 215 452
f 308 283 462
f 462 283 3046
f 3050 334 3059
f 3059 334 462
f 103 62 3047
f 3047 62 417
f 313 312 434
f 434 312 463
f 3061 574 3060
f 3060 574 573
f 1310 3062 1428
f 1428 3062 3063
f 1258 3064 1255
f 1255 3064 2871
f 932 3065 2853
f 2853 3065 3066
f 699 2814 931
f 931 2814 3067
f 3068 1301 3063
f 3063 1301 1428
f 571 574 1310
f 1310 574 3062
f 3060 573 3069
f 3069 573 1332
f 3070 3071 1906
f 1906 3071 1907
f 3072 3073 1908
f 1908 3073 1909
f 3075 2814 3074
f 3074 2814 2813
f 2854 3076 1258
f 1258 3076 3064
f 2871 3077 2872
f 2872 3077 3078
f 3074 2813 3079
f 3079 2813 2873
f 2872 3078 1349
f 1349 3078 3080
f 2873 701 3068
f 3068 701 1301
f 1330 1201 3080
f 3080 1201 1349
f 1264 1263 3081
f 3081 1263 3082
f 3083 3084 3082
f 3082 3084 3081
f 811 1448 3086
f 3086 1448 3085
f 808 811 3087
f 3087 811 3086
f 3088 3083 833
f 833 3083 3082
f 884 3089 885
f 885 3089 3090
f 3087 1790 808
f 808 1790 816
f 1790 3087 1787
f 1787 3087 3091
f 3092 3091 3086
f 3086 3091 3087
f 3093 3094 3084
f 3084 3094 3095
f 3089 3096 3090
f 3090 3096 3088
f 3097 3093 3083
f 3083 3093 3084
f 3099 3100 3098
f 3098 3100 1786
f 3101 1788 2913
f 2913 1788 3102
f 838 837 885
f 885 837 886
f 886 837 3103
f 3103 837 1541
f 3094 3093 3104
f 3104 3093 3097
f 3105 3106 3089
f 3089 3106 3096
f 3108 3109 3107
f 3107 3109 3110
f 3111 3112 3091
f 3091 3112 1787
f 3114 3108 3113
f 3113 3108 3107
f 3114 3115 3112
f 3112 3115 3102
f 3091 3092 3111
f 3111 3092 3116
f 839 838 835
f 835 838 836
f 885 3090 838
f 838 3090 836
f 3110 3117 1247
f 1247 3117 3118
f 1247 3118 1248
f 1248 3118 3119
f 3120 3121 3119
f 3119 3121 1248
f 1247 844 3110
f 3110 844 3107
f 844 843 3107
f 3107 843 3113
f 843 3099 3113
f 3113 3099 3122
f 1781 3123 3098
f 3098 3123 3124
f 2915 2931 1780
f 1780 2931 2930
f 3019 3125 2915
f 2915 3125 2931
f 890 3125 2834
f 2834 3125 1252
f 3125 3019 1252
f 1252 3019 1249
f 907 908 946
f 946 908 947
f 1185 1188 1369
f 1369 1188 948
f 954 957 951
f 951 957 952
f 910 965 953
f 953 965 950
f 905 958 960
f 960 958 961
f 3126 978 949
f 949 978 962
f 936 935 967
f 967 935 968
f 994 993 969
f 969 993 966
f 902 904 971
f 971 904 972
f 983 985 973
f 973 985 970
f 906 905 974
f 974 905 960
f 977 981 959
f 959 981 975
f 911 910 1143
f 1143 910 953
f 952 957 1142
f 1142 957 1145
f 911 1143 1366
f 1366 1143 1368
f 1185 1369 1145
f 1145 1369 1142
f 993 1519 966
f 966 1519 1456
f 965 1454 950
f 950 1454 1457
f 900 899 1459
f 1459 899 1460
f 988 991 1461
f 1461 991 1458
f 899 963 1460
f 1460 963 1462
f 985 987 970
f 970 987 1463
f 904 906 972
f 972 906 974
f 981 983 975
f 975 983 973
f 935 900 968
f 968 900 1459
f 991 994 1458
f 1458 994 969
f 1154 1526 1088
f 1088 1526 1089
f 1109 1112 1092
f 1092 1112 1093
f 1083 1098 1084
f 1084 1098 1097
f 1078 1471 1100
f 1100 1471 1101
f 1075 1078 1104
f 1104 1078 1100
f 1152 1154 1156
f 1156 1154 1088
f 1156 1155 1372
f 1372 1155 1373
f 1372 1373 1104
f 1104 1373 1075
f 1467 1109 1465
f 1465 1109 1092
f 1465 1182 1468
f 1468 1182 1184
f 1474 1470 1096
f 1096 1470 1097
f 1102 1101 1083
f 1083 1101 1098
f 1112 1531 1093
f 1093 1531 1529
f 1102 1073 1099
f 1099 1073 1072
f 1526 1154 1079
f 1079 1154 1080
f 1081 1091 1082
f 1082 1091 1094
f 1069 1068 1085
f 1085 1068 1086
f 1153 1151 1080
f 1080 1151 1058
f 1371 1177 1179
f 1179 1177 1176
f 1099 1072 1103
f 1103 1072 1176
f 1068 1071 1086
f 1086 1071 1073
f 1085 1084 1180
f 1180 1084 1469
f 1066 1065 1183
f 1183 1065 1181
f 1153 1152 1177
f 1177 1152 1178
f 1091 1081 1182
f 1182 1081 1183
f 1057 1525 1079
f 1079 1525 1527
f 1120 1117 1076
f 1076 1117 1077
f 1087 1090 1107
f 1107 1090 1108
f 1127 1126 1110
f 1110 1126 1111
f 1095 1116 1096
f 1096 1116 1115
f 1471 1078 1119
f 1119 1078 1077
f 1087 1107 1155
f 1155 1107 1158
f 1376 1374 1157
f 1157 1374 1158
f 1076 1075 1374
f 1374 1075 1373
f 1109 1467 1110
f 1110 1467 1472
f 1467 1466 1472
f 1472 1466 1473
f 1135 1475 1114
f 1114 1475 1115
f 1471 1119 1095
f 1095 1119 1116
f 1126 1532 1111
f 1111 1532 1530
f 914 1276 1480
f 1480 1276 1517
f 3127 3128 1223
f 1223 3128 1224
f 824 933 1455
f 1455 933 3129
f 3131 1448 3130
f 3130 1448 1447
f 3132 3133 1452
f 1452 3133 1453
f 3130 1447 1322
f 1322 1447 1455
f 933 1514 3129
f 3129 1514 3134
f 1161 3135 1480
f 1480 3135 1481
f 3128 3136 1224
f 1224 3136 1499
f 3133 1162 1453
f 1453 1162 1517
f 1515 3127 1535
f 1535 3127 1223
f 3095 3085 3131
f 3131 3085 1448
f 3137 3092 3085
f 3085 3092 3086
f 3138 3116 3137
f 3137 3116 3092
f 3110 3109 3117
f 3117 3109 3139
f 3105 3140 3117
f 3117 3140 3118
f 3140 3141 3118
f 3118 3141 3119
f 3142 3120 3141
f 3141 3120 3119
f 1498 3143 1277
f 1277 3143 882
f 3144 3145 1340
f 1340 3145 1339
f 1340 3146 3144
f 3144 3146 3147
f 3145 3144 3143
f 3143 3144 3148
f 871 901 872
f 872 901 1362
f 3149 3148 3147
f 3147 3148 3144
f 1208 3150 1209
f 3098 1786 1781
f 1781 1786 1782
f 2930 2929 3123
f 3123 2929 2911
f 1794 1791 2916
f 2916 1791 2917
f 1793 3101 2918
f 2918 3101 2919
f 1796 1794 2920
f 2920 1794 2916
f 3151 3152 2921
f 2921 3152 2922
f 3153 3154 2923
f 2923 3154 2924
f 2919 3101 2912
f 2912 3101 2913
f 3155 1796 2925
f 2925 1796 2920
f 3154 3156 2924
f 2924 3156 2926
f 1791 1793 2917
f 2917 1793 2918
f 3157 3158 2927
f 2927 3158 2928
f 1780 2930 1781
f 1781 2930 3123
f 2825 1267 1189
f 1189 1267 1190
f 2827 2828 1250
f 1250 2828 1251
f 1489 2830 1324
f 1324 2830 1325
f 923 1328 1334
f 1334 1328 1335
f 1485 2832 1482
f 1482 2832 1483
f 1266 1490 1492
f 1492 1490 1493
f 1333 1346 1334
f 1334 1346 2824
f 722 799 1492
f 1492 799 1190
f 664 657 1482
f 1482 657 2833
f 631 634 1324
f 1324 634 1493
f 2828 1494 1251
f 1251 1494 2835
f 1249 3021 1250
f 1250 3021 2838
f 798 2837 1189
f 1189 2837 2836
f 3100 842 3160
f 3160 842 3159
f 1788 3101 1789
f 1789 3101 1793
f 1792 816 1789
f 1789 816 1790
f 817 816 1795
f 1795 816 1792
f 938 817 1797
f 1797 817 1795
f 1796 3155 1797
f 1797 3155 1798
f 3155 3158 1798
f 1798 3158 1799
f 3157 3152 1801
f 1801 3152 1802
f 3151 3156 1803
f 1803 3156 1804
f 3154 3153 1805
f 1805 3153 1806
f 3153 3161 1806
f 1806 3161 1807
f 3099 843 3100
f 3100 843 842
f 1788 1787 3102
f 3102 1787 3112
f 2910 3115 3124
f 3124 3115 3122
f 3099 3098 3122
f 3122 3098 3124
f 416 1907 3052
f 3052 1907 3071
f 3046 3047 3163
f 3163 3047 3162
f 249 445 259
f 259 445 3164
f 425 3165 424
f 424 3165 461
f 408 410 329
f 329 410 330
f 39 331 40
f 40 331 332
f 305 304 423
f 423 304 464
f 385 254 458
f 458 254 392
f 250 415 251
f 251 415 412
f 233 337 234
f 234 337 3166
f 435 3055 1908
f 1908 3055 3072
f 443 1909 3056
f 3056 1909 3073
f 3167 3049 3057
f 3057 3049 444
f 452 3058 1332
f 1332 3058 3069
f 234 3166 346
f 346 3166 411
f 3046 3163 462
f 462 3163 3059
f 259 3164 260
f 260 3164 336
f 3047 417 3162
f 3162 417 3053
f 463 3168 434
f 434 3168 3054
f 454 830 425
f 425 830 3165
f 3062 3169 3063
f 3063 3169 3170
f 1355 1354 1534
f 1534 1354 3171
f 3063 3170 3068
f 3068 3170 3172
f 574 3061 3062
f 3062 3061 3169
f 1534 3171 1535
f 1535 3171 3173
f 3079 2873 3172
f 3172 2873 3068
f 2838 3025 2839
f 2839 3025 3174
f 3176 3177 3175
f 3175 3177 3178
f 3180 1125 3179
f 3179 1125 1128
f 3182 3183 3181
f 3181 3183 3184
f 1134 3185 1130
f 1130 3185 3182
f 3186 3187 3189
f 3189 3187 3188
f 3191 3189 3190
f 3190 3189 3188
f 1137 1122 3190
f 3190 1122 3192
f 3175 3178 3193
f 3193 3178 3194
f 3181 3184 3179
f 3179 3184 3195
f 3197 3198 3196
f 3196 3198 3180
f 3200 3178 3199
f 3199 3178 3177
f 3202 3196 3201
f 3201 3196 3195
f 3204 3184 3203
f 3203 3184 3183
f 3206 3207 3205
f 3205 3207 3186
f 3205 3186 3208
f 3208 3186 3189
f 3209 3208 3191
f 3191 3208 3189
f 3210 3194 3200
f 3200 3194 3178
f 3201 3195 3204
f 3204 3195 3184
f 3197 3211 3177
f 3177 3211 3199
f 3213 3214 3212
f 3212 3214 3215
f 3217 3218 3216
f 3216 3218 3219
f 3221 3222 3220
f 3220 3222 3223
f 3225 3226 3224
f 3224 3226 3227
f 3229 3230 3228
f 3228 3230 3231
f 3233 3234 3232
f 3232 3234 3235
f 3237 3238 3236
f 3236 3238 3239
f 3238 3240 3239
f 3239 3240 3241
f 3232 3235 3242
f 3242 3235 3243
f 3245 3246 3244
f 3244 3246 3247
f 3248 3249 3245
f 3245 3249 3246
f 3251 3252 3250
f 3250 3252 3253
f 3255 3252 3254
f 3254 3252 3251
f 3256 3257 3259
f 3259 3257 3258
f 3261 3262 3260
f 3260 3262 3263
f 3265 3263 3264
f 3264 3263 3262
f 3256 3259 3266
f 3266 3259 3267
f 3269 3270 3268
f 3268 3270 3271
f 3269 3272 3270
f 3270 3272 3273
f 3274 3275 3277
f 3277 3275 3276
f 3278 3279 3276
f 3276 3279 3277
f 3281 3282 3280
f 3280 3282 3283
f 3280 3284 3281
f 3281 3284 3285
f 3287 3288 3286
f 3286 3288 3289
f 3290 3291 3288
f 3288 3291 3289
f 3234 3218 3235
f 3235 3218 3217
f 3232 3292 3233
f 3233 3292 3293
f 3239 3294 3236
f 3236 3294 3219
f 3233 3293 3237
f 3237 3293 3295
f 3296 3294 3241
f 3241 3294 3239
f 3240 3238 3297
f 3297 3238 3298
f 3217 3216 3235
f 3235 3216 3243
f 3297 3299 3240
f 3240 3299 3242
f 3246 3300 3247
f 3247 3300 3223
f 3301 3302 3254
f 3254 3302 3244
f 3249 3303 3246
f 3246 3303 3300
f 3245 3304 3248
f 3248 3304 3292
f 3252 3221 3253
f 3253 3221 3220
f 3250 3248 3299
f 3299 3248 3292
f 3222 3221 3255
f 3255 3221 3252
f 3297 3301 3251
f 3251 3301 3254
f 3258 3214 3259
f 3259 3214 3213
f 3257 3256 3304
f 3304 3256 3305
f 3263 3306 3260
f 3260 3306 3215
f 3261 3257 3302
f 3302 3257 3304
f 3307 3306 3265
f 3265 3306 3263
f 3262 3301 3264
f 3264 3301 3308
f 3259 3213 3267
f 3267 3213 3212
f 3308 3309 3264
f 3264 3309 3266
f 3270 3310 3271
f 3271 3310 3231
f 3311 3312 3278
f 3278 3312 3268
f 3270 3273 3310
f 3310 3273 3313
f 3272 3269 3305
f 3305 3269 3314
f 3277 3229 3274
f 3274 3229 3228
f 3275 3272 3309
f 3309 3272 3305
f 3279 3230 3277
f 3277 3230 3229
f 3276 3308 3278
f 3278 3308 3311
f 3281 3315 3282
f 3282 3315 3227
f 3290 3316 3283
f 3283 3316 3317
f 3281 3285 3315
f 3315 3285 3318
f 3284 3280 3314
f 3314 3280 3319
f 3289 3225 3286
f 3286 3225 3224
f 3287 3284 3312
f 3284 3314 3312
f 3291 3226 3289
f 3289 3226 3225
f 3288 3311 3290
f 3290 3311 3316
f 3212 3215 3307
f 3307 3215 3306
f 3294 3296 3219
f 3219 3296 3216
f 3303 3220 3300
f 3300 3220 3223
f 3224 3227 3318
f 3318 3227 3315
f 3228 3231 3313
f 3313 3231 3310
f 3234 3233 3236
f 3236 3233 3237
f 3243 3241 3242
f 3242 3241 3240
f 3247 3255 3244
f 3244 3255 3254
f 3253 3249 3250
f 3250 3249 3248
f 3260 3258 3261
f 3261 3258 3257
f 3266 3267 3264
f 3264 3267 3265
f 3268 3271 3278
f 3278 3271 3279
f 3274 3273 3275
f 3275 3273 3272
f 3283 3282 3290
f 3290 3282 3291
f 3286 3285 3287
f 3287 3285 3284
f 3218 3234 3219
f 3219 3234 3236
f 3295 3298 3237
f 3237 3298 3238
f 3216 3296 3243
f 3243 3296 3241
f 3242 3299 3232
f 3232 3299 3292
f 3223 3222 3247
f 3247 3222 3255
f 3244 3302 3245
f 3245 3302 3304
f 3303 3249 3220
f 3220 3249 3253
f 3297 3251 3299
f 3299 3251 3250
f 3215 3214 3260
f 3260 3214 3258
f 3301 3262 3302
f 3302 3262 3261
f 3212 3307 3267
f 3267 3307 3265
f 3266 3309 3256
f 3256 3309 3305
f 3271 3231 3279
f 3279 3231 3230
f 3268 3312 3269
f 3269 3312 3314
f 3228 3313 3274
f 3274 3313 3273
f 3308 3276 3309
f 3309 3276 3275
f 3282 3227 3291
f 3291 3227 3226
f 3317 3319 3283
f 3283 3319 3280
f 3224 3318 3286
f 3286 3318 3285
f 3312 3311 3287
f 3311 3288 3287
f 3320 3321 3194
f 3194 3321 3193
f 1375 3321 1121
f 1121 3321 3322
f 3323 3324 3322
f 3322 3324 3192
f 3175 1124 3176
f 3176 1124 1123
f 3179 3195 3180
f 3180 3195 3196
f 3181 1131 3182
f 3182 1131 1130
f 3207 3185 3186
f 3186 3185 3187
f 1136 3188 1133
f 1133 3188 3187
f 3190 3188 1137
f 1137 3188 1136
f 3193 1159 3175
f 3175 1159 1124
f 3179 1128 3181
f 3181 1128 1131
f 1533 3198 1123
f 1123 3198 3176
f 3321 1375 3193
f 3193 1375 1159
f 3321 3320 3322
f 3322 3320 3323
f 1122 1121 3192
f 3192 1121 3322
f 3194 3210 3320
f 3320 3210 3325
f 3324 3323 3327
f 3327 3323 3326
f 3320 3325 3323
f 3323 3325 3326
f 3208 3328 3205
f 3205 3328 3329
f 3330 3206 3329
f 3329 3206 3205
f 3203 3331 3204
f 3204 3331 3332
f 3210 3333 3325
f 3325 3333 3334
f 3325 3334 3326
f 3326 3334 3335
f 3327 3326 3336
f 3336 3326 3335
f 3327 3209 3324
f 3324 3209 3191
f 3190 3192 3191
f 3191 3192 3324
f 3338 3339 3337
f 3337 3339 3340
f 3338 3341 3339
f 3339 3341 3342
f 3341 3343 3342
f 3342 3343 3344
f 3343 3345 3344
f 3344 3345 3346
f 3345 3347 3346
f 3346 3347 3348
f 3347 3349 3348
f 3348 3349 3350
f 3337 3340 3351
f 3351 3340 3352
f 3351 3352 3353
f 3353 3352 3354
f 3353 3354 3355
f 3355 3354 3356
f 3350 3349 3357
f 3357 3349 3358
f 3355 3356 3359
f 3359 3356 3360
f 3359 3360 3361
f 3361 3360 3362
f 3361 3362 3363
f 3363 3362 3364
f 3363 3364 3358
f 3358 3364 3357
f 3339 3342 3365
f 3365 3342 3366
f 3342 3344 3366
f 3366 3344 3367
f 3344 3346 3367
f 3367 3346 3368
f 3346 3348 3368
f 3368 3348 3369
f 3348 3350 3369
f 3369 3350 3370
f 3368 3369 3371
f 3371 3369 3372
f 3369 3370 3372
f 3372 3370 3373
f 3373 3374 3372
f 3372 3374 3375
f 3377 3378 3376
f 3376 3378 3379
f 3377 3375 3378
f 3378 3375 3374
f 3375 3380 3372
f 3372 3380 3371
f 3377 3381 3375
f 3375 3381 3380
f 3376 3382 3377
f 3377 3382 3381
f 3384 3385 3383
f 3383 3385 3386
f 3384 3383 3388
f 3388 3383 3387
f 3388 3387 3389
f 3389 3387 3390
f 3392 3385 3391
f 3391 3385 3384
f 3388 3393 3384
f 3384 3393 3391
f 3389 3394 3388
f 3388 3394 3393
f 3389 3395 3394
f 3394 3395 3396
f 3395 3389 3397
f 3397 3389 3390
f 3339 3365 3340
f 3340 3365 3398
f 3340 3398 3352
f 3352 3398 3399
f 3371 3400 3368
f 3368 3400 3367
f 3400 3401 3367
f 3367 3401 3366
f 3366 3401 3365
f 3365 3401 3402
f 3398 3365 3403
f 3403 3365 3402
f 3398 3403 3399
f 3399 3403 3404
f 3403 3405 3404
f 3404 3405 3406
f 3352 3399 3354
f 3354 3399 3407
f 3399 3404 3407
f 3407 3404 3408
f 3404 3406 3408
f 3408 3406 3409
f 3405 3410 3406
f 3406 3410 3411
f 3410 3412 3411
f 3411 3412 3413
f 3397 3414 3395
f 3395 3414 3415
f 3417 3415 3416
f 3416 3415 3412
f 3410 3418 3412
f 3412 3418 3416
f 3410 3405 3418
f 3418 3405 3419
f 3405 3403 3419
f 3419 3403 3402
f 3370 3350 3420
f 3420 3350 3357
f 3373 3370 3421
f 3421 3370 3420
f 3374 3373 3422
f 3422 3373 3421
f 3378 3374 3423
f 3423 3374 3422
f 3378 3423 3379
f 3379 3423 3424
f 3424 3425 3379
f 3379 3425 3386
f 3383 3426 3387
f 3387 3426 3427
f 3387 3427 3390
f 3390 3427 3428
f 3390 3428 3397
f 3397 3428 3429
f 3429 3430 3397
f 3397 3430 3414
f 3411 3413 3431
f 3431 3413 3432
f 3406 3411 3409
f 3409 3411 3431
f 3401 3400 3335
f 3335 3400 3336
f 3401 3335 3402
f 3402 3335 3334
f 3402 3334 3419
f 3419 3334 3333
f 3419 3333 3418
f 3418 3333 3433
f 3418 3433 3416
f 3416 3433 3434
f 3435 3417 3434
f 3434 3417 3416
f 3394 3396 3436
f 3436 3396 3437
f 3393 3394 3332
f 3332 3394 3436
f 3393 3332 3391
f 3391 3332 3331
f 3330 3392 3331
f 3331 3392 3391
f 3382 3329 3381
f 3381 3329 3328
f 3354 3407 3356
f 3356 3407 3438
f 3356 3438 3360
f 3360 3438 3439
f 3360 3439 3362
f 3362 3439 3440
f 3362 3440 3364
f 3364 3440 3441
f 3364 3441 3357
f 3357 3441 3420
f 3421 3420 3442
f 3442 3420 3441
f 3442 3441 3443
f 3443 3441 3440
f 3443 3440 3444
f 3444 3440 3439
f 3444 3439 3445
f 3445 3439 3438
f 3445 3438 3408
f 3408 3438 3407
f 3422 3421 3446
f 3446 3421 3442
f 3446 3442 3447
f 3447 3442 3443
f 3447 3443 3448
f 3448 3443 3444
f 3448 3444 3449
f 3449 3444 3445
f 3449 3445 3409
f 3409 3445 3408
f 3409 3431 3449
f 3449 3431 3450
f 3449 3450 3448
f 3448 3450 3451
f 3451 3452 3448
f 3448 3452 3447
f 3447 3452 3446
f 3446 3452 3453
f 3446 3453 3422
f 3422 3453 3423
f 3424 3423 3454
f 3454 3423 3453
f 3452 3455 3453
f 3453 3455 3454
f 3452 3451 3455
f 3455 3451 3456
f 3450 3457 3451
f 3451 3457 3456
f 3431 3432 3450
f 3450 3432 3457
f 3454 3458 3424
f 3424 3458 3425
f 3427 3426 3459
f 3459 3426 3460
f 3428 3427 3461
f 3461 3427 3459
f 3428 3461 3429
f 3429 3461 3462
f 3462 3463 3429
f 3429 3463 3430
f 3464 3465 3462
f 3462 3465 3463
f 3455 3466 3454
f 3454 3466 3458
f 3465 3464 3466
f 3466 3464 3467
f 3461 3459 3468
f 3468 3459 3469
f 3468 3469 3464
f 3464 3469 3467
f 3464 3462 3468
f 3468 3462 3461
f 3459 3460 3469
f 3469 3460 3467
f 3295 3351 3298
f 3298 3351 3353
f 3353 3355 3298
f 3298 3355 3297
f 3297 3355 3301
f 3301 3355 3359
f 3301 3359 3308
f 3308 3359 3361
f 3308 3361 3311
f 3311 3361 3363
f 3311 3363 3316
f 3316 3363 3358
f 3316 3358 3317
f 3317 3358 3349
f 3349 3347 3317
f 3317 3347 3319
f 3347 3345 3319
f 3319 3345 3314
f 3345 3343 3314
f 3314 3343 3305
f 3343 3341 3305
f 3305 3341 3304
f 3304 3341 3292
f 3292 3341 3338
f 3292 3338 3293
f 3293 3338 3337
f 3293 3337 3295
f 3295 3337 3351
f 3437 3202 3436
f 3436 3202 3201
f 3436 3201 3332
f 3332 3201 3204
f 3433 3200 3434
f 3434 3200 3199
f 3211 3435 3199
f 3199 3435 3434
f 3333 3210 3433
f 3433 3210 3200
f 3380 3470 3371
f 3400 3371 3336
f 3336 3371 3470
f 3381 3328 3380
f 3380 3328 3470
f 3470 3328 3209
f 3209 3328 3208
f 3336 3470 3327
f 3327 3470 3209
f 1545 1763 1546
f 1546 1763 1762
f 1403 1546 773
f 773 1546 770
f 1221 3013 1220
f 1220 3013 3471
f 1305 2877 1306
f 1306 2877 2879
f 1220 3471 828
f 828 3471 829
f 1217 1754 3472
f 3472 1754 1756
f 1049 3473 1048
f 1048 3473 3474
f 1371 1179 3473
f 3473 1179 3474
f 1074 3475 1179
f 1179 3475 3474
f 3474 3475 1048
f 1048 3475 1056
f 919 666 1345
f 1345 666 665
f 856 680 919
f 919 680 666
f 679 680 1449
f 1449 680 858
f 1367 878 1500
f 1500 878 877
f 1366 908 1367
f 1367 908 878
f 1512 916 1513
f 1513 916 915
f 947 1368 948
f 948 1368 1369
f 1047 1021 1044
f 1044 1021 1020
f 1370 1049 1019
f 1019 1049 1020
f 1173 1030 1174
f 1174 1030 1033
f 3126 1188 1464
f 1464 1188 1187
f 1800 1451 1512
f 1512 1451 916
f 1175 1174 1186
f 1186 1174 1187
f 1030 1173 1047
f 1047 1173 1021
f 1513 915 3476
f 3476 915 1481
f 1345 665 3477
f 3477 665 1483
f 1502 1501 876
f 876 1501 877
f 1205 1451 1803
f 1803 1451 1802
f 3479 2832 3478
f 3478 2832 2831
f 1449 858 2927
f 2927 858 2922
f 908 1366 947
f 947 1366 1368
f 949 948 3126
f 3126 948 1188
f 3480 3135 1502
f 1502 3135 1501
f 2927 2922 3157
f 3157 2922 3152
f 3477 1483 3479
f 3479 1483 2832
f 1803 1802 3151
f 3151 1802 3152
f 663 658 664
f 664 658 657
f 655 658 939
f 939 658 706
f 1512 870 1800
f 1800 870 869
f 875 874 876
f 876 874 873
f 849 874 905
f 905 874 958
f 949 962 946
f 946 962 961
f 978 3126 979
f 979 3126 1464
f 1031 1168 1032
f 1032 1168 1022
f 1045 1013 1046
f 1046 1013 1012
f 1045 1044 1056
f 1056 1044 1048
f 1047 1046 1030
f 1030 1046 1031
f 939 706 940
f 940 706 1450
f 979 1464 1032
f 1032 1464 1033
f 3480 1478 3476
f 3476 1478 3134
f 2829 1487 2830
f 2830 1487 1486
f 848 1230 873
f 873 1230 1479
f 867 870 933
f 933 870 1514
f 1800 869 1801
f 1801 869 1799
f 2830 1486 1325
f 1325 1486 2833
f 940 1450 2925
f 2925 1450 2928
f 946 961 907
f 907 961 958
f 959 962 977
f 977 962 978
f 3476 3134 1513
f 1513 3134 1514
f 2925 2928 3155
f 3155 2928 3158
f 1325 2833 656
f 656 2833 657
f 1801 1799 3157
f 3157 1799 3158
f 1074 1055 3475
f 3475 1055 1056
f 1371 3473 1370
f 1370 3473 1049
f 2884 615 3481
f 3481 615 618
f 3478 2831 2846
f 2846 2831 617
f 2831 1484 617
f 617 1484 618
f 1484 1487 618
f 618 1487 3481
f 2848 3481 2829
f 2829 3481 1487
f 1480 1517 1161
f 1161 1517 1162
f 3129 1323 1455
f 1455 1323 1322
f 3129 3134 1323
f 1323 3134 1478
f 1535 3173 1515
f 1515 3173 1516
f 3085 3095 3137
f 3137 3095 3094
f 3137 3094 3138
f 3138 3094 3104
f 3117 3139 3105
f 3105 3139 3106
f 1138 1141 3127
f 3127 1141 3128
f 3081 3131 1264
f 1264 3131 3130
f 1227 1226 3132
f 3132 1226 3133
f 1264 3130 1229
f 1229 3130 1322
f 1160 1501 1161
f 1161 1501 3135
f 1141 1476 3128
f 3128 1476 3136
f 1226 1163 3133
f 3133 1163 1162
f 1363 1138 1515
f 1515 1138 3127
f 3084 3095 3081
f 3081 3095 3131
f 3089 884 3105
f 3105 884 3140
f 884 883 3140
f 3140 883 3141
f 883 3482 3141
f 3141 3482 3142
f 3476 1481 3480
f 3480 1481 3135
f 1502 1479 3480
f 3480 1479 1478
f 3168 463 440
f 714 1880 715
f 715 1880 2905
f 896 732 2970
f 2970 732 731
f 1263 834 3082
f 3082 834 833
f 898 1231 853
f 853 1231 854
f 3125 890 2931
f 2931 890 889
f 1237 893 2851
f 2851 893 892
f 898 853 899
f 899 853 963
f 988 987 989
f 989 987 986
f 1002 1007 1003
f 1003 1007 1006
f 1038 1036 1007
f 1007 1036 1004
f 1070 1052 1005
f 1005 1052 1006
f 1069 1067 1070
f 1070 1067 1052
f 1130 1129 1134
f 1134 1129 1135
f 879 1167 880
f 880 1167 1166
f 1171 1169 1037
f 1037 1169 1038
f 1085 1180 1069
f 1069 1180 1067
f 1209 1210 879
f 879 1210 1167
f 2885 1215 1754
f 1754 1215 1214
f 1263 855 834
f 834 855 854
f 708 1244 1826
f 1826 1244 1243
f 2909 894 1254
f 1254 894 893
f 1228 1361 964
f 964 1361 1360
f 2908 2907 1436
f 1436 2907 1437
f 2990 1440 2991
f 2991 1440 1439
f 964 1360 965
f 965 1360 1454
f 950 1457 951
f 951 1457 1456
f 970 1463 971
f 971 1463 1462
f 1025 1169 984
f 984 1169 986
f 1084 1097 1469
f 1469 1097 1470
f 1096 1115 1474
f 1474 1115 1475
f 1140 1361 1141
f 1141 1361 1476
f 1212 1495 2828
f 2828 1495 1494
f 880 1166 1452
f 1452 1166 1499
f 715 2905 1504
f 1504 2905 2906
f 954 1519 955
f 955 1519 1518
f 1026 1520 992
f 992 1520 1518
f 1029 1520 1043
f 1043 1520 1521
f 997 1522 1040
f 1040 1522 1521
f 1015 1522 1016
f 1016 1522 1523
f 1523 996 1524
f 1524 996 1062
f 1057 1060 1525
f 1525 1060 1524
f 1094 1528 1082
f 1082 1528 1527
f 1526 1528 1089
f 1089 1528 1529
f 1090 1531 1108
f 1108 1531 1530
f 1125 1533 1126
f 1126 1533 1532
f 3483 1755 727
f 727 1755 1214
f 735 1814 707
f 707 1814 1813
f 2891 1834 1246
f 1246 1834 1243
f 2904 1881 1847
f 1847 1881 1848
f 1852 1855 1853
f 1853 1855 1858
f 1902 2903 1877
f 1877 2903 1878
f 2903 2904 1878
f 1878 2904 1847
f 714 713 1848
f 1848 713 1849
f 1440 2990 1883
f 1883 2990 2989
f 1883 2989 1852
f 1852 2989 1855
f 2895 1888 2892
f 2892 1888 1887
f 774 777 1877
f 1877 777 1903
f 1251 2835 1252
f 1252 2835 2834
f 1213 2844 1212
f 1212 2844 1495
f 2851 892 1213
f 1213 892 2844
f 3123 2911 3124
f 3124 2911 2910
f 887 2929 888
f 888 2929 889
f 1435 2963 1436
f 1436 2963 2961
f 1253 1438 1254
f 1254 1438 1437
f 2970 731 735
f 735 731 1814
f 733 732 2885
f 2885 732 1215
f 2901 2902 2976
f 2976 2902 2977
f 2975 2982 2976
f 2976 2982 2979
f 2899 2900 2981
f 2981 2900 2979
f 2899 2981 2898
f 2898 2981 2983
f 2986 2985 2984
f 2984 2985 2983
f 2897 2985 2896
f 2896 2985 2988
f 2991 1439 2987
f 2987 1439 2988
f 777 2978 1903
f 1903 2978 2977
f 1885 1888 1858
f 1858 1888 1853
f 3090 3088 836
f 836 3088 833
f 3083 3088 3097
f 3097 3088 3096
f 3097 3096 3104
f 3104 3096 3106
f 3111 3116 3108
f 3108 3116 3109
f 3112 3111 3114
f 3114 3111 3108
f 3113 3122 3114
f 3114 3122 3115
f 891 890 2837
f 2837 890 2834
f 951 1456 954
f 954 1456 1519
f 967 1457 936
f 936 1457 1454
f 971 1462 902
f 902 1462 963
f 1461 1463 988
f 988 1463 987
f 1466 1468 1474
f 1474 1468 1470
f 1089 1529 1090
f 1090 1529 1531
f 1184 1181 1469
f 1469 1181 1180
f 1082 1527 1061
f 1061 1527 1525
f 1129 1473 1135
f 1135 1473 1475
f 1108 1530 1105
f 1105 1530 1532
f 1452 1499 3132
f 3132 1499 3136
f 3109 3116 3139
f 3139 3116 3138
f 2912 2911 887
f 887 2911 2929
f 2836 2835 1497
f 1497 2835 1494
f 2913 3102 2910
f 2910 3102 3115
f 1133 3187 1134
f 1134 3187 3185
f 3177 3176 3197
f 3197 3176 3198
f 3203 3183 3206
f 3206 3183 3207
f 3196 3202 3197
f 3197 3202 3211
f 3183 3182 3207
f 3207 3182 3185
f 1125 3180 1533
f 1533 3180 3198
f 3331 3203 3330
f 3330 3203 3206
f 3376 3379 3385
f 3385 3379 3386
f 3382 3376 3392
f 3392 3376 3385
f 3412 3415 3413
f 3413 3415 3414
f 3417 3396 3415
f 3415 3396 3395
f 3383 3386 3426
f 3426 3386 3425
f 3413 3414 3432
f 3432 3414 3430
f 3437 3396 3435
f 3435 3396 3417
f 3329 3382 3330
f 3330 3382 3392
f 3426 3425 3460
f 3460 3425 3458
f 3432 3430 3457
f 3457 3430 3463
f 3457 3463 3456
f 3456 3463 3465
f 3460 3458 3467
f 3467 3458 3466
f 3466 3455 3465
f 3465 3455 3456
f 3202 3437 3211
f 3211 3437 3435
f 3104 3106 3138
f 3138 3106 3139
f 3132 3136 1227
f 1227 3136 1476
f 943 687 600
f 600 687 601
f 596 625 667
f 667 625 1297
f 687 686 601
f 601 686 653
f 1319 784 711
f 711 784 712
f 1811 607 783
f 783 607 712
f 862 921 917
f 917 921 920
f 3478 925 3479
f 3479 925 924
f 2846 926 3478
f 3478 926 925
f 659 662 929
f 929 662 930
f 856 921 857
f 857 921 1204
f 1206 864 1207
f 1207 864 863
f 2876 1219 2877
f 2877 1219 1218
f 667 1297 593
f 593 1297 1296
f 917 920 1333
f 1333 920 1346
f 686 693 653
f 653 693 930
f 1277 913 1498
f 1498 913 1207
f 592 1536 610
f 610 1536 711
f 864 1206 1805
f 1805 1206 1804
f 1317 1536 1900
f 1900 1536 1809
f 1900 1809 1295
f 1295 1809 1296
f 3479 924 3477
f 3477 924 2824
f 927 926 1203
f 1203 926 2847
f 3484 2859 3032
f 3032 2859 3033
f 3472 2878 1217
f 1217 2878 1218
f 2889 2888 2880
f 2880 2888 2881
f 2886 2883 2887
f 2887 2883 2882
f 929 928 2847
f 2847 928 1203
f 857 1204 2921
f 2921 1204 2926
f 1820 1819 2882
f 2882 1819 2881
f 1821 2883 2876
f 2876 2883 1219
f 782 2889 783
f 783 2889 2880
f 1352 3034 1353
f 1353 3034 3033
f 3031 3034 3041
f 3041 3034 3043
f 944 943 3043
f 3043 943 600
f 1339 3145 1498
f 1498 3145 3143
f 1208 882 3148
f 3148 882 3143
f 2921 2926 3151
f 3151 2926 3156
f 3477 2824 1345
f 1345 2824 1346
f 1805 1804 3154
f 3154 1804 3156
f 886 3103 883
f 883 3103 3482
f 841 1248 3485
f 3485 1248 3121
f 2811 2819 2812
f 2812 2819 2816
f 2818 2815 2817
f 2817 2815 2806
f 2817 2816 2818
f 2818 2816 2819
f 2793 2795 2819
f 2819 2795 2818
f 243 352 2793
f 2793 352 2795
f 242 353 243
f 243 353 352
f 359 191 242
f 242 191 353
f 247 192 359
f 359 192 191
f 157 193 247
f 247 193 192
f 156 194 157
f 157 194 193
f 378 261 156
f 156 261 194
f 378 381 261
f 261 381 195
f 195 381 196
f 196 381 376
f 196 376 198
f 198 376 375
f 375 1776 198
f 198 1776 197
f 1776 1767 197
f 197 1767 274
f 181 274 199
f 199 274 1767
f 568 566 564
f 564 566 563
f 568 569 566
f 566 569 567
f 501 1773 1771
f 1771 1773 578
f 547 579 1773
f 1773 579 578
f 3486 470 474
f 474 470 469
f 450 582 3487
f 3487 582 3488
f 582 583 3488
f 3488 583 3489
f 583 584 3489
f 3489 584 3490
f 3490 584 3491
f 3491 584 543
f 470 3486 466
f 466 3486 467
f 3489 3490 503
f 503 3490 504
f 503 3492 3489
f 3489 3492 3488
f 3492 503 3493
f 3493 503 502
f 3495 3492 3494
f 3494 3492 3493
f 3487 3488 3495
f 3495 3488 3492
f 468 1774 465
f 465 1774 570
f 3494 3493 1775
f 1775 3493 1771
f 3490 3491 504
f 504 3491 1772
f 3491 543 1772
f 1772 543 548
f 450 3487 474
f 474 3487 3486
f 3495 467 3487
f 3487 467 3486
f 3494 468 3495
f 3495 468 467
f 468 3494 1774
f 1774 3494 1775
f 501 1771 502
f 502 1771 3493
f 527 366 384
f 384 366 365
f 522 524 527
f 527 524 366
f 521 534 522
f 522 534 524
f 530 535 521
f 521 535 534
f 508 486 513
f 513 486 532
f 513 532 541
f 541 532 535
f 667 668 596
f 596 668 597
f 1294 1297 624
f 624 1297 625
f 603 641 604
f 604 641 640
f 1290 1293 650
f 650 1293 651
f 1758 691 660
f 660 691 661
f 602 671 599
f 599 671 670
f 654 662 690
f 690 662 661
f 2856 598 695
f 695 598 597
f 602 654 671
f 671 654 690
f 604 640 676
f 676 640 704
f 1826 1829 708
f 708 1829 709
f 1288 1284 740
f 740 1284 741
f 755 754 758
f 758 754 759
f 2853 2856 932
f 932 2856 695
f 689 691 1192
f 1192 691 1193
f 784 1319 1240
f 1240 1319 1241
f 1813 1816 1244
f 1244 1816 1245
f 754 1288 759
f 759 1288 740
f 1894 1242 1318
f 1318 1242 1241
f 2867 1348 1418
f 1418 1348 1347
f 676 704 673
f 673 704 1347
f 1284 1287 741
f 741 1287 1419
f 1421 1426 1422
f 1422 1426 1425
f 1758 660 615
f 615 660 616
f 1192 1191 1421
f 1421 1191 1426
f 2962 1839 1504
f 1504 1839 1505
f 941 1194 1759
f 1759 1194 1193
f 1287 1537 1419
f 1419 1537 1760
f 1882 2893 1823
f 1823 2893 1824
f 1886 1891 1827
f 1827 1891 1828
f 1887 1886 1834
f 1834 1886 1827
f 1841 716 1838
f 1838 716 1505
f 782 784 1850
f 1850 784 1240
f 1239 1242 1863
f 1863 1242 1864
f 1242 1894 1864
f 1864 1894 1873
f 1822 1239 1823
f 1823 1239 1863
f 1318 1317 1895
f 1895 1317 1900
f 1894 1896 1873
f 1873 1896 1897
f 1291 1896 1292
f 1292 1896 1895
f 605 1898 606
f 606 1898 1897
f 1258 1257 2854
f 2854 1257 2855
f 1257 1351 2855
f 2855 1351 2857
f 1351 1353 2857
f 2857 1353 2858
f 1353 3033 2858
f 2858 3033 2859
f 2860 2861 3036
f 3036 2861 3037
f 2862 2863 2870
f 2870 2863 3039
f 2870 2869 2862
f 2862 2869 2864
f 2868 2865 2869
f 2869 2865 2864
f 1764 2866 2868
f 2868 2866 2865
f 1537 1199 1760
f 1760 1199 1348
f 615 2884 1758
f 1758 2884 1759
f 1825 1246 2890
f 2890 1246 1245
f 2893 2892 1824
f 1824 2892 2891
f 761 2960 758
f 758 2960 2906
f 3000 2943 2940
f 2940 2943 2941
f 2968 710 2950
f 2950 710 709
f 1764 1423 2866
f 2866 1423 2953
f 1423 645 2953
f 2953 645 2954
f 645 644 2954
f 2954 644 2955
f 644 738 2955
f 2955 738 2956
f 738 764 2956
f 2956 764 2957
f 764 763 2957
f 2957 763 2958
f 763 2908 2958
f 2958 2908 2959
f 2908 1436 2959
f 2959 1436 2961
f 1837 2964 1435
f 1435 2964 2963
f 1837 2937 2964
f 2964 2937 2965
f 2936 2968 2966
f 2966 2968 2950
f 1840 2942 1838
f 1838 2942 2941
f 2939 2949 2940
f 2940 2949 3006
f 2939 2942 2966
f 2966 2942 2965
f 1822 1825 1850
f 1850 1825 2890
f 1891 3005 1828
f 1828 3005 3006
f 3035 3038 3045
f 3045 3038 3042
f 3045 3044 3035
f 3035 3044 3040
f 669 1422 3045
f 3045 1422 3044
f 599 670 3041
f 3041 670 3042
f 931 3067 932
f 932 3067 3065
f 2853 3066 2854
f 2854 3066 3076
f 3067 3496 3065
f 3065 3496 3497
f 3066 3498 3076
f 3076 3498 3499
f 707 1813 708
f 708 1813 1244
f 2960 2962 2906
f 2906 2962 1504
f 2892 1887 2891
f 2891 1887 1834
f 1839 2962 2963
f 2963 2962 2961
f 595 626 596
f 596 626 625
f 623 626 3484
f 3484 626 2859
f 1291 1290 606
f 606 1290 603
f 1290 650 603
f 603 650 641
f 641 650 642
f 642 650 649
f 2860 2863 649
f 649 2863 642
f 3036 3039 2860
f 2860 3039 2863
f 3035 3040 3036
f 3036 3040 3039
f 1294 1293 1295
f 1295 1293 1292
f 624 651 1294
f 1294 651 1293
f 623 652 624
f 624 652 651
f 3484 2861 623
f 623 2861 652
f 3032 3037 3484
f 3484 3037 2861
f 3031 3038 3032
f 3032 3038 3037
f 3481 2848 2884
f 2884 2848 942
f 2846 617 1427
f 1427 617 616
f 3049 3167 3048
f 3048 3167 3500
f 1906 3048 3070
f 3070 3048 3500
f 1337 1768 3501
f 3501 1768 3502
f 3020 3503 3021
f 3021 3503 3024
f 2914 3023 3020
f 3020 3023 3503
f 859 1770 860
f 860 1770 3504
f 1336 3505 1768
f 1768 3505 3502
f 3065 3497 3066
f 3066 3497 3498
f 2814 3075 3067
f 3067 3075 3496
f 2839 3174 766
f 766 3174 3017
f 1337 3501 1338
f 1338 3501 1769
f 767 3018 3026
f 3026 3018 3506
f 3076 3499 3064
f 3064 3499 3507
f 727 730 3483
f 3483 730 3030
f 3064 3507 2871
f 2871 3507 3077
f 3100 3160 1786
f 1786 3160 1784
f 3026 3506 752
f 752 3506 3015
f 860 3504 2923
f 2923 3504 3508
f 753 3016 3027
f 3027 3016 3509
f 3027 3509 3008
f 3008 3509 3028
f 1782 1785 1783
f 1783 1785 3022
f 2923 3508 3153
f 3153 3508 3161
f 3148 3149 1208
f 1208 3149 3150
f 1335 1328 3510
f 3510 1328 1327
f 1336 1335 3505
f 3505 1335 3510
f 866 3511 1340
f 1340 3511 3146
f 865 1808 866
f 866 1808 3511
f 842 841 3159
f 3159 841 3485
f 2849 3512 1329
f 1329 3512 1326
f 1202 1331 2849
f 2849 1331 3512
f 3514 3515 3513
f 3513 3515 3516
f 3518 3516 3517
f 3517 3516 3515
f 3519 3520 3514
f 3514 3520 3515
f 3522 3523 3521
f 3521 3523 3524
f 3526 3527 3525
f 3525 3527 3528
f 3530 3531 3529
f 3529 3531 3532
f 3534 3535 3533
f 3533 3535 3536
f 3529 3532 3537
f 3537 3532 3538
f 3537 3539 3529
f 3529 3539 3540
f 3542 3543 3541
f 3541 3543 3544
f 3546 3547 3545
f 3545 3547 3548
f 3550 3534 3549
f 3549 3534 3533
f 3550 3543 3551
f 3551 3543 3552
f 3537 3545 3539
f 3539 3545 3548
f 3553 3554 3556
f 3556 3554 3555
f 3537 3557 3545
f 3545 3557 3546
f 3558 3559 3561
f 3561 3559 3560
f 3563 3564 3562
f 3562 3564 3565
f 3564 3563 3566
f 3566 3563 3567
f 3569 3570 3568
f 3568 3570 3571
f 3573 3574 3572
f 3572 3574 3575
f 3577 3578 3576
f 3576 3578 3579
f 3581 3582 3580
f 3580 3582 3583
f 3585 3586 3584
f 3584 3586 3579
f 3586 3587 3579
f 3579 3587 3576
f 3589 3590 3588
f 3588 3590 3591
f 3592 3593 3595
f 3595 3593 3594
f 3597 3598 3596
f 3596 3598 3595
f 3583 3600 3599
f 3599 3600 3601
f 3603 3599 3602
f 3602 3599 3601
f 3605 3606 3604
f 3604 3606 3607
f 3608 3555 3596
f 3596 3555 3554
f 3597 3610 3609
f 3609 3610 3565
f 3564 3611 3565
f 3565 3611 3609
f 3611 3564 3612
f 3612 3564 3566
f 3613 3614 3569
f 3569 3614 3570
f 3615 3616 3573
f 3573 3616 3574
f 3517 3617 3518
f 3518 3617 3618
f 3620 3621 3619
f 3619 3621 3622
f 3624 3625 3623
f 3623 3625 3626
f 3628 3629 3627
f 3627 3629 3630
f 3632 3633 3631
f 3631 3633 3634
f 3636 3637 3635
f 3635 3637 3638
f 3640 3641 3639
f 3639 3641 3642
f 3643 3644 3639
f 3639 3644 3640
f 3646 3513 3645
f 3645 3513 3647
f 3648 3514 3646
f 3646 3514 3513
f 3649 3519 3648
f 3648 3519 3514
f 3650 3651 3527
f 3527 3651 3652
f 3654 3651 3653
f 3653 3651 3650
f 3568 3571 3655
f 3655 3571 3656
f 3657 3658 3653
f 3653 3658 3659
f 3661 3662 3660
f 3660 3662 3658
f 3664 3665 3663
f 3663 3665 3666
f 3667 3657 3650
f 3650 3657 3653
f 3669 3523 3668
f 3668 3523 3670
f 3672 3673 3671
f 3671 3673 3674
f 3676 3677 3675
f 3675 3677 3678
f 3671 3674 3676
f 3676 3674 3677
f 3680 3681 3679
f 3679 3681 3682
f 3683 3684 3680
f 3680 3684 3681
f 3685 3686 3661
f 3661 3686 3662
f 3686 3687 3662
f 3662 3687 3688
f 3684 3683 3689
f 3689 3683 3690
f 3692 3693 3691
f 3691 3693 3694
f 3691 3694 3695
f 3695 3694 3696
f 3698 3699 3697
f 3697 3699 3700
f 3702 3703 3701
f 3701 3703 3704
f 3705 3706 3519
f 3519 3706 3520
f 3673 3672 3707
f 3707 3672 3708
f 3709 3710 3682
f 3682 3710 3679
f 3711 3712 3692
f 3692 3712 3693
f 3714 3715 3713
f 3713 3715 3716
f 3718 3700 3717
f 3717 3700 3699
f 3720 3721 3719
f 3719 3721 3722
f 3724 3725 3723
f 3723 3725 3726
f 3727 3728 3730
f 3730 3728 3729
f 3722 3721 3731
f 3731 3721 3732
f 3697 3700 3733
f 3733 3700 3714
f 3733 3714 3734
f 3734 3714 3713
f 3721 3723 3732
f 3732 3723 3735
f 3720 3736 3724
f 3724 3736 3737
f 3700 3718 3714
f 3714 3718 3715
f 3717 3699 3738
f 3738 3699 3739
f 3536 3740 3533
f 3533 3740 3540
f 3742 3743 3741
f 3741 3743 3744
f 3746 3747 3745
f 3745 3747 3748
f 3750 3751 3749
f 3749 3751 3752
f 3627 3632 3628
f 3628 3632 3631
f 3754 3755 3753
f 3753 3755 3626
f 3562 3565 3756
f 3756 3565 3610
f 3527 3652 3528
f 3528 3652 3757
f 3758 3524 3669
f 3669 3524 3523
f 3582 3598 3583
f 3583 3598 3600
f 3759 3670 3522
f 3522 3670 3523
f 3675 3678 3760
f 3760 3678 3761
f 3762 3763 3690
f 3690 3763 3689
f 3765 3766 3764
f 3764 3766 3767
f 3768 3739 3698
f 3698 3739 3699
f 3726 3725 3770
f 3770 3725 3769
f 3645 3647 3771
f 3771 3647 3772
f 3645 3678 3646
f 3646 3678 3677
f 3646 3677 3648
f 3648 3677 3674
f 3673 3649 3674
f 3674 3649 3648
f 3707 3773 3673
f 3673 3773 3649
f 3775 3776 3774
f 3774 3776 3777
f 3779 3526 3778
f 3778 3526 3525
f 3526 3779 3667
f 3667 3779 3780
f 3780 3781 3667
f 3667 3781 3657
f 3672 3679 3708
f 3708 3679 3710
f 3671 3680 3672
f 3672 3680 3679
f 3676 3683 3671
f 3671 3683 3680
f 3675 3690 3676
f 3676 3690 3683
f 3760 3762 3675
f 3675 3762 3690
f 3682 3681 3783
f 3783 3681 3782
f 3689 3784 3684
f 3684 3784 3785
f 3684 3785 3681
f 3681 3785 3782
f 3786 3709 3783
f 3783 3709 3682
f 3784 3689 3787
f 3787 3689 3763
f 3789 3557 3788
f 3788 3557 3790
f 3792 3793 3791
f 3791 3793 3794
f 3616 3615 3795
f 3795 3615 3796
f 3797 3798 3727
f 3727 3798 3728
f 3800 3801 3799
f 3799 3801 3802
f 3803 3578 3592
f 3592 3578 3593
f 3805 3806 3804
f 3804 3806 3807
f 3599 3603 3585
f 3585 3603 3586
f 3587 3586 3604
f 3604 3586 3603
f 3588 3591 3794
f 3794 3591 3791
f 3581 3803 3582
f 3582 3803 3592
f 3594 3561 3608
f 3608 3561 3790
f 3662 3688 3808
f 3808 3688 3809
f 3665 3664 3810
f 3810 3664 3811
f 3719 3812 3720
f 3720 3812 3736
f 3717 3813 3718
f 3718 3813 3737
f 3723 3721 3724
f 3724 3721 3720
f 3813 3717 3814
f 3814 3717 3738
f 3815 3816 303
f 303 3816 304
f 3818 3819 3817
f 3817 3819 3820
f 3578 3803 3579
f 3579 3803 3584
f 3558 3593 3577
f 3577 3593 3578
f 3822 3823 3821
f 3821 3823 3824
f 3546 3826 3825
f 3825 3826 3827
f 3828 3829 3547
f 3547 3829 3541
f 3831 3542 3830
f 3830 3542 3832
f 3834 3822 3833
f 3833 3822 3821
f 3835 3836 3827
f 3827 3836 3825
f 3800 3799 3828
f 3828 3799 3829
f 3830 3832 3837
f 3837 3832 3838
f 331 330 3551
f 3551 330 3839
f 3831 333 3552
f 3552 333 332
f 3819 3797 3841
f 3841 3797 3840
f 3513 3516 3647
f 3647 3516 3746
f 337 336 3745
f 3745 336 3772
f 3525 3528 3775
f 3775 3528 3749
f 3610 3597 3554
f 3554 3597 3596
f 3706 3702 3520
f 3520 3702 3701
f 3756 3610 3553
f 3553 3610 3554
f 3757 3750 3528
f 3528 3750 3749
f 3517 3515 3701
f 3701 3515 3520
f 3842 3584 3581
f 3581 3584 3803
f 3525 3775 3778
f 3778 3775 3774
f 3638 3843 3635
f 3635 3843 3618
f 3617 3621 3618
f 3618 3621 3635
f 3617 3517 3704
f 3704 3517 3701
f 3521 3624 3522
f 3522 3624 3623
f 3749 3844 3775
f 3775 3844 3776
f 3846 3847 3845
f 3845 3847 3848
f 3843 3747 3618
f 3618 3747 3518
f 3850 3851 3849
f 3849 3851 3748
f 3853 3854 3852
f 3852 3854 3855
f 3856 3857 3622
f 3622 3857 3619
f 3859 3860 3858
f 3858 3860 3861
f 3862 3844 3752
f 3752 3844 3749
f 3863 3759 3623
f 3623 3759 3522
f 3864 3777 3630
f 3630 3777 3776
f 3713 3865 3734
f 3734 3865 3866
f 3868 3869 3867
f 3867 3869 3870
f 3872 3873 3871
f 3871 3873 3874
f 3876 3877 3875
f 3875 3877 3878
f 3879 3880 3878
f 3878 3880 3881
f 3882 3883 3885
f 3885 3883 3884
f 3780 3886 3781
f 3781 3886 3887
f 3888 3685 3869
f 3869 3685 3661
f 3880 3879 3883
f 3883 3879 3884
f 3693 3783 3694
f 3694 3783 3782
f 3696 3785 3764
f 3764 3785 3784
f 3694 3782 3696
f 3696 3782 3785
f 3693 3786 3783
f 3787 3765 3784
f 3784 3765 3764
f 386 385 3765
f 3765 385 3766
f 3695 3889 3691
f 3691 3889 3890
f 3691 3890 3692
f 3692 3890 3891
f 3892 3711 3891
f 3891 3711 3692
f 3767 3893 3695
f 3695 3893 3889
f 3766 3894 3767
f 3767 3894 3893
f 3882 3885 3895
f 3895 3885 3896
f 3898 3698 3897
f 3897 3698 3697
f 3897 3697 3899
f 3899 3697 3733
f 3899 3733 3900
f 3900 3733 3734
f 3901 3768 3898
f 3898 3768 3698
f 3901 3902 3768
f 3768 3902 3903
f 3904 3905 3907
f 3907 3905 3906
f 3869 3661 3870
f 3870 3661 3660
f 3908 3909 3896
f 3896 3909 3895
f 3909 3758 3895
f 3895 3758 3669
f 3751 3531 3752
f 3752 3531 3848
f 3858 3536 3854
f 3854 3536 3535
f 3652 3562 3757
f 3757 3562 3756
f 3651 3654 3563
f 3563 3654 3567
f 3655 3656 3808
f 3808 3656 3659
f 3530 3740 3845
f 3845 3740 3861
f 3751 3750 3556
f 3556 3750 3553
f 3817 3820 3796
f 3796 3820 3795
f 410 409 3910
f 3910 409 3855
f 3750 3757 3553
f 3553 3757 3756
f 3908 3886 3909
f 3909 3886 3780
f 409 411 3855
f 3855 411 3851
f 413 412 3760
f 3760 412 3762
f 415 414 3763
f 3763 414 3787
f 3790 3557 3538
f 3538 3557 3537
f 3555 3608 3538
f 3538 3608 3790
f 3574 3911 3575
f 3575 3911 3912
f 3535 3534 3910
f 3910 3534 3839
f 3831 3552 3542
f 3542 3552 3543
f 3534 3550 3839
f 3839 3550 3551
f 3543 3550 3544
f 3544 3550 3549
f 3913 3914 3916
f 3916 3914 3915
f 3806 3805 3589
f 3589 3805 3590
f 3849 3843 3917
f 3917 3843 3638
f 3853 3644 3859
f 3859 3644 3742
f 3747 3746 3518
f 3518 3746 3516
f 3695 3696 3767
f 3767 3696 3764
f 3903 3918 3768
f 3768 3918 3739
f 3738 3739 3816
f 3816 3739 3918
f 3919 3920 3769
f 3769 3920 3770
f 3921 3726 3922
f 3922 3726 3770
f 3678 3645 3761
f 3761 3645 3771
f 3924 3913 3923
f 3923 3913 3916
f 3802 3925 3838
f 3838 3925 3837
f 3577 3926 3558
f 3558 3926 3559
f 3815 3919 3814
f 3814 3919 3769
f 3927 3928 3822
f 3822 3928 3823
f 3829 3832 3541
f 3541 3832 3542
f 3834 3927 3822
f 3832 3829 3838
f 3838 3829 3799
f 3745 3772 3746
f 3746 3772 3647
f 3849 3748 3843
f 3843 3748 3747
f 3854 3853 3858
f 3858 3853 3859
f 3854 3535 3855
f 3855 3535 3910
f 3557 3789 3546
f 3546 3789 3826
f 3923 3823 3924
f 3924 3823 3928
f 3823 3923 3929
f 3929 3923 3930
f 3531 3751 3532
f 3532 3751 3556
f 3532 3556 3538
f 3538 3556 3555
f 3932 3634 3931
f 3931 3634 3633
f 3814 3769 3813
f 3813 3769 3725
f 3620 3636 3621
f 3621 3636 3635
f 3847 3862 3848
f 3848 3862 3752
f 3531 3530 3848
f 3848 3530 3845
f 3933 3934 3830
f 3830 3934 3831
f 3925 3933 3837
f 3837 3933 3830
f 3934 440 3831
f 3831 440 333
f 3925 3802 3833
f 3833 3802 3801
f 3776 3844 3630
f 3630 3844 3627
f 3808 3659 3662
f 3662 3659 3658
f 3667 3650 3526
f 3526 3650 3527
f 3935 3666 3936
f 3936 3666 3665
f 3718 3737 3715
f 3715 3737 3736
f 3663 3809 3664
f 3664 3809 3688
f 3807 3806 3938
f 3938 3806 3937
f 445 413 3761
f 3761 413 3760
f 3902 447 3903
f 3903 447 446
f 3897 3890 3898
f 3898 3890 3889
f 3899 3891 3897
f 3897 3891 3890
f 3898 3889 3901
f 3901 3889 3893
f 3893 3894 3901
f 3901 3894 3902
f 414 386 3787
f 3787 386 3765
f 3940 3941 3939
f 3939 3941 3942
f 3840 3797 3943
f 3943 3797 3727
f 3665 3810 3936
f 3936 3810 3944
f 3921 3735 3726
f 3726 3735 3723
f 3920 3945 3770
f 3770 3945 3922
f 3521 3524 3774
f 3774 3524 3778
f 3864 3946 3625
f 3625 3946 3947
f 3773 3705 3649
f 3649 3705 3519
f 3779 3778 3758
f 3758 3778 3524
f 3812 3716 3736
f 3736 3716 3715
f 3624 3521 3777
f 3777 3521 3774
f 3703 3856 3704
f 3704 3856 3622
f 3900 3892 3899
f 3899 3892 3891
f 3641 3917 3642
f 3642 3917 3948
f 3895 3669 3882
f 3882 3669 3668
f 3855 3851 3852
f 3852 3851 3850
f 3894 458 3902
f 3902 458 447
f 3781 3887 3660
f 3660 3887 3870
f 3570 3566 3571
f 3571 3566 3567
f 3950 3576 3949
f 3949 3576 3587
f 3605 3602 3614
f 3614 3602 3612
f 3614 3612 3570
f 3570 3612 3566
f 3571 3567 3656
f 3656 3567 3654
f 3660 3658 3781
f 3781 3658 3657
f 3604 3607 3587
f 3587 3607 3949
f 3653 3659 3654
f 3654 3659 3656
f 3529 3540 3530
f 3530 3540 3740
f 3687 3811 3688
f 3688 3811 3664
f 3813 3725 3737
f 3737 3725 3724
f 3919 3815 461
f 461 3815 303
f 3818 3798 3819
f 3819 3798 3797
f 3819 3841 3820
f 3820 3841 3951
f 3816 3815 3738
f 3738 3815 3814
f 3540 3539 3533
f 3533 3539 3549
f 3548 3547 3544
f 3544 3547 3541
f 3539 3548 3549
f 3549 3548 3544
f 3741 3931 3860
f 3860 3931 3846
f 3801 3800 3835
f 3835 3800 3836
f 3934 3933 3824
f 3824 3933 3821
f 3825 3828 3546
f 3546 3828 3547
f 3833 3821 3925
f 3925 3821 3933
f 3800 3828 3836
f 3836 3828 3825
f 3824 3952 3934
f 3934 3952 440
f 3860 3846 3861
f 3861 3846 3845
f 3629 3946 3630
f 3630 3946 3864
f 3740 3536 3861
f 3861 3536 3858
f 3833 3801 3834
f 3834 3801 3835
f 3583 3599 3580
f 3580 3599 3585
f 3651 3563 3652
f 3652 3563 3562
f 3758 3909 3779
f 3779 3909 3780
f 3621 3617 3622
f 3622 3617 3704
f 3625 3947 3626
f 3626 3947 3753
f 3633 3632 3847
f 3847 3632 3862
f 3852 3850 3640
f 3640 3850 3641
f 3644 3853 3640
f 3640 3853 3852
f 3859 3742 3860
f 3860 3742 3741
f 3632 3627 3862
f 3862 3627 3844
f 3755 3863 3626
f 3626 3863 3623
f 3917 3638 3948
f 3948 3638 3637
f 3644 3643 3742
f 3742 3643 3743
f 3931 3633 3846
f 3846 3633 3847
f 3625 3624 3864
f 3864 3624 3777
f 3917 3641 3849
f 3849 3641 3850
f 3744 3932 3741
f 3741 3932 3931
f 3903 446 3918
f 3918 446 464
f 3953 3954 3956
f 3956 3954 3955
f 3958 3959 3957
f 3957 3959 3960
f 3876 3958 3877
f 3877 3958 3957
f 3877 3957 3961
f 3961 3957 3962
f 3963 3964 3958
f 3958 3964 3959
f 3965 3966 3876
f 3876 3966 3958
f 3966 3963 3958
f 3966 3967 3963
f 3963 3967 3968
f 3878 3877 3879
f 3879 3877 3961
f 3967 3969 3968
f 3968 3969 3970
f 3969 3971 3970
f 3970 3971 3972
f 3974 3904 3973
f 3973 3904 3907
f 3971 3975 3972
f 3972 3975 3976
f 3976 3975 3978
f 3978 3975 3977
f 3979 3980 3977
f 3977 3980 3978
f 3981 3982 3979
f 3979 3982 3980
f 3983 3984 3981
f 3981 3984 3982
f 3972 3985 3970
f 3970 3985 3986
f 3871 3987 3969
f 3969 3987 3971
f 3872 3871 3967
f 3967 3871 3969
f 3965 3872 3966
f 3966 3872 3967
f 3970 3986 3968
f 3968 3986 3988
f 3879 3961 3884
f 3884 3961 3940
f 3884 3940 3885
f 3885 3940 3939
f 3989 3990 3992
f 3992 3990 3991
f 3942 3993 3995
f 3995 3993 3994
f 3994 3996 3995
f 3995 3996 3974
f 3997 3998 3994
f 3994 3998 3996
f 3999 3997 3993
f 3993 3997 3994
f 4001 3996 4000
f 4000 3996 3998
f 4000 3998 4002
f 4002 3998 4003
f 4004 4003 3997
f 3997 4003 3998
f 3997 3999 4004
f 4004 3999 4005
f 4006 3995 3973
f 3973 3995 3974
f 3939 3942 4006
f 4006 3942 3995
f 3906 3887 3907
f 3907 3887 3886
f 3887 3906 3870
f 3870 3906 3867
f 3908 3973 3886
f 3886 3973 3907
f 3865 4007 3866
f 3866 4007 4008
f 3984 3983 4009
f 4009 3983 4010
f 3961 3962 3940
f 3940 3962 3941
f 4012 3868 4011
f 4011 3868 3867
f 4013 3975 3987
f 3987 3975 3971
f 4014 3977 4013
f 4013 3977 3975
f 4015 4010 4007
f 4007 4010 3983
f 4007 3983 4008
f 4008 3983 3981
f 4008 3981 4016
f 4016 3981 3979
f 4017 3984 4018
f 4018 3984 4009
f 3977 4014 3979
f 3979 4014 4016
f 3982 3984 4019
f 4019 3984 4017
f 4021 4022 4020
f 4020 4022 4023
f 4022 4012 4023
f 4023 4012 4011
f 4023 3904 4020
f 4020 3904 3974
f 4024 4025 4018
f 4018 4025 4017
f 4026 4027 4024
f 4024 4027 4025
f 4028 4026 4029
f 4029 4026 4024
f 4018 4021 4024
f 4024 4021 4029
f 4030 4031 4026
f 4026 4031 4027
f 4032 4030 4028
f 4028 4030 4026
f 4029 4001 4028
f 4028 4001 4000
f 4028 4000 4032
f 4032 4000 4002
f 4034 4035 4033
f 4033 4035 4036
f 4037 4038 4019
f 4019 4038 4039
f 4041 4039 4040
f 4040 4039 4038
f 4040 4038 4042
f 4042 4038 4036
f 4042 4036 4043
f 4043 4036 4035
f 3985 4044 4046
f 4046 4044 4045
f 4047 4048 4045
f 4045 4048 4046
f 4047 4049 4048
f 4048 4049 4050
f 4042 4047 4040
f 4040 4047 4045
f 4043 4049 4042
f 4042 4049 4047
f 4040 4045 4041
f 4041 4045 4044
f 4052 3959 4051
f 4051 3959 3964
f 4053 4054 4051
f 4051 4054 4055
f 3956 3960 4052
f 4052 3960 3959
f 3953 3956 4056
f 4056 3956 4052
f 4058 3953 4057
f 4057 3953 4056
f 4060 4061 4059
f 4059 4061 4062
f 4063 4064 4054
f 4054 4064 4057
f 4054 4053 4063
f 4063 4053 4065
f 4066 4067 4069
f 4069 4067 4068
f 4048 4050 4063
f 4063 4050 4064
f 4063 4065 4048
f 4048 4065 4046
f 3985 4046 3986
f 3986 4046 4065
f 3986 4065 3988
f 3988 4065 4053
f 3988 4053 3964
f 3964 4053 4051
f 3976 3978 4044
f 4044 3978 4041
f 3980 3982 4039
f 4039 3982 4019
f 4039 4041 3980
f 3980 4041 3978
f 3973 3908 4006
f 4006 3908 3896
f 3885 3939 3896
f 3896 3939 4006
f 4031 4034 4027
f 4027 4034 4033
f 4027 4033 4025
f 4025 4033 4037
f 4019 4017 4037
f 4037 4017 4025
f 3993 3942 4070
f 4070 3942 3941
f 3999 3993 4071
f 4071 3993 4070
f 3999 4071 4005
f 4005 4071 4072
f 4073 4074 4076
f 4076 4074 4075
f 4078 4079 4077
f 4077 4079 4080
f 4082 4080 4081
f 4081 4080 4079
f 4084 4085 4083
f 4083 4085 4086
f 4087 4088 4090
f 4090 4088 4089
f 4092 4093 4091
f 4091 4093 4094
f 4096 4097 4095
f 4095 4097 4098
f 4100 4101 4099
f 4099 4101 4102
f 4103 4104 4106
f 4106 4104 4105
f 4108 4109 4107
f 4107 4109 4110
f 4112 4113 4111
f 4111 4113 4114
f 4116 4117 4115
f 4115 4117 4118
f 4120 4121 4119
f 4119 4121 4122
f 4123 4124 4126
f 4126 4124 4125
f 4127 4128 4130
f 4130 4128 4129
f 4132 4133 4131
f 4131 4133 4134
f 4136 4108 4135
f 4135 4108 4107
f 4138 4139 4137
f 4137 4139 4140
f 4141 4142 4088
f 4088 4142 4089
f 4144 4145 4143
f 4143 4145 4146
f 4148 4149 4147
f 4147 4149 4150
f 4152 4153 4151
f 4151 4153 4154
f 4156 4082 4155
f 4155 4082 4081
f 4157 4158 4160
f 4160 4158 4159
f 4161 4162 4164
f 4164 4162 4163
f 4166 4122 4165
f 4165 4122 4121
f 4168 4152 4167
f 4167 4152 4151
f 4169 4170 4172
f 4172 4170 4171
f 4174 4175 4173
f 4173 4175 4176
f 4178 4149 4177
f 4177 4149 4179
f 4173 4176 4180
f 4180 4176 4181
f 4156 4085 4182
f 4182 4085 4183
f 4182 4184 4156
f 4156 4184 4082
f 4185 4186 4184
f 4184 4186 4187
f 4186 4188 4187
f 4187 4188 4189
f 4190 4191 4073
f 4073 4191 4074
f 4177 4179 4158
f 4158 4179 4159
f 4193 4127 4192
f 4192 4127 4130
f 4144 4194 4151
f 4151 4194 4167
f 4196 4197 4195
f 4195 4197 4198
f 4095 4199 4096
f 4096 4199 4200
f 4201 4202 4204
f 4204 4202 4203
f 4205 4206 4208
f 4208 4206 4207
f 4121 4120 4209
f 4209 4120 4210
f 4212 4213 4211
f 4211 4213 4214
f 4216 4217 4215
f 4215 4217 4218
f 4220 4221 4219
f 4219 4221 4222
f 4224 4196 4223
f 4223 4196 4195
f 4225 4226 4134
f 4134 4226 4131
f 4228 4229 4227
f 4227 4229 4230
f 4232 4233 4231
f 4231 4233 4098
f 4235 4236 4234
f 4234 4236 4237
f 4239 4240 4238
f 4238 4240 4241
f 4242 4243 4245
f 4245 4243 4244
f 4246 4247 4249
f 4249 4247 4248
f 4251 4252 4250
f 4250 4252 4253
f 4255 4256 4254
f 4254 4256 4257
f 4259 4260 4258
f 4258 4260 4261
f 4263 4264 4262
f 4262 4264 4265
f 4267 4268 4266
f 4266 4268 4269
f 4271 4199 4270
f 4270 4199 4272
f 4273 4274 4276
f 4276 4274 4275
f 4115 4118 4277
f 4277 4118 4278
f 4280 4281 4279
f 4279 4281 4282
f 4211 4283 4212
f 4212 4283 4284
f 4286 4287 4285
f 4285 4287 4288
f 4165 4121 4289
f 4289 4121 4209
f 4291 4286 4290
f 4290 4286 4285
f 4293 4294 4292
f 4292 4294 4295
f 4297 4298 4296
f 4296 4298 4299
f 4301 4302 4300
f 4300 4302 4303
f 4299 4304 4296
f 4296 4304 4305
f 4306 4292 4307
f 4307 4292 4295
f 4307 4308 4306
f 4306 4308 4309
f 4310 4309 4075
f 4075 4309 4308
f 4299 4298 4312
f 4312 4298 4311
f 4302 4301 4293
f 4293 4301 4294
f 3735 3921 4313
f 4313 3921 4314
f 4315 4314 3922
f 3922 4314 3921
f 4316 3945 829
f 829 3945 830
f 4289 4317 4165
f 4165 4317 4318
f 4320 4321 4319
f 4319 4321 4322
f 4324 4325 4323
f 4323 4325 4326
f 4327 4328 4330
f 4330 4328 4329
f 4290 4331 4291
f 4291 4331 4332
f 4165 4318 4166
f 4166 4318 4333
f 4334 4335 4337
f 4337 4335 4336
f 4339 4340 4338
f 4338 4340 4341
f 4168 4343 4342
f 4342 4343 4344
f 4346 4347 4345
f 4345 4347 4348
f 4350 4351 4349
f 4349 4351 4352
f 4354 4355 4353
f 4353 4355 4356
f 4357 4358 4324
f 4324 4358 4325
f 4337 4359 4334
f 4334 4359 4360
f 4362 4363 4361
f 4361 4363 4364
f 4366 4367 4365
f 4365 4367 4368
f 4369 4370 4372
f 4372 4370 4371
f 4331 4290 4374
f 4374 4290 4373
f 4373 4376 4375
f 4375 4376 4377
f 4379 4380 4378
f 4378 4380 4381
f 4217 4382 4218
f 4218 4382 4383
f 4385 4386 4384
f 4384 4386 4387
f 4388 4389 4338
f 4338 4389 4390
f 4337 4336 4392
f 4392 4336 4391
f 4394 4362 4393
f 4393 4362 4361
f 4396 4397 4395
f 4395 4397 4398
f 4400 4401 4399
f 4399 4401 4402
f 4345 4403 4346
f 4346 4403 4404
f 4405 4406 4342
f 4342 4406 4407
f 4409 4410 4408
f 4408 4410 4411
f 4408 4412 4409
f 4409 4412 4413
f 4181 4415 4414
f 4414 4415 4416
f 4182 4183 4417
f 4417 4183 4418
f 4419 4353 4311
f 4311 4353 4312
f 4421 4422 4420
f 4420 4422 4423
f 4353 4356 4312
f 4312 4356 4424
f 4166 4333 4425
f 4425 4333 4426
f 4425 4143 4166
f 4166 4143 4122
f 4427 4107 4428
f 4428 4107 4110
f 4429 4430 4174
f 4174 4430 4175
f 4335 4431 4336
f 4336 4431 4390
f 4336 4390 4391
f 4391 4390 4389
f 4432 4433 4435
f 4435 4433 4434
f 4437 4438 4436
f 4436 4438 4439
f 4441 4442 4440
f 4440 4442 4443
f 4359 4444 4361
f 4361 4444 4393
f 4446 4447 4445
f 4445 4447 4448
f 4338 4341 4388
f 4388 4341 4449
f 4450 4451 4398
f 4398 4451 4395
f 4453 4454 4452
f 4452 4454 4455
f 4457 4458 4456
f 4456 4458 4459
f 4460 4461 4448
f 4448 4461 4445
f 4463 4464 4462
f 4462 4464 4465
f 4462 4465 4466
f 4466 4465 4467
f 4468 4469 4467
f 4467 4469 4466
f 4469 4468 4470
f 4470 4468 4471
f 4472 4473 4471
f 4471 4473 4470
f 4475 4476 4474
f 4474 4476 4477
f 4479 4480 4478
f 4478 4480 4481
f 4483 4484 4482
f 4482 4484 4485
f 4487 4488 4486
f 4486 4488 4489
f 4491 4492 4490
f 4490 4492 4493
f 4494 4495 4493
f 4493 4495 4490
f 4496 4497 4494
f 4494 4497 4495
f 4497 4496 4498
f 4498 4496 4499
f 4500 4501 4503
f 4503 4501 4502
f 4505 4506 4504
f 4504 4506 4507
f 4466 4508 4462
f 4462 4508 4509
f 4470 4510 4469
f 4469 4510 4511
f 4513 4479 4512
f 4512 4479 4478
f 4515 4443 4514
f 4514 4443 4442
f 4516 4517 4519
f 4519 4517 4518
f 4521 4495 4520
f 4520 4495 4497
f 4522 4490 4521
f 4521 4490 4495
f 4491 4523 4488
f 4488 4523 4524
f 4525 4489 4524
f 4524 4489 4488
f 4484 4526 4485
f 4485 4526 4527
f 4503 4528 4500
f 4500 4528 4529
f 4530 4531 4533
f 4533 4531 4532
f 4535 4506 4534
f 4534 4506 4530
f 4486 4536 4487
f 4487 4536 4537
f 4487 4537 4492
f 4492 4537 4538
f 4494 4539 4496
f 4496 4539 4540
f 4542 4533 4541
f 4541 4533 4499
f 4544 4545 4543
f 4543 4545 4546
f 4548 4549 4547
f 4547 4549 4550
f 4536 4551 4537
f 4537 4551 4552
f 4537 4552 4538
f 4538 4552 4553
f 4554 4539 4556
f 4556 4539 4555
f 4557 4540 4554
f 4554 4540 4539
f 4559 4557 4558
f 4558 4557 4560
f 4540 4557 4541
f 4541 4557 4559
f 4562 4563 4561
f 4561 4563 4564
f 4546 4565 4543
f 4543 4565 4566
f 4547 4567 4548
f 4548 4567 4568
f 4570 4571 4569
f 4569 4571 4572
f 4574 4575 4573
f 4573 4575 4576
f 4578 4579 4577
f 4577 4579 4580
f 4582 4583 4581
f 4581 4583 4584
f 4585 4586 4588
f 4588 4586 4587
f 4589 4585 4590
f 4590 4585 4588
f 4592 4593 4591
f 4591 4593 4594
f 4596 4597 4595
f 4595 4597 4598
f 4600 4601 4599
f 4599 4601 4602
f 4563 4604 4603
f 4603 4604 4605
f 4603 4606 4608
f 4608 4606 4607
f 4609 4610 4594
f 4594 4610 4591
f 4611 4612 4614
f 4614 4612 4613
f 4616 4617 4615
f 4615 4617 4618
f 4602 4620 4619
f 4619 4620 4621
f 4619 4622 4602
f 4602 4622 4599
f 4605 4599 4623
f 4623 4599 4622
f 4605 4623 4603
f 4603 4623 4606
f 4625 4626 4624
f 4624 4626 4627
f 4438 4437 4628
f 4628 4437 4629
f 4442 4441 4630
f 4630 4441 4631
f 4630 4632 4442
f 4442 4632 4514
f 4633 4634 4529
f 4529 4634 4500
f 4500 4634 4501
f 4501 4634 4635
f 4637 4546 4636
f 4636 4546 4545
f 4639 4565 4638
f 4638 4565 4640
f 4573 4576 4641
f 4641 4576 4642
f 4593 4643 4594
f 4594 4643 4644
f 4645 4609 4644
f 4644 4609 4594
f 4647 4648 4646
f 4646 4648 4649
f 4651 4652 4650
f 4650 4652 4653
f 4654 4498 4519
f 4519 4498 4532
f 4520 4508 4521
f 4521 4508 4511
f 4522 4510 4523
f 4523 4510 4655
f 4524 4656 4525
f 4525 4656 4657
f 4514 4529 4515
f 4515 4529 4528
f 4658 4659 4661
f 4661 4659 4660
f 4496 4540 4499
f 4499 4540 4541
f 4493 4555 4494
f 4494 4555 4539
f 4549 4483 4550
f 4550 4483 4482
f 4545 4544 4501
f 4501 4544 4502
f 4636 4545 4635
f 4635 4545 4501
f 4589 4663 4662
f 4662 4663 4664
f 4662 4665 4558
f 4558 4665 4559
f 4569 4586 4570
f 4570 4586 4560
f 4552 4666 4553
f 4553 4666 4667
f 4668 4669 4670
f 4670 4669 4666
f 4672 4673 4671
f 4671 4673 4674
f 4287 4675 4288
f 4288 4675 4676
f 4678 4679 4677
f 4677 4679 4680
f 4681 4678 4682
f 4682 4678 4677
f 4682 4683 4681
f 4681 4683 4684
f 4161 4164 4685
f 4685 4164 4686
f 4414 4687 4689
f 4689 4687 4688
f 4405 4690 4346
f 4346 4690 4347
f 4691 4399 4693
f 4693 4399 4692
f 1209 4694 4365
f 4365 4694 4366
f 4650 1211 4651
f 4651 1211 1210
f 4695 4696 4255
f 4255 4696 4256
f 4697 4698 4218
f 4218 4698 4215
f 4700 4701 4699
f 4699 4701 4702
f 4703 4704 4303
f 4303 4704 4300
f 4315 3922 4316
f 4316 3922 3945
f 4653 4706 4705
f 4705 4706 4707
f 4709 4710 4708
f 4708 4710 4711
f 4335 4334 4713
f 4713 4334 4712
f 4714 4340 4321
f 4321 4340 4322
f 4716 4717 4715
f 4715 4717 4718
f 4238 4241 4719
f 4719 4241 4720
f 4231 4721 4307
f 4307 4721 4308
f 4723 4724 4722
f 4722 4724 4725
f 4727 4728 4726
f 4726 4728 4729
f 4730 4731 4327
f 4327 4731 4328
f 4733 4734 4732
f 4732 4734 4735
f 4720 4381 4736
f 4736 4381 4737
f 4738 4739 4741
f 4741 4739 4740
f 4743 4744 4742
f 4742 4744 4745
f 4338 4390 4339
f 4339 4390 4431
f 4746 4747 4431
f 4431 4747 4339
f 4291 4332 4289
f 4289 4332 4317
f 4289 4209 4291
f 4291 4209 4286
f 4287 4286 4210
f 4210 4286 4209
f 4749 4750 4748
f 4748 4750 4751
f 4212 4284 4752
f 4752 4284 4753
f 4752 4754 4212
f 4212 4754 4213
f 4252 4251 4225
f 4225 4251 4226
f 4227 4230 4248
f 4248 4230 4249
f 4205 4755 4757
f 4757 4755 4756
f 4708 4711 4758
f 4758 4711 4647
f 4367 4366 4759
f 4759 4366 4760
f 4526 4513 4527
f 4527 4513 4512
f 4420 4423 4385
f 4385 4423 4386
f 4705 4761 4653
f 4653 4761 4650
f 4761 1279 4650
f 4650 1279 1211
f 4762 4763 3944
f 3944 4763 3936
f 4274 4273 4765
f 4765 4273 4764
f 4767 4768 4766
f 4766 4768 4769
f 4770 4771 4769
f 4769 4771 4766
f 4771 4770 4242
f 4242 4770 4243
f 4093 4163 4094
f 4094 4163 4162
f 4772 4773 4775
f 4775 4773 4774
f 4777 4778 4776
f 4776 4778 4779
f 4417 4185 4182
f 4182 4185 4184
f 4780 4078 4781
f 4781 4078 4077
f 4781 4077 4782
f 4782 4077 4189
f 4188 4783 4189
f 4189 4783 4782
f 4295 4232 4307
f 4307 4232 4231
f 4785 4786 4784
f 4784 4786 4787
f 4784 1307 4785
f 4785 1307 1306
f 4078 4780 4096
f 4096 4780 4097
f 4075 4074 4310
f 4310 4074 4788
f 4788 4074 4789
f 4789 4074 4191
f 4789 4191 4059
f 4059 4191 4790
f 4791 4277 4792
f 4792 4277 4278
f 3732 3735 4793
f 4793 3735 4313
f 4793 4794 3732
f 3732 4794 3731
f 4792 4795 4791
f 4791 4795 4796
f 4797 4798 4799
f 4799 4798 4724
f 4763 4800 3936
f 3936 4800 3935
f 4801 4062 3729
f 3729 4062 3730
f 4713 4712 4802
f 4802 4712 4803
f 4146 4804 4119
f 4119 4804 4805
f 4498 4654 4497
f 4497 4654 4520
f 4806 4807 1326
f 1326 4807 1327
f 4689 4688 1330
f 1330 4688 1331
f 4801 4789 4062
f 4062 4789 4059
f 3730 4062 4808
f 4808 4062 4061
f 4810 4811 4809
f 4809 4811 4812
f 4813 4403 4814
f 4814 4403 4345
f 4815 4816 4349
f 4349 4816 4350
f 4817 4818 4820
f 4820 4818 4819
f 4406 4821 4407
f 4407 4821 4822
f 4823 4161 4824
f 4824 4161 4685
f 4181 4414 4825
f 4825 4414 4689
f 4741 4740 4826
f 4826 4740 4827
f 4828 4829 4827
f 4827 4829 4826
f 4142 4141 4415
f 4415 4141 4148
f 4830 1354 4761
f 4761 1354 1279
f 4832 4833 4831
f 4831 4833 4834
f 4835 4836 4626
f 4626 4836 4421
f 4451 4709 4395
f 4395 4709 4708
f 4627 4420 4837
f 4837 4420 4385
f 4837 1365 4838
f 4838 1365 1364
f 4397 4396 4839
f 4839 4396 4840
f 4842 4628 4841
f 4841 4628 4629
f 4671 4674 4631
f 4631 4674 4630
f 4674 4659 4630
f 4630 4659 4632
f 4633 4632 4658
f 4658 4632 4659
f 4658 4504 4633
f 4633 4504 4634
f 4635 4634 4507
f 4507 4634 4504
f 4843 4636 4507
f 4507 4636 4635
f 4844 4637 4843
f 4843 4637 4636
f 4637 4844 4640
f 4640 4844 4664
f 4638 4663 4642
f 4642 4663 4845
f 4847 4643 4846
f 4846 4643 4641
f 4644 4848 4645
f 4645 4848 4849
f 4851 4852 4850
f 4850 4852 4853
f 4855 4856 4854
f 4854 4856 4857
f 4859 4860 4858
f 4858 4860 4857
f 4715 4718 4859
f 4859 4718 4860
f 4862 4863 4861
f 4861 4863 4864
f 4866 4867 4865
f 4865 4867 4868
f 4870 4871 4869
f 4869 4871 4872
f 4869 4872 4116
f 4116 4872 4117
f 4820 4819 4874
f 4874 4819 4873
f 4876 4877 4875
f 4875 4877 4878
f 4880 4881 4879
f 4879 4881 4882
f 4884 4885 4883
f 4883 4885 4886
f 4887 4888 4280
f 4280 4888 4281
f 4818 4817 4889
f 4889 4817 4890
f 4891 4193 4823
f 4823 4193 4192
f 4892 4893 4228
f 4228 4893 4229
f 4158 4157 4894
f 4894 4157 4895
f 4896 4897 4132
f 4132 4897 4133
f 4099 4683 4100
f 4100 4683 4682
f 4101 4100 4899
f 4899 4100 4898
f 4150 4106 4147
f 4147 4106 4900
f 4100 4682 4898
f 4898 4682 4677
f 4080 4082 4187
f 4187 4082 4184
f 4077 4080 4189
f 4189 4080 4187
f 4191 4190 4790
f 4790 4190 4901
f 4177 4158 4680
f 4680 4158 4894
f 4108 4136 4752
f 4752 4136 4754
f 4752 4753 4108
f 4108 4753 4109
f 4817 4902 4890
f 4890 4902 4903
f 4904 4905 4907
f 4907 4905 4906
f 4909 4910 4908
f 4908 4910 4911
f 4913 4914 4912
f 4912 4914 4915
f 4916 4917 4919
f 4919 4917 4918
f 4312 4424 4299
f 4299 4424 4304
f 4920 4921 4297
f 4297 4921 4298
f 4194 4922 4167
f 4167 4922 4923
f 4924 4400 4691
f 4691 4400 4399
f 4395 4708 4396
f 4396 4708 4758
f 4367 4925 4368
f 4368 4925 4926
f 4919 4918 4873
f 4873 4918 4874
f 4836 4927 4421
f 4421 4927 4422
f 4921 4928 4298
f 4298 4928 4311
f 4143 4146 4122
f 4122 4146 4119
f 4929 4930 4455
f 4455 4930 4452
f 4932 4933 4931
f 4931 4933 4934
f 4935 4936 4932
f 4932 4936 4933
f 4461 4460 4457
f 4457 4460 4458
f 4480 4479 4475
f 4475 4479 4476
f 4660 4673 4517
f 4517 4673 4937
f 4661 4505 4658
f 4658 4505 4504
f 4484 4483 4489
f 4489 4483 4486
f 4462 4509 4463
f 4463 4509 4518
f 4469 4511 4466
f 4466 4511 4508
f 4655 4473 4656
f 4656 4473 4477
f 4476 4657 4477
f 4477 4657 4656
f 4479 4513 4476
f 4476 4513 4657
f 4489 4525 4484
f 4484 4525 4526
f 4483 4549 4486
f 4486 4549 4536
f 4549 4548 4536
f 4536 4548 4551
f 4548 4568 4551
f 4551 4568 4670
f 4663 4589 4845
f 4845 4589 4590
f 4668 4577 4938
f 4938 4577 4580
f 4940 4938 4939
f 4939 4938 4941
f 4940 4942 4669
f 4669 4942 4943
f 4587 4582 4944
f 4944 4582 4581
f 4848 4847 4608
f 4608 4847 4564
f 4616 4945 4613
f 4613 4945 4598
f 4615 4946 4616
f 4616 4946 4945
f 4947 4939 4948
f 4948 4939 4946
f 4599 4605 4600
f 4600 4605 4604
f 4608 4607 4848
f 4848 4607 4849
f 4613 4612 4616
f 4616 4612 4617
f 4835 4949 4709
f 4709 4949 4710
f 4357 1477 4837
f 4837 1477 1365
f 4712 4950 4803
f 4803 4950 4951
f 4401 4952 4402
f 4402 4952 4953
f 4759 4760 4402
f 4402 4760 4399
f 4508 4520 4509
f 4509 4520 4654
f 4510 4522 4511
f 4511 4522 4521
f 4513 4526 4657
f 4657 4526 4525
f 4632 4633 4514
f 4514 4633 4529
f 4931 4934 4453
f 4453 4934 4454
f 4153 4954 4154
f 4154 4954 4955
f 4957 4958 4956
f 4956 4958 4959
f 4961 4962 4960
f 4960 4962 4963
f 4120 4964 4210
f 4210 4964 4965
f 4967 4968 4966
f 4966 4968 4969
f 4349 4692 4815
f 4815 4692 4970
f 4652 4971 4653
f 4653 4971 4706
f 4758 4647 4972
f 4972 4647 4646
f 4973 4363 4646
f 4646 4363 4972
f 4950 4360 4974
f 4974 4360 4364
f 4431 4335 4746
f 4746 4335 4713
f 4358 4714 4325
f 4325 4714 4321
f 4765 4764 4266
f 4266 4764 4975
f 4202 4976 4203
f 4203 4976 4977
f 4917 4978 4918
f 4918 4978 4979
f 4279 4282 4854
f 4854 4282 4269
f 4820 4880 4817
f 4817 4880 4902
f 4890 4903 4980
f 4980 4903 4886
f 4982 4983 4981
f 4981 4983 4123
f 4795 4851 4796
f 4796 4851 4850
f 4918 4979 4874
f 4874 4979 4881
f 4809 4404 4810
f 4810 4404 4403
f 4354 4985 4984
f 4984 4985 4986
f 1364 1516 4838
f 4838 1516 4987
f 4759 4988 4367
f 4367 4988 4925
f 4989 4990 4481
f 4481 4990 4478
f 4443 4515 4990
f 4990 4515 4991
f 4527 4512 4992
f 4992 4512 4991
f 4528 4503 4992
f 4992 4503 4993
f 4993 4994 4485
f 4485 4994 4482
f 4544 4995 4502
f 4502 4995 4994
f 4995 4996 4550
f 4550 4996 4547
f 4998 4999 4997
f 4997 4999 4566
f 4998 5000 4578
f 4578 5000 4579
f 5001 5002 4596
f 4596 5002 4597
f 5003 4591 5004
f 5004 4591 4610
f 4626 4421 4627
f 4627 4421 4420
f 4837 4838 4627
f 4627 4838 4624
f 4761 4705 4830
f 4830 4705 5005
f 4705 4707 5005
f 5005 4707 5006
f 4308 4721 4075
f 4075 4721 4076
f 5007 4200 4797
f 4797 4200 4798
f 4685 4686 5008
f 5008 4686 5009
f 4889 4890 5010
f 5010 4890 4980
f 4323 1541 4324
f 4324 1541 1540
f 4385 4384 4358
f 4358 4384 4714
f 4396 4758 4840
f 4840 4758 4972
f 4866 4852 5011
f 5011 4852 5012
f 5013 4260 4980
f 4980 4260 5010
f 4875 4878 5014
f 5014 4878 5015
f 5017 5018 5016
f 5016 5018 5019
f 5016 5019 5020
f 5020 5019 5021
f 5023 5024 5022
f 5022 5024 5025
f 5027 5028 5026
f 5026 5028 5029
f 5031 5032 5030
f 5030 5032 5033
f 5035 5036 5034
f 5034 5036 5037
f 5039 5040 5038
f 5038 5040 5041
f 5043 5044 5042
f 5042 5044 5045
f 5038 5046 5039
f 5039 5046 5047
f 5049 5050 5048
f 5048 5050 5051
f 5053 5054 5052
f 5052 5054 5055
f 5057 5024 5056
f 5056 5024 5058
f 5060 5061 5059
f 5059 5061 5062
f 5064 5065 5063
f 5063 5065 5066
f 5043 5050 5064
f 5064 5050 5065
f 5038 5041 5067
f 5067 5041 5068
f 5070 5071 5069
f 5069 5071 5072
f 5074 5075 5073
f 5073 5075 5076
f 5034 5077 5035
f 5035 5077 5078
f 5080 5081 5079
f 5079 5081 5082
f 5084 5085 5083
f 5083 5085 5086
f 5085 5084 5087
f 5087 5084 5088
f 5090 5091 5089
f 5089 5091 5092
f 5094 5095 5093
f 5093 5095 5096
f 5098 5099 5097
f 5097 5099 5100
f 5102 5103 5101
f 5101 5103 5104
f 5105 5106 5108
f 5108 5106 5107
f 5110 5111 5109
f 5109 5111 5112
f 5114 5094 5113
f 5113 5094 5093
f 5116 5117 5115
f 5115 5117 5118
f 5120 5121 5119
f 5119 5121 5122
f 5124 5125 5123
f 5123 5125 5126
f 5128 5129 5127
f 5127 5129 5130
f 5097 5131 5098
f 5098 5131 5132
f 5134 5135 5133
f 5133 5135 5122
f 5084 5125 5088
f 5088 5125 5136
f 5138 5139 5137
f 5137 5139 5140
f 5142 5102 5141
f 5141 5102 5101
f 5106 5143 5107
f 5107 5143 5144
f 5146 5147 5145
f 5145 5147 5148
f 5149 5150 5109
f 5109 5150 5110
f 5151 5110 5152
f 5152 5110 5150
f 4715 5140 4716
f 4716 5140 5139
f 5143 4870 5144
f 5144 4870 4869
f 4115 5146 4116
f 4116 5146 5145
f 4791 4796 5149
f 5149 4796 5150
f 4796 4850 5150
f 5150 4850 5152
f 4858 5142 4859
f 4859 5142 5141
f 5153 5154 5115
f 5115 5154 5105
f 5156 5157 5155
f 5155 5157 5158
f 5159 5160 5053
f 5053 5160 5054
f 5161 5162 5020
f 5020 5162 5068
f 5026 5029 5163
f 5163 5029 5021
f 5083 5086 5164
f 5164 5086 5165
f 5090 5167 5166
f 5166 5167 5168
f 5169 5170 5172
f 5172 5170 5171
f 5174 5175 5173
f 5173 5175 5176
f 5177 5109 5178
f 5178 5109 5112
f 5179 5180 5182
f 5182 5180 5181
f 5123 5126 5120
f 5120 5126 5121
f 5180 5167 5181
f 5181 5167 5183
f 5184 5185 5179
f 5179 5185 5180
f 5186 5149 5177
f 5177 5149 5109
f 4868 5184 4865
f 4865 5184 5179
f 5188 5189 5187
f 5187 5189 5190
f 4277 4791 5186
f 5186 4791 5149
f 5179 5182 4865
f 4865 5182 4853
f 5189 4862 5190
f 5190 4862 4861
f 5156 5075 5191
f 5191 5075 5192
f 5036 5035 5193
f 5193 5035 5194
f 5115 5118 5153
f 5153 5118 5195
f 5022 5025 5196
f 5196 5025 5197
f 5155 5158 5069
f 5069 5158 5062
f 5063 5066 5198
f 5198 5066 5199
f 5073 5076 5200
f 5200 5076 5072
f 5202 5131 5201
f 5201 5131 5203
f 5143 5106 5204
f 5204 5106 5205
f 5114 5113 5206
f 5206 5113 5127
f 5098 5132 5193
f 5193 5132 5195
f 5204 5207 5143
f 5143 5207 4870
f 5088 5136 5208
f 5208 5136 5092
f 5209 5210 5089
f 5089 5210 5183
f 5211 5018 5060
f 5060 5018 5061
f 5017 5040 5070
f 5070 5040 5071
f 5191 5160 5156
f 5156 5160 5157
f 5048 5028 5049
f 5049 5028 5058
f 5207 5204 4858
f 4858 5204 5142
f 4859 5141 4715
f 4715 5141 5140
f 5212 5162 5042
f 5042 5162 5051
f 5182 5152 4853
f 4853 5152 4850
f 5214 5134 5213
f 5213 5134 5133
f 5164 5165 5133
f 5133 5165 5213
f 5215 5216 5201
f 5201 5216 5217
f 5147 5218 5148
f 5148 5218 5219
f 5147 5177 5218
f 5218 5177 5178
f 5141 5101 5140
f 5140 5101 5137
f 5201 5217 5202
f 5202 5217 5104
f 5146 5186 5147
f 5147 5186 5177
f 4277 5186 4115
f 4115 5186 5146
f 5191 5192 5031
f 5031 5192 5032
f 5052 5055 5220
f 5220 5055 5197
f 4116 5145 4869
f 4869 5145 5144
f 5034 5037 5214
f 5214 5037 5134
f 5097 5100 5114
f 5114 5100 5094
f 5108 5107 5219
f 5219 5107 5148
f 5221 5135 5116
f 5116 5135 5117
f 5124 5111 5209
f 5209 5111 5210
f 5107 5144 5148
f 5148 5144 5145
f 5152 5182 5151
f 5151 5182 5181
f 5208 5222 5088
f 5088 5222 5087
f 5222 5208 5171
f 5171 5208 5172
f 5223 1756 4698
f 4698 1756 1755
f 4427 5224 4107
f 4107 5224 4135
f 4178 4679 5225
f 5225 4679 5226
f 5227 5228 4892
f 4892 5228 4893
f 5229 5230 4171
f 4171 5230 4172
f 4855 4268 4884
f 4884 4268 4885
f 4884 4871 4855
f 4855 4871 4856
f 4684 5231 4896
f 4896 5231 4897
f 4768 4767 5009
f 5009 4767 5008
f 5205 5154 5102
f 5102 5154 5103
f 5099 5098 5194
f 5194 5098 5193
f 5198 5199 5079
f 5079 5199 5033
f 5102 5142 5205
f 5205 5142 5204
f 5224 4427 4681
f 4681 4427 4678
f 3712 3711 5232
f 5232 3711 5233
f 3968 3988 3963
f 3963 3988 3964
f 3976 4044 3972
f 3972 4044 3985
f 4038 4037 4036
f 4036 4037 4033
f 4794 4762 3731
f 3731 4762 3944
f 3731 3944 3722
f 3722 3944 3810
f 3874 5234 5232
f 5232 5234 3712
f 3906 3905 3867
f 3867 3905 4011
f 3904 4023 3905
f 3905 4023 4011
f 3719 3722 3811
f 3811 3722 3810
f 3812 3719 3687
f 3687 3719 3811
f 3716 3812 3686
f 3686 3812 3687
f 3713 3716 3685
f 3685 3716 3686
f 4810 4403 5235
f 5235 4403 4813
f 4345 1770 4814
f 4814 1770 1769
f 4067 4066 4058
f 4058 4066 5236
f 4043 4068 4049
f 4049 4068 4050
f 4034 5237 3989
f 3989 5237 3990
f 4031 4030 4072
f 4072 4030 4005
f 4003 4004 4002
f 4002 4004 4032
f 4004 4005 4032
f 4032 4005 4030
f 4067 4064 4068
f 4068 4064 4050
f 4058 4057 4067
f 4067 4057 4064
f 4035 4034 5238
f 5238 4034 3989
f 5236 5239 4058
f 4058 5239 5240
f 5234 3874 5241
f 5241 3874 3873
f 5241 3873 3881
f 3881 3873 3878
f 4800 4763 4788
f 4788 4763 4310
f 4763 4762 4310
f 4310 4762 4309
f 4762 4794 4309
f 4309 4794 4306
f 4794 4793 4306
f 4306 4793 4292
f 4293 4313 4302
f 4302 4313 4314
f 4302 4314 4303
f 4303 4314 4315
f 4303 4315 4703
f 4703 4315 4316
f 4035 4069 4043
f 4043 4069 4068
f 4324 1540 4357
f 4357 1540 1477
f 5232 3987 3874
f 3874 3987 3871
f 3987 5232 4013
f 4013 5232 5233
f 4013 5233 4014
f 4014 5233 5242
f 3888 4015 3865
f 3865 4015 4007
f 3866 4008 5243
f 5243 4008 4016
f 3873 5244 3878
f 3878 5244 3875
f 3965 5244 3872
f 3872 5244 3873
f 3876 3875 3965
f 3965 3875 5244
f 5243 4016 5242
f 5242 4016 4014
f 5246 5247 5245
f 5245 5247 5248
f 3576 3950 3577
f 3577 3950 3926
f 3584 3842 3585
f 3585 3842 3580
f 5249 5247 1784
f 1784 5247 1785
f 5250 5251 5253
f 5253 5251 5252
f 5255 5252 5254
f 5254 5252 5256
f 5254 5256 5258
f 5258 5256 5257
f 5258 5257 5260
f 5260 5257 5259
f 4356 5261 4424
f 4424 5261 5259
f 4355 5262 4356
f 4356 5262 5261
f 4924 5264 5263
f 5263 5264 5265
f 4693 5266 4691
f 4691 5266 5267
f 4351 5268 4352
f 4352 5268 5269
f 1808 1807 4351
f 4351 1807 5268
f 3580 3842 3581
f 3799 3802 3838
f 4800 4788 4801
f 4801 4788 4789
f 3729 3935 4801
f 4801 3935 4800
f 3728 3666 3729
f 3729 3666 3935
f 3728 3798 3666
f 3666 3798 3663
f 3798 3818 3663
f 3663 3818 3809
f 3818 3817 3809
f 3809 3817 3808
f 3796 3655 3817
f 3817 3655 3808
f 3615 3568 3796
f 3796 3568 3655
f 3573 3569 3615
f 3615 3569 3568
f 3572 3613 3573
f 3573 3613 3569
f 3792 3606 3572
f 3572 3606 3613
f 3607 3791 3949
f 3949 3791 3591
f 3590 3950 3591
f 3591 3950 3949
f 3805 3926 3590
f 3590 3926 3950
f 3804 3559 3805
f 3805 3559 3926
f 3804 3914 3559
f 3559 3914 3560
f 3924 3789 3913
f 3913 3789 3788
f 3924 3928 3789
f 3789 3928 3826
f 3928 3927 3826
f 3826 3927 3827
f 3927 3834 3827
f 3827 3834 3835
f 4079 4078 5270
f 5270 4078 5007
f 5271 5272 4233
f 4233 5272 5273
f 5275 5276 5274
f 5274 5276 5277
f 5278 5279 4236
f 4236 5279 4237
f 5278 5280 5271
f 5271 5280 5272
f 4235 5281 4236
f 4236 5281 5282
f 5284 5285 5283
f 5283 5285 5286
f 5288 5289 5287
f 5287 5289 5290
f 5292 5293 5291
f 5291 5293 5294
f 5287 5290 4726
f 4726 5290 5295
f 4293 4292 4313
f 4313 4292 4793
f 4720 4736 4719
f 4719 4736 5296
f 5297 4909 5298
f 5298 4909 4908
f 5299 5300 4976
f 4976 5300 5301
f 5302 4202 5303
f 5303 4202 4201
f 5304 5305 4983
f 4983 5305 5306
f 5308 5309 5307
f 5307 5309 5310
f 4722 4725 5283
f 5283 4725 5311
f 5291 5294 4125
f 4125 5294 4126
f 5313 5314 5312
f 5312 5314 5315
f 5316 5317 5319
f 5319 5317 5318
f 5321 5308 5320
f 5320 5308 5307
f 4819 4981 4873
f 4873 4981 5322
f 4981 4123 5322
f 5322 4123 4126
f 5324 5325 5323
f 5323 5325 5326
f 4764 5327 4975
f 4975 5327 5328
f 4172 5327 4169
f 4169 5327 5329
f 4768 4171 4769
f 4769 4171 4170
f 4243 4755 4244
f 4244 4755 5330
f 4755 4205 5330
f 5330 4205 4208
f 4206 4906 4207
f 4207 4906 4905
f 4686 5014 5009
f 5009 5014 5229
f 4756 4770 4170
f 4170 4770 4769
f 4170 4169 4756
f 4756 4169 4757
f 4273 5329 4764
f 4764 5329 5327
f 4276 5331 4273
f 4273 5331 5329
f 4770 4756 4243
f 4243 4756 4755
f 5333 4889 5332
f 5332 4889 5010
f 4877 5332 4878
f 4878 5332 4259
f 4875 4164 4876
f 4876 4164 4163
f 5334 5335 5324
f 5324 5335 5325
f 4983 5306 4123
f 4123 5306 4124
f 4818 4982 4819
f 4819 4982 4981
f 5332 5010 4259
f 4259 5010 4260
f 5014 4686 4875
f 4875 4686 4164
f 4171 4768 5229
f 5229 4768 5009
f 5337 4916 5336
f 5336 4916 4919
f 5293 5337 5294
f 5294 5337 5336
f 4982 4818 5333
f 5333 4818 4889
f 5338 5339 4262
f 4262 5339 5340
f 5307 5310 5338
f 5338 5310 5339
f 5341 5342 4204
f 4204 5342 5309
f 5336 4919 5322
f 5322 4919 4873
f 5294 5336 4126
f 4126 5336 5322
f 5323 5326 5343
f 5343 5326 5286
f 4914 5344 4915
f 4915 5344 5345
f 5312 5315 5344
f 5344 5315 5345
f 5347 5348 5346
f 5346 5348 5349
f 5350 5351 4832
f 4832 5351 4833
f 5352 5353 5349
f 5349 5353 5346
f 5354 5338 4265
f 4265 5338 4262
f 5320 5307 5354
f 5354 5307 5338
f 4201 5308 5303
f 5303 5308 5321
f 5356 5357 5355
f 5355 5357 4799
f 5358 5359 5334
f 5334 5359 5335
f 5358 5360 4093
f 4093 5360 4163
f 5360 5305 4163
f 4163 5305 4876
f 5305 5304 4876
f 4876 5304 4877
f 5270 4778 4079
f 4079 4778 4081
f 4779 5361 4774
f 4774 5361 5357
f 5356 5359 4775
f 4775 5359 4092
f 5333 5304 4982
f 4982 5304 4983
f 5332 4877 5333
f 5333 4877 5304
f 5015 4258 5230
f 5230 4258 5328
f 5327 4172 5328
f 5328 4172 5230
f 4169 5329 4757
f 4757 5329 5331
f 4757 5331 4205
f 4205 5331 4206
f 5331 4276 4206
f 4206 4276 4906
f 4276 4275 4906
f 4906 4275 4907
f 4275 4888 4907
f 4907 4888 4744
f 4887 4717 4745
f 4745 4717 4864
f 4716 5139 4861
f 4861 5139 5190
f 5139 5138 5190
f 5190 5138 5187
f 5138 5216 5187
f 5187 5216 5176
f 5215 5362 5173
f 5173 5362 5130
f 5364 5365 5363
f 5363 5365 5340
f 4742 4863 5366
f 5366 4863 4867
f 4862 5189 4868
f 4868 5189 5184
f 5189 5188 5184
f 5184 5188 5185
f 5188 5175 5185
f 5185 5175 5168
f 3560 3788 3561
f 3561 3788 3790
f 3596 3595 3608
f 3608 3595 3594
f 3598 3582 3595
f 3595 3582 3592
f 3600 3609 3601
f 3601 3609 3611
f 3602 3601 3612
f 3612 3601 3611
f 3606 3605 3613
f 3613 3605 3614
f 3793 5367 3794
f 3794 5367 5368
f 3598 3597 3600
f 3600 3597 3609
f 3793 3792 3575
f 3575 3792 3572
f 3561 3594 3558
f 3558 3594 3593
f 3807 3915 3804
f 3804 3915 3914
f 3916 3915 5370
f 5370 3915 5369
f 3602 3605 3603
f 3603 3605 3604
f 3606 3792 3607
f 3607 3792 3791
f 3914 3913 3560
f 3560 3913 3788
f 5174 5129 5166
f 5166 5129 5371
f 5170 5169 5093
f 5093 5169 5113
f 5166 5371 5090
f 5090 5371 5091
f 5128 5169 5372
f 5372 5169 5172
f 5127 5113 5128
f 5128 5113 5169
f 5114 5206 5203
f 5203 5206 5362
f 5200 5373 5073
f 5073 5373 5096
f 5374 5375 5200
f 5200 5375 5373
f 5039 5047 5374
f 5374 5047 5375
f 5087 5046 5085
f 5085 5046 5376
f 5212 5377 5067
f 5067 5377 5376
f 5042 5045 5212
f 5212 5045 5377
f 5064 5378 5043
f 5043 5378 5044
f 5063 5077 5064
f 5064 5077 5378
f 5079 5082 5198
f 5198 5082 5078
f 5099 5081 5100
f 5100 5081 5379
f 5100 5379 5094
f 5094 5379 5095
f 5381 5382 5380
f 5380 5382 5383
f 5385 5386 5384
f 5384 5386 5383
f 5385 5387 5386
f 5386 5387 5388
f 5390 5391 5389
f 5389 5391 5392
f 5393 5394 5396
f 5396 5394 5395
f 5398 5399 5397
f 5397 5399 5400
f 5402 5403 5401
f 5401 5403 5404
f 5406 5407 5405
f 5405 5407 5404
f 5408 5409 5163
f 5163 5409 5410
f 5411 5412 5414
f 5414 5412 5413
f 5057 5416 5415
f 5415 5416 5417
f 5393 5416 5418
f 5418 5416 5419
f 5396 5395 5420
f 5420 5395 5421
f 5423 5424 5422
f 5422 5424 5425
f 5415 5417 5220
f 5220 5417 5426
f 5418 5391 5393
f 5393 5391 5394
f 5414 5388 5411
f 5411 5388 5392
f 5059 5427 5060
f 5060 5427 5428
f 5423 5427 5429
f 5429 5427 5430
f 5432 5382 5431
f 5431 5382 5425
f 5429 5407 5423
f 5423 5407 5424
f 5380 5409 5381
f 5381 5409 5433
f 5381 5433 5422
f 5422 5433 5428
f 5027 5412 5056
f 5056 5412 5419
f 5435 5436 5434
f 5434 5436 5437
f 5159 5439 5438
f 5438 5439 5440
f 5053 5436 5159
f 5159 5436 5439
f 5441 5403 5398
f 5398 5403 5399
f 5163 5410 5026
f 5026 5410 5413
f 5438 5440 5442
f 5442 5440 5430
f 5444 5445 5443
f 5443 5445 5446
f 5447 5448 5450
f 5450 5448 5449
f 5451 5446 5452
f 5452 5446 5445
f 5454 5455 5453
f 5453 5455 5451
f 5456 5454 5458
f 5458 5454 5457
f 5460 5461 5459
f 5459 5461 5462
f 5464 5465 5463
f 5463 5465 5466
f 5468 5469 5467
f 5467 5469 5470
f 5472 5473 5471
f 5471 5473 5474
f 5475 5476 5478
f 5478 5476 5477
f 5479 5480 5482
f 5482 5480 5481
f 5483 5484 5448
f 5448 5484 5485
f 5448 5485 5449
f 5449 5485 5486
f 5487 5476 5488
f 5488 5476 5475
f 5490 5491 5489
f 5489 5491 5492
f 5494 5495 5493
f 5493 5495 5496
f 5498 5494 5497
f 5497 5494 5493
f 5500 5501 5499
f 5499 5501 5502
f 5503 5504 5446
f 5446 5504 5443
f 5506 5507 5505
f 5505 5507 5508
f 5510 5511 5509
f 5509 5511 5512
f 5514 5515 5513
f 5513 5515 5516
f 5518 5519 5517
f 5517 5519 5520
f 5495 5521 5496
f 5496 5521 5522
f 5524 5525 5523
f 5523 5525 5526
f 5527 5528 5494
f 5494 5528 5495
f 5499 5502 5529
f 5529 5502 5530
f 5531 5532 5485
f 5485 5532 5486
f 5485 5484 5531
f 5531 5484 5533
f 5482 5481 5534
f 5534 5481 5535
f 5536 5512 5506
f 5506 5512 5511
f 5455 5503 5451
f 5451 5503 5446
f 5467 5470 5511
f 5511 5470 5537
f 5538 5467 5510
f 5510 5467 5511
f 5540 5541 5539
f 5539 5541 5542
f 5543 5544 5546
f 5546 5544 5545
f 5548 5472 5547
f 5547 5472 5471
f 5493 5496 5549
f 5549 5496 5550
f 5496 5522 5550
f 5550 5522 5551
f 5553 5554 5552
f 5552 5554 5555
f 5557 5447 5556
f 5556 5447 5558
f 5557 5483 5447
f 5447 5483 5448
f 5478 5477 5553
f 5553 5477 5559
f 5477 5560 5559
f 5559 5560 5561
f 5476 5562 5477
f 5477 5562 5560
f 5476 5487 5562
f 5562 5487 5563
f 5560 5564 5561
f 5561 5564 5565
f 5564 5560 5566
f 5566 5560 5562
f 5563 5567 5562
f 5562 5567 5566
f 5569 5521 5568
f 5568 5521 5570
f 5481 5572 5571
f 5571 5572 5573
f 5574 5535 5571
f 5571 5535 5481
f 5576 5577 5575
f 5575 5577 5578
f 5579 5580 5456
f 5456 5580 5581
f 5475 5582 5488
f 5488 5582 5583
f 5584 5536 5505
f 5505 5536 5506
f 5585 5586 5588
f 5588 5586 5587
f 5590 5591 5589
f 5589 5591 5592
f 5519 5593 5520
f 5520 5593 5594
f 5595 5596 5462
f 5462 5596 5597
f 5599 5600 5598
f 5598 5600 5514
f 5602 5603 5601
f 5601 5603 5604
f 5524 5543 5525
f 5525 5543 5546
f 5543 5524 5606
f 5606 5524 5605
f 5607 5608 5500
f 5500 5608 5501
f 5610 5551 5609
f 5609 5551 5522
f 5611 5510 5598
f 5598 5510 5509
f 5612 5597 5457
f 5457 5597 5458
f 5510 5611 5538
f 5538 5611 5613
f 5580 5508 5581
f 5581 5508 5507
f 5615 5616 5614
f 5614 5616 5617
f 5619 5620 5618
f 5618 5620 5621
f 5623 5624 5622
f 5622 5624 5625
f 5627 5624 5626
f 5626 5624 5623
f 5629 5630 5628
f 5628 5630 5631
f 5633 5634 5632
f 5632 5634 5466
f 5635 5636 5463
f 5463 5636 5637
f 5523 5638 5524
f 5524 5638 5605
f 5639 5640 5641
f 5641 5640 5595
f 5611 5513 5613
f 5613 5513 5642
f 5643 5586 5608
f 5608 5586 5501
f 5622 5625 5590
f 5590 5625 5591
f 5598 5514 5611
f 5611 5514 5513
f 5645 5646 5644
f 5644 5646 5647
f 5620 5619 5491
f 5491 5619 5648
f 5649 5643 5492
f 5492 5643 5608
f 5650 5651 5653
f 5653 5651 5652
f 5463 5466 5635
f 5635 5466 5634
f 5597 5612 5462
f 5462 5612 5459
f 5635 5634 5523
f 5523 5634 5638
f 5654 5638 5633
f 5633 5638 5634
f 5655 5656 5525
f 5525 5656 5526
f 5658 5659 5657
f 5657 5659 5527
f 5660 5464 5637
f 5637 5464 5463
f 5632 5466 5661
f 5661 5466 5465
f 5661 5662 5632
f 5632 5662 5658
f 5662 5663 5658
f 5658 5663 5659
f 5665 5659 5664
f 5664 5659 5663
f 5632 5658 5633
f 5633 5658 5657
f 5666 5629 5530
f 5530 5629 5667
f 5528 5527 5665
f 5665 5527 5659
f 5668 5669 5570
f 5570 5669 5568
f 5669 5668 5670
f 5670 5668 5671
f 5646 5672 5673
f 5672 5674 5673
f 5673 5674 5675
f 5674 5460 5675
f 5675 5460 5459
f 5461 5676 5462
f 5462 5676 5595
f 5677 5678 5680
f 5680 5678 5679
f 5628 5681 5629
f 5629 5681 5667
f 5682 5529 5667
f 5667 5529 5530
f 5675 5459 5683
f 5683 5459 5612
f 5585 5666 5502
f 5502 5666 5530
f 5589 5684 5602
f 5602 5684 5603
f 5646 5645 5663
f 5663 5645 5664
f 5685 5647 5673
f 5673 5647 5646
f 5686 5687 5683
f 5683 5687 5685
f 5688 5689 5533
f 5533 5689 5531
f 5690 5691 5535
f 5535 5691 5534
f 5692 5690 5574
f 5574 5690 5535
f 5685 5687 5689
f 5689 5687 5693
f 5489 5694 5490
f 5490 5694 5695
f 5690 5692 5696
f 5696 5692 5697
f 5696 5644 5690
f 5690 5644 5691
f 5447 5450 5558
f 5558 5450 5698
f 5699 5700 5642
f 5642 5700 5613
f 5701 5702 5540
f 5540 5702 5541
f 5431 5703 5432
f 5432 5703 5697
f 5385 5384 5574
f 5574 5384 5692
f 5389 5387 5573
f 5573 5387 5571
f 5565 5390 5573
f 5573 5390 5389
f 5390 5565 5704
f 5704 5565 5564
f 5566 5705 5564
f 5564 5705 5704
f 5569 5441 5609
f 5609 5441 5398
f 5568 5405 5569
f 5569 5405 5441
f 5670 5706 5669
f 5669 5706 5406
f 5703 5431 5670
f 5670 5431 5706
f 5432 5697 5384
f 5384 5697 5692
f 5574 5571 5385
f 5385 5571 5387
f 5607 5707 5489
f 5489 5707 5694
f 5518 5708 5519
f 5519 5708 5709
f 5711 5576 5710
f 5710 5576 5575
f 5713 5714 5712
f 5712 5714 5715
f 5553 5552 5478
f 5478 5552 5716
f 5717 5475 5716
f 5716 5475 5478
f 5718 5719 5605
f 5605 5719 5606
f 5505 5622 5584
f 5584 5622 5590
f 5508 5623 5505
f 5505 5623 5622
f 5626 5623 5580
f 5580 5623 5508
f 5580 5579 5626
f 5626 5579 5720
f 5579 5721 5720
f 5720 5721 5722
f 5666 5585 5723
f 5723 5585 5588
f 5724 5725 5639
f 5639 5725 5640
f 5554 5726 5555
f 5555 5726 5727
f 5453 5728 5729
f 5689 5688 5685
f 5685 5688 5647
f 5604 5730 5512
f 5512 5730 5509
f 5628 5631 5618
f 5618 5631 5592
f 5601 5604 5536
f 5536 5604 5512
f 5732 5676 5731
f 5731 5676 5660
f 5730 5604 5733
f 5733 5604 5603
f 5563 5487 5551
f 5551 5487 5550
f 5489 5492 5607
f 5607 5492 5608
f 5573 5572 5565
f 5565 5572 5561
f 5609 5522 5569
f 5569 5522 5521
f 5499 5734 5500
f 5500 5734 5735
f 5596 5736 5721
f 5721 5736 5722
f 5737 5600 5594
f 5594 5600 5520
f 5599 5730 5517
f 5517 5730 5733
f 5660 5738 5731
f 5731 5738 5739
f 5648 5649 5491
f 5491 5649 5492
f 5501 5586 5502
f 5502 5586 5585
f 5525 5546 5655
f 5655 5546 5740
f 5600 5599 5520
f 5520 5599 5517
f 5708 5739 5709
f 5709 5739 5738
f 5636 5635 5526
f 5526 5635 5523
f 5670 5671 5703
f 5703 5671 5741
f 5490 5695 5742
f 5742 5695 5743
f 5682 5678 5744
f 5744 5678 5677
f 5678 5681 5679
f 5679 5681 5621
f 5742 5743 5679
f 5679 5743 5680
f 5618 5621 5628
f 5628 5621 5681
f 5725 5724 5589
f 5589 5724 5684
f 5456 5458 5579
f 5579 5458 5721
f 5675 5683 5673
f 5673 5683 5685
f 5529 5682 5745
f 5745 5682 5744
f 5721 5458 5596
f 5596 5458 5597
f 5701 5540 5719
f 5719 5540 5606
f 5703 5741 5697
f 5697 5741 5696
f 5500 5735 5607
f 5607 5735 5707
f 5549 5746 5493
f 5493 5746 5497
f 5700 5747 5613
f 5613 5747 5538
f 5420 5421 5434
f 5434 5421 5400
f 5689 5693 5531
f 5531 5693 5532
f 5705 5566 5748
f 5748 5566 5567
f 5609 5398 5610
f 5610 5398 5397
f 5669 5406 5568
f 5568 5406 5405
f 5488 5583 5549
f 5549 5583 5746
f 5714 5713 5710
f 5710 5713 5711
f 5747 5468 5538
f 5538 5468 5467
f 5548 5547 5749
f 5749 5547 5750
f 5733 5603 5751
f 5751 5603 5684
f 5589 5602 5590
f 5590 5602 5584
f 5636 5752 5614
f 5614 5752 5615
f 5753 5754 5738
f 5738 5754 5755
f 5602 5601 5584
f 5584 5601 5536
f 5723 5736 5630
f 5630 5736 5640
f 5595 5640 5596
f 5596 5640 5736
f 5734 5499 5745
f 5745 5499 5529
f 5627 5587 5643
f 5643 5587 5586
f 5553 5559 5554
f 5554 5559 5480
f 5559 5561 5480
f 5480 5561 5572
f 5554 5480 5726
f 5726 5480 5479
f 5749 5750 5715
f 5715 5750 5712
f 5683 5612 5686
f 5686 5612 5457
f 5678 5682 5681
f 5681 5682 5667
f 5598 5509 5599
f 5599 5509 5730
f 5679 5621 5742
f 5742 5621 5620
f 5652 5616 5653
f 5653 5616 5615
f 5220 5426 5052
f 5052 5426 5437
f 5487 5488 5550
f 5550 5488 5549
f 5742 5620 5490
f 5490 5620 5491
f 5551 5610 5563
f 5563 5610 5567
f 5610 5397 5567
f 5567 5397 5748
f 5614 5617 5753
f 5753 5617 5754
f 5480 5572 5481
f 5755 5756 5738
f 5738 5756 5709
f 5745 5744 5758
f 5758 5744 5757
f 5745 5758 5734
f 5734 5758 5759
f 5735 5734 5760
f 5760 5734 5759
f 5707 5735 5761
f 5761 5735 5760
f 5744 5677 5757
f 5757 5677 5762
f 5677 5680 5762
f 5762 5680 5763
f 5763 5680 5764
f 5764 5680 5743
f 5765 5766 5762
f 5762 5766 5757
f 5768 5769 5767
f 5767 5769 5770
f 5771 5772 5770
f 5770 5772 5767
f 5770 5769 5774
f 5774 5769 5773
f 5775 5776 5774
f 5774 5776 5777
f 5773 5778 5774
f 5774 5778 5775
f 5779 5766 5773
f 5773 5766 5778
f 5777 5771 5774
f 5774 5771 5770
f 5780 5781 5783
f 5783 5781 5782
f 5781 5780 5771
f 5771 5780 5772
f 5773 5769 5779
f 5779 5769 5768
f 5768 5759 5779
f 5779 5759 5758
f 5768 5784 5759
f 5759 5784 5760
f 5767 5785 5768
f 5768 5785 5784
f 5785 5767 5786
f 5786 5767 5772
f 5766 5779 5757
f 5757 5779 5758
f 5780 5787 5772
f 5772 5787 5786
f 5785 5786 5788
f 5788 5786 5789
f 5786 5787 5789
f 5789 5787 5790
f 5788 5789 5791
f 5791 5789 5792
f 5791 5793 5788
f 5788 5793 5794
f 5795 5792 5790
f 5790 5792 5789
f 5785 5788 5784
f 5784 5788 5794
f 5784 5794 5760
f 5760 5794 5761
f 5787 5780 5796
f 5796 5780 5783
f 5775 5778 5797
f 5797 5778 5766
f 5797 5798 5775
f 5775 5798 5776
f 5766 5765 5797
f 5797 5765 5799
f 5798 5797 5800
f 5800 5797 5799
f 5798 5801 5776
f 5776 5801 5802
f 5707 5761 5694
f 5694 5761 5803
f 5695 5804 5743
f 5743 5804 5764
f 5804 5695 5803
f 5803 5695 5694
f 5803 5793 5804
f 5804 5793 5805
f 5793 5791 5805
f 5805 5791 5806
f 5804 5805 5764
f 5764 5805 5807
f 5803 5761 5793
f 5793 5761 5794
f 5808 5763 5807
f 5807 5763 5764
f 5808 5765 5763
f 5763 5765 5762
f 5809 5799 5808
f 5808 5799 5765
f 5809 5808 5810
f 5810 5808 5807
f 5811 5809 5812
f 5812 5809 5810
f 5805 5806 5807
f 5807 5806 5810
f 5806 5813 5810
f 5810 5813 5812
f 5799 5809 5800
f 5800 5809 5811
f 5815 5800 5814
f 5814 5800 5811
f 5814 5817 5816
f 5816 5817 5818
f 5814 5811 5817
f 5817 5811 5812
f 5814 5816 5815
f 5815 5816 5796
f 5815 5796 5801
f 5801 5796 5783
f 5801 5798 5815
f 5815 5798 5800
f 5791 5792 5806
f 5806 5792 5813
f 5818 5813 5795
f 5795 5813 5792
f 5818 5817 5813
f 5813 5817 5812
f 5816 5818 5790
f 5790 5818 5795
f 5790 5787 5816
f 5816 5787 5796
f 5771 5777 5781
f 5781 5777 5782
f 5782 5802 5783
f 5783 5802 5801
f 5782 5777 5802
f 5802 5777 5776
f 5588 5587 5722
f 5722 5587 5720
f 5591 5619 5592
f 5592 5619 5618
f 5625 5624 5648
f 5648 5624 5649
f 5624 5627 5649
f 5649 5627 5643
f 5631 5630 5725
f 5725 5630 5640
f 5625 5648 5591
f 5591 5648 5619
f 5588 5722 5723
f 5723 5722 5736
f 5631 5725 5592
f 5592 5725 5589
f 5723 5630 5666
f 5666 5630 5629
f 5587 5627 5720
f 5720 5627 5626
f 5820 5821 5819
f 5819 5821 5822
f 5824 5825 5823
f 5823 5825 5826
f 5823 5826 5827
f 5827 5826 5828
f 5829 5830 5832
f 5832 5830 5831
f 5518 5833 5708
f 5708 5833 5834
f 5835 5836 5824
f 5824 5836 5825
f 5838 5839 5837
f 5837 5839 5840
f 5751 5684 5842
f 5842 5684 5841
f 5843 5841 5724
f 5724 5841 5684
f 5845 5846 5844
f 5844 5846 5847
f 5848 5830 5836
f 5836 5830 5825
f 5518 5751 5833
f 5833 5751 5842
f 5839 5838 5821
f 5821 5838 5849
f 5850 5848 5822
f 5822 5848 5836
f 5851 5845 5828
f 5828 5845 5852
f 5854 5855 5853
f 5853 5855 5856
f 5845 5844 5852
f 5852 5844 5857
f 5858 5827 5852
f 5852 5827 5828
f 5851 5828 5829
f 5829 5828 5826
f 5819 5859 5820
f 5820 5859 5860
f 5835 5861 5819
f 5819 5861 5859
f 5851 5829 5862
f 5862 5829 5832
f 5844 5847 5837
f 5837 5847 5834
f 5819 5822 5835
f 5835 5822 5836
f 5823 5863 5824
f 5824 5863 5864
f 5849 5850 5821
f 5821 5850 5822
f 5825 5830 5826
f 5826 5830 5829
f 5820 5860 5865
f 5865 5860 5866
f 5858 5854 5867
f 5867 5854 5853
f 5854 5857 5855
f 5855 5857 5840
f 5855 5865 5856
f 5856 5865 5866
f 5837 5840 5844
f 5844 5840 5857
f 5827 5858 5868
f 5868 5858 5867
f 5824 5864 5835
f 5835 5864 5861
f 5732 5731 5862
f 5862 5731 5846
f 5863 5823 5868
f 5868 5823 5827
f 5843 5831 5848
f 5848 5831 5830
f 5854 5858 5857
f 5857 5858 5852
f 5855 5840 5865
f 5865 5840 5839
f 5865 5839 5820
f 5820 5839 5821
f 5868 5867 5870
f 5870 5867 5869
f 5868 5870 5863
f 5863 5870 5871
f 5863 5871 5864
f 5864 5871 5872
f 5864 5872 5861
f 5861 5872 5873
f 5867 5853 5869
f 5869 5853 5874
f 5853 5856 5874
f 5874 5856 5875
f 5856 5866 5875
f 5875 5866 5876
f 5877 5878 5874
f 5874 5878 5869
f 5880 5881 5879
f 5879 5881 5882
f 5883 5884 5880
f 5880 5884 5881
f 5881 5884 5886
f 5886 5884 5885
f 5887 5888 5886
f 5886 5888 5889
f 5885 5890 5886
f 5886 5890 5887
f 5889 5882 5886
f 5886 5882 5881
f 5882 5891 5879
f 5879 5891 5892
f 5885 5884 5893
f 5893 5884 5883
f 5883 5871 5893
f 5893 5871 5870
f 5883 5894 5871
f 5871 5894 5872
f 5880 5895 5883
f 5883 5895 5894
f 5896 5895 5879
f 5879 5895 5880
f 5893 5878 5885
f 5885 5878 5890
f 5878 5893 5869
f 5869 5893 5870
f 5897 5896 5892
f 5892 5896 5879
f 5895 5896 5898
f 5898 5896 5899
f 5896 5897 5899
f 5899 5897 5900
f 5898 5899 5901
f 5901 5899 5902
f 5901 5903 5898
f 5898 5903 5904
f 5900 5905 5899
f 5899 5905 5902
f 5898 5904 5895
f 5895 5904 5894
f 5894 5904 5872
f 5872 5904 5873
f 5897 5892 5907
f 5907 5892 5906
f 5892 5891 5906
f 5906 5891 5908
f 5887 5890 5909
f 5909 5890 5878
f 5888 5887 5910
f 5910 5887 5909
f 5878 5877 5909
f 5909 5877 5911
f 5909 5911 5910
f 5910 5911 5912
f 5913 5914 5910
f 5910 5914 5888
f 5908 5914 5906
f 5906 5914 5913
f 5861 5873 5859
f 5859 5873 5915
f 5860 5916 5866
f 5866 5916 5876
f 5916 5860 5915
f 5915 5860 5859
f 5915 5903 5916
f 5916 5903 5917
f 5903 5901 5917
f 5917 5901 5918
f 5916 5917 5876
f 5876 5917 5919
f 5903 5915 5904
f 5904 5915 5873
f 5920 5875 5919
f 5919 5875 5876
f 5920 5877 5875
f 5875 5877 5874
f 5920 5921 5877
f 5877 5921 5911
f 5921 5920 5922
f 5922 5920 5919
f 5923 5921 5924
f 5924 5921 5922
f 5917 5918 5919
f 5919 5918 5922
f 5918 5925 5922
f 5922 5925 5924
f 5921 5923 5911
f 5911 5923 5912
f 5927 5912 5926
f 5926 5912 5923
f 5926 5929 5928
f 5928 5929 5930
f 5926 5923 5929
f 5929 5923 5924
f 5926 5928 5927
f 5927 5928 5907
f 5927 5907 5913
f 5913 5907 5906
f 5913 5910 5927
f 5927 5910 5912
f 5901 5902 5918
f 5918 5902 5925
f 5930 5925 5905
f 5905 5925 5902
f 5930 5929 5925
f 5925 5929 5924
f 5928 5930 5900
f 5900 5930 5905
f 5900 5897 5928
f 5928 5897 5907
f 5882 5889 5891
f 5891 5889 5908
f 5908 5889 5914
f 5914 5889 5888
f 5832 5831 5641
f 5641 5831 5639
f 5833 5838 5834
f 5834 5838 5837
f 5842 5841 5849
f 5849 5841 5850
f 5841 5843 5850
f 5850 5843 5848
f 5847 5846 5739
f 5739 5846 5731
f 5842 5849 5833
f 5833 5849 5838
f 5862 5832 5732
f 5732 5832 5641
f 5847 5739 5834
f 5834 5739 5708
f 5862 5846 5851
f 5851 5846 5845
f 5831 5843 5639
f 5639 5843 5724
f 5676 5732 5595
f 5595 5732 5641
f 5676 5461 5660
f 5660 5461 5464
f 5461 5460 5464
f 5464 5460 5465
f 5460 5674 5465
f 5465 5674 5661
f 5931 5932 5934
f 5934 5932 5933
f 5936 5937 5935
f 5935 5937 5938
f 5935 5938 5939
f 5939 5938 5940
f 5942 5943 5941
f 5941 5943 5944
f 5945 5946 5936
f 5936 5946 5937
f 5948 5949 5947
f 5947 5949 5950
f 5951 5952 5519
f 5519 5952 5593
f 5953 5951 5709
f 5709 5951 5519
f 5955 5956 5954
f 5954 5956 5957
f 5958 5942 5946
f 5946 5942 5937
f 5948 5959 5949
f 5949 5959 5933
f 5960 5958 5934
f 5934 5958 5946
f 5961 5955 5940
f 5940 5955 5962
f 5963 5964 5966
f 5966 5964 5965
f 5955 5954 5962
f 5962 5954 5967
f 5968 5939 5962
f 5962 5939 5940
f 5961 5940 5941
f 5941 5940 5938
f 5931 5969 5932
f 5932 5969 5970
f 5945 5971 5931
f 5931 5971 5969
f 5941 5944 5961
f 5961 5944 5972
f 5954 5957 5947
f 5947 5957 5973
f 5945 5931 5946
f 5946 5931 5934
f 5935 5974 5936
f 5936 5974 5975
f 5959 5960 5933
f 5933 5960 5934
f 5937 5942 5938
f 5938 5942 5941
f 5932 5970 5976
f 5976 5970 5977
f 5968 5964 5978
f 5978 5964 5963
f 5965 5964 5950
f 5950 5964 5967
f 5976 5977 5965
f 5965 5977 5966
f 5947 5950 5954
f 5954 5950 5967
f 5939 5968 5979
f 5979 5968 5978
f 5936 5975 5945
f 5945 5975 5971
f 5972 5754 5956
f 5956 5754 5617
f 5974 5935 5979
f 5979 5935 5939
f 5953 5943 5958
f 5958 5943 5942
f 5964 5968 5967
f 5967 5968 5962
f 5965 5950 5976
f 5976 5950 5949
f 5976 5949 5932
f 5932 5949 5933
f 5979 5978 5981
f 5981 5978 5980
f 5979 5981 5974
f 5974 5981 5982
f 5974 5982 5975
f 5975 5982 5983
f 5975 5983 5971
f 5971 5983 5984
f 5978 5963 5980
f 5980 5963 5985
f 5963 5966 5985
f 5985 5966 5986
f 5986 5966 5987
f 5987 5966 5977
f 5988 5989 5985
f 5985 5989 5980
f 5991 5992 5990
f 5990 5992 5993
f 5994 5995 5991
f 5991 5995 5992
f 5992 5995 5997
f 5997 5995 5996
f 5998 5999 5997
f 5997 5999 6000
f 5996 6001 5997
f 5997 6001 5998
f 6000 5993 5997
f 5997 5993 5992
f 6002 6003 5993
f 5993 6003 5990
f 5995 5994 5996
f 5996 5994 6004
f 5994 5982 6004
f 6004 5982 5981
f 5994 6005 5982
f 5982 6005 5983
f 5991 6006 5994
f 5994 6006 6005
f 6006 5991 6007
f 6007 5991 5990
f 5996 6004 6001
f 6001 6004 5989
f 5989 6004 5980
f 5980 6004 5981
f 6003 6008 5990
f 5990 6008 6007
f 6009 6006 6010
f 6010 6006 6007
f 6008 6011 6007
f 6007 6011 6010
f 6012 6009 6013
f 6013 6009 6010
f 6009 6012 6015
f 6015 6012 6014
f 6011 6016 6010
f 6010 6016 6013
f 6006 6009 6005
f 6005 6009 6015
f 6005 6015 5983
f 5983 6015 5984
f 6008 6003 6018
f 6018 6003 6017
f 6003 6002 6017
f 6017 6002 6019
f 5998 6001 6020
f 6020 6001 5989
f 5999 5998 6021
f 6021 5998 6020
f 5989 5988 6020
f 6020 5988 6022
f 6021 6020 6023
f 6023 6020 6022
f 6021 6024 5999
f 5999 6024 6025
f 6019 6025 6017
f 6017 6025 6024
f 5971 5984 5969
f 5969 5984 6026
f 5970 6027 5977
f 5977 6027 5987
f 6027 5970 6026
f 6026 5970 5969
f 6026 6014 6027
f 6027 6014 6028
f 6014 6012 6028
f 6028 6012 6029
f 6027 6028 5987
f 5987 6028 6030
f 6026 5984 6014
f 6014 5984 6015
f 6031 5986 6030
f 6030 5986 5987
f 6031 5988 5986
f 5986 5988 5985
f 6032 6022 6031
f 6031 6022 5988
f 6032 6031 6033
f 6033 6031 6030
f 6034 6032 6035
f 6035 6032 6033
f 6028 6029 6030
f 6030 6029 6033
f 6029 6036 6033
f 6033 6036 6035
f 6032 6034 6022
f 6022 6034 6023
f 6038 6023 6037
f 6037 6023 6034
f 6037 6040 6039
f 6039 6040 6041
f 6037 6034 6040
f 6040 6034 6035
f 6037 6039 6038
f 6038 6039 6018
f 6038 6018 6024
f 6024 6018 6017
f 6024 6021 6038
f 6038 6021 6023
f 6012 6013 6029
f 6029 6013 6036
f 6041 6036 6016
f 6016 6036 6013
f 6041 6040 6036
f 6036 6040 6035
f 6041 6016 6039
f 6039 6016 6011
f 6011 6008 6039
f 6039 6008 6018
f 5993 6000 6002
f 6002 6000 6019
f 6019 6000 6025
f 6025 6000 5999
f 5943 5756 5944
f 5944 5756 5755
f 6042 5948 5973
f 5973 5948 5947
f 5952 5951 5959
f 5959 5951 5960
f 5951 5953 5960
f 5960 5953 5958
f 5616 5957 5617
f 5617 5957 5956
f 6042 5952 5948
f 5948 5952 5959
f 5944 5755 5972
f 5972 5755 5754
f 5957 5616 5973
f 5973 5616 5652
f 5956 5955 5972
f 5972 5955 5961
f 5943 5953 5756
f 5756 5953 5709
f 6044 6045 6043
f 6043 6045 6046
f 6048 6049 6047
f 6047 6049 6050
f 6047 6050 6051
f 6051 6050 6052
f 6054 6055 6053
f 6053 6055 6056
f 6057 6058 6060
f 6060 6058 6059
f 6061 6062 6048
f 6048 6062 6049
f 6063 6064 6066
f 6066 6064 6065
f 6067 6068 6070
f 6070 6068 6069
f 6071 6069 5653
f 5653 6069 6068
f 6072 6073 6075
f 6075 6073 6074
f 6062 6076 6049
f 6049 6076 6054
f 6058 6067 6059
f 6059 6067 6070
f 6064 6077 6065
f 6065 6077 6045
f 6078 6076 6046
f 6046 6076 6062
f 6073 6080 6079
f 6079 6080 6052
f 6082 6083 6081
f 6081 6083 6084
f 6072 6085 6073
f 6073 6085 6080
f 6086 6051 6080
f 6080 6051 6052
f 6079 6052 6053
f 6053 6052 6050
f 6043 6087 6044
f 6044 6087 6088
f 6061 6089 6043
f 6043 6089 6087
f 6053 6056 6079
f 6079 6056 6090
f 6063 6072 6060
f 6060 6072 6075
f 6043 6046 6061
f 6061 6046 6062
f 6047 6091 6048
f 6048 6091 6092
f 6077 6078 6045
f 6045 6078 6046
f 6049 6054 6050
f 6050 6054 6053
f 6044 6088 6093
f 6093 6088 6094
f 6086 6082 6095
f 6095 6082 6081
f 6083 6082 6066
f 6066 6082 6085
f 6093 6094 6083
f 6083 6094 6084
f 6072 6063 6085
f 6085 6063 6066
f 6051 6086 6096
f 6096 6086 6095
f 6048 6092 6061
f 6061 6092 6089
f 5656 5655 6090
f 6090 5655 6074
f 6091 6047 6096
f 6096 6047 6051
f 6071 6055 6076
f 6076 6055 6054
f 6082 6086 6085
f 6085 6086 6080
f 6093 6083 6065
f 6065 6083 6066
f 6044 6093 6045
f 6045 6093 6065
f 6096 6095 6098
f 6098 6095 6097
f 6096 6098 6091
f 6091 6098 6099
f 6091 6099 6092
f 6092 6099 6100
f 6092 6100 6089
f 6089 6100 6101
f 6095 6081 6097
f 6097 6081 6102
f 6081 6084 6102
f 6102 6084 6103
f 6103 6084 6104
f 6104 6084 6094
f 6106 6097 6105
f 6105 6097 6102
f 6107 6108 6110
f 6110 6108 6109
f 6111 6112 6108
f 6108 6112 6109
f 6109 6112 6114
f 6114 6112 6113
f 6114 6115 6117
f 6117 6115 6116
f 6113 6118 6114
f 6114 6118 6115
f 6117 6110 6114
f 6114 6110 6109
f 6110 6119 6107
f 6107 6119 6120
f 6112 6111 6113
f 6113 6111 6121
f 6111 6099 6121
f 6121 6099 6098
f 6111 6122 6099
f 6099 6122 6100
f 6123 6122 6108
f 6108 6122 6111
f 6124 6123 6107
f 6107 6123 6108
f 6113 6121 6118
f 6118 6121 6106
f 6106 6121 6097
f 6097 6121 6098
f 6125 6124 6120
f 6120 6124 6107
f 6126 6123 6127
f 6127 6123 6124
f 6125 6128 6124
f 6124 6128 6127
f 6129 6126 6130
f 6130 6126 6127
f 6126 6129 6132
f 6132 6129 6131
f 6128 6133 6127
f 6127 6133 6130
f 6123 6126 6122
f 6122 6126 6132
f 6122 6132 6100
f 6100 6132 6101
f 6120 6134 6125
f 6125 6134 6135
f 6120 6119 6134
f 6134 6119 6136
f 6115 6118 6137
f 6137 6118 6106
f 6115 6137 6116
f 6116 6137 6138
f 6137 6106 6139
f 6139 6106 6105
f 6138 6137 6140
f 6140 6137 6139
f 6141 6142 6138
f 6138 6142 6116
f 6136 6142 6134
f 6134 6142 6141
f 6089 6101 6087
f 6087 6101 6143
f 6088 6144 6094
f 6094 6144 6104
f 6143 6144 6087
f 6087 6144 6088
f 6131 6145 6143
f 6143 6145 6144
f 6129 6146 6131
f 6131 6146 6145
f 6144 6145 6104
f 6104 6145 6147
f 6143 6101 6131
f 6131 6101 6132
f 6148 6103 6147
f 6147 6103 6104
f 6103 6148 6102
f 6102 6148 6105
f 6148 6149 6105
f 6105 6149 6139
f 6149 6148 6150
f 6150 6148 6147
f 6151 6149 6152
f 6152 6149 6150
f 6145 6146 6147
f 6147 6146 6150
f 6146 6153 6150
f 6150 6153 6152
f 6149 6151 6139
f 6139 6151 6140
f 6155 6140 6154
f 6154 6140 6151
f 6154 6157 6156
f 6156 6157 6158
f 6154 6151 6157
f 6157 6151 6152
f 6154 6156 6155
f 6155 6156 6135
f 6155 6135 6141
f 6141 6135 6134
f 6141 6138 6155
f 6155 6138 6140
f 6146 6129 6153
f 6153 6129 6130
f 6158 6153 6133
f 6133 6153 6130
f 6158 6157 6153
f 6153 6157 6152
f 6156 6158 6128
f 6128 6158 6133
f 6128 6125 6156
f 6156 6125 6135
f 6110 6117 6119
f 6119 6117 6136
f 6136 6117 6142
f 6142 6117 6116
f 6055 5615 6056
f 6056 5615 5752
f 6060 6059 6063
f 6063 6059 6064
f 6077 6070 6078
f 6078 6070 6069
f 6069 6071 6078
f 6078 6071 6076
f 6159 6057 6075
f 6075 6057 6060
f 6059 6070 6064
f 6064 6070 6077
f 6056 5752 6090
f 6090 5752 5656
f 6090 6074 6079
f 6079 6074 6073
f 6055 6071 5615
f 5615 6071 5653
f 5547 5471 6160
f 6160 5471 6161
f 5729 5577 6163
f 6163 5577 6162
f 5577 5576 6162
f 6162 5576 6164
f 5713 6165 5711
f 5711 6165 6166
f 5474 5729 6167
f 6167 5729 6163
f 5750 5547 6168
f 6168 5547 6160
f 5471 5474 6161
f 6161 5474 6167
f 6169 5712 6168
f 6168 5712 5750
f 5711 6166 5576
f 5576 6166 6164
f 6165 5713 6169
f 6169 5713 5712
f 6168 6170 6169
f 6169 6170 6171
f 6169 6171 6165
f 6165 6171 6172
f 6165 6172 6166
f 6166 6172 6173
f 6166 6173 6164
f 6164 6173 6174
f 6168 6160 6170
f 6170 6160 6175
f 6160 6161 6175
f 6175 6161 6176
f 6161 6167 6176
f 6176 6167 6177
f 6179 6170 6178
f 6178 6170 6175
f 6181 6182 6180
f 6180 6182 6183
f 6184 6185 6181
f 6181 6185 6182
f 6186 6187 6185
f 6185 6187 6182
f 6186 6188 6187
f 6187 6188 6189
f 6190 6183 6187
f 6187 6183 6182
f 6183 6190 6191
f 6191 6190 6192
f 6191 6193 6183
f 6183 6193 6180
f 6186 6185 6194
f 6194 6185 6184
f 6184 6172 6194
f 6194 6172 6171
f 6184 6195 6172
f 6172 6195 6173
f 6181 6196 6184
f 6184 6196 6195
f 6196 6181 6197
f 6197 6181 6180
f 6186 6194 6188
f 6188 6194 6179
f 6179 6194 6170
f 6170 6194 6171
f 6193 6198 6180
f 6180 6198 6197
f 6199 6196 6200
f 6200 6196 6197
f 6198 6201 6197
f 6197 6201 6200
f 6202 6199 6203
f 6203 6199 6200
f 6199 6202 6205
f 6205 6202 6204
f 6201 6206 6200
f 6200 6206 6203
f 6196 6199 6195
f 6195 6199 6205
f 6195 6205 6173
f 6173 6205 6174
f 6198 6193 6208
f 6208 6193 6207
f 6193 6191 6207
f 6207 6191 6192
f 6189 6188 6209
f 6209 6188 6179
f 6210 6189 6211
f 6211 6189 6209
f 6209 6179 6212
f 6212 6179 6178
f 6211 6209 6213
f 6213 6209 6212
f 6211 6214 6210
f 6210 6214 6215
f 6192 6215 6207
f 6207 6215 6214
f 6190 6187 6210
f 6210 6187 6189
f 6192 6190 6215
f 6215 6190 6210
f 6162 6164 6216
f 6216 6164 6174
f 6167 6163 6177
f 6177 6163 6217
f 6216 6217 6162
f 6162 6217 6163
f 6204 6218 6216
f 6216 6218 6217
f 6202 6219 6204
f 6204 6219 6218
f 6217 6218 6177
f 6177 6218 6220
f 6216 6174 6204
f 6204 6174 6205
f 6221 6176 6220
f 6220 6176 6177
f 6176 6221 6175
f 6175 6221 6178
f 6221 6222 6178
f 6178 6222 6212
f 6222 6221 6223
f 6223 6221 6220
f 6224 6222 6225
f 6225 6222 6223
f 6218 6219 6220
f 6220 6219 6223
f 6219 6226 6223
f 6223 6226 6225
f 6222 6224 6212
f 6212 6224 6213
f 6228 6213 6227
f 6227 6213 6224
f 6229 6227 6231
f 6231 6227 6230
f 6227 6224 6230
f 6230 6224 6225
f 6227 6229 6228
f 6228 6229 6208
f 6228 6208 6214
f 6214 6208 6207
f 6214 6211 6228
f 6228 6211 6213
f 6219 6202 6226
f 6226 6202 6203
f 6231 6226 6206
f 6206 6226 6203
f 6231 6230 6226
f 6226 6230 6225
f 6229 6231 6201
f 6201 6231 6206
f 6201 6198 6229
f 6229 6198 6208
f 5674 5672 5661
f 5661 5672 5662
f 5662 5672 5663
f 5663 5672 5646
f 5651 6042 5652
f 5652 6042 5973
f 5518 5517 5751
f 5751 5517 5733
f 5738 5660 5753
f 5753 5660 5637
f 5752 5636 5656
f 5656 5636 5526
f 5952 6042 5593
f 5593 6042 5651
f 5593 5651 5594
f 5594 5651 5650
f 5600 5737 5514
f 5514 5737 5515
f 5546 5545 5740
f 5740 5545 6232
f 6232 6058 5740
f 5740 6058 6057
f 6067 6058 6233
f 6233 6058 6232
f 6233 6232 6234
f 6234 6232 5545
f 6234 5545 6235
f 6235 5545 5544
f 5606 6236 5543
f 5543 6236 5544
f 6235 5544 5539
f 5539 5544 6236
f 6237 6235 5542
f 5542 6235 5539
f 6235 6237 6234
f 6234 6237 6238
f 6234 6238 6233
f 6233 6238 6239
f 5653 6068 5650
f 5650 6068 6239
f 5642 5513 6240
f 6240 5513 5516
f 5539 6236 5540
f 5540 6236 5606
f 5636 5614 5637
f 5637 5614 5753
f 6239 5737 5650
f 5650 5737 5594
f 6239 6068 6233
f 6233 6068 6067
f 6075 6074 6159
f 6159 6074 5655
f 6057 6159 5740
f 5740 6159 5655
f 5515 5737 6238
f 6238 5737 6239
f 6238 6237 5515
f 5515 6237 5516
f 5542 6240 6237
f 6237 6240 5516
f 6240 5542 5642
f 5642 5542 5541
f 5702 5699 5541
f 5541 5699 5642
f 5582 5475 5717
f 5470 5443 5537
f 5537 5443 5504
f 5469 5444 5470
f 5470 5444 5443
f 5726 5557 5727
f 5727 5557 5556
f 5537 5504 5511
f 5511 5504 5506
f 5504 5503 5506
f 5506 5503 5507
f 5503 5455 5507
f 5507 5455 5581
f 5455 5454 5581
f 5581 5454 5456
f 5473 5453 5474
f 5474 5453 5729
f 5457 5454 5473
f 5473 5454 5453
f 5473 5472 5457
f 5457 5472 5686
f 5472 5548 5686
f 5686 5548 5687
f 5749 5693 5548
f 5548 5693 5687
f 5715 5532 5749
f 5749 5532 5693
f 5714 5486 5715
f 5715 5486 5532
f 5714 5710 5486
f 5486 5710 5449
f 5728 5578 5729
f 5729 5578 5577
f 5452 5445 5698
f 5698 5445 5558
f 5445 5444 5558
f 5558 5444 5556
f 5444 5469 5556
f 5556 5469 5727
f 5469 5468 5727
f 5727 5468 5555
f 5468 5747 5555
f 5555 5747 5552
f 5747 5700 5552
f 5552 5700 5716
f 5700 5699 5716
f 5716 5699 5717
f 5699 5702 5717
f 5717 5702 5582
f 5702 5701 5582
f 5582 5701 5583
f 5726 5479 5557
f 5557 5479 5483
f 5483 5479 5484
f 5484 5479 5482
f 5534 5533 5482
f 5482 5533 5484
f 5691 5688 5534
f 5534 5688 5533
f 5644 5647 5691
f 5691 5647 5688
f 5719 5746 5701
f 5701 5746 5583
f 5718 5497 5719
f 5719 5497 5746
f 5718 5605 5654
f 5654 5605 5638
f 5498 5654 5657
f 5657 5654 5633
f 5497 5718 5498
f 5498 5718 5654
f 5657 5527 5498
f 5498 5527 5494
f 5528 5570 5495
f 5495 5570 5521
f 5665 5668 5528
f 5528 5668 5570
f 5664 5671 5665
f 5665 5671 5668
f 5645 5741 5664
f 5664 5741 5671
f 5644 5696 5645
f 5645 5696 5741
f 5710 5575 5449
f 5449 5575 5450
f 5575 5578 5450
f 5450 5578 5698
f 5578 5728 5698
f 5698 5728 5452
f 5452 5728 5451
f 5451 5728 5453
f 3619 6241 3620
f 3620 6241 6242
f 6243 6244 3628
f 3628 6244 3629
f 6245 6246 3634
f 3634 6246 3631
f 6247 6248 3636
f 3636 6248 3637
f 6249 6250 3642
f 3642 6250 3639
f 3639 6250 3643
f 3643 6250 6251
f 3743 6252 3744
f 3744 6252 6253
f 6246 6243 3631
f 3631 6243 3628
f 3753 6254 3754
f 3754 6254 6255
f 3857 6256 3619
f 3619 6256 6241
f 6257 6245 3932
f 3932 6245 3634
f 6242 6247 3620
f 3620 6247 3636
f 6258 6259 3946
f 3946 6259 3947
f 6260 6249 3948
f 3948 6249 3642
f 6244 6258 3629
f 3629 6258 3946
f 3947 6259 3753
f 3753 6259 6254
f 6248 6260 3637
f 3637 6260 3948
f 3643 6251 3743
f 3743 6251 6252
f 3744 6253 3932
f 3932 6253 6257
f 6250 6249 6251
f 6251 6249 6252
f 6245 6261 6246
f 6246 6261 6262
f 6263 6264 6247
f 6247 6264 6248
f 6252 6265 6253
f 6253 6265 6266
f 6246 6262 6243
f 6243 6262 6267
f 6268 6261 6257
f 6257 6261 6245
f 6269 6263 6242
f 6242 6263 6247
f 6270 6271 6260
f 6260 6271 6249
f 6264 6270 6248
f 6248 6270 6260
f 6253 6266 6257
f 6257 6266 6268
f 6249 6271 6252
f 6252 6271 6265
f 6254 6259 6272
f 6272 6259 6273
f 6266 6265 6270
f 6270 6265 6271
f 6268 6266 6264
f 6264 6266 6270
f 6261 6268 6263
f 6263 6268 6264
f 6269 6262 6263
f 6263 6262 6261
f 4186 4185 6274
f 6274 4185 6275
f 6241 6276 6242
f 6242 6276 6269
f 6258 6244 6277
f 6277 6244 6278
f 6256 6279 6241
f 6241 6279 6276
f 6259 6258 6273
f 6273 6258 6277
f 6243 6267 6244
f 6244 6267 6278
f 6276 6267 6269
f 6269 6267 6262
f 6254 6272 6255
f 6255 6272 6280
f 3865 3713 3888
f 3888 3713 3685
f 5242 5233 3892
f 3892 5233 3711
f 3900 5243 3892
f 3892 5243 5242
f 3734 3866 3900
f 3900 3866 5243
f 4117 6281 4118
f 4118 6281 6282
f 4118 6282 4278
f 4278 6282 4879
f 4717 4887 4718
f 4718 4887 4280
f 4792 4278 4882
f 4882 4278 4879
f 4795 4792 6283
f 6283 4792 4882
f 4852 4851 5012
f 5012 4851 6284
f 4856 5207 4857
f 4857 5207 4858
f 4860 4279 4857
f 4857 4279 4854
f 4718 4280 4860
f 4860 4280 4279
f 4864 4863 4745
f 4745 4863 4742
f 5366 4867 5011
f 5011 4867 4866
f 4871 4884 4872
f 4872 4884 4883
f 4872 4883 4117
f 4117 4883 6281
f 6284 4851 6283
f 6283 4851 4795
f 4852 4866 4853
f 4853 4866 4865
f 4871 4870 4856
f 4856 4870 5207
f 4717 4716 4864
f 4864 4716 4861
f 4868 4867 4862
f 4862 4867 4863
f 4268 4855 4269
f 4269 4855 4854
f 4281 4274 4282
f 4282 4274 4765
f 4744 4743 4907
f 4907 4743 4904
f 4874 4881 4820
f 4820 4881 4880
f 4885 5013 4886
f 4886 5013 4980
f 4888 4275 4281
f 4281 4275 4274
f 4902 6282 4903
f 4903 6282 6281
f 6283 4979 6284
f 6284 4979 4978
f 4282 4765 4269
f 4269 4765 4266
f 4880 4879 4902
f 4902 4879 6282
f 4903 6281 4886
f 4886 6281 4883
f 4882 4881 6283
f 6283 4881 4979
f 5013 4885 4267
f 4267 4885 4268
f 4888 4887 4744
f 4744 4887 4745
f 4410 6285 4411
f 4411 6285 4812
f 4750 4749 6286
f 6286 4749 6287
f 6289 4695 6288
f 6288 4695 4255
f 4750 4675 4751
f 4751 4675 4965
f 6290 6291 4963
f 4963 6291 4960
f 4807 4806 4411
f 4411 4806 4408
f 6292 6293 4959
f 4959 6293 4956
f 4958 6294 4959
f 4959 6294 4955
f 4962 4964 4963
f 4963 4964 4805
f 4962 4961 4751
f 4751 4961 4748
f 6296 6297 6295
f 6295 6297 6298
f 6299 6300 6288
f 6288 6300 4735
f 6302 4961 6301
f 6301 4961 4960
f 6304 6287 6303
f 6303 6287 4749
f 4968 6305 4969
f 4969 6305 6306
f 4413 6308 6307
f 6307 6308 4900
f 6301 4960 6309
f 6309 4960 6291
f 4412 4408 6310
f 6310 4408 4806
f 4696 6311 4256
f 4256 6311 6312
f 6303 4749 6313
f 6313 4749 4748
f 6313 4748 6302
f 6302 4748 4961
f 6315 6316 6314
f 6314 6316 6317
f 4084 6318 6315
f 6315 6318 6316
f 4083 6319 4084
f 4084 6319 6318
f 4112 6320 4083
f 4083 6320 6319
f 6322 4138 6321
f 6321 4138 4137
f 6324 4128 6323
f 6323 4128 4127
f 4127 4193 6323
f 6323 4193 6325
f 4193 4891 6325
f 6325 4891 6326
f 4891 6327 6326
f 6326 6327 6328
f 6327 4824 5227
f 5227 4824 5228
f 5231 4684 6329
f 6329 4684 4683
f 4683 4099 6329
f 6329 4099 6330
f 4099 4102 6330
f 6330 4102 6331
f 4174 4826 4429
f 4429 4826 4829
f 4173 4741 4174
f 4174 4741 4826
f 4180 4738 4173
f 4173 4738 4741
f 6332 6333 4180
f 4180 6333 4738
f 6274 6334 4186
f 4186 6334 4188
f 4181 4825 4180
f 4180 4825 6332
f 5044 5213 5045
f 5045 5213 5165
f 5046 5087 5047
f 5047 5087 5222
f 5077 5063 5078
f 5078 5063 5198
f 5081 5099 5082
f 5082 5099 5194
f 5095 5074 5096
f 5096 5074 5073
f 5373 5170 5096
f 5096 5170 5093
f 5375 5171 5373
f 5373 5171 5170
f 5047 5222 5375
f 5375 5222 5171
f 5046 5038 5376
f 5376 5038 5067
f 5377 5086 5376
f 5376 5086 5085
f 5045 5165 5377
f 5377 5165 5086
f 5378 5214 5044
f 5044 5214 5213
f 5077 5034 5378
f 5378 5034 5214
f 5082 5194 5078
f 5078 5194 5035
f 5081 5080 5379
f 5379 5080 6335
f 5379 6335 5095
f 5095 6335 5074
f 5032 5080 5033
f 5033 5080 5079
f 5040 5017 5041
f 5041 5017 5016
f 5050 5043 5051
f 5051 5043 5042
f 5065 5023 5066
f 5066 5023 5022
f 5050 5049 5065
f 5065 5049 5023
f 5041 5016 5068
f 5068 5016 5020
f 5071 5374 5072
f 5072 5374 5200
f 5075 5156 5076
f 5076 5156 5155
f 5162 5212 5068
f 5068 5212 5067
f 5075 5074 5192
f 5192 5074 6335
f 5066 5022 5199
f 5199 5022 5196
f 5076 5155 5072
f 5072 5155 5069
f 5040 5039 5071
f 5071 5039 5374
f 5162 5161 5051
f 5051 5161 5048
f 5192 6335 5032
f 5032 6335 5080
f 5199 5196 5033
f 5033 5196 5030
f 5018 5211 5019
f 5019 5211 5408
f 5019 5408 5021
f 5021 5408 5163
f 5024 5057 5025
f 5025 5057 5415
f 5028 5048 5029
f 5029 5048 5161
f 5054 5031 5055
f 5055 5031 5030
f 5024 5023 5058
f 5058 5023 5049
f 5061 5070 5062
f 5062 5070 5069
f 5157 5438 5158
f 5158 5438 5442
f 5160 5191 5054
f 5054 5191 5031
f 5029 5161 5021
f 5021 5161 5020
f 5025 5415 5197
f 5197 5415 5220
f 5158 5442 5062
f 5062 5442 5059
f 5018 5017 5061
f 5061 5017 5070
f 5160 5159 5157
f 5157 5159 5438
f 5028 5027 5058
f 5058 5027 5056
f 5055 5030 5197
f 5197 5030 5196
f 5409 5380 5410
f 5410 5380 6336
f 5026 5413 5027
f 5027 5413 5412
f 5396 5417 5393
f 5393 5417 5416
f 5416 5057 5419
f 5419 5057 5056
f 5417 5396 5426
f 5426 5396 5420
f 5427 5423 5428
f 5428 5423 5422
f 5427 5059 5430
f 5430 5059 5442
f 5409 5408 5433
f 5433 5408 5211
f 5433 5211 5428
f 5428 5211 5060
f 5412 5411 5419
f 5419 5411 5418
f 5436 5053 5437
f 5437 5053 5052
f 5439 5402 5440
f 5440 5402 5401
f 5436 5435 5439
f 5439 5435 5402
f 5410 6336 5413
f 5413 6336 5414
f 5440 5401 5430
f 5430 5401 5429
f 5426 5420 5437
f 5437 5420 5434
f 5382 5432 5383
f 5383 5432 5384
f 5386 6336 5383
f 5383 6336 5380
f 6336 5386 5414
f 5414 5386 5388
f 5391 5418 5392
f 5392 5418 5411
f 5705 5395 5704
f 5704 5395 5394
f 5399 5435 5400
f 5400 5435 5434
f 5403 5441 5404
f 5404 5441 5405
f 5407 5429 5404
f 5404 5429 5401
f 5395 5705 5421
f 5421 5705 5748
f 5424 5706 5425
f 5425 5706 5431
f 5391 5390 5394
f 5394 5390 5704
f 5392 5388 5389
f 5389 5388 5387
f 5382 5381 5425
f 5425 5381 5422
f 5407 5406 5424
f 5424 5406 5706
f 5403 5402 5399
f 5399 5402 5435
f 5421 5748 5400
f 5400 5748 5397
f 4097 4721 4098
f 4098 4721 4231
f 4233 5273 4098
f 4098 5273 4095
f 6337 6338 4785
f 4785 6338 4786
f 4076 4780 4073
f 4073 4780 4781
f 4782 4190 4781
f 4781 4190 4073
f 4783 4901 4782
f 4782 4901 4190
f 4780 4076 4097
f 4097 4076 4721
f 6337 2879 4701
f 4701 2879 2878
f 5280 6339 5272
f 5272 6339 6340
f 5282 5281 6341
f 6341 5281 6342
f 4109 6302 4110
f 4110 6302 6301
f 4283 6304 4284
f 4284 6304 6303
f 6305 4379 6306
f 6306 4379 4378
f 4110 6301 4428
f 4428 6301 6309
f 6310 4688 4412
f 4412 4688 4687
f 4284 6303 4753
f 4753 6303 6313
f 4753 6313 4109
f 4109 6313 6302
f 6343 5226 4428
f 4428 5226 4427
f 4147 4900 4416
f 4416 4900 6308
f 6312 6311 4241
f 4241 6311 4720
f 5223 6344 4702
f 4702 6344 4699
f 4221 4220 6345
f 6345 4220 6346
f 5276 5275 6347
f 6347 5275 6348
f 5275 4728 6348
f 6348 4728 6349
f 4727 6350 5284
f 5284 6350 5285
f 6351 6352 6354
f 6354 6352 6353
f 5313 5312 5292
f 5292 5312 5293
f 5312 5344 5293
f 5293 5344 5337
f 5344 4914 5337
f 5337 4914 4916
f 4914 4913 4916
f 4916 4913 4917
f 4913 6355 4917
f 4917 6355 4978
f 6356 6357 6284
f 6284 6357 5012
f 6357 6358 5012
f 5012 6358 5011
f 5011 6358 5366
f 5366 6358 6359
f 6360 4742 6359
f 6359 4742 5366
f 4743 6361 4904
f 4904 6361 5364
f 5363 4905 5364
f 5364 4905 4904
f 5363 6362 4905
f 4905 6362 4207
f 6362 6363 4207
f 4207 6363 4208
f 6363 5342 4208
f 4208 5342 5330
f 5342 5341 5330
f 5330 5341 4244
f 5341 6364 4244
f 4244 6364 4245
f 6364 6365 4245
f 4245 6365 4246
f 6366 6367 4253
f 4253 6367 4250
f 4214 6368 4211
f 4211 6368 4380
f 4380 4379 4211
f 4211 4379 4283
f 4379 6305 4283
f 4283 6305 6304
f 6305 4968 6304
f 6304 4968 6287
f 4968 4967 6287
f 6287 4967 6286
f 4967 6297 6286
f 6286 6297 4676
f 6296 4376 4288
f 4288 4376 4285
f 4376 4373 4285
f 4285 4373 4290
f 6369 6370 6372
f 6372 6370 6371
f 5245 6373 5246
f 5246 6373 6374
f 4317 6375 4318
f 4318 6375 6376
f 4331 6377 4332
f 4332 6377 6378
f 6379 4333 6376
f 6376 4333 4318
f 4343 6380 4344
f 4344 6380 6381
f 4347 6382 4348
f 4348 6382 6383
f 4374 6371 4331
f 4331 6371 6377
f 4333 6379 4426
f 4426 6379 6384
f 4690 6385 4347
f 4347 6385 6382
f 4332 6378 4317
f 4317 6378 6375
f 4922 6386 4923
f 4923 6386 6387
f 6388 6389 4375
f 4375 6389 6390
f 6355 6356 4978
f 4978 6356 6284
f 4742 6360 4743
f 4743 6360 6361
f 6391 4238 6392
f 6392 4238 4719
f 6392 4719 6393
f 6393 4719 5296
f 6395 6396 6394
f 6394 6396 6397
f 6399 6400 6398
f 6398 6400 6401
f 6402 5302 6403
f 6403 5302 5303
f 5303 5321 6403
f 6403 5321 6404
f 5320 6405 5321
f 5321 6405 6404
f 5319 6406 5350
f 5350 6406 5351
f 5319 5318 6406
f 6406 5318 6407
f 5288 4197 6408
f 6408 4197 6409
f 4217 4216 6410
f 6410 4216 6411
f 5227 6412 6327
f 6327 6412 6328
f 4892 6413 5227
f 5227 6413 6412
f 4228 6414 4892
f 4892 6414 6413
f 4227 6415 4228
f 4228 6415 6414
f 4248 6416 4227
f 4227 6416 6415
f 4247 6417 4248
f 4248 6417 6416
f 6417 4247 6419
f 6419 4247 6418
f 6419 6418 6421
f 6421 6418 6420
f 6422 5301 6423
f 6423 5301 5300
f 6423 5300 6424
f 6424 5300 6399
f 6408 6409 6398
f 6398 6409 6425
f 6426 6427 6397
f 6397 6427 6394
f 6428 4224 6429
f 6429 4224 4223
f 6347 6346 5276
f 5276 6346 4220
f 6346 6347 6341
f 6341 6347 6339
f 5280 5278 5282
f 5282 5278 4236
f 4896 5224 4684
f 4684 5224 4681
f 4132 4135 4896
f 4896 4135 5224
f 4131 4136 4132
f 4132 4136 4135
f 4226 4754 4131
f 4131 4754 4136
f 4251 4213 4226
f 4226 4213 4754
f 4250 4214 4251
f 4251 4214 4213
f 4250 6367 4214
f 4214 6367 6368
f 6367 4910 6368
f 6368 4910 4737
f 4909 5297 4736
f 4736 5297 5296
f 5297 6395 5296
f 5296 6395 6393
f 6427 6430 6394
f 6394 6430 6431
f 6429 4383 6428
f 6428 4383 4382
f 4219 5277 4220
f 4220 5277 5276
f 4222 4697 4383
f 4383 4697 4218
f 6345 4699 4221
f 4221 4699 6344
f 6342 4700 6345
f 6345 4700 4699
f 4235 4786 5281
f 5281 4786 6338
f 4234 4787 4235
f 4235 4787 4786
f 5279 5278 6432
f 6432 5278 5271
f 4237 5279 6433
f 6433 5279 6432
f 4787 4234 6433
f 6433 4234 4237
f 6435 6436 6434
f 6434 6436 6437
f 6359 6438 6360
f 6360 6438 6437
f 6439 6440 6441
f 6441 6440 6438
f 6443 6439 6442
f 6442 6439 6441
f 6357 6356 6442
f 6442 6356 6444
f 6444 6446 6445
f 6445 6446 6447
f 4912 6446 4913
f 4913 6446 6355
f 6361 6436 5364
f 5364 6436 5365
f 5319 5350 5316
f 5316 5350 6448
f 4832 6449 5350
f 5350 6449 6448
f 4831 6450 4832
f 4832 6450 6449
f 5354 6451 5320
f 5320 6451 6405
f 4265 6452 5354
f 5354 6452 6451
f 4264 6453 4265
f 4265 6453 6452
f 6450 4831 6447
f 6447 4831 6445
f 4263 6435 4264
f 4264 6435 6434
f 6454 6453 6439
f 6439 6453 6440
f 6439 6443 6454
f 6454 6443 4834
f 4833 6455 4834
f 4834 6455 6454
f 5351 6456 4833
f 4833 6456 6455
f 6457 6391 6458
f 6458 6391 6392
f 6458 6392 6431
f 6431 6392 6393
f 5298 6396 5297
f 5297 6396 6395
f 6402 6400 5302
f 5302 6400 5299
f 6402 6403 6459
f 6459 6403 6460
f 6460 6403 6461
f 6461 6403 6404
f 6405 6462 6404
f 6404 6462 6461
f 6406 6462 5351
f 5351 6462 6456
f 6406 6407 6462
f 6462 6407 6461
f 6407 6463 6461
f 6461 6463 6460
f 6463 6464 6460
f 6460 6464 6459
f 6464 6465 6459
f 6459 6465 6401
f 6430 6466 6431
f 6431 6466 6458
f 6466 6410 6458
f 6458 6410 6457
f 6410 6411 6457
f 6457 6411 6467
f 6396 6424 6397
f 6397 6424 6425
f 6393 6395 6431
f 6431 6395 6394
f 6451 6456 6405
f 6405 6456 6462
f 6452 6455 6451
f 6451 6455 6456
f 6453 6454 6452
f 6452 6454 6455
f 6443 6445 4834
f 4834 6445 4831
f 6440 6453 6434
f 6434 6453 4264
f 6468 5306 5360
f 5360 5306 5305
f 6469 4124 6468
f 6468 4124 5306
f 6470 4125 6469
f 6469 4125 4124
f 6471 5291 6470
f 6470 5291 4125
f 6353 5292 6471
f 6471 5292 5291
f 5292 6353 5313
f 5313 6353 6352
f 5347 5314 6352
f 6352 5314 5313
f 5353 5318 5346
f 5346 5318 5317
f 5334 6468 5358
f 5358 6468 5360
f 5324 6469 5334
f 5334 6469 6468
f 5323 6470 5324
f 5324 6470 6469
f 5343 6471 5323
f 5323 6471 6470
f 6354 6353 5343
f 5343 6353 6471
f 6348 6349 4270
f 4270 6349 5311
f 5272 6340 5273
f 5273 6340 4272
f 6432 5271 4232
f 4232 5271 4233
f 4294 6432 4295
f 4295 6432 4232
f 6432 4294 6433
f 6433 4294 4301
f 4301 4300 6433
f 6433 4300 4787
f 4704 4784 4300
f 4300 4784 4787
f 4704 3013 4784
f 4784 3013 1307
f 5103 6472 5104
f 5104 6472 5202
f 5108 5116 5105
f 5105 5116 5115
f 5111 5124 5112
f 5112 5124 5123
f 5154 5205 5105
f 5105 5205 5106
f 5167 5180 5168
f 5168 5180 5185
f 5175 5188 5176
f 5176 5188 5187
f 5112 5123 5178
f 5178 5123 5120
f 5167 5090 5183
f 5183 5090 5089
f 5210 5151 5183
f 5183 5151 5181
f 5216 5138 5217
f 5217 5138 5137
f 5218 5119 5219
f 5219 5119 5221
f 5218 5178 5119
f 5119 5178 5120
f 5217 5137 5104
f 5104 5137 5101
f 5116 5108 5221
f 5221 5108 5219
f 5111 5110 5210
f 5210 5110 5151
f 5154 5153 5103
f 5103 5153 6472
f 5216 5215 5176
f 5176 5215 5173
f 5175 5174 5168
f 5168 5174 5166
f 5091 5172 5092
f 5092 5172 5208
f 5117 5037 5118
f 5118 5037 5036
f 5121 5164 5122
f 5122 5164 5133
f 5125 5084 5126
f 5126 5084 5083
f 5129 5174 5130
f 5130 5174 5173
f 5131 5202 5132
f 5132 5202 6472
f 5135 5221 5122
f 5122 5221 5119
f 5125 5124 5136
f 5136 5124 5209
f 5126 5083 5121
f 5121 5083 5164
f 5118 5036 5195
f 5195 5036 5193
f 5131 5097 5203
f 5203 5097 5114
f 5132 6472 5195
f 5195 6472 5153
f 5136 5209 5092
f 5092 5209 5089
f 5135 5134 5117
f 5117 5134 5037
f 5362 5206 5130
f 5130 5206 5127
f 5372 5371 5128
f 5128 5371 5129
f 5371 5372 5091
f 5091 5372 5172
f 5362 5215 5203
f 5203 5215 5201
f 6463 6407 5353
f 5353 6407 5318
f 6464 6463 5352
f 5352 6463 5353
f 6408 6465 5288
f 5288 6465 5289
f 4196 4224 6426
f 6426 4224 6427
f 6430 6427 6428
f 6428 6427 4224
f 6466 6430 4382
f 4382 6430 6428
f 6410 6466 4217
f 4217 6466 4382
f 4240 4239 3015
f 3015 4239 3016
f 4254 4257 3017
f 3017 4257 3018
f 6473 6474 4732
f 4732 6474 6475
f 6474 6374 6475
f 6475 6374 6373
f 5246 6374 3022
f 3022 6374 3023
f 4254 6299 4255
f 4255 6299 6288
f 6473 6300 3024
f 3024 6300 3025
f 6476 4257 6312
f 6312 4257 4256
f 4240 6476 4241
f 4241 6476 6312
f 6477 4239 6391
f 6391 4239 4238
f 6467 6477 6457
f 6457 6477 6391
f 6411 3029 6467
f 6467 3029 3028
f 4216 3030 6411
f 6411 3030 3029
f 6479 6480 6478
f 6478 6480 6481
f 6483 6484 6482
f 6482 6484 6485
f 6486 6487 4102
f 4102 6487 6331
f 6483 6488 6478
f 6478 6488 6489
f 4429 4829 6490
f 6490 4829 6479
f 6491 6486 4101
f 4101 6486 4102
f 4895 6491 4899
f 4899 6491 4101
f 4160 6488 4157
f 4157 6488 6492
f 6489 4087 6490
f 6490 4087 4090
f 4267 4261 5013
f 5013 4261 4260
f 4258 4261 5328
f 5328 4261 4975
f 4261 4267 4975
f 4975 4267 4266
f 5367 3793 3912
f 3912 3793 3575
f 6494 3616 6493
f 6493 3616 3795
f 6496 3589 6495
f 6495 3589 3588
f 6495 3588 5368
f 5368 3588 3794
f 3841 3840 3050
f 3050 3840 3051
f 3912 3911 3052
f 3052 3911 3053
f 3929 3930 3054
f 3054 3930 3055
f 5370 3930 3916
f 3916 3930 3923
f 3938 5369 3807
f 3807 5369 3915
f 3589 6496 3806
f 3806 6496 3937
f 3938 3937 3056
f 3056 3937 3057
f 3051 3840 3058
f 3058 3840 3943
f 3730 4808 3727
f 3727 4808 3943
f 3820 3951 3795
f 3795 3951 6493
f 3951 3841 3059
f 3059 3841 3050
f 3911 3574 6494
f 6494 3574 3616
f 3823 3929 3824
f 3824 3929 3952
f 4061 4060 3060
f 3060 4060 3061
f 6497 6498 4901
f 4901 6498 4790
f 6333 6499 4738
f 4738 6499 4739
f 6500 6501 6314
f 6314 6501 4418
f 6502 6275 4417
f 4417 6275 4185
f 6503 6497 4783
f 4783 6497 4901
f 6498 4060 4790
f 4790 4060 4059
f 4808 4061 3069
f 3069 4061 3060
f 5367 3071 5368
f 5368 3071 3070
f 5369 3073 5370
f 5370 3073 3072
f 6274 6275 3074
f 3074 6275 3075
f 6499 6504 4739
f 4739 6504 6317
f 6333 6332 3077
f 3077 6332 3078
f 6334 6274 3079
f 3079 6274 3074
f 6332 4825 3078
f 3078 4825 3080
f 6334 6503 4188
f 4188 6503 4783
f 4825 4689 3080
f 3080 4689 1330
f 6506 4747 6505
f 6505 4747 4746
f 6505 6507 6506
f 6506 6507 6508
f 4297 6509 4920
f 4920 6509 6510
f 4296 6511 4297
f 4297 6511 6509
f 6506 6508 4319
f 4319 6508 6512
f 4372 4371 6514
f 6514 4371 6513
f 6511 4296 5251
f 5251 4296 4305
f 5251 5250 6511
f 6511 5250 6515
f 6516 6509 6515
f 6515 6509 6511
f 6517 6507 6519
f 6519 6507 6518
f 6512 6520 6513
f 6513 6520 6514
f 6507 6517 6508
f 6508 6517 6521
f 5249 6523 6522
f 6522 6523 6524
f 6525 6370 5253
f 5253 6370 6526
f 4370 4323 4371
f 4371 4323 4326
f 4370 3103 4323
f 4323 3103 1541
f 6521 6517 6527
f 6527 6517 6519
f 6520 6528 6514
f 6514 6528 6529
f 6531 6532 6530
f 6530 6532 6533
f 5250 6534 6515
f 6515 6534 6535
f 6530 6533 6536
f 6536 6533 6537
f 6526 6538 6534
f 6534 6538 6537
f 6515 6535 6516
f 6516 6535 6539
f 4325 4321 4326
f 4326 4321 4320
f 4371 4326 6513
f 6513 4326 4320
f 6531 4731 6541
f 6541 4731 6540
f 4731 4730 6540
f 6540 4730 6542
f 4730 3121 6542
f 6542 3121 3120
f 6530 4328 6531
f 6531 4328 4731
f 4328 6530 4329
f 4329 6530 6536
f 4329 6536 6524
f 6524 6536 6543
f 6544 6545 6522
f 6522 6545 5248
f 6389 6388 5245
f 5245 6388 6373
f 6388 6546 6373
f 6373 6546 6475
f 4733 6546 6295
f 6295 6546 4377
f 4732 6475 4733
f 4733 6475 6546
f 4393 4432 4394
f 4394 4432 4435
f 4434 4672 4842
f 4842 4672 4671
f 4440 4439 4441
f 4441 4439 4438
f 4436 4450 4437
f 4437 4450 4398
f 4447 4444 4448
f 4448 4444 4392
f 4446 4464 4433
f 4433 4464 6547
f 4454 4423 4455
f 4455 4423 4422
f 4452 4481 4453
f 4453 4481 4480
f 4458 4389 4459
f 4459 4389 4388
f 4456 4471 4457
f 4457 4471 4468
f 4391 4460 4392
f 4392 4460 4448
f 4461 4467 4445
f 4445 4467 4465
f 4437 4398 4629
f 4629 4398 4397
f 4438 4628 4441
f 4441 4628 4631
f 4841 4629 4839
f 4839 4629 4397
f 4628 4842 4631
f 4631 4842 4671
f 4930 4989 4452
f 4452 4989 4481
f 4929 4927 4436
f 4436 4927 4450
f 4933 4387 4934
f 4934 4387 4386
f 4931 4475 4932
f 4932 4475 4474
f 4936 4449 4933
f 4933 4449 4387
f 4935 4472 4456
f 4456 4472 4471
f 4389 4458 4391
f 4391 4458 4460
f 4457 4468 4461
f 4461 4468 4467
f 4934 4386 4454
f 4454 4386 4423
f 4453 4480 4931
f 4931 4480 4475
f 4575 4997 4576
f 4576 4997 4639
f 4579 4596 4580
f 4580 4596 4595
f 4583 4582 4572
f 4572 4582 4569
f 4587 4944 4588
f 4588 4944 4562
f 4588 4562 4590
f 4590 4562 4561
f 4576 4639 4642
f 4642 4639 4638
f 4642 4845 4641
f 4641 4845 4846
f 4845 4590 4846
f 4846 4590 4561
f 4941 4938 4595
f 4595 4938 4580
f 4938 4940 4668
f 4668 4940 4669
f 4583 4942 4584
f 4584 4942 4947
f 4582 4587 4569
f 4569 4587 4586
f 5000 5001 4579
f 4579 5001 4596
f 4558 4560 4585
f 4585 4560 4586
f 4565 4639 4566
f 4566 4639 4997
f 4568 4567 4577
f 4577 4567 4578
f 4570 4554 4571
f 4571 4554 4556
f 4640 4565 4637
f 4637 4565 4546
f 4662 4664 4665
f 4665 4664 4844
f 4662 4558 4589
f 4589 4558 4585
f 4554 4570 4557
f 4557 4570 4560
f 4571 4667 4572
f 4572 4667 4943
f 4551 4670 4552
f 4552 4670 4666
f 4640 4664 4638
f 4638 4664 4663
f 4670 4568 4668
f 4668 4568 4577
f 4999 4996 4566
f 4566 4996 4543
f 4608 4564 4603
f 4603 4564 4563
f 4573 4593 4574
f 4574 4593 4592
f 4597 4614 4598
f 4598 4614 4613
f 4601 4600 4584
f 4584 4600 4581
f 4563 4562 4604
f 4604 4562 4944
f 4643 4593 4641
f 4641 4593 4573
f 4643 4847 4644
f 4644 4847 4848
f 4564 4847 4561
f 4561 4847 4846
f 4945 4941 4598
f 4598 4941 4595
f 4941 4945 4939
f 4939 4945 4946
f 4601 4948 4602
f 4602 4948 4620
f 4600 4604 4581
f 4581 4604 4944
f 5002 5003 4597
f 4597 5003 4614
f 4988 4759 4953
f 4953 4759 4402
f 4706 6548 4707
f 4707 6548 6549
f 4311 4928 4419
f 4419 4928 6550
f 4921 4920 6551
f 6551 4920 6552
f 4925 6553 4926
f 4926 6553 6554
f 4928 4921 4802
f 4802 4921 6551
f 6555 4985 6550
f 6550 4985 4419
f 4952 6556 4953
f 4953 6556 4649
f 4971 6557 4706
f 4706 6557 6548
f 4988 4648 4925
f 4925 4648 6553
f 4707 6549 5006
f 5006 6549 4987
f 4920 6510 6552
f 6552 6510 6518
f 6558 6510 6516
f 6516 6510 6509
f 6559 6558 6539
f 6539 6558 6516
f 6531 6541 6532
f 6532 6541 6560
f 6540 6561 6541
f 6541 6561 6529
f 6542 6562 6540
f 6540 6562 6561
f 6542 3120 6562
f 6562 3120 3142
f 4366 6563 4760
f 4760 6563 4970
f 4815 6564 4816
f 4816 6564 6565
f 3147 3146 6565
f 6565 3146 4816
f 6564 6563 6565
f 6565 6563 6566
f 4837 4385 4357
f 4357 4385 4358
f 6565 6566 3147
f 3147 6566 3149
f 4694 1209 3150
f 5247 5249 5248
f 5248 5249 6522
f 6372 6390 6545
f 6545 6390 6389
f 6375 5254 6376
f 6376 5254 5258
f 6377 6525 6378
f 6378 6525 5255
f 5260 6379 5258
f 5258 6379 6376
f 6380 6567 6381
f 6381 6567 6568
f 6382 6569 6383
f 6383 6569 6570
f 6377 6371 6525
f 6525 6371 6370
f 6379 5260 6384
f 6384 5260 6571
f 6385 6572 6382
f 6382 6572 6569
f 6378 5255 6375
f 6375 5255 5254
f 6386 6573 6387
f 6387 6573 6574
f 6545 6389 5248
f 5248 6389 5245
f 4675 4750 4676
f 4676 4750 6286
f 4734 6289 4735
f 4735 6289 6288
f 4804 6290 4805
f 4805 6290 4963
f 4811 4807 4812
f 4812 4807 4411
f 4954 6292 4955
f 4955 6292 4959
f 4964 4962 4965
f 4965 4962 4751
f 6285 4821 4812
f 4812 4821 4809
f 4675 4287 4965
f 4965 4287 4210
f 6294 4145 4955
f 4955 4145 4154
f 4964 4120 4805
f 4805 4120 4119
f 6298 4966 4734
f 4734 4966 6289
f 6300 6473 4735
f 4735 6473 4732
f 6297 6296 4676
f 4676 6296 4288
f 6523 3160 4330
f 4330 3160 3159
f 5253 5252 6525
f 6525 5252 5255
f 5256 5252 4305
f 4305 5252 5251
f 4304 5257 4305
f 4305 5257 5256
f 4424 5259 4304
f 4304 5259 5257
f 5261 6571 5259
f 5259 6571 5260
f 5262 6573 5261
f 5261 6573 6571
f 5264 6567 5265
f 5265 6567 6574
f 5266 6572 5267
f 5267 6572 6568
f 5268 6570 5269
f 5269 6570 6569
f 1807 3161 5268
f 5268 3161 6570
f 6524 6523 4329
f 4329 6523 4330
f 5253 6526 5250
f 5250 6526 6534
f 6543 6538 6544
f 6544 6538 6369
f 6524 6543 6522
f 6522 6543 6544
f 3071 5367 3052
f 3052 5367 3912
f 6493 3163 6494
f 6494 3163 3162
f 3164 445 3771
f 3771 445 3761
f 461 3165 3919
f 3919 3165 3920
f 330 410 3839
f 3839 410 3910
f 332 331 3552
f 3552 331 3551
f 464 304 3918
f 3918 304 3816
f 385 458 3766
f 3766 458 3894
f 412 415 3762
f 3762 415 3763
f 3166 337 3748
f 3748 337 3745
f 3072 3055 5370
f 5370 3055 3930
f 3073 5369 3056
f 3056 5369 3938
f 3167 3057 6496
f 6496 3057 3937
f 3069 3058 4808
f 4808 3058 3943
f 411 3166 3851
f 3851 3166 3748
f 3059 3163 3951
f 3951 3163 6493
f 336 3164 3772
f 3772 3164 3771
f 3053 3911 3162
f 3162 3911 6494
f 3054 3168 3929
f 3929 3168 3952
f 3165 830 3920
f 3920 830 3945
f 3170 3169 6497
f 6497 3169 6498
f 3171 1354 5005
f 5005 1354 4830
f 3172 3170 6503
f 6503 3170 6497
f 3169 3061 6498
f 6498 3061 4060
f 3173 3171 5006
f 5006 3171 5005
f 3079 3172 6334
f 6334 3172 6503
f 3174 3025 6299
f 6299 3025 6300
f 6576 6577 6575
f 6575 6577 6578
f 4612 4611 6579
f 6579 4611 6580
f 6582 6583 6581
f 6581 6583 6584
f 6584 6585 4618
f 4618 6585 4621
f 6586 6587 6589
f 6589 6587 6588
f 6588 6587 6590
f 6590 6587 6591
f 6592 4606 6590
f 6590 4606 4623
f 6594 6576 6593
f 6593 6576 6575
f 6595 6582 6579
f 6579 6582 6581
f 6580 6597 6596
f 6596 6597 6598
f 6577 6576 6599
f 6599 6576 6600
f 6595 6596 6601
f 6601 6596 6602
f 6583 6582 6603
f 6603 6582 6604
f 6586 6606 6605
f 6605 6606 6607
f 6587 6586 6608
f 6608 6586 6605
f 6587 6608 6591
f 6591 6608 6609
f 6576 6594 6600
f 6600 6594 6610
f 6582 6595 6604
f 6604 6595 6601
f 6599 6611 6577
f 6577 6611 6598
f 6613 6614 6612
f 6612 6614 6615
f 6617 6618 6616
f 6616 6618 6619
f 6621 6622 6620
f 6620 6622 6623
f 6625 6626 6624
f 6624 6626 6627
f 6629 6630 6628
f 6628 6630 6631
f 6633 6634 6632
f 6632 6634 6635
f 6637 6638 6636
f 6636 6638 6639
f 6640 6641 6637
f 6637 6641 6638
f 6643 6633 6642
f 6642 6633 6632
f 6645 6646 6644
f 6644 6646 6647
f 6646 6648 6647
f 6647 6648 6649
f 6651 6652 6650
f 6650 6652 6653
f 6653 6652 6654
f 6654 6652 6655
f 6656 6657 6659
f 6659 6657 6658
f 6661 6662 6660
f 6660 6662 6663
f 6662 6661 6664
f 6664 6661 6665
f 6667 6657 6666
f 6666 6657 6656
f 6669 6670 6668
f 6668 6670 6671
f 6672 6673 6670
f 6670 6673 6671
f 6674 6675 6677
f 6677 6675 6676
f 6675 6678 6676
f 6676 6678 6679
f 6681 6682 6680
f 6680 6682 6683
f 6684 6685 6683
f 6683 6685 6680
f 6687 6688 6686
f 6686 6688 6689
f 6687 6690 6688
f 6688 6690 6691
f 6619 6618 6633
f 6633 6618 6634
f 6632 6635 6693
f 6693 6635 6692
f 6617 6694 6636
f 6636 6694 6637
f 6695 6692 6639
f 6639 6692 6635
f 6637 6694 6640
f 6640 6694 6696
f 6698 6638 6697
f 6697 6638 6641
f 6643 6616 6633
f 6633 6616 6619
f 6642 6699 6641
f 6641 6699 6697
f 6646 6645 6700
f 6700 6645 6621
f 6644 6701 6654
f 6654 6701 6702
f 6700 6703 6646
f 6646 6703 6648
f 6693 6704 6649
f 6649 6704 6647
f 6620 6623 6651
f 6651 6623 6652
f 6693 6649 6699
f 6699 6649 6650
f 6652 6623 6655
f 6655 6623 6622
f 6654 6702 6653
f 6653 6702 6697
f 6615 6614 6657
f 6657 6614 6658
f 6705 6656 6704
f 6704 6656 6659
f 6613 6706 6660
f 6660 6706 6661
f 6704 6659 6701
f 6701 6659 6663
f 6661 6706 6665
f 6665 6706 6707
f 6708 6702 6664
f 6664 6702 6662
f 6612 6615 6667
f 6667 6615 6657
f 6666 6709 6664
f 6664 6709 6708
f 6629 6710 6669
f 6669 6710 6670
f 6668 6711 6679
f 6679 6711 6712
f 6713 6672 6710
f 6710 6672 6670
f 6714 6671 6705
f 6705 6671 6673
f 6628 6631 6674
f 6674 6631 6675
f 6705 6673 6709
f 6709 6673 6677
f 6631 6630 6675
f 6675 6630 6678
f 6712 6708 6679
f 6679 6708 6676
f 6625 6715 6682
f 6682 6715 6683
f 6716 6717 6681
f 6681 6717 6691
f 6718 6684 6715
f 6715 6684 6683
f 6719 6680 6714
f 6714 6680 6685
f 6624 6627 6686
f 6686 6627 6687
f 6689 6711 6685
f 6685 6711 6714
f 6627 6626 6687
f 6687 6626 6690
f 6717 6712 6691
f 6691 6712 6688
f 6612 6707 6613
f 6613 6707 6706
f 6616 6696 6617
f 6617 6696 6694
f 6703 6700 6620
f 6620 6700 6621
f 6715 6625 6718
f 6718 6625 6624
f 6710 6629 6713
f 6713 6629 6628
f 6639 6635 6636
f 6636 6635 6634
f 6641 6640 6642
f 6642 6640 6643
f 6654 6655 6644
f 6644 6655 6645
f 6651 6650 6648
f 6648 6650 6649
f 6659 6658 6663
f 6663 6658 6660
f 6665 6667 6664
f 6664 6667 6666
f 6678 6669 6679
f 6679 6669 6668
f 6673 6672 6677
f 6677 6672 6674
f 6690 6682 6691
f 6691 6682 6681
f 6685 6684 6689
f 6689 6684 6686
f 6636 6634 6617
f 6617 6634 6618
f 6638 6698 6639
f 6639 6698 6695
f 6640 6696 6643
f 6643 6696 6616
f 6693 6699 6632
f 6632 6699 6642
f 6655 6622 6645
f 6645 6622 6621
f 6704 6701 6647
f 6647 6701 6644
f 6651 6648 6620
f 6620 6648 6703
f 6650 6653 6699
f 6699 6653 6697
f 6613 6660 6614
f 6614 6660 6658
f 6663 6662 6701
f 6701 6662 6702
f 6665 6707 6667
f 6667 6707 6612
f 6705 6709 6656
f 6656 6709 6666
f 6630 6629 6678
f 6678 6629 6669
f 6714 6711 6671
f 6671 6711 6668
f 6672 6713 6674
f 6674 6713 6628
f 6677 6676 6709
f 6709 6676 6708
f 6626 6625 6690
f 6690 6625 6682
f 6680 6719 6681
f 6681 6719 6716
f 6684 6718 6686
f 6686 6718 6624
f 6711 6689 6712
f 6689 6688 6712
f 6593 6720 6594
f 6594 6720 6721
f 6722 6720 4607
f 4607 6720 4849
f 6592 6723 6722
f 6722 6723 6724
f 4610 4609 6578
f 6578 4609 6575
f 6596 6595 6580
f 6580 6595 6579
f 4618 4617 6584
f 6584 4617 6581
f 6589 6585 6586
f 6586 6585 6606
f 4622 4619 6588
f 6588 4619 6589
f 4622 6588 4623
f 4623 6588 6590
f 4609 4645 6575
f 6575 4645 6593
f 4617 4612 6581
f 6581 4612 6579
f 5004 4610 6597
f 6597 4610 6578
f 4645 4849 6593
f 6593 4849 6720
f 6724 6721 6722
f 6722 6721 6720
f 6722 4607 6592
f 6592 4607 4606
f 6725 6610 6721
f 6721 6610 6594
f 6723 6726 6724
f 6724 6726 6727
f 6727 6725 6724
f 6724 6725 6721
f 6728 6729 6605
f 6605 6729 6608
f 6605 6607 6728
f 6728 6607 6730
f 6731 6732 6604
f 6604 6732 6603
f 6733 6734 6725
f 6725 6734 6610
f 6735 6733 6727
f 6727 6733 6725
f 6735 6727 6736
f 6736 6727 6726
f 6591 6609 6723
f 6723 6609 6726
f 6723 6592 6591
f 6591 6592 6590
f 6738 6739 6737
f 6737 6739 6740
f 6740 6739 6742
f 6742 6739 6741
f 6743 6744 6741
f 6741 6744 6742
f 6745 6746 6743
f 6743 6746 6744
f 6747 6748 6745
f 6745 6748 6746
f 6749 6750 6747
f 6747 6750 6748
f 6752 6738 6751
f 6751 6738 6737
f 6754 6752 6753
f 6753 6752 6751
f 6756 6754 6755
f 6755 6754 6753
f 6758 6750 6757
f 6757 6750 6749
f 6760 6756 6759
f 6759 6756 6755
f 6762 6760 6761
f 6761 6760 6759
f 6764 6762 6763
f 6763 6762 6761
f 6757 6764 6758
f 6758 6764 6763
f 6766 6741 6765
f 6765 6741 6739
f 6767 6743 6766
f 6766 6743 6741
f 6768 6745 6767
f 6767 6745 6743
f 6769 6747 6768
f 6768 6747 6745
f 6770 6749 6769
f 6769 6749 6747
f 6772 6769 6771
f 6771 6769 6768
f 6773 6770 6772
f 6772 6770 6769
f 6774 6775 6772
f 6772 6775 6773
f 6777 6778 6776
f 6776 6778 6779
f 6775 6774 6778
f 6778 6774 6779
f 6771 6780 6772
f 6772 6780 6774
f 6780 6781 6774
f 6774 6781 6779
f 6781 6782 6779
f 6779 6782 6776
f 6784 6785 6783
f 6783 6785 6786
f 6786 6787 6783
f 6783 6787 6788
f 6790 6788 6789
f 6789 6788 6787
f 6786 6785 6791
f 6791 6785 6792
f 6791 6793 6786
f 6786 6793 6787
f 6793 6794 6787
f 6787 6794 6789
f 6795 6796 6794
f 6794 6796 6789
f 6790 6789 6797
f 6797 6789 6796
f 6798 6765 6738
f 6738 6765 6739
f 6799 6798 6752
f 6752 6798 6738
f 6767 6800 6768
f 6768 6800 6771
f 6766 6801 6767
f 6767 6801 6800
f 6802 6801 6765
f 6765 6801 6766
f 6798 6803 6765
f 6765 6803 6802
f 6804 6803 6799
f 6799 6803 6798
f 6805 6806 6804
f 6804 6806 6803
f 6807 6799 6754
f 6754 6799 6752
f 6808 6804 6807
f 6807 6804 6799
f 6809 6805 6808
f 6808 6805 6804
f 6810 6811 6805
f 6805 6811 6806
f 6812 6813 6810
f 6810 6813 6811
f 6814 6815 6796
f 6796 6815 6797
f 6813 6814 6816
f 6816 6814 6817
f 6816 6818 6813
f 6813 6818 6811
f 6819 6806 6818
f 6818 6806 6811
f 6802 6803 6819
f 6819 6803 6806
f 6757 6749 6820
f 6820 6749 6770
f 6820 6770 6821
f 6821 6770 6773
f 6821 6773 6822
f 6822 6773 6775
f 6822 6775 6823
f 6823 6775 6778
f 6824 6823 6777
f 6777 6823 6778
f 6784 6825 6777
f 6777 6825 6824
f 6826 6827 6788
f 6788 6827 6783
f 6828 6826 6790
f 6790 6826 6788
f 6829 6828 6797
f 6797 6828 6790
f 6815 6830 6797
f 6797 6830 6829
f 6832 6812 6831
f 6831 6812 6810
f 6831 6810 6809
f 6809 6810 6805
f 6736 6800 6735
f 6735 6800 6801
f 6733 6735 6802
f 6802 6735 6801
f 6734 6733 6819
f 6819 6733 6802
f 6833 6734 6818
f 6818 6734 6819
f 6834 6833 6816
f 6816 6833 6818
f 6816 6817 6834
f 6834 6817 6835
f 6837 6795 6836
f 6836 6795 6794
f 6836 6794 6731
f 6731 6794 6793
f 6732 6731 6791
f 6791 6731 6793
f 6791 6792 6732
f 6732 6792 6730
f 6729 6728 6781
f 6781 6728 6782
f 6838 6807 6756
f 6756 6807 6754
f 6839 6838 6760
f 6760 6838 6756
f 6840 6839 6762
f 6762 6839 6760
f 6841 6840 6764
f 6764 6840 6762
f 6820 6841 6757
f 6757 6841 6764
f 6841 6820 6842
f 6842 6820 6821
f 6840 6841 6843
f 6843 6841 6842
f 6839 6840 6844
f 6844 6840 6843
f 6838 6839 6845
f 6845 6839 6844
f 6807 6838 6808
f 6808 6838 6845
f 6842 6821 6846
f 6846 6821 6822
f 6843 6842 6847
f 6847 6842 6846
f 6844 6843 6848
f 6848 6843 6847
f 6845 6844 6849
f 6849 6844 6848
f 6808 6845 6809
f 6809 6845 6849
f 6850 6831 6849
f 6849 6831 6809
f 6851 6850 6848
f 6848 6850 6849
f 6847 6852 6848
f 6848 6852 6851
f 6853 6852 6846
f 6846 6852 6847
f 6846 6822 6853
f 6853 6822 6823
f 6853 6823 6854
f 6854 6823 6824
f 6854 6855 6853
f 6853 6855 6852
f 6856 6851 6855
f 6855 6851 6852
f 6856 6857 6851
f 6851 6857 6850
f 6857 6832 6850
f 6850 6832 6831
f 6825 6858 6824
f 6824 6858 6854
f 6860 6827 6859
f 6859 6827 6826
f 6859 6826 6861
f 6861 6826 6828
f 6862 6861 6829
f 6829 6861 6828
f 6830 6863 6829
f 6829 6863 6862
f 6863 6864 6862
f 6862 6864 6865
f 6858 6866 6854
f 6854 6866 6855
f 6867 6865 6866
f 6866 6865 6864
f 6869 6859 6868
f 6868 6859 6861
f 6867 6869 6865
f 6865 6869 6868
f 6861 6862 6868
f 6868 6862 6865
f 6867 6860 6869
f 6869 6860 6859
f 6753 6751 6698
f 6698 6751 6695
f 6697 6755 6698
f 6698 6755 6753
f 6759 6755 6702
f 6702 6755 6697
f 6761 6759 6708
f 6708 6759 6702
f 6763 6761 6712
f 6712 6761 6708
f 6758 6763 6717
f 6717 6763 6712
f 6750 6758 6716
f 6716 6758 6717
f 6719 6748 6716
f 6716 6748 6750
f 6714 6746 6719
f 6719 6746 6748
f 6705 6744 6714
f 6714 6744 6746
f 6704 6742 6705
f 6705 6742 6744
f 6740 6742 6693
f 6693 6742 6704
f 6737 6740 6692
f 6692 6740 6693
f 6751 6737 6695
f 6695 6737 6692
f 6601 6602 6836
f 6836 6602 6837
f 6604 6601 6731
f 6731 6601 6836
f 6599 6600 6834
f 6834 6600 6833
f 6834 6835 6599
f 6599 6835 6611
f 6600 6610 6833
f 6833 6610 6734
f 6780 6771 6870
f 6870 6771 6736
f 6736 6771 6800
f 6870 6729 6780
f 6780 6729 6781
f 6608 6729 6609
f 6609 6729 6870
f 6609 6870 6726
f 6726 6870 6736
f 5014 5015 5229
f 5229 5015 5230
f 4258 5015 4259
f 4259 5015 4878
f 3471 3013 4703
f 4703 3013 4704
f 2879 6337 1306
f 1306 6337 4785
f 829 3471 4316
f 4316 3471 4703
f 4702 3472 5223
f 5223 3472 1756
f 6871 6872 4534
f 4534 6872 4535
f 6871 4665 6872
f 6872 4665 4844
f 6871 6873 4665
f 4665 6873 4559
f 6871 4534 6873
f 6873 4534 4542
f 4153 4152 4822
f 4822 4152 4407
f 4152 4168 4407
f 4407 4168 4342
f 4343 4168 4923
f 4923 4168 4167
f 4363 4362 4972
f 4972 4362 4840
f 4362 4394 4840
f 4840 4394 4839
f 4401 4400 4986
f 4986 4400 4984
f 4435 4434 4841
f 4841 4434 4842
f 4506 4505 4530
f 4530 4505 4531
f 4506 4535 4507
f 4507 4535 4843
f 4661 4660 4516
f 4516 4660 4517
f 4673 4672 4937
f 4937 4672 6547
f 4400 4924 4984
f 4984 4924 5263
f 4673 4660 4674
f 4674 4660 4659
f 4505 4661 4531
f 4531 4661 4516
f 4952 4401 6874
f 6874 4401 4986
f 4954 4153 6875
f 6875 4153 4822
f 4363 4973 4364
f 4364 4973 4974
f 5264 4924 5267
f 5267 4924 4691
f 6293 6292 6876
f 6876 6292 6877
f 6380 4343 6387
f 6387 4343 4923
f 4394 4435 4839
f 4839 4435 4841
f 4672 4434 6547
f 6547 4434 4433
f 4973 6556 4974
f 4974 6556 6878
f 6567 6380 6574
f 6574 6380 6387
f 6292 4954 6877
f 6877 4954 6875
f 6567 5264 6568
f 6568 5264 5267
f 4145 4144 4154
f 4154 4144 4151
f 4194 4144 4425
f 4425 4144 4143
f 4355 4354 5263
f 5263 4354 4984
f 4360 4359 4364
f 4364 4359 4361
f 4444 4359 4392
f 4392 4359 4337
f 4447 4446 4432
f 4432 4446 4433
f 4464 4463 6547
f 6547 4463 4937
f 4519 4518 4654
f 4654 4518 4509
f 4533 4532 4499
f 4499 4532 4498
f 4533 4542 4530
f 4530 4542 4534
f 4519 4532 4516
f 4516 4532 4531
f 4922 4194 4426
f 4426 4194 4425
f 4463 4518 4937
f 4937 4518 4517
f 6555 4951 6874
f 6874 4951 6878
f 4958 4957 6290
f 6290 4957 6291
f 4334 4360 4712
f 4712 4360 4950
f 4985 4354 4419
f 4419 4354 4353
f 5262 4355 5265
f 5265 4355 5263
f 6294 4958 4804
f 4804 4958 6290
f 6386 4922 6384
f 6384 4922 4426
f 4444 4447 4393
f 4393 4447 4432
f 4464 4446 4465
f 4465 4446 4445
f 4985 6555 4986
f 4986 6555 6874
f 6573 6386 6571
f 6571 6386 6384
f 4145 6294 4146
f 4146 6294 4804
f 6573 5262 6574
f 6574 5262 5265
f 4542 4541 6873
f 6873 4541 4559
f 4535 6872 4843
f 4843 6872 4844
f 4104 4103 6879
f 6879 4103 6343
f 4105 6293 6307
f 6307 6293 6876
f 4104 4956 4105
f 4105 4956 6293
f 4956 4104 4957
f 4957 4104 6879
f 4957 6879 6291
f 6291 6879 6309
f 4648 4988 4649
f 4649 4988 4953
f 4802 4803 4928
f 4928 4803 6550
f 6550 4803 6555
f 6555 4803 4951
f 1516 3173 4987
f 4987 3173 5006
f 6519 6518 6558
f 6558 6518 6510
f 6527 6519 6559
f 6559 6519 6558
f 6528 6560 6529
f 6529 6560 6541
f 6548 4625 6549
f 6549 4625 4624
f 6551 6552 4746
f 4746 6552 6505
f 6553 4711 6554
f 6554 4711 4710
f 4802 6551 4713
f 4713 6551 4746
f 6556 4973 4649
f 4649 4973 4646
f 6557 4949 6548
f 6548 4949 4625
f 4648 4647 6553
f 6553 4647 4711
f 6549 4624 4987
f 4987 4624 4838
f 6552 6518 6505
f 6505 6518 6507
f 6561 4372 6529
f 6529 4372 6514
f 6562 4369 6561
f 6561 4369 4372
f 3142 3482 6562
f 6562 3482 4369
f 6556 4952 6878
f 6878 4952 6874
f 4951 4950 6878
f 6878 4950 4974
f 3168 440 3952
f 4204 4203 5341
f 5341 4203 6364
f 4219 4222 6429
f 6429 4222 4383
f 4319 4322 6506
f 6506 4322 4747
f 4340 4714 4341
f 4341 4714 4384
f 4375 4377 6388
f 6388 4377 6546
f 4378 4381 6311
f 6311 4381 4720
f 4449 4341 4387
f 4387 4341 4384
f 4473 4472 4477
f 4477 4472 4474
f 4492 4491 4487
f 4487 4491 4488
f 4523 4491 4522
f 4522 4491 4490
f 4492 4538 4493
f 4493 4538 4555
f 4538 4553 4555
f 4555 4553 4556
f 4620 4615 4621
f 4621 4615 4618
f 4652 4651 4368
f 4368 4651 4365
f 4523 4655 4524
f 4524 4655 4656
f 4553 4667 4556
f 4556 4667 4571
f 4651 1210 4365
f 4365 1210 1209
f 4698 4697 5223
f 5223 4697 6344
f 4340 4339 4322
f 4322 4339 4747
f 4726 4729 5287
f 5287 4729 4198
f 4381 4380 4737
f 4737 4380 6368
f 4836 4835 4451
f 4451 4835 4709
f 4910 6367 4911
f 4911 6367 6366
f 4912 4915 6450
f 6450 4915 6449
f 4927 4836 4450
f 4450 4836 4451
f 4930 4929 4439
f 4439 4929 4436
f 4936 4935 4459
f 4459 4935 4456
f 4473 4655 4470
f 4470 4655 4510
f 4942 4583 4943
f 4943 4583 4572
f 4948 4601 4947
f 4947 4601 4584
f 4949 4835 4625
f 4625 4835 4626
f 4966 4969 6289
f 6289 4969 4695
f 4971 4652 4926
f 4926 4652 4368
f 4203 4977 6364
f 6364 4977 6365
f 4990 4989 4443
f 4443 4989 4440
f 4990 4991 4478
f 4478 4991 4512
f 4992 4991 4528
f 4528 4991 4515
f 4992 4993 4527
f 4527 4993 4485
f 4994 4993 4502
f 4502 4993 4503
f 4994 4995 4482
f 4482 4995 4550
f 4543 4996 4544
f 4544 4996 4995
f 4999 4998 4567
f 4567 4998 4578
f 5000 4998 4575
f 4575 4998 4997
f 5002 5001 4592
f 4592 5001 4574
f 5003 5004 4614
f 4614 5004 4611
f 3483 4215 1755
f 1755 4215 4698
f 5274 5277 4195
f 4195 5277 4223
f 4726 5295 4727
f 4727 5295 6350
f 5309 5342 5310
f 5310 5342 6363
f 5315 5314 5316
f 5316 5314 5317
f 5339 6362 5340
f 5340 6362 5363
f 5310 6363 5339
f 5339 6363 6362
f 4204 5309 4201
f 4201 5309 5308
f 4915 5345 6449
f 6449 5345 6448
f 5345 5315 6448
f 6448 5315 5316
f 5348 5347 6351
f 6351 5347 6352
f 5365 4263 5340
f 5340 4263 4262
f 6295 6298 4733
f 4733 6298 4734
f 4969 6306 4695
f 4695 6306 4696
f 6306 4378 4696
f 4696 4378 6311
f 6369 6372 6544
f 6544 6372 6545
f 4375 6390 4373
f 4373 6390 4374
f 6421 6422 4911
f 4911 6422 4908
f 4910 4909 4737
f 4737 4909 4736
f 5277 4219 4223
f 4223 4219 6429
f 4697 4222 6344
f 6344 4222 4221
f 6436 6361 6437
f 6437 6361 6360
f 6438 6440 6437
f 6437 6440 6434
f 6438 6359 6441
f 6441 6359 6358
f 6442 6441 6357
f 6357 6441 6358
f 6442 6444 6443
f 6443 6444 6445
f 6446 6444 6355
f 6355 6444 6356
f 6446 4912 6447
f 6447 4912 6450
f 6436 6435 5365
f 5365 6435 4263
f 5314 5347 5317
f 5317 5347 5346
f 4319 6512 4320
f 4320 6512 6513
f 6520 6512 6521
f 6521 6512 6508
f 6528 6520 6527
f 6527 6520 6521
f 6532 6539 6533
f 6533 6539 6535
f 6533 6535 6537
f 6537 6535 6534
f 6538 6543 6537
f 6537 6543 6536
f 6295 4377 6296
f 6296 4377 4376
f 4989 4930 4440
f 4440 4930 4439
f 4927 4929 4422
f 4422 4929 4455
f 4449 4936 4388
f 4388 4936 4459
f 4472 4935 4474
f 4474 4935 4932
f 4942 4940 4947
f 4947 4940 4939
f 5001 5000 4574
f 4574 5000 4575
f 4669 4943 4666
f 4666 4943 4667
f 4996 4999 4547
f 4547 4999 4567
f 4948 4946 4620
f 4620 4946 4615
f 5003 5002 4591
f 4591 5002 4592
f 6557 4971 6554
f 6554 4971 4926
f 6532 6560 6539
f 6539 6560 6559
f 6390 6372 4374
f 4374 6372 6371
f 4966 6298 4967
f 4967 6298 6297
f 6538 6526 6369
f 6369 6526 6370
f 6585 6589 4621
f 4621 6589 4619
f 6597 6578 6598
f 6598 6578 6577
f 6606 6583 6607
f 6607 6583 6603
f 6611 6602 6598
f 6598 6602 6596
f 6585 6584 6606
f 6606 6584 6583
f 6597 6580 5004
f 5004 6580 4611
f 6607 6603 6730
f 6730 6603 6732
f 6776 6785 6777
f 6777 6785 6784
f 6785 6776 6792
f 6792 6776 6782
f 6815 6814 6812
f 6812 6814 6813
f 6817 6814 6795
f 6795 6814 6796
f 6825 6784 6827
f 6827 6784 6783
f 6830 6815 6832
f 6832 6815 6812
f 6817 6795 6835
f 6835 6795 6837
f 6792 6782 6730
f 6730 6782 6728
f 6858 6825 6860
f 6860 6825 6827
f 6863 6830 6857
f 6857 6830 6832
f 6864 6863 6856
f 6856 6863 6857
f 6866 6858 6867
f 6867 6858 6860
f 6866 6864 6855
f 6855 6864 6856
f 6835 6837 6611
f 6611 6837 6602
f 6560 6528 6559
f 6559 6528 6527
f 4949 6557 4710
f 4710 6557 6554
f 4430 4090 4175
f 4175 4090 4089
f 4777 4113 4155
f 4155 4113 4086
f 4175 4089 4176
f 4176 4089 4142
f 4199 4271 4200
f 4200 4271 4798
f 4199 4095 4272
f 4272 4095 5273
f 4406 4405 4404
f 4404 4405 4346
f 4410 4409 6877
f 6877 4409 6876
f 4409 4413 6876
f 6876 4413 6307
f 4415 4148 4416
f 4416 4148 4147
f 4690 4405 4344
f 4344 4405 4342
f 4693 4692 4352
f 4352 4692 4349
f 4701 4700 6337
f 6337 4700 6338
f 4778 4777 4081
f 4081 4777 4155
f 4821 4406 4809
f 4809 4406 4404
f 4176 4142 4181
f 4181 4142 4415
f 4760 4970 4399
f 4399 4970 4692
f 4200 5007 4096
f 4096 5007 4078
f 5266 4693 5269
f 5269 4693 4352
f 5270 5007 5361
f 5361 5007 4797
f 4778 5270 4779
f 4779 5270 5361
f 6285 4410 6875
f 6875 4410 6877
f 6308 4413 4687
f 4687 4413 4412
f 6480 6320 6481
f 6481 6320 6880
f 4701 2878 4702
f 4702 2878 3472
f 6339 6347 6340
f 6340 6347 6348
f 6341 6342 6346
f 6346 6342 6345
f 4416 6308 4414
f 4414 6308 4687
f 6385 4690 6381
f 6381 4690 4344
f 5282 6341 5280
f 5280 6341 6339
f 4700 6342 6338
f 6338 6342 5281
f 6340 6348 4272
f 4272 6348 4270
f 6480 6479 4828
f 4828 6479 4829
f 6490 6479 6489
f 6489 6479 6478
f 4090 4430 6490
f 6490 4430 4429
f 6563 6564 4970
f 4970 6564 4815
f 4694 6566 4366
f 4366 6566 6563
f 6572 6385 6568
f 6568 6385 6381
f 4821 6285 4822
f 4822 6285 6875
f 6572 5266 6569
f 6569 5266 5269
f 3482 3103 4369
f 4369 3103 4370
f 3121 4730 3485
f 3485 4730 4327
f 6277 6280 6273
f 6273 6280 6272
f 6267 6276 6278
f 6278 6276 6279
f 6278 6279 6277
f 6277 6279 6280
f 6279 6256 6280
f 6280 6256 6255
f 6256 3857 6255
f 6255 3857 3754
f 3857 3856 3754
f 3754 3856 3755
f 3856 3703 3755
f 3755 3703 3863
f 3703 3702 3863
f 3863 3702 3759
f 3702 3706 3759
f 3759 3706 3670
f 3706 3705 3670
f 3670 3705 3668
f 3705 3773 3668
f 3668 3773 3882
f 3882 3773 3883
f 3883 3773 3707
f 3707 3708 3883
f 3883 3708 3880
f 3708 3710 3880
f 3880 3710 3881
f 3709 5241 3710
f 3710 5241 3881
f 5241 3709 5234
f 5234 3709 3786
f 3693 3712 3786
f 3786 3712 5234
f 4051 4055 4052
f 4052 4055 4056
f 4056 4055 4057
f 4057 4055 4054
f 4066 5238 5236
f 5236 5238 3989
f 4066 4069 5238
f 5238 4069 4035
f 6881 3962 3960
f 3960 3962 3957
f 6883 4070 6882
f 6882 4070 3941
f 4070 6883 4071
f 4071 6883 6884
f 4071 6884 4072
f 4072 6884 6885
f 6885 6886 4072
f 4072 6886 4031
f 3955 6881 3956
f 3956 6881 3960
f 6884 3991 6885
f 6885 3991 3990
f 6883 6887 6884
f 6884 6887 3991
f 6887 6888 3991
f 3991 6888 3992
f 6888 6887 6889
f 6889 6887 6890
f 6887 6883 6890
f 6890 6883 6882
f 4058 5240 3953
f 3953 5240 3954
f 5236 6888 5239
f 5239 6888 6889
f 5237 6886 3990
f 3990 6886 6885
f 4034 4031 5237
f 5237 4031 6886
f 6881 6882 3962
f 3962 6882 3941
f 6881 3955 6882
f 6882 3955 6890
f 3955 3954 6890
f 6890 3954 6889
f 5239 6889 5240
f 5240 6889 3954
f 6888 5236 3992
f 3992 5236 3989
f 3869 3868 3888
f 3888 3868 4015
f 3868 4012 4015
f 4015 4012 4010
f 4012 4022 4010
f 4010 4022 4009
f 4022 4021 4009
f 4009 4021 4018
f 4020 3974 4001
f 4001 3974 3996
f 4021 4020 4029
f 4029 4020 4001
f 4085 4156 4086
f 4086 4156 4155
f 4113 4777 4114
f 4114 4777 4776
f 4130 4129 4094
f 4094 4129 4091
f 4139 4773 4140
f 4140 4773 4772
f 4149 4178 4150
f 4150 4178 5225
f 4160 4159 4087
f 4087 4159 4088
f 4149 4148 4179
f 4179 4148 4141
f 4085 4084 4183
f 4183 4084 6315
f 4179 4141 4159
f 4159 4141 4088
f 4192 4130 4162
f 4162 4130 4094
f 4197 5288 4198
f 4198 5288 5287
f 4229 4766 4230
f 4230 4766 4771
f 4245 4246 4242
f 4242 4246 4249
f 4183 6315 4418
f 4418 6315 6314
f 4679 4178 4680
f 4680 4178 4177
f 4724 4798 4725
f 4725 4798 4271
f 4728 5275 4729
f 4729 5275 5274
f 4230 4771 4249
f 4249 4771 4242
f 4724 4723 4799
f 4799 4723 5355
f 4823 4824 4891
f 4891 4824 6327
f 4823 4192 4161
f 4161 4192 4162
f 4893 4767 4229
f 4229 4767 4766
f 4894 4895 4898
f 4898 4895 4899
f 4106 4150 4103
f 4103 4150 5225
f 4680 4894 4677
f 4677 4894 4898
f 6420 4977 5301
f 5301 4977 4976
f 4679 4678 5226
f 5226 4678 4427
f 5228 5008 4893
f 4893 5008 4767
f 5285 6354 5286
f 5286 6354 5343
f 5289 5352 5290
f 5290 5352 5349
f 5290 5349 5295
f 5295 5349 5348
f 5302 5299 4202
f 4202 5299 4976
f 4725 4271 5311
f 5311 4271 4270
f 5325 4723 5326
f 5326 4723 4722
f 5335 5355 5325
f 5325 5355 4723
f 5326 4722 5286
f 5286 4722 5283
f 4799 5357 4797
f 4797 5357 5361
f 5359 5356 5335
f 5335 5356 5355
f 4775 4774 5356
f 5356 4774 5357
f 5359 5358 4092
f 4092 5358 4093
f 6316 4740 6317
f 6317 4740 4739
f 6318 4827 6316
f 6316 4827 4740
f 6319 4828 6318
f 6318 4828 4827
f 6320 6480 6319
f 6319 6480 4828
f 6484 6322 6485
f 6485 6322 6321
f 6487 6324 6331
f 6331 6324 6323
f 6331 6323 6330
f 6330 6323 6325
f 6325 6326 6330
f 6330 6326 6329
f 6326 6328 6329
f 6329 6328 5231
f 4824 4685 5228
f 5228 4685 5008
f 5226 6343 5225
f 5225 6343 4103
f 4728 4727 6349
f 6349 4727 5284
f 6350 6351 5285
f 5285 6351 6354
f 4247 4246 6418
f 6418 4246 6365
f 6400 6402 6401
f 6401 6402 6459
f 4197 4196 6409
f 6409 4196 6426
f 6412 4897 6328
f 6328 4897 5231
f 6413 4133 6412
f 6412 4133 4897
f 6414 4134 6413
f 6413 4134 4133
f 6415 4225 6414
f 6414 4225 4134
f 6416 4252 6415
f 6415 4252 4225
f 6417 4253 6416
f 6416 4253 4252
f 4253 6417 6366
f 6366 6417 6419
f 6366 6419 4911
f 4911 6419 6421
f 6422 6423 4908
f 4908 6423 5298
f 5298 6423 6396
f 6396 6423 6424
f 6409 6426 6425
f 6425 6426 6397
f 5300 5299 6399
f 6399 5299 6400
f 6465 6408 6401
f 6401 6408 6398
f 6424 6399 6425
f 6425 6399 6398
f 6349 5284 5311
f 5311 5284 5283
f 6465 6464 5289
f 5289 6464 5352
f 6488 6483 6492
f 6492 6483 6482
f 6486 6491 6482
f 6482 6491 6492
f 6491 4895 6492
f 6492 4895 4157
f 6488 4160 6489
f 6489 4160 4087
f 6501 6502 4418
f 4418 6502 4417
f 6504 6500 6317
f 6317 6500 6314
f 3497 3496 6501
f 6501 3496 6502
f 3499 3498 6504
f 6504 3498 6500
f 4729 5274 4198
f 4198 5274 4195
f 6418 6365 6420
f 6420 6365 4977
f 5295 5348 6350
f 6350 5348 6351
f 5301 6422 6420
f 6420 6422 6421
f 4113 4112 4086
f 4086 4112 4083
f 6320 4112 6880
f 6880 4112 4111
f 4091 4772 4092
f 4092 4772 4775
f 4129 4140 4091
f 4091 4140 4772
f 4137 4140 4128
f 4128 4140 4129
f 4128 6324 4137
f 4137 6324 6321
f 6324 6487 6321
f 6321 6487 6485
f 6487 6486 6485
f 6485 6486 6482
f 4774 4773 4779
f 4779 4773 4776
f 4773 4139 4776
f 4776 4139 4114
f 4139 4138 4114
f 4114 4138 4111
f 4138 6322 4111
f 4111 6322 6880
f 6322 6484 6880
f 6880 6484 6481
f 6484 6483 6481
f 6481 6483 6478
f 6879 6343 6309
f 6309 6343 4428
f 4106 4105 4900
f 4900 4105 6307
f 3500 3167 6495
f 6495 3167 6496
f 3500 6495 3070
f 3070 6495 5368
f 3502 5235 3501
f 3501 5235 4813
f 3024 3503 6473
f 6473 3503 6474
f 3503 3023 6474
f 6474 3023 6374
f 3504 1770 4348
f 4348 1770 4345
f 3502 3505 5235
f 5235 3505 4810
f 3498 3497 6500
f 6500 3497 6501
f 3496 3075 6502
f 6502 3075 6275
f 6299 4254 3174
f 3174 4254 3017
f 1769 3501 4814
f 4814 3501 4813
f 3506 3018 6476
f 6476 3018 4257
f 3507 3499 6499
f 6499 3499 6504
f 3030 4216 3483
f 3483 4216 4215
f 3077 3507 6333
f 6333 3507 6499
f 1784 3160 5249
f 5249 3160 6523
f 3015 3506 4240
f 4240 3506 6476
f 3508 3504 6383
f 6383 3504 4348
f 3509 3016 6477
f 6477 3016 4239
f 3028 3509 6467
f 6467 3509 6477
f 3022 1785 5246
f 5246 1785 5247
f 3161 3508 6570
f 6570 3508 6383
f 3150 3149 4694
f 4694 3149 6566
f 1327 4807 3510
f 3510 4807 4811
f 3510 4811 3505
f 3505 4811 4810
f 3146 3511 4816
f 4816 3511 4350
f 3511 1808 4350
f 4350 1808 4351
f 3485 4327 3159
f 3159 4327 4330
f 1326 3512 4806
f 4806 3512 6310
f 3512 1331 6310
f 6310 1331 4688
