v 0.957914769649506 1.17371332645416 0.0956355929374695
v 0.960802972316742 1.15890073776245 0.104222446680069
v 0.951709151268005 1.16671907901764 0.112638562917709
v 0.949064075946808 1.1808922290802 0.108529061079025
v 0.953345477581024 1.15588462352753 0.117073655128479
v 0.961814641952515 1.1492577791214 0.111620008945465
v 0.946562111377716 1.17296195030212 0.123674660921097
v 0.944665610790253 1.18652558326721 0.123229891061783
v 0.941789329051971 1.164222240448 0.160463899374008
v 0.939654052257538 1.17038452625275 0.16965326666832
v 0.940401315689087 1.17601203918457 0.1582051217556
v 0.943502724170685 1.16828846931458 0.152061939239502
v 0.942388117313385 1.15290355682373 0.1839739382267
v 0.945744514465332 1.13982772827148 0.187001764774323
v 0.945391058921814 1.1435399055481 0.200157463550568
v 0.942947745323181 1.15691685676575 0.19805234670639
v 0.973137259483337 1.12131977081299 0.160643011331558
v 0.967556357383728 1.11950409412384 0.167056024074554
v 0.964160025119781 1.12462031841278 0.161936610937119
v 0.970478713512421 1.12602603435516 0.156374126672745
v 0.98122650384903 1.11991238594055 0.148638218641281
v 0.981187224388123 1.12577676773071 0.145834356546402
v 0.984929025173187 1.12260174751282 0.139538288116455
v 0.98382180929184 1.11572861671448 0.142430335283279
v 0.978149116039276 1.11731374263763 0.164827525615692
v 0.97236043214798 1.11587357521057 0.171769708395004
v 0.977741599082947 1.12229001522064 0.154927611351013
v 0.978884279727936 1.1178891658783 0.157291024923325
v 0.978949069976807 1.10535025596619 0.156637698411942
v 0.977971374988556 1.10944819450378 0.153487473726273
v 0.979629755020142 1.1037563085556 0.148689210414886
v 0.98080837726593 1.10106492042542 0.153641998767853
v 0.978251099586487 1.11320734024048 0.162500649690628
v 0.977226376533508 1.11269640922546 0.15850505232811
v 0.978926539421082 1.10820126533508 0.16027045249939
v 0.981025993824005 1.1092586517334 0.163748234510422
v 0.980924367904663 1.11520767211914 0.15078866481781
v 0.982238590717316 1.10985565185547 0.145180195569992
v 0.984407246112823 1.10404884815216 0.139907985925674
v 0.982231616973877 1.09705018997192 0.144994765520096
v 0.957703292369843 1.1199666261673 0.182982206344604
v 0.961845755577087 1.11913335323334 0.174447655677795
v 0.9666588306427 1.11526560783386 0.178138256072998
v 0.962396860122681 1.11565721035004 0.184796452522278
v 0.980506181716919 1.11060976982117 0.16824197769165
v 0.976167976856232 1.10310566425323 0.181911587715149
v 0.975978553295135 1.10495805740356 0.178590178489685
v 0.980891287326813 1.10085225105286 0.175293803215027
v 0.980471014976501 1.09937083721161 0.178513824939728
v 0.954234659671783 1.12077474594116 0.20040887594223
v 0.958591639995575 1.11498248577118 0.198511749505997
v 0.958603143692017 1.11367428302765 0.205837368965149
v 0.955086231231689 1.1194988489151 0.209441304206848
v 0.961049854755402 1.11061000823975 0.211051404476166
v 0.957038998603821 1.1172502040863 0.217681050300598
v 0.965494096279144 1.1071445941925 0.22892764210701
v 0.961117684841156 1.11200773715973 0.224150627851486
v 0.964594125747681 1.10630691051483 0.215303272008896
v 0.968937575817108 1.09982442855835 0.217514157295227
v 0.978772759437561 1.09344971179962 0.20819365978241
v 0.983684182167053 1.08942878246307 0.207395106554031
v 0.979222536087036 1.08548545837402 0.219141811132431
v 0.974060237407684 1.09139180183411 0.218647181987762
v 0.977523326873779 1.10331392288208 0.189281314611435
v 0.974434971809387 1.10652279853821 0.190992295742035
v 0.973522067070007 1.10549604892731 0.188551992177963
v 0.976666331291199 1.10249650478363 0.185553312301636
v 0.971298336982727 1.10865521430969 0.192459732294083
v 0.969793438911438 1.10941696166992 0.193206310272217
v 0.969719529151917 1.10907793045044 0.191453218460083
v 0.971220850944519 1.1086061000824 0.191607534885406
v 0.973030567169189 1.10751235485077 0.191434383392334
v 0.973920524120331 1.1059558391571 0.192771106958389
v 0.972112476825714 1.10764813423157 0.192805349826813
v 0.976569771766663 1.10241329669952 0.191717684268951
v 0.98637855052948 1.09205508232117 0.188393205404282
v 0.983079969882965 1.09406614303589 0.189030408859253
v 0.984938323497772 1.09689652919769 0.18564647436142
v 0.987754940986633 1.09538996219635 0.184873044490814
v 0.970985054969788 1.10850715637207 0.188838481903076
v 0.968612372875214 1.10988426208496 0.187844276428223
v 0.971538305282593 1.1078052520752 0.183388531208038
v 0.972854137420654 1.10659348964691 0.185986250638962
v 0.965933918952942 1.11168432235718 0.186565548181534
v 0.967629015445709 1.11068260669708 0.190898358821869
v 0.964663088321686 1.11230504512787 0.190834820270538
v 0.97042840719223 1.10847234725952 0.194657653570175
v 0.967964828014374 1.10937857627869 0.197078168392181
v 0.967108070850372 1.11000156402588 0.194310188293457
v 0.969849348068237 1.10687959194183 0.199443578720093
v 0.972523272037506 1.10605549812317 0.195527374744415
v 0.975112318992615 1.10199332237244 0.195361256599426
v 0.978515148162842 1.09723806381226 0.194560945034027
v 0.976890027523041 1.09780526161194 0.200448334217072
v 0.972853481769562 1.10259807109833 0.20047515630722
v 0.969814538955688 1.11099481582642 0.180613040924072
v 0.963338017463684 1.11205792427063 0.196225166320801
v 0.960210263729095 1.1160032749176 0.191054910421371
v 0.96368944644928 1.11053812503815 0.200921714305878
v 0.965776085853577 1.10802674293518 0.204759508371353
v 0.969459116458893 1.10360264778137 0.207030296325684
v 0.973884046077728 1.09847140312195 0.207948744297028
v 0.979456305503845 1.09042394161224 0.232908427715302
v 0.972579479217529 1.0973402261734 0.230966031551361
v 0.96453857421875 1.14672493934631 0.119529724121094
v 0.95649915933609 1.15077936649323 0.122447669506073
v 0.957145631313324 1.15055286884308 0.131773322820663
v 0.955442130565643 1.15214467048645 0.130006283521652
v 0.959910929203033 1.14936280250549 0.126529812812805
v 0.960650324821472 1.14823544025421 0.129299640655518
v 0.947771549224854 1.16307938098907 0.147106647491455
v 0.95137894153595 1.15896892547607 0.142870843410492
v 0.951469480991364 1.15837907791138 0.146789193153381
v 0.946158826351166 1.16059792041779 0.153148829936981
v 0.956849336624146 1.14707267284393 0.149061262607574
v 0.953535914421082 1.1513729095459 0.149948954582214
v 0.956599831581116 1.15157675743103 0.142619132995605
v 0.958937287330627 1.14836716651917 0.141951739788055
v 0.962066650390625 1.14564085006714 0.14108082652092
v 0.96583354473114 1.14352357387543 0.13994836807251
v 0.965506315231323 1.14162135124207 0.145024031400681
v 0.961067259311676 1.14380216598511 0.147185266017914
v 0.966124713420868 1.14735448360443 0.124491721391678
v 0.973265111446381 1.14535903930664 0.124550461769104
v 0.972076892852783 1.14502358436584 0.127820819616318
v 0.965899765491486 1.14609265327454 0.127498030662537
v 0.983112156391144 1.14361584186554 0.135210007429123
v 0.981762945652008 1.14421558380127 0.132603675127029
v 0.984976768493652 1.14317107200623 0.130432069301605
v 0.985854029655457 1.14146709442139 0.13471531867981
v 0.983380734920502 1.14050126075745 0.137542277574539
v 0.981641829013824 1.14282727241516 0.13659805059433
v 0.968061029911041 1.1840193271637 0.0776205062866211
v 0.969197511672974 1.16702973842621 0.0866190791130066
v 0.955505013465881 1.19269144535065 0.0900375843048096
v 0.948297202587128 1.19874477386475 0.106276482343674
v 0.943107664585114 1.2018415927887 0.123620182275772
v 0.949467957019806 1.13075435161591 0.200927913188934
v 0.949619352817535 1.13149523735046 0.211950540542603
v 0.945513486862183 1.14716148376465 0.212559759616852
v 0.94828587770462 1.14505779743195 0.223797261714935
v 0.952291429042816 1.12845969200134 0.222566187381744
v 0.965091824531555 1.11663913726807 0.23858517408371
v 0.957275152206421 1.12321794033051 0.232059597969055
v 0.953680515289307 1.14251947402954 0.234804093837738
v 0.950140178203583 1.16360139846802 0.233268231153488
v 0.945762515068054 1.16192626953125 0.22260981798172
v 0.949854910373688 1.18297839164734 0.226490348577499
v 0.956688344478607 1.16688311100006 0.24572366476059
v 0.954580783843994 1.18873298168182 0.232034981250763
v 0.969528675079346 1.14048290252686 0.267208516597748
v 0.968772172927856 1.13834965229034 0.275941610336304
v 0.963891744613647 1.15559327602386 0.280922710895538
v 0.963217914104462 1.15792691707611 0.271404236555099
v 0.94319760799408 1.16047394275665 0.211531728506088
v 0.940608620643616 1.18791663646698 0.153007417917252
v 0.941913425922394 1.17777979373932 0.146982640028
v 0.939342558383942 1.18467211723328 0.165965735912323
v 0.946580588817596 1.23663806915283 0.111365616321564
v 0.948246359825134 1.21765565872192 0.10682874917984
v 0.941859424114227 1.21687626838684 0.123717188835144
v 0.941999554634094 1.23386633396149 0.126273900270462
v 0.972619533538818 1.24039196968079 0.074228823184967
v 0.968462884426117 1.21184182167053 0.0727962255477905
v 0.958271980285645 1.21596312522888 0.0873363614082336
v 0.959126949310303 1.23897075653076 0.0892132818698883
v 0.943784952163696 1.246253490448 0.132279843091965
v 0.947143495082855 1.26271986961365 0.140972077846527
v 0.954404056072235 1.27521181106567 0.130637109279633
v 0.949625015258789 1.25682961940765 0.11771148443222
v 0.967947065830231 1.28847301006317 0.115964829921722
v 0.963243424892426 1.26655054092407 0.0999829173088074
v 0.960684657096863 1.18844366073608 0.248823940753937
v 0.958979666233063 1.2016384601593 0.233882367610931
v 0.961813867092133 1.15987658500671 0.25901734828949
v 0.962326884269714 1.17922866344452 0.262408286333084
v 0.98695981502533 1.29573178291321 0.103664368391037
v 0.980772078037262 1.27081108093262 0.0845630764961243
v 0.969531118869781 1.28905534744263 0.183621853590012
v 0.965610325336456 1.29203057289124 0.164742529392242
v 0.954922258853912 1.2737203836441 0.168015003204346
v 0.959420561790466 1.27338814735413 0.184735506772995
v 0.984090566635132 1.30467414855957 0.181927800178528
v 0.980486750602722 1.30788242816925 0.159863352775574
v 0.979003310203552 1.25776660442352 0.230887323617935
v 0.983681261539459 1.2410101890564 0.242384284734726
v 0.993857622146606 1.25096499919891 0.246716260910034
v 0.990151405334473 1.26936411857605 0.235802888870239
v 0.948169589042664 1.16202771663666 0.124617725610733
v 0.951277434825897 1.15486288070679 0.127362281084061
v 0.948947608470917 1.15903270244598 0.133504629135132
v 0.945923447608948 1.1665313243866 0.133213847875595
v 0.943710803985596 1.17666041851044 0.135099142789841
v 0.94253021478653 1.18872141838074 0.137863785028458
v 0.940693318843842 1.21629357337952 0.139285176992416
v 0.939986944198608 1.23215591907501 0.139901280403137
v 0.944651365280151 1.25368022918701 0.151499658823013
v 0.941392481327057 1.24166870117188 0.144543260335922
v 0.95056688785553 1.26101982593536 0.17511248588562
v 0.953483402729034 1.2608597278595 0.185825496912003
v 0.963910341262817 1.21963393688202 0.232059508562088
v 0.968186378479004 1.20613360404968 0.250468105077744
v 0.977841138839722 1.21883916854858 0.25423401594162
v 0.974661111831665 1.23184871673584 0.237622827291489
v 0.996890783309937 1.23494374752045 0.260146886110306
v 0.987964451313019 1.22742795944214 0.256979882717133
v 0.970837891101837 1.1887731552124 0.281211137771606
v 0.971317410469055 1.18465805053711 0.295076310634613
v 0.978424549102783 1.1978645324707 0.301673620939255
v 0.979195833206177 1.20098721981049 0.286935299634933
v 0.986986517906189 1.20619058609009 0.30837681889534
v 0.997231900691986 1.21084690093994 0.312390863895416
v 0.99757593870163 1.21781265735626 0.29591503739357
v 0.988800704479218 1.21205639839172 0.291927635669708
v 0.988506495952606 1.11693680286407 0.271845400333405
v 0.987886965274811 1.11524164676666 0.278090000152588
v 0.976631879806519 1.12364554405212 0.279821276664734
v 0.978576481342316 1.12551069259644 0.272840172052383
v 0.969723045825958 1.18262434005737 0.308096706867218
v 0.976294159889221 1.19658374786377 0.314609408378601
v 0.968479454517365 1.24518620967865 0.225324064493179
v 0.962194561958313 1.23648703098297 0.219281107187271
v 0.984279274940491 1.20440149307251 0.322120368480682
v 0.988527059555054 1.21752715110779 0.274542599916458
v 0.979038417339325 1.20849609375 0.27164614200592
v 1.00777077674866 1.24146687984467 0.262442529201508
v 1.0061069726944 1.25840544700623 0.249324798583984
v 0.976300776004791 1.1270604133606 0.151537477970123
v 0.975232124328613 1.14004588127136 0.141234487295151
v 0.974717378616333 1.14211940765381 0.137892365455627
v 0.978781938552856 1.14225876331329 0.137115448713303
v 0.979728519916534 1.14007866382599 0.13948866724968
v 0.983795523643494 1.14423620700836 0.0969946980476379
v 0.985052704811096 1.1364494562149 0.112079828977585
v 0.97255402803421 1.14175724983215 0.109974145889282
v 0.971589028835297 1.1509131193161 0.0987161993980408
v 0.948567807674408 1.1367871761322 0.171313613653183
v 0.956132471561432 1.13180840015411 0.162336081266403
v 0.957957804203033 1.1245049238205 0.169212251901627
v 0.952943086624146 1.12655377388 0.178574711084366
v 0.953521013259888 1.15631031990051 0.140118479728699
v 0.951787292957306 1.15740442276001 0.138321727514267
v 0.953859806060791 1.15479075908661 0.137354671955109
v 0.955699861049652 1.12038815021515 0.191033780574799
v 0.950570642948151 1.12873077392578 0.189666837453842
v 0.939699172973633 1.17819654941559 0.179193317890167
v 0.944890439510345 1.16895020008087 0.142518430948257
v 0.993948519229889 1.2376880645752 0.0621866583824158
v 0.987451732158661 1.20541536808014 0.0615300834178925
v 1.00842905044556 1.29746317863464 0.0925090909004211
v 1.00141286849976 1.27045059204102 0.0734083652496338
v 0.998215734958649 1.32076036930084 0.156197965145111
v 1.00294756889343 1.31760919094086 0.180459022521973
v 1.02135932445526 1.3249249458313 0.179159671068192
v 1.02021038532257 1.32547914981842 0.14990308880806
v 1.00512957572937 1.27626180648804 0.23704120516777
v 1.00727081298828 1.21351861953735 0.313825309276581
v 1.00872075557709 1.22209656238556 0.296467006206512
v 0.983081102371216 1.17923510074615 0.0706565380096436
v 0.982921123504639 1.15880882740021 0.0825827419757843
v 0.941969692707062 1.20306992530823 0.139544904232025
v 0.941595852375031 1.1571604013443 0.166903674602509
v 0.945163249969482 1.1553738117218 0.157655537128448
v 0.946429491043091 1.14927899837494 0.159269422292709
v 0.943049013614655 1.14941549301147 0.170590400695801
v 0.940662562847137 1.16147994995117 0.178687065839767
v 0.941211402416229 1.16878139972687 0.19134533405304
v 0.942210018634796 1.17821979522705 0.205006152391434
v 0.945793807506561 1.17975676059723 0.218270659446716
v 0.9518963098526 1.2733119726181 0.152938723564148
v 0.960967838764191 1.2898120880127 0.146573275327682
v 0.974924206733704 1.30351746082306 0.136916160583496
v 0.99359655380249 1.31243014335632 0.128887593746185
v 0.948733389377594 1.26356625556946 0.160098552703857
v 1.01474618911743 1.31519222259521 0.119928449392319
v 0.981949925422668 1.10344231128693 0.171502947807312
v 0.976219356060028 1.10914492607117 0.17430055141449
v 0.983731329441071 1.10515201091766 0.16762563586235
v 0.982245564460754 1.09339010715485 0.193829387426376
v 0.98595929145813 1.09102475643158 0.193304717540741
v 0.985950291156769 1.09169626235962 0.19974821805954
v 0.981457948684692 1.09407198429108 0.200104832649231
v 0.982495367527008 1.10086727142334 0.243487238883972
v 0.974061369895935 1.1084291934967 0.242045998573303
v 0.988466620445251 1.11714220046997 0.264801770448685
v 0.979454576969147 1.12655782699585 0.265410989522934
v 0.983051061630249 1.10516619682312 0.158008277416229
v 0.984564542770386 1.10455441474915 0.157473385334015
v 0.985339045524597 1.10602533817291 0.159395098686218
v 0.983422636985779 1.10679364204407 0.159687072038651
v 0.97230052947998 1.10720372200012 0.190083861351013
v 0.984643459320068 1.09638953208923 0.177176684141159
v 0.987490713596344 1.09504389762878 0.176850259304047
v 0.987598299980164 1.0950653553009 0.180740684270859
v 0.984722495079041 1.09636890888214 0.18111976981163
v 0.963828146457672 1.13687479496002 0.246813416481018
v 0.96861070394516 1.14076673984528 0.25767594575882
v 0.965031683444977 1.16861820220947 0.288008183240891
v 0.964427947998047 1.17325913906097 0.275869429111481
v 0.969782114028931 1.19599938392639 0.266664505004883
v 0.998307049274445 1.22625088691711 0.276604354381561
v 1.00816714763641 1.23077535629272 0.279540538787842
v 1.03105354309082 1.23423910140991 0.276665925979614
v 1.03309488296509 1.24543738365173 0.262569487094879
v 1.02010250091553 1.24541556835175 0.263882100582123
v 1.01991105079651 1.23395705223083 0.27877002954483
v 0.976020336151123 1.11970686912537 0.250593960285187
v 0.984998106956482 1.1110155582428 0.251311242580414
v 0.987090826034546 1.11640977859497 0.257884323596954
v 0.978596329689026 1.12568032741547 0.25787428021431
v 0.987673401832581 1.10145938396454 0.159891784191132
v 0.988654017448425 1.09929549694061 0.159951537847519
v 0.988842904567719 1.10096406936646 0.163140088319778
v 0.98726749420166 1.10299837589264 0.161753326654434
v 0.983069598674774 1.10776555538177 0.162297606468201
v 0.985089778900146 1.10666608810425 0.163010269403458
v 0.984715044498444 1.10610055923462 0.164822697639465
v 0.981472074985504 1.10489904880524 0.158046036958694
v 0.981688320636749 1.10685205459595 0.160407930612564
v 0.984890818595886 1.09985685348511 0.154982447624207
v 0.98263692855835 1.10185837745667 0.156016230583191
v 0.983734667301178 1.09554076194763 0.152828097343445
v 0.986717998981476 1.10343432426453 0.15962541103363
v 0.986518621444702 1.1045264005661 0.161466717720032
v 0.984062612056732 1.10737490653992 0.161141902208328
v 0.985592782497406 1.10659193992615 0.161286979913712
v 0.985183477401733 1.10165965557098 0.155833125114441
v 0.983728051185608 1.10315883159637 0.15669196844101
v 0.986518681049347 1.11132085323334 0.136466920375824
v 0.991669774055481 1.10820198059082 0.133984327316284
v 0.990180969238281 1.10048043727875 0.137800365686417
v 0.988768517971039 1.09286773204803 0.143097072839737
v 0.988965570926666 1.09139227867126 0.151267677545547
v 0.995088219642639 1.11080169677734 0.257646501064301
v 0.99665641784668 1.11150372028351 0.264442324638367
v 0.998686492443085 1.15355730056763 0.0818054676055908
v 0.996872901916504 1.14117741584778 0.0975647568702698
v 0.971971333026886 1.10832142829895 0.191906094551086
v 0.973333537578583 1.14430022239685 0.119584381580353
v 0.951103091239929 1.1422358751297 0.157936275005341
v 0.969922840595245 1.13172113895416 0.152236819267273
v 0.96330463886261 1.13117504119873 0.156613439321518
v 0.964439928531647 1.13712906837463 0.150819420814514
v 0.970228910446167 1.13657283782959 0.147700428962708
v 0.982390165328979 1.14100205898285 0.12151437997818
v 0.989765167236328 1.13272023200989 0.122134029865265
v 0.987810850143433 1.1388384103775 0.126859605312347
v 0.988555014133453 1.13616156578064 0.132992208003998
v 0.989053726196289 1.12778425216675 0.129882007837296
v 0.985725522041321 1.12931525707245 0.138119906187057
v 0.985580384731293 1.13586485385895 0.138371765613556
v 0.955098986625671 1.15291047096252 0.134484797716141
v 0.952996671199799 1.15511012077332 0.133917242288589
v 0.981251358985901 1.13124907016754 0.143867462873459
v 0.976009368896484 1.13202667236328 0.148381978273392
v 0.975865721702576 1.13669204711914 0.145051151514053
v 0.981067359447479 1.13636183738708 0.142204165458679
v 0.957983255386353 1.13856542110443 0.154358446598053
v 0.94840544462204 1.16227984428406 0.139966875314713
v 0.951890766620636 1.15556228160858 0.149278372526169
v 0.956672728061676 1.23181045055389 0.21073317527771
v 0.958065032958984 1.22019708156586 0.218454539775848
v 0.945891618728638 1.20066022872925 0.219887018203735
v 0.947102844715118 1.19556820392609 0.222514718770981
v 0.953788638114929 1.1992951631546 0.22166496515274
v 0.949615061283112 1.20512437820435 0.219810366630554
v 0.94375741481781 1.24105179309845 0.178212881088257
v 0.945431768894196 1.24728322029114 0.172839879989624
v 0.943144917488098 1.24125409126282 0.169084310531616
v 0.943711459636688 1.23897898197174 0.176399767398834
v 0.942800045013428 1.23441827297211 0.170770168304443
v 0.942364037036896 1.23344111442566 0.16696161031723
v 0.942572057247162 1.22877478599548 0.1737439930439
v 0.942934513092041 1.23206639289856 0.174969732761383
v 0.94082897901535 1.23731756210327 0.156585037708282
v 0.939824163913727 1.22708249092102 0.154622375965118
v 0.942214667797089 1.224764585495 0.166561335325241
v 0.941577792167664 1.20182192325592 0.159570753574371
v 0.943253815174103 1.20838761329651 0.174997687339783
v 0.942912459373474 1.21629297733307 0.168786495923996
v 0.941375374794006 1.21538424491882 0.155272334814072
v 0.946244835853577 1.19448745250702 0.215729773044586
v 0.946018218994141 1.19431018829346 0.206888198852539
v 0.956867694854736 1.20812022686005 0.22191047668457
v 1.04611468315125 1.31937551498413 0.171232879161835
v 1.0432243347168 1.32026839256287 0.140450417995453
v 0.971851825714111 1.28205490112305 0.201176434755325
v 0.985917091369629 1.29565215110779 0.201322913169861
v 0.962153673171997 1.26833391189575 0.199768871068954
v 0.956191897392273 1.25633239746094 0.197239518165588
v 1.00309371948242 1.30708980560303 0.200561791658401
v 1.02107453346252 1.31224012374878 0.20145371556282
v 0.94049459695816 1.19399201869965 0.175280332565308
v 0.944705188274384 1.20220625400543 0.184809446334839
v 0.97510427236557 1.27173924446106 0.217756658792496
v 0.987592399120331 1.28419184684753 0.220372259616852
v 0.965375602245331 1.25875210762024 0.213867545127869
v 0.958911120891571 1.24829614162445 0.208442270755768
v 1.00557279586792 1.29333209991455 0.21879655122757
v 1.02234160900116 1.27748799324036 0.236588358879089
v 1.02386057376862 1.29427886009216 0.220278203487396
v 0.94526606798172 1.20654249191284 0.20919930934906
v 0.94576895236969 1.20161390304565 0.208893597126007
v 0.946494460105896 1.19994103908539 0.214929938316345
v 0.943741142749786 1.20319962501526 0.214012414216995
v 0.941340208053589 1.18804275989532 0.18939533829689
v 0.945203065872192 1.19836187362671 0.196185916662216
v 0.987568318843842 1.11882925033569 0.133098185062408
v 0.994682967662811 1.12300741672516 0.125802636146545
v 0.993051946163177 1.11562395095825 0.129897475242615
v 0.995721220970154 1.12941408157349 0.119915246963501
v 1.02309048175812 1.26253402233124 0.067174881696701
v 1.01519191265106 1.23190236091614 0.0568296015262604
v 1.0379626750946 1.31026828289032 0.110549688339233
v 1.03077483177185 1.28987467288971 0.0849102139472961
v 0.988134741783142 1.0869973897934 0.206646889448166
v 0.985315978527069 1.0819787979126 0.219100117683411
v 0.985973119735718 1.10004115104675 0.170147955417633
v 0.988717675209045 1.09860587120056 0.170304238796234
v 0.987957656383514 1.09657287597656 0.173595279455185
v 0.985125720500946 1.0979346036911 0.173579692840576
v 0.98015171289444 1.14430510997772 0.126755356788635
v 1.02139067649841 1.2616982460022 0.249525010585785
v 1.01955699920654 1.22375583648682 0.295671701431274
v 1.0184850692749 1.21455442905426 0.312859177589417
v 0.994755387306213 1.20799744129181 0.327659428119659
v 1.00645077228546 1.20843124389648 0.329675853252411
v 0.98919814825058 1.10008370876312 0.166808634996414
v 0.986845910549164 1.10177731513977 0.166863679885864
v 0.986300885677338 1.10244071483612 0.156996816396713
v 0.980726838111877 1.09879612922668 0.182568192481995
v 0.987058162689209 1.10309100151062 0.164309769868851
v 0.986455500125885 1.10436606407166 0.162631303071976
v 0.990721166133881 1.09957766532898 0.163305282592773
v 0.990716278553009 1.09952211380005 0.166983783245087
v 0.970342576503754 1.14032304286957 0.142916828393936
v 0.970183253288269 1.14226353168488 0.138802826404572
v 0.987096190452576 1.09687530994415 0.156884253025055
v 0.987038969993591 1.09975397586823 0.157070279121399
v 0.990258038043976 1.09517979621887 0.157204210758209
v 0.967670381069183 1.13664650917053 0.28470778465271
v 0.963562905788422 1.15269601345062 0.291624546051025
v 0.989518284797668 1.09449481964111 0.176811754703522
v 0.989621758460999 1.09429264068604 0.180783212184906
v 1.00770449638367 1.19863724708557 0.0564824938774109
v 1.03927862644196 1.27391028404236 0.238474726676941
v 1.0416464805603 1.29072022438049 0.223438650369644
v 0.944146275520325 1.21246886253357 0.184455424547195
v 0.943282961845398 1.21574234962463 0.190402626991272
v 0.942884147167206 1.22098779678345 0.184909701347351
v 0.94343638420105 1.21781730651855 0.178601413965225
v 0.997261047363281 1.11161744594574 0.271508604288101
v 0.964433789253235 1.16774940490723 0.299901902675629
v 1.01833200454712 1.208939909935 0.329049348831177
v 0.953966498374939 1.15603637695312 0.141868054866791
v 0.955102562904358 1.15435075759888 0.142709791660309
v 0.977740049362183 1.14462161064148 0.129712790250778
v 1.04719567298889 1.30747950077057 0.202231198549271
v 0.979668200016022 1.09774303436279 0.190354466438293
v 0.981338202953339 1.09974932670593 0.187010794878006
v 1.03016579151154 1.22420382499695 0.29285141825676
v 0.992723345756531 1.10561573505402 0.251646459102631
v 0.990007996559143 1.0978194475174 0.159992396831512
v 1.03509020805359 1.25887095928192 0.250318676233292
v 0.942733824253082 1.23162055015564 0.18226084113121
v 0.940595328807831 1.22844409942627 0.182527631521225
v 0.941138207912445 1.22710084915161 0.18572324514389
v 0.942827105522156 1.22848534584045 0.185592710971832
v 0.938783884048462 1.22620153427124 0.178048491477966
v 0.938167452812195 1.22675168514252 0.181984305381775
v 0.936867356300354 1.22931337356567 0.179882705211639
v 0.937776327133179 1.22959053516388 0.175839722156525
v 0.942436099052429 1.22353267669678 0.175173699855804
v 0.940383851528168 1.22309029102325 0.181014269590378
v 0.93637228012085 1.23216414451599 0.178841322660446
v 0.936052978038788 1.23219466209412 0.175985425710678
v 0.938859879970551 1.23338210582733 0.174596756696701
v 0.94319760799408 1.23587894439697 0.175501883029938
v 0.934418916702271 1.23602151870728 0.176647782325745
v 0.938339114189148 1.23798191547394 0.1752690076828
v 0.932940721511841 1.24063038825989 0.179155051708221
v 0.93804258108139 1.24267876148224 0.177556782960892
v 0.933101415634155 1.24433064460754 0.184108316898346
v 0.939096629619598 1.24586319923401 0.182965725660324
v 0.945363581180573 1.20448529720306 0.201780706644058
v 0.945692658424377 1.2108051776886 0.204396396875381
v 0.933241784572601 1.24503469467163 0.190166831016541
v 0.94014835357666 1.24547219276428 0.189797818660736
v 0.934085547924042 1.24365282058716 0.197077035903931
v 0.94053852558136 1.24351835250854 0.196430206298828
v 0.93540745973587 1.23977828025818 0.202964425086975
v 0.940317988395691 1.24017786979675 0.20293527841568
v 0.936349391937256 1.23507368564606 0.20898026227951
v 0.941120743751526 1.23462843894958 0.210501343011856
v 0.937249183654785 1.22846627235413 0.214055478572845
v 0.942280948162079 1.22670412063599 0.217365592718124
v 0.93663489818573 1.24016797542572 0.181109637022018
v 0.936301290988922 1.24226212501526 0.185487240552902
v 0.946410953998566 1.24068129062653 0.182245671749115
v 0.936718761920929 1.236079454422 0.17855429649353
v 0.943700015544891 1.23084044456482 0.192825198173523
v 0.946154415607452 1.2323694229126 0.19034069776535
v 0.945703387260437 1.2312798500061 0.19158411026001
v 0.94653844833374 1.2325667142868 0.193867743015289
v 0.944438695907593 1.21260797977448 0.19721046090126
v 0.943936347961426 1.21612620353699 0.199094086885452
v 0.943527042865753 1.21803414821625 0.19384041428566
v 0.945349276065826 1.21461367607117 0.202883839607239
v 0.94653308391571 1.21596693992615 0.201990127563477
v 0.946817338466644 1.21713984012604 0.198517173528671
v 0.947047352790833 1.21932518482208 0.194407552480698
v 0.946493864059448 1.21723031997681 0.203757643699646
v 0.945010662078857 1.21637225151062 0.205337435007095
v 0.94770747423172 1.21802616119385 0.202882707118988
v 0.947816729545593 1.21722936630249 0.20168274641037
v 0.948878943920135 1.21894109249115 0.199777603149414
v 0.948598444461823 1.22252094745636 0.197750627994537
v 0.944862425327301 1.20821142196655 0.192810893058777
v 0.950652182102203 1.22890448570251 0.205237507820129
v 0.952064692974091 1.22087907791138 0.21189296245575
v 0.938840568065643 1.22078549861908 0.216232448816299
v 0.941805005073547 1.21743988990784 0.221624195575714
v 0.941245853900909 1.20483040809631 0.218919485807419
v 0.940706133842468 1.20929563045502 0.223229169845581
v 0.948318600654602 1.24022960662842 0.187551438808441
v 0.948598504066467 1.23878216743469 0.193719059228897
v 0.951737880706787 1.21227431297302 0.216126054525375
v 0.948890864849091 1.23587930202484 0.199963569641113
v 0.938813209533691 1.22893285751343 0.20987793803215
v 0.940750062465668 1.22359895706177 0.211120843887329
v 0.937524259090424 1.23421287536621 0.206554293632507
v 0.943690299987793 1.21398639678955 0.20783719420433
v 0.942434191703796 1.2098982334137 0.212934494018555
v 0.939873695373535 1.21458578109741 0.215465664863586
v 0.942621946334839 1.21857237815857 0.210234880447388
v 0.939621329307556 1.22817623615265 0.206180214881897
v 0.942477285861969 1.22436475753784 0.207187324762344
v 0.942647576332092 1.22861611843109 0.20342606306076
v 0.945284366607666 1.22512578964233 0.204195499420166
v 0.946399450302124 1.22081518173218 0.204624861478806
v 0.944427132606506 1.22008466720581 0.206703901290894
v 0.94917231798172 1.22536754608154 0.201670587062836
v 0.945943057537079 1.22922778129578 0.199770927429199
v 0.948676288127899 1.22083675861359 0.202709048986435
v 0.940398812294006 1.23091995716095 0.200991809368134
v 0.938657701015472 1.23377299308777 0.19784027338028
v 0.940300345420837 1.23212683200836 0.19428426027298
v 0.943032026290894 1.23094439506531 0.197292447090149
v 0.937430441379547 1.23839282989502 0.201678872108459
v 0.936829805374146 1.23577857017517 0.200154840946198
v 0.938127756118774 1.23222470283508 0.203783601522446
v 0.936264336109161 1.23885321617126 0.195476531982422
v 0.937013149261475 1.24152851104736 0.195955097675323
v 0.937691509723663 1.23655903339386 0.194426119327545
v 0.938829898834229 1.2348804473877 0.192594051361084
v 0.93659907579422 1.24008703231812 0.18641322851181
v 0.936457276344299 1.24006462097168 0.190581440925598
v 0.936285257339478 1.24292373657227 0.190212666988373
v 0.937070429325104 1.23755967617035 0.190788567066193
v 0.937655985355377 1.23757350444794 0.187557905912399
v 0.938851892948151 1.23587322235107 0.188705146312714
v 0.938217163085938 1.23641788959503 0.190684139728546
v 0.938574135303497 1.23293995857239 0.179567754268646
v 0.939419448375702 1.23052442073822 0.180411249399185
v 0.938197791576385 1.23575162887573 0.180525332689285
v 0.940127789974213 1.23523616790771 0.179454505443573
v 0.939698219299316 1.23492956161499 0.182465642690659
v 0.941462576389313 1.23409819602966 0.180123835802078
v 0.940587341785431 1.23334765434265 0.184031248092651
v 0.94213879108429 1.23110342025757 0.186359584331512
v 0.984674692153931 1.10634064674377 0.288389533758163
v 0.986308932304382 1.11160349845886 0.28391507267952
v 0.997855961322784 1.10667991638184 0.28288072347641
v 0.997937858104706 1.10198628902435 0.286928415298462
v 0.939585566520691 1.23433268070221 0.186422049999237
v 0.93871009349823 1.23641395568848 0.184805512428284
v 0.937744498252869 1.23849618434906 0.182891070842743
v 0.941520750522614 1.23178458213806 0.190394699573517
v 0.940356373786926 1.23243832588196 0.191498994827271
v 0.939681589603424 1.23379194736481 0.190264850854874
v 0.940849959850311 1.23256921768188 0.188368886709213
v 0.943632304668427 1.22072780132294 0.190493136644363
v 0.945724368095398 1.22279787063599 0.193066388368607
v 0.946284055709839 1.2259087562561 0.196476757526398
v 0.954554498195648 1.12102055549622 0.311257064342499
v 0.944241166114807 1.1387757062912 0.319071471691132
v 0.949918329715729 1.14376068115234 0.314066976308823
v 0.959679663181305 1.12751686573029 0.306913197040558
v 0.943011939525604 1.0987012386322 0.311494290828705
v 0.939774692058563 1.08002460002899 0.31093630194664
v 0.921825766563416 1.09521269798279 0.31856781244278
v 0.925589084625244 1.12200260162354 0.325842082500458
v 0.921043634414673 1.0723249912262 0.315167486667633
v 0.938879787921906 1.060378074646 0.310047447681427
v 0.919497072696686 1.01041626930237 0.310445666313171
v 0.920026659965515 1.02984929084778 0.311833679676056
v 0.936792731285095 1.02249455451965 0.306342363357544
v 0.935853600502014 1.00386035442352 0.305743515491486
v 0.895460724830627 0.937847316265106 0.329767227172852
v 0.90658563375473 0.935496628284454 0.32362300157547
v 0.914141654968262 0.921897411346436 0.331846177577972
v 0.902044415473938 0.923255443572998 0.34027087688446
v 0.862954378128052 1.07598650455475 0.344664514064789
v 0.855632662773132 1.0720489025116 0.353684484958649
v 0.851914703845978 1.09490549564362 0.351786434650421
v 0.860627233982086 1.09810733795166 0.343998551368713
v 0.93281763792038 1.17732906341553 0.35267847776413
v 0.939428448677063 1.17781352996826 0.348466843366623
v 0.935639262199402 1.15422296524048 0.336959421634674
v 0.927964806556702 1.1527795791626 0.34037172794342
v 0.86155503988266 0.978097498416901 0.370077937841415
v 0.86454701423645 0.980163931846619 0.356589376926422
v 0.866666734218597 0.966420650482178 0.356608688831329
v 0.864223003387451 0.963259756565094 0.368708431720734
v 0.8871209025383 0.892236351966858 0.407491564750671
v 0.898723363876343 0.882859528064728 0.392031282186508
v 0.897382020950317 0.864561498165131 0.399537801742554
v 0.885412812232971 0.874187052249908 0.416163265705109
v 0.863865613937378 0.947177112102509 0.460018754005432
v 0.86542546749115 0.930609464645386 0.468446850776672
v 0.870313405990601 0.943725943565369 0.491868227720261
v 0.868626177310944 0.959946155548096 0.483824908733368
v 0.892758965492249 1.02299523353577 0.322674810886383
v 0.892048120498657 1.0445054769516 0.323865950107574
v 0.905105113983154 1.03737664222717 0.317969769239426
v 0.905077636241913 1.01710140705109 0.316130876541138
v 0.697176575660706 1.17356419563293 0.402923762798309
v 0.721381783485413 1.16915953159332 0.395934015512466
v 0.719050049781799 1.15193700790405 0.399557322263718
v 0.694423139095306 1.15674483776093 0.40687507390976
v 0.8617182970047 0.844026386737823 0.498765736818314
v 0.859104096889496 0.827198386192322 0.503104627132416
v 0.861804068088531 0.841443181037903 0.526895225048065
v 0.865603566169739 0.85782653093338 0.520871818065643
v 0.823099315166473 1.17415654659271 0.361657798290253
v 0.827164351940155 1.19611954689026 0.373362064361572
v 0.839985609054565 1.19575560092926 0.36819326877594
v 0.835145354270935 1.17325985431671 0.355281978845596
v 0.862264156341553 1.03471028804779 0.354451924562454
v 0.859327614307404 1.05209171772003 0.353986710309982
v 0.865242660045624 1.05549168586731 0.344410300254822
v 0.867687106132507 1.0360289812088 0.344995975494385
v 0.862974882125854 0.994753241539001 0.472292065620422
v 0.861416578292847 1.01422595977783 0.465720474720001
v 0.857696175575256 1.00421619415283 0.448175460100174
v 0.857857227325439 0.983446180820465 0.452478736639023
v 0.859376668930054 0.964625656604767 0.456309914588928
v 0.865021169185638 0.976629376411438 0.478292405605316
v 0.873933434486389 1.03254055976868 0.337612152099609
v 0.872719168663025 1.05553936958313 0.337148606777191
v 0.881480872631073 1.05049502849579 0.330638229846954
v 0.882457315921783 1.02805912494659 0.330024361610413
v 0.923590838909149 0.911082744598389 0.341927587985992
v 0.909028351306915 0.91282731294632 0.352237164974213
v 0.862879991531372 0.81171840429306 0.480005919933319
v 0.864100217819214 0.828990042209625 0.476064085960388
v 0.872738182544708 0.814226150512695 0.456081122159958
v 0.872203350067139 0.796856582164764 0.459605306386948
v 0.914192080497742 0.892283320426941 0.372959196567535
v 0.9007288813591 0.899052917957306 0.384701997041702
v 0.900068819522858 0.909977972507477 0.373033165931702
v 0.913605272769928 0.904612421989441 0.363425701856613
v 0.885762095451355 0.784150183200836 0.44117659330368
v 0.885743677616119 0.801399827003479 0.438218802213669
v 0.900467872619629 0.79051947593689 0.421410650014877
v 0.900078296661377 0.771502673625946 0.424286097288132
v 0.920608460903168 1.05059659481049 0.313072830438614
v 0.93789529800415 1.04125213623047 0.307798147201538
v 0.87869668006897 0.947276473045349 0.343983173370361
v 0.885920822620392 0.942032516002655 0.336670279502869
v 0.891299486160278 0.927476644515991 0.347772479057312
v 0.882402420043945 0.933756530284882 0.354817628860474
v 0.853060662746429 1.05713820457458 0.382544815540314
v 0.847536444664001 1.07631087303162 0.384342908859253
v 0.843447268009186 1.08870077133179 0.366111993789673
v 0.851064503192902 1.0653178691864 0.366570472717285
v 0.857946336269379 0.824686706066132 0.532745838165283
v 0.856008768081665 0.810845196247101 0.508006572723389
v 0.884903371334076 0.767682373523712 0.446304142475128
v 0.89942741394043 0.754593253135681 0.429473996162415
v 0.837634384632111 1.09620606899261 0.441498994827271
v 0.837878823280334 1.09556460380554 0.430487394332886
v 0.845348596572876 1.08633530139923 0.4325290620327
v 0.844111740589142 1.08891081809998 0.442871540784836
v 0.944651186466217 0.929620027542114 0.316001385450363
v 0.936708152294159 0.915993213653564 0.329364538192749
v 0.923848569393158 0.926562488079071 0.322290450334549
v 0.929501473903656 0.938467085361481 0.313098907470703
v 0.886560022830963 0.924058794975281 0.368904292583466
v 0.896740198135376 0.917588412761688 0.361177086830139
v 0.888519942760468 0.917273342609406 0.382571458816528
v 0.961578130722046 0.922242045402527 0.322665810585022
v 0.952136933803558 0.905140161514282 0.340551346540451
v 0.955719292163849 1.03229355812073 0.303629994392395
v 0.954846143722534 1.01537263393402 0.302169919013977
v 0.956875264644623 1.04937565326691 0.304747879505157
v 0.958542287349701 1.06661260128021 0.303987085819244
v 0.976649522781372 1.05667805671692 0.298586517572403
v 0.975268006324768 1.04040765762329 0.300145179033279
v 0.961022853851318 1.08288609981537 0.302614152431488
v 0.978845715522766 1.0720386505127 0.296064257621765
v 0.968994855880737 1.10484743118286 0.303801089525223
v 0.972033202648163 1.1125522851944 0.300654351711273
v 0.855983257293701 1.04662358760834 0.366734027862549
v 0.858979225158691 1.0306601524353 0.367499113082886
v 0.871309161186218 0.781053423881531 0.464735001325607
v 0.942505836486816 1.16449379920959 0.461668580770493
v 0.926404118537903 1.1677485704422 0.456167697906494
v 0.927649438381195 1.15506494045258 0.466513335704803
v 0.943560600280762 1.15203320980072 0.47343772649765
v 0.916861176490784 1.15702712535858 0.341904997825623
v 0.92531156539917 1.17978179454803 0.355407744646072
v 0.863427042961121 1.11235761642456 0.470345735549927
v 0.862587213516235 1.10427737236023 0.470430642366409
v 0.872757256031036 1.10019826889038 0.474901378154755
v 0.874809086322784 1.10937976837158 0.474013090133667
v 0.838304460048676 1.10304045677185 0.458099365234375
v 0.838099122047424 1.10895264148712 0.462332934141159
v 0.823191583156586 1.11460185050964 0.465047687292099
v 0.822588443756104 1.1090921163559 0.46044260263443
v 0.870907962322235 0.853663742542267 0.547590792179108
v 0.875619947910309 0.870325267314911 0.541601598262787
v 0.90382719039917 1.00296342372894 0.529083549976349
v 0.89664363861084 1.02053678035736 0.518571376800537
v 0.883525133132935 1.00512874126434 0.509567439556122
v 0.889002084732056 0.987398862838745 0.518515884876251
v 1.0249046087265 1.13326930999756 0.46199843287468
v 1.01063418388367 1.14017760753632 0.466050714254379
v 1.00982117652893 1.12889015674591 0.476417750120163
v 1.02492582798004 1.122394323349 0.472072124481201
v 0.977169275283813 1.16329848766327 0.456538587808609
v 0.995101690292358 1.15639317035675 0.457257360219955
v 0.995040118694305 1.16572082042694 0.446582287549973
v 0.976097464561462 1.17321455478668 0.445022732019424
v 0.960067927837372 1.15927922725677 0.466070681810379
v 0.96054744720459 1.14734268188477 0.478163599967957
v 0.870164930820465 1.00791168212891 0.48757016658783
v 0.867124915122986 1.02559971809387 0.479842990636826
v 0.861615180969238 1.05298376083374 0.469626992940903
v 0.858861327171326 1.0633190870285 0.465041995048523
v 0.855816960334778 1.0559253692627 0.45371276140213
v 0.857989192008972 1.04471409320831 0.457396388053894
v 0.946401119232178 1.17969357967377 0.343003392219543
v 0.945626378059387 1.19755733013153 0.361704409122467
v 0.954045116901398 1.19933557510376 0.356245756149292
v 0.992847859859467 1.19384860992432 0.398131787776947
v 0.982896745204926 1.19692265987396 0.393688470125198
v 0.981098651885986 1.19419574737549 0.402349710464478
v 0.993889808654785 1.19083738327026 0.406172931194305
v 1.00133872032166 1.0729957818985 0.52047860622406
v 0.995995938777924 1.05073118209839 0.531795740127563
v 1.01806962490082 1.04908561706543 0.527044117450714
v 1.02106547355652 1.06994998455048 0.516298055648804
v 0.859660685062408 1.07883548736572 0.468418717384338
v 0.864645600318909 1.08552098274231 0.472748160362244
v 0.858385026454926 1.09162867069244 0.467503815889359
v 0.854886770248413 1.08594334125519 0.463757872581482
v 0.868744194507599 1.07909560203552 0.478067934513092
v 0.863378405570984 1.07089912891388 0.472818434238434
v 0.86649626493454 1.06161487102509 0.478269249200821
v 0.872935950756073 1.07081377506256 0.484147727489471
v 0.889371275901794 1.0352668762207 0.507912993431091
v 0.88231885433197 1.05005848407745 0.498358994722366
v 0.874027013778687 1.03796255588531 0.490243703126907
v 0.878497958183289 1.02159547805786 0.499398857355118
v 1.01344275474548 0.974880158901215 0.553719937801361
v 1.01497042179108 1.00008845329285 0.547022044658661
v 0.994734585285187 1.00068879127502 0.551539123058319
v 0.994362533092499 0.97533118724823 0.559585809707642
v 0.826574504375458 1.10459566116333 0.412270307540894
v 0.808280348777771 1.10917520523071 0.414773255586624
v 0.807632684707642 1.11254358291626 0.400747239589691
v 0.823735117912292 1.10826575756073 0.398949384689331
v 0.818398475646973 1.13644766807556 0.473109096288681
v 0.819957137107849 1.1432888507843 0.472761750221252
v 0.809428691864014 1.14826667308807 0.475004374980927
v 0.808226108551025 1.1418936252594 0.475912064313889
v 0.783887565135956 1.10870778560638 0.432596921920776
v 0.759691596031189 1.10935950279236 0.439145475625992
v 0.762361645698547 1.1130450963974 0.423663079738617
v 0.786487817764282 1.11134827136993 0.418456614017487
v 0.925221979618073 1.19809198379517 0.379118859767914
v 0.931572139263153 1.19760966300964 0.373684167861938
v 0.917698204517365 1.18370926380157 0.357664287090302
v 0.804062128067017 1.10574305057526 0.449492126703262
v 0.80446469783783 1.1082010269165 0.458850979804993
v 0.784698128700256 1.11064529418945 0.467110872268677
v 0.782864332199097 1.10729956626892 0.456839859485626
v 0.700547337532043 1.19117307662964 0.40702497959137
v 0.724395275115967 1.18688917160034 0.400584816932678
v 0.73532646894455 1.11057937145233 0.459214270114899
v 0.759047865867615 1.10748720169067 0.452403962612152
v 0.760279655456543 1.10884046554565 0.465219080448151
v 0.73635470867157 1.11427962779999 0.472764790058136
v 0.892933666706085 0.970206737518311 0.527103900909424
v 0.909400641918182 0.98405796289444 0.537797927856445
v 0.903400599956512 0.871011018753052 0.579033076763153
v 0.908738076686859 0.889524757862091 0.571578502655029
v 0.890902101993561 0.881378293037415 0.558819890022278
v 0.885346829891205 0.863828241825104 0.565631866455078
v 0.867007315158844 0.836632132530212 0.555111348628998
v 0.898831069469452 0.851328790187836 0.587096035480499
v 0.881025314331055 0.845408022403717 0.573178827762604
v 0.966381907463074 1.19668388366699 0.338702023029327
v 0.960999011993408 1.19846224784851 0.348221272230148
v 0.9739910364151 1.2044095993042 0.360343873500824
v 0.977491796016693 1.20485019683838 0.347818613052368
v 0.839489996433258 0.727790296077728 0.59527200460434
v 0.830842733383179 0.720229387283325 0.567573010921478
v 0.827433347702026 0.692203164100647 0.576172471046448
v 0.837836861610413 0.698250412940979 0.605254709720612
v 1.00377285480499 1.19928324222565 0.373945087194443
v 1.00492441654205 1.20329082012177 0.358994662761688
v 0.991228759288788 1.20528244972229 0.354582548141479
v 0.988314270973206 1.20233929157257 0.368768453598022
v 0.841433584690094 0.753544926643372 0.586448669433594
v 0.834102094173431 0.743760228157043 0.559707462787628
v 0.959612905979156 1.18065786361694 0.328943371772766
v 0.952950119972229 1.18000853061676 0.336443662643433
v 0.954772293567657 1.16372632980347 0.318626523017883
v 0.94833517074585 1.16158771514893 0.325387477874756
v 0.955769419670105 1.14747560024261 0.308444887399673
v 0.82867568731308 0.708274304866791 0.541328847408295
v 0.823091149330139 0.682550191879272 0.548063814640045
v 0.980685830116272 1.2042076587677 0.334812760353088
v 0.992792189121246 1.20690679550171 0.341218113899231
v 1.00550949573517 1.20628428459167 0.344707876443863
v 1.01861250400543 1.20560395717621 0.344435513019562
v 1.03183674812317 1.20484757423401 0.342869579792023
v 1.0307343006134 1.20977854728699 0.328477680683136
v 0.854224622249603 0.808647394180298 0.537866771221161
v 0.861940503120422 0.819543659687042 0.561913847923279
v 0.891464948654175 0.591866016387939 0.673244953155518
v 0.884868383407593 0.569891810417175 0.660447239875793
v 0.918594002723694 0.567081570625305 0.667004585266113
v 0.920275270938873 0.588889598846436 0.680305242538452
v 0.989365458488464 0.594933152198792 0.67488956451416
v 0.952762365341187 0.588824868202209 0.68054872751236
v 0.953867793083191 0.569802463054657 0.665092766284943
v 0.989039063453674 0.576239824295044 0.657322406768799
v 0.991464734077454 0.734376072883606 0.679510653018951
v 0.990941166877747 0.755744755268097 0.66751629114151
v 0.962145745754242 0.758001327514648 0.669523239135742
v 0.962089955806732 0.736576437950134 0.682069420814514
v 0.876142501831055 0.827974200248718 0.581285536289215
v 0.893464326858521 0.832914888858795 0.595983266830444
v 0.853967905044556 0.795859277248383 0.513118386268616
v 0.803898334503174 0.554315805435181 0.533505141735077
v 0.80224609375 0.521599411964417 0.535225868225098
v 0.806952476501465 0.524340212345123 0.57515960931778
v 0.805758476257324 0.557789921760559 0.576219499111176
v 0.850636541843414 0.521575629711151 0.632416188716888
v 0.884446620941162 0.51918488740921 0.644482254981995
v 0.883912801742554 0.544988036155701 0.651478290557861
v 0.849572718143463 0.550630450248718 0.638194978237152
v 0.914839744567871 0.742385745048523 0.414276778697968
v 0.915148496627808 0.726016759872437 0.421234041452408
v 0.899332344532013 0.739362478256226 0.435712039470673
v 0.970471143722534 0.718080043792725 0.389657914638519
v 0.971655964851379 0.701904535293579 0.397180408239365
v 0.951820373535156 0.707217395305634 0.401540160179138
v 0.949861288070679 0.723901450634003 0.394176721572876
v 0.964984953403473 0.621508598327637 0.435619562864304
v 0.96075427532196 0.641571044921875 0.430569887161255
v 0.976632058620453 0.637931942939758 0.427238076925278
v 0.978143095970154 0.619569659233093 0.4330695271492
v 0.833729803562164 0.696125447750092 0.515011429786682
v 0.840241372585297 0.717196941375732 0.511198222637177
v 0.854106724262238 0.703244090080261 0.489579021930695
v 0.848852396011353 0.684077858924866 0.491325855255127
v 0.956417083740234 0.553928852081299 0.647744297981262
v 0.987137019634247 0.562652945518494 0.636266529560089
v 0.816010534763336 0.553667783737183 0.494547516107559
v 0.811942934989929 0.519569993019104 0.496034204959869
v 0.835786700248718 0.516912639141083 0.466559827327728
v 0.839142501354218 0.550375938415527 0.467461109161377
v 0.870361387729645 0.546006739139557 0.453499495983124
v 0.868095636367798 0.515028715133667 0.452491283416748
v 0.980230152606964 0.551078677177429 0.482549726963043
v 0.977029621601105 0.550019025802612 0.487087309360504
v 0.958828032016754 0.5652876496315 0.466297835111618
v 0.965326845645905 0.570664525032043 0.459568411111832
v 0.991016805171967 0.640009343624115 0.693382620811462
v 0.959406554698944 0.637582123279572 0.698259770870209
v 0.956245362758636 0.612466394901276 0.692020058631897
v 0.990221321582794 0.617636620998383 0.687137603759766
v 0.913385331630707 0.835175275802612 0.606683194637299
v 0.91866672039032 0.854640483856201 0.596584558486938
v 0.938915193080902 0.856575608253479 0.601952910423279
v 0.943115532398224 0.878578662872314 0.592479586601257
v 0.922860026359558 0.875582277774811 0.588135063648224
v 0.949021339416504 1.01049971580505 0.545233428478241
v 0.942209839820862 1.03162372112274 0.537681639194489
v 0.92190158367157 1.01645755767822 0.535653293132782
v 0.927892863750458 0.997982144355774 0.543431639671326
v 0.994585931301117 1.14620733261108 0.468025654554367
v 0.993172287940979 1.1353497505188 0.47884526848793
v 0.922524333000183 0.522811532020569 0.64481246471405
v 0.913938581943512 0.491745322942734 0.639555931091309
v 0.947490453720093 0.494660586118698 0.627566337585449
v 0.963488578796387 0.530931353569031 0.628986656665802
v 0.850282967090607 0.490738958120346 0.627380073070526
v 0.823139190673828 0.5253044962883 0.609328269958496
v 0.825223684310913 0.492650210857391 0.606347739696503
v 0.801658391952515 0.488966792821884 0.533410906791687
v 0.807712495326996 0.491434246301651 0.573351085186005
v 0.834739685058594 0.48343950510025 0.465842425823212
v 0.867230772972107 0.482582181692123 0.453207969665527
v 0.957102835178375 0.50505518913269 0.48594057559967
v 0.955029249191284 0.48005348443985 0.491834878921509
v 0.931088745594025 0.480511009693146 0.47128039598465
v 0.932409942150116 0.507890343666077 0.466762274503708
v 0.925077199935913 0.624553203582764 0.447171002626419
v 0.913897395133972 0.611955881118774 0.453009903430939
v 0.888525187969208 0.63329803943634 0.461033999919891
v 0.893492102622986 0.650660037994385 0.459484666585922
v 0.948985695838928 0.742942333221436 0.387081176042557
v 0.966064393520355 0.736986100673676 0.383302509784698
v 0.915323078632355 0.760496199131012 0.408406943082809
v 0.932021975517273 0.75072568655014 0.39528101682663
v 0.932021617889404 0.731746256351471 0.402007907629013
v 0.94934743642807 0.82226973772049 0.363011717796326
v 0.950151205062866 0.803252041339874 0.368976533412933
v 0.930599987506866 0.809455990791321 0.380047917366028
v 0.929175198078156 0.828358709812164 0.374622046947479
v 0.928337216377258 0.848891317844391 0.369436651468277
v 0.949149012565613 0.843065142631531 0.358273714780807
v 0.95237934589386 0.886361598968506 0.353129267692566
v 0.931178510189056 0.888403594493866 0.361925423145294
v 0.9309441447258 0.902104496955872 0.352872431278229
v 0.974246561527252 1.02372860908508 0.300209045410156
v 0.973137199878693 1.007657289505 0.30047419667244
v 0.827209711074829 0.672150373458862 0.51867949962616
v 0.98553079366684 0.521800100803375 0.598006427288055
v 0.972921967506409 0.491946876049042 0.603199005126953
v 0.98256516456604 0.487488836050034 0.572980999946594
v 0.988346576690674 0.513380706310272 0.566871404647827
v 0.834132552146912 0.73055374622345 0.534676909446716
v 0.86107325553894 0.79574728012085 0.484926462173462
v 0.859685242176056 0.781377494335175 0.490283459424973
v 0.866402149200439 0.936166226863861 0.429743587970734
v 0.868194818496704 0.917746543884277 0.444064497947693
v 0.915162026882172 0.935516119003296 0.319114089012146
v 0.916355192661285 0.94544392824173 0.313783973455429
v 0.821701109409332 0.557459354400635 0.613360524177551
v 0.835259795188904 0.451717555522919 0.466580390930176
v 0.867077887058258 0.45025709271431 0.455878376960754
v 0.868449568748474 0.419552385807037 0.458524525165558
v 0.836889266967773 0.421696543693542 0.468044877052307
v 0.965237081050873 0.453664660453796 0.522450745105743
v 0.957413256168365 0.424905955791473 0.528078198432922
v 0.946185111999512 0.424579679965973 0.503810346126556
v 0.951388657093048 0.452753394842148 0.49817630648613
v 0.94956374168396 0.395283877849579 0.531158804893494
v 0.943723440170288 0.366018056869507 0.534480631351471
v 0.936060965061188 0.364337742328644 0.511469900608063
v 0.940250933170319 0.394397974014282 0.506351351737976
v 0.810494303703308 0.484923720359802 0.49547928571701
v 0.804052710533142 0.426333725452423 0.526628255844116
v 0.802550435066223 0.456749469041824 0.530133903026581
v 0.811921417713165 0.453267216682434 0.494067192077637
v 0.813457608222961 0.423370361328125 0.49320125579834
v 0.881120264530182 0.489906519651413 0.638085246086121
v 0.97401636838913 0.504620432853699 0.508290469646454
v 0.97079598903656 0.481031447649002 0.515618205070496
v 0.959041953086853 0.425297319889069 0.578561007976532
v 0.971364557743073 0.456545561552048 0.576809942722321
v 0.959444880485535 0.458354502916336 0.604776084423065
v 0.946796655654907 0.426669418811798 0.603932559490204
v 0.843633472919464 0.433736443519592 0.614462077617645
v 0.847266495227814 0.462212204933167 0.620171129703522
v 0.824092030525208 0.46294304728508 0.598635971546173
v 0.822344899177551 0.433691203594208 0.59223347902298
v 0.808261513710022 0.460996299982071 0.566487312316895
v 0.808712303638458 0.430924922227859 0.561314344406128
v 0.80732250213623 0.367723524570465 0.520465970039368
v 0.805682301521301 0.396657705307007 0.523882389068604
v 0.816163599491119 0.393649935722351 0.492156147956848
v 0.819537460803986 0.364239633083344 0.491121888160706
v 0.809337973594666 0.372469127178192 0.552858710289001
v 0.809157967567444 0.401341259479523 0.557322800159454
v 0.818991243839264 0.377203047275543 0.580753564834595
v 0.820569813251495 0.405330538749695 0.586293995380402
v 0.836595177650452 0.378807127475739 0.600825786590576
v 0.839929223060608 0.406053841114044 0.607960283756256
v 0.858065366744995 0.378510773181915 0.613476812839508
v 0.86361825466156 0.40468841791153 0.620520651340485
v 0.8897944688797 0.402897119522095 0.623621225357056
v 0.881789565086365 0.376530706882477 0.617213428020477
v 0.904474675655365 0.374137043952942 0.611799597740173
v 0.914378225803375 0.400895297527313 0.616986572742462
v 0.937978029251099 0.368929266929626 0.580331921577454
v 0.947768330574036 0.396346151828766 0.579326391220093
v 0.935224235057831 0.398167788982391 0.601856350898743
v 0.92463207244873 0.371367514133453 0.599452435970306
v 0.901935338973999 0.265704274177551 0.587018132209778
v 0.913122713565826 0.292778074741364 0.586399078369141
v 0.895519912242889 0.297046065330505 0.594886124134064
v 0.885123729705811 0.27052903175354 0.593011915683746
v 0.868971467018127 0.274658143520355 0.598850250244141
v 0.877964377403259 0.300537347793579 0.599051594734192
v 0.86063551902771 0.302711129188538 0.60157436132431
v 0.851897537708282 0.277647018432617 0.601199150085449
v 0.827235758304596 0.302199184894562 0.584537863731384
v 0.819888889789581 0.276594638824463 0.583066701889038
v 0.835098326206207 0.278294324874878 0.59610903263092
v 0.843165516853333 0.30371218919754 0.596971452236176
v 0.810076117515564 0.299745559692383 0.567895770072937
v 0.805009424686432 0.274106502532959 0.565323829650879
v 0.804679930210114 0.294315576553345 0.54262763261795
v 0.803607821464539 0.268670260906219 0.539533376693726
v 0.812231659889221 0.288155615329742 0.513410270214081
v 0.811458468437195 0.263159394264221 0.511711120605469
v 0.926701605319977 0.28052419424057 0.531295597553253
v 0.931215047836304 0.283916473388672 0.551526486873627
v 0.922713696956635 0.257223606109619 0.557664752006531
v 0.92075526714325 0.253668665885925 0.537211835384369
v 0.893749535083771 0.278634190559387 0.493807435035706
v 0.889823734760284 0.252295136451721 0.502837002277374
v 0.871661961078644 0.25457763671875 0.482636213302612
v 0.873038172721863 0.280204772949219 0.474275827407837
v 0.809118211269379 0.340604424476624 0.516853749752045
v 0.809340357780457 0.345665216445923 0.548237502574921
v 0.817573308944702 0.350467443466187 0.575603008270264
v 0.834384858608246 0.352977275848389 0.593528151512146
v 0.929627299308777 0.343476057052612 0.581853628158569
v 0.914509236812592 0.346658885478973 0.597670912742615
v 0.932703971862793 0.33552211523056 0.516560137271881
v 0.939282178878784 0.338093340396881 0.53866183757782
v 0.845652341842651 0.307692170143127 0.468746393918991
v 0.823062777519226 0.309766352176666 0.486758679151535
v 0.8222975730896 0.336504995822906 0.489097118377686
v 0.844954490661621 0.334426522254944 0.470483154058456
v 0.807208955287933 0.319713771343231 0.545795023441315
v 0.814893066883087 0.324831128120422 0.571448743343353
v 0.831706345081329 0.327544093132019 0.587969601154327
v 0.867553889751434 0.327321171760559 0.604855537414551
v 0.848603129386902 0.328650951385498 0.6002157330513
v 0.886245131492615 0.324741780757904 0.602793872356415
v 0.921722829341888 0.318010032176971 0.584899663925171
v 0.905158400535583 0.321916341781616 0.597088098526001
v 0.929384231567383 0.307628691196442 0.523774445056915
v 0.935535848140717 0.310631096363068 0.544702410697937
v 0.845523357391357 0.257167518138885 0.476102113723755
v 0.821998000144958 0.25992739200592 0.48827713727951
v 0.822930932044983 0.284532487392426 0.486820757389069
v 0.845455229282379 0.281144976615906 0.469469010829926
v 0.84468674659729 0.234706461429596 0.486032962799072
v 0.866688013076782 0.23180878162384 0.492279887199402
v 0.842776417732239 0.250343441963196 0.602073073387146
v 0.859541952610016 0.247805178165436 0.600759565830231
v 0.826005578041077 0.251223564147949 0.596261739730835
v 0.800983190536499 0.242106556892395 0.53539377450943
v 0.799980521202087 0.247894048690796 0.563578546047211
v 0.810368418693542 0.236889839172363 0.509264171123505
v 0.824118971824646 0.237072706222534 0.491971254348755
v 0.899735689163208 0.204116642475128 0.562359273433685
v 0.899198532104492 0.201633810997009 0.543911755084991
v 0.910177290439606 0.228921055793762 0.54173755645752
v 0.909524738788605 0.231709420681 0.559700071811676
v 0.883336782455444 0.210730493068695 0.591933369636536
v 0.889485359191895 0.239195585250854 0.584593296051025
v 0.875102877616882 0.243508577346802 0.59317284822464
v 0.869244813919067 0.215536177158356 0.603652477264404
v 0.833002865314484 0.222193956375122 0.608264327049255
v 0.851611614227295 0.219734787940979 0.609301686286926
v 0.815208971500397 0.223960518836975 0.601361632347107
v 0.793999314308167 0.219585657119751 0.561131596565247
v 0.799660801887512 0.223729252815247 0.58580482006073
v 0.810350775718689 0.250768601894379 0.584113121032715
v 0.795872032642365 0.214372992515564 0.530610501766205
v 0.810169100761414 0.176890194416046 0.508594989776611
v 0.789622902870178 0.184362709522247 0.528520226478577
v 0.814877450466156 0.206780195236206 0.507159829139709
v 0.824237406253815 0.0749279856681824 0.515815079212189
v 0.820810616016388 0.0402102470397949 0.51989072561264
v 0.799848794937134 0.0451224446296692 0.5218905210495
v 0.800299942493439 0.0798721313476562 0.517586708068848
v 0.895976901054382 0.173526704311371 0.567493200302124
v 0.893350660800934 0.172655880451202 0.547320902347565
v 0.864018678665161 0.184805333614349 0.612675964832306
v 0.880651831626892 0.179621756076813 0.600822448730469
v 0.777630627155304 0.159271597862244 0.562730193138123
v 0.78288745880127 0.162250876426697 0.589459896087646
v 0.790189921855927 0.194057464599609 0.586663484573364
v 0.784827530384064 0.190332472324371 0.560125052928925
v 0.883002758026123 0.0744529962539673 0.556266725063324
v 0.889064133167267 0.107403457164764 0.553641021251678
v 0.891036748886108 0.108285665512085 0.575619459152222
v 0.884831011295319 0.0749409794807434 0.576658010482788
v 0.861665606498718 0.151801705360413 0.618664383888245
v 0.857895493507385 0.11788135766983 0.621540129184723
v 0.874575674533844 0.113431215286255 0.609838247299194
v 0.87883460521698 0.146640181541443 0.606766045093536
v 0.773614168167114 0.0894848108291626 0.565060079097748
v 0.777412056922913 0.0910934805870056 0.590225279331207
v 0.778602778911591 0.12803703546524 0.591246545314789
v 0.773896336555481 0.125547468662262 0.564406156539917
v 0.805192112922668 0.14645791053772 0.510510146617889
v 0.801262497901917 0.113902270793915 0.514149785041809
v 0.781306505203247 0.120922923088074 0.534688472747803
v 0.784202456474304 0.153495013713837 0.531436324119568
v 0.831305801868439 0.141347706317902 0.508274018764496
v 0.827103435993195 0.109266042709351 0.511496067047119
v 0.862694501876831 0.00426137447357178 0.574079275131226
v 0.8614422082901 0.00143861770629883 0.557267844676971
v 0.872197508811951 0.0385178327560425 0.55699348449707
v 0.873591125011444 0.04050213098526 0.575588405132294
v 0.851415991783142 0.0829014778137207 0.619901657104492
v 0.843920648097992 0.0465662479400635 0.613715052604675
v 0.858928680419922 0.0439748764038086 0.604099929332733
v 0.868501663208008 0.0791727900505066 0.609196245670319
v 0.776511430740356 0.0122315287590027 0.565053641796112
v 0.780899047851562 0.0130401849746704 0.585631787776947
v 0.778642535209656 0.0522725582122803 0.58800208568573
v 0.774888575077057 0.0515655875205994 0.565520524978638
v 0.798666954040527 0.00732940435409546 0.526632606983185
v 0.781477868556976 0.010600745677948 0.542205989360809
v 0.78074836730957 0.0495398044586182 0.539115846157074
v 0.817305207252502 0.00326234102249146 0.524039924144745
v 0.81388396024704 -0.0330855846405029 0.526559412479401
v 0.798017740249634 -0.0297762155532837 0.528665006160736
v 0.85405158996582 -0.0310563445091248 0.572178065776825
v 0.851305544376373 -0.0327522754669189 0.556907176971436
v 0.845455169677734 -0.0282371044158936 0.594597399234772
v 0.850644588470459 0.00752300024032593 0.598772168159485
v 0.837800741195679 0.0102393627166748 0.607920348644257
v 0.833928465843201 -0.0253947377204895 0.603462278842926
v 0.804058253765106 0.0112152099609375 0.608842253684998
v 0.802975177764893 -0.0244483351707458 0.603548586368561
v 0.81866729259491 -0.0241022109985352 0.606822907924652
v 0.821239292621613 0.0115004181861877 0.611539483070374
v 0.783789813518524 -0.0229899287223816 0.582624673843384
v 0.792321681976318 -0.0235618352890015 0.595485389232635
v 0.790691792964935 0.0126284956932068 0.60038036108017
v 0.778344869613647 -0.0233268141746521 0.563879013061523
v 0.782686054706573 -0.0260659456253052 0.542543947696686
v 0.99679708480835 0.544919490814209 0.574294090270996
v 0.991463661193848 0.541031241416931 0.586770176887512
v 0.990880250930786 0.529688596725464 0.55712628364563
v 0.993035912513733 0.537194967269897 0.546187937259674
v 0.925505876541138 0.421763598918915 0.480188995599747
v 0.928410768508911 0.452054619789124 0.475548088550568
v 0.920861065387726 0.361652314662933 0.489652842283249
v 0.922314643859863 0.391107678413391 0.483785837888718
v 0.917874097824097 0.333015143871307 0.496106266975403
v 0.91285103559494 0.277629137039185 0.513182640075684
v 0.914951205253601 0.305222153663635 0.503988325595856
v 0.908053159713745 0.251175880432129 0.519810259342194
v 0.898951053619385 0.225991010665894 0.523841977119446
v 0.888937950134277 0.199463784694672 0.525239109992981
v 0.877997756004333 0.141434371471405 0.530156254768372
v 0.881398141384125 0.171778619289398 0.528141915798187
v 0.891309559345245 0.140487194061279 0.550347208976746
v 0.869508147239685 0.0741367340087891 0.53534060716629
v 0.874875783920288 0.108506321907043 0.532392263412476
v 0.851540923118591 0.000109314918518066 0.541311085224152
v 0.861068248748779 0.0372685194015503 0.538419127464294
v 0.841472983360291 -0.034156858921051 0.542544960975647
v 0.904510498046875 0.56447696685791 0.45358794927597
v 0.906009554862976 0.584036707878113 0.454940140247345
v 0.932654500007629 0.567459344863892 0.458361268043518
v 0.932768046855927 0.552477717399597 0.461044698953629
v 0.993315815925598 0.545544624328613 0.514892995357513
v 0.99194061756134 0.545990467071533 0.519374966621399
v 0.985910952091217 0.546115040779114 0.503996193408966
v 0.988434672355652 0.545933067798615 0.500647366046906
v 0.810723662376404 0.31417590379715 0.51469224691391
v 0.853126108646393 0.353490948677063 0.60594117641449
v 0.894790291786194 0.349779903888702 0.606238126754761
v 0.874253451824188 0.351791083812714 0.610265254974365
v 0.897408485412598 0.303524076938629 0.482943743467331
v 0.873314261436462 0.30537623167038 0.469303965568542
v 0.872762322425842 0.332190632820129 0.466452658176422
v 0.897823810577393 0.331338405609131 0.47742035984993
v 0.83574366569519 0.169228851795197 0.505395114421844
v 0.86097925901413 0.16984885931015 0.51359349489212
v 0.85586142539978 0.140508770942688 0.517171621322632
v 0.839041411876678 0.194608390331268 0.501678109169006
v 0.804793119430542 0.19493556022644 0.606043815612793
v 0.823519647121429 0.193118810653687 0.616048336029053
v 0.839865684509277 0.157201826572418 0.62459009885788
v 0.843890845775604 0.189588129520416 0.617785036563873
v 0.817383408546448 0.161100745201111 0.622263133525848
v 0.898617386817932 0.38835883140564 0.46728503704071
v 0.898577511310577 0.360191881656647 0.471763968467712
v 0.871351778507233 0.360438227653503 0.464562714099884
v 0.870262980461121 0.389645040035248 0.461388885974884
v 0.91386204957962 0.907287180423737 0.563622117042542
v 0.896512448787689 0.898369371891022 0.552105009555817
v 0.869324147701263 0.944672524929047 0.381871163845062
v 0.877335667610168 0.932968974113464 0.376006126403809
v 0.878171563148499 0.926995038986206 0.392763078212738
v 0.868892908096313 0.94059145450592 0.402105420827866
v 0.862157821655273 0.956179440021515 0.405902683734894
v 0.863491415977478 0.958836853504181 0.385087728500366
v 0.858876347541809 0.972863972187042 0.406843423843384
v 0.860182285308838 0.974693179130554 0.386564910411835
v 0.856029987335205 1.05725920200348 0.399407655000687
v 0.852224707603455 1.07273030281067 0.400860518217087
v 0.975161075592041 0.880858838558197 0.34723824262619
v 0.973332345485687 0.86056923866272 0.349121391773224
v 0.95033472776413 0.86470901966095 0.355694025754929
v 0.932978928089142 0.715078890323639 0.409058451652527
v 0.921248972415924 0.655817925930023 0.444908440113068
v 0.942671775817871 0.647210419178009 0.436074256896973
v 0.948359310626984 0.62305212020874 0.440010070800781
v 0.983034193515778 0.565459072589874 0.462183922529221
v 0.994416534900665 0.554323077201843 0.475909411907196
v 0.997585713863373 0.545110046863556 0.497550040483475
v 0.999618172645569 0.543884456157684 0.513390898704529
v 0.974009215831757 0.971763253211975 0.562239706516266
v 0.97365665435791 0.996993601322174 0.553683638572693
v 1.02513086795807 1.14370834827423 0.452603697776794
v 1.01101756095886 1.14972960948944 0.456034719944
v 1.01116740703583 1.16797518730164 0.436505436897278
v 1.02446937561035 1.16188549995422 0.433983266353607
v 1.02415144443512 1.16948962211609 0.424151748418808
v 1.01092839241028 1.17509841918945 0.426225900650024
v 1.01885879039764 1.20217251777649 0.359848111867905
v 1.01902055740356 1.19670176506042 0.375283688306808
v 0.996976494789124 0.548380017280579 0.536828935146332
v 0.997669458389282 0.547899007797241 0.546698212623596
v 0.992148518562317 0.545267224311829 0.525333106517792
v 0.95795464515686 0.525997400283813 0.480526894330978
v 0.957252323627472 0.542228221893311 0.475378811359406
v 0.975068390369415 0.536016523838043 0.495921343564987
v 0.97502738237381 0.522841155529022 0.501550257205963
v 0.806914031505585 0.591483771800995 0.572220683097839
v 0.80700021982193 0.586574554443359 0.530204594135284
v 0.920536994934082 0.546192407608032 0.65462589263916
v 0.684272825717926 1.1309632062912 0.483543992042542
v 0.711206316947937 1.12180876731873 0.47896471619606
v 0.712476372718811 1.13235759735107 0.489850640296936
v 0.685487151145935 1.14189147949219 0.492981046438217
v 0.979039788246155 1.07662630081177 0.523027896881104
v 0.967982172966003 1.05051076412201 0.533824682235718
v 0.941766142845154 1.15848672389984 0.331164240837097
v 0.897046506404877 1.19052863121033 0.359417229890823
v 0.908756077289581 1.18719816207886 0.358731627464294
v 0.897567570209503 1.16853213310242 0.343635559082031
v 0.887630939483643 1.17211186885834 0.343356758356094
v 0.912185072898865 1.18267226219177 0.441989213228226
v 0.924466490745544 1.18017292022705 0.444405317306519
v 0.922818720340729 1.18999314308167 0.428019106388092
v 0.911480188369751 1.19158160686493 0.426100492477417
v 0.963242948055267 0.713067173957825 0.692223489284515
v 0.992270112037659 0.711166024208069 0.688586711883545
v 0.989378988742828 0.904284238815308 0.58270275592804
v 0.992018520832062 0.927260398864746 0.575081765651703
v 0.971947252750397 0.924941301345825 0.577830672264099
v 0.968348860740662 0.902579724788666 0.585716485977173
v 0.946641027927399 1.06535482406616 0.526780903339386
v 0.929424524307251 1.04777932167053 0.528523027896881
v 0.965518414974213 0.941240251064301 0.311271071434021
v 0.948469996452332 0.94705057144165 0.308076083660126
v 0.950198173522949 0.964052140712738 0.304646611213684
v 0.968002915382385 0.959115326404572 0.305992901325226
v 0.752744674682617 1.15268528461456 0.489655554294586
v 0.742583990097046 1.1369115114212 0.490528017282486
v 0.76686954498291 1.12689316272736 0.482627630233765
v 0.774346232414246 1.13689064979553 0.484464526176453
v 0.852628767490387 0.579851269721985 0.646429181098938
v 0.823554992675781 0.596590638160706 0.616719841957092
v 0.881962239742279 0.922015368938446 0.526551961898804
v 0.883226215839386 0.904003143310547 0.531387329101562
v 0.89887273311615 0.916118204593658 0.54722785949707
v 0.897233009338379 0.934699654579163 0.543155670166016
v 0.877230525016785 0.973367094993591 0.503291368484497
v 0.879790902137756 0.956952214241028 0.511404693126678
v 0.873158395290375 0.990612745285034 0.495947152376175
v 0.838566720485687 1.09848046302795 0.451787233352661
v 0.845632910728455 1.09137582778931 0.452639639377594
v 0.848044633865356 1.09549939632416 0.459271997213364
v 0.932843923568726 0.532152950763702 0.464295029640198
v 0.936525106430054 0.588172078132629 0.454040855169296
v 0.945262610912323 0.594782412052155 0.447986990213394
v 0.997290849685669 0.547283232212067 0.529018700122833
v 1.00071954727173 0.545265197753906 0.526529848575592
v 0.96086597442627 1.15021872520447 0.301232278347015
v 0.96073454618454 1.16541481018066 0.310508042573929
v 0.782474637031555 1.10671830177307 0.445204466581345
v 0.805013358592987 1.10544013977051 0.439016997814178
v 0.852961778640747 1.06618821620941 0.450299680233002
v 0.849181890487671 1.07744121551514 0.446916401386261
v 0.84939044713974 1.07428050041199 0.433941930532455
v 0.852989912033081 1.06103301048279 0.435602068901062
v 0.855406284332275 1.07229924201965 0.461053133010864
v 0.851290583610535 1.08152198791504 0.456954300403595
v 0.871349394321442 1.07687091827393 0.337930858135223
v 0.870233178138733 1.09752714633942 0.338369190692902
v 0.880713939666748 1.09512782096863 0.333341956138611
v 0.880746901035309 1.07422375679016 0.331604659557343
v 0.891812562942505 1.06735682487488 0.325819313526154
v 0.892244875431061 1.09057247638702 0.327802777290344
v 0.905543506145477 1.08281016349792 0.321796953678131
v 0.905125200748444 1.05968201160431 0.319832444190979
v 0.938190102577209 1.13208794593811 0.323871582746506
v 0.949157238006592 1.11206495761871 0.312328934669495
v 0.964929163455963 1.09572100639343 0.30296117067337
v 0.981033265590668 1.08382749557495 0.295163869857788
v 1.01969695091248 1.19001650810242 0.389508008956909
v 1.00232243537903 1.19404673576355 0.391033470630646
v 1.00807356834412 1.18753373622894 0.404590040445328
v 1.0217022895813 1.18290328979492 0.40223890542984
v 1.03419816493988 1.17893970012665 0.400428622961044
v 1.03351640701294 1.18593382835388 0.387736350297928
v 0.964191734790802 1.13265371322632 0.301345407962799
v 0.973863065242767 1.11782288551331 0.294094562530518
v 0.984215319156647 1.10071492195129 0.292858213186264
v 0.703566193580627 1.20460391044617 0.419710129499435
v 0.726320385932922 1.20062112808228 0.413894712924957
v 0.971380472183228 1.19548678398132 0.327213644981384
v 0.965092420578003 1.1810644865036 0.319431662559509
v 0.705105662345886 1.21127223968506 0.43738654255867
v 0.728632926940918 1.20750069618225 0.431435525417328
v 0.897730827331543 1.13802027702332 0.335710406303406
v 0.888090193271637 1.14419662952423 0.33736664056778
v 0.907183289527893 1.16282904148102 0.343461692333221
v 0.966474831104279 1.13518965244293 0.294084012508392
v 0.974578738212585 1.12089538574219 0.287213444709778
v 0.810101330280304 0.62493360042572 0.562975525856018
v 0.812675595283508 0.617429256439209 0.524973750114441
v 0.864943861961365 0.860170364379883 0.494541704654694
v 0.865796744823456 0.845717668533325 0.472493439912796
v 0.993496239185333 0.81594181060791 0.353784441947937
v 0.992893934249878 0.797026753425598 0.359589338302612
v 0.971105396747589 0.799083948135376 0.362505674362183
v 0.97106659412384 0.818547368049622 0.356568992137909
v 0.999015808105469 0.877266764640808 0.344324976205826
v 0.997108697891235 0.857203125953674 0.346310287714005
v 0.997690141201019 1.11027920246124 0.27765166759491
v 0.950688302516937 0.764252722263336 0.381318598985672
v 0.951054275035858 0.78442645072937 0.375522643327713
v 0.971475541591644 0.779478669166565 0.36952331662178
v 0.972034752368927 0.757834136486053 0.377162128686905
v 0.979452311992645 0.733587980270386 0.382853001356125
v 0.980575203895569 0.723185420036316 0.385456770658493
v 0.96847927570343 0.604624152183533 0.439476162195206
v 0.978983879089355 0.603509068489075 0.438106864690781
v 0.784341096878052 1.15892505645752 0.378939032554626
v 0.785957753658295 1.17982029914856 0.381318807601929
v 0.800528347492218 1.17726230621338 0.374005556106567
v 0.798892796039581 1.15618968009949 0.373568058013916
v 0.915571212768555 0.780568897724152 0.404531568288803
v 0.932502388954163 0.771828234195709 0.390406310558319
v 0.856862902641296 1.0413556098938 0.38291797041893
v 0.85826963186264 1.04138660430908 0.400832653045654
v 0.976693689823151 0.901000618934631 0.340737134218216
v 0.932284653186798 0.953196942806244 0.307567089796066
v 0.933450818061829 0.969373106956482 0.305661380290985
v 0.917386591434479 0.959741413593292 0.310153961181641
v 0.918049573898315 0.975330412387848 0.308989733457565
v 1.00176811218262 0.548443794250488 0.540471911430359
v 0.999136865139008 0.550549983978271 0.539985597133636
v 0.815491616725922 1.18378496170044 0.462534338235855
v 0.813237905502319 1.17509615421295 0.467057943344116
v 0.82558286190033 1.17135429382324 0.466509282588959
v 0.827732264995575 1.18128824234009 0.462215960025787
v 0.983781218528748 0.507964730262756 0.534707546234131
v 0.98532634973526 0.523743867874146 0.527612805366516
v 0.988043487071991 0.553574740886688 0.611163079738617
v 0.999211251735687 0.552571296691895 0.593637585639954
v 1.00498604774475 0.560658097267151 0.601092040538788
v 1.007248878479 0.565644562244415 0.612628757953644
v 0.900630831718445 0.480794101953506 0.456676483154297
v 0.901463508605957 0.511897563934326 0.454622089862823
v 0.899679362773895 0.449793577194214 0.45995819568634
v 0.899141192436218 0.418860197067261 0.463016927242279
v 0.88168478012085 0.227148294448853 0.508531928062439
v 0.867323458194733 0.199959695339203 0.508225679397583
v 0.851531863212585 0.108188927173615 0.520140647888184
v 0.847120761871338 0.0740018486976624 0.523531913757324
v 0.841438472270966 0.0376130938529968 0.527392864227295
v 0.828606426715851 -0.0347906947135925 0.533150911331177
v 0.835054874420166 0.000168323516845703 0.530570805072784
v 0.703986644744873 1.21106767654419 0.455702513456345
v 0.700428128242493 1.20658802986145 0.472601562738419
v 0.726925373077393 1.20080399513245 0.467931568622589
v 0.730103313922882 1.2065966129303 0.450150847434998
v 0.735975980758667 1.11169636249542 0.444352388381958
v 0.712276220321655 1.11658465862274 0.45026633143425
v 0.71342545747757 1.12053549289703 0.435078918933868
v 0.737661182880402 1.11606645584106 0.429127931594849
v 0.687144756317139 1.12226164340973 0.456335783004761
v 0.711607277393341 1.11654090881348 0.465273439884186
v 0.685302436351776 1.12420654296875 0.470968186855316
v 0.688642680644989 1.15625739097595 0.497437477111816
v 0.715364634990692 1.14636921882629 0.495123744010925
v 0.720300257205963 1.16271960735321 0.494666159152985
v 0.691722631454468 1.171875 0.497649312019348
v 0.696917653083801 1.19771826267242 0.485397219657898
v 0.693962812423706 1.18557488918304 0.493708878755569
v 0.721555590629578 1.1787281036377 0.489866256713867
v 0.723041296005249 1.19176161289215 0.481073588132858
v 0.692641496658325 1.14269709587097 0.415365993976593
v 0.717286705970764 1.13767445087433 0.408530384302139
v 0.715129494667053 1.12753117084503 0.420743465423584
v 0.690603494644165 1.13251042366028 0.426983088254929
v 0.78849458694458 1.1970009803772 0.391810476779938
v 0.80327033996582 1.19658446311951 0.384008944034576
v 0.842884063720703 1.08999669551849 0.38964369893074
v 0.836983680725098 1.10111594200134 0.395190536975861
v 0.829983055591583 1.11109411716461 0.380378663539886
v 0.836422860622406 1.10041868686676 0.374590188264847
v 0.748554170131683 1.1825395822525 0.393845617771149
v 0.749730825424194 1.19784450531006 0.407374441623688
v 0.771303951740265 1.19682228565216 0.399594724178314
v 0.769272863864899 1.18047475814819 0.387459337711334
v 0.741699874401093 1.13237106800079 0.402162581682205
v 0.764811336994171 1.12727069854736 0.395759224891663
v 0.763837873935699 1.1183317899704 0.408501714468002
v 0.739609897136688 1.1229122877121 0.414697378873825
v 0.763114213943481 1.11521244049072 0.475850820541382
v 0.738898515701294 1.12274444103241 0.483855932950974
v 0.80023992061615 1.13578748703003 0.378859221935272
v 0.783998072147369 1.13878333568573 0.382718324661255
v 0.858793079853058 1.02626931667328 0.384577989578247
v 0.855275094509125 1.04942452907562 0.437735170125961
v 0.857000410556793 1.03673672676086 0.440727412700653
v 0.875046253204346 0.941249847412109 0.361103951931
v 0.873004138469696 0.952412545681 0.351188600063324
v 0.856458902359009 0.996004700660706 0.427284598350525
v 0.856919229030609 0.975610315799713 0.42992576956749
v 0.869197010993958 0.956485092639923 0.356966018676758
v 0.868961811065674 0.950651466846466 0.365975230932236
v 0.912110149860382 0.875266194343567 0.378065019845963
v 0.983545899391174 1.09312868118286 0.295245468616486
v 0.766005754470825 1.14197146892548 0.387124359607697
v 0.767117440700531 1.16096174716949 0.383634865283966
v 0.791710138320923 1.12731242179871 0.478062987327576
v 0.787326753139496 1.11831176280975 0.47453173995018
v 0.806057274341583 1.11303019523621 0.466422230005264
v 0.807692885398865 1.1201503276825 0.471149504184723
v 0.913402080535889 1.08718633651733 0.507244408130646
v 0.90249627828598 1.07451808452606 0.506454229354858
v 0.915649175643921 1.06111764907837 0.51795893907547
v 0.928901731967926 1.07627189159393 0.518237709999084
v 0.812754392623901 1.19902384281158 0.450820744037628
v 0.826081693172455 1.19887685775757 0.448266297578812
v 0.822452068328857 1.20595145225525 0.436286240816116
v 0.807389259338379 1.205118060112 0.440745145082474
v 0.816592335700989 1.21000289916992 0.420456677675247
v 0.809257447719574 1.20895004272461 0.40148201584816
v 0.792787313461304 1.20791864395142 0.409110397100449
v 0.800050437450409 1.20890736579895 0.426831543445587
v 0.823198556900024 0.663079977035522 0.585705518722534
v 0.836443305015564 0.6705002784729 0.615347981452942
v 0.884682655334473 0.752716898918152 0.45244824886322
v 0.870559930801392 0.766392827033997 0.470636546611786
v 0.89617645740509 0.671926021575928 0.456679672002792
v 0.975683927536011 0.547990679740906 0.489729285240173
v 0.95698869228363 0.559486865997314 0.468189150094986
v 0.98019939661026 0.483183026313782 0.542885065078735
v 0.816830933094025 0.654435038566589 0.552753090858459
v 0.961823582649231 0.425039410591125 0.552692115306854
v 0.971821546554565 0.454653054475784 0.548601448535919
v 0.924252390861511 0.428938359022141 0.622130274772644
v 0.935707032680511 0.460052609443665 0.625590443611145
v 0.906243205070496 0.460048496723175 0.634587347507477
v 0.898136019706726 0.430521816015244 0.629430294036865
v 0.875413179397583 0.461157947778702 0.632272899150848
v 0.869710624217987 0.432288706302643 0.626649260520935
v 0.843201875686646 0.361781656742096 0.471942901611328
v 0.835792303085327 0.122280716896057 0.626919984817505
v 0.809797883033752 0.0884679555892944 0.620982944965363
v 0.830945909023285 0.0858698487281799 0.624291181564331
v 0.813089072704315 0.126126885414124 0.624031484127045
v 0.797751307487488 0.162974774837494 0.610091924667358
v 0.793134391307831 0.128290832042694 0.611424505710602
v 0.780803799629211 0.0862417817115784 0.536132633686066
v 0.825519204139709 0.0488402843475342 0.617988467216492
v 0.806447505950928 0.0498403310775757 0.614778876304626
v 0.79069310426712 0.0908429026603699 0.609062612056732
v 0.789930045604706 0.0518492460250854 0.604781627655029
v 0.985684990882874 0.534642338752747 0.519567430019379
v 1.00943744182587 0.571020722389221 0.62892085313797
v 0.828021645545959 0.612636148929596 0.492614716291428
v 0.821376085281372 0.584011435508728 0.493817567825317
v 0.908654689788818 0.59930408000946 0.455330193042755
v 0.883168160915375 0.617031335830688 0.459824562072754
v 0.885108828544617 0.818592131137848 0.435009479522705
v 0.899636387825012 0.808366477489471 0.418193429708481
v 0.884482622146606 0.855160713195801 0.423839867115021
v 0.884591400623322 0.836406290531158 0.430658459663391
v 0.873393952846527 0.84933739900589 0.447820216417313
v 0.874374032020569 0.867144584655762 0.441746890544891
v 0.866771459579468 0.894239068031311 0.483902662992477
v 0.866594672203064 0.876816868782043 0.489731192588806
v 0.871958136558533 0.890537679195404 0.511597990989685
v 0.871532261371613 0.908435046672821 0.506314754486084
v 0.880696833133698 0.886957585811615 0.536289870738983
v 0.869490146636963 0.87397837638855 0.516530096530914
v 0.953697502613068 0.942167401313782 0.569285690784454
v 0.953686952590942 0.965255081653595 0.562359571456909
v 0.934254467487335 0.956735253334045 0.559827566146851
v 0.934375643730164 0.934931218624115 0.565577030181885
v 0.956764400005341 0.601386070251465 0.442869424819946
v 0.985774278640747 0.545222640037537 0.508517682552338
v 0.902630209922791 0.540327906608582 0.453319638967514
v 0.874037623405457 0.574516475200653 0.455844163894653
v 0.843886256217957 0.580383121967316 0.468165516853333
v 0.806784808635712 1.10683917999268 0.427416056394577
v 0.880829453468323 1.09596002101898 0.480803579092026
v 0.885393977165222 1.10566914081573 0.479153245687485
v 0.775073766708374 1.20592761039734 0.416609853506088
v 0.78191077709198 1.20647251605988 0.433983236551285
v 0.785521984100342 1.1229841709137 0.390526831150055
v 0.812001407146454 1.17476415634155 0.367528110742569
v 0.822091698646545 1.15007090568542 0.360984891653061
v 0.811158120632172 1.15291213989258 0.367909252643585
v 0.86989551782608 0.669768929481506 0.473972707986832
v 0.863993287086487 0.649280667304993 0.473826795816422
v 0.842276930809021 0.661841511726379 0.491732090711594
v 1.00102710723877 0.551366031169891 0.578538119792938
v 1.00291216373444 0.555879056453705 0.585597515106201
v 0.932786881923676 0.578936398029327 0.456722438335419
v 0.944835901260376 0.367181003093719 0.557906568050385
v 0.952717483043671 0.395524024963379 0.554817974567413
v 0.938470721244812 0.340637266635895 0.561466693878174
v 0.93259859085083 0.314501762390137 0.56620454788208
v 0.925895869731903 0.288096606731415 0.571438431739807
v 0.915643572807312 0.261883974075317 0.575461149215698
v 0.902252614498138 0.235559463500977 0.57476395368576
v 0.893732905387878 0.20712798833847 0.57858008146286
v 0.894024610519409 0.141142010688782 0.57221394777298
v 0.891606628894806 0.175786137580872 0.58585661649704
v 0.889365553855896 0.143416464328766 0.591161012649536
v 0.885612845420837 0.110290348529816 0.594133675098419
v 0.86865758895874 0.042009174823761 0.591189444065094
v 0.879639089107513 0.0768244862556458 0.594441592693329
v 0.858764886856079 0.00650078058242798 0.587583422660828
v 0.851972937583923 -0.0293594002723694 0.585351765155792
v 1.00012278556824 0.550147175788879 0.549939572811127
v 1.00059008598328 0.550979971885681 0.563804686069489
v 0.908882081508636 1.1310807466507 0.332668840885162
v 0.855024099349976 1.05843389034271 0.417785495519638
v 0.851442575454712 1.07219517230988 0.418372005224228
v 0.803581118583679 1.12026870250702 0.386947453022003
v 1.01171922683716 0.583121299743652 0.646340608596802
v 1.01513135433197 0.600169062614441 0.662573218345642
v 0.747702121734619 1.18431568145752 0.476833015680313
v 0.752118289470673 1.19512104988098 0.465003460645676
v 0.787457168102264 1.11491990089417 0.403611689805984
v 0.848503112792969 1.08629477024078 0.404903590679169
v 0.841159105300903 1.09616839885712 0.408151775598526
v 0.634414434432983 1.26527142524719 0.37197944521904
v 0.632217049598694 1.27022194862366 0.354025423526764
v 0.624952435493469 1.2783225774765 0.359086811542511
v 0.626276254653931 1.27315258979797 0.377849370241165
v 0.638030827045441 1.25426554679871 0.366132944822311
v 0.634727716445923 1.25926947593689 0.348958849906921
v 0.595844030380249 1.20954871177673 0.355543822050095
v 0.591689348220825 1.22152483463287 0.338630795478821
v 0.605224132537842 1.22376549243927 0.338558793067932
v 0.609740614891052 1.21293199062347 0.355159670114517
v 0.629338383674622 1.25406551361084 0.328154861927032
v 0.632791757583618 1.24796211719513 0.34479346871376
v 0.626179158687592 1.23769176006317 0.34203565120697
v 0.622419834136963 1.24511933326721 0.325309306383133
v 0.57057797908783 1.22071003913879 0.365023136138916
v 0.573587119579315 1.20717966556549 0.381702244281769
v 0.567364692687988 1.21876060962677 0.389501839876175
v 0.56580924987793 1.232008934021 0.372286230325699
v 0.6198890209198 1.17257821559906 0.41879403591156
v 0.62524688243866 1.16758620738983 0.427310407161713
v 0.614424765110016 1.16117215156555 0.432458281517029
v 0.607564330101013 1.16720223426819 0.422661602497101
v 0.640584707260132 1.25515937805176 0.407163172960281
v 0.637511730194092 1.25997638702393 0.389892995357513
v 0.628193914890289 1.26721751689911 0.396657109260559
v 0.62977397441864 1.26070547103882 0.415506809949875
v 0.641050696372986 1.21509480476379 0.389898777008057
v 0.645085155963898 1.20822429656982 0.405292630195618
v 0.636121988296509 1.19551599025726 0.403977453708649
v 0.631280660629272 1.20256423950195 0.388401448726654
v 0.630684375762939 1.25351095199585 0.433488607406616
v 0.642741560935974 1.24992275238037 0.424597859382629
v 0.630906224250793 1.2299337387085 0.358466684818268
v 0.636151552200317 1.2222683429718 0.37430128455162
v 0.626743316650391 1.21076273918152 0.37292143702507
v 0.621430277824402 1.22012090682983 0.356672465801239
v 0.568965911865234 1.24569523334503 0.331241130828857
v 0.569190442562103 1.23369121551514 0.348213344812393
v 0.565600037574768 1.2444326877594 0.35512113571167
v 0.566445767879486 1.25586080551147 0.337350815534592
v 0.612888097763062 1.23875021934509 0.323344618082047
v 0.616809546947479 1.22963416576385 0.340137362480164
v 0.601277828216553 1.23413515090942 0.321879059076309
v 0.600126028060913 1.28765964508057 0.346644669771194
v 0.599083304405212 1.28111433982849 0.366407603025436
v 0.613184332847595 1.28145921230316 0.363421648740768
v 0.613253116607666 1.28735756874084 0.344343930482864
v 0.606915831565857 1.18712115287781 0.388644427061081
v 0.60119366645813 1.19785964488983 0.372084647417068
v 0.614677906036377 1.20243549346924 0.371680438518524
v 0.620036363601685 1.19277954101562 0.387999564409256
v 0.646118640899658 1.24341893196106 0.399543046951294
v 0.641942143440247 1.248690366745 0.383383989334106
v 0.598132908344269 1.27397990226746 0.386601239442825
v 0.597461938858032 1.26548874378204 0.406861215829849
v 0.614063322544098 1.26841759681702 0.40276888012886
v 0.613489806652069 1.27515506744385 0.382986396551132
v 0.582558751106262 1.24580764770508 0.427092343568802
v 0.582802772521973 1.25750136375427 0.407537668943405
v 0.57264244556427 1.24516034126282 0.4039027094841
v 0.572807788848877 1.23220467567444 0.423120021820068
v 0.599590003490448 1.17545342445374 0.408356606960297
v 0.613651752471924 1.17865824699402 0.405254065990448
v 0.578350365161896 1.19329047203064 0.398882806301117
v 0.584497392177582 1.17936635017395 0.415405482053757
v 0.574757993221283 1.18975019454956 0.425289630889893
v 0.570317268371582 1.20454883575439 0.407370120286942
v 0.655685544013977 1.2175304889679 0.430486679077148
v 0.654273629188538 1.21976673603058 0.421841204166412
v 0.652583301067352 1.23490989208221 0.429808676242828
v 0.653946876525879 1.23185765743256 0.439928531646729
v 0.644127368927002 1.24436271190643 0.4397813975811
v 0.645355820655823 1.23885107040405 0.451650977134705
v 0.641434967517853 1.22528529167175 0.476840198040009
v 0.636608302593231 1.23006820678711 0.472145140171051
v 0.626792907714844 1.22065591812134 0.483224272727966
v 0.633515357971191 1.21571350097656 0.487296372652054
v 0.582311630249023 1.2183837890625 0.467333972454071
v 0.581621050834656 1.23269248008728 0.447294414043427
v 0.573289036750793 1.21755313873291 0.442677587270737
v 0.575158894062042 1.20168542861938 0.463349044322968
v 0.581892728805542 1.17194163799286 0.468847513198853
v 0.575495660305023 1.18683505058289 0.454414844512939
v 0.581552386283875 1.17532253265381 0.442117750644684
v 0.589519619941711 1.16328656673431 0.454104721546173
v 0.638731002807617 1.14096105098724 0.478077113628387
v 0.621362626552582 1.14717364311218 0.477024286985397
v 0.625866413116455 1.14161419868469 0.464026123285294
v 0.640983104705811 1.13629305362701 0.464964747428894
v 0.63816899061203 1.14640879631042 0.438168585300446
v 0.643114387989044 1.15556836128235 0.428826451301575
v 0.653258860111237 1.15142488479614 0.426258563995361
v 0.649811565876007 1.14168214797974 0.436811745166779
v 0.665786743164062 1.21298336982727 0.432840943336487
v 0.661372900009155 1.21399986743927 0.436270356178284
v 0.660845279693604 1.22507727146149 0.450659602880478
v 0.667644023895264 1.22204422950745 0.449783146381378
v 0.585156977176666 1.20541882514954 0.484170824289322
v 0.577905654907227 1.184645652771 0.482436418533325
v 0.629579186439514 1.15121245384216 0.438530802726746
v 0.621606707572937 1.15547680854797 0.437312960624695
v 0.630698561668396 1.16241693496704 0.430480480194092
v 0.636557340621948 1.15932011604309 0.430446803569794
v 0.648409247398376 1.18410742282867 0.42521858215332
v 0.645500004291534 1.18574666976929 0.425635933876038
v 0.65223228931427 1.20039749145508 0.428619027137756
v 0.65393078327179 1.19897127151489 0.428930222988129
v 0.658070921897888 1.21487641334534 0.436852514743805
v 0.656557381153107 1.21659886837006 0.434870362281799
v 0.655089974403381 1.22967207431793 0.445639550685883
v 0.656971335411072 1.22713387012482 0.449210673570633
v 0.592182159423828 1.19830548763275 0.493186950683594
v 0.60035914182663 1.19079220294952 0.497676074504852
v 0.609122216701508 1.20227253437042 0.496314406394958
v 0.602705240249634 1.21047902107239 0.491489291191101
v 0.599838852882385 1.15403211116791 0.460761159658432
v 0.593589246273041 1.16150033473969 0.474110752344131
v 0.641847968101501 1.18748593330383 0.424052238464355
v 0.638512909412384 1.17280697822571 0.426721930503845
v 0.634411931037903 1.17616415023804 0.424319565296173
v 0.64729768037796 1.23465538024902 0.459037661552429
v 0.637649714946747 1.14865505695343 0.488485723733902
v 0.657779216766357 1.14087653160095 0.487272024154663
v 0.659026801586151 1.15159726142883 0.495486795902252
v 0.638725399971008 1.15860533714294 0.496503829956055
v 0.658279657363892 1.13346827030182 0.475721001625061
v 0.660738945007324 1.13018321990967 0.462088376283646
v 0.670008301734924 1.14753758907318 0.421629548072815
v 0.667116403579712 1.13746333122253 0.432592153549194
v 0.67232346534729 1.16153514385223 0.414106070995331
v 0.655908823013306 1.16513073444366 0.419374167919159
v 0.658621788024902 1.18056607246399 0.417239099740982
v 0.67496919631958 1.17698109149933 0.410562127828598
v 0.682220458984375 1.20850396156311 0.426939487457275
v 0.683586895465851 1.21614217758179 0.444176197052002
v 0.664176285266876 1.22177851200104 0.465924888849258
v 0.681048393249512 1.21615076065063 0.461898982524872
v 0.631955981254578 1.14179193973541 0.450274735689163
v 0.620999336242676 1.1469943523407 0.449719697237015
v 0.583146691322327 1.26753532886505 0.387607157230377
v 0.585023760795593 1.27639198303223 0.367366254329681
v 0.574418723583221 1.26675617694855 0.36550572514534
v 0.573154449462891 1.25661432743073 0.384930431842804
v 0.567797005176544 1.25576996803284 0.3612240254879
v 0.569409668445587 1.26622319221497 0.342699468135834
v 0.64138925075531 1.23562383651733 0.377957344055176
v 0.636976420879364 1.24191904067993 0.361327946186066
v 0.632368385791779 1.26428413391113 0.33204197883606
v 0.650041580200195 1.2010645866394 0.425264209508896
v 0.648040771484375 1.20347690582275 0.417754858732224
v 0.625518977642059 1.20558381080627 0.494374066591263
v 0.63554859161377 1.20119380950928 0.496370822191238
v 0.642411231994629 1.21175098419189 0.489439874887466
v 0.599488377571106 1.22012388706207 0.482180535793304
v 0.618716597557068 1.22698092460632 0.47707062959671
v 0.61629182100296 1.23946714401245 0.459141314029694
v 0.598038494586945 1.23226976394653 0.466648697853088
v 0.610362946987152 1.18354904651642 0.499304831027985
v 0.624203205108643 1.17721891403198 0.500478327274323
v 0.629603266716003 1.18980956077576 0.500346422195435
v 0.617459774017334 1.19562840461731 0.498962014913559
v 0.66192901134491 1.19719421863556 0.421462714672089
v 0.656899690628052 1.19802761077881 0.426180094480515
v 0.672369480133057 1.20378077030182 0.489372253417969
v 0.67561674118042 1.21175444126129 0.477763056755066
v 0.659100294113159 1.21676588058472 0.479377895593643
v 0.654771327972412 1.20844495296478 0.489969581365585
v 0.64871609210968 1.22099852561951 0.479000240564346
v 0.669353306293488 1.19209885597229 0.496784597635269
v 0.650201916694641 1.19727742671967 0.497334659099579
v 0.678485333919525 1.19389355182648 0.413691997528076
v 0.641955673694611 1.17108798027039 0.500635385513306
v 0.662778854370117 1.16476142406464 0.499608188867569
v 0.666055977344513 1.1789698600769 0.499890089035034
v 0.645828723907471 1.18456315994263 0.50055718421936
v 0.567305326461792 1.24431562423706 0.379528790712357
v 0.567759037017822 1.23182415962219 0.39763006567955
v 0.60092294216156 1.15877115726471 0.441442459821701
v 0.592476069927216 1.1671701669693 0.430614292621613
v 0.610328793525696 1.15254306793213 0.447644889354706
v 0.581391870975494 1.21226334571838 0.358717918395996
v 0.57843804359436 1.22509932518005 0.342188060283661
v 0.59177303314209 1.1864218711853 0.391845434904099
v 0.586023569107056 1.19933331012726 0.375519722700119
v 0.597285628318787 1.2556961774826 0.426994532346725
v 0.604096710681915 1.16235554218292 0.48619619011879
v 0.591067433357239 1.1700257062912 0.48595267534256
v 0.606487154960632 1.1536979675293 0.475884884595871
v 0.664482712745667 1.13140952587128 0.446431338787079
v 0.64512312412262 1.13670599460602 0.450472205877304
v 0.587017476558685 1.18646109104156 0.492798209190369
v 0.688778758049011 1.12587690353394 0.441221952438354
v 0.633159458637238 1.23625469207764 0.463887155056
v 0.655380845069885 1.22656893730164 0.465576380491257
v 0.650173902511597 1.23039937019348 0.463092148303986
v 0.624482154846191 1.28351378440857 0.340881258249283
v 0.646117091178894 1.2292594909668 0.393797963857651
v 0.63836658000946 1.19026947021484 0.416966259479523
v 0.630060195922852 1.18033301830292 0.417248964309692
v 0.619276583194733 1.15531063079834 0.487406194210052
v 0.620082259178162 1.16488993167877 0.495714634656906
v 0.605381309986115 1.17145049571991 0.494370132684708
v 0.647480010986328 1.16839015483856 0.422965466976166
v 0.651654779911041 1.18273949623108 0.421691805124283
v 0.576740205287933 1.23753726482391 0.325924456119537
v 0.642607271671295 1.17071890830994 0.425615817308426
v 0.63126802444458 1.24491572380066 0.449939042329788
v 1.02447628974915 1.15315449237823 0.443329393863678
v 1.0362069606781 1.13997149467468 0.448613286018372
v 1.0358909368515 1.14905762672424 0.439598232507706
v 0.859785139560699 0.957340896129608 0.43062886595726
v 0.888781309127808 0.907704293727875 0.39714902639389
v 0.877648293972015 0.919126927852631 0.411832511425018
v 0.856978297233582 1.04497265815735 0.419096529483795
v 0.858475685119629 1.03015244007111 0.421456336975098
v 0.840129017829895 1.09424197673798 0.420231640338898
v 0.847572565078735 1.08476448059082 0.419488430023193
v 0.857482135295868 0.991334855556488 0.406175762414932
v 0.948269546031952 1.2502875328064 0.178842008113861
v 0.950978815555573 1.24985575675964 0.185770332813263
v 0.946846902370453 1.25519728660583 0.166728526353836
v 0.981670796871185 0.745358109474182 0.379755914211273
v 0.993034541606903 0.721378445625305 0.385523825883865
v 0.993020057678223 0.711407780647278 0.388950973749161
v 0.943193972110748 1.23052489757538 0.189342349767685
v 0.94611394405365 1.23212826251984 0.196090400218964
v 0.94190526008606 1.23137009143829 0.192529022693634
v 0.942785620689392 1.22930026054382 0.186883449554443
v 0.943178355693817 1.22912883758545 0.187890470027924
v 0.943076372146606 1.24678444862366 0.160552978515625
v 0.953103959560394 1.24622392654419 0.193656146526337
v 0.954463720321655 1.24063491821289 0.201979041099548
v 0.943083584308624 1.23691952228546 0.171364307403564
v 0.97636204957962 0.83336341381073 0.615799903869629
v 0.971730053424835 0.814888656139374 0.628423392772675
v 0.997458219528198 0.813162565231323 0.6261225938797
v 1.00074982643127 0.83138781785965 0.612893640995026
v 1.0242680311203 0.794953107833862 0.634839534759521
v 1.02527272701263 0.812358915805817 0.622122168540955
v 0.99375969171524 0.793984413146973 0.640089690685272
v 0.873496413230896 0.759697556495667 0.634318768978119
v 0.877699971199036 0.781282842159271 0.624377548694611
v 0.859512627124786 0.778874456882477 0.603302180767059
v 0.854860484600067 0.758058249950409 0.612027823925018
v 0.852132797241211 0.789194285869598 0.572744965553284
v 0.846125602722168 0.772673964500427 0.579025030136108
v 0.865578651428223 0.796500325202942 0.595234155654907
v 0.845378756523132 0.77900242805481 0.547356367111206
v 0.839794874191284 0.762297809123993 0.55340850353241
v 0.845537602901459 0.766209900379181 0.523302555084229
v 0.839990735054016 0.749391317367554 0.529015421867371
v 0.845982193946838 0.735504269599915 0.506486058235168
v 0.858883500099182 0.721002399921417 0.485914915800095
v 0.873214662075043 0.688011169433594 0.471905767917633
v 0.877259194850922 0.705978035926819 0.467803061008453
v 0.89730167388916 0.691417336463928 0.452781349420547
v 0.918942451477051 0.678143978118896 0.439916491508484
v 0.93917042016983 0.668255090713501 0.430143713951111
v 0.957931578159332 0.661342024803162 0.423874318599701
v 0.97531920671463 0.656937122344971 0.419757604598999
v 0.991188645362854 0.654433131217957 0.418322324752808
v 0.990400791168213 0.635830044746399 0.426201015710831
v 0.906302392482758 1.10671305656433 0.325761556625366
v 0.957920551300049 1.20269560813904 0.379339873790741
v 0.938726127147675 1.19720888137817 0.367418467998505
v 0.950372338294983 1.20147085189819 0.3861343562603
v 0.940128922462463 1.17694044113159 0.44934293627739
v 0.957848429679871 1.17149126529694 0.454393237829208
v 0.955545723438263 1.18155348300934 0.44072499871254
v 0.93743234872818 1.18757522106171 0.432208627462387
v 0.968869984149933 1.19872224330902 0.393617510795593
v 0.973493337631226 1.19969689846039 0.387992978096008
v 0.964103281497955 1.19706606864929 0.401857733726501
v 0.979136884212494 1.19097340106964 0.411843001842499
v 0.994891881942749 1.18623244762421 0.415804386138916
v 0.904805421829224 1.19919776916504 0.382317662239075
v 0.891410410404205 1.20041227340698 0.3833829164505
v 0.898232579231262 1.19832706451416 0.40601173043251
v 0.909558534622192 1.19864916801453 0.406325280666351
v 0.912298440933228 1.17138981819153 0.453803718090057
v 0.90098249912262 1.17405354976654 0.452035784721375
v 0.899876296520233 1.16180741786957 0.460367113351822
v 0.912462830543518 1.15857243537903 0.462694138288498
v 0.848232865333557 1.2074236869812 0.387609392404556
v 0.834303140640259 1.20850872993469 0.391788899898529
v 0.843230962753296 1.21024334430695 0.411350399255753
v 0.857267260551453 1.20812594890594 0.40789383649826
v 0.902267277240753 1.18390381336212 0.439491182565689
v 0.958575308322906 1.08486640453339 0.520310401916504
v 0.940367221832275 1.09237039089203 0.514455258846283
v 0.924322724342346 1.0998694896698 0.506002426147461
v 0.889326453208923 1.11517548561096 0.477233529090881
v 0.893793225288391 1.10103356838226 0.487319648265839
v 0.89931458234787 1.11175930500031 0.484620422124863
v 0.877519190311432 1.11915266513824 0.472161114215851
v 0.867297053337097 1.12225186824799 0.469409376382828
v 0.833152532577515 1.14708828926086 0.353404194116592
v 0.832289338111877 1.12084472179413 0.359645277261734
v 0.824088156223297 1.12732553482056 0.36822172999382
v 0.842477023601532 1.12558138370514 0.466150641441345
v 0.840835094451904 1.11971879005432 0.465816408395767
v 0.851577758789062 1.11421728134155 0.466303199529648
v 0.852999746799469 1.12028932571411 0.466349720954895
v 0.916721701622009 1.19811987876892 0.381149977445602
v 0.849078714847565 1.20514214038849 0.428819596767426
v 0.851421177387238 1.1968047618866 0.442706167697906
v 0.864781379699707 1.1930855512619 0.439769089221954
v 0.862956047058105 1.20206212997437 0.425794988870621
v 0.85280978679657 1.18696784973145 0.452856481075287
v 0.852478384971619 1.17664837837219 0.459482610225677
v 0.864444494247437 1.17263805866241 0.458092361688614
v 0.865484118461609 1.18362045288086 0.45099538564682
v 0.842538356781006 1.13372898101807 0.466765463352203
v 0.855984210968018 1.12772345542908 0.466678291559219
v 0.815739035606384 1.1962194442749 0.378057777881622
v 0.869272410869598 1.19453907012939 0.361228108406067
v 0.883616089820862 1.19280397891998 0.36012327671051
v 0.87550961971283 1.17310750484467 0.34368908405304
v 0.863050937652588 1.17301642894745 0.345003247261047
v 0.827262580394745 1.10233354568481 0.423980414867401
v 0.82520604133606 1.10256040096283 0.435383349657059
v 0.824390649795532 1.10253739356995 0.445123016834259
v 0.849921345710754 1.10147047042847 0.464389443397522
v 0.822405815124512 1.10477268695831 0.454415827989578
v 0.819205045700073 1.11621499061584 0.384829580783844
v 0.813697457313538 1.13229072093964 0.374938011169434
v 0.869168996810913 1.14625835418701 0.338073372840881
v 0.857731819152832 1.1454564332962 0.341029077768326
v 0.822441518306732 1.20899868011475 0.396019458770752
v 0.830849170684814 1.21036684513092 0.415773868560791
v 0.815616488456726 1.1312038898468 0.472817838191986
v 0.826809346675873 1.12459409236908 0.468630313873291
v 0.829488635063171 1.13015174865723 0.469369769096375
v 0.861063182353973 1.09764349460602 0.469754725694656
v 0.851366519927979 1.10750305652618 0.465909749269485
v 0.877339780330658 1.2029036283493 0.384342789649963
v 0.839313626289368 1.19768011569977 0.44631889462471
v 0.836333632469177 1.20572972297668 0.432990372180939
v 0.877530932426453 1.1797137260437 0.449764907360077
v 0.889340817928314 1.17634570598602 0.450517475605011
v 0.890389442443848 1.18641602993011 0.438678473234177
v 0.877916097640991 1.18940687179565 0.438672572374344
v 0.836923360824585 1.16701591014862 0.466560542583466
v 0.839661717414856 1.1790679693222 0.462094604969025
v 0.888739466667175 1.16375720500946 0.45762911438942
v 0.876782417297363 1.16758966445923 0.45689383149147
v 0.831516861915588 1.13683009147644 0.469112604856491
v 0.879052698612213 1.14726269245148 0.337517946958542
v 0.882527053356171 1.11859381198883 0.333993375301361
v 0.872997760772705 1.12225520610809 0.335828572511673
v 0.863586783409119 1.12117648124695 0.339111804962158
v 0.853187024593353 1.11949908733368 0.344318270683289
v 0.841862618923187 1.11773860454559 0.351808428764343
v 0.893513083457947 1.11315035820007 0.330640465021133
v 0.594639718532562 1.1786630153656 0.494653582572937
v 0.811228275299072 1.12641561031342 0.473045200109482
v 0.803870618343353 1.13787710666656 0.476841062307358
v 0.797890365123749 1.13356924057007 0.478054374456406
v 0.747876644134521 1.17125165462494 0.485393345355988
v 0.9888636469841 1.0898106098175 0.193072021007538
v 0.98931223154068 1.09018039703369 0.199282735586166
v 0.990330517292023 1.09802484512329 0.170606970787048
v 0.989903509616852 1.0960578918457 0.173689544200897
v 0.618245720863342 1.21156585216522 0.491175711154938
v 0.612644135951996 1.21669125556946 0.487520217895508
v 0.597234904766083 1.24447214603424 0.447120696306229
v 0.615235865116119 1.25075960159302 0.441105931997299
v 0.614531993865967 1.26013398170471 0.421989113092422
v 0.649919271469116 1.2390398979187 0.415324985980988
v 0.650570273399353 1.22368693351746 0.408777058124542
v 0.625307440757751 1.18564081192017 0.403831720352173
v 0.571644723415375 1.20315837860107 0.435058295726776
v 0.63008838891983 1.284175157547 0.301313579082489
v 0.629786431789398 1.28872966766357 0.283801436424255
v 0.625819206237793 1.29818844795227 0.287611782550812
v 0.624764561653137 1.29330408573151 0.305095076560974
v 0.630080699920654 1.29321646690369 0.267756819725037
v 0.62774121761322 1.27963030338287 0.280058085918427
v 0.626937866210938 1.28437554836273 0.263992100954056
v 0.621843636035919 1.27210569381714 0.277161717414856
v 0.62061733007431 1.27825689315796 0.260731309652328
v 0.612078487873077 1.2738219499588 0.258127152919769
v 0.613460540771484 1.26681673526764 0.274608910083771
v 0.604340314865112 1.26472353935242 0.273165673017502
v 0.602941870689392 1.2732048034668 0.257001578807831
v 0.596162438392639 1.25469183921814 0.289443582296371
v 0.585530996322632 1.25595283508301 0.290115624666214
v 0.585602283477783 1.26777064800262 0.273725986480713
v 0.59484475851059 1.26535034179688 0.272853940725327
v 0.574371159076691 1.28907215595245 0.263529062271118
v 0.572314023971558 1.27901220321655 0.280153155326843
v 0.572489142417908 1.28701639175415 0.284562736749649
v 0.57443380355835 1.29595863819122 0.267596781253815
v 0.581185579299927 1.2931923866272 0.30900713801384
v 0.583150625228882 1.30222868919373 0.29135000705719
v 0.576607346534729 1.29539620876312 0.287943840026855
v 0.574028730392456 1.28545153141022 0.306369572877884
v 0.584432125091553 1.31089222431183 0.275861024856567
v 0.593080282211304 1.30617606639862 0.291804492473602
v 0.594735324382782 1.3135381937027 0.277307540178299
v 0.630852460861206 1.26927483081818 0.314757406711578
v 0.630375027656555 1.27966964244843 0.319106757640839
v 0.630839705467224 1.274778008461 0.336548447608948
v 0.616347074508667 1.25939726829529 0.291725486516953
v 0.624254941940308 1.26577067375183 0.294212430715561
v 0.626656532287598 1.25982546806335 0.311355948448181
v 0.61923360824585 1.25228095054626 0.308764666318893
v 0.588307738304138 1.23316550254822 0.322796076536179
v 0.586423337459564 1.24483668804169 0.30635929107666
v 0.598319530487061 1.24448597431183 0.305937081575394
v 0.606751203536987 1.25590515136719 0.290143638849258
v 0.609528124332428 1.24739396572113 0.306928217411041
v 0.576343894004822 1.2607958316803 0.29275968670845
v 0.577186167240143 1.27232575416565 0.276311218738556
v 0.614796280860901 1.29855155944824 0.307447582483292
v 0.616125464439392 1.30400824546814 0.290115594863892
v 0.604549646377563 1.30608892440796 0.291193544864655
v 0.603214502334595 1.30003607273102 0.30871307849884
v 0.576190590858459 1.24938666820526 0.309277772903442
v 0.613945364952087 1.29299414157867 0.325616359710693
v 0.601673603057861 1.29391670227051 0.327289313077927
v 0.591427087783813 1.29881739616394 0.309390336275101
v 0.589271664619446 1.29157018661499 0.327971190214157
v 0.617577850818634 1.30973982810974 0.275206118822098
v 0.626876294612885 1.30310595035553 0.272033303976059
v 0.624444007873535 1.28858351707458 0.322993874549866
v 0.570567190647125 1.26835906505585 0.297014951705933
v 0.56956946849823 1.25717806816101 0.314099580049515
v 0.56795859336853 1.2667031288147 0.319586545228958
v 0.569837868213654 1.27687406539917 0.302255630493164
v 0.576538443565369 1.27591586112976 0.346507459878922
v 0.578769683837891 1.28442275524139 0.32720884680748
v 0.571601629257202 1.27568280696869 0.324430555105209
v 0.577951669692993 1.30420970916748 0.271459996700287
v 0.587121725082397 1.28404581546783 0.347432643175125
v 0.62183541059494 1.32187080383301 0.192389398813248
v 0.631049871444702 1.32053351402283 0.187609732151031
v 0.629580974578857 1.31139743328094 0.192255139350891
v 0.619841814041138 1.31322419643402 0.19782742857933
v 0.628394722938538 1.28973197937012 0.202187061309814
v 0.639758348464966 1.29224467277527 0.196421951055527
v 0.64522647857666 1.28792476654053 0.204138815402985
v 0.634377002716064 1.2842001914978 0.210797756910324
v 0.640334606170654 1.32054400444031 0.186012268066406
v 0.638520479202271 1.31103873252869 0.189277052879333
v 0.647518694400787 1.32091951370239 0.189711213111877
v 0.642645061016083 1.32896244525909 0.182919681072235
v 0.648084759712219 1.33186864852905 0.187716752290726
v 0.648932933807373 1.33970284461975 0.183976680040359
v 0.647868812084198 1.34594988822937 0.191105306148529
v 0.647999286651611 1.33622264862061 0.198871672153473
v 0.628399610519409 1.3486659526825 0.211172193288803
v 0.631144285202026 1.35676038265228 0.199409455060959
v 0.621068477630615 1.3594514131546 0.201913923025131
v 0.618698835372925 1.3511073589325 0.21358597278595
v 0.601260483264923 1.35743808746338 0.20547291636467
v 0.600748360157013 1.34952986240387 0.216795384883881
v 0.609787583351135 1.35056376457214 0.215054959058762
v 0.611422419548035 1.35896527767181 0.202783077955246
v 0.608143746852875 1.32540321350098 0.199199557304382
v 0.613753139972687 1.32385981082916 0.197251737117767
v 0.61095118522644 1.31621384620667 0.203169882297516
v 0.604844510555267 1.31786870956421 0.205712080001831
v 0.658231496810913 1.31781566143036 0.194354325532913
v 0.655604243278503 1.31692135334015 0.190873444080353
v 0.651183605194092 1.32448244094849 0.195090621709824
v 0.652352333068848 1.32278001308441 0.202032089233398
v 0.585515856742859 1.29992365837097 0.219962477684021
v 0.592339992523193 1.29688799381256 0.22025990486145
v 0.593140542507172 1.29029476642609 0.229292154312134
v 0.585056304931641 1.29299426078796 0.2300865650177
v 0.617362082004547 1.28181636333466 0.223503589630127
v 0.627287149429321 1.28476631641388 0.233652263879776
v 0.622208297252655 1.28402996063232 0.238730132579803
v 0.610799372196198 1.28373754024506 0.229259967803955
v 0.624924004077911 1.28204810619354 0.217452019453049
v 0.641330778598785 1.2879524230957 0.220004081726074
v 0.633562445640564 1.28559815883636 0.227409571409225
v 0.650885462760925 1.29127776622772 0.211646735668182
v 0.576401114463806 1.29773116111755 0.233585566282272
v 0.574510037899017 1.30350589752197 0.226184844970703
v 0.655946910381317 1.367755651474 0.143979370594025
v 0.654593825340271 1.36406481266022 0.148120254278183
v 0.649580657482147 1.36575937271118 0.146465688943863
v 0.651123702526093 1.36977958679199 0.142502844333649
v 0.573839485645294 1.31840181350708 0.239569127559662
v 0.574007213115692 1.3124406337738 0.243448972702026
v 0.578845739364624 1.31923234462738 0.247759163379669
v 0.580334722995758 1.32438707351685 0.243433475494385
v 0.573634028434753 1.32614862918854 0.233423709869385
v 0.582006573677063 1.33115124702454 0.237144500017166
v 0.662153124809265 1.3769416809082 0.151717662811279
v 0.660102128982544 1.37378299236298 0.156536936759949
v 0.660484254360199 1.36924374103546 0.154179990291595
v 0.662288188934326 1.37243473529816 0.149265557527542
v 0.624871909618378 1.32860636711121 0.186111152172089
v 0.633679747581482 1.32761442661285 0.18239438533783
v 0.635645508766174 1.34136545658112 0.169208645820618
v 0.641408979892731 1.33949089050293 0.171523004770279
v 0.637578725814819 1.33358383178711 0.176783710718155
v 0.628277182579041 1.33531403541565 0.177680671215057
v 0.609614729881287 1.33932995796204 0.185058265924454
v 0.616679430007935 1.33909749984741 0.181121647357941
v 0.614464938640594 1.33248853683472 0.189783871173859
v 0.607129991054535 1.33301401138306 0.193235099315643
v 0.595489919185638 1.3334846496582 0.19439697265625
v 0.589517116546631 1.33438086509705 0.193406939506531
v 0.590930819511414 1.34052062034607 0.18685257434845
v 0.597598433494568 1.3402111530304 0.18692809343338
v 0.607503056526184 1.35286962985992 0.172540426254272
v 0.602369546890259 1.35390937328339 0.173603713512421
v 0.605474293231964 1.36177551746368 0.168775320053101
v 0.610059499740601 1.36117434501648 0.167532920837402
v 0.574199318885803 1.30829548835754 0.247433364391327
v 0.577978730201721 1.31498205661774 0.252658486366272
v 0.581820845603943 1.35325217247009 0.20864063501358
v 0.58069258928299 1.35977339744568 0.200797915458679
v 0.571696639060974 1.35463190078735 0.199040353298187
v 0.572722792625427 1.34773778915405 0.207548290491104
v 0.58963543176651 1.32851624488831 0.2447569668293
v 0.587821424007416 1.32421731948853 0.250017046928406
v 0.6589515209198 1.38150310516357 0.152379363775253
v 0.657018780708313 1.37848126888275 0.157426387071609
v 0.654017806053162 1.30030918121338 0.216725289821625
v 0.643838167190552 1.29809331893921 0.226026594638824
v 0.635797679424286 1.29615950584412 0.233739852905273
v 0.631004929542542 1.29463577270508 0.239434391260147
v 0.62924188375473 1.29248440265656 0.244699418544769
v 0.625144362449646 1.34084701538086 0.173948913812637
v 0.617266654968262 1.32846426963806 0.19164764881134
v 0.603851437568665 1.32587671279907 0.200542539358139
v 0.575009346008301 1.32830584049225 0.200232028961182
v 0.58251279592514 1.327969789505 0.198587715625763
v 0.582765817642212 1.32144021987915 0.203328132629395
v 0.573244392871857 1.32308304309845 0.206515103578568
v 0.568543612957001 1.34189009666443 0.202330410480499
v 0.568521857261658 1.34849631786346 0.194287121295929
v 0.571937561035156 1.34394896030426 0.189867973327637
v 0.571154832839966 1.33760929107666 0.196642577648163
v 0.662214398384094 1.31704187393188 0.198327124118805
v 0.655307173728943 1.31830978393555 0.207298636436462
v 0.571419417858124 1.31147336959839 0.233081668615341
v 0.572998344898224 1.30569541454315 0.238062113523483
v 0.574299693107605 1.30042040348053 0.24346536397934
v 0.597680926322937 1.30703186988831 0.212905526161194
v 0.601816296577454 1.30643951892853 0.211546033620834
v 0.601638436317444 1.29241108894348 0.218102097511292
v 0.596516728401184 1.29483544826508 0.220146536827087
v 0.617081761360168 1.30169653892517 0.201729983091354
v 0.627627968788147 1.30065846443176 0.195823937654495
v 0.617273509502411 1.28927516937256 0.208358734846115
v 0.600168645381927 1.28707528114319 0.229195177555084
v 0.602318167686462 1.28374040126801 0.236991167068481
v 0.594098091125488 1.28682780265808 0.237172245979309
v 0.585548996925354 1.29009747505188 0.237783670425415
v 0.577969610691071 1.29463756084442 0.239828407764435
v 0.602594614028931 1.27981972694397 0.245132029056549
v 0.594092547893524 1.28248751163483 0.245147168636322
v 0.585576415061951 1.28632724285126 0.245982706546783
v 0.578720569610596 1.29102993011475 0.247830748558044
v 0.585515141487122 1.31655251979828 0.26432740688324
v 0.586367785930634 1.32039391994476 0.256267786026001
v 0.577622175216675 1.31035792827606 0.260012567043304
v 0.621350586414337 1.28245425224304 0.247897148132324
v 0.611874997615814 1.27992010116577 0.245499193668365
v 0.612065374851227 1.2829076051712 0.237298369407654
v 0.627692222595215 1.28898334503174 0.251848459243774
v 0.648655831813812 1.29482889175415 0.192965507507324
v 0.646121382713318 1.3026567697525 0.190095335245132
v 0.652679085731506 1.30374252796173 0.186735332012177
v 0.655610680580139 1.29742956161499 0.188750177621841
v 0.644956231117249 1.33558356761932 0.179350048303604
v 0.646937966346741 1.34150958061218 0.174847841262817
v 0.650234937667847 1.34596300125122 0.179075062274933
v 0.572931051254272 1.31075358390808 0.219260662794113
v 0.58281409740448 1.30795359611511 0.214106053113937
v 0.631470263004303 1.34554100036621 0.167844593524933
v 0.657658398151398 1.36983394622803 0.161872386932373
v 0.653930187225342 1.3624130487442 0.170969098806381
v 0.654110014438629 1.35692071914673 0.167823851108551
v 0.658275485038757 1.36509025096893 0.159175902605057
v 0.632536888122559 1.35582029819489 0.164563149213791
v 0.636641383171082 1.36158514022827 0.160583138465881
v 0.638645768165588 1.35584616661072 0.159652084112167
v 0.635470151901245 1.35045838356018 0.164439290761948
v 0.595820665359497 1.35430014133453 0.174587547779083
v 0.598245799541473 1.36068999767303 0.170543909072876
v 0.632762610912323 1.36211514472961 0.185971230268478
v 0.641041100025177 1.35279059410095 0.197158217430115
v 0.642898619174957 1.35859322547913 0.187628418207169
v 0.603320956230164 1.33983933925629 0.186561733484268
v 0.599749386310577 1.34679412841797 0.179602950811386
v 0.605103135108948 1.34599089622498 0.178890854120255
v 0.624037086963654 1.34461724758148 0.171864539384842
v 0.618762135505676 1.34418797492981 0.175019800662994
v 0.622172594070435 1.34958684444427 0.169953763484955
v 0.627892792224884 1.34882712364197 0.168091356754303
v 0.56792014837265 1.33258652687073 0.21052485704422
v 0.573459625244141 1.34069108963013 0.216997385025024
v 0.658429503440857 1.36564564704895 0.151033163070679
v 0.659923791885376 1.36909532546997 0.146567791700363
v 0.574564695358276 1.30306243896484 0.254808157682419
v 0.574938595294952 1.29656636714935 0.250622868537903
v 0.601367652416229 1.33318185806274 0.194478690624237
v 0.638335466384888 1.34426558017731 0.206912189722061
v 0.59903085231781 1.32571697235107 0.201353281736374
v 0.59410035610199 1.36650729179382 0.187278121709824
v 0.595576763153076 1.37181401252747 0.181740641593933
v 0.592210531234741 1.3680727481842 0.177625507116318
v 0.589132070541382 1.36345601081848 0.182914704084396
v 0.641675233840942 1.37011122703552 0.153688192367554
v 0.644595265388489 1.37541174888611 0.149360299110413
v 0.645916819572449 1.37027096748352 0.147001564502716
v 0.643290221691132 1.36455225944519 0.151523321866989
v 0.63914155960083 1.34666800498962 0.165466964244843
v 0.64239776134491 1.35193932056427 0.159969747066498
v 0.647225379943848 1.35063457489014 0.161792486906052
v 0.644062280654907 1.34483754634857 0.167458206415176
v 0.648677587509155 1.34678566455841 0.170478582382202
v 0.651477694511414 1.35287439823151 0.164745002985001
v 0.643478870391846 1.37536764144897 0.157498985528946
v 0.638768434524536 1.36749303340912 0.164518892765045
v 0.643791019916534 1.36957144737244 0.169979006052017
v 0.648741841316223 1.37695932388306 0.1616430580616
v 0.600342452526093 1.34184980392456 0.227919101715088
v 0.59118926525116 1.34830796718597 0.217878073453903
v 0.591287612915039 1.34081888198853 0.228572815656662
v 0.60187029838562 1.36466479301453 0.195204108953476
v 0.590879619121552 1.36106169223785 0.195515096187592
v 0.591104865074158 1.35569858551025 0.207093417644501
v 0.582733154296875 1.34598457813263 0.218376815319061
v 0.629940271377563 1.36256015300751 0.172151565551758
v 0.630245208740234 1.36605381965637 0.177184730768204
v 0.637613594532013 1.36366176605225 0.176069110631943
v 0.591964364051819 1.32536244392395 0.201317876577377
v 0.656014621257782 1.36087727546692 0.156220734119415
v 0.629039347171783 1.31442713737488 0.246845155954361
v 0.630628943443298 1.31785845756531 0.240172892808914
v 0.620922327041626 1.32773971557617 0.242874473333359
v 0.620649397373199 1.32247686386108 0.249919250607491
v 0.647118926048279 1.36012816429138 0.151426196098328
v 0.652037024497986 1.35873508453369 0.152930438518524
v 0.589895963668823 1.35645270347595 0.175361663103104
v 0.586916208267212 1.36098647117615 0.175708889961243
v 0.590258002281189 1.36504912376404 0.17330265045166
v 0.593199908733368 1.36209940910339 0.171998977661133
v 0.582920968532562 1.33879506587982 0.228542566299438
v 0.579322814941406 1.36413478851318 0.195237129926682
v 0.570917785167694 1.35983967781067 0.191994071006775
v 0.590915679931641 1.33423471450806 0.237853050231934
v 0.600181460380554 1.33032429218292 0.244867652654648
v 0.600215792655945 1.33521676063538 0.237641960382462
v 0.613370776176453 1.36614751815796 0.189190119504929
v 0.608554124832153 1.34269750118256 0.226492643356323
v 0.608227968215942 1.33544027805328 0.236999750137329
v 0.609438717365265 1.32986187934875 0.245231002569199
v 0.609690546989441 1.32584643363953 0.25139981508255
v 0.599236190319061 1.32595348358154 0.250887513160706
v 0.654341101646423 1.37435793876648 0.163152933120728
v 0.651532709598541 1.38105082511902 0.156295359134674
v 0.59683096408844 1.31840455532074 0.266043871641159
v 0.598138630390167 1.32205700874329 0.257596135139465
v 0.608038902282715 1.31775462627411 0.265839397907257
v 0.609029948711395 1.32190954685211 0.258047103881836
v 0.625157475471497 1.33311676979065 0.233091592788696
v 0.61687833070755 1.33559226989746 0.235340893268585
v 0.626280546188354 1.34098482131958 0.222336262464523
v 0.617004632949829 1.34308791160583 0.225114464759827
v 0.62353777885437 1.36624944210052 0.190838009119034
v 0.652874708175659 1.38836741447449 0.142200767993927
v 0.650160193443298 1.38556611537933 0.139474838972092
v 0.646954298019409 1.37990808486938 0.145137250423431
v 0.649685978889465 1.38354527950287 0.148173987865448
v 0.646770179271698 1.3797105550766 0.152801305055618
v 0.654022514820099 1.38435685634613 0.151293009519577
v 0.636150538921356 1.33555865287781 0.217680901288986
v 0.625835776329041 1.35605382919312 0.166176348924637
v 0.635399699211121 1.32356142997742 0.228251338005066
v 0.647414207458496 1.32127821445465 0.217210173606873
v 0.646858334541321 1.3301590681076 0.210375517606735
v 0.642950654029846 1.30982184410095 0.229374289512634
v 0.636262118816376 1.30730938911438 0.238055646419525
v 0.631173372268677 1.30178260803223 0.248779237270355
v 0.632323503494263 1.30453205108643 0.243912667036057
v 0.63074404001236 1.29802417755127 0.255812376737595
v 0.652159571647644 1.31082117557526 0.219301342964172
v 0.652553796768188 1.37521624565125 0.137128800153732
v 0.657323658466339 1.37267994880676 0.138057738542557
v 0.62853080034256 1.31138360500336 0.252373158931732
v 0.62793630361557 1.30756068229675 0.260402500629425
v 0.637761354446411 1.30148994922638 0.191815674304962
v 0.596990883350372 1.31759595870972 0.207335263490677
v 0.591438889503479 1.31648862361908 0.207270681858063
v 0.582708656787872 1.31492924690247 0.208219081163406
v 0.572485685348511 1.31696629524231 0.21256148815155
v 0.619479656219482 1.31505274772644 0.264528453350067
v 0.594204068183899 1.27523744106293 0.256639450788498
v 0.585670351982117 1.27906012535095 0.25787216424942
v 0.606126964092255 1.3123379945755 0.276546895503998
v 0.661516070365906 1.3736412525177 0.140280663967133
v 0.609378278255463 1.36776721477509 0.170807480812073
v 0.611233353614807 1.3678480386734 0.169237077236176
v 0.652840256690979 1.29097139835358 0.198722332715988
v 0.659540891647339 1.29474425315857 0.19299253821373
v 0.66734790802002 1.30504131317139 0.199415594339371
v 0.661681056022644 1.30215871334076 0.208116471767426
v 0.658350646495819 1.29392325878143 0.204426109790802
v 0.664095103740692 1.29801821708679 0.196821540594101
v 0.594595670700073 1.30775344371796 0.212896227836609
v 0.589913487434387 1.30819511413574 0.212928980588913
v 0.573778986930847 1.33350944519043 0.226011872291565
v 0.568310499191284 1.32556700706482 0.219733953475952
v 0.651469171047211 1.3510844707489 0.174143016338348
v 0.650637865066528 1.35666441917419 0.177906095981598
v 0.649074912071228 1.35226023197174 0.184199512004852
v 0.649686336517334 1.36740899085999 0.172531098127365
v 0.634500324726105 1.36189246177673 0.168331414461136
v 0.629678905010223 1.36039566993713 0.167829275131226
v 0.608340382575989 1.30468726158142 0.207632601261139
v 0.60852175951004 1.29074478149414 0.213750422000885
v 0.651962220668793 1.31197309494019 0.187966376543045
v 0.645813882350922 1.31090879440308 0.189267724752426
v 0.611707031726837 1.34476137161255 0.17766934633255
v 0.618353962898254 1.37251698970795 0.179900705814362
v 0.625918924808502 1.37124609947205 0.182007104158401
v 0.614360868930817 1.35070669651031 0.171891242265701
v 0.664147198200226 1.37691593170166 0.142508059740067
v 0.664368748664856 1.3814971446991 0.144894450902939
v 0.645746171474457 1.36233186721802 0.180033594369888
v 0.5929816365242 1.34725201129913 0.180014193058014
v 0.61426192522049 1.37126302719116 0.174369990825653
v 0.610440015792847 1.36939382553101 0.180938392877579
v 0.56943017244339 1.35342407226562 0.188601970672607
v 0.620452702045441 1.31921279430389 0.25609290599823
v 0.647278070449829 1.3742663860321 0.143061846494675
v 0.649368643760681 1.3799204826355 0.137524962425232
v 0.656500458717346 1.38837814331055 0.144795089960098
v 0.66098427772522 1.38579201698303 0.146137565374374
v 0.569517016410828 1.31805658340454 0.227342426776886
v 0.600853383541107 1.3181129693985 0.206848174333572
v 0.578590154647827 1.28347909450531 0.260346323251724
v 0.660226106643677 1.31143856048584 0.210121363401413
v 0.666546225547791 1.31276726722717 0.200432360172272
v 0.6169353723526 1.35730981826782 0.167423605918884
v 0.586243987083435 1.36387479305267 0.190276950597763
v 0.609414756298065 1.3734325170517 0.179148614406586
v 0.60316789150238 1.37452077865601 0.183331340551376
v 0.602461397647858 1.37000799179077 0.188295900821686
v 0.610065042972565 1.37175166606903 0.173469424247742
v 0.663046479225159 1.38996732234955 0.140744537115097
v 0.658589482307434 1.39231097698212 0.139531373977661
v 0.666485726833344 1.38579642772675 0.139330506324768
v 0.665637493133545 1.38095569610596 0.137411117553711
v 0.662847399711609 1.37760841846466 0.135841608047485
v 0.654952645301819 1.39208686351776 0.137282937765121
v 0.652328908443451 1.38933169841766 0.135068535804749
v 0.651241779327393 1.38367176055908 0.133639365434647
v 0.656418442726135 1.39544117450714 0.132753491401672
v 0.660435855388641 1.39623022079468 0.134077370166779
v 0.669819116592407 1.39251232147217 0.128176152706146
v 0.669284522533417 1.39574933052063 0.128530740737915
v 0.668140947818756 1.3939563035965 0.131609112024307
v 0.668418169021606 1.3905291557312 0.133545130491257
v 0.670173525810242 1.39534413814545 0.123875677585602
v 0.670061826705933 1.39859700202942 0.124763518571854
v 0.666709244251251 1.3985960483551 0.129352509975433
v 0.665765881538391 1.39564490318298 0.132829278707504
v 0.66762113571167 1.4018919467926 0.125472962856293
v 0.663841366767883 1.40292549133301 0.125214427709579
v 0.663019061088562 1.3995965719223 0.128815859556198
v 0.662964403629303 1.39707577228546 0.131989061832428
v 0.664835572242737 1.39356553554535 0.135914176702499
v 0.669609665870667 1.39882755279541 0.120604276657104
v 0.666821300983429 1.40284824371338 0.11938288807869
v 0.668129205703735 1.40415978431702 0.121919482946396
v 0.670168399810791 1.40078163146973 0.122156798839569
v 0.667125284671783 1.38498938083649 0.132639616727829
v 0.668150186538696 1.38906252384186 0.127174615859985
v 0.668327510356903 1.3926819562912 0.122568845748901
v 0.66744738817215 1.39652049541473 0.119303524494171
v 0.6653892993927 1.38691902160645 0.125284224748611
v 0.665626764297485 1.39141643047333 0.121188998222351
v 0.664831340312958 1.39489483833313 0.118793308734894
v 0.661821067333221 1.38667607307434 0.123692184686661
v 0.662744462490082 1.3916392326355 0.120226085186005
v 0.664172291755676 1.38152801990509 0.131363689899445
v 0.660185575485229 1.3805125951767 0.130056291818619
v 0.662954688072205 1.3942596912384 0.118920266628265
v 0.664679408073425 1.40059161186218 0.118356227874756
v 0.659938216209412 1.399618268013 0.128756463527679
v 0.660849690437317 1.40258097648621 0.124403834342957
v 0.657405734062195 1.39862942695618 0.127734273672104
v 0.658821880817413 1.40136766433716 0.123304665088654
v 0.664757668972015 1.40514707565308 0.122626751661301
v 0.662817060947418 1.40444374084473 0.121028125286102
v 0.658714115619659 1.37653982639313 0.134255528450012
v 0.653954803943634 1.37920439243317 0.133497357368469
v 0.655649900436401 1.38290965557098 0.129385024309158
v 0.657418608665466 1.38877105712891 0.123204797506332
v 0.653221905231476 1.38754320144653 0.12974801659584
v 0.653992772102356 1.39289450645447 0.130746483802795
v 0.655731499195099 1.39661931991577 0.126066595315933
v 0.655107140541077 1.39279448986053 0.124399155378342
v 0.657499313354492 1.3990650177002 0.122006475925446
v 0.657469570636749 1.39624011516571 0.120819598436356
v 0.65953528881073 1.39349055290222 0.119973093271255
v 0.659706354141235 1.39982330799103 0.119363129138947
v 0.660930454730988 1.40237855911255 0.120011180639267
v 0.662600755691528 1.39813852310181 0.118321597576141
v 0.661034464836121 1.39605963230133 0.118757456541061
v 0.659296214580536 1.39761972427368 0.119302034378052
v 0.630001842975616 1.38707661628723 0.140662580728531
v 0.629166901111603 1.38161206245422 0.146064341068268
v 0.624300479888916 1.38304948806763 0.145717680454254
v 0.625088572502136 1.38893365859985 0.140488743782043
v 0.637614965438843 1.39382719993591 0.149608582258224
v 0.636425256729126 1.38956201076508 0.155096888542175
v 0.635848760604858 1.38531124591827 0.151416271924973
v 0.636687934398651 1.38970756530762 0.145600855350494
v 0.633178770542145 1.39783799648285 0.151875495910645
v 0.63201892375946 1.39370346069336 0.157462745904922
v 0.63508403301239 1.38401794433594 0.161174297332764
v 0.632014274597168 1.37384879589081 0.170444518327713
v 0.630784034729004 1.36959826946259 0.165940642356873
v 0.634351432323456 1.37980318069458 0.15720534324646
v 0.613563299179077 1.3736252784729 0.163655579090118
v 0.61488550901413 1.36867380142212 0.162038892507553
v 0.632903933525085 1.38274431228638 0.148189961910248
v 0.633831739425659 1.38745224475861 0.142405331134796
v 0.616840958595276 1.38404595851898 0.154698491096497
v 0.618582844734192 1.39087271690369 0.149001181125641
v 0.620336830615997 1.38652992248535 0.14669132232666
v 0.618492841720581 1.37950658798218 0.152269959449768
v 0.619675695896149 1.36510491371155 0.161416828632355
v 0.62554258108139 1.36363959312439 0.160988450050354
v 0.62909072637558 1.36601161956787 0.162764996290207
v 0.618428826332092 1.38842511177063 0.158370733261108
v 0.615898489952087 1.37858748435974 0.167577266693115
v 0.621061742305756 1.38052356243134 0.171982824802399
v 0.623594999313354 1.39022541046143 0.162044882774353
v 0.631691575050354 1.37649762630463 0.153882682323456
v 0.622815847396851 1.37593054771423 0.151484757661819
v 0.627945840358734 1.3747102022171 0.151651203632355
v 0.630418419837952 1.38820576667786 0.16352841258049
v 0.625175178050995 1.3956732749939 0.155861884355545
v 0.624755799770355 1.40586614608765 0.140379041433334
v 0.622282981872559 1.40368092060089 0.137120604515076
v 0.619897484779358 1.39659142494202 0.143857419490814
v 0.622176289558411 1.39952206611633 0.147102624177933
v 0.620465278625488 1.39435863494873 0.152276188135147
v 0.626897037029266 1.40006959438324 0.150524288415909
v 0.626361727714539 1.39702188968658 0.132844567298889
v 0.6311856508255 1.39455020427704 0.133107423782349
v 0.635014533996582 1.39452958106995 0.134565144777298
v 0.628082513809204 1.37895321846008 0.173787713050842
v 0.637576162815094 1.39635467529297 0.137661844491959
v 0.638792812824249 1.39998555183411 0.141848534345627
v 0.62118923664093 1.39244139194489 0.141400337219238
v 0.622771143913269 1.40000438690186 0.134252429008484
v 0.628926515579224 1.40602242946625 0.143356323242188
v 0.634731411933899 1.40382611751556 0.144664615392685
v 0.635715842247009 1.40919399261475 0.138142675161362
v 0.630296587944031 1.41100895404816 0.137227416038513
v 0.63988721370697 1.40570557117462 0.135679185390472
v 0.63868248462677 1.40167081356049 0.132368743419647
v 0.635963082313538 1.39954495429993 0.130090057849884
v 0.626705169677734 1.41090369224548 0.134970605373383
v 0.624331593513489 1.40880167484283 0.132439821958542
v 0.624297857284546 1.40479159355164 0.130071192979813
v 0.628029108047485 1.41580414772034 0.129766941070557
v 0.631628453731537 1.41680192947388 0.130932450294495
v 0.641442835330963 1.41899251937866 0.119665175676346
v 0.641215324401855 1.42186737060547 0.12128621339798
v 0.640502989292145 1.41817510128021 0.125004410743713
v 0.641623735427856 1.41522789001465 0.124256402254105
v 0.639802098274231 1.41611456871033 0.12809020280838
v 0.640838265419006 1.41215920448303 0.129684031009674
v 0.637891471385956 1.4208642244339 0.12613570690155
v 0.63704913854599 1.41745281219482 0.129152804613113
v 0.638604342937469 1.42533111572266 0.122526824474335
v 0.634700059890747 1.42576313018799 0.122428745031357
v 0.634169399738312 1.421053647995 0.126122444868088
v 0.633968532085419 1.41832613945007 0.128757357597351
v 0.640729486942291 1.42347407341003 0.116459369659424
v 0.64142644405365 1.42494833469391 0.118535965681076
v 0.63657283782959 1.41448831558228 0.132578670978546
v 0.639518857002258 1.40673160552979 0.128023624420166
v 0.640218019485474 1.41183805465698 0.122555792331696
v 0.639988839626312 1.41688418388367 0.11778512597084
v 0.638837695121765 1.421431183815 0.114855349063873
v 0.637413859367371 1.40952050685883 0.120641380548477
v 0.63759434223175 1.41517603397369 0.116388499736786
v 0.636428117752075 1.41947889328003 0.114471942186356
v 0.633376896381378 1.40915775299072 0.119395434856415
v 0.634153842926025 1.41503989696503 0.115694642066956
v 0.636539220809937 1.40379858016968 0.126153439283371
v 0.632576823234558 1.40322768688202 0.12527146935463
v 0.634459018707275 1.41843628883362 0.114694982767105
v 0.636145830154419 1.4252792596817 0.114766120910645
v 0.638069987297058 1.427734375 0.116036474704742
v 0.639539361000061 1.42905986309052 0.118920773267746
v 0.631661713123322 1.42065143585205 0.12558114528656
v 0.632561326026917 1.42491245269775 0.121137112379074
v 0.6291463971138 1.42049467563629 0.124693632125854
v 0.630657494068146 1.42433369159698 0.120132923126221
v 0.635573387145996 1.4290189743042 0.119642466306686
v 0.634284615516663 1.42818260192871 0.117979407310486
v 0.632024228572845 1.39947080612183 0.128913402557373
v 0.627580761909485 1.40143442153931 0.128864645957947
v 0.628163933753967 1.40505278110504 0.125219196081161
v 0.628986895084381 1.41122937202454 0.119657397270203
v 0.625198841094971 1.40881443023682 0.126508951187134
v 0.625611066818237 1.41345882415771 0.128197371959686
v 0.627213716506958 1.41843938827515 0.123388737440109
v 0.626630306243896 1.41487157344818 0.121541798114777
v 0.62932151556015 1.42231702804565 0.119239777326584
v 0.628804743289948 1.41952037811279 0.117844671010971
v 0.63056468963623 1.41666758060455 0.116213828325272
v 0.631446361541748 1.42395567893982 0.116269767284393
v 0.63272351026535 1.42641878128052 0.11669909954071
v 0.634053111076355 1.42271256446838 0.114662706851959
v 0.632362842559814 1.4200998544693 0.114933460950851
v 0.630621314048767 1.42152738571167 0.116159290075302
v 0.606439590454102 1.38793516159058 0.14929324388504
v 0.606245040893555 1.3837023973465 0.153586149215698
v 0.601169168949127 1.38288080692291 0.153021514415741
v 0.601292014122009 1.38734006881714 0.14851838350296
v 0.610142350196838 1.39588344097137 0.157095551490784
v 0.610434174537659 1.39129912853241 0.162608325481415
v 0.611215949058533 1.38875949382782 0.1589694917202
v 0.611019968986511 1.39329481124878 0.154261887073517
v 0.605950236320496 1.39792990684509 0.158762335777283
v 0.605561435222626 1.39317941665649 0.164646774530411
v 0.610335826873779 1.38621520996094 0.167646735906601
v 0.609506607055664 1.37887954711914 0.174326181411743
v 0.609861850738525 1.3759388923645 0.16947403550148
v 0.611144304275513 1.38360953330994 0.163282692432404
v 0.609660863876343 1.38612151145935 0.155808329582214
v 0.60978364944458 1.39057326316833 0.151414424180984
v 0.593441486358643 1.38085103034973 0.160766392946243
v 0.594303071498871 1.38690412044525 0.156134217977524
v 0.596694111824036 1.38425993919373 0.154038161039352
v 0.596054434776306 1.37825226783752 0.158841818571091
v 0.599436283111572 1.36757183074951 0.16556790471077
v 0.604691803455353 1.36881232261658 0.164994984865189
v 0.607882082462311 1.3722026348114 0.16629746556282
v 0.593739628791809 1.38478767871857 0.164439976215363
v 0.592987179756165 1.37540745735168 0.171842515468597
v 0.59671014547348 1.37924659252167 0.17587673664093
v 0.598108172416687 1.387610912323 0.168619006872177
v 0.609266817569733 1.38082718849182 0.159718722105026
v 0.60052490234375 1.37689709663391 0.15734851360321
v 0.605754733085632 1.37804484367371 0.157616138458252
v 0.604951858520508 1.3877922296524 0.170038282871246
v 0.599077939987183 1.39278697967529 0.163296729326248
v 0.597496867179871 1.40333676338196 0.148070991039276
v 0.595891356468201 1.40055513381958 0.145182639360428
v 0.594460785388947 1.39219880104065 0.151681065559387
v 0.595707416534424 1.39563357830048 0.154930591583252
v 0.5945965051651 1.39031887054443 0.159572541713715
v 0.600150346755981 1.39783442020416 0.157751351594925
v 0.601677536964417 1.39462578296661 0.142095625400543
v 0.606558859348297 1.39442884922028 0.1424760222435
v 0.609757542610168 1.39673924446106 0.144633919000626
v 0.604051113128662 1.38057219982147 0.177271336317062
v 0.592412292957306 1.37120056152344 0.168375462293625
v 0.610987901687622 1.39926719665527 0.146874666213989
v 0.610491454601288 1.40204989910126 0.149321019649506
v 0.596739947795868 1.38908982276917 0.149634778499603
v 0.59737753868103 1.39686965942383 0.143235445022583
v 0.601538479328156 1.40482926368713 0.150547504425049
v 0.60677969455719 1.40435075759888 0.151425451040268
v 0.607349216938019 1.40912973880768 0.146069169044495
v 0.602150142192841 1.40984725952148 0.145668417215347
v 0.611163973808289 1.40695416927338 0.143896639347076
v 0.611143290996552 1.40385866165161 0.141646146774292
v 0.609746932983398 1.40110397338867 0.139980494976044
v 0.598510801792145 1.40830159187317 0.143314868211746
v 0.597237706184387 1.40578365325928 0.140901744365692
v 0.59823477268219 1.40161573886871 0.139448821544647
v 0.598769843578339 1.41202807426453 0.139574974775314
v 0.60268759727478 1.41399049758911 0.140696227550507
v 0.612255871295929 1.41801381111145 0.129787355661392
v 0.611307442188263 1.41991257667542 0.130878925323486
v 0.610786378383636 1.41628074645996 0.134122371673584
v 0.612257540225983 1.41456508636475 0.133506834506989
v 0.610451221466064 1.41431367397308 0.137166410684586
v 0.611482381820679 1.41155791282654 0.13888818025589
v 0.608147978782654 1.41852033138275 0.135812938213348
v 0.607941210269928 1.41531789302826 0.138799488544464
v 0.608319163322449 1.42220449447632 0.132447838783264
v 0.604117512702942 1.42175912857056 0.132641136646271
v 0.604090690612793 1.41797184944153 0.135883331298828
v 0.604712128639221 1.41578471660614 0.138754189014435
v 0.611222803592682 1.4216924905777 0.127096831798553
v 0.611052334308624 1.42271280288696 0.128760874271393
v 0.60764354467392 1.41272187232971 0.141608983278275
v 0.611454904079437 1.40767073631287 0.137616634368896
v 0.611859679222107 1.41177046298981 0.132394224405289
v 0.611671507358551 1.41568768024445 0.128343105316162
v 0.610069394111633 1.4191267490387 0.125740140676498
v 0.60998123884201 1.4092880487442 0.131175994873047
v 0.60969740152359 1.413618683815 0.127375423908234
v 0.608308494091034 1.41666603088379 0.125355571508408
v 0.60715115070343 1.40756916999817 0.130314856767654
v 0.607161939144135 1.41242694854736 0.126822650432587
v 0.609712958335876 1.4047737121582 0.136157393455505
v 0.606736063957214 1.40259051322937 0.135374039411545
v 0.606763124465942 1.41521728038788 0.125637114048004
v 0.606121063232422 1.42178082466125 0.125449389219284
v 0.607571363449097 1.42452931404114 0.126956403255463
v 0.608467578887939 1.42539250850677 0.129489928483963
v 0.601303219795227 1.41726231575012 0.135965943336487
v 0.601698875427246 1.42075300216675 0.132016807794571
v 0.599208056926727 1.41551291942596 0.135068297386169
v 0.60020923614502 1.41921329498291 0.130919247865677
v 0.604941725730896 1.42445456981659 0.130362540483475
v 0.603541433811188 1.42375075817108 0.129129111766815
v 0.606779456138611 1.39901542663574 0.138810455799103
v 0.602299213409424 1.39905714988708 0.138678014278412
v 0.602713227272034 1.40263056755066 0.135413885116577
v 0.603077232837677 1.40808510780334 0.130382984876633
v 0.598820269107819 1.40510582923889 0.136459052562714
v 0.597857117652893 1.40900015830994 0.137856096029282
v 0.598483741283417 1.41303145885468 0.133567631244659
v 0.599613189697266 1.41005730628967 0.131984651088715
v 0.599762201309204 1.41690862178802 0.129600167274475
v 0.600682854652405 1.41447961330414 0.128280192613602
v 0.603619337081909 1.41280150413513 0.127041041851044
v 0.601728200912476 1.41895222663879 0.127034217119217
v 0.602252006530762 1.42161810398102 0.127982079982758
v 0.605148375034332 1.41868281364441 0.125249028205872
v 0.604358077049255 1.41607224941254 0.125693261623383
v 0.601932287216187 1.41671013832092 0.126637011766434
v 0.59518963098526 1.36864399909973 0.167104244232178
v 0.577444314956665 1.37857985496521 0.163090169429779
v 0.578636467456818 1.3750376701355 0.166471749544144
v 0.574792861938477 1.37378668785095 0.166479349136353
v 0.573549330234528 1.37726366519928 0.163131028413773
v 0.578426957130432 1.38665008544922 0.170275062322617
v 0.579839169979095 1.382972240448 0.174506604671478
v 0.581972360610962 1.38055145740509 0.171133875846863
v 0.580628991127014 1.38439893722534 0.167172908782959
v 0.573534727096558 1.38702464103699 0.172167539596558
v 0.574604988098145 1.38328516483307 0.176641881465912
v 0.58124965429306 1.37786459922791 0.17875611782074
v 0.583847761154175 1.36972904205322 0.185435891151428
v 0.58517849445343 1.36782383918762 0.18021023273468
v 0.583275437355042 1.37541079521179 0.175046473741531
v 0.570334434509277 1.35736358165741 0.184317767620087
v 0.569939851760864 1.36260390281677 0.179527699947357
v 0.573061227798462 1.36145305633545 0.176680386066437
v 0.573509097099304 1.35502028465271 0.181433171033859
v 0.581382870674133 1.3775463104248 0.168152093887329
v 0.579930782318115 1.38136458396912 0.164579838514328
v 0.568825960159302 1.37048745155334 0.173635810613632
v 0.56778347492218 1.37525987625122 0.169958174228668
v 0.570937275886536 1.37393820285797 0.167645692825317
v 0.571895241737366 1.36927223205566 0.170908808708191
v 0.577933609485626 1.35502994060516 0.178785026073456
v 0.576993823051453 1.3615882396698 0.174903631210327
v 0.580948412418365 1.36268961429596 0.174996852874756
v 0.582758605480194 1.35659241676331 0.177006661891937
v 0.583588838577271 1.36499392986298 0.17616680264473
v 0.567931532859802 1.37293410301208 0.177247822284698
v 0.569087624549866 1.3647540807724 0.1831995844841
v 0.570987105369568 1.36751997470856 0.187537848949432
v 0.570228099822998 1.37613952159882 0.180353820323944
v 0.58241081237793 1.37278807163239 0.171652972698212
v 0.575666844844818 1.36918604373932 0.169660657644272
v 0.579637825489044 1.37041282653809 0.169918239116669
v 0.576145529747009 1.37818586826324 0.181349337100983
v 0.56939297914505 1.38115131855011 0.175825357437134
v 0.564531803131104 1.38680636882782 0.164509773254395
v 0.565088152885437 1.38425707817078 0.162156224250793
v 0.56650447845459 1.37910330295563 0.166432797908783
v 0.565678536891937 1.38192737102509 0.169425249099731
v 0.566864669322968 1.37801766395569 0.173201888799667
v 0.568275034427643 1.38502526283264 0.171735763549805
v 0.571996927261353 1.38197660446167 0.158847987651825
v 0.575857758522034 1.38343334197998 0.15849244594574
v 0.578266501426697 1.38598525524139 0.159906029701233
v 0.578217923641205 1.37009763717651 0.189354836940765
v 0.578908085823059 1.3889639377594 0.161952316761017
v 0.577031314373016 1.39119338989258 0.164674907922745
v 0.569626867771149 1.37749528884888 0.164247691631317
v 0.568066298961639 1.38247621059418 0.160052299499512
v 0.56706702709198 1.38970112800598 0.16639232635498
v 0.572308421134949 1.39141476154327 0.166737467050552
v 0.571454763412476 1.39546048641205 0.162676066160202
v 0.566278219223022 1.39386010169983 0.162406265735626
v 0.576029121875763 1.39479887485504 0.160638093948364
v 0.577695727348328 1.39233636856079 0.158306330442429
v 0.576905071735382 1.38919019699097 0.156710535287857
v 0.563845992088318 1.39046692848206 0.160656243562698
v 0.5646812915802 1.38811564445496 0.158947378396988
v 0.567478656768799 1.38631701469421 0.157610446214676
v 0.563444375991821 1.3943532705307 0.157211989164352
v 0.565893769264221 1.39792609214783 0.15831196308136
v 0.574521780014038 1.40306782722473 0.148950189352036
v 0.573332667350769 1.40415835380554 0.150478661060333
v 0.573546886444092 1.40174245834351 0.152828991413116
v 0.575345516204834 1.40037715435028 0.152090787887573
v 0.573485791683197 1.3999662399292 0.155529648065567
v 0.575091481208801 1.39800810813904 0.156664341688156
v 0.570546805858612 1.40262353420258 0.154499381780624
v 0.570745885372162 1.40007424354553 0.156948566436768
v 0.570016026496887 1.40569686889648 0.15183898806572
v 0.565823674201965 1.40438866615295 0.15142834186554
v 0.566238820552826 1.40186905860901 0.154367536306381
v 0.567381083965302 1.40008127689362 0.156761527061462
v 0.572721302509308 1.40575897693634 0.146761834621429
v 0.572548389434814 1.40644526481628 0.148571252822876
v 0.570990145206451 1.39824306964874 0.15932697057724
v 0.576798796653748 1.39536046981812 0.155160814523697
v 0.576077103614807 1.39848566055298 0.151083320379257
v 0.574748337268829 1.40184259414673 0.147072672843933
v 0.571977972984314 1.40422058105469 0.145047545433044
v 0.575205266475677 1.39605569839478 0.150115311145782
v 0.573597192764282 1.39952945709229 0.146547377109528
v 0.571229815483093 1.40181040763855 0.144918262958527
v 0.57332968711853 1.39360249042511 0.150034874677658
v 0.571986019611359 1.39747452735901 0.146648168563843
v 0.576237916946411 1.39230680465698 0.154107809066772
v 0.574283361434937 1.38963055610657 0.153905063867569
v 0.570751011371613 1.39983975887299 0.145216226577759
v 0.568489670753479 1.40487098693848 0.145216047763824
v 0.568827629089355 1.40699696540833 0.146685838699341
v 0.569372296333313 1.40799331665039 0.149230122566223
v 0.564082860946655 1.4004282951355 0.154079496860504
v 0.563968122005463 1.40315771102905 0.150414705276489
v 0.563127219676971 1.39775156974792 0.153342485427856
v 0.56367039680481 1.40128922462463 0.149067163467407
v 0.566226482391357 1.40663576126099 0.149546921253204
v 0.565508365631104 1.40563011169434 0.147961795330048
v 0.574680209159851 1.38679122924805 0.155808925628662
v 0.571360468864441 1.38565897941589 0.156083881855011
v 0.570734620094299 1.3883204460144 0.153948575258255
v 0.570181488990784 1.39229106903076 0.150256246328354
v 0.566874504089355 1.38915348052979 0.154903411865234
v 0.564171671867371 1.39127254486084 0.156160295009613
v 0.563951432704926 1.39524030685425 0.152112811803818
v 0.566389501094818 1.39304161071777 0.151018112897873
v 0.564597368240356 1.39905476570129 0.148121893405914
v 0.566605031490326 1.39731788635254 0.14738929271698
v 0.569509744644165 1.39663875102997 0.14682275056839
v 0.566322445869446 1.40160226821899 0.145855337381363
v 0.565520405769348 1.40371358394623 0.146494209766388
v 0.568583011627197 1.40238869190216 0.144830346107483
v 0.568966388702393 1.39997851848602 0.145269632339478
v 0.567204773426056 1.39988565444946 0.145828753709793
v 0.569501936435699 1.3599534034729 0.186919778585434
v 0.669110238552094 1.31897664070129 0.189278721809387
v 0.664741039276123 1.31944441795349 0.186354368925095
v 0.658855497837067 1.31194376945496 0.180971384048462
v 0.659547448158264 1.30511224269867 0.180149406194687
v 0.663175761699677 1.29988026618958 0.18208920955658
v 0.667651057243347 1.29936528205872 0.185201555490494
v 0.671686589717865 1.30244338512421 0.187990009784698
v 0.66102921962738 1.31755638122559 0.183300793170929
v 0.67315411567688 1.31538486480713 0.191601127386093
v 0.674276947975159 1.30837559700012 0.190902203321457
v 0.680855691432953 1.31106269359589 0.182990968227386
v 0.679400861263275 1.31787753105164 0.184384435415268
v 0.678486108779907 1.30470514297485 0.180456876754761
v 0.673880100250244 1.30113768577576 0.178062349557877
v 0.668255150318146 1.30135238170624 0.176259875297546
v 0.674643516540527 1.32144856452942 0.182942867279053
v 0.669412970542908 1.32165718078613 0.180642127990723
v 0.6648970246315 1.31853091716766 0.178055018186569
v 0.680344462394714 1.32373642921448 0.176946043968201
v 0.686819553375244 1.32130777835846 0.175872296094894
v 0.691255390644073 1.30977618694305 0.163436949253082
v 0.694270968437195 1.31218063831329 0.165713578462601
v 0.691204071044922 1.31079602241516 0.168749809265137
v 0.688103795051575 1.30778741836548 0.167130649089813
v 0.689210295677185 1.31099510192871 0.171157419681549
v 0.68541145324707 1.30790901184082 0.172455668449402
v 0.693577289581299 1.31616234779358 0.170850366353989
v 0.690707266330719 1.31552386283875 0.172583758831024
v 0.693097472190857 1.32201743125916 0.171480864286423
v 0.691142797470093 1.31996560096741 0.173464328050613
v 0.697220504283905 1.31721448898315 0.16805836558342
v 0.696747541427612 1.31398963928223 0.163304448127747
v 0.698732316493988 1.31828165054321 0.164482444524765
v 0.694714486598969 1.31334674358368 0.160850524902344
v 0.687272012233734 1.31421220302582 0.175532102584839
v 0.679333329200745 1.30348491668701 0.171493649482727
v 0.683952569961548 1.30587029457092 0.165605187416077
v 0.687856674194336 1.30915987491608 0.161214888095856
v 0.691065311431885 1.31397986412048 0.158839046955109
v 0.678776383399963 1.30690717697144 0.163881331682205
v 0.683803021907806 1.31131517887115 0.160000920295715
v 0.687299728393555 1.31549513339996 0.15859442949295
v 0.674927115440369 1.31099092960358 0.16375720500946
v 0.68126654624939 1.31461024284363 0.160394549369812
v 0.672701358795166 1.30314612388611 0.17045921087265
v 0.667827367782593 1.30720233917236 0.170591056346893
v 0.684856176376343 1.31689763069153 0.15917444229126
v 0.693016767501831 1.31982398033142 0.159238815307617
v 0.697196483612061 1.31920981407166 0.160665929317474
v 0.690023183822632 1.32485437393188 0.171296417713165
v 0.696240544319153 1.32268309593201 0.168732672929764
v 0.693258464336395 1.32559442520142 0.167476832866669
v 0.685317158699036 1.32603085041046 0.17090317606926
v 0.689356982707977 1.32646179199219 0.165846526622772
v 0.69829535484314 1.32241916656494 0.165845692157745
v 0.696085095405579 1.32412397861481 0.163762152194977
v 0.663811564445496 1.30585241317749 0.175488322973251
v 0.662805736064911 1.3123197555542 0.176011264324188
v 0.666943073272705 1.31380224227905 0.171772003173828
v 0.673903942108154 1.31708908081055 0.165498465299606
v 0.669369220733643 1.32031846046448 0.173447668552399
v 0.674630105495453 1.32390427589417 0.175732314586639
v 0.680850028991699 1.32542490959167 0.169405817985535
v 0.67630136013031 1.32259237766266 0.167421281337738
v 0.685617566108704 1.32542872428894 0.164388656616211
v 0.682616829872131 1.32288610935211 0.16318941116333
v 0.68101042509079 1.31891453266144 0.161470770835876
v 0.688364565372467 1.32351791858673 0.161243736743927
v 0.692237377166748 1.32440376281738 0.161905258893967
v 0.688958525657654 1.31984281539917 0.159254521131516
v 0.685534834861755 1.31971096992493 0.159927845001221
v 0.685755252838135 1.32230973243713 0.161219835281372
v 0.572729229927063 1.34927773475647 0.184959590435028
v 0.57838773727417 1.34858822822571 0.182116776704788
v 0.577479541301727 1.3423764705658 0.187543213367462
v 0.576194047927856 1.33521687984467 0.193776488304138
v 0.570307731628418 1.33167195320129 0.20217365026474
v 0.582990109920502 1.3348433971405 0.192940235137939
v 0.583874583244324 1.34184050559998 0.186421662569046
v 0.58540952205658 1.34980893135071 0.179752290248871
v 0.588150978088379 1.32926177978516 0.197738528251648
v 0.96145635843277 1.14815926551819 0.131262987852097
v 0.958433568477631 1.15056800842285 0.133285135030746
v 0.957805395126343 1.15139985084534 0.139889389276505
v 0.959863185882568 1.14900124073029 0.139288514852524
v 0.962722659111023 1.14669442176819 0.138530790805817
v 0.966297090053558 1.144979596138 0.13772976398468
v 0.971391260623932 1.14521050453186 0.129852890968323
v 0.965827167034149 1.14638340473175 0.129815369844437
v 0.9815833568573 1.14417803287506 0.135503828525543
v 0.979713797569275 1.14490902423859 0.134329676628113
v 0.980727791786194 1.14372158050537 0.136265873908997
v 0.974477648735046 1.14367663860321 0.136625289916992
v 0.978347778320312 1.14396703243256 0.13638237118721
v 0.955492675304413 1.15414941310883 0.137327998876572
v 0.95496678352356 1.15505266189575 0.138903051614761
v 0.956652760505676 1.15240478515625 0.135370016098022
v 0.970344960689545 1.14386069774628 0.137040376663208
v 0.955336809158325 1.15489840507507 0.139933407306671
v 0.956391155719757 1.15365588665009 0.140214323997498
v 0.976291835308075 1.14506947994232 0.131645888090134
v 0.962290823459625 1.14744031429291 0.136391162872314
v 0.965972602367401 1.14558267593384 0.135469317436218
v 0.970576524734497 1.1446967124939 0.132151275873184
v 0.965671360492706 1.14597940444946 0.132522404193878
v 0.974043071269989 1.14404714107513 0.134811162948608
v 0.976665675640106 1.14426398277283 0.135130882263184
v 0.959685027599335 1.14961540699005 0.137437880039215
v 0.970170021057129 1.14430379867554 0.134783416986465
v 0.961671471595764 1.14828681945801 0.133825331926346
v 0.977218866348267 1.14446973800659 0.134234547615051
v 0.974801421165466 1.1444194316864 0.132938861846924
v 0.955666482448578 1.15415143966675 0.138849973678589
v 0.955902695655823 1.15423679351807 0.139231353998184
v 0.994163155555725 1.05024099349976 0.295785367488861
v 0.993089079856873 1.03332281112671 0.296836793422699
v 0.959112226963043 1.15033113956451 0.135412484407425
v 0.956729829311371 1.15318763256073 0.139022767543793
v 0.957988739013672 1.15156829357147 0.138342320919037
v 0.957510352134705 1.15205764770508 0.13686814904213
v 0.956331729888916 1.15345883369446 0.138047397136688
v 0.746117115020752 1.16429769992828 0.389631152153015
v 0.743776321411133 1.14691662788391 0.393337190151215
v 0.753211140632629 1.20539891719818 0.424879193305969
v 0.759640634059906 1.20386290550232 0.445936858654022
v 0.932106971740723 0.79138708114624 0.385393500328064
v 0.916194200515747 0.926257014274597 0.558466136455536
v 0.915311872959137 0.946280062198639 0.554085731506348
v 0.993641972541809 0.950836718082428 0.567439615726471
v 0.973617196083069 0.94807243347168 0.56994903087616
v 0.868050694465637 0.880499482154846 0.461599856615067
v 0.867379784584045 0.862798273563385 0.467729419469833
v 0.897536098957062 0.845343351364136 0.40729683637619
v 0.898537397384644 0.826272249221802 0.414131939411163
v 0.8727747797966 0.831690490245819 0.452554166316986
v 0.947577238082886 0.899659156799316 0.584808826446533
v 0.951543807983398 0.920520901679993 0.576609134674072
v 0.932373046875 0.914620578289032 0.571784675121307
v 0.927840828895569 0.895655393600464 0.580072164535522
v 1.01102161407471 0.926256716251373 0.567415595054626
v 1.01250159740448 0.950622141361237 0.560237646102905
v 0.86582338809967 0.91266006231308 0.47684171795845
v 0.87078732252121 0.926450252532959 0.499747782945633
v 0.895548403263092 0.952990174293518 0.536127686500549
v 0.913256049156189 0.965661108493805 0.546759366989136
v 0.952401518821716 0.988311588764191 0.553975224494934
v 0.932084083557129 0.977850198745728 0.55192494392395
v 0.911053657531738 0.856240451335907 0.38370007276535
v 0.929144859313965 0.869353055953979 0.365760445594788
v 0.867597639560699 0.898688197135925 0.45360004901886
v 0.971647381782532 0.839016675949097 0.351978778839111
v 0.995472192764282 1.02613341808319 0.542295873165131
v 0.972206830978394 1.0227837562561 0.544378697872162
v 0.880859553813934 0.939904510974884 0.519957542419434
v 0.971771955490112 0.991748929023743 0.300729721784592
v 0.96980619430542 0.975302994251251 0.303276360034943
v 0.951826274394989 0.980816423892975 0.303124904632568
v 0.953416228294373 0.997982084751129 0.302358448505402
v 0.934615433216095 0.986273407936096 0.305170029401779
v 0.918806374073029 0.992250263690948 0.309339225292206
v 0.905007123947144 0.9980428814888 0.315015912055969
v 0.874746143817902 1.01160395145416 0.336947500705719
v 0.883177816867828 1.00776958465576 0.328961730003357
v 0.863453984260559 1.01755845546722 0.355015099048615
v 0.868270933628082 1.01515483856201 0.345214128494263
v 0.860229074954987 1.014608502388 0.368880212306976
v 0.859066069126129 1.01074862480164 0.386089086532593
v 0.858289957046509 1.00761699676514 0.405051738023758
v 0.859183847904205 1.02537250518799 0.403390794992447
v 0.85919713973999 0.99287074804306 0.386927455663681
v 0.860390305519104 0.996327877044678 0.369802862405777
v 0.863519489765167 0.997424483299255 0.35587477684021
v 0.983027696609497 0.936798095703125 0.316537976264954
v 0.980633318424225 0.918241024017334 0.327768951654434
v 0.995672583580017 1.06593024730682 0.29380738735199
v 0.569287538528442 1.21806347370148 0.416075170040131
v 0.629796981811523 1.27442491054535 0.296940535306931
v 1.01006495952606 1.18176901340485 0.4160196185112
v 1.02381134033203 1.17651259899139 0.413759380578995
v 1.03497469425201 1.16505253314972 0.421050012111664
v 1.03458023071289 1.17202985286713 0.41128933429718
v 0.943515419960022 1.19975328445435 0.394798547029495
v 0.958609342575073 1.19449269771576 0.412117004394531
v 0.977253377437592 1.1866866350174 0.422119349241257
v 0.994927167892456 1.18062770366669 0.426065266132355
v 0.876157522201538 0.903829038143158 0.424101322889328
v 1.01138782501221 1.15933358669281 0.447062849998474
v 0.994840800762177 1.1738361120224 0.43628266453743
v 0.975634694099426 1.18097245693207 0.433509349822998
v 0.954875707626343 1.18993973731995 0.424860894680023
v 0.934901356697083 1.19751620292664 0.407965630292892
v 0.92062509059906 1.1979318857193 0.406413555145264
v 0.901359677314758 1.19283711910248 0.424932152032852
v 0.889276504516602 1.19367432594299 0.423728883266449
v 0.88485312461853 1.20033633708954 0.406187295913696
v 0.871500372886658 1.20464324951172 0.406658232212067
v 0.876341104507446 1.19754028320312 0.424078315496445
v 0.792012989521027 1.20290017127991 0.447167813777924
v 0.77901017665863 1.19805836677551 0.45536807179451
v 0.771831810474396 1.19006443023682 0.465979546308517
v 0.768043577671051 1.1791365146637 0.474916338920593
v 0.768636226654053 1.16735816001892 0.480811953544617
v 0.774657309055328 1.15364551544189 0.482896387577057
v 0.785425245761871 1.14237904548645 0.4816854596138
v 0.824587404727936 1.1205620765686 0.46753466129303
v 0.839027583599091 1.114786028862 0.464660793542862
v 0.869056403636932 1.09273886680603 0.474919676780701
v 0.8748699426651 1.08721601963043 0.480681598186493
v 0.902155101299286 1.04756236076355 0.514035880565643
v 0.892188668251038 1.06188797950745 0.503266513347626
v 0.912342727184296 1.03307378292084 0.525599420070648
v 0.922906219959259 0.799554586410522 0.636135697364807
v 0.928291916847229 0.817416787147522 0.624217987060547
v 0.90753585100174 0.817764282226562 0.616984188556671
v 0.902357459068298 0.800394296646118 0.627665102481842
v 1.00297701358795 0.852887809276581 0.598234415054321
v 0.980663478374481 0.855586528778076 0.603143274784088
v 0.850278735160828 0.79386293888092 0.542135119438171
v 0.857539236545563 0.804360151290894 0.567512273788452
v 0.870879650115967 0.811640977859497 0.588599026203156
v 0.888158202171326 0.816327571868896 0.604640960693359
v 0.851005077362061 0.781618475914001 0.517655730247498
v 0.915763735771179 0.711302280426025 0.427389830350876
v 0.898932337760925 0.724249601364136 0.441580712795258
v 0.973075032234192 0.688777923583984 0.403761565685272
v 0.953874409198761 0.693260192871094 0.408499658107758
v 0.856990575790405 0.767502069473267 0.495419681072235
v 0.934496641159058 0.7006516456604 0.416002452373505
v 0.883121728897095 0.738054037094116 0.45765221118927
v 0.867885708808899 0.752512514591217 0.475778371095657
v 0.933966279029846 0.835909903049469 0.613136887550354
v 0.954829692840576 0.835414052009583 0.615931808948517
v 0.959368824958801 0.856883108615875 0.60429847240448
v 1.00576055049896 1.09117269515991 0.510149121284485
v 0.986777424812317 1.09596836566925 0.511828243732452
v 0.967551410198212 1.1009715795517 0.511534512042999
v 0.954870820045471 1.12111186981201 0.499789088964462
v 0.939030528068542 1.12651634216309 0.49378889799118
v 0.932943284511566 1.11325454711914 0.501515328884125
v 0.949262499809265 1.10720777511597 0.508366167545319
v 0.909329295158386 1.13244605064392 0.476278007030487
v 0.895901203155518 1.13670206069946 0.47117018699646
v 0.893256545066833 1.12497913837433 0.474109798669815
v 0.90542197227478 1.12162530422211 0.481151610612869
v 0.880910396575928 1.12958383560181 0.470836579799652
v 0.869270324707031 1.13300728797913 0.467767745256424
v 0.857579469680786 1.13717651367188 0.466061294078827
v 0.844415605068207 1.14284324645996 0.46735668182373
v 0.849738419055939 1.16511654853821 0.464414745569229
v 0.862560331821442 1.16083371639252 0.462661951780319
v 0.91171258687973 1.14535140991211 0.470431298017502
v 0.927115440368652 1.14225912094116 0.476725161075592
v 1.00908589363098 1.11733150482178 0.487540394067764
v 1.0244414806366 1.11053681373596 0.48280069231987
v 0.857587933540344 1.01291716098785 0.424610733985901
v 0.857757270336151 1.02121698856354 0.444905757904053
v 0.860630333423615 1.03047144412994 0.461507797241211
v 0.864935040473938 1.04002642631531 0.474513947963715
v 0.869647800922394 1.0505975484848 0.484243929386139
v 0.876770377159119 1.06126618385315 0.491273671388626
v 0.88558691740036 1.07231557369232 0.49547079205513
v 0.880031108856201 1.08064043521881 0.487636119127274
v 0.894178926944733 1.08322024345398 0.497509241104126
v 0.887479960918427 1.09012448787689 0.488729387521744
v 0.902800559997559 1.09503865242004 0.497344315052032
v 0.911572992801666 1.10698020458221 0.495764702558517
v 0.919467449188232 1.11828815937042 0.49132576584816
v 0.924870133399963 1.1296581029892 0.484652578830719
v 0.958552598953247 1.13435626029968 0.489871442317963
v 0.942970514297485 1.13923943042755 0.484472364187241
v 0.977302134037018 1.14139914512634 0.479152649641037
v 0.977798461914062 1.15255498886108 0.467583626508713
v 0.972175896167755 1.1157945394516 0.501631021499634
v 0.975018262863159 1.12874555587769 0.491145879030228
v 0.969177603721619 1.20325517654419 0.374205410480499
v 0.985660791397095 1.199143409729 0.382540762424469
v 0.798612833023071 1.15247273445129 0.477321833372116
v 0.787731051445007 1.15419542789459 0.480054676532745
v 0.794153869152069 1.14520287513733 0.479503035545349
v 0.800559043884277 1.14646732807159 0.477752834558487
v 0.78444516658783 1.16409599781036 0.478007316589355
v 0.798171103000641 1.17069351673126 0.472513556480408
v 0.784448266029358 1.17459678649902 0.473749995231628
v 0.797606110572815 1.16097331047058 0.47581160068512
v 0.787222921848297 1.18451249599457 0.46723136305809
v 0.800039947032928 1.17978024482727 0.467911690473557
v 0.79256284236908 1.19224643707275 0.460280418395996
v 0.803440809249878 1.18746817111969 0.462540745735168
v 0.806555330753326 1.19254064559937 0.458491802215576
v 0.80115932226181 1.19707334041595 0.454422444105148
v 0.840793669223785 1.1887172460556 0.455386936664581
v 0.827836155891418 1.19104671478271 0.456480830907822
v 0.815329849720001 1.19217002391815 0.457856416702271
v 0.832629144191742 1.14615559577942 0.469790935516357
v 0.821081519126892 1.15212953090668 0.472166478633881
v 0.809521377086639 1.15669941902161 0.474053889513016
v 0.810616612434387 1.16631805896759 0.47149196267128
v 0.822709798812866 1.16148102283478 0.470300406217575
v 0.834705889225006 1.15636050701141 0.468836158514023
v 1.00830781459808 1.1055588722229 0.499013960361481
v 0.991078674793243 1.11079096794128 0.501466333866119
v 0.883654356002808 1.14087462425232 0.468052089214325
v 0.872366487979889 1.14436936378479 0.465985953807831
v 0.860530316829681 1.14817428588867 0.465161234140396
v 0.847471356391907 1.15268993377686 0.466621547937393
v 0.874387741088867 1.15649914741516 0.463029772043228
v 0.886095285415649 1.15300107002258 0.464136481285095
v 0.898130834102631 1.1488915681839 0.466636568307877
v 0.992239117622375 1.12362957000732 0.490283995866776
v 1.02395308017731 1.09951138496399 0.494838833808899
v 0.845185577869415 1.14567160606384 0.346824884414673
v 0.848779082298279 1.17290341854095 0.349416613578796
v 0.854025959968567 1.19528675079346 0.36384904384613
v 0.862705707550049 1.20545125007629 0.385447293519974
v 1.03306448459625 1.19347262382507 0.373698115348816
v 0.612540721893311 1.14739668369293 0.463235259056091
v 1.03712332248688 1.04905664920807 0.523011803627014
v 1.03788948059082 1.06856393814087 0.512829065322876
v 1.03094673156738 0.973541796207428 0.545933604240417
v 1.0334644317627 0.999715864658356 0.541840136051178
v 0.985212087631226 0.880478024482727 0.592106521129608
v 1.00621271133423 0.87938928604126 0.585218548774719
v 1.00904548168182 0.903606355190277 0.575372219085693
v 1.02568006515503 0.82961493730545 0.60779857635498
v 1.02604925632477 0.85049694776535 0.59063720703125
v 1.02752208709717 0.901118993759155 0.566564917564392
v 1.02888989448547 0.924796879291534 0.558124303817749
v 1.01623845100403 1.02618372440338 0.537471294403076
v 1.02320086956024 1.0873259305954 0.507017016410828
v 1.03830635547638 1.09630560874939 0.491125583648682
v 1.03766596317291 1.10741138458252 0.479245692491531
v 1.03703093528748 1.1191064119339 0.468531608581543
v 0.893038034439087 0.968878149986267 0.321241676807404
v 0.893083512783051 0.985003411769867 0.320985317230225
v 0.904516220092773 0.980620801448822 0.314395546913147
v 0.904204547405243 0.96489804983139 0.31494140625
v 0.876054584980011 0.976918458938599 0.336464583873749
v 0.875448346138 0.993006646633148 0.336390495300293
v 0.88348662853241 0.989267945289612 0.328436017036438
v 0.883799910545349 0.972951591014862 0.328571110963821
v 0.868798971176147 0.995753169059753 0.345320105552673
v 0.869673311710358 0.979598939418793 0.345674633979797
v 0.893366932868958 0.953457534313202 0.323502480983734
v 0.884095847606659 0.957712709903717 0.330592542886734
v 0.904434561729431 0.949784338474274 0.317700803279877
v 0.871041178703308 0.96514892578125 0.347029745578766
v 0.876824021339417 0.961860299110413 0.338433802127838
v 0.989773035049438 1.09681832790375 0.244197517633438
v 0.986887216567993 1.0868171453476 0.233528137207031
v 0.988905906677246 1.09104359149933 0.188200831413269
v 0.989848136901855 1.09453094005585 0.184861212968826
v 1.00262689590454 1.10836017131805 0.257115364074707
v 1.00424766540527 1.10900819301605 0.264257848262787
v 0.99210399389267 1.08616280555725 0.206121057271957
v 0.991678237915039 1.08033382892609 0.218973278999329
v 0.991716682910919 1.0993275642395 0.163323730230331
v 0.991968154907227 1.09930491447449 0.167084395885468
v 0.991133272647858 1.09412980079651 0.176795214414597
v 0.991266369819641 1.09385108947754 0.180876195430756
v 1.00550377368927 1.1091536283493 0.270789921283722
v 1.00023353099823 1.10373485088348 0.250900566577911
v 1.00815606117249 1.10422396659851 0.281297326087952
v 1.009397149086 1.09972870349884 0.285448014736176
v 0.998118996620178 1.09555220603943 0.290089786052704
v 0.997742176055908 1.0874810218811 0.292258620262146
v 0.985134840011597 0.954039037227631 0.309788197278976
v 0.99106228351593 0.9997638463974 0.300625562667847
v 0.989267468452454 0.985897600650787 0.29974901676178
v 0.992267608642578 1.01622879505157 0.298741340637207
v 0.996970236301422 1.07747650146484 0.292784929275513
v 1.00692331790924 1.1078200340271 0.276369392871857
v 0.991246342658997 1.08941757678986 0.192871987819672
v 0.992114782333374 1.08951079845428 0.199102222919464
v 0.991788148880005 1.09789025783539 0.170729398727417
v 0.991458714008331 1.09601080417633 0.173759371042252
v 1.01050424575806 1.0472252368927 0.294117093086243
v 1.00973975658417 1.02974414825439 0.294860005378723
v 0.987094342708588 0.970290720462799 0.305012434720993
v 1.00098049640656 0.934336125850677 0.318619012832642
v 1.00062394142151 0.91569995880127 0.329175114631653
v 1.0110924243927 1.06301248073578 0.292326718568802
v 1.0003924369812 0.89784038066864 0.339716702699661
v 0.846013069152832 0.619165897369385 0.642707586288452
v 0.865381121635437 0.602136671543121 0.660264849662781
v 0.877386689186096 0.621772348880768 0.672260880470276
v 0.862556934356689 0.634101927280426 0.659958481788635
v 0.853487491607666 0.676908314228058 0.639750361442566
v 0.853072881698608 0.704025208950043 0.63032329082489
v 0.853716254234314 0.73141622543335 0.621507167816162
v 0.898672997951508 0.614895522594452 0.683173298835754
v 0.929415166378021 0.637069523334503 0.696083009243011
v 0.924501061439514 0.611717045307159 0.690500020980835
v 0.871424913406372 0.733527660369873 0.64335697889328
v 0.871297895908356 0.707559823989868 0.651939749717712
v 0.873037755489349 0.644010663032532 0.668839037418365
v 0.871392250061035 0.658687591552734 0.665841400623322
v 0.854928970336914 0.652805984020233 0.649927318096161
v 0.904191732406616 0.637449324131012 0.689105987548828
v 0.884999692440033 0.639726400375366 0.678311407566071
v 0.966358304023743 0.795882105827332 0.641622483730316
v 0.963255167007446 0.777551054954529 0.655498623847961
v 0.991011321544647 0.77534407377243 0.653743505477905
v 0.882712662220001 0.799470961093903 0.613897323608398
v 0.897522866725922 0.781888842582703 0.638427972793579
v 1.01757872104645 0.620541214942932 0.675363659858704
v 0.8879035115242 0.659667372703552 0.679173111915588
v 0.933713734149933 0.662610054016113 0.698315382003784
v 0.908217906951904 0.661266267299652 0.68979799747467
v 0.935909569263458 0.737217545509338 0.679330229759216
v 0.912223756313324 0.736219167709351 0.671561241149902
v 0.912544906139374 0.711915731430054 0.681258082389832
v 0.936138987541199 0.713634252548218 0.689156472682953
v 0.89119553565979 0.734553813934326 0.66016161441803
v 0.893461525440216 0.7602379322052 0.649714827537537
v 0.936933994293213 0.759662985801697 0.666931450366974
v 0.914472639560699 0.759989976882935 0.660185933113098
v 0.918227016925812 0.781572818756104 0.647800862789154
v 0.891041815280914 0.708687126636505 0.669000208377838
v 0.935979902744293 0.688499987125397 0.695816993713379
v 0.964481353759766 0.687943816184998 0.698632001876831
v 0.993717908859253 0.687410712242126 0.694346487522125
v 1.02207720279694 0.684248924255371 0.688755989074707
v 1.02368152141571 0.708968281745911 0.683039307594299
v 0.939775347709656 0.779647827148438 0.653644680976868
v 0.949752867221832 0.816761255264282 0.627626895904541
v 0.943772792816162 0.79837429523468 0.640329539775848
v 0.96379941701889 0.880175411701202 0.593602299690247
v 0.840038955211639 0.392178535461426 0.469497829675674
v 0.997845530509949 0.546360075473785 0.559293985366821
v 0.992863178253174 0.542305052280426 0.534282147884369
v 0.820122838020325 0.646826028823853 0.521630823612213
v 0.820225477218628 0.6320920586586 0.598310947418213
v 0.837615966796875 0.643576204776764 0.627151668071747
v 0.974985182285309 0.544142246246338 0.492042362689972
v 0.956736266613007 0.552963137626648 0.471388936042786
v 0.8345747590065 0.637906908988953 0.492104202508926
v 0.877811551094055 0.598709464073181 0.457652062177658
v 0.985897064208984 0.541316628456116 0.513356387615204
v 0.871094942092896 0.682116270065308 0.658952534198761
v 0.889940321445465 0.683097541332245 0.675155818462372
v 0.910814464092255 0.686412990093231 0.687695145606995
v 0.962499022483826 0.662946403026581 0.700279355049133
v 0.993090033531189 0.663578987121582 0.69568943977356
v 1.02088701725006 0.661975145339966 0.687884449958801
v 0.967597663402557 0.585702180862427 0.447122603654861
v 0.979603469371796 0.590052962303162 0.443226516246796
v 0.97189462184906 0.593635320663452 0.442211449146271
v 0.989470720291138 0.601031541824341 0.437650263309479
v 0.989898383617401 0.587380409240723 0.443885713815689
v 0.979764461517334 0.578125596046448 0.451117604970932
v 0.990679681301117 0.575108766555786 0.452245056629181
v 0.992122769355774 0.564516186714172 0.463141560554504
v 0.91716057062149 0.696124076843262 0.434015691280365
v 0.898497343063354 0.708502292633057 0.447507828474045
v 0.974208116531372 0.674201011657715 0.411588132381439
v 0.955870747566223 0.678865432739258 0.416157722473145
v 0.852034687995911 0.752196073532104 0.50122058391571
v 0.936718046665192 0.68609756231308 0.423370718955994
v 0.88075852394104 0.722166299819946 0.462797671556473
v 0.863960742950439 0.737489223480225 0.481228947639465
v 1.02475166320801 0.754086256027222 0.663170337677002
v 1.0246707201004 0.775313138961792 0.649308621883392
v 0.992026686668396 0.671408176422119 0.41036069393158
v 0.993936002254486 1.08492243289948 0.233382016420364
v 0.997335076332092 1.09499382972717 0.243966788053513
v 1.00223553180695 1.17176842689514 0.0662680268287659
v 1.03004586696625 1.21527719497681 0.310496747493744
v 0.99590140581131 1.13358473777771 0.110209882259369
v 0.991680145263672 1.09402215480804 0.185034692287445
v 0.991008460521698 1.09771132469177 0.160053312778473
v 1.0102664232254 1.09391295909882 0.289502203464508
v 1.01095294952393 1.08554172515869 0.292285740375519
v 1.00224184989929 0.551171660423279 0.554973721504211
v 1.01111364364624 1.07508850097656 0.292247951030731
v 1.0021493434906 0.553049921989441 0.569074034690857
v 1.02999353408813 0.949199140071869 0.551440715789795
v 0.842631697654724 -0.0635162591934204 0.553654551506042
v 0.846504211425781 -0.0625938177108765 0.568780779838562
v 0.839873552322388 -0.091127336025238 0.563209116458893
v 0.838078260421753 -0.0914583802223206 0.548955082893372
v 0.831767022609711 -0.0579307675361633 0.599701404571533
v 0.842072129249573 -0.0605790019035339 0.590259194374084
v 0.817276120185852 -0.0560788512229919 0.602995038032532
v 0.803331971168518 -0.0555534362792969 0.598955929279327
v 0.804869532585144 -0.0852915644645691 0.594734311103821
v 0.817008376121521 -0.086212694644928 0.600267052650452
v 0.793724060058594 -0.0551713109016418 0.59066766500473
v 0.786681175231934 -0.0839878916740417 0.577316343784332
v 0.786141276359558 -0.054908275604248 0.579665839672089
v 0.780695021152496 -0.0547869205474854 0.561420619487762
v 0.782713770866394 -0.0829024910926819 0.559758424758911
v 0.784864068031311 -0.0580618977546692 0.541015028953552
v 0.785950839519501 -0.0853225588798523 0.540668308734894
v 0.797411203384399 -0.0615530610084534 0.528581142425537
v 0.83412116765976 -0.0648614764213562 0.539963245391846
v 0.831136643886566 -0.0919627547264099 0.534148454666138
v 0.829970061779022 -0.0877532362937927 0.597041964530945
v 0.837434530258179 -0.0899614691734314 0.58637136220932
v 0.839343190193176 -0.0906352400779724 0.574459552764893
v 0.845812201499939 -0.0619065761566162 0.580329716205597
v 0.836492896080017 -0.119384229183197 0.558243334293365
v 0.838423252105713 -0.118674218654633 0.541742503643036
v 0.828782796859741 -0.117016136646271 0.595076680183411
v 0.832703649997711 -0.118441045284271 0.581323683261871
v 0.806064128875732 -0.114068806171417 0.592103660106659
v 0.816642642021179 -0.115032851696014 0.600056290626526
v 0.783220589160919 -0.11136656999588 0.576560616493225
v 0.794252455234528 -0.112711250782013 0.585085570812225
v 0.795250296592712 -0.0845739245414734 0.586972773075104
v 0.78017657995224 -0.110012829303741 0.559594213962555
v 0.782798051834106 -0.110384523868561 0.536986827850342
v 0.830149054527283 -0.117287695407867 0.525165379047394
v 0.834562599658966 -0.119329392910004 0.569765627384186
v 0.727401375770569 -0.187529146671295 0.384754121303558
v 0.728992521762848 -0.183186113834381 0.385338723659515
v 0.733114898204803 -0.183249175548553 0.383430957794189
v 0.733836829662323 -0.188349902629852 0.381920754909515
v 0.763042151927948 -0.189482033252716 0.362781018018723
v 0.764817118644714 -0.179377019405365 0.360915869474411
v 0.773256838321686 -0.181520402431488 0.361054062843323
v 0.774332225322723 -0.193057477474213 0.362041711807251
v 0.746426343917847 -0.188930809497833 0.36928516626358
v 0.746069312095642 -0.192366659641266 0.372749209403992
v 0.741407692432404 -0.192233502864838 0.374684363603592
v 0.738892495632172 -0.188653290271759 0.372208207845688
v 0.714435338973999 -0.185596525669098 0.420730769634247
v 0.714793562889099 -0.190338313579559 0.422832012176514
v 0.711041986942291 -0.190015614032745 0.42572557926178
v 0.709638774394989 -0.186075508594513 0.425055265426636
v 0.7231605052948 -0.188243806362152 0.398467153310776
v 0.723510205745697 -0.192740499973297 0.40107136964798
v 0.719793021678925 -0.192077815532684 0.403676688671112
v 0.717808723449707 -0.188621699810028 0.40269273519516
v 0.768202304840088 -0.176794350147247 0.385064989328384
v 0.782340228557587 -0.176347553730011 0.383976340293884
v 0.777508854866028 -0.180339276790619 0.370235472917557
v 0.765369117259979 -0.177380859851837 0.371273010969162
v 0.784162402153015 -0.189396798610687 0.371698081493378
v 0.789519429206848 -0.187540113925934 0.386429488658905
v 0.782845914363861 -0.19507497549057 0.389075696468353
v 0.778189897537231 -0.194015681743622 0.375766485929489
v 0.769678950309753 -0.194237053394318 0.389246821403503
v 0.766553401947021 -0.193486392498016 0.377137303352356
v 0.762201845645905 -0.18702620267868 0.387233823537827
v 0.7572882771492 -0.185765445232391 0.37423774600029
v 0.743102610111237 -0.184684693813324 0.391599118709564
v 0.747761249542236 -0.177432000637054 0.389961242675781
v 0.742708623409271 -0.180549800395966 0.37845104932785
v 0.736995995044708 -0.186717092990875 0.38119775056839
v 0.757848978042603 -0.178485572338104 0.385221034288406
v 0.750321388244629 -0.181204855442047 0.375170022249222
v 0.761354267597198 -0.188771069049835 0.38433301448822
v 0.756809830665588 -0.193632185459137 0.389033049345016
v 0.750652194023132 -0.192727148532867 0.378012895584106
v 0.755235552787781 -0.188166439533234 0.373096793889999
v 0.747858226299286 -0.192455589771271 0.392443418502808
v 0.742279529571533 -0.192643821239471 0.381916433572769
v 0.732679128646851 -0.177246749401093 0.401892274618149
v 0.742114901542664 -0.178713142871857 0.396574079990387
v 0.736652731895447 -0.182083189487457 0.388208329677582
v 0.729686260223389 -0.181213319301605 0.391658812761307
v 0.740663290023804 -0.189846456050873 0.386435836553574
v 0.744974613189697 -0.188639104366302 0.395228266716003
v 0.740315318107605 -0.192898213863373 0.39919650554657
v 0.735842764377594 -0.192649900913239 0.389699697494507
v 0.731664538383484 -0.191578805446625 0.403050303459167
v 0.728781938552856 -0.192395031452179 0.392410576343536
v 0.727738440036774 -0.183622419834137 0.403106182813644
v 0.72495973110199 -0.186539113521576 0.392857223749161
v 0.71698272228241 -0.18366152048111 0.420351207256317
v 0.720492720603943 -0.176858127117157 0.419003218412399
v 0.718645989894867 -0.181065738201141 0.409542322158813
v 0.715867280960083 -0.187150180339813 0.410622179508209
v 0.727055191993713 -0.177865326404572 0.413307875394821
v 0.72403484582901 -0.181065738201141 0.405956447124481
v 0.728367567062378 -0.185824811458588 0.403181970119476
v 0.729444146156311 -0.183546245098114 0.410178631544113
v 0.727716326713562 -0.191876709461212 0.413968503475189
v 0.726531684398651 -0.193139970302582 0.405665755271912
v 0.720618844032288 -0.191467463970184 0.419814109802246
v 0.719567775726318 -0.192907392978668 0.409854590892792
v 0.710773587226868 -0.177086293697357 0.43864843249321
v 0.709555566310883 -0.179559051990509 0.430626571178436
v 0.707928538322449 -0.185319483280182 0.432247847318649
v 0.709971725940704 -0.184156358242035 0.44201123714447
v 0.716099381446838 -0.176572382450104 0.432178109884262
v 0.714552402496338 -0.179082572460175 0.425987780094147
v 0.718206763267517 -0.184155166149139 0.424387037754059
v 0.718244016170502 -0.182224690914154 0.430091381072998
v 0.718639612197876 -0.190909922122955 0.433077394962311
v 0.717791974544525 -0.191572487354279 0.426951557397842
v 0.713344097137451 -0.190277636051178 0.439032584428787
v 0.71124678850174 -0.191308081150055 0.431161493062973
v 0.768013834953308 -0.176405727863312 0.399624407291412
v 0.785825610160828 -0.173199474811554 0.39829608798027
v 0.773644328117371 -0.193205177783966 0.367018193006516
v 0.792348265647888 -0.186211764812469 0.400936216115952
v 0.767066299915314 -0.192987620830536 0.367893785238266
v 0.768242120742798 -0.194545328617096 0.401798784732819
v 0.784986972808838 -0.194909751415253 0.403486967086792
v 0.764770984649658 -0.186869204044342 0.392490297555923
v 0.741095185279846 -0.183266818523407 0.372478723526001
v 0.749255299568176 -0.193381607532501 0.408860445022583
v 0.747145056724548 -0.18674236536026 0.400332629680634
v 0.745853126049042 -0.183599531650543 0.370680809020996
v 0.750361263751984 -0.175996959209442 0.406186103820801
v 0.735392034053802 -0.176874697208405 0.419458985328674
v 0.732578814029694 -0.192131102085114 0.384901106357574
v 0.728846549987793 -0.191890180110931 0.386489719152451
v 0.733084797859192 -0.192583739757538 0.420444369316101
v 0.729675352573395 -0.182534039020538 0.412218809127808
v 0.71857225894928 -0.183800518512726 0.40342903137207
v 0.721605837345123 -0.191892564296722 0.435060501098633
v 0.717986345291138 -0.181965172290802 0.429681539535522
v 0.721737265586853 -0.183882534503937 0.400917142629623
v 0.722294330596924 -0.175046622753143 0.434915274381638
v 0.710586071014404 -0.182543575763702 0.424964100122452
v 0.714968085289001 -0.191352903842926 0.449018597602844
v 0.71136862039566 -0.183615386486053 0.453954547643661
v 0.713104248046875 -0.181926190853119 0.42240172624588
v 0.713809370994568 -0.175214946269989 0.449116349220276
v 0.819753289222717 -0.0915654301643372 0.524259984493256
v 0.823205649852753 -0.0652557015419006 0.529862463474274
v 0.810866594314575 -0.064646303653717 0.525808155536652
v 0.807458460330963 -0.0905923247337341 0.521454215049744
v 0.795961916446686 -0.0881476998329163 0.526306986808777
v 0.816482424736023 -0.115101754665375 0.51500940322876
v 0.802956283092499 -0.113118827342987 0.513441622257233
v 0.792120337486267 -0.112175166606903 0.521000564098358
v 0.774643540382385 -0.13216894865036 0.562062978744507
v 0.780054271221161 -0.132870256900787 0.579683899879456
v 0.79335629940033 -0.134685099124908 0.587144315242767
v 0.804665327072144 -0.136164844036102 0.595107853412628
v 0.816175401210785 -0.137503206729889 0.602865099906921
v 0.826071619987488 -0.138170778751373 0.517293334007263
v 0.812225461006165 -0.132874429225922 0.503157496452332
v 0.797213733196259 -0.129134953022003 0.500427722930908
v 0.784525215625763 -0.128899395465851 0.510816097259521
v 0.793876111507416 -0.169074714183807 0.413657248020172
v 0.77589750289917 -0.165809571743011 0.417081952095032
v 0.78472888469696 -0.158842384815216 0.435547351837158
v 0.799075126647949 -0.170336425304413 0.434503376483917
v 0.75931990146637 -0.168346464633942 0.424757838249207
v 0.767678558826447 -0.158548176288605 0.443774223327637
v 0.744450509548187 -0.170210301876068 0.436806082725525
v 0.753460168838501 -0.162338674068451 0.455462992191315
v 0.731060087680817 -0.171322762966156 0.45078033208847
v 0.74093234539032 -0.166283071041107 0.468267023563385
v 0.719412684440613 -0.1734579205513 0.463376015424728
v 0.729306697845459 -0.171941578388214 0.480795502662659
v 0.713608086109161 -0.182905972003937 0.469414323568344
v 0.721508324146271 -0.181871116161346 0.487893849611282
v 0.799601256847382 -0.186366498470306 0.416729420423508
v 0.802755057811737 -0.186321437358856 0.438089102506638
v 0.790209174156189 -0.197478830814362 0.421397298574448
v 0.793171525001526 -0.198920428752899 0.442178875207901
v 0.774258673191071 -0.196371734142303 0.426231563091278
v 0.77862560749054 -0.1981560587883 0.447685837745667
v 0.724433124065399 -0.194311439990997 0.484064280986786
v 0.717912077903748 -0.193799674510956 0.464657306671143
v 0.757077753543854 -0.195466578006744 0.435081273317337
v 0.762316584587097 -0.196783006191254 0.456658154726028
v 0.741509914398193 -0.195746958255768 0.445448487997055
v 0.747395873069763 -0.197216928005219 0.466792464256287
v 0.728577733039856 -0.19564551115036 0.455752968788147
v 0.734656691551208 -0.197279751300812 0.476358592510223
v 0.795724153518677 -0.155019819736481 0.458350569009781
v 0.778012156486511 -0.148133099079132 0.464058041572571
v 0.764909625053406 -0.152596890926361 0.476044356822968
v 0.752783119678497 -0.159242689609528 0.489433258771896
v 0.741399049758911 -0.169329583644867 0.501955449581146
v 0.73219633102417 -0.180499851703644 0.509044766426086
v 0.761651039123535 -0.149144113063812 0.516662001609802
v 0.752866923809052 -0.169395864009857 0.525896370410919
v 0.745495676994324 -0.182261884212494 0.529861092567444
v 0.756722211837769 -0.183611333370209 0.55119127035141
v 0.761405885219574 -0.169861614704132 0.550371944904327
v 0.779202818870544 -0.173790752887726 0.588144540786743
v 0.770912945270538 -0.171200573444366 0.571447968482971
v 0.765482902526855 -0.184995472431183 0.572961568832397
v 0.773854613304138 -0.188919842243195 0.590491592884064
v 0.766396164894104 -0.151263654232025 0.544385373592377
v 0.774408578872681 -0.152318298816681 0.566390037536621
v 0.783726572990417 -0.153424918651581 0.581730484962463
v 0.794908761978149 -0.192945182323456 0.608195304870605
v 0.797410190105438 -0.176376163959503 0.608622670173645
v 0.787163197994232 -0.175490915775299 0.599451541900635
v 0.782705187797546 -0.191372096538544 0.601477384567261
v 0.812295019626617 -0.196677625179291 0.608365058898926
v 0.814632654190063 -0.179598987102509 0.611357927322388
v 0.827939987182617 -0.182797610759735 0.59655350446701
v 0.8263920545578 -0.199098169803619 0.595128118991852
v 0.80142742395401 -0.155675709247589 0.60138988494873
v 0.792658686637878 -0.155071914196014 0.592514395713806
v 0.815146267414093 -0.157896816730499 0.606213331222534
v 0.827158212661743 -0.160614430904388 0.594764888286591
v 0.830217361450195 -0.182649075984955 0.576448440551758
v 0.829199433326721 -0.160840332508087 0.576483011245728
v 0.830267310142517 -0.198887765407562 0.575722336769104
v 0.804713368415833 -0.171927750110626 0.45917946100235
v 0.804418385028839 -0.185252368450165 0.463028788566589
v 0.774661123752594 -0.140161454677582 0.495296746492386
v 0.788890063762665 -0.138649761676788 0.483843863010406
v 0.808073878288269 -0.148569881916046 0.485963970422745
v 0.813852667808533 -0.171846210956573 0.485105812549591
v 0.808922410011292 -0.186539471149445 0.48941707611084
v 0.821444630622864 -0.175858557224274 0.50942587852478
v 0.814544677734375 -0.188955366611481 0.512518405914307
v 0.796261310577393 -0.195024907588959 0.467218697071075
v 0.800297319889069 -0.193171799182892 0.493544697761536
v 0.806669056415558 -0.195310771465302 0.516038417816162
v 0.826489210128784 -0.178839027881622 0.530345499515533
v 0.821196794509888 -0.192138612270355 0.531943678855896
v 0.827700078487396 -0.179995357990265 0.548293232917786
v 0.8254154920578 -0.19455486536026 0.547841727733612
v 0.828386545181274 -0.196782410144806 0.561019062995911
v 0.828471779823303 -0.181215941905975 0.562075018882751
v 0.829697132110596 -0.160914123058319 0.551157176494598
v 0.829556703567505 -0.160785853862762 0.563811421394348
v 0.828363955020905 -0.160572946071625 0.533284544944763
v 0.823026537895203 -0.156580030918121 0.510548889636993
v 0.733644485473633 -0.193550288677216 0.50638210773468
v 0.745179772377014 -0.193396031856537 0.528200030326843
v 0.757413804531097 -0.19371086359024 0.548928380012512
v 0.767045080661774 -0.197143256664276 0.569866061210632
v 0.776999235153198 -0.200964868068695 0.585504233837128
v 0.78551197052002 -0.203066170215607 0.59486186504364
v 0.796114444732666 -0.204087793827057 0.600728809833527
v 0.810066699981689 -0.205344140529633 0.59953635931015
v 0.820667862892151 -0.207102000713348 0.590652227401733
v 0.823172748088837 -0.208005487918854 0.575388014316559
v 0.821829438209534 -0.207666456699371 0.562258362770081
v 0.813727200031281 -0.200344026088715 0.534985721111298
v 0.819095253944397 -0.205224812030792 0.549552917480469
v 0.834617912769318 -0.141534149646759 0.536429762840271
v 0.835176169872284 -0.141694843769073 0.55399352312088
v 0.83306211233139 -0.141238152980804 0.565953373908997
v 0.827445864677429 -0.139928042888641 0.593655169010162
v 0.830180108547211 -0.140558421611786 0.57765805721283
v 0.783529818058014 -0.1982302069664 0.473101109266281
v 0.768369197845459 -0.19737309217453 0.481698095798492
v 0.754341065883636 -0.197573363780975 0.491271942853928
v 0.742635190486908 -0.197418630123138 0.499728381633759
v 0.752407073974609 -0.197754919528961 0.522793531417847
v 0.763247489929199 -0.198248684406281 0.515783429145813
v 0.776666939258575 -0.198899209499359 0.507232427597046
v 0.789828062057495 -0.196897685527802 0.498961210250854
v 0.763966202735901 -0.199188768863678 0.543533265590668
v 0.773433029651642 -0.200649559497833 0.53696745634079
v 0.786005675792694 -0.201368749141693 0.529688954353333
v 0.797213494777679 -0.199853360652924 0.521483480930328
v 0.805254697799683 -0.205228745937347 0.540356397628784
v 0.795654773712158 -0.205547392368317 0.548608124256134
v 0.784299850463867 -0.204272925853729 0.555336773395538
v 0.775453507900238 -0.202326595783234 0.562652289867401
v 0.78466933965683 -0.20495742559433 0.577347099781036
v 0.792866289615631 -0.206293642520905 0.569627642631531
v 0.802881240844727 -0.20777815580368 0.562819123268127
v 0.81083607673645 -0.208172023296356 0.555485904216766
v 0.79131031036377 -0.206216752529144 0.585744917392731
v 0.807494223117828 -0.208060443401337 0.591835737228394
v 0.798506498336792 -0.207161605358124 0.590932965278625
v 0.814687848091125 -0.20972603559494 0.586586833000183
v 0.815488636493683 -0.209940969944 0.576225519180298
v 0.813776850700378 -0.209475219249725 0.566045880317688
v 0.808875739574432 -0.208946764469147 0.578590512275696
v 0.806403338909149 -0.208528220653534 0.57154369354248
v 0.797824501991272 -0.207148253917694 0.57802677154541
v 0.802204608917236 -0.207663238048553 0.583675146102905
v 0.810001790523529 -0.208877742290497 0.584154367446899
v 0.806558072566986 -0.20823472738266 0.586645007133484
v 0.776841759681702 -0.133106768131256 0.53369003534317
v 1.03269183635712 1.20071017742157 0.357335656881332
v 1.0355030298233 1.15754508972168 0.430275738239288
v 0.857934415340424 0.216061890125275 0.499521464109421
v 0.842056810855865 0.215464770793915 0.495996028184891
v 0.826607465744019 0.219057261943817 0.497048139572144
v 0.857149481773376 0.628989815711975 0.471331298351288
v 0.914827585220337 0.799626052379608 0.400742739439011
v 0.911696553230286 0.836435079574585 0.390227019786835
v 0.913346588611603 0.817420125007629 0.396347850561142
v 0.849852859973907 0.60682886838913 0.469498872756958
v 0.874951064586639 0.885620534420013 0.433731317520142
v 1.01923584938049 0.641904354095459 0.683020293712616
v 1.03652501106262 1.13008880615234 0.458238780498505
v 0.893148422241211 1.00338137149811 0.321775168180466
v 1.02425980567932 0.732363343238831 0.674606680870056
v 0.940310001373291 1.22485136985779 0.184285759925842
v 0.942955851554871 1.22527766227722 0.186145931482315
v 0.943494498729706 1.22446262836456 0.189724504947662
v 0.945336103439331 1.22750782966614 0.192593276500702
v 0.946575999259949 1.22977781295776 0.195221781730652
v 0.946970343589783 1.23122107982635 0.196662962436676
v 0.943043231964111 1.22737848758698 0.190032482147217
v 0.945230484008789 1.23095417022705 0.188495010137558
v 0.943177402019501 1.22806000709534 0.187775135040283
v 0.942090272903442 1.22674155235291 0.187898486852646
v 1.00899147987366 1.01231169700623 0.297498255968094
v 1.00751125812531 0.996680974960327 0.298931777477264
v 1.00471234321594 0.982926845550537 0.298833250999451
v 1.00365817546844 0.967191934585571 0.305408000946045
v 0.99104505777359 1.09048247337341 0.188150554895401
v 0.993526518344879 0.732465088367462 0.382778018712997
v 0.993715047836304 0.74603146314621 0.380076557397842
v 1.02640628814697 0.877478420734406 0.57586282491684
v 0.992905080318451 0.699542999267578 0.395539402961731
v 0.993764877319336 0.759451389312744 0.373318135738373
v 1.03533124923706 1.02594339847565 0.533301115036011
v 1.00213551521301 0.951581418514252 0.311301171779633
v 0.992544114589691 0.68638801574707 0.402444779872894
v 1.03862500190735 1.08486080169678 0.503100454807281
v 0.993100523948669 0.77735424041748 0.366190195083618
v 0.989459574222565 0.617432713508606 0.432150423526764
v 0.995183169841766 0.836011230945587 0.349383741617203
v 1.04462122917175 1.15611338615417 0.0924994647502899
v 1.0575213432312 1.1573578119278 0.103467285633087
v 1.04906868934631 1.14642512798309 0.108235359191895
v 1.03642821311951 1.14326560497284 0.100454896688461
v 1.04354226589203 1.13714587688446 0.112722247838974
v 1.03259813785553 1.13454639911652 0.108541071414948
v 1.06519603729248 1.15980648994446 0.116639494895935
v 1.05754280090332 1.14915132522583 0.118004471063614
v 1.06375551223755 1.13788139820099 0.152171313762665
v 1.06219971179962 1.14264059066772 0.144166707992554
v 1.06938135623932 1.14730846881866 0.149821102619171
v 1.07004809379578 1.14233446121216 0.160891443490982
v 1.062251329422 1.12659537792206 0.176414728164673
v 1.06604611873627 1.13165330886841 0.189255565404892
v 1.05808734893799 1.11979877948761 0.191732436418533
v 1.05418682098389 1.11695551872253 0.17951625585556
v 1.01849007606506 1.11237919330597 0.15777599811554
v 1.02231502532959 1.11584305763245 0.153068721294403
v 1.02787113189697 1.11208891868591 0.15776738524437
v 1.0233793258667 1.10862565040588 0.163452982902527
v 1.0089784860611 1.11494779586792 0.146724015474319
v 1.00361967086792 1.11229157447815 0.14098709821701
v 1.00554418563843 1.11891984939575 0.138462007045746
v 1.01129496097565 1.1200453042984 0.144073188304901
v 1.013059258461 1.11039221286774 0.162583827972412
v 1.01796758174896 1.10715913772583 0.168827384710312
v 1.01142144203186 1.11109054088593 0.15508371591568
v 1.01400351524353 1.11515021324158 0.152549207210541
v 1.00520217418671 1.09982943534851 0.154972791671753
v 1.00127923488617 1.09675812721252 0.152356892824173
v 1.0024688243866 1.09916460514069 0.147194653749466
v 1.00710952281952 1.10331928730011 0.151293992996216
v 1.01077163219452 1.10648858547211 0.160380780696869
v 1.00649762153625 1.10399580001831 0.16230633854866
v 1.00719690322876 1.10245025157928 0.158446192741394
v 1.01014041900635 1.10574328899384 0.156056880950928
v 1.00730919837952 1.1093475818634 0.149212777614594
v 1.00259935855865 1.10561454296112 0.143741607666016
v 0.997152507305145 1.10174679756165 0.139568686485291
v 0.996537983417511 1.09451949596405 0.144438564777374
v 1.03409159183502 1.10435605049133 0.177061140537262
v 1.02814888954163 1.10214221477509 0.179547429084778
v 1.02323174476624 1.10417425632477 0.173993527889252
v 1.02872037887573 1.1058669090271 0.169843465089798
v 1.00797092914581 1.10528790950775 0.166591018438339
v 1.00928950309753 1.09576058387756 0.179337710142136
v 1.00307846069336 1.09437167644501 0.176959186792374
v 1.00338745117188 1.09647357463837 0.173470079898834
v 1.01017534732819 1.09782004356384 0.175857961177826
v 1.0407806634903 1.10337376594543 0.193666994571686
v 1.04136216640472 1.10266721248627 0.202552646398544
v 1.03346347808838 1.09848570823669 0.199544370174408
v 1.03359353542328 1.09979522228241 0.192703872919083
v 1.03086078166962 1.09682297706604 0.205565899610519
v 1.03881311416626 1.10096669197083 0.211039125919342
v 1.02744138240814 1.09330379962921 0.223671615123749
v 1.02024734020233 1.08998656272888 0.213679820299149
v 1.02615666389465 1.09423422813416 0.210182458162308
v 1.03406405448914 1.09788572788239 0.217964947223663
v 1.00741183757782 1.08843421936035 0.205888122320175
v 1.01310777664185 1.08476638793945 0.215925395488739
v 1.00533580780029 1.08077299594879 0.217347204685211
v 1.00127446651459 1.08673167228699 0.206177294254303
v 1.00905859470367 1.09624826908112 0.186590820550919
v 1.00891220569611 1.09533226490021 0.182958960533142
v 1.0136045217514 1.09678769111633 0.185080677270889
v 1.0134516954422 1.09739422798157 0.187738865613937
v 1.018235206604 1.09858572483063 0.189049124717712
v 1.0179671049118 1.09827697277069 0.188024431467056
v 1.01964378356934 1.09829163551331 0.187332063913345
v 1.02017724514008 1.09857964515686 0.189390540122986
v 1.01618838310242 1.09808588027954 0.188525766134262
v 1.01710724830627 1.09804773330688 0.189811915159225
v 1.01456129550934 1.09688746929169 0.18999058008194
v 1.01057398319244 1.09474635124207 0.189461588859558
v 0.996226191520691 1.09015285968781 0.188139736652374
v 0.995831549167633 1.09353518486023 0.184772491455078
v 0.999116063117981 1.0938446521759 0.185092270374298
v 1.00017178058624 1.09060347080231 0.188233077526093
v 1.01777863502502 1.09781515598297 0.185137242078781
v 1.01448798179626 1.09703588485718 0.182436943054199
v 1.01600563526154 1.0983464717865 0.179538726806641
v 1.02002990245819 1.09849309921265 0.183257877826691
v 1.02340006828308 1.10000097751617 0.181371212005615
v 1.02625751495361 1.09954380989075 0.186331003904343
v 1.02233076095581 1.09856832027435 0.186720639467239
v 1.01907408237457 1.09833598136902 0.191292703151703
v 1.02317345142365 1.0987377166748 0.190203040838242
v 1.02230203151703 1.09843730926514 0.193446278572083
v 1.01971852779388 1.09682393074036 0.195731043815613
v 1.01650142669678 1.09679555892944 0.192335933446884
v 1.0125458240509 1.09424436092377 0.192610532045364
v 1.0156444311142 1.09415626525879 0.197132498025894
v 1.01010048389435 1.09137105941772 0.197900205850601
v 1.00722658634186 1.0911853313446 0.192575246095657
v 1.01871633529663 1.10091376304626 0.176728188991547
v 1.02759373188019 1.09899079799652 0.19135993719101
v 1.03142011165619 1.10107982158661 0.185922384262085
v 1.02721059322357 1.09790790081024 0.196298748254776
v 1.02455818653107 1.09646916389465 0.200188636779785
v 1.01429605484009 1.09084618091583 0.204817593097687
v 1.02021849155426 1.09377837181091 0.203052818775177
v 1.01918458938599 1.08781480789185 0.228128671646118
v 1.00983357429504 1.08404564857483 0.230956792831421
v 1.03947925567627 1.13356566429138 0.11823958158493
v 1.03054285049438 1.13339400291443 0.116174757480621
v 1.04050540924072 1.13336038589478 0.126646429300308
v 1.03632783889771 1.13279867172241 0.125102698802948
v 1.03710627555847 1.13347339630127 0.12243127822876
v 1.04239559173584 1.13459587097168 0.12480902671814
v 1.05553317070007 1.14031219482422 0.140020996332169
v 1.05701398849487 1.13676643371582 0.145775496959686
v 1.05068910121918 1.13706064224243 0.140407502651215
v 1.05003023147583 1.13819634914398 0.136339426040649
v 1.04165863990784 1.1287784576416 0.14425402879715
v 1.03935599327087 1.13108110427856 0.137495517730713
v 1.04292380809784 1.13288617134094 0.137601912021637
v 1.04646909236908 1.1311023235321 0.144214808940887
v 1.03528547286987 1.13016402721405 0.137230157852173
v 1.03642237186432 1.12789487838745 0.143320977687836
v 1.03137159347534 1.12790942192078 0.141793638467789
v 1.03102481365204 1.13018417358398 0.136695891618729
v 1.03007245063782 1.13426530361176 0.121263325214386
v 1.03068494796753 1.13323152065277 0.12421989440918
v 1.02460658550262 1.13473653793335 0.125361740589142
v 1.02291595935822 1.13601207733154 0.122097134590149
v 1.01570224761963 1.13742995262146 0.134155213832855
v 1.01243305206299 1.13649797439575 0.133767753839493
v 1.01289486885071 1.13789820671082 0.129739224910736
v 1.01633834838867 1.1378960609436 0.131608486175537
v 1.01679265499115 1.13590669631958 0.135528475046158
v 1.01466488838196 1.13453924655914 0.136531710624695
v 1.0389621257782 1.17059147357941 0.073786199092865
v 1.0547137260437 1.1714825630188 0.0852245688438416
v 1.02939212322235 1.15334343910217 0.0840992629528046
v 1.0675276517868 1.1713387966156 0.100072234869003
v 1.0738183259964 1.17184853553772 0.115559339523315
v 1.06052947044373 1.12173533439636 0.203490197658539
v 1.05087804794312 1.11054182052612 0.203959167003632
v 1.0493791103363 1.11026513576508 0.19335350394249
v 1.05994427204132 1.122150182724 0.21551975607872
v 1.04910898208618 1.10919809341431 0.214609146118164
v 1.03637182712555 1.10323405265808 0.233675897121429
v 1.04468595981598 1.10660636425018 0.22491779923439
v 1.07007849216461 1.1387699842453 0.214774817228317
v 1.06926894187927 1.14120984077454 0.22575581073761
v 1.05691516399384 1.12238299846649 0.228164404630661
v 1.07675981521606 1.15916407108307 0.219516158103943
v 1.07598006725311 1.16559648513794 0.226722866296768
v 1.06713128089905 1.14676380157471 0.238924443721771
v 1.04976522922516 1.12603259086609 0.261260777711868
v 1.06298756599426 1.13842535018921 0.263414263725281
v 1.06372332572937 1.13687229156494 0.27334663271904
v 1.05218911170959 1.12376928329468 0.268557250499725
v 1.06957423686981 1.13621246814728 0.202447295188904
v 1.0738422870636 1.15949332714081 0.143646419048309
v 1.07628893852234 1.15479326248169 0.157672017812729
v 1.06656444072723 1.15073096752167 0.138707399368286
v 1.08483409881592 1.20832800865173 0.0995919108390808
v 1.09049165248871 1.20121514797211 0.11728823184967
v 1.08191704750061 1.18628883361816 0.115862160921097
v 1.07517540454865 1.18922173976898 0.0980692207813263
v 1.05603170394897 1.22246849536896 0.0687849819660187
v 1.07301485538483 1.21596884727478 0.0823533535003662
v 1.06379628181458 1.1916811466217 0.0809446573257446
v 1.04779636859894 1.19449782371521 0.0672625005245209
v 1.09664809703827 1.21645665168762 0.122496753931046
v 1.09172546863556 1.22758066654205 0.107588201761246
v 1.0983407497406 1.24389123916626 0.120968222618103
v 1.10143756866455 1.22950577735901 0.131554782390594
v 1.0819433927536 1.24037289619446 0.0924571752548218
v 1.08885753154755 1.26103901863098 0.108420610427856
v 1.07800579071045 1.17833364009857 0.228970229625702
v 1.07348597049713 1.16721868515015 0.244273990392685
v 1.07043063640594 1.15916752815247 0.256893008947372
v 1.0629460811615 1.14163208007812 0.252577126026154
v 1.07378900051117 1.27538800239563 0.0992099642753601
v 1.06514084339142 1.251309633255 0.0803697407245636
v 1.09729182720184 1.25886285305023 0.175432324409485
v 1.1002836227417 1.24162995815277 0.176553845405579
v 1.10279011726379 1.23998022079468 0.159303039312363
v 1.10005414485931 1.25974345207214 0.156031847000122
v 1.09102094173431 1.27706825733185 0.175066947937012
v 1.09394097328186 1.27975583076477 0.152621626853943
v 1.07941126823425 1.23579382896423 0.224424690008163
v 1.07264161109924 1.24987316131592 0.227467834949493
v 1.06559312343597 1.23622667789459 0.242066562175751
v 1.07209229469299 1.2240617275238 0.238800227642059
v 1.05193877220154 1.13952481746674 0.119420021772385
v 1.05669021606445 1.14263951778412 0.127109944820404
v 1.05068182945251 1.13779640197754 0.127534031867981
v 1.04630398750305 1.13566279411316 0.122143447399139
v 1.07023966312408 1.16058576107025 0.130044996738434
v 1.06290745735168 1.15099143981934 0.128275513648987
v 1.08560156822205 1.1839097738266 0.132122039794922
v 1.09157729148865 1.19721281528473 0.132934868335724
v 1.10103225708008 1.22036325931549 0.142428249120712
v 1.09722363948822 1.20920073986053 0.136222660541534
v 1.09968304634094 1.22860741615295 0.178192257881165
v 1.10170483589172 1.22756695747375 0.166782349348068
v 1.08128428459167 1.19587886333466 0.2275011241436
v 1.07692587375641 1.21078622341156 0.234444677829742
v 1.07117533683777 1.20041251182556 0.250198602676392
v 1.0748610496521 1.18532407283783 0.246381103992462
v 1.06155550479889 1.22411131858826 0.257759988307953
v 1.06530570983887 1.21364104747772 0.2539182305336
v 1.07051634788513 1.17240834236145 0.274516135454178
v 1.06784904003143 1.18727040290833 0.280484855175018
v 1.06897163391113 1.18280720710754 0.2933449447155
v 1.07034051418304 1.1690981388092 0.286719024181366
v 1.06488633155823 1.19469881057739 0.300377488136292
v 1.0631011724472 1.19941914081573 0.286109000444412
v 1.05693304538727 1.20863473415375 0.291132360696793
v 1.05794382095337 1.20260143280029 0.306984782218933
v 1.02469170093536 1.11174964904785 0.269115149974823
v 1.03748857975006 1.11639654636383 0.267741441726685
v 1.04078042507172 1.11350917816162 0.273303091526031
v 1.02708876132965 1.10951387882233 0.274217814207077
v 1.07268822193146 1.1665563583374 0.298066854476929
v 1.07332730293274 1.18170273303986 0.305058628320694
v 1.08278775215149 1.22246813774109 0.219615191221237
v 1.08837127685547 1.21047222614288 0.214055001735687
v 1.06915616989136 1.19276905059814 0.313366711139679
v 1.06849908828735 1.19318294525146 0.266321063041687
v 1.06306099891663 1.20524573326111 0.270550519227982
v 1.05399203300476 1.23320424556732 0.260919511318207
v 1.05870676040649 1.2467143535614 0.244621336460114
v 1.01692581176758 1.11902570724487 0.148977637290955
v 1.02187871932983 1.13060534000397 0.139038980007172
v 1.01796925067902 1.13248586654663 0.137990593910217
v 1.01921224594116 1.13414490222931 0.135603487491608
v 1.02262020111084 1.13236916065216 0.135850220918655
v 1.00916039943695 1.13949012756348 0.0966832339763641
v 1.02304339408875 1.14059734344482 0.0963826179504395
v 1.02002704143524 1.13268089294434 0.107893884181976
v 1.006911277771 1.13252735137939 0.111435323953629
v 1.04788017272949 1.11569547653198 0.164551347494125
v 1.04081797599792 1.10834217071533 0.172377705574036
v 1.03408563137054 1.1092027425766 0.164064168930054
v 1.0377881526947 1.1152640581131 0.157029271125793
v 1.04671883583069 1.13664555549622 0.13404843211174
v 1.0454785823822 1.13561475276947 0.131437867879868
v 1.04827380180359 1.13750553131104 0.13213700056076
v 1.03816163539886 1.10371935367584 0.185010939836502
v 1.04591679573059 1.10902416706085 0.182813107967377
v 1.07588481903076 1.14980530738831 0.171772956848145
v 1.05971682071686 1.14430618286133 0.135508209466934
v 1.03674817085266 1.22764372825623 0.0595744848251343
v 1.02846693992615 1.19606757164001 0.057886004447937
v 1.04501688480377 1.25934672355652 0.0720373690128326
v 1.0537965297699 1.28491759300232 0.0914443731307983
v 1.08108568191528 1.29691052436829 0.149502485990524
v 1.06353008747101 1.31103372573853 0.146418124437332
v 1.06246435642242 1.30883479118347 0.17440664768219
v 1.08071875572205 1.29340100288391 0.174793779850006
v 1.06569087505341 1.26237773895264 0.230866014957428
v 1.04923319816589 1.21532940864563 0.293537437915802
v 1.04977023601532 1.20760703086853 0.310199022293091
v 1.02072608470917 1.17049765586853 0.067352682352066
v 1.01439189910889 1.152099609375 0.0811774730682373
v 1.07851147651672 1.17167413234711 0.13203901052475
v 1.06257498264313 1.13173377513885 0.158693462610245
v 1.05752515792847 1.1242790222168 0.163166552782059
v 1.05259573459625 1.12641787528992 0.151972532272339
v 1.05637741088867 1.13184523582458 0.14976304769516
v 1.06772208213806 1.13569283485413 0.170539855957031
v 1.07226538658142 1.14295411109924 0.183407694101334
v 1.07743561267853 1.15221858024597 0.19677546620369
v 1.0776823759079 1.15484392642975 0.210610449314117
v 1.10025215148926 1.25729477405548 0.1368787586689
v 1.10289824008942 1.23911166191101 0.143433779478073
v 1.08044934272766 1.29156851768494 0.122478276491165
v 1.09284067153931 1.27493059635162 0.129171639680862
v 1.10270619392395 1.2296679019928 0.150798499584198
v 1.06165540218353 1.30449914932251 0.116096615791321
v 1.00352001190186 1.09924805164337 0.17001748085022
v 1.00233376026154 1.10167920589447 0.166568964719772
v 1.01163053512573 1.10211491584778 0.171773135662079
v 1.0018824338913 1.08939433097839 0.192715734243393
v 1.00436747074127 1.08963596820831 0.198498070240021
v 0.999006390571594 1.08927023410797 0.198977172374725
v 0.997168481349945 1.08891868591309 0.19282540678978
v 1.01358592510223 1.09424817562103 0.241908937692642
v 1.02472007274628 1.09798538684845 0.239041149616241
v 1.02213370800018 1.11217188835144 0.263249516487122
v 1.03467071056366 1.11783945560455 0.261894106864929
v 1.00154387950897 1.1013195514679 0.157207578420639
v 1.0024551153183 1.10273683071136 0.158750534057617
v 1.00049436092377 1.10280656814575 0.158283948898315
v 1.00001931190491 1.10139667987823 0.156803369522095
v 1.01650309562683 1.09792017936707 0.186725586652756
v 0.998005568981171 1.09352803230286 0.176264822483063
v 0.99834531545639 1.09339725971222 0.180411458015442
v 0.995209395885468 1.09334182739258 0.180573284626007
v 0.994838833808899 1.09359180927277 0.176593840122223
v 1.04844701290131 1.12075507640839 0.241745352745056
v 1.04828381538391 1.12633430957794 0.252239167690277
v 1.06860721111298 1.15258932113647 0.279258131980896
v 1.06904566287994 1.1553418636322 0.268702834844589
v 1.07192134857178 1.17761015892029 0.261455923318863
v 1.05879855155945 1.21520221233368 0.274676412343979
v 1.05072784423828 1.22331762313843 0.27650249004364
v 1.04226696491241 1.23007786273956 0.27775764465332
v 1.04482221603394 1.24098587036133 0.26307076215744
v 1.03040039539337 1.10892939567566 0.247205257415771
v 1.03285026550293 1.11559987068176 0.254425555467606
v 1.02009809017181 1.11012601852417 0.255595684051514
v 1.01740431785583 1.10401558876038 0.249332547187805
v 0.995525062084198 1.10000216960907 0.159247219562531
v 0.996908366680145 1.10126972198486 0.161129057407379
v 0.994802296161652 1.09989976882935 0.162912487983704
v 0.993737041950226 1.09843456745148 0.159727871417999
v 1.00361335277557 1.1033353805542 0.161025911569595
v 1.00150668621063 1.10292315483093 0.16388350725174
v 1.00123763084412 1.10376274585724 0.162021279335022
v 1.00400733947754 1.10229802131653 0.159149616956711
v 1.00282156467438 1.10051596164703 0.156897604465485
v 0.997099876403809 1.09763526916504 0.15461277961731
v 0.995631694793701 1.09344673156738 0.151960730552673
v 1.00040769577026 1.09835255146027 0.155223190784454
v 0.997822940349579 1.10143852233887 0.158493369817734
v 0.998433351516724 1.10259819030762 0.160400748252869
v 1.0008385181427 1.10394620895386 0.160237401723862
v 1.00249075889587 1.10368967056274 0.159964352846146
v 0.997910618782043 1.09940612316132 0.155524373054504
v 0.999979138374329 1.10013127326965 0.156088292598724
v 0.998000502586365 1.10930013656616 0.136305093765259
v 1.0122777223587 1.10947680473328 0.263770580291748
v 1.01023972034454 1.10801088809967 0.256851375102997
v 1.01745128631592 1.09845757484436 0.188631594181061
v 1.02109026908875 1.1344428062439 0.116616427898407
v 1.04578459262848 1.12244975566864 0.151885777711868
v 1.02473628520966 1.120600938797 0.148877382278442
v 1.02583527565002 1.12512540817261 0.144756704568863
v 1.03166973590851 1.12346506118774 0.147251546382904
v 1.03069412708282 1.11761915683746 0.152417421340942
v 1.01259171962738 1.13537514209747 0.120425522327423
v 1.00801765918732 1.13526952266693 0.126569926738739
v 1.00276494026184 1.1310350894928 0.122405856847763
v 1.00776946544647 1.13281655311584 0.132456600666046
v 1.01093637943268 1.13142919540405 0.137542843818665
v 1.00797474384308 1.12543380260468 0.137226581573486
v 1.0025600194931 1.12566018104553 0.129884570837021
v 1.04581713676453 1.13611006736755 0.128233402967453
v 1.0434262752533 1.13450908660889 0.128892600536346
v 1.01347184181213 1.12507748603821 0.142181873321533
v 1.01560199260712 1.12964868545532 0.140561401844025
v 1.0205055475235 1.12752151489258 0.142688363790512
v 1.01901769638062 1.12330603599548 0.145876437425613
v 1.03817987442017 1.12218976020813 0.149788379669189
v 1.05320596694946 1.14026975631714 0.133539021015167
v 1.04951083660126 1.13441526889801 0.143103361129761
v 1.08534240722656 1.19517278671265 0.212642669677734
v 1.09060490131378 1.20421063899994 0.204831957817078
v 1.08367240428925 1.17427980899811 0.210636049509048
v 1.08413290977478 1.17894601821899 0.210921585559845
v 1.07892227172852 1.1762615442276 0.216614544391632
v 1.08003187179565 1.17077088356018 0.214053392410278
v 1.09882342815399 1.20948672294617 0.169863998889923
v 1.09735202789307 1.20592856407166 0.168008536100388
v 1.09755039215088 1.20790326595306 0.161596804857254
v 1.09883332252502 1.21442317962646 0.165159523487091
v 1.09624528884888 1.20082688331604 0.162966847419739
v 1.0956221818924 1.19948995113373 0.166197746992111
v 1.09467005729675 1.19627499580383 0.165337651968002
v 1.09550869464874 1.20027089118958 0.159265339374542
v 1.09216451644897 1.19293606281281 0.158567875623703
v 1.09191131591797 1.19442176818848 0.146800965070724
v 1.0959804058075 1.20422911643982 0.148692846298218
v 1.08164501190186 1.17068290710449 0.15162205696106
v 1.08718872070312 1.18346166610718 0.147805005311966
v 1.08782601356506 1.18617081642151 0.16092586517334
v 1.08564722537994 1.17839729785919 0.167220711708069
v 1.08214330673218 1.16571760177612 0.199869275093079
v 1.08210587501526 1.16594457626343 0.208712518215179
v 1.08076071739197 1.18485116958618 0.21635976433754
v 1.08652746677399 1.27033793926239 0.194498211145401
v 1.0930323600769 1.25391852855682 0.193305969238281
v 1.09576416015625 1.23847723007202 0.191958695650101
v 1.0966420173645 1.22539806365967 0.190290361642838
v 1.07879495620728 1.28694248199463 0.19580340385437
v 1.06461608409882 1.29804861545563 0.199542254209518
v 1.0823118686676 1.16376566886902 0.167584419250488
v 1.08475339412689 1.17198252677917 0.178073406219482
v 1.08676600456238 1.24596583843231 0.209335088729858
v 1.08068883419037 1.26220440864563 0.212551444768906
v 1.09002125263214 1.23108804225922 0.206399172544479
v 1.0930312871933 1.21974170207977 0.202207922935486
v 1.07182049751282 1.27655911445618 0.213287651538849
v 1.05908381938934 1.28727531433105 0.219392746686935
v 1.05434417724609 1.26985943317413 0.235711544752121
v 1.08892607688904 1.17501401901245 0.202564001083374
v 1.08924198150635 1.1719251871109 0.207495152950287
v 1.08592581748962 1.1708664894104 0.208208322525024
v 1.08603143692017 1.17090809345245 0.2022904753685
v 1.08375978469849 1.16815555095673 0.18936488032341
v 1.08066034317017 1.15857374668121 0.182372272014618
v 0.999967992305756 1.11675333976746 0.132871001958847
v 0.998060166835785 1.07956445217133 0.218272417783737
v 0.996336221694946 1.08589720726013 0.205928534269333
v 0.998000264167786 1.09772562980652 0.169548064470291
v 0.998106896877289 1.09541726112366 0.172807663679123
v 0.994860231876373 1.09529972076416 0.173378199338913
v 0.994850695133209 1.09742987155914 0.170140445232391
v 1.01676964759827 1.13794147968292 0.12525674700737
v 1.04908931255341 1.25431895256042 0.247798532247543
v 1.04026055335999 1.22063887119293 0.293955326080322
v 1.04041421413422 1.21181213855743 0.310833990573883
v 1.06142055988312 1.19877314567566 0.321230620145798
v 1.05194687843323 1.20225024223328 0.32541024684906
v 0.994709730148315 1.0991644859314 0.166622817516327
v 0.997753202915192 1.09961700439453 0.166337519884109
v 0.997693538665771 1.10018754005432 0.15653669834137
v 1.00318372249603 1.09394979476929 0.181163936853409
v 0.998636245727539 1.10228633880615 0.161863565444946
v 0.997820794582367 1.10115218162537 0.163740366697311
v 0.99270224571228 1.09917140007019 0.163232773542404
v 0.993110239505768 1.09900403022766 0.166902035474777
v 1.02639281749725 1.12903594970703 0.140275716781616
v 1.02665221691132 1.13107001781464 0.136285901069641
v 0.995556890964508 1.09837007522583 0.156619608402252
v 0.993780374526978 1.09589052200317 0.156483113765717
v 1.05459117889404 1.12205600738525 0.275979816913605
v 1.06506955623627 1.13534331321716 0.282208740711212
v 0.993068814277649 1.09362995624542 0.180702447891235
v 0.992798209190369 1.09379315376282 0.176833510398865
v 1.08817648887634 1.18267107009888 0.177369803190231
v 1.08981168270111 1.18770372867584 0.17096620798111
v 1.09278225898743 1.18971252441406 0.177824109792709
v 1.09086334705353 1.18613457679749 0.183187037706375
v 1.01442813873291 1.10928809642792 0.270260751247406
v 1.07059264183044 1.15099966526031 0.2899489402771
v 1.04194211959839 1.20644354820251 0.327115416526794
v 1.04541003704071 1.13462209701538 0.137209683656693
v 1.04668939113617 1.13628423213959 0.136049389839172
v 1.01962208747864 1.13719213008881 0.128077059984207
v 1.00523841381073 1.09226214885712 0.188619434833527
v 1.00371205806732 1.09484231472015 0.18560928106308
v 1.00783371925354 1.10258650779724 0.250608444213867
v 0.992019951343536 1.09751355648041 0.159988433122635
v 1.095534324646 1.20052206516266 0.174291431903839
v 1.09503722190857 1.1987771987915 0.177276581525803
v 1.09716653823853 1.19579410552979 0.177003920078278
v 1.09715759754181 1.19662320613861 0.173825174570084
v 1.09700167179108 1.19305348396301 0.168169915676117
v 1.09856116771698 1.19570398330688 0.165675312280655
v 1.10034930706024 1.19543051719666 0.169532477855682
v 1.09875702857971 1.19417405128479 0.172010898590088
v 1.09292876720428 1.19183135032654 0.166690349578857
v 1.09469425678253 1.1916412115097 0.17196398973465
v 1.10133481025696 1.1973295211792 0.164994776248932
v 1.10144782066345 1.19742822647095 0.168118298053741
v 1.0964777469635 1.20187830924988 0.166500449180603
v 1.0987024307251 1.19964218139648 0.164500921964645
v 1.10081279277802 1.20418429374695 0.164614737033844
v 1.10459315776825 1.20070552825928 0.165364474058151
v 1.10443234443665 1.20915865898132 0.167156368494034
v 1.10844123363495 1.20447158813477 0.167920738458633
v 1.10619914531708 1.21189475059509 0.173043131828308
v 1.11062407493591 1.20771980285645 0.173111170530319
v 1.0861701965332 1.17435598373413 0.19461390376091
v 1.08726215362549 1.18121576309204 0.19681641459465
v 1.10659098625183 1.21175563335419 0.179616808891296
v 1.11160349845886 1.20844101905823 0.179237872362137
v 1.10603284835815 1.20980286598206 0.187101930379868
v 1.11094391345978 1.20706951618195 0.186265587806702
v 1.10493743419647 1.20604062080383 0.193993926048279
v 1.10934436321259 1.20395195484161 0.193031460046768
v 1.10312223434448 1.20100069046021 0.200826346874237
v 1.10734224319458 1.19903719425201 0.198531359434128
v 1.09984493255615 1.19352316856384 0.207378715276718
v 1.10399031639099 1.19261407852173 0.203091651201248
v 1.10666239261627 1.20733559131622 0.17486909031868
v 1.10482311248779 1.20536673069 0.170670181512833
v 1.09814345836639 1.21006524562836 0.174251586198807
v 1.1027352809906 1.20145916938782 0.168164610862732
v 1.09582507610321 1.20345020294189 0.185665041208267
v 1.09490847587585 1.20087695121765 0.187668025493622
v 1.09713315963745 1.19726347923279 0.185402989387512
v 1.0951589345932 1.20090174674988 0.184244960546494
v 1.09272944927216 1.18857073783875 0.186454713344574
v 1.09265792369843 1.18631935119629 0.191634953022003
v 1.09006726741791 1.1825795173645 0.189729809761047
v 1.09034645557404 1.18552827835083 0.195562303066254
v 1.09017133712769 1.18891155719757 0.19217324256897
v 1.09027528762817 1.18769299983978 0.195084929466248
v 1.08945405483246 1.19092965126038 0.188768923282623
v 1.0908203125 1.18803942203522 0.196974992752075
v 1.09112000465393 1.18603873252869 0.197747081518173
v 1.09003305435181 1.1893138885498 0.196526616811752
v 1.08955383300781 1.18913912773132 0.19538277387619
v 1.08885192871094 1.19077157974243 0.194316685199738
v 1.08936929702759 1.19385159015656 0.19259512424469
v 1.08783757686615 1.17784214019775 0.185613870620728
v 1.08903861045837 1.19336867332458 0.204094856977463
v 1.09369504451752 1.19920718669891 0.198257297277451
v 1.09986054897308 1.1859757900238 0.206011772155762
v 1.09623992443085 1.18482422828674 0.211820900440216
v 1.09106779098511 1.17261219024658 0.210506737232208
v 1.09378373622894 1.17719054222107 0.212525874376297
v 1.09750974178314 1.20939421653748 0.179476678371429
v 1.09772920608521 1.20789289474487 0.185989737510681
v 1.08540523052216 1.18534016609192 0.207207143306732
v 1.09603178501129 1.20458221435547 0.192144870758057
v 1.10204410552979 1.19376802444458 0.199631124734879
v 1.0984742641449 1.1891028881073 0.201597690582275
v 1.10534405708313 1.19826316833496 0.196242988109589
v 1.09122884273529 1.18237662315369 0.199552774429321
v 1.09504246711731 1.18492984771729 0.201407819986343
v 1.09613585472107 1.18061244487762 0.205612540245056
v 1.09255421161652 1.17700922489166 0.204248785972595
v 1.09643197059631 1.19103407859802 0.198660850524902
v 1.10021352767944 1.19396030902863 0.19671505689621
v 1.09386253356934 1.19355237483978 0.197691172361374
v 1.09746658802032 1.19625556468964 0.195748388767242
v 1.09195184707642 1.19016396999359 0.197757869958878
v 1.09325301647186 1.18811249732971 0.198932379484177
v 1.09057211875916 1.19548988342285 0.196783572435379
v 1.09407413005829 1.19921779632568 0.193698704242706
v 1.08999168872833 1.19137930870056 0.196929514408112
v 1.10032260417938 1.19747066497803 0.19244647026062
v 1.09774029254913 1.20006418228149 0.190389394760132
v 1.1005744934082 1.19888126850128 0.18611341714859
v 1.10269212722778 1.19824492931366 0.188489496707916
v 1.10335659980774 1.19684183597565 0.193948864936829
v 1.10562217235565 1.19953918457031 0.190242826938629
v 1.10648500919342 1.20255255699158 0.191643893718719
v 1.10626447200775 1.20249199867249 0.185576945543289
v 1.10714983940125 1.20586693286896 0.185999840497971
v 1.10415291786194 1.20019769668579 0.185101956129074
v 1.10233235359192 1.19877374172211 0.183490812778473
v 1.10754120349884 1.20766115188599 0.179949432611465
v 1.10610020160675 1.20424771308899 0.18072184920311
v 1.10517823696136 1.20463562011719 0.176468014717102
v 1.10442984104156 1.2015118598938 0.181308746337891
v 1.1035680770874 1.20171058177948 0.177905201911926
v 1.10308611392975 1.19983208179474 0.181460618972778
v 1.10216248035431 1.19953656196594 0.179452776908875
v 1.09922516345978 1.19923686981201 0.169816642999649
v 1.09793329238892 1.19752740859985 0.171240985393524
v 1.10126769542694 1.2014536857605 0.170752942562103
v 1.10007476806641 1.20061779022217 0.173256814479828
v 1.09878313541412 1.1999237537384 0.171897232532501
v 1.09748196601868 1.19951915740967 0.172998160123825
v 1.09914350509644 1.19928646087646 0.175342738628387
v 1.09764134883881 1.200528383255 0.177842020988464
v 1.03191483020782 1.09994161128998 0.282505452632904
v 1.0194137096405 1.09894633293152 0.283532619476318
v 1.01762652397156 1.10396492481232 0.280239313840866
v 1.02957856655121 1.10505092144012 0.278793931007385
v 1.1018750667572 1.20123291015625 0.175267338752747
v 1.10074996948242 1.19901156425476 0.177336066961288
v 1.10335576534271 1.20361316204071 0.172986060380936
v 1.09952199459076 1.20072984695435 0.182209879159927
v 1.09978008270264 1.19940745830536 0.179878503084183
v 1.10111427307129 1.19865345954895 0.181528329849243
v 1.10047733783722 1.19932579994202 0.183188736438751
v 1.09262216091156 1.19117975234985 0.183443963527679
v 1.09142220020294 1.1941522359848 0.186572164297104
v 1.09220147132874 1.19655323028564 0.190627932548523
v 1.0715503692627 1.10847592353821 0.296339094638824
v 1.06587946414948 1.11481356620789 0.293784320354462
v 1.08150660991669 1.12904572486877 0.298325747251511
v 1.08772122859955 1.12433290481567 0.301296234130859
v 1.08161342144012 1.08571720123291 0.293480277061462
v 1.10598015785217 1.10539317131042 0.300982981920242
v 1.10378980636597 1.07756698131561 0.294640600681305
v 1.08258485794067 1.06610548496246 0.292790591716766
v 1.10024642944336 1.05425679683685 0.29284006357193
v 1.08103048801422 1.04641056060791 0.292379379272461
v 1.09062612056732 0.993662297725677 0.290975034236908
v 1.07374906539917 0.990623593330383 0.289985835552216
v 1.0761970281601 1.0088073015213 0.290376424789429
v 1.09364378452301 1.01286697387695 0.2912717461586
v 1.10501873493195 0.921224534511566 0.31056621670723
v 1.09954285621643 0.908592879772186 0.322505563497543
v 1.08623516559601 0.909217417240143 0.31707438826561
v 1.09323704242706 0.921091973781586 0.306930661201477
v 1.16404747962952 1.04845631122589 0.305385649204254
v 1.17011022567749 1.0729638338089 0.301686376333237
v 1.18005561828613 1.06961810588837 0.307168424129486
v 1.17215466499329 1.04357588291168 0.312830537557602
v 1.11572682857513 1.16139006614685 0.328009068965912
v 1.11228513717651 1.13650250434875 0.315613925457001
v 1.10421538352966 1.13837826251984 0.315611630678177
v 1.10897207260132 1.16245496273041 0.325955033302307
v 1.15333247184753 0.951529920101166 0.337790727615356
v 1.14797282218933 0.938388407230377 0.338998824357986
v 1.14305901527405 0.941469132900238 0.327618896961212
v 1.14719307422638 0.954005300998688 0.325619637966156
v 1.12212586402893 0.875014364719391 0.383766800165176
v 1.12296605110168 0.857215225696564 0.391646862030029
v 1.1056946516037 0.850420475006104 0.379532843828201
v 1.10601794719696 0.868059813976288 0.37250804901123
v 1.16716694831848 0.925330281257629 0.425131410360336
v 1.17234420776367 0.937836706638336 0.448036402463913
v 1.16973626613617 0.922690987586975 0.456819653511047
v 1.16493105888367 0.908965170383453 0.434214055538177
v 1.12039506435394 1.00034880638123 0.297751128673553
v 1.10639035701752 0.99716329574585 0.293790906667709
v 1.11013877391815 1.0171080827713 0.29362428188324
v 1.12484955787659 1.02106893062592 0.297245383262634
v 1.34434580802917 1.13166046142578 0.293911635875702
v 1.34529161453247 1.11381900310516 0.295968413352966
v 1.32018089294434 1.11255884170532 0.298292219638824
v 1.31962704658508 1.12994229793549 0.296554416418076
v 1.16144669055939 0.822424530982971 0.466453313827515
v 1.16393828392029 0.836779534816742 0.487481355667114
v 1.16601049900055 0.819582462310791 0.492770731449127
v 1.16245806217194 0.805139541625977 0.471209585666656
v 1.21144938468933 1.1507420539856 0.30371218919754
v 1.19817101955414 1.15105390548706 0.302266120910645
v 1.19757676124573 1.17139196395874 0.317500352859497
v 1.21092200279236 1.17153167724609 0.317579209804535
v 1.15762734413147 1.0057121515274 0.320427089929581
v 1.15047037601471 1.00756561756134 0.312358915805817
v 1.15673768520355 1.0272581577301 0.308928370475769
v 1.16400229930878 1.02283573150635 0.317282021045685
v 1.1811398267746 0.968000948429108 0.433412134647369
v 1.17700123786926 0.957349717617035 0.414383292198181
v 1.18065404891968 0.977389574050903 0.408436059951782
v 1.18478488922119 0.987003087997437 0.425120651721954
v 1.17294871807098 0.940723776817322 0.419942528009415
v 1.17722392082214 0.952098548412323 0.441071659326553
v 1.14257311820984 1.00631999969482 0.306979924440384
v 1.13260757923126 1.00340473651886 0.302174985408783
v 1.137735247612 1.02515864372253 0.300862550735474
v 1.147780418396 1.02869713306427 0.303815126419067
v 1.09456253051758 0.899779200553894 0.336120277643204
v 1.0782915353775 0.900643050670624 0.329165279865265
v 1.15319108963013 0.791127562522888 0.451509118080139
v 1.13926208019257 0.778123497962952 0.434716641902924
v 1.13936805725098 0.796259999275208 0.429763376712799
v 1.15284550189972 0.808768570423126 0.446800947189331
v 1.08967328071594 0.879431009292603 0.357027351856232
v 1.09092140197754 0.892206370830536 0.347811698913574
v 1.10655033588409 0.895143806934357 0.355389386415482
v 1.10595345497131 0.883146524429321 0.365663349628448
v 1.12181234359741 0.766655445098877 0.42047643661499
v 1.10199117660522 0.756854236125946 0.40686309337616
v 1.10171043872833 0.776393532752991 0.402275204658508
v 1.12178790569305 0.785281538963318 0.415153443813324
v 1.09702205657959 1.03298354148865 0.291997075080872
v 1.07864511013031 1.02754378318787 0.291041016578674
v 1.12620437145233 0.926433622837067 0.320593774318695
v 1.12347972393036 0.914892196655273 0.332569390535355
v 1.11224579811096 0.910938203334808 0.327645897865295
v 1.11633789539337 0.923495709896088 0.315366804599762
v 1.1785945892334 1.0304137468338 0.342192262411118
v 1.17771244049072 1.03639388084412 0.325020551681519
v 1.19111251831055 1.06355953216553 0.317279934883118
v 1.18825876712799 1.04876804351807 0.339058607816696
v 1.16924834251404 0.802789688110352 0.498321771621704
v 1.16507911682129 0.788693606853485 0.476348459720612
v 1.12266290187836 0.748884439468384 0.426107257604599
v 1.10256206989288 0.738531827926636 0.412489175796509
v 1.22067666053772 1.06287026405334 0.385292679071426
v 1.21137952804565 1.05556702613831 0.390232890844345
v 1.20621657371521 1.05398631095886 0.379256069660187
v 1.215456366539 1.06208729743958 0.37469756603241
v 1.054368019104 0.921547293663025 0.307454884052277
v 1.0695583820343 0.927420020103455 0.30090594291687
v 1.07536780834198 0.91512668132782 0.309633284807205
v 1.06322264671326 0.907255113124847 0.319541215896606
v 1.12153339385986 0.906170189380646 0.347498178482056
v 1.12083172798157 0.899867713451385 0.361834853887558
v 1.10910367965698 0.901838719844818 0.342119991779327
v 1.03849363327026 0.917154908180237 0.317095875740051
v 1.04925882816315 0.898454368114471 0.333143055438995
v 1.06016206741333 1.0223913192749 0.291359961032867
v 1.05785059928894 1.00553917884827 0.290072560310364
v 1.06164491176605 1.03945350646973 0.292344093322754
v 1.04324948787689 1.03410542011261 0.292386114597321
v 1.04279923439026 1.05077409744263 0.291803240776062
v 1.06173288822174 1.05662965774536 0.292131006717682
v 1.04098439216614 1.06633174419403 0.289384722709656
v 1.06013214588165 1.0730584859848 0.290814816951752
v 1.05242276191711 1.09563946723938 0.29332110285759
v 1.04871761798859 1.10280311107635 0.290788620710373
v 1.16921961307526 1.01757574081421 0.329179525375366
v 1.16396272182465 1.00194907188416 0.332376062870026
v 1.14049482345581 0.760902643203735 0.44013449549675
v 1.13326799869537 1.14927506446838 0.433933913707733
v 1.13372647762299 1.13677453994751 0.445705890655518
v 1.14824199676514 1.13721311092377 0.435744255781174
v 1.14759373664856 1.15020799636841 0.426227420568466
v 1.12329816818237 1.16320300102234 0.328563988208771
v 1.12266445159912 1.13940334320068 0.313915640115738
v 1.20418882369995 1.08636140823364 0.421759247779846
v 1.19288408756256 1.08519768714905 0.429097294807434
v 1.19454073905945 1.07599139213562 0.429511576890945
v 1.20401322841644 1.07773423194885 0.421798855066299
v 1.22606658935547 1.06959629058838 0.400943458080292
v 1.2424875497818 1.07396042346954 0.396178692579269
v 1.244464635849 1.08041644096375 0.400095671415329
v 1.22716212272644 1.07594347000122 0.403861403465271
v 1.16334462165833 0.832468867301941 0.513785660266876
v 1.16060411930084 0.850009143352509 0.508614778518677
v 1.15848159790039 0.987232804298401 0.49875408411026
v 1.16731786727905 0.968907415866852 0.484657406806946
v 1.17392230033875 0.983914792537689 0.473566919565201
v 1.16717159748077 1.00250554084778 0.484977453947067
v 1.05114531517029 1.13200998306274 0.45788437128067
v 1.0513688325882 1.12146902084351 0.467920005321503
v 1.0690541267395 1.12513864040375 0.466486543416977
v 1.06747817993164 1.13604688644409 0.456539481878281
v 1.09981942176819 1.15411603450775 0.437828481197357
v 1.09899687767029 1.16383647918701 0.425854802131653
v 1.08074820041656 1.15904092788696 0.432331055402756
v 1.08210074901581 1.14966869354248 0.44290691614151
v 1.11777365207672 1.1468802690506 0.442481189966202
v 1.11843347549438 1.13505291938782 0.453945696353912
v 1.18532884120941 0.999230027198792 0.438876926898956
v 1.18173801898956 0.982038259506226 0.449142962694168
v 1.19437158107758 1.02567887306213 0.42474564909935
v 1.19201898574829 1.01678574085236 0.412755966186523
v 1.19604516029358 1.02754735946655 0.407717287540436
v 1.19851887226105 1.03633809089661 0.418951779603958
v 1.10197007656097 1.16500401496887 0.322990119457245
v 1.10208678245544 1.18483638763428 0.336977332830429
v 1.10977220535278 1.18218588829041 0.340108633041382
v 1.0754132270813 1.18750488758087 0.383143752813339
v 1.07564580440521 1.18476390838623 0.391212314367294
v 1.08692002296448 1.18608057498932 0.384386509656906
v 1.08406448364258 1.18837285041809 0.377035528421402
v 1.07593476772308 1.06849575042725 0.510872483253479
v 1.0557450056076 1.06828856468201 0.512659192085266
v 1.05570161342621 1.04798936843872 0.523538529872894
v 1.07817792892456 1.04628038406372 0.522120118141174
v 1.2015837430954 1.05178534984589 0.420913755893707
v 1.20695054531097 1.05672144889832 0.413171291351318
v 1.20583498477936 1.06354689598083 0.418188720941544
v 1.19938039779663 1.05964994430542 0.426039308309555
v 1.19516026973724 1.05390405654907 0.43271392583847
v 1.19120490550995 1.04682314395905 0.439974427223206
v 1.19394075870514 1.03577220439911 0.433438718318939
v 1.19767045974731 1.04454016685486 0.42677766084671
v 1.17404091358185 1.0152987241745 0.470915764570236
v 1.17969226837158 0.998195648193359 0.461388736963272
v 1.18398070335388 1.01337790489197 0.449429571628571
v 1.1811363697052 1.02862942218781 0.458416283130646
v 1.05007779598236 0.972985327243805 0.550398707389832
v 1.07022380828857 0.971213400363922 0.552017450332642
v 1.07245600223541 0.996601760387421 0.543501138687134
v 1.05191493034363 0.998608291149139 0.543779969215393
v 1.22343468666077 1.0736802816391 0.349564760923386
v 1.22291719913483 1.07864892482758 0.33568948507309
v 1.23759198188782 1.08220088481903 0.331602990627289
v 1.24149072170258 1.07713031768799 0.346093654632568
v 1.25744593143463 1.10374331474304 0.404261231422424
v 1.26931869983673 1.10760498046875 0.402435064315796
v 1.26861786842346 1.1145646572113 0.402202486991882
v 1.25644397735596 1.11130094528198 0.404354453086853
v 1.26899099349976 1.07338190078735 0.354128658771515
v 1.26197636127472 1.07790398597717 0.342161953449249
v 1.28508901596069 1.07684707641602 0.337624847888947
v 1.29249751567841 1.07152700424194 0.350840896368027
v 1.13041400909424 1.1799464225769 0.351806730031967
v 1.13023352622986 1.16563785076141 0.329232662916183
v 1.12438023090363 1.18034708499908 0.347828477621078
v 1.25726056098938 1.06938993930817 0.378305345773697
v 1.27875864505768 1.06975591182709 0.376330554485321
v 1.28144454956055 1.07261943817139 0.385801196098328
v 1.26020181179047 1.07187211513519 0.387288510799408
v 1.34545063972473 1.14917194843292 0.300110697746277
v 1.32088160514832 1.14693510532379 0.302600741386414
v 1.32349348068237 1.06938791275024 0.359670877456665
v 1.32899332046509 1.0722827911377 0.371866017580032
v 1.30327785015106 1.07025837898254 0.373545199632645
v 1.29885923862457 1.06953454017639 0.362542450428009
v 1.15116262435913 0.969666063785553 0.509927153587341
v 1.1615446805954 0.953097224235535 0.495085656642914
v 1.14260017871857 0.853258848190308 0.550293505191803
v 1.15509307384491 0.843754172325134 0.533202469348907
v 1.15162777900696 0.8621466755867 0.527807652950287
v 1.13947379589081 0.872617363929749 0.544236958026886
v 1.16610455513 0.815542280673981 0.520032286643982
v 1.14524328708649 0.833865165710449 0.556788086891174
v 1.15810120105743 0.825472474098206 0.539821684360504
v 1.08693671226501 1.18434047698975 0.324526488780975
v 1.08063626289368 1.19409394264221 0.335420727729797
v 1.08651471138 1.19418263435364 0.345359265804291
v 1.09419047832489 1.18586385250092 0.331384479999542
v 1.18964409828186 0.704474329948425 0.557863831520081
v 1.18776834011078 0.676673054695129 0.568008542060852
v 1.19095170497894 0.668567776679993 0.538502275943756
v 1.19009947776794 0.695997297763824 0.529163062572479
v 1.06181204319 1.19401359558105 0.36545068025589
v 1.07508432865143 1.19501566886902 0.356565892696381
v 1.07009255886078 1.19704365730286 0.345276713371277
v 1.05874347686768 1.19716203212738 0.352276593446732
v 1.18785893917084 0.719984471797943 0.521979093551636
v 1.18752717971802 0.731500148773193 0.548243284225464
v 1.08765244483948 1.16539633274078 0.314428776502609
v 1.09537255764008 1.16570103168488 0.319456338882446
v 1.0913497209549 1.14599061012268 0.308750331401825
v 1.08392417430878 1.14738523960114 0.304285883903503
v 1.0747789144516 1.13171410560608 0.295068144798279
v 1.18838715553284 0.657260537147522 0.512564241886139
v 1.18435311317444 0.682239055633545 0.505360066890717
v 1.07521235942841 1.19282126426697 0.324797630310059
v 1.06601190567017 1.19755434989929 0.33363339304924
v 1.05533790588379 1.19989717006683 0.339254260063171
v 1.04391872882843 1.20249915122986 0.341899067163467
v 1.17071747779846 0.798726141452789 0.526322185993195
v 1.17273724079132 0.786630868911743 0.503917098045349
v 1.13628816604614 0.579229831695557 0.654512107372284
v 1.10967493057251 0.579128623008728 0.666811525821686
v 1.10642266273499 0.556507468223572 0.654170036315918
v 1.13763546943665 0.556386828422546 0.643362641334534
v 1.04188919067383 0.593444228172302 0.671626269817352
v 1.03726768493652 0.574186980724335 0.655446648597717
v 1.07186436653137 0.563198626041412 0.658584356307983
v 1.07771956920624 0.583639025688171 0.672257840633392
v 1.05793988704681 0.730572164058685 0.671274900436401
v 1.08812355995178 0.728531241416931 0.667370080947876
v 1.08800399303436 0.749976336956024 0.654492378234863
v 1.05882048606873 0.75190532207489 0.659267425537109
v 1.14974069595337 0.816031038761139 0.564940929412842
v 1.16293001174927 0.808290898799896 0.54736316204071
v 1.16712737083435 0.773272514343262 0.481648176908493
v 1.19622540473938 0.530696868896484 0.512905478477478
v 1.20075035095215 0.536822259426117 0.551800131797791
v 1.1990270614624 0.504655480384827 0.554838955402374
v 1.19689011573792 0.498391389846802 0.517424345016479
v 1.16403126716614 0.50759744644165 0.615852832794189
v 1.16650366783142 0.535493493080139 0.619115591049194
v 1.13557255268097 0.532540678977966 0.636281967163086
v 1.13283479213715 0.507797837257385 0.631199598312378
v 1.08163833618164 0.729289531707764 0.400536507368088
v 1.1024968624115 0.722738146781921 0.419065654277802
v 1.08126032352448 0.71307384967804 0.408124685287476
v 1.01710319519043 0.714054107666016 0.385568499565125
v 1.04032111167908 0.717015564441681 0.386688768863678
v 1.03759944438934 0.701169312000275 0.394975304603577
v 1.01547825336456 0.698825061321259 0.393642127513885
v 1.01890027523041 0.615808069705963 0.433625102043152
v 1.00312340259552 0.617352485656738 0.432614773511887
v 1.00563299655914 0.635350942611694 0.42609429359436
v 1.0239143371582 0.635345220565796 0.427142053842545
v 1.17196524143219 0.668981075286865 0.483563095331192
v 1.15217244625092 0.658534526824951 0.464307695627213
v 1.15029811859131 0.678430557250977 0.462113797664642
v 1.16946387290955 0.690428614616394 0.479141891002655
v 1.03244173526764 0.559548914432526 0.635915338993073
v 1.06419539451599 0.546854496002197 0.642125308513641
v 1.18268656730652 0.493297755718231 0.480839371681213
v 1.17987978458405 0.526362657546997 0.477379143238068
v 1.1543060541153 0.490095585584641 0.452998548746109
v 1.11854994297028 0.489808619022369 0.44314831495285
v 1.11750090122223 0.520707905292511 0.441828548908234
v 1.15246498584747 0.522320985794067 0.451887488365173
v 1.01141774654388 0.548716068267822 0.484058618545532
v 1.0209733247757 0.563595771789551 0.459791898727417
v 1.03046715259552 0.555900752544403 0.46500363945961
v 1.01700365543365 0.54607355594635 0.489764809608459
v 1.04901158809662 0.638171195983887 0.687781393527985
v 1.04596674442291 0.616835474967957 0.68241560459137
v 1.07956302165985 0.60707151889801 0.682050824165344
v 1.08106231689453 0.632066011428833 0.687214016914368
v 1.12896180152893 0.840083479881287 0.570146083831787
v 1.13290786743164 0.821104526519775 0.579568564891815
v 1.11130726337433 0.844342291355133 0.580083429813385
v 1.1272656917572 0.860915005207062 0.563638687133789
v 1.10963761806488 0.866529583930969 0.572772741317749
v 1.1188668012619 1.00190770626068 0.526943445205688
v 1.13654482364655 0.986079931259155 0.520760715007782
v 1.14458954334259 1.00421261787415 0.509900331497192
v 1.12747633457184 1.02189803123474 0.516212999820709
v 1.0861212015152 1.12877297401428 0.463229537010193
v 1.08402419090271 1.13939654827118 0.453419953584671
v 1.09489715099335 0.513457417488098 0.637372493743896
v 1.0524650812149 0.525030136108398 0.627579212188721
v 1.06613278388977 0.487301379442215 0.625494360923767
v 1.10139346122742 0.483288139104843 0.632259011268616
v 1.1614762544632 0.479039400815964 0.612851202487946
v 1.18302607536316 0.47733661532402 0.589480519294739
v 1.18707823753357 0.508578896522522 0.590120673179626
v 1.1962788105011 0.472642719745636 0.5555499792099
v 1.1964989900589 0.466164112091064 0.517860233783722
v 1.15384292602539 0.457169771194458 0.45530241727829
v 1.11836683750153 0.457515567541122 0.446400821208954
v 1.03216850757599 0.491631269454956 0.488570123910904
v 1.05409038066864 0.489634662866592 0.466866254806519
v 1.05518770217896 0.463938653469086 0.472881972789764
v 1.03442299365997 0.467502683401108 0.496810674667358
v 1.06420338153839 0.610131859779358 0.43914070725441
v 1.09972822666168 0.629564642906189 0.443512499332428
v 1.1037780046463 0.611886024475098 0.444422453641891
v 1.07461833953857 0.594778895378113 0.443865329027176
v 1.0223833322525 0.732279181480408 0.377420961856842
v 1.04137814044952 0.735839605331421 0.378714442253113
v 1.06024885177612 0.722085118293762 0.391166508197784
v 1.06064343452454 0.740763425827026 0.384055972099304
v 1.08133018016815 0.74794465303421 0.394003242254257
v 1.04153394699097 0.81512039899826 0.354586631059647
v 1.06462061405182 0.818068325519562 0.361948311328888
v 1.0615508556366 0.799304604530334 0.367634773254395
v 1.03874456882477 0.796043634414673 0.360468506813049
v 1.04465532302856 0.836040258407593 0.349858105182648
v 1.06753766536713 0.839420080184937 0.35697215795517
v 1.04858827590942 0.879179954528809 0.344740927219391
v 1.07209086418152 0.892164885997772 0.340829193592072
v 1.07059693336487 0.878103315830231 0.349743247032166
v 1.04222571849823 1.01777768135071 0.292133837938309
v 1.04027140140533 1.00185477733612 0.291762471199036
v 1.17735648155212 0.645163834095001 0.48707115650177
v 1.02609252929688 0.518056392669678 0.601053476333618
v 1.01616406440735 0.508284687995911 0.574218034744263
v 1.0229743719101 0.481368064880371 0.581671357154846
v 1.03815495967865 0.486073046922684 0.607586205005646
v 1.18186688423157 0.705015897750854 0.499364078044891
v 1.15476679801941 0.774675965309143 0.456353783607483
v 1.15609455108643 0.759189367294312 0.462270200252533
v 1.15465569496155 0.915032386779785 0.398738741874695
v 1.15331566333771 0.896948873996735 0.413364499807358
v 1.08312547206879 0.932178974151611 0.298399716615677
v 1.08432817459106 0.922383904457092 0.304110527038574
v 1.19012641906738 0.539520680904388 0.590320527553558
v 1.15229153633118 0.425507664680481 0.458471268415451
v 1.14927458763123 0.395386934280396 0.462022036314011
v 1.11540472507477 0.395205795764923 0.455740332603455
v 1.11681008338928 0.425628483295441 0.45093822479248
v 1.029580950737 0.442168742418289 0.531436502933502
v 1.03898191452026 0.439282387495041 0.504813611507416
v 1.04441821575165 0.410134792327881 0.512203097343445
v 1.03731894493103 0.41251540184021 0.538274049758911
v 1.04456353187561 0.382375001907349 0.542275846004486
v 1.05029010772705 0.379000723361969 0.516633570194244
v 1.05312132835388 0.348999977111816 0.522654712200165
v 1.0498880147934 0.353181958198547 0.546961605548859
v 1.18245077133179 0.460249990224838 0.481651335954666
v 1.1912899017334 0.403970241546631 0.516076505184174
v 1.17743301391602 0.397780656814575 0.48455622792244
v 1.18042492866516 0.428476274013519 0.482890188694
v 1.19412422180176 0.43454122543335 0.516979694366455
v 1.13443851470947 0.480183988809586 0.626477837562561
v 1.02266132831573 0.470317631959915 0.523095369338989
v 1.01895368099213 0.49395290017128 0.513891398906708
v 1.04454553127289 0.416977345943451 0.587177872657776
v 1.06067085266113 0.418950974941254 0.608338594436646
v 1.05016016960144 0.451892375946045 0.608829736709595
v 1.03332793712616 0.449336230754852 0.585129916667938
v 1.16318023204803 0.420240819454193 0.603775024414062
v 1.18069493770599 0.417504012584686 0.580145180225372
v 1.18201315402985 0.447270929813385 0.584211409091949
v 1.16246521472931 0.449498951435089 0.607876181602478
v 1.19385993480682 0.441603809595108 0.552366554737091
v 1.1909943819046 0.411239385604858 0.549917459487915
v 1.1846969127655 0.344540357589722 0.514958143234253
v 1.16862940788269 0.33965277671814 0.486687153577805
v 1.17348837852478 0.368105471134186 0.486171424388885
v 1.18812894821167 0.373961508274078 0.515451610088348
v 1.18622243404388 0.352127313613892 0.546199440956116
v 1.18853807449341 0.381372630596161 0.54789012670517
v 1.17995727062225 0.387826085090637 0.577266275882721
v 1.17920029163361 0.358924329280853 0.574345290660858
v 1.16370415687561 0.363281190395355 0.595362424850464
v 1.16375923156738 0.391515374183655 0.600003123283386
v 1.14214360713959 0.39253968000412 0.615407228469849
v 1.14406132698059 0.365159213542938 0.610320389270782
v 1.11722552776337 0.392476499080658 0.621999621391296
v 1.09216904640198 0.391478180885315 0.618454813957214
v 1.09957778453827 0.36400830745697 0.614274263381958
v 1.12200403213501 0.365016996860504 0.616760849952698
v 1.06256437301636 0.358972251415253 0.590021789073944
v 1.07846486568451 0.361802518367767 0.605689346790314
v 1.06985414028168 0.3891521692276 0.607564985752106
v 1.05425357818604 0.386913597583771 0.588555216789246
v 1.09083342552185 0.252073407173157 0.596300005912781
v 1.10782051086426 0.255651891231537 0.601269841194153
v 1.09969043731689 0.283278107643127 0.601973295211792
v 1.08187222480774 0.280060052871704 0.595217645168304
v 1.12371802330017 0.258445262908936 0.607437610626221
v 1.14148223400116 0.260250687599182 0.608314573764801
v 1.13459587097168 0.286806344985962 0.606343030929565
v 1.11719858646393 0.286032557487488 0.604622483253479
v 1.16703116893768 0.283230841159821 0.586924910545349
v 1.15189182758331 0.286209881305695 0.600506603717804
v 1.1580935716629 0.259905874729156 0.602072656154633
v 1.172243475914 0.257107675075531 0.587645351886749
v 1.18558478355408 0.253422260284424 0.56912899017334
v 1.18292677402496 0.279019355773926 0.569150984287262
v 1.18658530712128 0.247324228286743 0.544964909553528
v 1.18686974048615 0.272399008274078 0.544455587863922
v 1.17611575126648 0.265117824077606 0.517148077487946
v 1.17719554901123 0.240834712982178 0.517732918262482
v 1.06212294101715 0.265075981616974 0.546684920787811
v 1.06842935085297 0.237326204776764 0.551928997039795
v 1.06784677505493 0.242926955223083 0.571540713310242
v 1.06014108657837 0.269918322563171 0.566181540489197
v 1.0900092124939 0.258975028991699 0.50643116235733
v 1.10831427574158 0.25761616230011 0.484591275453568
v 1.11052536964417 0.232746481895447 0.493875443935394
v 1.09405648708344 0.231988310813904 0.515572667121887
v 1.18443727493286 0.324506819248199 0.545453369617462
v 1.18065345287323 0.316781640052795 0.515055418014526
v 1.16350793838501 0.335956275463104 0.591000556945801
v 1.17888569831848 0.331382870674133 0.571720123291016
v 1.06927943229675 0.332561612129211 0.591664791107178
v 1.08597767353058 0.335645973682404 0.603818595409393
v 1.05631649494171 0.320324182510376 0.529511034488678
v 1.05337691307068 0.324708580970764 0.552334547042847
v 1.1369765996933 0.282953441143036 0.472666233778
v 1.13790237903595 0.309600651264191 0.471274703741074
v 1.16466164588928 0.311865031719208 0.487326443195343
v 1.16298484802246 0.285266399383545 0.487231105566025
v 1.1855833530426 0.297975778579712 0.544693350791931
v 1.17996001243591 0.305128514766693 0.570090413093567
v 1.16465651988983 0.309393107891083 0.588098526000977
v 1.14841341972351 0.31219756603241 0.601687788963318
v 1.13017988204956 0.312563717365265 0.607462584972382
v 1.11163699626923 0.311710238456726 0.606475651264191
v 1.09286451339722 0.30950665473938 0.603203475475311
v 1.07553124427795 0.306307971477509 0.593870997428894
v 1.05655920505524 0.297101497650146 0.559514939785004
v 1.05919480323792 0.292019605636597 0.538378894329071
v 1.13664531707764 0.233884215354919 0.484881043434143
v 1.13605713844299 0.257272899150848 0.476112425327301
v 1.1623295545578 0.260137498378754 0.490365564823151
v 1.16249060630798 0.236372172832489 0.494538486003876
v 1.13842213153839 0.212716102600098 0.495425581932068
v 1.11689329147339 0.21125465631485 0.50319367647171
v 1.13122081756592 0.23189651966095 0.609240770339966
v 1.14825463294983 0.233276426792145 0.609441518783569
v 1.16466772556305 0.23291552066803 0.60321044921875
v 1.18946766853333 0.227845013141632 0.57019305229187
v 1.18783164024353 0.221384644508362 0.543989360332489
v 1.17670774459839 0.214868605136871 0.518242597579956
v 1.16113829612732 0.214675605297089 0.500300765037537
v 1.08688247203827 0.189413845539093 0.574610352516174
v 1.07874464988708 0.216911494731903 0.572242736816406
v 1.07913970947266 0.212263941764832 0.55422455072403
v 1.08880698680878 0.186514854431152 0.555968582630157
v 1.10479950904846 0.196581959724426 0.602172434329987
v 1.11914968490601 0.200689971446991 0.613096952438354
v 1.11558902263641 0.228668749332428 0.60234659910202
v 1.10102713108063 0.225194871425629 0.594225525856018
v 1.137211561203 0.203473210334778 0.61899721622467
v 1.15551280975342 0.204894185066223 0.617067694664001
v 1.17293655872345 0.205906629562378 0.609859883785248
v 1.19492530822754 0.200157642364502 0.571651458740234
v 1.17983865737915 0.231573164463043 0.590895175933838
v 1.18793749809265 0.204671919345856 0.594789564609528
v 1.19194102287292 0.193414151668549 0.540463745594025
v 1.17666780948639 0.156659841537476 0.518447756767273
v 1.17185163497925 0.186229109764099 0.516119062900543
v 1.19796299934387 0.163745999336243 0.540071666240692
v 1.15945971012115 0.0567588806152344 0.526201546192169
v 1.18537819385529 0.0607089400291443 0.529119968414307
v 1.18442487716675 0.0255496501922607 0.534239947795868
v 1.16177725791931 0.0217242240905762 0.5313600897789
v 1.09364628791809 0.157609283924103 0.559844195842743
v 1.09034156799316 0.159448087215424 0.579953849315643
v 1.10558140277863 0.165213525295258 0.612186133861542
v 1.12248635292053 0.16951447725296 0.623315095901489
v 1.20872402191162 0.140118777751923 0.575728297233582
v 1.20279264450073 0.170883655548096 0.571925818920135
v 1.19598984718323 0.175317645072937 0.59746778011322
v 1.20140886306763 0.144086003303528 0.601581931114197
v 1.09984993934631 0.0593270063400269 0.568288862705231
v 1.09693324565887 0.0599578022956848 0.587930083274841
v 1.09201371669769 0.0941555500030518 0.587028980255127
v 1.09518933296204 0.0928012132644653 0.565635859966278
v 1.1231552362442 0.137041032314301 0.62898588180542
v 1.10606956481934 0.132441580295563 0.617301940917969
v 1.10846078395844 0.0990033149719238 0.620338797569275
v 1.12542414665222 0.102833151817322 0.631712198257446
v 1.21025311946869 0.0706267952919006 0.57902979850769
v 1.21122145652771 0.106732666492462 0.578265488147736
v 1.20465970039368 0.110048651695251 0.603760540485382
v 1.20469689369202 0.0730376839637756 0.603214919567108
v 1.18157851696014 0.126927018165588 0.520949423313141
v 1.20326089859009 0.133723437786102 0.54419070482254
v 1.20537459850311 0.101584732532501 0.548040747642517
v 1.18536865711212 0.0946758985519409 0.525091469287872
v 1.15276300907135 0.122912466526031 0.518897116184235
v 1.15680003166199 0.0911434888839722 0.522187054157257
v 1.11694991588593 -0.0123993754386902 0.584784924983978
v 1.10669696331024 0.0246382355690002 0.586172997951508
v 1.10953211784363 0.022653341293335 0.56932657957077
v 1.11974442005157 -0.0150308609008789 0.569403469562531
v 1.13072454929352 0.0673510432243347 0.629655718803406
v 1.11337578296661 0.0640605092048645 0.619547843933105
v 1.12173104286194 0.0280370116233826 0.6138716340065
v 1.13674819469452 0.0303016304969788 0.623421251773834
v 1.2046605348587 -0.00762093067169189 0.578119516372681
v 1.20799112319946 0.032360315322876 0.579042136669159
v 1.20233249664307 0.0336730480194092 0.600790202617645
v 1.19868743419647 -0.00615435838699341 0.598341524600983
v 1.18415725231171 -0.0124912261962891 0.539210319519043
v 1.20304870605469 0.029848575592041 0.552508115768433
v 1.20110476016998 -0.00949019193649292 0.555375456809998
v 1.18302297592163 -0.0503591299057007 0.541202545166016
v 1.166100025177 -0.0530169606208801 0.538408100605011
v 1.16372489929199 -0.0155923366546631 0.536309003829956
v 1.12892746925354 -0.0505154728889465 0.569517970085144
v 1.12502634525299 -0.0487903952598572 0.583232820034027
v 1.13283789157867 -0.0461626052856445 0.605035305023193
v 1.14428186416626 -0.0432661771774292 0.613713502883911
v 1.14175498485565 -0.00677722692489624 0.617798686027527
v 1.12873482704163 -0.00940209627151489 0.609074115753174
v 1.17501497268677 -0.0065959095954895 0.620008409023285
v 1.15822863578796 -0.00592899322509766 0.621793150901794
v 1.15931522846222 -0.0423654913902283 0.617276787757874
v 1.17459380626678 -0.0431613326072693 0.614992618560791
v 1.19414150714874 -0.0427180528640747 0.595077216625214
v 1.18875241279602 -0.00600099563598633 0.61229020357132
v 1.18577218055725 -0.0427353382110596 0.607453286647797
v 1.20056629180908 -0.0436287522315979 0.576540172100067
v 1.19840025901794 -0.0469937920570374 0.555005192756653
v 1.01170551776886 0.543347179889679 0.577333688735962
v 1.01053440570831 0.534185647964478 0.549194753170013
v 1.01288044452667 0.525999665260315 0.561984956264496
v 1.01841247081757 0.538527727127075 0.590827226638794
v 1.06082272529602 0.403877258300781 0.485794723033905
v 1.05808448791504 0.435205638408661 0.479028284549713
v 1.06562399864197 0.343942582607269 0.498419046401978
v 1.06437933444977 0.37279486656189 0.491316646337509
v 1.06769275665283 0.315397024154663 0.506676912307739
v 1.07036590576172 0.287558972835541 0.516784191131592
v 1.07254660129547 0.259661316871643 0.526715755462646
v 1.07833361625671 0.23299378156662 0.532980680465698
v 1.08797764778137 0.208454728126526 0.535886168479919
v 1.09753441810608 0.182671308517456 0.537041127681732
v 1.10701727867126 0.125304520130157 0.542026698589325
v 1.09481310844421 0.126034617424011 0.56317412853241
v 1.10452520847321 0.155046343803406 0.539647698402405
v 1.11284494400024 0.0580973029136658 0.546991348266602
v 1.10878753662109 0.0928223133087158 0.544422686100006
v 1.12053024768829 0.0207854509353638 0.549997985363007
v 1.12919890880585 -0.017209529876709 0.55331164598465
v 1.13789772987366 -0.0525230765342712 0.554828822612762
v 1.08305537700653 0.542353987693787 0.445607304573059
v 1.05483865737915 0.534946799278259 0.458040475845337
v 1.05568671226501 0.550734162330627 0.454782873392105
v 1.08211231231689 0.562580108642578 0.444973647594452
v 1.0060840845108 0.544299483299255 0.516406416893005
v 1.00763630867004 0.544354796409607 0.502319097518921
v 1.01178812980652 0.543328285217285 0.507192134857178
v 1.00873708724976 0.543851375579834 0.521968722343445
v 1.17837572097778 0.290736377239227 0.515482425689697
v 1.14603018760681 0.338511765003204 0.604995667934418
v 1.12618553638458 0.33869868516922 0.610687017440796
v 1.1058611869812 0.337760448455811 0.609257161617279
v 1.0856626033783 0.284221589565277 0.493757247924805
v 1.08495497703552 0.311246037483215 0.485743463039398
v 1.10828220844269 0.309538900852203 0.47158083319664
v 1.10764634609222 0.283022046089172 0.477825671434402
v 1.14799177646637 0.149814009666443 0.515954852104187
v 1.12769997119904 0.123225569725037 0.528014838695526
v 1.12331175804138 0.151603639125824 0.524339199066162
v 1.14461314678192 0.174315929412842 0.511498153209686
v 1.16299152374268 0.176075637340546 0.624559581279755
v 1.18157768249512 0.177115976810455 0.61551558971405
v 1.14506125450134 0.14161741733551 0.633759438991547
v 1.16731262207031 0.14482319355011 0.631389737129211
v 1.14250111579895 0.173541247844696 0.626389026641846
v 1.08603739738464 0.367211937904358 0.471392333507538
v 1.1137592792511 0.36572927236557 0.461493790149689
v 1.11084175109863 0.337017059326172 0.466832160949707
v 1.085005402565 0.338898837566376 0.478225022554398
v 1.14893782138824 0.880418062210083 0.523161053657532
v 1.13673532009125 0.892007827758789 0.538489699363708
v 1.14373981952667 0.922333717346191 0.354269742965698
v 1.14803385734558 0.918329000473022 0.373439729213715
v 1.13484084606171 0.907226026058197 0.368072807788849
v 1.1330817937851 0.912858843803406 0.351651579141617
v 1.15747952461243 0.93156111240387 0.374149203300476
v 1.15218186378479 0.934113204479218 0.35453850030899
v 1.15839445590973 0.948334813117981 0.353558599948883
v 1.1638730764389 0.946217715740204 0.372429370880127
v 1.18127751350403 1.03190922737122 0.358462393283844
v 1.18804943561554 1.04631781578064 0.356416940689087
v 1.04696917533875 0.858021140098572 0.346165716648102
v 1.0221232175827 0.856813549995422 0.343896448612213
v 1.02404654026031 0.877353429794312 0.342401206493378
v 1.05940794944763 0.705587863922119 0.399512052536011
v 1.06996273994446 0.640775620937347 0.433559268712997
v 1.03726422786713 0.6130051612854 0.435149371623993
v 1.04522001743317 0.636422157287598 0.429478287696838
v 1.00202965736389 0.563201665878296 0.462836921215057
v 1.09052813053131 0.965061724185944 0.550027906894684
v 1.09330332279205 0.990300536155701 0.540715992450714
v 1.06625926494598 1.14600253105164 0.446754992008209
v 1.05012178421021 1.14171481132507 0.447838425636292
v 1.0635507106781 1.16354334354401 0.427028030157089
v 1.06228017807007 1.17130076885223 0.416655540466309
v 1.04785251617432 1.1671085357666 0.419209063053131
v 1.04848146438599 1.15931367874146 0.429071754217148
v 1.04557180404663 1.19837605953217 0.356664478778839
v 1.04753172397614 1.19378805160522 0.37049600481987
v 1.00679767131805 0.546167135238647 0.537163972854614
v 1.00980710983276 0.542218506336212 0.527729034423828
v 1.0078421831131 0.546044409275055 0.547609686851501
v 1.0320166349411 0.512669861316681 0.481219619512558
v 1.0184166431427 0.512851715087891 0.504870772361755
v 1.01932406425476 0.526870131492615 0.498648017644882
v 1.03295910358429 0.529263496398926 0.475936084985733
v 1.19382989406586 0.561474680900574 0.506378293037415
v 1.20114552974701 0.569183588027954 0.544382691383362
v 1.10043370723724 0.536638259887695 0.644419252872467
v 1.38320553302765 1.08368372917175 0.362089514732361
v 1.38812327384949 1.09410429000854 0.370819330215454
v 1.36087715625763 1.0874537229538 0.377805829048157
v 1.35580515861511 1.07743906974792 0.367998957633972
v 1.09880745410919 1.06947875022888 0.506670773029327
v 1.10569941997528 1.04324328899384 0.517112791538239
v 1.09782946109772 1.14278590679169 0.312150359153748
v 1.14649057388306 1.16805028915405 0.326896905899048
v 1.14873850345612 1.15020930767059 0.308198183774948
v 1.13966906070709 1.14772486686707 0.311213701963425
v 1.13796103000641 1.16689193248749 0.329071044921875
v 1.15714538097382 1.16228556632996 0.40820723772049
v 1.1533670425415 1.17084884643555 0.393471211194992
v 1.14286804199219 1.1716114282608 0.397876977920532
v 1.14571070671082 1.16233575344086 0.41391533613205
v 1.05563938617706 0.708329021930695 0.681041479110718
v 1.08618795871735 0.706019163131714 0.678437352180481
v 1.06773459911346 0.897278308868408 0.573784708976746
v 1.08814764022827 0.893793940544128 0.572056293487549
v 1.08710718154907 0.916492521762848 0.565665185451508
v 1.06733441352844 0.920943140983582 0.566822469234467
v 1.12799942493439 1.05573701858521 0.502840161323547
v 1.14208388328552 1.03615176677704 0.501609265804291
v 1.03538489341736 0.936038136482239 0.305572807788849
v 1.03564929962158 0.952761173248291 0.299889385700226
v 1.05277061462402 0.954855978488922 0.295008659362793
v 1.05204594135284 0.938559591770172 0.299314469099045
v 1.32655048370361 1.1117250919342 0.393586784601212
v 1.30157256126404 1.09872055053711 0.397011965513229
v 1.30717134475708 1.08808088302612 0.392791926860809
v 1.33479762077332 1.09583282470703 0.390021502971649
v 1.192049741745 0.576366662979126 0.588374316692352
v 1.16786527633667 0.563210725784302 0.62447726726532
v 1.16327559947968 0.903410792350769 0.494310259819031
v 1.15442836284637 0.918552577495575 0.51361483335495
v 1.15042209625244 0.899265885353088 0.519185960292816
v 1.15959978103638 0.885107517242432 0.500288307666779
v 1.17178177833557 0.95218563079834 0.467561990022659
v 1.16783261299133 0.937131583690643 0.477215021848679
v 1.17726600170135 0.966643273830414 0.458687722682953
v 1.21345520019531 1.06264746189117 0.406021922826767
v 1.21286022663116 1.05806064605713 0.400424540042877
v 1.22364437580109 1.06433629989624 0.394403100013733
v 1.05385780334473 0.514392673969269 0.461915671825409
v 1.05106723308563 0.574497163295746 0.449758499860764
v 1.04130470752716 0.58466625213623 0.44475930929184
v 1.00481820106506 0.546008229255676 0.529488563537598
v 1.07601237297058 1.14858710765839 0.298604846000671
v 1.06888496875763 1.13354885578156 0.290174722671509
v 1.25281977653503 1.07056105136871 0.368155360221863
v 1.27474522590637 1.07002115249634 0.365750342607498
v 1.20021569728851 1.03738415241241 0.402579784393311
v 1.19513368606567 1.03318536281586 0.389296889305115
v 1.20033502578735 1.04487562179565 0.384065359830856
v 1.20502471923828 1.04718410968781 0.3959681391716
v 1.20726943016052 1.05155265331268 0.405599504709244
v 1.2022225856781 1.04384648799896 0.413200348615646
v 1.15430235862732 1.05062031745911 0.300918638706207
v 1.14284574985504 1.04880392551422 0.298444807529449
v 1.14723813533783 1.07072591781616 0.297185301780701
v 1.15925586223602 1.07288026809692 0.298284500837326
v 1.12925708293915 1.04362177848816 0.296356827020645
v 1.1142110824585 1.0384418964386 0.293610274791718
v 1.11798548698425 1.06129956245422 0.294246733188629
v 1.13319396972656 1.06737947463989 0.296414971351624
v 1.09423494338989 1.1169821023941 0.303309351205826
v 1.07647204399109 1.09972143173218 0.295666664838791
v 1.05654489994049 1.08646106719971 0.291809678077698
v 1.03863894939423 1.07821035385132 0.288903951644897
v 1.04806673526764 1.18776977062225 0.384501367807388
v 1.04777336120605 1.18083775043488 0.397581160068512
v 1.06273031234741 1.18342673778534 0.39472371339798
v 1.065185546875 1.18927192687988 0.380256503820419
v 1.06093895435333 1.11835432052612 0.290088891983032
v 1.04599905014038 1.10744214057922 0.285521745681763
v 1.0339173078537 1.0944265127182 0.286514341831207
v 1.35026288032532 1.1620671749115 0.31364905834198
v 1.3256424665451 1.16020929813385 0.31601893901825
v 1.07986855506897 1.18156230449677 0.31532096862793
v 1.07921934127808 1.16498947143555 0.307168930768967
v 1.33215999603271 1.16636407375336 0.333010673522949
v 1.35736918449402 1.16776561737061 0.330863982439041
v 1.13496732711792 1.11788606643677 0.302705258131027
v 1.13125765323639 1.14388167858124 0.313074558973312
v 1.14436864852905 1.12264370918274 0.301719963550568
v 1.05761086940765 1.12057185173035 0.284331560134888
v 1.04383492469788 1.11016893386841 0.279493808746338
v 1.19799149036407 0.600181102752686 0.531904220581055
v 1.18848347663879 0.59070348739624 0.497938871383667
v 1.15228116512299 0.825778126716614 0.442127466201782
v 1.16013431549072 0.83931839466095 0.461801618337631
v 1.01743078231812 0.814472556114197 0.35206139087677
v 1.0151230096817 0.795385479927063 0.357649147510529
v 1.01619350910187 1.10774433612823 0.275782376527786
v 1.03909945487976 0.757095813751221 0.37254723906517
v 1.01603293418884 0.753425061702728 0.371367335319519
v 1.01485979557037 0.775666117668152 0.364338845014572
v 1.03807532787323 0.777263879776001 0.366453647613525
v 1.00761473178864 0.730818808078766 0.379281282424927
v 1.00587570667267 0.72117155790329 0.382822811603546
v 1.01462197303772 0.599593758583069 0.438360035419464
v 1.00165772438049 0.600898087024689 0.437584728002548
v 1.25629150867462 1.12804365158081 0.303770542144775
v 1.23943507671356 1.12815999984741 0.304232537746429
v 1.2382755279541 1.14865100383759 0.305554866790771
v 1.25616812705994 1.14841389656067 0.306928157806396
v 1.059938788414 0.762053847312927 0.378561347723007
v 1.08109962940216 0.768693506717682 0.389277040958405
v 1.17226183414459 1.01426959037781 0.345322221517563
v 1.17634725570679 1.01673436164856 0.362162053585052
v 1.0244243144989 0.89777672290802 0.336441040039062
v 1.06804621219635 0.941861689090729 0.295276403427124
v 1.06920921802521 0.957005739212036 0.292493432760239
v 1.08520531654358 0.95963841676712 0.291980564594269
v 1.08354306221008 0.945170283317566 0.294148415327072
v 1.00422263145447 0.548743367195129 0.539361476898193
v 1.25790286064148 1.15193319320679 0.393295526504517
v 1.24508583545685 1.15114033222198 0.397868424654007
v 1.24887120723724 1.14097356796265 0.401106894016266
v 1.26216840744019 1.14304649829865 0.396412193775177
v 1.01251542568207 0.516524076461792 0.532575130462646
v 1.0147876739502 0.49971467256546 0.542743444442749
v 1.02439939975739 0.5504230260849 0.613458514213562
v 1.01144373416901 0.551700115203857 0.596201658248901
v 1.08381569385529 0.459306359291077 0.454362362623215
v 1.08382499217987 0.489581048488617 0.449345976114273
v 1.08450961112976 0.427756607532501 0.460187822580338
v 1.08531618118286 0.396757304668427 0.465720385313034
v 1.10278081893921 0.207965791225433 0.520095407962799
v 1.11709237098694 0.180909812450409 0.518676519393921
v 1.13177263736725 0.09146648645401 0.53147679567337
v 1.13566613197327 0.0570799112319946 0.535061597824097
v 1.14043319225311 0.020233690738678 0.538930654525757
v 1.14545583724976 -0.0179587006568909 0.543202519416809
v 1.15060818195343 -0.0540075302124023 0.543724596500397
v 1.36597144603729 1.16741180419922 0.347689390182495
v 1.33942055702209 1.16624879837036 0.351779580116272
v 1.34893417358398 1.15920162200928 0.366158008575439
v 1.37575209140778 1.16137051582336 0.361357182264328
v 1.3169732093811 1.07170259952545 0.346862077713013
v 1.30975222587585 1.07712006568909 0.333337664604187
v 1.33486497402191 1.07855474948883 0.329694181680679
v 1.34182453155518 1.07383072376251 0.343281328678131
v 1.36802053451538 1.07736730575562 0.339187920093536
v 1.37611055374146 1.07813096046448 0.3514244556427
v 1.34879589080811 1.07288575172424 0.356190949678421
v 1.38994526863098 1.1083687543869 0.376517087221146
v 1.38938295841217 1.12373924255371 0.378348737955093
v 1.36079216003418 1.11880815029144 0.385932713747025
v 1.36353039741516 1.10219931602478 0.383761167526245
v 1.38367629051208 1.151327252388 0.371069580316544
v 1.35685229301453 1.14875328540802 0.375806391239166
v 1.36073291301727 1.13557612895966 0.382570505142212
v 1.3882759809494 1.13827180862427 0.376633197069168
v 1.3485152721405 1.09891283512115 0.303220570087433
v 1.35377609729767 1.08780574798584 0.313773930072784
v 1.32833755016327 1.08616662025452 0.316882073879242
v 1.32342755794525 1.09757626056671 0.305899322032928
v 1.23971033096313 1.16827917098999 0.317043304443359
v 1.25846934318542 1.1660041809082 0.318668216466904
v 1.19915521144867 1.06621909141541 0.336189448833466
v 1.20145344734192 1.07707154750824 0.320235073566437
v 1.21098792552948 1.08538174629211 0.321696102619171
v 1.20911288261414 1.07462501525879 0.336966991424561
v 1.29693269729614 1.14549469947815 0.304838567972183
v 1.27549421787262 1.1465095281601 0.306300520896912
v 1.27908754348755 1.16248738765717 0.318773120641708
v 1.30177390575409 1.16006004810333 0.318108201026917
v 1.29852151870728 1.09646332263947 0.308412551879883
v 1.30332803726196 1.08564746379852 0.319546610116959
v 1.27877700328827 1.08437645435333 0.323786050081253
v 1.27506709098816 1.09438598155975 0.311498016119003
v 1.33323514461517 1.08167171478271 0.382556885480881
v 1.30619776248932 1.07654559612274 0.384362876415253
v 1.23989903926849 1.10749018192291 0.308884173631668
v 1.25665199756622 1.10810458660126 0.306691735982895
v 1.1684844493866 0.999202728271484 0.348421096801758
v 1.18649435043335 1.00949573516846 0.397824794054031
v 1.19067192077637 1.02197289466858 0.393224656581879
v 1.1330794095993 0.920464277267456 0.336452811956406
v 1.13412189483643 0.930131375789642 0.325492680072784
v 1.17011761665344 0.949780166149139 0.393351048231125
v 1.17411255836487 0.969348430633545 0.38980895280838
v 1.14114785194397 0.928046047687531 0.338754385709763
v 1.13948905467987 0.933047711849213 0.329757332801819
v 1.08863711357117 0.863175868988037 0.362221658229828
v 1.03578543663025 1.08749759197235 0.289239168167114
v 1.27475953102112 1.12728011608124 0.302168756723404
v 1.27394759654999 1.10873079299927 0.304690480232239
v 1.2811381816864 1.09019804000854 0.398644089698792
v 1.26250195503235 1.08462941646576 0.399045914411545
v 1.26176583766937 1.07707417011261 0.394369959831238
v 1.28286647796631 1.08073091506958 0.393935918807983
v 1.16004657745361 1.07184135913849 0.472694486379623
v 1.1451096534729 1.06483590602875 0.488106817007065
v 1.15549111366272 1.0476975440979 0.486105263233185
v 1.16829168796539 1.05785536766052 0.470001250505447
v 1.25621175765991 1.16680455207825 0.382343173027039
v 1.25866115093231 1.17341923713684 0.371991515159607
v 1.2411060333252 1.17620587348938 0.374222278594971
v 1.24156665802002 1.16833770275116 0.385522395372391
v 1.240966796875 1.18161273002625 0.358409225940704
v 1.26070070266724 1.17819106578827 0.35677844285965
v 1.26097750663757 1.17650020122528 0.337673097848892
v 1.24116706848145 1.1802966594696 0.337918102741241
v 1.18762803077698 0.649728775024414 0.579896688461304
v 1.19361484050751 0.639983057975769 0.55132669210434
v 1.14143991470337 0.745629787445068 0.446160435676575
v 1.12329316139221 0.733396887779236 0.4321648478508
v 1.09928905963898 0.652229011058807 0.440287053585052
v 1.0333034992218 0.549307584762573 0.468377113342285
v 1.0187965631485 0.541592717170715 0.49232617020607
v 1.01964747905731 0.475308299064636 0.551777243614197
v 1.19265735149384 0.629179358482361 0.520754635334015
v 1.02776408195496 0.445574671030045 0.558090448379517
v 1.03753459453583 0.415113985538483 0.562604606151581
v 1.08493304252625 0.420189678668976 0.621908485889435
v 1.11249017715454 0.420950055122375 0.625830292701721
v 1.10744786262512 0.451551079750061 0.629056513309479
v 1.07670414447784 0.452228367328644 0.624624490737915
v 1.13980221748352 0.420956552028656 0.619377791881561
v 1.13738560676575 0.450583785772324 0.623337745666504
v 1.14141178131104 0.33760678768158 0.469495713710785
v 1.14729905128479 0.106650948524475 0.636630833148956
v 1.1722424030304 0.0717406868934631 0.63178014755249
v 1.16995620727539 0.110006034374237 0.634723603725433
v 1.15112328529358 0.0697603225708008 0.634241938591003
v 1.18995809555054 0.111138463020325 0.622822821140289
v 1.18685865402222 0.145762622356415 0.620999395847321
v 1.20498752593994 0.0668943524360657 0.550110816955566
v 1.15533232688904 0.0321264266967773 0.627895534038544
v 1.17409694194794 0.0326748490333557 0.626498341560364
v 1.19117736816406 0.0735146999359131 0.621686935424805
v 1.19044005870819 0.0338427424430847 0.617166042327881
v 1.01268184185028 0.527784585952759 0.52349865436554
v 1.17550158500671 0.556563436985016 0.47413095831871
v 1.1698409318924 0.584891557693481 0.470781266689301
v 1.10835087299347 0.593520998954773 0.443355977535248
v 1.07966303825378 0.579638600349426 0.444392263889313
v 1.10189890861511 0.794300734996796 0.398079633712769
v 1.12196731567383 0.802574276924133 0.410434067249298
v 1.12222278118134 0.838902831077576 0.399538457393646
v 1.13928747177124 0.848635733127594 0.413315713405609
v 1.13905227184296 0.83079582452774 0.419616222381592
v 1.12200713157654 0.820327758789062 0.405533134937286
v 1.16232848167419 0.87364274263382 0.450960606336594
v 1.16605114936829 0.888410806655884 0.473056644201279
v 1.16333699226379 0.870634436607361 0.478938281536102
v 1.16038942337036 0.856239557266235 0.456975400447845
v 1.16224932670593 0.853294551372528 0.483351200819016
v 1.15816962718964 0.867574214935303 0.504538714885712
v 1.1072598695755 0.932837426662445 0.553663194179535
v 1.12411439418793 0.923465192317963 0.545335114002228
v 1.12644195556641 0.945604860782623 0.538483023643494
v 1.10944163799286 0.956315398216248 0.545469343662262
v 1.02746689319611 0.593892157077789 0.441298544406891
v 1.01280081272125 0.540361642837524 0.511157691478729
v 1.08354938030243 0.51787531375885 0.446640104055405
v 1.11533236503601 0.548933267593384 0.441811114549637
v 1.14845645427704 0.552188992500305 0.45109349489212
v 1.24734592437744 1.07335865497589 0.357723385095596
v 1.18416786193848 1.08372437953949 0.436923444271088
v 1.18750298023224 1.07336962223053 0.43762069940567
v 1.28272557258606 1.17183887958527 0.355840355157852
v 1.28282141685486 1.17105388641357 0.337048649787903
v 1.25504612922668 1.09252548217773 0.31430384516716
v 1.22402703762054 1.14878690242767 0.304196119308472
v 1.22535884380341 1.12646484375 0.303754955530167
v 1.21285676956177 1.12628555297852 0.301466822624207
v 1.12833428382874 0.644416809082031 0.45194274187088
v 1.15809082984924 0.634302735328674 0.465883314609528
v 1.13254928588867 0.623595058917999 0.451500087976456
v 1.00741600990295 0.550309777259827 0.578839004039764
v 1.05458509922028 0.563204169273376 0.451585024595261
v 1.04584693908691 0.385008156299591 0.565961062908173
v 1.05249106884003 0.356303870677948 0.569378018379211
v 1.05803155899048 0.328798472881317 0.573985934257507
v 1.06276977062225 0.302176952362061 0.578422844409943
v 1.06798481941223 0.275046169757843 0.583598732948303
v 1.07642686367035 0.248074948787689 0.58704024553299
v 1.08702647686005 0.221223950386047 0.586388826370239
v 1.09345090389252 0.192926943302155 0.590525090694427
v 1.09076356887817 0.12725555896759 0.584039688110352
v 1.09531998634338 0.129702508449554 0.602334976196289
v 1.09489738941193 0.162384271621704 0.597193360328674
v 1.09705460071564 0.0958986282348633 0.605564653873444
v 1.10211682319641 0.0617742538452148 0.604161024093628
v 1.11177206039429 0.0261527895927429 0.601148366928101
v 1.12061262130737 -0.0104504823684692 0.597794711589813
v 1.12668359279633 -0.0471400022506714 0.594757318496704
v 1.00513315200806 0.548686504364014 0.549623787403107
v 1.00630033016205 0.54986560344696 0.563332438468933
v 1.12383818626404 1.11212027072906 0.302864015102386
v 1.18806886672974 1.03210949897766 0.374040544033051
v 1.19368767738342 1.04408228397369 0.371389448642731
v 1.23793923854828 1.09125804901123 0.317528337240219
v 1.33196878433228 1.14517676830292 0.381440609693527
v 1.32385635375977 1.15664744377136 0.372644662857056
v 1.25618624687195 1.08378803730011 0.327903866767883
v 1.1978679895401 1.06027150154114 0.352127313613892
v 1.20759034156799 1.06787157058716 0.349533677101135
v 1.40307533740997 1.20674192905426 0.231364011764526
v 1.41620206832886 1.21293497085571 0.233060926198959
v 1.40978121757507 1.2162446975708 0.214219331741333
v 1.39781510829926 1.20931839942932 0.213050037622452
v 1.39424157142639 1.19585382938385 0.228025674819946
v 1.39072585105896 1.19840657711029 0.21023878455162
v 1.42268514633179 1.14363694190979 0.20519095659256
v 1.40985822677612 1.14862036705017 0.210718601942062
v 1.40866458415985 1.15692806243896 0.192699909210205
v 1.42122304439545 1.15323269367218 0.187286019325256
v 1.38559412956238 1.18989944458008 0.188757240772247
v 1.38926589488983 1.17929792404175 0.18493065237999
v 1.3916449546814 1.1739776134491 0.202435672283173
v 1.3885909318924 1.18647027015686 0.206449925899506
v 1.45182251930237 1.15342950820923 0.203570753335953
v 1.4608850479126 1.16462111473083 0.207551747560501
v 1.4649373292923 1.15324759483337 0.225122839212418
v 1.45453095436096 1.142294049263 0.220609605312347
v 1.42138576507568 1.11524415016174 0.277480632066727
v 1.43463492393494 1.10926878452301 0.276069402694702
v 1.43167448043823 1.1051242351532 0.288901716470718
v 1.41968941688538 1.11170744895935 0.287897050380707
v 1.41209816932678 1.20061135292053 0.267723023891449
v 1.42751145362854 1.20444226264954 0.270795464515686
v 1.42213273048401 1.20899498462677 0.252296805381775
v 1.4075688123703 1.20359766483307 0.249822929501534
v 1.39563918113708 1.16015696525574 0.254662334918976
v 1.40127182006836 1.14591574668884 0.250810742378235
v 1.40284931659698 1.1408394575119 0.267886698246002
v 1.39747381210327 1.15570425987244 0.271358966827393
v 1.41743385791779 1.19660115242004 0.285469889640808
v 1.4331077337265 1.1981406211853 0.288881421089172
v 1.39281177520752 1.16937935352325 0.22028511762619
v 1.39987802505493 1.15723812580109 0.215968281030655
v 1.40036654472351 1.15126490592957 0.233562469482422
v 1.39380609989166 1.16485381126404 0.237595081329346
v 1.44200050830841 1.17461752891541 0.169653117656708
v 1.44850361347198 1.18491530418396 0.173280656337738
v 1.4552538394928 1.17522275447845 0.190347731113434
v 1.44752812385559 1.1644994020462 0.186265528202057
v 1.39672982692719 1.17115449905396 0.180303066968918
v 1.40638875961304 1.16541814804077 0.174961149692535
v 1.39896976947784 1.16409254074097 0.198008477687836
v 1.42935478687286 1.22121000289917 0.19265615940094
v 1.41644132137299 1.22234678268433 0.194835066795349
v 1.42406666278839 1.2182422876358 0.214335262775421
v 1.437828540802 1.21590971946716 0.212043583393097
v 1.42300486564636 1.12614643573761 0.24224466085434
v 1.41087663173676 1.13375437259674 0.246713757514954
v 1.41046476364136 1.14079666137695 0.228616148233414
v 1.42318081855774 1.13465857505798 0.223594486713409
v 1.4004487991333 1.18958759307861 0.263907074928284
v 1.39751493930817 1.19270408153534 0.24616077542305
v 1.44499158859253 1.21091413497925 0.230849981307983
v 1.43132042884827 1.21372556686401 0.233350396156311
v 1.43762946128845 1.20829296112061 0.252442300319672
v 1.4524257183075 1.20331192016602 0.250415056943893
v 1.47070062160492 1.18372988700867 0.264062166213989
v 1.47464680671692 1.16933989524841 0.257500886917114
v 1.46910345554352 1.18043875694275 0.239251732826233
v 1.46386218070984 1.19354379177094 0.245487570762634
v 1.42262744903564 1.11963593959808 0.261344134807587
v 1.43709444999695 1.11538815498352 0.258223533630371
v 1.45527756214142 1.13071668148041 0.239056676626205
v 1.46741533279419 1.14118552207947 0.243356615304947
v 1.46810221672058 1.12877631187439 0.262276351451874
v 1.45393347740173 1.11868035793304 0.258033692836761
v 1.40047609806061 1.16897284984589 0.30133730173111
v 1.40924823284149 1.18333530426025 0.308823883533478
v 1.40667104721069 1.18528389930725 0.296485811471939
v 1.39812850952148 1.17096102237701 0.290472000837326
v 1.42183399200439 1.19178366661072 0.302031517028809
v 1.42461347579956 1.18686866760254 0.315952122211456
v 1.43468236923218 1.17474365234375 0.341478288173676
v 1.44531667232513 1.16524505615234 0.346210539340973
v 1.45060133934021 1.17083024978638 0.337584435939789
v 1.43830442428589 1.1797217130661 0.332553029060364
v 1.48249220848083 1.16059756278992 0.301597565412521
v 1.48412108421326 1.14306366443634 0.29699844121933
v 1.47973966598511 1.15654540061951 0.276328384876251
v 1.4773565530777 1.17283987998962 0.282301217317581
v 1.47629332542419 1.11459422111511 0.306480050086975
v 1.4631861448288 1.10610830783844 0.297108948230743
v 1.4669713973999 1.11673402786255 0.281331866979599
v 1.4780660867691 1.12807881832123 0.289270281791687
v 1.42299497127533 1.08915996551514 0.340664774179459
v 1.41504943370819 1.08585619926453 0.330940008163452
v 1.43133878707886 1.09015989303589 0.32417505979538
v 1.44123160839081 1.09458303451538 0.332804888486862
v 1.4103296995163 1.09570050239563 0.306325048208237
v 1.39722752571106 1.09193193912506 0.309285700321198
v 1.39110398292542 1.10232281684875 0.30000764131546
v 1.40289199352264 1.10561013221741 0.298757344484329
v 1.39168989658356 1.16726839542389 0.313765704631805
v 1.39932918548584 1.17434692382812 0.33063155412674
v 1.4060971736908 1.17765057086945 0.328896164894104
v 1.39789247512817 1.16932153701782 0.315072238445282
v 1.48480629920959 1.14943861961365 0.320111244916916
v 1.48752725124359 1.12790381908417 0.317574083805084
v 1.41952335834503 1.09920716285706 0.302848398685455
v 1.41053867340088 1.10772168636322 0.297092080116272
v 1.41624522209167 1.10961437225342 0.293670326471329
v 1.42694962024689 1.10159182548523 0.297400176525116
v 1.40011382102966 1.13606894016266 0.296230018138885
v 1.39846694469452 1.15266120433807 0.302999794483185
v 1.39921963214874 1.15259742736816 0.300191760063171
v 1.40265679359436 1.13610148429871 0.294236958026886
v 1.40073049068451 1.16894936561584 0.313092172145844
v 1.4094865322113 1.18058967590332 0.324720352888107
v 1.41075849533081 1.18097007274628 0.317968845367432
v 1.40126299858093 1.16916620731354 0.308210015296936
v 1.48206758499146 1.14201617240906 0.333404779434204
v 1.473104596138 1.15566182136536 0.33409321308136
v 1.4691379070282 1.14773190021515 0.343025326728821
v 1.47555196285248 1.13450014591217 0.341383099555969
v 1.46792793273926 1.10493302345276 0.318004906177521
v 1.45592296123505 1.09873509407043 0.309091627597809
v 1.40440273284912 1.13522958755493 0.289654731750488
v 1.41030120849609 1.12195539474487 0.287196755409241
v 1.40776705741882 1.12091112136841 0.291508167982101
v 1.42498743534088 1.183385014534 0.32638281583786
v 1.42995071411133 1.09578502178192 0.349193572998047
v 1.43468832969666 1.10491442680359 0.356852948665619
v 1.41426181793213 1.10000455379486 0.363565325737
v 1.40995001792908 1.09041237831116 0.355785131454468
v 1.40336167812347 1.08432376384735 0.346412837505341
v 1.39519119262695 1.08188939094543 0.335187971591949
v 1.37844562530518 1.09001708030701 0.311283439397812
v 1.37257051467896 1.10069596767426 0.301346033811569
v 1.36895644664764 1.11520111560822 0.294648736715317
v 1.367436170578 1.13190960884094 0.292685240507126
v 1.38584196567535 1.13330745697021 0.292927980422974
v 1.38722920417786 1.11639845371246 0.294101595878601
v 1.3733491897583 1.16375911235809 0.312568008899689
v 1.38080811500549 1.17033886909485 0.33010670542717
v 1.40896797180176 1.17309284210205 0.343484580516815
v 1.390873670578 1.16977071762085 0.345557153224945
v 1.43138790130615 1.0940637588501 0.30969300866127
v 1.42051291465759 1.09053480625153 0.315011411905289
v 1.45686411857605 1.20222759246826 0.226991951465607
v 1.46269679069519 1.19059610366821 0.22085165977478
v 1.4554398059845 1.19889748096466 0.20255845785141
v 1.44894659519196 1.20895373821259 0.20819216966629
v 1.45000743865967 1.19606447219849 0.178690016269684
v 1.45748782157898 1.18727993965149 0.196159392595291
v 1.39076232910156 1.1829571723938 0.224537074565887
v 1.39291322231293 1.17911052703857 0.241769939661026
v 1.3861038684845 1.20154452323914 0.192398399114609
v 1.39978623390198 1.15123820304871 0.294192999601364
v 1.39914131164551 1.15223014354706 0.2853764295578
v 1.4548327922821 1.15349888801575 0.349380671977997
v 1.43778657913208 1.16032552719116 0.353418380022049
v 1.44584655761719 1.14840662479401 0.356353461742401
v 1.47302579879761 1.16505694389343 0.322181850671768
v 1.47005236148834 1.17544043064117 0.306227117776871
v 1.45343661308289 1.18437600135803 0.30774998664856
v 1.45689225196838 1.17512476444244 0.325723946094513
v 1.46703338623047 1.12787580490112 0.346816837787628
v 1.4626590013504 1.14117228984833 0.349801033735275
v 1.45110249519348 1.13611090183258 0.356728136539459
v 1.45388770103455 1.12262141704559 0.354277670383453
v 1.3877899646759 1.15153574943542 0.299415409564972
v 1.39528870582581 1.152792096138 0.302655935287476
v 1.40860319137573 1.15382480621338 0.366052329540253
v 1.42516326904297 1.15669822692871 0.36020839214325
v 1.41801583766937 1.16665971279144 0.35309374332428
v 1.40171384811401 1.1636483669281 0.357451498508453
v 1.42842864990234 1.17012000083923 0.3480384349823
v 1.41272449493408 1.14147889614105 0.370624274015427
v 1.43108344078064 1.14482414722443 0.363901346921921
v 1.36873030662537 1.14967715740204 0.298236936330795
v 1.43570899963379 1.11806273460388 0.362397909164429
v 1.43432760238647 1.13188803195953 0.364257782697678
v 1.41461634635925 1.12774062156677 0.371207654476166
v 1.41521739959717 1.11315011978149 0.369169563055038
v 1.46392273902893 1.1774355173111 0.214063107967377
v 1.46891093254089 1.1666351556778 0.232101649045944
v 1.44756984710693 1.10196256637573 0.290979951620102
v 1.45147132873535 1.10863161087036 0.276395916938782
v 1.44095635414124 1.09771859645844 0.301958680152893
v 1.43818855285645 1.14532256126404 0.201961159706116
v 1.43544268608093 1.1560070514679 0.184844434261322
v 1.43887436389923 1.12431299686432 0.238727599382401
v 1.43911027908325 1.13457942008972 0.220052301883698
v 1.45861089229584 1.19556403160095 0.268819361925125
v 1.46393013000488 1.10685527324677 0.333674669265747
v 1.45565390586853 1.09943473339081 0.325592011213303
v 1.47669064998627 1.11380136013031 0.327258616685867
v 1.38594043254852 1.08344542980194 0.322852730751038
v 1.40584111213684 1.08652913570404 0.320080876350403
v 1.48532497882843 1.12992572784424 0.330842703580856
v 1.36030077934265 1.08091521263123 0.32601335644722
v 1.44033169746399 1.1836701631546 0.321769863367081
v 1.4222936630249 1.18118238449097 0.334568798542023
v 1.41754603385925 1.17705011367798 0.339888870716095
v 1.40289080142975 1.21962261199951 0.195627570152283
v 1.39482343196869 1.17528986930847 0.258989155292511
v 1.40406942367554 1.13750433921814 0.281382381916046
v 1.41150176525116 1.12442660331726 0.279074370861053
v 1.46800398826599 1.11611247062683 0.341088593006134
v 1.45352458953857 1.11022996902466 0.348694920539856
v 1.44883811473846 1.10128617286682 0.340879052877426
v 1.39571809768677 1.13552093505859 0.294626176357269
v 1.39806652069092 1.11926031112671 0.293848872184753
v 1.43140196800232 1.1664457321167 0.168490320444107
v 1.40362143516541 1.12093579769135 0.293633311986923
v 1.43714821338654 1.19205045700073 0.305953472852707
v 1.04937016963959 1.15101230144501 0.43864044547081
v 1.16435599327087 0.933237552642822 0.396609753370285
v 1.12145304679871 0.890417695045471 0.374681293964386
v 1.13677740097046 0.900261044502258 0.385514408349991
v 1.17920005321503 1.0043568611145 0.381554216146469
v 1.18329703807831 1.01891553401947 0.377178966999054
v 1.20151960849762 1.05583727359772 0.365831434726715
v 1.21033358573914 1.06312477588654 0.362695634365082
v 1.1681147813797 0.964093089103699 0.370959252119064
v 1.09928345680237 1.21766901016235 0.171352982521057
v 1.09813737869263 1.21791076660156 0.1789910197258
v 1.10131418704987 1.22174429893494 0.15837824344635
v 1.00586080551147 0.743088364601135 0.376499861478806
v 1.09634065628052 1.20312559604645 0.180701345205307
v 1.09464573860168 1.20213270187378 0.189711451530457
v 1.09910082817078 1.20106017589569 0.184986650943756
v 1.0953688621521 1.20203113555908 0.178926229476929
v 1.095259308815 1.20197415351868 0.177654504776001
v 1.09915637969971 1.21331024169922 0.152605772018433
v 1.09640836715698 1.21543550491333 0.18759098649025
v 1.09431207180023 1.21085071563721 0.195824235677719
v 1.09657287597656 1.20317769050598 0.163353979587555
v 1.07414412498474 0.825784265995026 0.602390885353088
v 1.05079400539398 0.826703190803528 0.606359839439392
v 1.05235183238983 0.808171272277832 0.61901444196701
v 1.07760465145111 0.806120574474335 0.61386513710022
v 1.05497825145721 0.78964626789093 0.632627665996552
v 1.16717565059662 0.740950584411621 0.600388884544373
v 1.18016040325165 0.737470805644989 0.575670182704926
v 1.17571401596069 0.758185565471649 0.567492246627808
v 1.16342759132385 0.762795448303223 0.590706288814545
v 1.17830908298492 0.766859233379364 0.53777027130127
v 1.17013835906982 0.775739133358002 0.560300886631012
v 1.18298506736755 0.750685214996338 0.541993498802185
v 1.18356895446777 0.739247560501099 0.516759276390076
v 1.17960548400879 0.755557775497437 0.513145387172699
v 1.17760694026947 0.724855780601501 0.494524151086807
v 1.17337894439697 0.74188220500946 0.490380227565765
v 1.16597044467926 0.710177361965179 0.475747019052505
v 1.14856970310211 0.69653457403183 0.459799885749817
v 1.12631475925446 0.665142714977264 0.450284272432327
v 1.10002756118774 0.672464966773987 0.43631711602211
v 1.1255943775177 0.684366226196289 0.446832418441772
v 1.05014419555664 0.657540082931519 0.422749400138855
v 1.07407057285309 0.663093209266663 0.428703159093857
v 1.00853633880615 0.653815865516663 0.417863398790359
v 1.02825450897217 0.65446138381958 0.419620454311371
v 1.12168574333191 1.08626735210419 0.296110093593597
v 1.10422539710999 1.18973326683044 0.358552515506744
v 1.11167407035828 1.18704378604889 0.363270610570908
v 1.1170197725296 1.18075788021088 0.343830764293671
v 1.1320892572403 1.1611430644989 0.421248525381088
v 1.13051700592041 1.17116177082062 0.404599368572235
v 1.11609268188477 1.16793167591095 0.41526460647583
v 1.11623978614807 1.15728378295898 0.429296791553497
v 1.09685409069061 1.1886066198349 0.373568832874298
v 1.09189820289612 1.18968260288239 0.370029449462891
v 1.10255765914917 1.18624603748322 0.379785984754562
v 1.07715833187103 1.1801997423172 0.401015430688858
v 1.09067904949188 1.18325674533844 0.392285853624344
v 1.14714765548706 1.17708790302277 0.351299196481705
v 1.14959645271301 1.17711782455444 0.374633103609085
v 1.15920686721802 1.17629146575928 0.371145367622375
v 1.1579567193985 1.17694234848022 0.348334103822708
v 1.1605476140976 1.15112853050232 0.419586330652237
v 1.16285598278046 1.13819265365601 0.427810251712799
v 1.17263531684875 1.1403421163559 0.422293424606323
v 1.16977262496948 1.15241801738739 0.414555490016937
v 1.1959981918335 1.181973695755 0.338964849710464
v 1.19474077224731 1.18126118183136 0.361337810754776
v 1.20907831192017 1.18321251869202 0.360108852386475
v 1.20988607406616 1.18275570869446 0.338653922080994
v 1.16593384742737 1.16226148605347 0.403245270252228
v 1.11816382408142 1.07549512386322 0.497279971837997
v 1.1365761756897 1.0813467502594 0.485892653465271
v 1.15235280990601 1.08539640903473 0.473533272743225
v 1.18087565898895 1.09366548061371 0.435526311397552
v 1.17376112937927 1.0918881893158 0.444468915462494
v 1.17754554748535 1.0809782743454 0.446420013904572
v 1.19056808948517 1.09585750102997 0.428533613681793
v 1.20189595222473 1.09644854068756 0.422330141067505
v 1.21315383911133 1.10319471359253 0.3086758852005
v 1.20270001888275 1.09831702709198 0.305356293916702
v 1.2003448009491 1.1250946521759 0.299083024263382
v 1.22751045227051 1.09496223926544 0.409660995006561
v 1.21433234214783 1.09232592582703 0.415358543395996
v 1.21479380130768 1.08425736427307 0.414232015609741
v 1.22837424278259 1.08840143680573 0.408376932144165
v 1.13824594020844 1.17795813083649 0.352729976177216
v 1.21107852458954 1.17714047431946 0.377464532852173
v 1.19653868675232 1.17489659786224 0.37893608212471
v 1.20029056072235 1.16657519340515 0.391994893550873
v 1.21407532691956 1.16862905025482 0.389689177274704
v 1.21692895889282 1.15897166728973 0.398966073989868
v 1.20356917381287 1.15705108642578 0.402320802211761
v 1.20610117912292 1.14633095264435 0.409030020236969
v 1.21897983551025 1.14840698242188 0.405195146799088
v 1.22758877277374 1.10365569591522 0.41039827466011
v 1.21312034130096 1.10094273090363 0.415825873613358
v 1.22433590888977 1.1699526309967 0.317017257213593
v 1.16890788078308 1.16957700252533 0.320119857788086
v 1.1706862449646 1.1506255865097 0.30213475227356
v 1.15877997875214 1.15024363994598 0.304472833871841
v 1.15682446956635 1.16867780685425 0.323141932487488
v 1.23113179206848 1.06821262836456 0.372108817100525
v 1.22606706619263 1.0699964761734 0.361841827630997
v 1.23625087738037 1.06739211082458 0.381767719984055
v 1.2140851020813 1.06968128681183 0.410121351480484
v 1.2401967048645 1.06955397129059 0.390039712190628
v 1.22301280498505 1.08923029899597 0.321243822574615
v 1.22506070137024 1.10594058036804 0.310371220111847
v 1.17464542388916 1.12432157993317 0.295935213565826
v 1.16313481330872 1.12461948394775 0.296752542257309
v 1.22407019138336 1.182044506073 0.338642537593842
v 1.22391867637634 1.18298017978668 0.359858602285385
v 1.24301373958588 1.09860491752625 0.405899941921234
v 1.24423694610596 1.09230422973633 0.404841899871826
v 1.25897979736328 1.09738039970398 0.403063386678696
v 1.20489692687988 1.07016921043396 0.420619189739227
v 1.21504104137421 1.07718300819397 0.412687361240387
v 1.16878151893616 1.176997423172 0.344743698835373
v 1.22567164897919 1.17706167697906 0.377053380012512
v 1.2275949716568 1.16815328598022 0.388782620429993
v 1.19125533103943 1.15534019470215 0.406057000160217
v 1.1875764131546 1.1648895740509 0.395755052566528
v 1.17639768123627 1.16362524032593 0.399590730667114
v 1.1801506280899 1.15384948253632 0.410444021224976
v 1.23254418373108 1.15015459060669 0.402570217847824
v 1.23603439331055 1.13886761665344 0.405459880828857
v 1.18323349952698 1.14212703704834 0.417481005191803
v 1.1942834854126 1.14404535293579 0.413124650716782
v 1.24268579483032 1.10683381557465 0.407289981842041
v 1.15292191505432 1.12494850158691 0.299272179603577
v 1.15770268440247 1.09941947460175 0.295597791671753
v 1.14732670783997 1.09626686573029 0.296416282653809
v 1.17943704128265 1.09743046760559 0.298041313886642
v 1.16796052455902 1.0989373922348 0.296229302883148
v 1.19173085689545 1.09551703929901 0.301508367061615
v 1.13588166236877 1.09135127067566 0.296601086854935
v 1.4784175157547 1.1222892999649 0.336144953966141
v 1.26152288913727 1.09175646305084 0.401734411716461
v 1.2769148349762 1.09729754924774 0.400795996189117
v 1.27279543876648 1.10278284549713 0.402085572481155
v 1.3333512544632 1.13059556484222 0.388326823711395
v 0.995184600353241 1.08906817436218 0.19893604516983
v 0.993968307971954 1.08881664276123 0.192774564027786
v 0.993046462535858 1.0953756570816 0.173578023910522
v 0.993234753608704 1.09737479686737 0.170478790998459
v 1.4603978395462 1.15947246551514 0.341490656137466
v 1.46397733688354 1.16365778446198 0.334123611450195
v 1.46486258506775 1.18557775020599 0.287798762321472
v 1.44330930709839 1.20142221450806 0.27130538225174
v 1.44861054420471 1.19352400302887 0.289887458086014
v 1.40367448329926 1.18678307533264 0.281072735786438
v 1.39711499214172 1.17164397239685 0.276450484991074
v 1.41144275665283 1.12853193283081 0.264374285936356
v 1.4763320684433 1.14141833782196 0.26934403181076
v 1.37770974636078 1.21803998947144 0.159810870885849
v 1.38680446147919 1.22648799419403 0.159960985183716
v 1.37833905220032 1.22987329959869 0.142912268638611
v 1.37049889564514 1.220458984375 0.142555624246597
v 1.36361181735992 1.22337353229523 0.126240104436874
v 1.36351633071899 1.21350574493408 0.122487246990204
v 1.36874401569366 1.210129737854 0.139487475156784
v 1.36822760105133 1.20596301555634 0.117743641138077
v 1.372518658638 1.2015655040741 0.13518413901329
v 1.37561798095703 1.20047867298126 0.113385677337646
v 1.38358008861542 1.19817852973938 0.109552025794983
v 1.38687574863434 1.19150948524475 0.126662373542786
v 1.37905275821686 1.19507527351379 0.13085550069809
v 1.39945673942566 1.18244099617004 0.140396118164062
v 1.39588868618011 1.19090259075165 0.122828453779221
v 1.40560913085938 1.19241571426392 0.119710385799408
v 1.41023993492126 1.18239879608154 0.136662840843201
v 1.41518223285675 1.21320521831512 0.102312386035919
v 1.4177018404007 1.22060942649841 0.105061292648315
v 1.42554593086243 1.2124137878418 0.121643483638763
v 1.42274785041809 1.20371413230896 0.118850231170654
v 1.42888200283051 1.22184503078461 0.147347539663315
v 1.43296790122986 1.21278405189514 0.143045037984848
v 1.42446446418762 1.22139096260071 0.125660538673401
v 1.42061626911163 1.22994565963745 0.130165457725525
v 1.41403341293335 1.23817908763885 0.115095615386963
v 1.40497374534607 1.24275898933411 0.119400292634964
v 1.41335034370422 1.23549747467041 0.134244203567505
v 1.39194297790527 1.21259093284607 0.194808602333069
v 1.38513326644897 1.215416431427 0.177126526832581
v 1.38064002990723 1.20435512065887 0.17450875043869
v 1.38241100311279 1.18977200984955 0.149101853370667
v 1.38590240478516 1.18471574783325 0.167184472084045
v 1.38127934932709 1.19363856315613 0.17113333940506
v 1.37687349319458 1.1975085735321 0.153213798999786
v 1.41849756240845 1.16301906108856 0.17019921541214
v 1.40320837497711 1.17402529716492 0.157695889472961
v 1.41452836990356 1.17292368412018 0.153576195240021
v 1.39019370079041 1.18489503860474 0.144583225250244
v 1.39365923404694 1.17817735671997 0.162594497203827
v 1.42112410068512 1.1864230632782 0.135369777679443
v 1.41533756256104 1.19686627388 0.118363171815872
v 1.39899480342865 1.23050081729889 0.158235788345337
v 1.41127383708954 1.23116087913513 0.155470848083496
v 1.40188574790955 1.23671865463257 0.137657970190048
v 1.39003539085388 1.23527574539185 0.140579223632812
v 1.42610108852386 1.17648816108704 0.151868164539337
v 1.4202972650528 1.22632563114166 0.17367297410965
v 1.40793609619141 1.22638511657715 0.176293313503265
v 1.42199921607971 1.22812962532043 0.151932299137115
v 1.43084156513214 1.22172737121582 0.169883698225021
v 1.3819283246994 1.23918735980988 0.125185072422028
v 1.37056350708008 1.23318481445312 0.126987189054489
v 1.39517724514008 1.22278952598572 0.177910327911377
v 1.42952740192413 1.19381856918335 0.136002957820892
v 1.43358910083771 1.20333099365234 0.138797700405121
v 1.44121241569519 1.1941876411438 0.156087309122086
v 1.43583250045776 1.18417358398438 0.152873456478119
v 1.4469530582428 1.20617187023163 0.183889389038086
v 1.44175350666046 1.20398759841919 0.160822451114655
v 1.43805921077728 1.21360981464386 0.165494084358215
v 1.41734290122986 1.22940218448639 0.109768748283386
v 1.43982601165771 1.2157621383667 0.188595324754715
v 1.3484833240509 1.23985397815704 0.0432429015636444
v 1.3511791229248 1.23182582855225 0.0489335656166077
v 1.34030973911285 1.22985911369324 0.0464612543582916
v 1.33820164203644 1.23841714859009 0.0415008366107941
v 1.34245097637177 1.20963859558105 0.0582801401615143
v 1.33874559402466 1.20574522018433 0.0693764090538025
v 1.32673609256744 1.20898652076721 0.0648515820503235
v 1.32998847961426 1.21219706535339 0.0552399456501007
v 1.32894670963287 1.2388197183609 0.0426600873470306
v 1.33102321624756 1.22979402542114 0.046222597360611
v 1.3235239982605 1.2394118309021 0.0475142300128937
v 1.32237339019775 1.25042045116425 0.0445249676704407
v 1.3261022567749 1.24680376052856 0.0391840934753418
v 1.32025182247162 1.25784683227539 0.0403574705123901
v 1.32605576515198 1.25603485107422 0.054447203874588
v 1.32396447658539 1.26496291160583 0.0458588004112244
v 1.34878849983215 1.26994788646698 0.0584124326705933
v 1.35912322998047 1.27256655693054 0.0576509833335876
v 1.3535144329071 1.27953970432281 0.0461264848709106
v 1.34294700622559 1.2762508392334 0.0471823513507843
v 1.37427699565887 1.2781046628952 0.0444490313529968
v 1.36347281932831 1.28004145622253 0.0448642373085022
v 1.36815762519836 1.27281129360199 0.0568246245384216
v 1.37769794464111 1.27168715000153 0.0561396479606628
v 1.3638744354248 1.24347686767578 0.0455832779407501
v 1.36857867240906 1.23654556274414 0.0520645976066589
v 1.3615927696228 1.23482704162598 0.0515310764312744
v 1.35781002044678 1.24207878112793 0.0454115867614746
v 1.3149710893631 1.23612082004547 0.0547850430011749
v 1.32251596450806 1.24248695373535 0.0601950883865356
v 1.32202482223511 1.2436842918396 0.053178995847702
v 1.31619095802307 1.23511803150177 0.0508145689964294
v 1.39085352420807 1.22047305107117 0.0618981122970581
v 1.3939323425293 1.21515321731567 0.0726771056652069
v 1.38537883758545 1.2128974199295 0.075029581785202
v 1.38396906852722 1.21823716163635 0.0651455223560333
v 1.35910987854004 1.2038015127182 0.0776503086090088
v 1.36752641201019 1.20610356330872 0.0813926458358765
v 1.35909605026245 1.20844340324402 0.094355434179306
v 1.35194265842438 1.20859122276306 0.0896977186203003
v 1.34973573684692 1.20368540287018 0.0736777782440186
v 1.34441375732422 1.20890307426453 0.0852851569652557
v 1.33488297462463 1.21072912216187 0.0794276595115662
v 1.32357132434845 1.21314334869385 0.0729275643825531
v 1.40333306789398 1.22028779983521 0.0718139708042145
v 1.40337979793549 1.22426557540894 0.063395768404007
v 1.30349826812744 1.28266227245331 0.000428438186645508
v 1.30820322036743 1.28372716903687 -0.00296437740325928
v 1.31027209758759 1.28028035163879 0.00117495656013489
v 1.30552363395691 1.27924156188965 0.00465777516365051
v 1.40888154506683 1.24143481254578 0.0729423761367798
v 1.40433788299561 1.24882626533508 0.0778247117996216
v 1.40724003314972 1.24384391307831 0.0827697813510895
v 1.40983080863953 1.23586797714233 0.0777177214622498
v 1.40774011611938 1.24810779094696 0.0661604702472687
v 1.40092635154724 1.25493562221527 0.0716016888618469
v 1.30059766769409 1.29306554794312 0.00773006677627563
v 1.29914057254791 1.28814828395844 0.00649052858352661
v 1.30186486244202 1.28558456897736 0.0110946595668793
v 1.30377197265625 1.29050469398499 0.0123208165168762
v 1.3345764875412 1.24529337882996 0.0363845825195312
v 1.34424650669098 1.24612414836884 0.037003219127655
v 1.3295521736145 1.25793528556824 0.0227265954017639
v 1.33877825737 1.25228178501129 0.0292572677135468
v 1.32945001125336 1.25084674358368 0.0314038693904877
v 1.32425570487976 1.25636279582977 0.0268047451972961
v 1.35935115814209 1.25603365898132 0.029992401599884
v 1.363729596138 1.25036072731018 0.0382076799869537
v 1.35558450222015 1.24995303153992 0.0371622443199158
v 1.3512020111084 1.25570905208588 0.028567761182785
v 1.37620759010315 1.25041460990906 0.0351859927177429
v 1.37229418754578 1.25668346881866 0.0277940034866333
v 1.37907612323761 1.25647008419037 0.0257149040699005
v 1.38200259208679 1.25081694126129 0.0323900580406189
v 1.35859036445618 1.2687361240387 0.0155695378780365
v 1.35482382774353 1.27626287937164 0.0102967619895935
v 1.36004149913788 1.2773140668869 0.010225772857666
v 1.36405539512634 1.26950633525848 0.0148258805274963
v 1.40994310379028 1.24023163318634 0.0877887308597565
v 1.41142058372498 1.23144459724426 0.0834859013557434
v 1.39450466632843 1.2731397151947 0.0415034592151642
v 1.40216660499573 1.26650154590607 0.0385466814041138
v 1.40177166461945 1.27181839942932 0.0293420255184174
v 1.39383769035339 1.27827107906342 0.0328134000301361
v 1.39607834815979 1.2539656162262 0.082062840461731
v 1.39960432052612 1.25008273124695 0.087627649307251
v 1.30453479290009 1.2973495721817 0.00682717561721802
v 1.30773258209229 1.29483461380005 0.0115130543708801
v 1.33520340919495 1.22119402885437 0.084192305803299
v 1.32319855690002 1.22220373153687 0.07691290974617
v 1.34454655647278 1.22015595436096 0.0904344916343689
v 1.35060513019562 1.21943068504333 0.0954031646251678
v 1.3546394109726 1.217942237854 0.101719945669174
v 1.34090948104858 1.25739526748657 0.0241131484508514
v 1.35320103168488 1.24631834030151 0.040073037147522
v 1.36862742900848 1.24370419979095 0.0453680157661438
v 1.39748239517212 1.24544906616211 0.035422295331955
v 1.40039086341858 1.24073493480682 0.0412181615829468
v 1.3903021812439 1.23925852775574 0.0413724184036255
v 1.38977742195129 1.24486768245697 0.0361655354499817
v 1.40489172935486 1.25885581970215 0.0335072875022888
v 1.40064644813538 1.25391316413879 0.0297897756099701
v 1.39843499660492 1.25947725772858 0.0228124558925629
v 1.40321898460388 1.26419639587402 0.0252790451049805
v 1.31182014942169 1.23555970191956 0.0594226121902466
v 1.32112181186676 1.23816657066345 0.066498726606369
v 1.40939104557037 1.23270606994629 0.0675660371780396
v 1.40907514095306 1.2275505065918 0.0740231871604919
v 1.40904331207275 1.22366809844971 0.0806814134120941
v 1.37696647644043 1.22707796096802 0.0582141578197479
v 1.37933945655823 1.21639776229858 0.0665779709815979
v 1.37326979637146 1.21370720863342 0.0665964484214783
v 1.37220132350922 1.22617053985596 0.0583527684211731
v 1.35413086414337 1.22056972980499 0.0536171197891235
v 1.35491347312927 1.2092809677124 0.0616684854030609
v 1.34219169616699 1.21960484981537 0.0507538020610809
v 1.37816774845123 1.20971965789795 0.0774999856948853
v 1.38690578937531 1.2099335193634 0.0838132202625275
v 1.3786153793335 1.20701026916504 0.0867900550365448
v 1.39584374427795 1.21319556236267 0.0811290144920349
v 1.40367531776428 1.21777808666229 0.079746812582016
v 1.38910698890686 1.20594465732574 0.0930538177490234
v 1.38062262535095 1.20390677452087 0.0964254140853882
v 1.3980085849762 1.20981121063232 0.0904265642166138
v 1.40528988838196 1.21473109722137 0.0889948308467865
v 1.40805959701538 1.24431383609772 0.103635996580124
v 1.41308271884918 1.23568272590637 0.097400963306427
v 1.40359210968018 1.24726116657257 0.0943018794059753
v 1.3632824420929 1.2083055973053 0.104446977376938
v 1.36901700496674 1.2064870595932 0.0907213687896729
v 1.37188458442688 1.2048065662384 0.0995513498783112
v 1.35846447944641 1.21619963645935 0.1100033223629
v 1.32162404060364 1.21423375606537 0.053630530834198
v 1.31423246860504 1.21596169471741 0.0512553751468658
v 1.31668198108673 1.22200298309326 0.0470431745052338
v 1.32350564002991 1.22162711620331 0.0491486489772797
v 1.31803941726685 1.26415848731995 0.03543421626091
v 1.31922793388367 1.25861644744873 0.0310723185539246
v 1.32262659072876 1.25290369987488 0.0354841947555542
v 1.39241003990173 1.22707271575928 0.053540825843811
v 1.40359485149384 1.23016810417175 0.0550268292427063
v 1.33315026760101 1.26173710823059 0.0194920897483826
v 1.30736827850342 1.28687751293182 0.0176097452640533
v 1.30526125431061 1.28177189826965 0.0160855948925018
v 1.31118679046631 1.27449059486389 0.0244095623493195
v 1.31316304206848 1.28048610687256 0.0262494385242462
v 1.33174729347229 1.27169692516327 0.0147764086723328
v 1.32853281497955 1.26641964912415 0.0163052082061768
v 1.3243213891983 1.27122843265533 0.0111896693706512
v 1.32693457603455 1.27712869644165 0.0107797980308533
v 1.36757779121399 1.27567446231842 0.00988590717315674
v 1.37101805210114 1.26956462860107 0.0138333439826965
v 1.3378621339798 1.27995133399963 0.0340178608894348
v 1.32805776596069 1.27708101272583 0.0395408570766449
v 1.33222031593323 1.27190124988556 0.048878401517868
v 1.36624097824097 1.25653433799744 0.0292794108390808
v 1.36249446868896 1.26232349872589 0.0218828022480011
v 1.368239402771 1.26296699047089 0.0207659006118774
v 1.34160161018372 1.26098275184631 0.0215712189674377
v 1.3367805480957 1.26488959789276 0.0182096362113953
v 1.3431783914566 1.26560854911804 0.0184162855148315
v 1.34779930114746 1.26053023338318 0.0230456292629242
v 1.40374767780304 1.26089107990265 0.0488321483135223
v 1.40716004371643 1.25102019309998 0.0421663224697113
v 1.30030012130737 1.28445363044739 0.00392758846282959
v 1.30251550674438 1.28150808811188 0.00832334160804749
v 1.41323757171631 1.22671461105347 0.0923287272453308
v 1.41020655632019 1.21985125541687 0.0893952548503876
v 1.36998724937439 1.25034475326538 0.0373795032501221
v 1.33772778511047 1.26477539539337 0.0584496259689331
v 1.37376034259796 1.24340510368347 0.0444218516349792
v 1.37672519683838 1.28400897979736 0.0238120257854462
v 1.38131165504456 1.28048300743103 0.0188524723052979
v 1.37590825557709 1.28383982181549 0.0140210688114166
v 1.37393689155579 1.28848147392273 0.0182079374790192
v 1.32097840309143 1.28485918045044 0.00469130277633667
v 1.31801843643188 1.27919054031372 0.00396943092346191
v 1.31477046012878 1.28425288200378 -0.000429630279541016
v 1.31734251976013 1.28964579105377 0.000545322895050049
v 1.32497143745422 1.26289558410645 0.0191712379455566
v 1.32038426399231 1.2615612745285 0.022731751203537
v 1.31582307815552 1.26715230941772 0.0172092616558075
v 1.32033562660217 1.26783287525177 0.0135911405086517
v 1.3166469335556 1.26421999931335 0.0267082154750824
v 1.31228029727936 1.26979243755341 0.0211941599845886
v 1.32090449333191 1.29090809822083 0.00801369547843933
v 1.31717336177826 1.29335939884186 0.0131775140762329
v 1.32366251945496 1.28702282905579 0.020788699388504
v 1.32663917541504 1.28389048576355 0.014444500207901
v 1.38115584850311 1.26534295082092 0.0673088431358337
v 1.38991248607635 1.26387739181519 0.0654574334621429
v 1.3873188495636 1.27001774311066 0.0541549324989319
v 1.38497185707092 1.27614450454712 0.0428343117237091
v 1.38213610649109 1.27978372573853 0.0312365889549255
v 1.37094259262085 1.28382909297943 0.0340430438518524
v 1.39562749862671 1.26732242107391 0.052367240190506
v 1.33627355098724 1.27939224243164 0.0203917622566223
v 1.3304488658905 1.28123319149017 0.0257925391197205
v 1.33756959438324 1.28341448307037 0.0246400833129883
v 1.3811023235321 1.24305438995361 0.0418743789196014
v 1.30575847625732 1.27745127677917 0.0131360292434692
v 1.35813212394714 1.24078905582428 0.0984542965888977
v 1.36781644821167 1.24861192703247 0.097375214099884
v 1.36505007743835 1.25286257266998 0.0888876914978027
v 1.35427618026733 1.24312579631805 0.0911571681499481
v 1.31367242336273 1.2756495475769 0.00583451986312866
v 1.30892777442932 1.27481687068939 0.00901627540588379
v 1.37739276885986 1.27164578437805 0.0128063857555389
v 1.37310492992401 1.27693331241608 0.00968316197395325
v 1.37654376029968 1.27994298934937 0.00987207889556885
v 1.38129222393036 1.27630734443665 0.0120305418968201
v 1.39779758453369 1.26141381263733 0.0631203651428223
v 1.4010716676712 1.27554512023926 0.0217752456665039
v 1.39428687095642 1.28181791305542 0.0267817080020905
v 1.39298129081726 1.25855207443237 0.075145035982132
v 1.38408529758453 1.26011908054352 0.0775741636753082
v 1.38629817962646 1.25592136383057 0.0855453908443451
v 1.35808324813843 1.28505265712738 0.0311909914016724
v 1.37260162830353 1.26614880561829 0.0682520270347595
v 1.37601912021637 1.26038837432861 0.0786800384521484
v 1.37731492519379 1.25560557842255 0.0879121124744415
v 1.37926006317139 1.25208258628845 0.0951839983463287
v 1.38902902603149 1.25244688987732 0.0921332240104675
v 1.3116352558136 1.29145884513855 0.016715407371521
v 1.31307721138 1.29684579372406 0.00824874639511108
v 1.39305901527405 1.24917840957642 0.100042402744293
v 1.39838027954102 1.24700546264648 0.109077244997025
v 1.38724982738495 1.2458301782608 0.111658751964569
v 1.38236176967621 1.24893438816071 0.102863311767578
v 1.36706686019897 1.25937879085541 0.0795542001724243
v 1.35825657844543 1.25669991970062 0.0801606476306915
v 1.36395454406738 1.26567256450653 0.0688878893852234
v 1.35413479804993 1.26344907283783 0.0691955387592316
v 1.34828197956085 1.28484416007996 0.0353903472423553
v 1.30858540534973 1.30218255519867 -0.00609999895095825
v 1.31315791606903 1.2977557182312 -0.000329971313476562
v 1.31441247463226 1.29354465007782 -0.00353437662124634
v 1.31006741523743 1.29879343509674 -0.00898844003677368
v 1.316819190979 1.29459929466248 0.00380086898803711
v 1.30963623523712 1.29952812194824 0.00378826260566711
v 1.3428635597229 1.25750708580017 0.0690615475177765
v 1.3388215303421 1.27189207077026 0.0147803425788879
v 1.34618365764618 1.24681043624878 0.0807697772979736
v 1.33046722412109 1.25113320350647 0.0661703646183014
v 1.33157634735107 1.24259948730469 0.074193000793457
v 1.34687316417694 1.23198914527893 0.0928530693054199
v 1.33885025978088 1.23253095149994 0.0858394205570221
v 1.35609221458435 1.22869539260864 0.105177879333496
v 1.35223805904388 1.23052251338959 0.0985294580459595
v 1.35925364494324 1.22626495361328 0.113846033811569
v 1.32697129249573 1.23225784301758 0.0779757499694824
v 1.30078864097595 1.28691327571869 -0.00582998991012573
v 1.30561995506287 1.28861737251282 -0.00880604982376099
v 1.36142241954803 1.23838949203491 0.105831652879715
v 1.36497223377228 1.2359002828598 0.114744901657104
v 1.33152186870575 1.22059834003448 0.0494047105312347
v 1.38285875320435 1.23521590232849 0.0487028062343597
v 1.37727200984955 1.2361353635788 0.0507218837738037
v 1.40243554115295 1.23598313331604 0.0473595261573792
v 1.39119863510132 1.2336288690567 0.0465867221355438
v 1.37551963329315 1.24273538589478 0.113869249820709
v 1.39213252067566 1.19925904273987 0.105905443429947
v 1.40131223201752 1.20238888263702 0.103455245494843
v 1.39381074905396 1.24189138412476 0.122452318668365
v 1.29707038402557 1.28849613666534 -0.00268322229385376
v 1.35468149185181 1.28323662281036 0.0111202001571655
v 1.3569438457489 1.28395712375641 0.0124426782131195
v 1.31809329986572 1.2112922668457 0.061269223690033
v 1.31072974205017 1.21447741985321 0.0569061040878296
v 1.30658102035522 1.22386980056763 0.0635238289833069
v 1.30776739120483 1.21770584583282 0.0610309243202209
v 1.31474590301514 1.21506452560425 0.067364901304245
v 1.31394290924072 1.22271823883057 0.0705828964710236
v 1.38075757026672 1.22732162475586 0.0570790767669678
v 1.38546943664551 1.22756123542786 0.055000513792038
v 1.40584659576416 1.254727602005 0.0582267045974731
v 1.40883505344391 1.2453840970993 0.051833301782608
v 1.31549918651581 1.26921916007996 0.0305377542972565
v 1.32128715515137 1.27081596851349 0.0388073921203613
v 1.3182407617569 1.27526903152466 0.032789409160614
v 1.31815874576569 1.28517973423004 0.0254913568496704
v 1.33546614646912 1.27682614326477 0.016586035490036
v 1.33113813400269 1.27849185466766 0.0176607072353363
v 1.36518311500549 1.2110493183136 0.0646091401576996
v 1.36454486846924 1.22372555732727 0.0567980408668518
v 1.32414293289185 1.229816198349 0.0474784970283508
v 1.31809830665588 1.23034882545471 0.0473707616329193
v 1.35548996925354 1.26114356517792 0.0231386423110962
v 1.35106635093689 1.28977656364441 0.0225312411785126
v 1.34392070770264 1.28898465633392 0.0270341336727142
v 1.35142815113068 1.26670932769775 0.0175963938236237
v 1.29683613777161 1.29694950580597 0.000881999731063843
v 1.29550039768219 1.29203486442566 -0.000461399555206299
v 1.32367527484894 1.28057980537415 0.0321407914161682
v 1.37540507316589 1.26306295394897 0.0192387402057648
v 1.35894000530243 1.28718256950378 0.0221249163150787
v 1.35364317893982 1.28778493404388 0.0165161788463593
v 1.40108060836792 1.26842308044434 0.0198870003223419
v 1.37115836143494 1.24561500549316 0.105004817247391
v 1.31276869773865 1.2879102230072 -0.00472968816757202
v 1.30969834327698 1.29295539855957 -0.010416567325592
v 1.30555713176727 1.30303430557251 -0.00256258249282837
v 1.30087566375732 1.30103981494904 0.000340700149536133
v 1.40979433059692 1.23918354511261 0.0600321590900421
v 1.37293577194214 1.23668301105499 0.0517699420452118
v 1.40947866439819 1.20753598213196 0.102051705121994
v 1.31659996509552 1.23140561580658 0.0709179043769836
v 1.30807113647461 1.23105108737946 0.06320720911026
v 1.34772610664368 1.27242231369019 0.0126424133777618
v 1.38631558418274 1.28174769878387 0.0244545638561249
v 1.36881875991821 1.28827929496765 0.0268611907958984
v 1.36730766296387 1.29216384887695 0.0215792059898376
v 1.35965251922607 1.29110622406006 0.0197693109512329
v 1.35706496238708 1.28870856761932 0.0149199962615967
v 1.30254173278809 1.30637407302856 -0.00737899541854858
v 1.29779171943665 1.3045220375061 -0.00474643707275391
v 1.2935528755188 1.30073690414429 -0.00438815355300903
v 1.29272055625916 1.29566848278046 -0.0055425763130188
v 1.29488348960876 1.29200184345245 -0.00729173421859741
v 1.30545163154602 1.30552840232849 -0.0105541348457336
v 1.30702924728394 1.30207705497742 -0.0130777359008789
v 1.30681180953979 1.29640233516693 -0.0141631960868835
v 1.30314838886261 1.30821013450623 -0.0147499442100525
v 1.29951214790344 1.30969393253326 -0.0124505162239075
v 1.28741717338562 1.30596959590912 -0.01478511095047
v 1.29038405418396 1.3046989440918 -0.00984758138656616
v 1.29082810878754 1.30777430534363 -0.0123971104621887
v 1.28889465332031 1.30916213989258 -0.015208899974823
v 1.28741538524628 1.31112837791443 -0.0187073945999146
v 1.28630673885345 1.30788373947144 -0.0191261172294617
v 1.29386591911316 1.30919885635376 -0.0120676159858704
v 1.29226446151733 1.31159448623657 -0.0153610110282898
v 1.29594194889069 1.31243860721588 -0.0168768763542175
v 1.29429650306702 1.31477272510529 -0.0202797651290894
v 1.29062581062317 1.31406986713409 -0.0189485549926758
v 1.29660260677338 1.31049966812134 -0.0137009024620056
v 1.29533767700195 1.30736863613129 -0.0090450644493103
v 1.28642773628235 1.31073451042175 -0.0227441191673279
v 1.28680229187012 1.31284832954407 -0.0212975144386292
v 1.28907442092896 1.31560051441193 -0.0223454833030701
v 1.28912007808685 1.31418669223785 -0.0250407457351685
v 1.29053831100464 1.29880571365356 -0.00987535715103149
v 1.28827250003815 1.30212795734406 -0.0154376029968262
v 1.28730833530426 1.30510067939758 -0.0204583406448364
v 1.28763246536255 1.30830454826355 -0.0243223309516907
v 1.29039013385773 1.29975080490112 -0.0174973011016846
v 1.28960847854614 1.30358934402466 -0.0221430659294128
v 1.29001331329346 1.30653548240662 -0.0252457857131958
v 1.2935494184494 1.29925537109375 -0.0201628804206848
v 1.29218399524689 1.30339527130127 -0.023934543132782
v 1.29637718200684 1.29397666454315 -0.014043390750885
v 1.29279410839081 1.2951807975769 -0.0114138126373291
v 1.29177021980286 1.30582869052887 -0.0255837440490723
v 1.29051339626312 1.3116602897644 -0.0264773368835449
v 1.29888558387756 1.31203126907349 -0.0178003907203674
v 1.29676795005798 1.31423807144165 -0.0218730568885803
v 1.30091762542725 1.3106724023819 -0.0195197463035583
v 1.29836714267731 1.31270694732666 -0.0236349701881409
v 1.29362952709198 1.31573104858398 -0.0248792767524719
v 1.29243230819702 1.31653523445129 -0.0228258967399597
v 1.29882311820984 1.29034066200256 -0.00997644662857056
v 1.30348837375641 1.29238402843475 -0.0126630067825317
v 1.30100321769714 1.29565560817719 -0.0167540907859802
v 1.2979724407196 1.30046796798706 -0.0225065946578979
v 1.30434250831604 1.299556016922 -0.0176827907562256
v 1.30464959144592 1.30483913421631 -0.0169368982315063
v 1.3018387556076 1.30798888206482 -0.0211932063102722
v 1.30134212970734 1.30407965183258 -0.0225058794021606
v 1.29892706871033 1.31011307239532 -0.0248340964317322
v 1.29809808731079 1.30729269981384 -0.0255889892578125
v 1.29531908035278 1.30481493473053 -0.0253663659095764
v 1.29569387435913 1.31080746650696 -0.0269244909286499
v 1.29482018947601 1.31348419189453 -0.0263208746910095
v 1.29221403598785 1.30935645103455 -0.0268120169639587
v 1.29585552215576 1.30869376659393 -0.0266743302345276
v 1.29366862773895 1.30731856822968 -0.0263605713844299
v 1.32777380943298 1.29887282848358 -0.0127289891242981
v 1.33291685581207 1.29973435401917 -0.0150628685951233
v 1.33494520187378 1.29539835453033 -0.00928515195846558
v 1.32991588115692 1.29464209079742 -0.00708109140396118
v 1.32372999191284 1.30754113197327 -0.00347036123275757
v 1.32227861881256 1.30265820026398 -0.00666993856430054
v 1.32442045211792 1.29929149150848 -0.00091177225112915
v 1.32621121406555 1.30417549610138 0.00212958455085754
v 1.3293524980545 1.31114518642426 -0.00319492816925049
v 1.33206403255463 1.30793976783752 0.00231516361236572
v 1.32885634899139 1.29956793785095 0.00832855701446533
v 1.32718575000763 1.29461431503296 0.00507363677024841
v 1.33316993713379 1.28552973270416 0.0139014720916748
v 1.33382296562195 1.29034376144409 0.0176960825920105
v 1.34879982471466 1.28256261348724 0.00475037097930908
v 1.35082304477692 1.28774535655975 0.00580745935440063
v 1.32395958900452 1.299800157547 -0.0100855231285095
v 1.32618975639343 1.29599356651306 -0.00438475608825684
v 1.34502267837524 1.2968555688858 -0.00297564268112183
v 1.34246301651001 1.29235899448395 -0.00448334217071533
v 1.33933734893799 1.29816126823425 -0.0100120306015015
v 1.34198760986328 1.30231714248657 -0.00880849361419678
v 1.33779621124268 1.27910542488098 0.00840774178504944
v 1.34368145465851 1.27948951721191 0.00613477826118469
v 1.33454668521881 1.28186535835266 0.0108615458011627
v 1.34526360034943 1.30171155929565 0.000348806381225586
v 1.34188234806061 1.30456471443176 0.00477346777915955
v 1.34660601615906 1.29638266563416 0.0149886608123779
v 1.3501992225647 1.29343104362488 0.00978955626487732
v 1.32907199859619 1.29099237918854 0.00159257650375366
v 1.33788883686066 1.28938937187195 -0.00357121229171753
v 1.33272874355316 1.28894996643066 -0.00141185522079468
v 1.33501183986664 1.30344390869141 0.00845950841903687
v 1.33890628814697 1.30878663063049 -0.00150132179260254
v 1.33495616912842 1.31567215919495 -0.0173840522766113
v 1.33902585506439 1.31037354469299 -0.0107918381690979
v 1.3397296667099 1.30675566196442 -0.0141641497612
v 1.33596420288086 1.31268298625946 -0.0208829045295715
v 1.34195303916931 1.30629301071167 -0.0056794285774231
v 1.33578848838806 1.31231200695038 -0.00660276412963867
v 1.32463276386261 1.30496180057526 -0.0209012031555176
v 1.32976865768433 1.30618643760681 -0.022956371307373
v 1.32084202766418 1.30550098419189 -0.0182064771652222
v 1.33966493606567 1.29552268981934 0.0189169645309448
v 1.32038486003876 1.31243062019348 -0.0114037394523621
v 1.31931757926941 1.30793845653534 -0.0149206519126892
v 1.33732652664185 1.30256676673889 -0.015774667263031
v 1.33419620990753 1.30873966217041 -0.0231593251228333
v 1.33165407180786 1.31725704669952 -0.0135754942893982
v 1.32572770118713 1.31592345237732 -0.0105668902397156
v 1.32866144180298 1.32113718986511 -0.0196408629417419
v 1.32307159900665 1.32000517845154 -0.0171443223953247
v 1.31793427467346 1.31681990623474 -0.0177650451660156
v 1.31728720664978 1.31211876869202 -0.0206063985824585
v 1.31923055648804 1.30964636802673 -0.0231152772903442
v 1.33188414573669 1.31977939605713 -0.0228005647659302
v 1.333092212677 1.31685245037079 -0.0255011916160583
v 1.33198022842407 1.31270575523376 -0.0272718667984009
v 1.32951593399048 1.32380902767181 -0.0281237959861755
v 1.32609248161316 1.32572412490845 -0.0258715748786926
v 1.31234836578369 1.32681918144226 -0.0341010093688965
v 1.31332945823669 1.32380223274231 -0.0292311310768127
v 1.31531071662903 1.32666862010956 -0.0292845964431763
v 1.31353974342346 1.32969498634338 -0.0330038070678711
v 1.31576490402222 1.32171845436096 -0.0239086151123047
v 1.31692337989807 1.32509768009186 -0.0263153910636902
v 1.32000339031219 1.32645189762115 -0.0263034105300903
v 1.3187597990036 1.32930886745453 -0.0293967127799988
v 1.3226637840271 1.32956528663635 -0.0308830142021179
v 1.32129645347595 1.3327944278717 -0.0343763828277588
v 1.3170268535614 1.33285760879517 -0.032981812953949
v 1.32315397262573 1.32724905014038 -0.0276283621788025
v 1.31297659873962 1.33227109909058 -0.0359845757484436
v 1.313148021698 1.33052229881287 -0.0378652811050415
v 1.3211236000061 1.32409739494324 -0.0226676464080811
v 1.31540143489838 1.31623089313507 -0.0251622200012207
v 1.31362390518188 1.32012951374054 -0.0306482315063477
v 1.31338405609131 1.32410526275635 -0.0358597636222839
v 1.3147132396698 1.32808029651642 -0.039688766002655
v 1.31595611572266 1.31784653663635 -0.0330702662467957
v 1.31553483009338 1.32234871387482 -0.0378580689430237
v 1.31658387184143 1.32620894908905 -0.0406285524368286
v 1.31959307193756 1.31695938110352 -0.0355059504508972
v 1.31839227676392 1.32192158699036 -0.0395743250846863
v 1.32165253162384 1.31200850009918 -0.0292099118232727
v 1.31773138046265 1.31310629844666 -0.0271169543266296
v 1.31825661659241 1.32501292228699 -0.0409178733825684
v 1.31607043743134 1.33435821533203 -0.0396324396133423
v 1.3174684047699 1.33165729045868 -0.0412497520446777
v 1.31528282165527 1.33586955070496 -0.036715030670166
v 1.32504236698151 1.32859361171722 -0.0319338440895081
v 1.32341861724854 1.33172392845154 -0.0359061360359192
v 1.32737231254578 1.32763588428497 -0.0331743955612183
v 1.3251439332962 1.33092379570007 -0.0374210476875305
v 1.32069981098175 1.33467221260071 -0.0388187766075134
v 1.31955623626709 1.33543372154236 -0.0369496941566467
v 1.32298851013184 1.30887317657471 -0.0252950191497803
v 1.32788157463074 1.30993378162384 -0.0269750356674194
v 1.32652616500854 1.31289124488831 -0.0310831665992737
v 1.32434868812561 1.31801390647888 -0.0372439622879028
v 1.33036553859711 1.31577169895172 -0.0310216546058655
v 1.33097338676453 1.32052433490753 -0.0299381613731384
v 1.3284615278244 1.3248587846756 -0.0349474549293518
v 1.32780742645264 1.32108819484711 -0.0366799235343933
v 1.32574379444122 1.32836842536926 -0.0388447642326355
v 1.32515180110931 1.3251873254776 -0.0401808023452759
v 1.32222056388855 1.32276833057404 -0.0405832529067993
v 1.32265496253967 1.32996022701263 -0.0413543581962585
v 1.32190775871277 1.33286607265472 -0.0404968857765198
v 1.31906580924988 1.32872271537781 -0.0418327450752258
v 1.32290089130402 1.32733535766602 -0.0416250824928284
v 1.32051813602448 1.32616937160492 -0.0416681170463562
v 1.35456097126007 1.30117011070251 -0.0116064548492432
v 1.3595142364502 1.29979026317596 -0.0137619376182556
v 1.36082351207733 1.29615807533264 -0.00884479284286499
v 1.35577547550201 1.29759347438812 -0.00698578357696533
v 1.35385966300964 1.31022906303406 -0.00431692600250244
v 1.35194504261017 1.30770003795624 -0.00621974468231201
v 1.35281014442444 1.30390787124634 -0.00119525194168091
v 1.3548504114151 1.30652344226837 0.00162279605865479
v 1.35871553421021 1.31211161613464 -0.00398856401443481
v 1.36046183109283 1.30812609195709 0.00207188725471497
v 1.35605955123901 1.30244362354279 0.00703585147857666
v 1.35379719734192 1.29950785636902 0.00350111722946167
v 1.35635077953339 1.29232132434845 0.0104010403156281
v 1.35831940174103 1.29587697982788 0.0145408511161804
v 1.3521842956543 1.30450522899628 -0.00895297527313232
v 1.35320770740509 1.30072641372681 -0.00421971082687378
v 1.36997580528259 1.29418873786926 -0.00333601236343384
v 1.3671281337738 1.2915575504303 -0.0045287013053894
v 1.36544466018677 1.29699301719666 -0.00928837060928345
v 1.36806869506836 1.29944598674774 -0.00817012786865234
v 1.36019563674927 1.28385031223297 0.00546705722808838
v 1.36542546749115 1.28205835819244 0.00438368320465088
v 1.35729444026947 1.28790044784546 0.00731697678565979
v 1.37087559700012 1.29872167110443 -0.000200033187866211
v 1.3685656785965 1.30278742313385 0.00453078746795654
v 1.37154650688171 1.29499411582947 0.0121940970420837
v 1.37335550785065 1.29010725021362 0.00790506601333618
v 1.35437047481537 1.29605293273926 3.51965427398682e-05
v 1.36227965354919 1.2906711101532 -0.00442600250244141
v 1.35708749294281 1.2924998998642 -0.00260323286056519
v 1.36230802536011 1.3037736415863 0.00766205787658691
v 1.36652708053589 1.30704975128174 -0.000791728496551514
v 1.36402857303619 1.31428968906403 -0.017630398273468
v 1.36720752716064 1.30763328075409 -0.0100874304771423
v 1.3670289516449 1.30358576774597 -0.0132268667221069
v 1.36434507369995 1.31075501441956 -0.0204845666885376
v 1.36908876895905 1.30340254306793 -0.00521230697631836
v 1.36433744430542 1.31128811836243 -0.00638437271118164
v 1.35299670696259 1.30686962604523 -0.0192642211914062
v 1.35768210887909 1.30595469474792 -0.0211769342422485
v 1.35061872005463 1.3097802400589 -0.0167816877365112
v 1.36503112316132 1.29737520217896 0.0154906511306763
v 1.3731837272644 1.28522396087646 0.00469523668289185
v 1.35161399841309 1.31564211845398 -0.0127518773078918
v 1.35004043579102 1.3130054473877 -0.014410138130188
v 1.36444735527039 1.30067551136017 -0.014354407787323
v 1.36231327056885 1.30731606483459 -0.0217190980911255
v 1.36129581928253 1.31722593307495 -0.0143585801124573
v 1.35605442523956 1.31768119335175 -0.0120431184768677
v 1.35951888561249 1.32138586044312 -0.0197458267211914
v 1.35432183742523 1.32157135009766 -0.0177819728851318
v 1.34981906414032 1.31986713409424 -0.018399715423584
v 1.34864497184753 1.31669962406158 -0.0200762152671814
v 1.34961807727814 1.31337451934814 -0.0219741463661194
v 1.3620331287384 1.31868314743042 -0.0229578018188477
v 1.36223125457764 1.31535267829895 -0.0250844955444336
v 1.36061751842499 1.31140410900116 -0.0258501172065735
v 1.36089861392975 1.32179820537567 -0.0269454717636108
v 1.35782766342163 1.32484030723572 -0.0246919393539429
v 1.34514975547791 1.32922196388245 -0.032970130443573
v 1.34602022171021 1.32627093791962 -0.0289647579193115
v 1.34797525405884 1.3277028799057 -0.0289482474327087
v 1.34676873683929 1.33079981803894 -0.0321877598762512
v 1.3483099937439 1.3238582611084 -0.0237240195274353
v 1.34920167922974 1.32612180709839 -0.0258472561836243
v 1.35231995582581 1.32680571079254 -0.0252532362937927
v 1.35134053230286 1.3296103477478 -0.0284271836280823
v 1.35539782047272 1.32836270332336 -0.0294203162193298
v 1.35440182685852 1.33122801780701 -0.0327455401420593
v 1.35025787353516 1.33246028423309 -0.0318987965583801
v 1.35548186302185 1.32684755325317 -0.0262138843536377
v 1.34660136699677 1.33291971683502 -0.0345176458358765
v 1.3457772731781 1.33193743228912 -0.0360351204872131
v 1.35308229923248 1.32473337650299 -0.0222746133804321
v 1.34713780879974 1.31976425647736 -0.0247105360031128
v 1.34557914733887 1.32301497459412 -0.0298289656639099
v 1.34497845172882 1.32653260231018 -0.0344480276107788
v 1.34625589847565 1.32917237281799 -0.0374990105628967
v 1.34708535671234 1.31986856460571 -0.0313238501548767
v 1.3465291261673 1.32355535030365 -0.0357463955879211
v 1.34762525558472 1.32611763477325 -0.038289487361908
v 1.34991574287415 1.31762063503265 -0.0326886177062988
v 1.34902286529541 1.32170736789703 -0.0367650985717773
v 1.35134339332581 1.3137903213501 -0.027515172958374
v 1.34852230548859 1.31622064113617 -0.0261624455451965
v 1.34909391403198 1.32427525520325 -0.0383118391036987
v 1.34941077232361 1.33352899551392 -0.0373287200927734
v 1.3502025604248 1.33071088790894 -0.0390298962593079
v 1.34939670562744 1.33457136154175 -0.0349037647247314
v 1.35775303840637 1.32703733444214 -0.0300031304359436
v 1.35638630390167 1.32976949214935 -0.0338150858879089
v 1.35921919345856 1.32467436790466 -0.0314376354217529
v 1.35733819007874 1.32782876491547 -0.0353361368179321
v 1.35396087169647 1.33233320713043 -0.0363814830780029
v 1.35300445556641 1.33330893516541 -0.0349250435829163
v 1.35221493244171 1.31076717376709 -0.0237129330635071
v 1.35648834705353 1.30986714363098 -0.0250241756439209
v 1.35532224178314 1.31291937828064 -0.0286595225334167
v 1.35383701324463 1.31711101531982 -0.0340350270271301
v 1.35925817489624 1.31429409980774 -0.0292680859565735
v 1.3607987165451 1.31822681427002 -0.0286709666252136
v 1.35922515392303 1.32178461551666 -0.0329581499099731
v 1.35767769813538 1.31862008571625 -0.0340667366981506
v 1.35730004310608 1.32526063919067 -0.0366120934486389
v 1.35593724250793 1.32270908355713 -0.0376648306846619
v 1.35249137878418 1.32143032550812 -0.0377605557441711
v 1.35469663143158 1.32743334770203 -0.0388335585594177
v 1.35466599464417 1.33011424541473 -0.0379040837287903
v 1.35091519355774 1.32751524448395 -0.0394803881645203
v 1.35436272621155 1.32506787776947 -0.0389826893806458
v 1.35152781009674 1.32471752166748 -0.0390963554382324
v 1.37023758888245 1.2828027009964 0.00437021255493164
v 1.38996553421021 1.29233169555664 -0.00468611717224121
v 1.39339339733124 1.29025411605835 -0.00554609298706055
v 1.39282941818237 1.28733730316162 -0.00174212455749512
v 1.38962209224701 1.28927552700043 -0.000838994979858398
v 1.39065611362457 1.30132651329041 0.00111281871795654
v 1.38787770271301 1.29901504516602 -0.000825285911560059
v 1.38715267181396 1.29582333564758 0.0034794807434082
v 1.39002394676208 1.29836559295654 0.00586727261543274
v 1.39609277248383 1.30097150802612 0.00147634744644165
v 1.39577805995941 1.29803669452667 0.00631797313690186
v 1.38903677463531 1.29405999183655 0.0106047093868256
v 1.38608968257904 1.29152798652649 0.0078069269657135
v 1.38503098487854 1.28451001644135 0.0145120322704315
v 1.38769245147705 1.28699028491974 0.0184487998485565
v 1.39966130256653 1.27163779735565 0.0153676569461823
v 1.39575886726379 1.26947712898254 0.014108806848526
v 1.39588284492493 1.27504253387451 0.00856959819793701
v 1.39979910850525 1.27611839771271 0.0100493431091309
v 1.38805675506592 1.2955881357193 -0.00296854972839355
v 1.38741612434387 1.29237222671509 0.000947117805480957
v 1.3999490737915 1.2833354473114 0.00285473465919495
v 1.39616274833679 1.28246116638184 0.00156509876251221
v 1.39663803577423 1.28659820556641 -0.00194060802459717
v 1.40018308162689 1.28748643398285 -0.00104904174804688
v 1.39104163646698 1.26953732967377 0.0130986571311951
v 1.38588130474091 1.2715175151825 0.0126055479049683
v 1.38759350776672 1.27751278877258 0.00935959815979004
v 1.39162313938141 1.27574121952057 0.0082421600818634
v 1.38557004928589 1.28066658973694 0.0109531879425049
v 1.40179300308228 1.28617143630981 0.00553029775619507
v 1.40019869804382 1.29049563407898 0.00880742073059082
v 1.40051829814911 1.28277897834778 0.0167983174324036
v 1.40152227878571 1.27892541885376 0.0128137469291687
v 1.38664126396179 1.2882080078125 0.00478824973106384
v 1.39219856262207 1.28319215774536 0.0017210841178894
v 1.38848197460175 1.28524303436279 0.00281685590744019
v 1.39503335952759 1.29385459423065 0.0113771557807922
v 1.40038108825684 1.2946879863739 0.00405022501945496
v 1.40260052680969 1.29779148101807 -0.00856560468673706
v 1.40247106552124 1.29354643821716 -0.00279635190963745
v 1.40115261077881 1.2903904914856 -0.00490307807922363
v 1.40165686607361 1.29475736618042 -0.0102623701095581
v 1.40190231800079 1.29042673110962 0.00118103623390198
v 1.40070986747742 1.29770493507385 -0.00036168098449707
v 1.39025187492371 1.29658234119415 -0.0102145671844482
v 1.39377653598785 1.29412591457367 -0.0108900666236877
v 1.38855087757111 1.29967081546783 -0.0086333155632019
v 1.3943088054657 1.28725326061249 0.0202334225177765
v 1.39085602760315 1.30514717102051 -0.00501412153244019
v 1.38843500614166 1.30284774303436 -0.00690019130706787
v 1.39736819267273 1.28947854042053 -0.00571942329406738
v 1.39811635017395 1.29357624053955 -0.010986864566803
v 1.40076351165771 1.30175375938416 -0.00634127855300903
v 1.39602088928223 1.30476152896881 -0.00455045700073242
v 1.40090882778168 1.30530095100403 -0.0111287832260132
v 1.3961877822876 1.30827105045319 -0.00922811031341553
v 1.39094126224518 1.30826044082642 -0.00970649719238281
v 1.3884961605072 1.30577313899994 -0.0110577344894409
v 1.38886821269989 1.30246806144714 -0.012353777885437
v 1.40263724327087 1.30135250091553 -0.0132718086242676
v 1.40141606330872 1.29842400550842 -0.014397919178009
v 1.39814078807831 1.29699611663818 -0.0144968032836914
v 1.40188670158386 1.30449569225311 -0.0168991684913635
v 1.40008950233459 1.30884969234467 -0.0153390169143677
v 1.38949608802795 1.3150110244751 -0.0227074027061462
v 1.38951063156128 1.31294131278992 -0.0190767049789429
v 1.39158976078033 1.313884973526 -0.0189201831817627
v 1.39104986190796 1.31603407859802 -0.0217453837394714
v 1.39100551605225 1.31103408336639 -0.0143582224845886
v 1.39244556427002 1.31239378452301 -0.0157862901687622
v 1.39554309844971 1.31198525428772 -0.0152068138122559
v 1.39494657516479 1.31436586380005 -0.0181518793106079
v 1.39868545532227 1.31244385242462 -0.0189245343208313
v 1.39819204807281 1.31494331359863 -0.0224534869194031
v 1.39463448524475 1.31691455841064 -0.0211371779441833
v 1.3983097076416 1.31147062778473 -0.0164046883583069
v 1.39126467704773 1.31796681880951 -0.0236837863922119
v 1.39050245285034 1.3171581029892 -0.0252748727798462
v 1.39584112167358 1.31065845489502 -0.0129865407943726
v 1.38880455493927 1.30831909179688 -0.0149218440055847
v 1.3884379863739 1.31106448173523 -0.0196389555931091
v 1.38884663581848 1.31355619430542 -0.0239794850349426
v 1.39061236381531 1.31511068344116 -0.0268049240112305
v 1.38898611068726 1.3083279132843 -0.020088255405426
v 1.38943707942963 1.31120991706848 -0.0246126055717468
v 1.39124000072479 1.31276094913483 -0.0271907448768616
v 1.39081394672394 1.30552983283997 -0.0206508636474609
v 1.39104175567627 1.30889248847961 -0.0249007344245911
v 1.39103674888611 1.30204856395721 -0.0164533853530884
v 1.38910365104675 1.30525708198547 -0.0156692266464233
v 1.39177250862122 1.31098544597626 -0.0269330739974976
v 1.39421355724335 1.31753349304199 -0.0265031456947327
v 1.39388799667358 1.3151890039444 -0.0278638601303101
v 1.39456820487976 1.31877017021179 -0.0239781141281128
v 1.40036749839783 1.31066107749939 -0.0199592709541321
v 1.3995760679245 1.31323885917664 -0.0239507555961609
v 1.40109157562256 1.30755698680878 -0.0209047794342041
v 1.39961266517639 1.31083917617798 -0.0252101421356201
v 1.39763879776001 1.31570649147034 -0.0261068344116211
v 1.39749443531036 1.31689357757568 -0.0244176387786865
v 1.39068353176117 1.29942405223846 -0.0135146975517273
v 1.39414238929749 1.29727923870087 -0.0142172574996948
v 1.39422118663788 1.2998480796814 -0.0172228217124939
v 1.39382553100586 1.30343151092529 -0.0213296413421631
v 1.39796376228333 1.29967880249023 -0.0177212953567505
v 1.40083181858063 1.30130982398987 -0.0176641345024109
v 1.40006136894226 1.30502879619598 -0.0219467878341675
v 1.39737677574158 1.30325317382812 -0.0221454501152039
v 1.39833962917328 1.30875706672668 -0.0258015394210815
v 1.39624643325806 1.30740189552307 -0.0259920358657837
v 1.39341115951538 1.30746293067932 -0.0254210829734802
v 1.39598286151886 1.3115793466568 -0.027711808681488
v 1.39703130722046 1.31362152099609 -0.0274344086647034
v 1.3935124874115 1.31280338764191 -0.0279992818832397
v 1.39509427547455 1.310063123703 -0.0274569392204285
v 1.39330327510834 1.31061279773712 -0.0274074673652649
v 1.40122675895691 1.27463364601135 0.0168693065643311
v 1.30266714096069 1.23626327514648 0.0528481602668762
v 1.3059184551239 1.23702049255371 0.0484978258609772
v 1.30862772464752 1.22238659858704 0.0426336824893951
v 1.30952334403992 1.22901964187622 0.041962742805481
v 1.30573153495789 1.21779882907867 0.0464819371700287
v 1.29939317703247 1.21958947181702 0.0544408857822418
v 1.30206644535065 1.21740663051605 0.0506900548934937
v 1.30823564529419 1.23479175567627 0.0445511043071747
v 1.29928398132324 1.23224282264709 0.0564804673194885
v 1.29795217514038 1.22516930103302 0.0571931302547455
v 1.29096019268036 1.23378133773804 0.0507629811763763
v 1.28925108909607 1.22664356231689 0.0512341260910034
v 1.29071891307831 1.22029888629913 0.0485615730285645
v 1.29484415054321 1.21788728237152 0.0452170073986053
v 1.29947972297668 1.21844482421875 0.0418542921543121
v 1.29506742954254 1.2377837896347 0.0478605926036835
v 1.29944896697998 1.23831760883331 0.0441468358039856
v 1.30269169807434 1.23494136333466 0.0403664112091064
v 1.28777885437012 1.23907923698425 0.0429807901382446
v 1.28146576881409 1.23608779907227 0.043549507856369
v 1.27365040779114 1.22382760047913 0.0349249541759491
v 1.27779901027679 1.22256588935852 0.0378200709819794
v 1.2752947807312 1.22547399997711 0.0395601093769073
v 1.2716965675354 1.22595965862274 0.0377150177955627
v 1.28204596042633 1.2225581407547 0.0420312285423279
v 1.27770853042603 1.22570097446442 0.0414071083068848
v 1.27693808078766 1.23009550571442 0.0425661504268646
v 1.27383208274841 1.2304812669754 0.041486382484436
v 1.27704310417175 1.23433709144592 0.0423828959465027
v 1.2744882106781 1.23590397834778 0.0411766469478607
v 1.27006280422211 1.23084378242493 0.0398434996604919
v 1.26852762699127 1.22729122638702 0.0360434949398041
v 1.26722502708435 1.23132371902466 0.0371038913726807
v 1.26951742172241 1.22649371623993 0.0330720543861389
v 1.28122651576996 1.22930109500885 0.0445102751255035
v 1.28783631324768 1.21900868415833 0.0401453971862793
v 1.28144371509552 1.22080230712891 0.0355770885944366
v 1.27615475654602 1.22344315052032 0.0319567024707794
v 1.27229905128479 1.22723996639252 0.0299873352050781
v 1.28584718704224 1.22171211242676 0.0322923064231873
v 1.27969098091125 1.22547602653503 0.0293724536895752
v 1.27589881420135 1.22892618179321 0.0286269783973694
v 1.28910982608795 1.22592902183533 0.0305982530117035
v 1.28210484981537 1.22886085510254 0.0285059213638306
v 1.29767405986786 1.22322392463684 0.0353617072105408
v 1.29332661628723 1.21911644935608 0.0373290181159973
v 1.27848315238953 1.2304105758667 0.0282336175441742
v 1.26733040809631 1.23189282417297 0.0329522788524628
v 1.27091240882874 1.23265135288239 0.0301046073436737
v 1.27726721763611 1.23871409893036 0.0396819114685059
v 1.27101695537567 1.23631024360657 0.0394631922245026
v 1.27316570281982 1.23915338516235 0.0369905829429626
v 1.28136646747589 1.24060821533203 0.0379889309406281
v 1.27628374099731 1.24013376235962 0.0342103242874146
v 1.26942205429077 1.23728787899017 0.03482785820961
v 1.26807534694672 1.23561060428619 0.0378633439540863
v 1.30313110351562 1.22233963012695 0.0393165946006775
v 1.30397248268127 1.22866499423981 0.0386253893375397
v 1.29886198043823 1.2300169467926 0.0351532101631165
v 1.29042506217957 1.2319495677948 0.0310890972614288
v 1.29710364341736 1.23630809783936 0.0372511148452759
v 1.29302418231964 1.23999834060669 0.0402705669403076
v 1.28544700145721 1.24060940742493 0.0350972712039948
v 1.28895747661591 1.23767411708832 0.0322897434234619
v 1.27938270568848 1.23949301242828 0.031675398349762
v 1.28195190429688 1.23689424991608 0.029920756816864
v 1.28279733657837 1.232950091362 0.0288743674755096
v 1.27588415145874 1.23679029941559 0.0299753546714783
v 1.27245366573334 1.23756790161133 0.0317813754081726
v 1.27473711967468 1.23296451568604 0.0289573967456818
v 1.27839469909668 1.2357292175293 0.029259979724884
v 1.27822923660278 1.23305511474609 0.0285745561122894
v 1.39679932594299 1.26447188854218 0.0179619789123535
v 1.39069557189941 1.2637984752655 0.0169959962368011
v 1.39244949817657 1.25802874565125 0.0222391486167908
v 1.39501190185547 1.25152599811554 0.0287063121795654
v 1.40243530273438 1.24906349182129 0.0352796912193298
v 1.38822376728058 1.25102519989014 0.0299467444419861
v 1.38593697547913 1.25758218765259 0.0232207179069519
v 1.38315343856812 1.26517069339752 0.0166277587413788
v 1.38427352905273 1.24607014656067 0.0368029475212097
v 1.03950798511505 1.13377249240875 0.128582298755646
v 1.03601253032684 1.13324499130249 0.12724643945694
v 1.03849339485168 1.13235592842102 0.134761333465576
v 1.0414205789566 1.13345456123352 0.134795129299164
v 1.0308929681778 1.13192081451416 0.134424895048141
v 1.03505635261536 1.13153755664825 0.134647786617279
v 1.03116095066071 1.13340973854065 0.126520812511444
v 1.0259040594101 1.13469994068146 0.127398043870926
v 1.01894581317902 1.13765668869019 0.132997930049896
v 1.01729607582092 1.13753163814545 0.134421527385712
v 1.01793479919434 1.13671350479126 0.135121047496796
v 1.02007389068604 1.13603079319 0.134907424449921
v 1.02341210842133 1.13416934013367 0.134602546691895
v 1.04485058784485 1.13614928722382 0.133186042308807
v 1.04389464855194 1.13561904430389 0.13170999288559
v 1.04200339317322 1.13479161262512 0.130015701055527
v 1.02699661254883 1.1326402425766 0.134361028671265
v 1.04352653026581 1.13484084606171 0.134706735610962
v 1.0446834564209 1.13585579395294 0.134267598390579
v 1.02180981636047 1.13678109645844 0.129764050245285
v 1.03122961521149 1.13240551948547 0.132116615772247
v 1.03534543514252 1.13231182098389 0.132263630628586
v 1.03144085407257 1.13292479515076 0.129215121269226
v 1.02682542800903 1.13383436203003 0.129617035388947
v 1.02159655094147 1.13550806045532 0.133421272039413
v 1.02383840084076 1.13441371917725 0.132771849632263
v 1.03868579864502 1.132972240448 0.132760971784592
v 1.02722954750061 1.13312888145447 0.132135719060898
v 1.03579807281494 1.13300549983978 0.129749625921249
v 1.0231693983078 1.13523817062378 0.130958288908005
v 1.02112531661987 1.13612854480743 0.132390260696411
v 1.04401087760925 1.13557517528534 0.133134871721268
v 1.04397547245026 1.13539528846741 0.133576452732086
v 1.02615070343018 1.04738867282867 0.292793393135071
v 1.02577137947083 1.03062617778778 0.293410301208496
v 1.03905892372131 1.13341867923737 0.13067564368248
v 1.04295873641968 1.13471221923828 0.133414149284363
v 1.04119956493378 1.13380575180054 0.133116811513901
v 1.04146206378937 1.13433945178986 0.131594657897949
v 1.04311370849609 1.13510465621948 0.132450073957443
v 1.29581737518311 1.11089766025543 0.301556378602982
v 1.29542565345764 1.12817919254303 0.299434781074524
v 1.30676054954529 1.16700744628906 0.335984647274017
v 1.30936849117279 1.16595947742462 0.358428031206131
v 1.06017339229584 0.781384944915771 0.373177528381348
v 1.13813781738281 0.912152528762817 0.534229815006256
v 1.14177703857422 0.933013141155243 0.528607726097107
v 1.06850099563599 0.945729374885559 0.559995830059052
v 1.08840942382812 0.940438985824585 0.558773756027222
v 1.15225291252136 0.842749118804932 0.436984211206436
v 1.15295910835266 0.860349237918854 0.430773735046387
v 1.10306227207184 0.811708092689514 0.392684489488602
v 1.10454773902893 0.830839335918427 0.386801660060883
v 1.13925909996033 0.813299536705017 0.425089240074158
v 1.10746836662292 0.88837742805481 0.566324770450592
v 1.12456774711609 0.881256282329559 0.557179749011993
v 1.12264108657837 0.902205944061279 0.550729393959045
v 1.10627233982086 0.910267472267151 0.559878826141357
v 1.04892408847809 0.947911739349365 0.556833326816559
v 1.04796588420868 0.923368692398071 0.563192665576935
v 1.16405951976776 0.891604721546173 0.442985445261002
v 1.16857314109802 0.90606302022934 0.465389996767044
v 1.15786135196686 0.936860084533691 0.505532324314117
v 1.1456413269043 0.952299177646637 0.520258486270905
v 1.13035249710083 0.966803550720215 0.529880046844482
v 1.11267411708832 0.979477763175964 0.536253392696381
v 1.08756577968597 0.844087243080139 0.367760747671127
v 1.06933784484863 0.859759330749512 0.353103697299957
v 1.1539820432663 0.87841522693634 0.422367364168167
v 1.02009701728821 0.834874093532562 0.347397536039352
v 1.09826743602753 1.01629781723022 0.53039938211441
v 1.07511818408966 1.02189183235168 0.533717930316925
v 1.16633546352386 0.921292424201965 0.486773788928986
v 1.03807246685028 0.98592209815979 0.292908221483231
v 1.05619132518768 0.988323628902435 0.29094272851944
v 1.054328083992 0.971287846565247 0.292321264743805
v 1.0364670753479 0.96878457069397 0.296763956546783
v 1.07130134105682 0.973366618156433 0.290782868862152
v 1.08778119087219 0.975840508937836 0.291493386030197
v 1.10302460193634 0.97858065366745 0.293765008449554
v 1.13815224170685 0.98643958568573 0.307835847139359
v 1.12819123268127 0.984097599983215 0.302411824464798
v 1.15379071235657 0.989353358745575 0.322037130594254
v 1.14645111560822 0.988459050655365 0.314080893993378
v 1.16031789779663 0.986176609992981 0.334381729364395
v 1.16549968719482 0.983047366142273 0.350621908903122
v 1.17281997203827 1.00006139278412 0.36627009510994
v 1.17014503479004 0.981351673603058 0.369202554225922
v 1.16258060932159 0.96536260843277 0.352032750844955
v 1.15693855285645 0.968735814094543 0.335704267024994
v 1.15038371086121 0.97100156545639 0.323623090982437
v 1.02048313617706 0.915614008903503 0.324736803770065
v 1.0188136100769 0.934336125850677 0.313934326171875
v 1.02542769908905 1.06313633918762 0.290885448455811
v 1.4732460975647 1.15453636646271 0.250430285930634
v 1.37451732158661 1.20702838897705 0.157216757535934
v 1.04741728305817 1.17422318458557 0.409044027328491
v 1.06171476840973 1.17784011363983 0.406151473522186
v 1.10908579826355 1.18279838562012 0.388717144727707
v 1.11890959739685 1.18434238433838 0.37007138133049
v 1.09418475627899 1.17875361442566 0.401747643947601
v 1.07798635959625 1.17466640472412 0.41101610660553
v 1.13816463947296 0.884750604629517 0.396802186965942
v 1.06514728069305 1.15533494949341 0.437162578105927
v 1.07950472831726 1.16757941246033 0.421613752841949
v 1.09688746929169 1.17211902141571 0.413374841213226
v 1.11340856552124 1.17687237262726 0.400017350912094
v 1.1279923915863 1.18088102340698 0.381411015987396
v 1.1401869058609 1.17833912372589 0.377231895923615
v 1.16242909431458 1.17058169841766 0.389436185359955
v 1.17237591743469 1.17047238349915 0.385296672582626
v 1.18373501300812 1.17191851139069 0.381719529628754
v 1.18175315856934 1.17844772338867 0.364207088947296
v 1.16968369483948 1.17613244056702 0.367547631263733
v 1.27681386470795 1.16857004165649 0.370686829090118
v 1.29347455501556 1.1617374420166 0.372762799263
v 1.30472731590271 1.15281343460083 0.379448473453522
v 1.31146454811096 1.14199388027191 0.386157423257828
v 1.311763048172 1.12949013710022 0.392043232917786
v 1.30495727062225 1.11636960506439 0.39609956741333
v 1.29194688796997 1.10522377490997 0.399230539798737
v 1.24585437774658 1.0873144865036 0.402655065059662
v 1.22934019565582 1.08320319652557 0.405856966972351
v 1.19712817668915 1.06778311729431 0.428172469139099
v 1.19138932228088 1.06348133087158 0.436379462480545
v 1.17587292194366 1.04373800754547 0.464884072542191
v 1.16572880744934 1.03166174888611 0.479878485202789
v 1.15542411804199 1.01885092258453 0.495378822088242
v 1.1233217716217 0.78670859336853 0.610373914241791
v 1.14127445220947 0.785044431686401 0.597529768943787
v 1.13705384731293 0.802724719047546 0.588810682296753
v 1.11846256256104 0.804171621799469 0.600396156311035
v 1.07117092609406 0.848048269748688 0.590376615524292
v 1.04912567138672 0.849057078361511 0.591818571090698
v 1.17387235164642 0.782447814941406 0.532266974449158
v 1.17541241645813 0.771063685417175 0.509077072143555
v 1.15347409248352 0.799083471298218 0.57300740480423
v 1.16562497615814 0.792120099067688 0.553999543190002
v 1.16966784000397 0.757699012756348 0.486463367938995
v 1.10197508335114 0.707510471343994 0.425183594226837
v 1.07973396778107 0.697918593883514 0.415239274501801
v 1.03465831279755 0.686664760112762 0.403075397014618
v 1.01315641403198 0.685122489929199 0.401552945375443
v 1.15840184688568 0.744103133678436 0.467379927635193
v 1.0570068359375 0.690816104412079 0.407682508230209
v 1.14300799369812 0.730628192424774 0.45180070400238
v 1.1239185333252 0.718255221843719 0.437942802906036
v 1.09210586547852 0.846869468688965 0.586388885974884
v 1.09520733356476 0.825503289699554 0.597391903400421
v 1.11445093154907 0.824073076248169 0.590256810188293
v 1.07304763793945 1.08678078651428 0.499915570020676
v 1.09252071380615 1.08843982219696 0.496307909488678
v 1.11234545707703 1.09200859069824 0.490050792694092
v 1.12536537647247 1.10978138446808 0.474135041236877
v 1.13002371788025 1.09581828117371 0.481392115354538
v 1.14576709270477 1.09926676750183 0.469725131988525
v 1.14005148410797 1.1123583316803 0.463731646537781
v 1.16596806049347 1.11249113082886 0.439480125904083
v 1.1686624288559 1.10187816619873 0.442661851644516
v 1.17782258987427 1.10379457473755 0.433801382780075
v 1.17627596855164 1.1154420375824 0.431680917739868
v 1.18825852870941 1.10662090778351 0.427823662757874
v 1.1998895406723 1.1084303855896 0.422037243843079
v 1.21271634101868 1.11068224906921 0.415788680315018
v 1.2267986536026 1.11365222930908 0.411110192537308
v 1.22123444080353 1.13747203350067 0.409365475177765
v 1.20792734622955 1.13451945781708 0.413401275873184
v 1.1642245054245 1.12523221969604 0.434523463249207
v 1.14970350265503 1.12449491024017 0.444967776536942
v 1.06922876834869 1.11384212970734 0.477408111095428
v 1.05214142799377 1.10945403575897 0.478477716445923
v 1.17601358890533 0.98739230632782 0.386220425367355
v 1.1828019618988 0.994167447090149 0.403697818517685
v 1.18735826015472 1.00291347503662 0.41886031627655
v 1.18914270401001 1.01302075386047 0.431128084659576
v 1.18973386287689 1.02522242069244 0.441228061914444
v 1.1869330406189 1.03837025165558 0.448880463838577
v 1.1869615316391 1.05826056003571 0.444701492786407
v 1.18225193023682 1.05171048641205 0.454114884138107
v 1.18201553821564 1.06973326206207 0.446791112422943
v 1.1766574382782 1.06479513645172 0.45706033706665
v 1.17068958282471 1.07738041877747 0.458308935165405
v 1.16411697864532 1.08934473991394 0.458366006612778
v 1.15752184391022 1.10132002830505 0.455736249685287
v 1.15265679359436 1.11293268203735 0.451646566390991
v 1.13576674461365 1.12496900558472 0.455752819776535
v 1.12192177772522 1.12308752536774 0.46467462182045
v 1.10235607624054 1.13234674930573 0.459652185440063
v 1.1007913351059 1.1434485912323 0.448457539081573
v 1.1047614812851 1.12004292011261 0.470699369907379
v 1.10799753665924 1.10681855678558 0.481125235557556
v 1.09374225139618 1.19234609603882 0.356412947177887
v 1.08034002780914 1.19174349308014 0.368139415979385
v 1.28025019168854 1.11809897422791 0.40016633272171
v 1.27802324295044 1.11137175559998 0.401077508926392
v 1.28403091430664 1.10947799682617 0.400366902351379
v 1.29152858257294 1.1181708574295 0.398431003093719
v 1.2952184677124 1.12857615947723 0.395564258098602
v 1.27979624271393 1.13680362701416 0.395386844873428
v 1.28190016746521 1.12701416015625 0.398010969161987
v 1.29436874389648 1.13944435119629 0.391170024871826
v 1.28903138637543 1.14932548999786 0.386506021022797
v 1.27545857429504 1.14627623558044 0.392079859972
v 1.28091263771057 1.15784096717834 0.382582426071167
v 1.27007687091827 1.15436565876007 0.388924896717072
v 1.26976227760315 1.16366755962372 0.380881905555725
v 1.265016913414 1.15944921970367 0.386610776185989
v 1.2296050786972 1.15971803665161 0.396687746047974
v 1.24230515956879 1.16051578521729 0.393346399068832
v 1.25523614883423 1.16024124622345 0.389555126428604
v 1.24155497550964 1.11633765697479 0.407423734664917
v 1.25517511367798 1.12077152729034 0.404132962226868
v 1.26878702640533 1.12473046779633 0.401138067245483
v 1.26611995697021 1.13440597057343 0.399365842342377
v 1.25281119346619 1.1307897567749 0.403123170137405
v 1.23934292793274 1.12739717960358 0.407155573368073
v 1.0707573890686 1.10169887542725 0.4888836145401
v 1.08908021450043 1.10425102710724 0.485828936100006
v 1.18695199489594 1.118199467659 0.425838679075241
v 1.19720470905304 1.12025904655457 0.420951247215271
v 1.20970022678375 1.12205052375793 0.415935158729553
v 1.224449634552 1.12536871433258 0.411131024360657
v 1.19639992713928 1.13235020637512 0.41821226477623
v 1.18541121482849 1.13028299808502 0.42275607585907
v 1.17446851730347 1.12786221504211 0.427754402160645
v 1.087362408638 1.11710810661316 0.47465854883194
v 1.05308735370636 1.09827816486359 0.490754216909409
v 1.18737864494324 1.12437355518341 0.297138720750809
v 1.18453705310822 1.15039360523224 0.301294267177582
v 1.18377208709717 1.17069244384766 0.318165719509125
v 1.18252098560333 1.18010640144348 0.341278553009033
v 1.44450545310974 1.09431958198547 0.317483127117157
v 1.04764449596405 0.899502813816071 0.571073770523071
v 1.04813957214355 0.875828444957733 0.579444885253906
v 1.06922042369843 0.873686194419861 0.580873966217041
v 1.05399084091187 1.02450704574585 0.534207284450531
v 1.05459749698639 1.08551752567291 0.502440810203552
v 1.11043286323547 0.948996663093567 0.299185574054718
v 1.09791100025177 0.947419285774231 0.295751512050629
v 1.10011172294617 0.96194714307785 0.293954759836197
v 1.1130565404892 0.964046001434326 0.297648102045059
v 1.13130164146423 0.953145086765289 0.309773594141006
v 1.12156140804291 0.951009213924408 0.303992986679077
v 1.12443649768829 0.966338396072388 0.302717506885529
v 1.13444173336029 0.968480825424194 0.308314293622971
v 1.13975858688354 0.954529583454132 0.316748380661011
v 1.14297163486481 0.970434904098511 0.315009206533432
v 1.11915016174316 0.937056660652161 0.307447075843811
v 1.10829031467438 0.934958279132843 0.302547991275787
v 1.09613585472107 0.933763146400452 0.299470961093903
v 1.13656747341156 0.941272377967834 0.319700837135315
v 1.12875497341156 0.939487934112549 0.313263833522797
v 1.00458025932312 1.09366869926453 0.243339747190475
v 1.00127005577087 1.08383429050446 0.232506394386292
v 0.9932701587677 1.09025478363037 0.188193529844284
v 0.993539690971375 1.09375500679016 0.184983789920807
v 1.02248597145081 1.08528447151184 0.289409279823303
v 1.021075963974 1.09300780296326 0.286680698394775
v 1.01902914047241 0.950904965400696 0.306814312934875
v 1.02050495147705 0.983553409576416 0.296566009521484
v 1.02348875999451 0.997834086418152 0.295793414115906
v 1.02508759498596 1.01361489295959 0.294296264648438
v 1.02465581893921 1.07566440105438 0.290111660957336
v 1.01964473724365 0.966589987277985 0.302052795886993
v 1.17800617218018 0.600240111351013 0.613800704479218
v 1.16057026386261 0.586138308048248 0.635708689689636
v 1.16700828075409 0.616276502609253 0.631252765655518
v 1.15394735336304 0.606365859508514 0.646723508834839
v 1.17970669269562 0.683777868747711 0.594472229480743
v 1.1779260635376 0.657505631446838 0.606239140033722
v 1.18162155151367 0.711688220500946 0.584811627864838
v 1.13500654697418 0.602004587650299 0.662806391716003
v 1.10997128486633 0.602302670478821 0.674874842166901
v 1.11014807224274 0.627140045166016 0.679344773292542
v 1.16884136199951 0.715565621852875 0.609005570411682
v 1.16790699958801 0.68890917301178 0.618656575679779
v 1.16042137145996 0.627094388008118 0.640382587909698
v 1.17419040203094 0.634163379669189 0.618193566799164
v 1.16327905654907 0.641763091087341 0.635441422462463
v 1.13340139389038 0.6245938539505 0.667093336582184
v 1.15020406246185 0.624707937240601 0.652509450912476
v 1.08161532878876 0.787846088409424 0.626613259315491
v 1.05843830108643 0.771303057670593 0.645421028137207
v 1.08576095104218 0.769210338592529 0.640514075756073
v 1.1573897600174 0.781695067882538 0.580299735069275
v 1.14709508419037 0.765990495681763 0.609015822410583
v 1.15052235126495 0.644644916057587 0.651517570018768
v 1.13348245620728 0.64806193113327 0.667482972145081
v 1.1105352640152 0.652188360691071 0.680565774440765
v 1.11383426189423 0.726137399673462 0.658883154392242
v 1.11252093315125 0.703350484371185 0.669583082199097
v 1.1344279050827 0.698134243488312 0.656795144081116
v 1.13535964488983 0.72297203540802 0.646060049533844
v 1.1515086889267 0.743793725967407 0.620335102081299
v 1.15335488319397 0.719226360321045 0.630046844482422
v 1.11229526996613 0.748513221740723 0.646697402000427
v 1.13334310054779 0.746568143367767 0.635224878787994
v 1.1285172700882 0.767814815044403 0.622971892356873
v 1.1531777381897 0.692650318145752 0.639651954174042
v 1.08337187767029 0.682305693626404 0.686237096786499
v 1.11117196083069 0.678263306617737 0.677236676216125
v 1.05302119255066 0.685280203819275 0.6873779296875
v 1.10847592353821 0.768983960151672 0.632905244827271
v 1.10357081890106 0.787486553192139 0.61969530582428
v 1.09864950180054 0.805749475955963 0.60825514793396
v 1.09005093574524 0.870553612709045 0.578077435493469
v 1.14550244808197 0.36624813079834 0.465840220451355
v 1.00982761383057 0.539306163787842 0.536495089530945
v 1.00882112979889 0.544891715049744 0.56121289730072
v 1.18296647071838 0.620559751987457 0.492600321769714
v 1.19539141654968 0.611167132854462 0.567240357398987
v 1.18548560142517 0.622453927993774 0.596342027187347
v 1.03397583961487 0.540976464748383 0.472019881010056
v 1.01950585842133 0.535783410072327 0.49470067024231
v 1.16446697711945 0.610024809837341 0.468011885881424
v 1.11209607124329 0.572960913181305 0.442833572626114
v 1.01271641254425 0.535838723182678 0.51580548286438
v 1.16592693328857 0.663807153701782 0.62796413898468
v 1.15184092521667 0.667544484138489 0.647134602069855
v 1.13382208347321 0.672548294067383 0.66377055644989
v 1.08192896842957 0.65680468082428 0.688598990440369
v 1.05103945732117 0.661185622215271 0.68965071439743
v 1.01547634601593 0.580177247524261 0.447428166866302
v 1.01045179367065 0.589246869087219 0.442528754472733
v 1.00060331821442 0.587874412536621 0.443494290113449
v 1.00191831588745 0.57541024684906 0.451373696327209
v 1.10097932815552 0.691058754920959 0.431310147047043
v 1.07704567909241 0.682069301605225 0.422300904989243
v 1.03129506111145 0.671743273735046 0.411437034606934
v 1.01073491573334 0.670729994773865 0.409841060638428
v 1.16206085681915 0.727983355522156 0.471736997365952
v 1.05350053310394 0.675774931907654 0.415551215410233
v 1.14607334136963 0.714364230632782 0.455923467874527
v 1.12493991851807 0.701992154121399 0.442884802818298
v 1.1372492313385 -0.0815187096595764 0.566467344760895
v 1.1412992477417 -0.109039008617401 0.561440050601959
v 1.139892578125 -0.10880309343338 0.577552378177643
v 1.13343346118927 -0.0805855393409729 0.58071380853653
v 1.14522421360016 -0.076293408870697 0.610281527042389
v 1.13531637191772 -0.0787907242774963 0.601345896720886
v 1.1590279340744 -0.0750086903572083 0.61385577917099
v 1.15882134437561 -0.105401694774628 0.61207640171051
v 1.17122709751129 -0.105266988277435 0.606990277767181
v 1.17262244224548 -0.0750321745872498 0.611005008220673
v 1.18287217617035 -0.0748206973075867 0.602697014808655
v 1.18938446044922 -0.104488790035248 0.588824331760406
v 1.1943564414978 -0.103516042232513 0.57148802280426
v 1.19655692577362 -0.0751884579658508 0.573669195175171
v 1.19064784049988 -0.074773371219635 0.591227173805237
v 1.19512486457825 -0.0790846943855286 0.553191065788269
v 1.19335913658142 -0.105784714221954 0.551582396030426
v 1.1817878484726 -0.0822696089744568 0.541390776634216
v 1.14479470252991 -0.0832588076591492 0.552411079406738
v 1.14741086959839 -0.109361350536346 0.545072793960571
v 1.14562523365021 -0.106232702732086 0.608675539493561
v 1.13834989070892 -0.108045518398285 0.597051024436951
v 1.13138866424561 -0.0802894234657288 0.590735018253326
v 1.13902187347412 -0.108538329601288 0.587372303009033
v 1.14144468307495 -0.136004626750946 0.569859623908997
v 1.13949954509735 -0.135088980197906 0.553721904754639
v 1.14552855491638 -0.135055482387543 0.607377052307129
v 1.14347147941589 -0.135673344135284 0.592931568622589
v 1.16961252689362 -0.133775532245636 0.603088557720184
v 1.15835916996002 -0.134070098400116 0.611994445323944
v 1.19198000431061 -0.132902681827545 0.58800196647644
v 1.18090033531189 -0.104916632175446 0.599037766456604
v 1.18135583400726 -0.133499205112457 0.596309721469879
v 1.19708383083344 -0.130330622196198 0.570377111434937
v 1.19599437713623 -0.130361616611481 0.548100173473358
v 1.14705300331116 -0.133397161960602 0.53621643781662
v 1.14346349239349 -0.136293828487396 0.582628011703491
v 1.24967622756958 -0.205254733562469 0.393438756465912
v 1.24328625202179 -0.205508410930634 0.389116585254669
v 1.24412310123444 -0.200547993183136 0.391501247882843
v 1.24826860427856 -0.200933396816254 0.393757522106171
v 1.21522879600525 -0.201989591121674 0.372226417064667
v 1.20347595214844 -0.205321848392487 0.369928181171417
v 1.20517539978027 -0.193097174167633 0.36975371837616
v 1.21367454528809 -0.19160932302475 0.371033668518066
v 1.23246467113495 -0.204401552677155 0.37749046087265
v 1.23987889289856 -0.204774558544159 0.380898475646973
v 1.23685741424561 -0.208660900592804 0.382418185472488
v 1.23219645023346 -0.208222091197968 0.380413293838501
v 1.26123702526093 -0.20733517408371 0.42839902639389
v 1.26579260826111 -0.208172738552094 0.431934714317322
v 1.26398754119873 -0.21210914850235 0.433359801769257
v 1.2607901096344 -0.211751043796539 0.430287092924118
v 1.25441467761993 -0.207551419734955 0.406747192144394
v 1.25913155078888 -0.208622753620148 0.411177664995193
v 1.25722241401672 -0.212118208408356 0.41209864616394
v 1.25410223007202 -0.212542831897736 0.409377217292786
v 1.2110550403595 -0.189629375934601 0.393603980541229
v 1.21426701545715 -0.189135730266571 0.379988253116608
v 1.20090961456299 -0.191152036190033 0.378093719482422
v 1.19607877731323 -0.187929689884186 0.391328394412994
v 1.19393455982208 -0.200813353061676 0.378682613372803
v 1.20078802108765 -0.206884920597076 0.383071959018707
v 1.19549071788788 -0.208759844303131 0.395858108997345
v 1.18860054016113 -0.199976027011871 0.392963230609894
v 1.21351885795593 -0.207668602466583 0.38488358259201
v 1.20967519283295 -0.209145367145538 0.39717036485672
v 1.21809828281403 -0.201159298419952 0.396886199712753
v 1.22321689128876 -0.198994934558868 0.383068859577179
v 1.23657083511353 -0.201224029064178 0.400421440601349
v 1.24240338802338 -0.203108847141266 0.38977038860321
v 1.23726367950439 -0.196435987949371 0.38745978474617
v 1.23193573951721 -0.193382084369659 0.398968458175659
v 1.22956049442291 -0.19629567861557 0.383703678846359
v 1.22136759757996 -0.19294136762619 0.393873393535614
v 1.21776914596558 -0.20341545343399 0.393691718578339
v 1.22365403175354 -0.202842891216278 0.381080657243729
v 1.22722828388214 -0.208689153194427 0.385765016078949
v 1.22140491008759 -0.20939975976944 0.397577881813049
v 1.23026561737061 -0.209295809268951 0.400496155023575
v 1.23596167564392 -0.209373652935028 0.389743566513062
v 1.24598586559296 -0.195604145526886 0.410530149936676
v 1.24798178672791 -0.199547827243805 0.39956983923912
v 1.24096262454987 -0.199298083782196 0.396377354860306
v 1.23647665977478 -0.195516884326935 0.405361413955688
v 1.23673677444458 -0.206656038761139 0.393967509269714
v 1.24132657051086 -0.21032851934433 0.397004425525665
v 1.23673701286316 -0.210242569446564 0.406811416149139
v 1.23281419277191 -0.20548802614212 0.403057783842087
v 1.24568486213684 -0.209996521472931 0.411057472229004
v 1.24827075004578 -0.211041390895844 0.400062561035156
v 1.25061392784119 -0.202252686023712 0.411503344774246
v 1.2525942325592 -0.205268323421478 0.400923371315002
v 1.26061725616455 -0.205068290233612 0.428816765546799
v 1.26124119758606 -0.208157479763031 0.417980194091797
v 1.25867855548859 -0.202387034893036 0.416568130254745
v 1.25772953033447 -0.197950899600983 0.427127599716187
v 1.2535412311554 -0.201098024845123 0.413129389286041
v 1.25105130672455 -0.197446644306183 0.42085188627243
v 1.24968016147614 -0.205481946468353 0.411240458488464
v 1.25114226341248 -0.21293431520462 0.413766384124756
v 1.24960732460022 -0.211814939975739 0.421681851148605
v 1.24873042106628 -0.203390657901764 0.417493283748627
v 1.25720405578613 -0.213658273220062 0.417706251144409
v 1.25622606277466 -0.212468564510345 0.427705526351929
v 1.26493692398071 -0.200391829013824 0.447127491235733
v 1.26588952541351 -0.20750766992569 0.449467062950134
v 1.26703655719757 -0.208116948604584 0.4405597448349
v 1.26550936698914 -0.20254522562027 0.439311891794205
v 1.26142585277557 -0.201180994510651 0.434248089790344
v 1.26047658920288 -0.198797404766083 0.440430343151093
v 1.25772047042847 -0.205828487873077 0.432879447937012
v 1.25781774520874 -0.213114082813263 0.434892505407333
v 1.25712704658508 -0.212900698184967 0.440870225429535
v 1.25834941864014 -0.204648077487946 0.438199162483215
v 1.2635258436203 -0.213456690311432 0.43892827630043
v 1.26210236549377 -0.212819516658783 0.446855306625366
v 1.19164729118347 -0.186131656169891 0.404991745948792
v 1.21077263355255 -0.190516173839569 0.407440394163132
v 1.20520257949829 -0.205925643444061 0.374854147434235
v 1.18416333198547 -0.200621545314789 0.406942963600159
v 1.21215438842773 -0.206472814083099 0.376210451126099
v 1.20965075492859 -0.210544645786285 0.409511804580688
v 1.19192945957184 -0.210205972194672 0.409835159778595
v 1.21469783782959 -0.202093541622162 0.402103364467621
v 1.23828506469727 -0.199340879917145 0.381355583667755
v 1.23114585876465 -0.203491151332855 0.408377051353455
v 1.22808516025543 -0.211130797863007 0.416052222251892
v 1.23392045497894 -0.199156820774078 0.379145205020905
v 1.22812497615814 -0.191956579685211 0.414461553096771
v 1.24278426170349 -0.194763720035553 0.428368628025055
v 1.2443722486496 -0.209765017032623 0.392292201519012
v 1.24794578552246 -0.210171520709991 0.394270122051239
v 1.24396622180939 -0.212553083896637 0.42823526263237
v 1.24872756004333 -0.202211439609528 0.419533401727676
v 1.25857126712799 -0.204405963420868 0.410822540521622
v 1.25948965549469 -0.204006969928741 0.437477797269821
v 1.25464427471161 -0.213860213756561 0.443070024251938
v 1.2555558681488 -0.203517377376556 0.409540683031082
v 1.25521337985992 -0.196010172367096 0.44411301612854
v 1.26454973220825 -0.204715192317963 0.432983219623566
v 1.26384854316711 -0.207246840000153 0.46162748336792
v 1.26042592525482 -0.214457929134369 0.456498324871063
v 1.26243758201599 -0.203666985034943 0.430525451898575
v 1.26259815692902 -0.198276817798615 0.457656860351562
v 1.15486133098602 -0.0842148661613464 0.540307343006134
v 1.15776336193085 -0.109128892421722 0.534149050712585
v 1.16781997680664 -0.0844691395759583 0.536919891834259
v 1.18230128288269 -0.108415067195892 0.53861528635025
v 1.17055773735046 -0.109648525714874 0.532516479492188
v 1.16063070297241 -0.131539762020111 0.524111092090607
v 1.18560004234314 -0.131609857082367 0.531983554363251
v 1.17470669746399 -0.13124293088913 0.524155914783478
v 1.19402325153351 -0.154406130313873 0.59062397480011
v 1.20168519020081 -0.15250152349472 0.572955369949341
v 1.18095600605011 -0.154991924762726 0.597594141960144
v 1.15760362148285 -0.156316101551056 0.614381372928619
v 1.16983771324158 -0.155450522899628 0.60625147819519
v 1.16443026065826 -0.149466812610626 0.512557446956635
v 1.15054297447205 -0.153918564319611 0.528288424015045
v 1.18020761013031 -0.14784973859787 0.511226177215576
v 1.19363927841187 -0.148123204708099 0.521562159061432
v 1.18221700191498 -0.183882772922516 0.420135021209717
v 1.17554557323456 -0.18626195192337 0.441153407096863
v 1.19119095802307 -0.175340473651886 0.442916870117188
v 1.20126867294312 -0.182015836238861 0.424507200717926
v 1.20904231071472 -0.176863372325897 0.452454447746277
v 1.2182605266571 -0.185642421245575 0.433299630880356
v 1.22391390800476 -0.181073725223541 0.464592784643173
v 1.23330450057983 -0.188238322734833 0.445736229419708
v 1.23609828948975 -0.186408817768097 0.477499693632126
v 1.24610161781311 -0.191798269748688 0.45978507399559
v 1.24618554115295 -0.194547474384308 0.489410400390625
v 1.25637173652649 -0.196386396884918 0.472026348114014
v 1.25284659862518 -0.205409944057465 0.495769441127777
v 1.26129221916199 -0.20672208070755 0.477348655462265
v 1.17578828334808 -0.201840579509735 0.422376334667206
v 1.17080330848694 -0.202879369258881 0.443081855773926
v 1.18528163433075 -0.21370404958725 0.426872730255127
v 1.18016636371613 -0.216925323009491 0.447332084178925
v 1.20188593864441 -0.214227616786957 0.43244606256485
v 1.19559144973755 -0.217401087284088 0.453599184751511
v 1.24904918670654 -0.218287289142609 0.491453140974045
v 1.25644469261169 -0.217858612537384 0.472014486789703
v 1.21888542175293 -0.215178191661835 0.441584050655365
v 1.21191906929016 -0.217153370380402 0.462928682565689
v 1.23396968841553 -0.217407763004303 0.452171057462692
v 1.2266298532486 -0.218989431858063 0.473374962806702
v 1.24633264541626 -0.218966543674469 0.462763249874115
v 1.23893082141876 -0.220534145832062 0.483263343572617
v 1.17958784103394 -0.171504080295563 0.465592324733734
v 1.19859910011292 -0.166638910770416 0.472697973251343
v 1.21281051635742 -0.171622931957245 0.485490798950195
v 1.2239625453949 -0.179775178432465 0.498742341995239
v 1.23345637321472 -0.191680610179901 0.510346353054047
v 1.24159240722656 -0.20295113325119 0.51672226190567
v 1.21452188491821 -0.169873058795929 0.52591073513031
v 1.22109496593475 -0.190994560718536 0.534119844436646
v 1.22782564163208 -0.203851044178009 0.537733018398285
v 1.21095550060272 -0.191214144229889 0.558725118637085
v 1.21574103832245 -0.205017507076263 0.55929172039032
v 1.19259834289551 -0.194853723049164 0.597844541072845
v 1.19752895832062 -0.210396349430084 0.599597692489624
v 1.20583117008209 -0.206478297710419 0.581434726715088
v 1.20085561275482 -0.192348659038544 0.580917596817017
v 1.20645976066589 -0.171839654445648 0.553835332393646
v 1.19869089126587 -0.172549068927765 0.577147006988525
v 1.18986713886261 -0.174056470394135 0.593261301517487
v 1.17605483531952 -0.213952600955963 0.617842197418213
v 1.188312292099 -0.212999165058136 0.610866189002991
v 1.18480467796326 -0.196475684642792 0.609286487102509
v 1.17424428462982 -0.197079718112946 0.618534743785858
v 1.15656542778015 -0.198937594890594 0.621827781200409
v 1.15863788127899 -0.216042459011078 0.617392599582672
v 1.14314067363739 -0.200569689273834 0.607353389263153
v 1.14426803588867 -0.217517554759979 0.604909598827362
v 1.17177224159241 -0.175612509250641 0.612274646759033
v 1.18071627616882 -0.175353705883026 0.603163361549377
v 1.15755367279053 -0.176848590373993 0.617693424224854
v 1.14533889293671 -0.178095042705536 0.606137931346893
v 1.1465824842453 -0.177969872951508 0.588850677013397
v 1.1439836025238 -0.200162470340729 0.587962627410889
v 1.14163291454315 -0.21661764383316 0.585961818695068
v 1.16919326782227 -0.188410699367523 0.466089069843292
v 1.16848933696747 -0.202215492725372 0.468763172626495
v 1.20362615585327 -0.159627020359039 0.505291283130646
v 1.18790233135223 -0.15729957818985 0.493042886257172
v 1.16756427288055 -0.165874421596527 0.494426786899567
v 1.16045451164246 -0.188736379146576 0.492874801158905
v 1.1645735502243 -0.203735768795013 0.496292531490326
v 1.1599348783493 -0.205972373485565 0.520589530467987
v 1.15332424640656 -0.192759454250336 0.518184304237366
v 1.17601418495178 -0.213559210300446 0.473082393407822
v 1.17266583442688 -0.211362063884735 0.500404596328735
v 1.1670663356781 -0.212904036045074 0.523890972137451
v 1.15333735942841 -0.209109365940094 0.540864765644073
v 1.14860510826111 -0.195883095264435 0.540072381496429
v 1.14885580539703 -0.211348950862885 0.557510614395142
v 1.14712142944336 -0.196639239788055 0.558127284049988
v 1.14595699310303 -0.197737991809845 0.572470426559448
v 1.14485609531403 -0.213760793209076 0.570967018604279
v 1.14599847793579 -0.176399767398834 0.560976326465607
v 1.14617645740509 -0.17663699388504 0.574386477470398
v 1.14706945419312 -0.176288902759552 0.542409598827362
v 1.15230000019073 -0.172845184803009 0.519971787929535
v 1.23889625072479 -0.216427862644196 0.513485193252563
v 1.22708678245544 -0.215350449085236 0.535308599472046
v 1.21475350856781 -0.21520060300827 0.556784212589264
v 1.20417940616608 -0.218219459056854 0.578145742416382
v 1.19361209869385 -0.221990406513214 0.594022274017334
v 1.18487989902496 -0.223907291889191 0.603388845920563
v 1.16032230854034 -0.224866926670074 0.608460903167725
v 1.17424607276917 -0.224452555179596 0.609458446502686
v 1.15014481544495 -0.225777804851532 0.59979772567749
v 1.14848983287811 -0.226076900959015 0.584457695484161
v 1.15097451210022 -0.22511214017868 0.571490883827209
v 1.15994501113892 -0.217747986316681 0.543473601341248
v 1.15467929840088 -0.222246587276459 0.558750867843628
v 1.14112889766693 -0.157038152217865 0.547405123710632
v 1.14131784439087 -0.157723963260651 0.565571308135986
v 1.14380240440369 -0.157928168773651 0.579019725322723
v 1.14603841304779 -0.157439291477203 0.606550812721252
v 1.14544630050659 -0.157554924488068 0.590699315071106
v 1.18917071819305 -0.217636406421661 0.479250192642212
v 1.20450246334076 -0.217619001865387 0.488135099411011
v 1.21839892864227 -0.218886196613312 0.497926086187363
v 1.22976315021515 -0.219695627689362 0.50651890039444
v 1.21965479850769 -0.219444334506989 0.529689490795135
v 1.20908033847809 -0.219229757785797 0.522688329219818
v 1.19590318202972 -0.218800365924835 0.514138758182526
v 1.18283188343048 -0.215895116329193 0.505872488021851
v 1.20786213874817 -0.220418155193329 0.551008820533752
v 1.19858288764954 -0.221197187900543 0.544384956359863
v 1.18663108348846 -0.221093833446503 0.53713321685791
v 1.17577540874481 -0.218588769435883 0.529026925563812
v 1.16776132583618 -0.223462402820587 0.548559904098511
v 1.17684018611908 -0.224854290485382 0.556836187839508
v 1.18730986118317 -0.22443300485611 0.563542902469635
v 1.19600987434387 -0.223060667514801 0.570855736732483
v 1.18642020225525 -0.225300848484039 0.585710227489471
v 1.1785135269165 -0.226141154766083 0.578069567680359
v 1.16936838626862 -0.226789534091949 0.571173012256622
v 1.16210210323334 -0.226301968097687 0.564247369766235
v 1.17930507659912 -0.226361453533173 0.594111323356628
v 1.16323232650757 -0.227603256702423 0.600504457950592
v 1.17194652557373 -0.22703355550766 0.599631905555725
v 1.15631783008575 -0.228686153888702 0.59569787979126
v 1.15614461898804 -0.228452980518341 0.585178434848785
v 1.15853643417358 -0.227761805057526 0.574979424476624
v 1.16542077064514 -0.22750324010849 0.580125331878662
v 1.16268157958984 -0.227889955043793 0.587283194065094
v 1.17344975471497 -0.226804673671722 0.586344540119171
v 1.16882514953613 -0.227130353450775 0.592175722122192
v 1.16125047206879 -0.228017508983612 0.593083620071411
v 1.16442441940308 -0.227638423442841 0.595412492752075
v 1.20049226284027 -0.152555286884308 0.543021678924561
v 1.14152812957764 0.194986045360565 0.505629777908325
v 1.12568998336792 0.196421980857849 0.509669423103333
v 1.15790545940399 0.198344945907593 0.506519079208374
v 1.13809835910797 0.601995587348938 0.449709445238113
v 1.08170628547668 0.787614643573761 0.384992122650146
v 1.08592295646667 0.823767721652985 0.373701095581055
v 1.08330535888672 0.804931044578552 0.379727512598038
v 1.14348709583282 0.578730344772339 0.449935555458069
v 1.13907551765442 0.866929948329926 0.405498802661896
v 1.11636865139008 0.981507539749146 0.297541558742523
v 1.09669768810272 1.1931060552597 0.175174653530121
v 1.09534287452698 1.19280254840851 0.178971230983734
v 1.09488296508789 1.19376921653748 0.18273401260376
v 1.09509062767029 1.19518184661865 0.186210542917252
v 1.0950311422348 1.1973592042923 0.189244598150253
v 1.09387004375458 1.2008273601532 0.190762221813202
v 1.09741580486298 1.19633877277374 0.182581752538681
v 1.09529900550842 1.20061063766479 0.181539922952652
v 1.0952844619751 1.19988036155701 0.179200053215027
v 1.09719145298004 1.19563710689545 0.179697543382645
f 2 3 1
f 1 3 4
f 3 2 5
f 5 2 6
f 3 7 4
f 4 7 8
f 10 11 9
f 9 11 12
f 14 15 13
f 13 15 16
f 18 19 17
f 17 19 20
f 22 23 21
f 21 23 24
f 26 18 25
f 25 18 17
f 27 28 17
f 17 28 25
f 30 31 29
f 29 31 32
f 34 35 33
f 33 35 36
f 21 24 37
f 37 24 38
f 40 31 39
f 39 31 38
f 34 33 28
f 28 33 25
f 41 42 44
f 44 42 43
f 36 45 33
f 33 45 25
f 46 47 49
f 49 47 48
f 51 52 50
f 50 52 53
f 55 53 54
f 54 53 52
f 57 58 56
f 56 58 59
f 61 62 60
f 60 62 63
f 65 66 64
f 64 66 67
f 69 70 68
f 68 70 71
f 65 73 72
f 72 73 74
f 64 75 65
f 65 75 73
f 77 78 76
f 76 78 79
f 80 81 83
f 83 81 82
f 81 85 84
f 84 85 86
f 88 89 87
f 87 89 69
f 88 87 90
f 90 87 91
f 93 94 92
f 92 94 95
f 96 84 43
f 43 84 44
f 51 98 97
f 97 98 86
f 97 99 51
f 51 99 52
f 54 52 100
f 100 52 99
f 58 101 59
f 59 101 102
f 62 103 63
f 63 103 104
f 105 106 6
f 6 106 5
f 108 109 107
f 107 109 110
f 112 113 111
f 111 113 114
f 116 117 115
f 115 117 118
f 120 121 119
f 119 121 122
f 124 125 123
f 123 125 126
f 128 129 127
f 127 129 130
f 130 131 127
f 127 131 132
f 134 1 133
f 133 1 135
f 1 4 135
f 135 4 136
f 4 8 136
f 136 8 137
f 138 139 15
f 15 139 140
f 140 139 141
f 141 139 142
f 144 57 143
f 143 57 56
f 145 146 141
f 141 146 147
f 146 149 148
f 148 149 150
f 152 153 151
f 151 153 154
f 141 147 140
f 140 147 155
f 157 11 156
f 156 11 158
f 160 161 159
f 159 161 162
f 164 165 163
f 163 165 166
f 165 160 166
f 166 160 159
f 168 169 167
f 167 169 170
f 169 171 170
f 170 171 172
f 149 173 150
f 150 173 174
f 175 176 149
f 149 176 173
f 178 172 177
f 177 172 171
f 180 181 179
f 179 181 182
f 184 180 183
f 183 180 179
f 186 187 185
f 185 187 188
f 190 191 189
f 189 191 192
f 7 193 8
f 8 193 194
f 196 162 195
f 195 162 161
f 197 168 198
f 198 168 167
f 181 199 182
f 182 199 200
f 202 203 201
f 201 203 204
f 187 186 205
f 205 186 206
f 208 209 207
f 207 209 210
f 212 213 211
f 211 213 214
f 215 216 218
f 218 216 217
f 220 209 219
f 219 209 208
f 204 186 221
f 221 186 185
f 201 204 222
f 222 204 221
f 223 211 220
f 220 211 209
f 224 225 214
f 214 225 210
f 203 206 204
f 204 206 186
f 227 187 226
f 226 187 205
f 27 228 21
f 21 228 22
f 230 231 229
f 229 231 232
f 234 235 233
f 233 235 236
f 238 239 237
f 237 239 240
f 119 122 118
f 118 122 115
f 112 242 241
f 241 242 243
f 98 51 244
f 244 51 50
f 245 138 14
f 14 138 15
f 11 10 158
f 158 10 246
f 89 85 69
f 69 85 70
f 11 157 12
f 12 157 247
f 249 164 248
f 248 164 163
f 177 250 178
f 178 250 251
f 253 254 252
f 252 254 255
f 187 227 188
f 188 227 256
f 212 257 213
f 213 257 258
f 260 134 259
f 259 134 133
f 165 164 135
f 135 164 133
f 160 165 136
f 136 165 135
f 136 137 160
f 160 137 161
f 137 261 161
f 161 261 195
f 263 264 262
f 262 264 265
f 13 16 266
f 266 16 267
f 268 267 155
f 155 267 16
f 147 269 155
f 155 269 268
f 162 196 167
f 167 196 198
f 167 170 162
f 162 170 159
f 170 172 159
f 159 172 166
f 172 178 166
f 166 178 163
f 178 251 163
f 163 251 248
f 168 270 169
f 169 270 271
f 272 273 171
f 171 273 177
f 271 272 169
f 169 272 171
f 168 197 270
f 270 197 274
f 250 177 275
f 275 177 273
f 277 45 276
f 276 45 278
f 280 281 279
f 279 281 282
f 284 104 283
f 283 104 103
f 285 215 286
f 286 215 218
f 288 289 287
f 287 289 290
f 291 80 66
f 66 80 83
f 293 294 292
f 292 294 295
f 73 91 74
f 74 91 87
f 91 73 92
f 92 73 75
f 279 77 280
f 280 77 76
f 80 291 70
f 70 291 71
f 277 47 96
f 96 47 82
f 297 175 296
f 296 175 149
f 299 154 298
f 298 154 153
f 225 300 210
f 210 300 207
f 224 301 206
f 206 301 205
f 210 209 214
f 214 209 211
f 226 205 302
f 302 205 301
f 304 305 303
f 303 305 306
f 308 309 307
f 307 309 310
f 72 291 65
f 65 291 66
f 66 83 67
f 67 83 46
f 312 313 311
f 311 313 314
f 316 317 315
f 315 317 36
f 29 318 35
f 35 318 319
f 321 32 320
f 320 32 322
f 311 314 323
f 323 314 324
f 315 325 316
f 316 325 326
f 318 287 319
f 319 287 290
f 328 321 327
f 327 321 320
f 329 330 39
f 39 330 331
f 332 333 40
f 40 333 322
f 309 334 285
f 285 334 335
f 236 2 134
f 134 2 1
f 260 336 233
f 233 336 337
f 237 14 265
f 265 14 13
f 84 86 44
f 44 86 98
f 189 192 7
f 7 192 193
f 44 98 41
f 41 98 244
f 237 240 14
f 14 240 245
f 7 3 189
f 189 3 5
f 338 71 72
f 72 71 291
f 262 265 266
f 266 265 13
f 124 123 339
f 339 123 105
f 123 109 105
f 105 109 106
f 189 5 190
f 190 5 106
f 111 114 12
f 12 114 9
f 264 340 265
f 265 340 237
f 342 343 341
f 341 343 344
f 6 235 105
f 105 235 339
f 234 346 345
f 345 346 347
f 349 350 348
f 348 350 351
f 107 352 108
f 108 352 353
f 355 356 354
f 354 356 357
f 237 340 238
f 238 340 358
f 12 247 111
f 111 247 359
f 264 263 116
f 116 263 360
f 361 362 222
f 222 362 201
f 364 365 363
f 363 365 366
f 368 369 367
f 367 369 370
f 372 373 371
f 371 373 374
f 375 376 372
f 372 376 377
f 378 379 381
f 381 379 380
f 382 383 269
f 269 383 268
f 150 174 365
f 365 174 384
f 380 377 381
f 381 377 376
f 271 270 180
f 180 270 181
f 273 272 252
f 252 272 184
f 272 271 184
f 184 271 180
f 181 270 274
f 252 255 273
f 273 255 275
f 254 385 255
f 255 385 386
f 387 388 179
f 179 388 183
f 389 387 182
f 182 387 179
f 182 200 389
f 389 200 390
f 388 391 183
f 183 391 253
f 391 392 253
f 253 392 254
f 394 379 393
f 393 379 378
f 185 188 395
f 395 188 396
f 221 185 397
f 397 185 395
f 222 221 398
f 398 221 397
f 188 256 396
f 396 256 399
f 400 401 256
f 256 401 399
f 402 403 405
f 405 403 404
f 148 150 364
f 364 150 365
f 393 406 394
f 394 406 407
f 158 246 393
f 393 246 406
f 342 19 238
f 238 19 239
f 23 22 350
f 350 22 354
f 244 50 245
f 245 50 138
f 55 142 53
f 53 142 139
f 145 144 296
f 296 144 143
f 355 228 341
f 341 228 20
f 41 240 42
f 42 240 239
f 283 308 284
f 284 308 307
f 349 409 408
f 408 409 410
f 244 245 41
f 41 245 240
f 268 383 406
f 406 383 407
f 346 411 349
f 349 411 409
f 251 412 248
f 248 412 413
f 275 414 250
f 250 414 415
f 25 45 26
f 26 45 277
f 43 26 96
f 96 26 277
f 416 417 61
f 61 417 62
f 329 24 408
f 408 24 23
f 31 40 32
f 32 40 322
f 39 38 329
f 329 38 24
f 37 38 30
f 30 38 31
f 418 419 421
f 421 419 420
f 78 295 79
f 79 295 294
f 124 339 422
f 422 339 345
f 232 131 357
f 357 131 351
f 2 236 6
f 6 236 235
f 252 184 253
f 253 184 183
f 227 423 256
f 256 423 400
f 423 227 305
f 305 227 226
f 424 258 425
f 425 258 257
f 426 427 212
f 212 427 257
f 259 133 249
f 249 133 164
f 419 418 428
f 428 418 429
f 327 430 328
f 328 430 288
f 49 431 46
f 46 431 67
f 306 302 424
f 424 302 258
f 313 432 314
f 314 432 433
f 32 321 29
f 29 321 318
f 324 314 433
f 287 318 328
f 328 318 321
f 134 260 236
f 236 260 233
f 345 339 234
f 234 339 235
f 357 351 354
f 354 351 350
f 408 23 349
f 349 23 350
f 317 278 36
f 36 278 45
f 432 313 429
f 429 313 428
f 435 428 434
f 434 428 313
f 42 239 18
f 18 239 19
f 43 42 26
f 26 42 18
f 121 120 436
f 436 120 437
f 302 301 258
f 258 301 213
f 110 109 126
f 126 109 123
f 238 358 342
f 342 358 343
f 341 20 342
f 342 20 19
f 322 438 320
f 320 438 439
f 320 439 327
f 327 439 430
f 333 440 322
f 322 440 438
f 289 288 323
f 323 288 430
f 115 340 116
f 116 340 264
f 146 145 149
f 149 145 296
f 15 140 16
f 16 140 155
f 441 442 152
f 152 442 153
f 225 224 203
f 203 224 206
f 175 297 154
f 154 297 151
f 293 443 294
f 294 443 444
f 248 413 249
f 249 413 445
f 446 447 400
f 400 447 401
f 388 387 396
f 396 387 395
f 387 389 395
f 395 389 397
f 391 388 399
f 399 388 396
f 401 392 399
f 399 392 391
f 255 386 275
f 275 386 414
f 449 450 448
f 448 450 451
f 335 452 285
f 285 452 215
f 453 298 442
f 442 298 153
f 211 223 212
f 212 223 426
f 425 257 454
f 454 257 427
f 266 10 262
f 262 10 9
f 360 113 456
f 456 113 455
f 8 194 137
f 137 194 261
f 10 266 246
f 246 266 267
f 203 202 225
f 225 202 300
f 262 9 263
f 263 9 114
f 108 353 190
f 190 353 191
f 389 390 397
f 397 390 398
f 457 422 128
f 128 422 129
f 156 158 378
f 378 158 393
f 347 346 348
f 348 346 349
f 447 458 401
f 401 458 392
f 364 382 148
f 148 382 269
f 55 54 57
f 57 54 58
f 75 64 459
f 459 64 460
f 100 90 101
f 101 90 95
f 101 58 100
f 100 58 54
f 142 55 144
f 144 55 57
f 147 146 269
f 269 146 148
f 459 93 75
f 75 93 92
f 144 145 142
f 142 145 141
f 228 27 20
f 20 27 17
f 154 299 175
f 175 299 176
f 214 213 224
f 224 213 301
f 424 461 306
f 306 461 303
f 285 286 309
f 309 286 310
f 462 334 308
f 308 334 309
f 302 306 226
f 226 306 305
f 37 28 21
f 21 28 27
f 29 35 30
f 30 35 34
f 30 34 37
f 37 34 28
f 344 436 356
f 356 436 229
f 325 290 326
f 326 290 289
f 311 439 312
f 312 439 438
f 35 319 36
f 36 319 315
f 439 311 430
f 430 311 323
f 315 319 325
f 325 319 290
f 440 463 438
f 438 463 312
f 341 344 355
f 355 344 356
f 360 456 116
f 116 456 117
f 354 22 355
f 355 22 228
f 326 289 324
f 324 289 323
f 74 87 68
f 68 87 69
f 50 53 138
f 138 53 139
f 268 406 267
f 267 406 246
f 190 106 108
f 108 106 109
f 241 455 112
f 112 455 113
f 358 122 343
f 343 122 121
f 129 347 130
f 130 347 348
f 348 351 130
f 130 351 131
f 229 232 356
f 356 232 357
f 340 115 358
f 358 115 122
f 111 359 112
f 112 359 242
f 125 124 457
f 457 124 422
f 231 132 232
f 232 132 131
f 343 121 344
f 344 121 436
f 263 114 360
f 360 114 113
f 347 129 345
f 345 129 422
f 230 229 437
f 437 229 436
f 464 446 423
f 423 446 400
f 465 466 468
f 468 466 467
f 470 471 469
f 469 471 472
f 469 472 373
f 373 472 374
f 474 469 473
f 473 469 373
f 471 475 472
f 472 475 476
f 472 477 374
f 374 477 478
f 477 472 476
f 479 480 476
f 476 480 477
f 473 373 377
f 377 373 372
f 481 482 479
f 479 482 480
f 483 484 481
f 481 484 482
f 403 402 485
f 485 402 486
f 487 488 483
f 483 488 484
f 487 489 488
f 488 489 490
f 489 491 490
f 490 491 492
f 491 493 492
f 492 493 494
f 493 495 494
f 494 495 496
f 497 498 481
f 481 498 483
f 484 499 482
f 482 499 367
f 370 480 367
f 367 480 482
f 480 370 477
f 477 370 478
f 500 497 479
f 479 497 481
f 451 473 380
f 380 473 377
f 448 451 379
f 379 451 380
f 501 502 504
f 504 502 503
f 449 505 507
f 507 505 506
f 486 508 505
f 505 508 506
f 508 509 506
f 506 509 510
f 511 507 510
f 510 507 506
f 509 508 512
f 512 508 513
f 515 509 514
f 514 509 512
f 509 515 510
f 510 515 516
f 510 516 511
f 511 516 517
f 486 505 485
f 485 505 518
f 505 449 518
f 518 449 448
f 383 382 403
f 403 382 404
f 363 404 364
f 364 404 382
f 403 485 383
f 383 485 407
f 519 520 361
f 361 520 362
f 522 496 521
f 521 496 495
f 450 474 451
f 451 474 473
f 363 366 523
f 523 366 524
f 525 499 488
f 488 499 484
f 488 490 525
f 525 490 526
f 496 522 520
f 520 522 527
f 494 496 519
f 519 496 520
f 492 494 528
f 528 494 519
f 529 530 495
f 495 530 521
f 490 492 526
f 526 492 528
f 529 495 531
f 531 495 493
f 533 534 532
f 532 534 535
f 523 524 533
f 533 524 534
f 486 402 532
f 532 402 533
f 529 536 530
f 530 536 537
f 536 538 537
f 537 538 539
f 540 541 539
f 539 541 537
f 530 537 535
f 535 537 541
f 542 539 543
f 543 539 538
f 539 542 540
f 540 542 544
f 541 540 513
f 513 540 512
f 540 544 512
f 512 544 514
f 546 547 545
f 545 547 548
f 549 550 531
f 531 550 551
f 550 549 552
f 552 549 553
f 546 550 554
f 554 550 552
f 547 546 555
f 555 546 554
f 498 556 558
f 558 556 557
f 559 557 560
f 560 557 556
f 561 562 560
f 560 562 559
f 557 559 552
f 552 559 554
f 559 562 554
f 554 562 555
f 558 557 553
f 553 557 552
f 475 471 563
f 563 471 564
f 565 563 567
f 567 563 566
f 471 470 564
f 564 470 466
f 564 466 568
f 568 466 465
f 568 465 569
f 569 465 570
f 572 573 571
f 571 573 574
f 569 575 567
f 567 575 576
f 577 565 576
f 576 565 567
f 578 579 581
f 581 579 580
f 575 561 576
f 576 561 560
f 556 577 560
f 560 577 576
f 577 556 497
f 497 556 498
f 565 577 500
f 500 577 497
f 563 565 475
f 475 565 500
f 553 489 558
f 558 489 487
f 531 493 549
f 549 493 491
f 489 553 491
f 491 553 549
f 394 407 518
f 518 407 485
f 518 448 394
f 394 448 379
f 545 548 538
f 538 548 543
f 551 545 536
f 536 545 538
f 536 529 551
f 551 529 531
f 507 582 449
f 449 582 450
f 511 583 507
f 507 583 582
f 511 517 583
f 583 517 584
f 585 586 588
f 588 586 587
f 590 591 589
f 589 591 592
f 591 590 593
f 593 590 594
f 596 597 595
f 595 597 598
f 599 600 602
f 602 600 601
f 604 605 603
f 603 605 606
f 608 609 607
f 607 609 610
f 612 613 611
f 611 613 614
f 615 616 618
f 618 616 617
f 620 621 619
f 619 621 622
f 624 625 623
f 623 625 626
f 628 629 627
f 627 629 630
f 632 633 631
f 631 633 634
f 635 636 638
f 638 636 637
f 639 640 642
f 642 640 641
f 644 645 643
f 643 645 646
f 619 622 647
f 647 622 648
f 650 651 649
f 649 651 652
f 601 653 602
f 602 653 654
f 656 657 655
f 655 657 658
f 660 661 659
f 659 661 662
f 664 665 663
f 663 665 666
f 593 594 667
f 667 594 668
f 669 670 672
f 672 670 671
f 673 674 676
f 676 674 675
f 633 632 677
f 677 632 678
f 663 666 679
f 679 666 680
f 681 682 684
f 684 682 683
f 686 687 685
f 685 687 688
f 690 661 689
f 689 661 691
f 693 686 692
f 692 686 685
f 695 597 694
f 694 597 668
f 594 696 668
f 668 696 694
f 697 698 696
f 696 698 699
f 700 701 697
f 697 701 698
f 702 585 703
f 703 585 588
f 671 690 672
f 672 690 689
f 640 639 704
f 704 639 705
f 679 706 663
f 663 706 658
f 708 709 707
f 707 709 710
f 711 712 610
f 610 712 607
f 713 714 716
f 716 714 715
f 717 718 720
f 720 718 719
f 722 634 721
f 721 634 633
f 724 725 723
f 723 725 726
f 728 729 727
f 727 729 730
f 732 733 731
f 731 733 734
f 707 710 735
f 735 710 736
f 643 737 644
f 644 737 738
f 740 741 739
f 739 741 742
f 608 744 743
f 743 744 745
f 747 748 746
f 746 748 749
f 751 752 750
f 750 752 753
f 754 755 757
f 757 755 756
f 758 759 761
f 761 759 760
f 763 764 762
f 762 764 765
f 767 768 766
f 766 768 769
f 771 772 770
f 770 772 773
f 775 776 774
f 774 776 777
f 779 780 778
f 778 780 781
f 783 712 782
f 782 712 784
f 785 786 788
f 788 786 787
f 790 628 789
f 789 628 627
f 792 793 791
f 791 793 794
f 795 796 726
f 726 796 723
f 798 799 797
f 797 799 800
f 721 633 801
f 801 633 677
f 797 800 802
f 802 800 803
f 805 806 804
f 804 806 807
f 809 810 808
f 808 810 811
f 813 814 812
f 812 814 815
f 809 808 817
f 817 808 816
f 818 819 804
f 804 819 805
f 820 821 818
f 818 821 819
f 821 820 587
f 587 820 822
f 809 823 810
f 810 823 824
f 814 807 815
f 815 807 806
f 826 426 825
f 825 426 223
f 426 826 427
f 427 826 827
f 828 829 454
f 454 829 830
f 831 832 677
f 677 832 801
f 834 835 833
f 833 835 836
f 838 839 837
f 837 839 840
f 841 842 844
f 844 842 843
f 845 846 803
f 803 846 802
f 847 831 678
f 678 831 677
f 848 849 851
f 851 849 850
f 853 854 852
f 852 854 855
f 857 858 856
f 856 858 680
f 860 861 859
f 859 861 862
f 864 865 863
f 863 865 866
f 868 869 867
f 867 869 870
f 839 871 840
f 840 871 872
f 849 848 874
f 874 848 873
f 876 877 875
f 875 877 878
f 880 881 879
f 879 881 882
f 883 884 886
f 886 884 885
f 846 887 802
f 802 887 888
f 890 891 889
f 889 891 888
f 893 894 892
f 892 894 895
f 896 897 728
f 728 897 729
f 899 900 898
f 898 900 901
f 902 852 904
f 904 852 903
f 849 905 850
f 850 905 906
f 875 878 907
f 907 878 908
f 910 911 909
f 909 911 912
f 914 915 913
f 913 915 916
f 917 918 862
f 862 918 859
f 919 920 856
f 856 920 921
f 923 924 922
f 922 924 925
f 926 927 925
f 925 927 922
f 929 930 928
f 928 930 693
f 932 695 931
f 931 695 694
f 823 867 824
f 824 867 933
f 935 936 934
f 934 936 937
f 938 868 823
f 823 868 867
f 940 847 939
f 939 847 678
f 632 655 678
f 678 655 939
f 941 942 619
f 619 942 620
f 687 943 688
f 688 943 944
f 851 850 945
f 945 850 903
f 850 906 903
f 903 906 904
f 946 947 949
f 949 947 948
f 951 952 950
f 950 952 953
f 955 956 954
f 954 956 957
f 907 958 875
f 875 958 874
f 960 961 959
f 959 961 962
f 963 853 902
f 902 853 852
f 909 964 910
f 910 964 965
f 967 968 966
f 966 968 969
f 971 972 970
f 970 972 973
f 974 960 975
f 975 960 959
f 977 978 976
f 976 978 979
f 981 977 980
f 980 977 976
f 980 982 981
f 981 982 983
f 985 983 984
f 984 983 982
f 984 986 985
f 985 986 987
f 989 990 988
f 988 990 991
f 993 994 992
f 992 994 995
f 997 998 996
f 996 998 999
f 1001 1002 1000
f 1000 1002 1003
f 1005 1006 1004
f 1004 1006 1007
f 1004 1008 1005
f 1005 1008 1009
f 1008 1010 1009
f 1009 1010 1011
f 1013 1011 1012
f 1012 1011 1010
f 1014 1015 1017
f 1017 1015 1016
f 1019 1020 1018
f 1018 1020 1021
f 1022 1023 976
f 976 1023 980
f 1024 1025 982
f 982 1025 984
f 992 995 1026
f 1026 995 1027
f 956 955 1028
f 1028 955 1029
f 1030 1031 1033
f 1033 1031 1032
f 1010 1008 1034
f 1034 1008 1035
f 1008 1004 1035
f 1035 1004 1036
f 1037 1038 1002
f 1002 1038 1007
f 1002 1001 1037
f 1037 1001 1039
f 1040 1041 997
f 997 1041 998
f 1015 1014 1043
f 1043 1014 1042
f 1044 1045 1047
f 1047 1045 1046
f 1044 1020 1048
f 1048 1020 1049
f 1050 1051 1003
f 1003 1051 1000
f 1052 1050 1006
f 1006 1050 1003
f 1053 1054 1011
f 1011 1054 1009
f 1013 1045 1055
f 1055 1045 1056
f 1058 1059 1057
f 1057 1059 1060
f 1062 1063 1061
f 1061 1063 1064
f 1065 1066 1050
f 1050 1066 1051
f 1067 1065 1052
f 1052 1065 1050
f 1068 1069 1054
f 1054 1069 1070
f 1071 1068 1053
f 1053 1068 1054
f 1073 1071 1072
f 1072 1071 1074
f 1074 1071 1055
f 1055 1071 1053
f 1076 1077 1075
f 1075 1077 1078
f 1079 1080 1057
f 1057 1080 1058
f 1081 1082 1064
f 1064 1082 1061
f 1084 1085 1083
f 1083 1085 1086
f 1088 1089 1087
f 1087 1089 1090
f 1092 1093 1091
f 1091 1093 1094
f 1096 1097 1095
f 1095 1097 1098
f 1099 1100 1102
f 1102 1100 1101
f 1103 1104 1099
f 1099 1104 1100
f 1106 1107 1105
f 1105 1107 1108
f 1110 1111 1109
f 1109 1111 1112
f 1114 1115 1113
f 1113 1115 1116
f 1118 1119 1117
f 1117 1119 1077
f 1117 1120 1122
f 1122 1120 1121
f 1105 1123 1106
f 1106 1123 1124
f 1125 1126 1128
f 1128 1126 1127
f 1130 1131 1129
f 1129 1131 1132
f 1134 1135 1133
f 1133 1135 1114
f 1113 1136 1114
f 1114 1136 1133
f 1118 1137 1113
f 1113 1137 1136
f 1118 1117 1137
f 1137 1117 1122
f 1139 1140 1138
f 1138 1140 1141
f 1143 953 1142
f 1142 953 952
f 1145 957 1144
f 1144 957 956
f 1028 1146 956
f 956 1146 1144
f 1014 1147 1042
f 1042 1147 1148
f 1014 1017 1147
f 1147 1017 1149
f 1059 1058 1150
f 1150 1058 1151
f 1153 1080 1152
f 1152 1080 1154
f 1156 1088 1155
f 1155 1088 1087
f 1157 1158 1106
f 1106 1158 1107
f 1106 1124 1157
f 1157 1124 1159
f 1161 1162 1160
f 1160 1162 1163
f 1165 1166 1164
f 1164 1166 1167
f 1168 1031 1012
f 1012 1031 1046
f 1024 1023 1035
f 1035 1023 1034
f 1036 1038 1025
f 1025 1038 1169
f 1170 1171 1039
f 1039 1171 1037
f 1028 1029 1042
f 1042 1029 1043
f 1172 1173 1175
f 1175 1173 1174
f 1055 1053 1013
f 1013 1053 1011
f 1005 1009 1070
f 1070 1009 1054
f 996 999 1062
f 1062 999 1063
f 1016 1060 1017
f 1017 1060 1059
f 1017 1059 1149
f 1149 1059 1150
f 1177 1178 1176
f 1176 1178 1103
f 1176 1072 1179
f 1179 1072 1074
f 1073 1102 1086
f 1086 1102 1083
f 1180 1181 1067
f 1067 1181 1065
f 1182 1183 1184
f 1184 1183 1181
f 1186 1187 1185
f 1185 1187 1188
f 1189 1190 798
f 798 1190 799
f 1192 1193 1191
f 1191 1193 1194
f 1195 1196 1194
f 1194 1196 1191
f 1196 1195 1198
f 1198 1195 1197
f 1200 674 1199
f 1199 674 673
f 928 1201 1203
f 1203 1201 1202
f 861 1204 862
f 862 1204 921
f 1205 1206 913
f 913 1206 1207
f 882 1208 879
f 879 1208 1209
f 1210 1211 1167
f 1167 1211 1164
f 1212 769 1213
f 1213 769 768
f 727 1214 728
f 728 1214 1215
f 1217 1218 1216
f 1216 1218 1219
f 1220 813 1221
f 1221 813 812
f 827 828 427
f 427 828 454
f 1223 1224 1222
f 1222 1224 1165
f 1226 1227 1225
f 1225 1227 1228
f 851 1229 848
f 848 1229 1230
f 834 854 835
f 835 854 1231
f 1233 1234 1232
f 1232 1234 1235
f 1237 751 1236
f 1236 751 750
f 743 819 1238
f 1238 819 821
f 1240 1241 1239
f 1239 1241 1242
f 1244 1245 1243
f 1243 1245 1246
f 844 1247 841
f 841 1247 1248
f 1250 1251 1249
f 1249 1251 1252
f 1254 893 1253
f 1253 893 1237
f 1255 1256 1258
f 1258 1256 1257
f 1260 1261 1259
f 1259 1261 1262
f 945 903 855
f 855 903 852
f 855 1263 945
f 945 1263 1264
f 832 845 801
f 801 845 803
f 800 721 803
f 803 721 801
f 721 800 722
f 722 800 799
f 1266 1267 1265
f 1265 1267 1268
f 1270 795 1269
f 1269 795 726
f 725 1271 726
f 726 1271 1269
f 737 765 738
f 738 765 764
f 759 740 760
f 760 740 739
f 717 1272 1274
f 1274 1272 1273
f 1163 1226 1275
f 1275 1226 1225
f 1277 882 1276
f 1276 882 881
f 1041 1040 1027
f 1027 1040 1026
f 900 935 901
f 901 935 934
f 1164 1278 1165
f 1165 1278 1222
f 1211 1279 1164
f 1164 1279 1278
f 442 1280 453
f 453 1280 1281
f 788 1282 785
f 785 1282 1283
f 1285 1286 1284
f 1284 1286 1287
f 1284 1288 1285
f 1285 1288 1289
f 757 1289 754
f 754 1289 1288
f 605 604 675
f 675 604 676
f 1290 1291 1293
f 1293 1291 1292
f 1295 1296 1294
f 1294 1296 1297
f 696 699 694
f 694 699 931
f 1298 1299 592
f 592 1299 589
f 1299 1300 589
f 589 1300 700
f 1300 1301 700
f 700 1301 701
f 743 745 819
f 819 745 805
f 1303 1304 1302
f 1302 1304 1305
f 1306 1307 1305
f 1305 1307 1302
f 609 1298 610
f 610 1298 592
f 587 822 588
f 588 822 1308
f 703 588 1309
f 1309 588 1308
f 1310 703 571
f 571 703 1309
f 1311 1312 789
f 789 1312 790
f 825 223 1313
f 1313 223 220
f 219 1314 220
f 220 1314 1313
f 1315 1316 1311
f 1311 1316 1312
f 1317 1318 1319
f 1319 1318 1241
f 441 1320 442
f 442 1320 1280
f 1321 217 572
f 572 217 216
f 1323 1230 1322
f 1322 1230 1229
f 1324 1325 631
f 631 1325 656
f 1034 1168 1010
f 1010 1168 1012
f 1327 1328 1326
f 1326 1328 1329
f 1331 1202 1330
f 1330 1202 1201
f 571 1309 572
f 572 1309 1321
f 573 572 1332
f 1332 572 216
f 1334 1335 1333
f 1333 1335 1336
f 1337 1338 918
f 918 1338 859
f 1339 863 1340
f 1340 863 866
f 1341 1342 1344
f 1344 1342 1343
f 1345 1346 919
f 919 1346 920
f 1347 1348 673
f 673 1348 1199
f 693 1349 928
f 928 1349 1201
f 1351 1257 1350
f 1350 1257 1256
f 1350 1352 1351
f 1351 1352 1353
f 653 930 654
f 654 930 662
f 1279 1354 1278
f 1278 1354 1355
f 1357 1358 1356
f 1356 1358 1359
f 937 1360 1140
f 1140 1360 1361
f 1225 1228 909
f 909 1228 964
f 901 934 1362
f 1362 934 1139
f 1364 1365 1363
f 1363 1365 1362
f 1367 912 1366
f 1366 912 911
f 1143 1142 1368
f 1368 1142 1369
f 1144 1186 1145
f 1145 1186 1185
f 1146 1175 1144
f 1144 1175 1186
f 1175 1146 1172
f 1172 1146 1148
f 1147 1018 1148
f 1148 1018 1172
f 1018 1147 1019
f 1019 1147 1149
f 1149 1150 1019
f 1019 1150 1370
f 1150 1151 1370
f 1370 1151 1371
f 1151 1153 1371
f 1371 1153 1177
f 1152 1156 1178
f 1178 1156 1372
f 1155 1158 1373
f 1373 1158 1374
f 1157 1159 1376
f 1376 1159 1375
f 1378 1379 1377
f 1377 1379 1380
f 1382 1383 1381
f 1381 1383 1384
f 1382 1386 1385
f 1385 1386 1387
f 1386 1233 1387
f 1387 1233 1232
f 1389 1390 1388
f 1388 1390 1391
f 1393 1394 1392
f 1392 1394 1395
f 1397 1398 1396
f 1396 1398 1399
f 629 1397 630
f 630 1397 1396
f 1342 1400 1343
f 1343 1400 1401
f 1403 1404 1402
f 1402 1404 1405
f 1407 1408 1406
f 1406 1408 1409
f 1411 1412 1410
f 1410 1412 1413
f 793 1414 794
f 794 1414 1415
f 1417 1341 1416
f 1416 1341 1344
f 704 705 1347
f 1347 705 1418
f 741 1419 742
f 742 1419 1420
f 1422 669 1421
f 1421 669 672
f 645 1423 646
f 646 1423 1424
f 1196 1198 614
f 614 1198 611
f 613 1425 614
f 614 1425 1426
f 1427 616 659
f 659 616 660
f 614 1426 1196
f 1196 1426 1191
f 696 594 697
f 697 594 590
f 697 590 700
f 700 590 589
f 703 1310 702
f 702 1310 1428
f 1421 672 1192
f 1192 672 689
f 1271 648 1269
f 1269 648 622
f 621 1270 622
f 622 1270 1269
f 1429 1430 1417
f 1417 1430 1341
f 1431 1432 1434
f 1434 1432 1433
f 1436 1437 1435
f 1435 1437 1438
f 1440 1441 1439
f 1439 1441 1442
f 1443 1444 1446
f 1446 1444 1445
f 823 809 938
f 938 809 817
f 810 1447 811
f 811 1447 1448
f 1449 1450 679
f 679 1450 706
f 913 916 1205
f 1205 916 1451
f 1275 1225 912
f 912 1225 909
f 1452 1453 880
f 880 1453 881
f 1444 1401 1445
f 1445 1401 1400
f 936 1454 937
f 937 1454 1360
f 824 1455 810
f 810 1455 1447
f 631 656 632
f 632 656 655
f 966 1456 967
f 967 1456 1457
f 1459 1460 1458
f 1458 1460 1461
f 1460 1462 1461
f 1461 1462 1463
f 972 974 973
f 973 974 975
f 990 995 991
f 991 995 994
f 1464 1187 1033
f 1033 1187 1174
f 1018 1021 1172
f 1172 1021 1173
f 1000 999 1001
f 1001 999 998
f 976 979 1022
f 1022 979 1032
f 1023 1024 980
f 980 1024 982
f 989 986 1171
f 1171 986 1169
f 1171 1170 989
f 989 1170 990
f 1170 1027 990
f 990 1027 995
f 1041 1039 998
f 998 1039 1001
f 1051 1063 1000
f 1000 1063 999
f 1066 1064 1051
f 1051 1064 1063
f 1183 1081 1066
f 1066 1081 1064
f 1178 1372 1103
f 1103 1372 1104
f 1092 1091 1465
f 1465 1091 1182
f 1467 1465 1466
f 1466 1465 1468
f 1469 1470 1184
f 1184 1470 1468
f 1095 1098 1471
f 1471 1098 1101
f 1076 1374 1120
f 1120 1374 1376
f 1110 1472 1127
f 1127 1472 1132
f 1472 1473 1132
f 1132 1473 1129
f 1474 1475 1466
f 1466 1475 1473
f 1119 1118 1116
f 1116 1118 1113
f 1375 1121 1376
f 1376 1121 1120
f 1127 1132 1128
f 1128 1132 1131
f 1227 1476 1228
f 1228 1476 1361
f 1365 1477 1362
f 1362 1477 872
f 1478 1479 1323
f 1323 1479 1230
f 1480 1481 914
f 914 1481 915
f 913 1277 914
f 914 1277 1276
f 1168 1034 1022
f 1022 1034 1023
f 1035 1036 1024
f 1024 1036 1025
f 1039 1041 1170
f 1170 1041 1027
f 1042 1148 1028
f 1028 1148 1146
f 968 1459 969
f 969 1459 1458
f 1482 1483 664
f 664 1483 665
f 1485 1486 1484
f 1484 1486 1487
f 1489 1490 1488
f 1488 1490 1491
f 1492 1493 722
f 722 1493 634
f 1495 1496 1494
f 1494 1496 1497
f 1498 1207 1339
f 1339 1207 863
f 1224 1499 1165
f 1165 1499 1166
f 1160 1163 1500
f 1500 1163 1275
f 1500 877 1160
f 1160 877 1501
f 876 873 1502
f 1502 873 1479
f 945 1264 851
f 851 1264 1229
f 835 1231 839
f 839 1231 871
f 1503 1283 778
f 778 1283 1282
f 716 715 1505
f 1505 715 1504
f 1446 1445 1507
f 1507 1445 1506
f 779 792 1381
f 1381 792 791
f 1430 1409 1341
f 1341 1409 1342
f 1411 1429 1508
f 1508 1429 1417
f 635 1510 1509
f 1509 1510 1511
f 1377 1380 1315
f 1315 1380 1316
f 1445 1400 1506
f 1506 1400 1408
f 918 917 1336
f 1336 917 1333
f 1513 1514 1512
f 1512 1514 870
f 1515 1516 1363
f 1363 1516 1364
f 1453 1517 881
f 881 1517 1276
f 992 1518 993
f 993 1518 1519
f 1520 1029 1518
f 1518 1029 955
f 1520 1026 1521
f 1521 1026 1040
f 1522 1015 1521
f 1521 1015 1043
f 996 1523 997
f 997 1523 1522
f 1060 1016 1524
f 1524 1016 1523
f 1061 1525 1062
f 1062 1525 1524
f 1079 1527 1526
f 1526 1527 1528
f 1093 1529 1094
f 1094 1529 1528
f 1111 1530 1112
f 1112 1530 1531
f 1532 1533 1105
f 1105 1533 1123
f 934 937 1139
f 1139 937 1140
f 1138 1363 1139
f 1139 1363 1362
f 1534 1222 1355
f 1355 1222 1278
f 1535 1223 1534
f 1534 1223 1222
f 821 587 1238
f 1238 587 586
f 1319 711 1317
f 1317 711 1536
f 1538 1200 1537
f 1537 1200 1199
f 1508 1417 1539
f 1539 1417 1416
f 1540 1541 840
f 840 1541 837
f 1231 898 871
f 871 898 901
f 1500 1275 1367
f 1367 1275 912
f 1543 1379 1542
f 1542 1379 1395
f 1539 772 1508
f 1508 772 1544
f 1546 1403 1545
f 1545 1403 1402
f 1548 1549 1547
f 1547 1549 1550
f 1552 1548 1551
f 1551 1548 1547
f 1554 1555 1553
f 1553 1555 1556
f 1558 1559 1557
f 1557 1559 1560
f 1562 1563 1561
f 1561 1563 1564
f 1566 1567 1565
f 1565 1567 1568
f 1570 1571 1569
f 1569 1571 1572
f 1574 1575 1573
f 1573 1575 1576
f 1577 1578 1572
f 1572 1578 1569
f 1580 1581 1579
f 1579 1581 1582
f 1584 1585 1583
f 1583 1585 1586
f 1588 1555 1587
f 1587 1555 1589
f 1591 1592 1590
f 1590 1592 1593
f 1595 1596 1594
f 1594 1596 1597
f 1596 1581 1597
f 1597 1581 1576
f 1599 1570 1598
f 1598 1570 1569
f 1601 1602 1600
f 1600 1602 1603
f 1605 1606 1604
f 1604 1606 1607
f 1608 1609 1568
f 1568 1609 1565
f 1611 1612 1610
f 1610 1612 1613
f 1615 1616 1614
f 1614 1616 1617
f 1619 1617 1618
f 1618 1617 1616
f 1621 1622 1620
f 1620 1622 1623
f 1625 1626 1624
f 1624 1626 1627
f 1629 1630 1628
f 1628 1630 1631
f 1633 1634 1632
f 1632 1634 1635
f 1636 1637 1639
f 1639 1637 1638
f 1641 1642 1640
f 1640 1642 1643
f 1624 1627 1644
f 1644 1627 1645
f 1647 1648 1646
f 1646 1648 1649
f 1651 1652 1650
f 1650 1652 1653
f 1655 1656 1654
f 1654 1656 1657
f 1659 1660 1658
f 1658 1660 1661
f 1662 1663 1631
f 1631 1663 1628
f 1651 1665 1664
f 1664 1665 1666
f 1667 1656 1619
f 1619 1656 1617
f 1669 1670 1668
f 1668 1670 1671
f 1632 1635 1672
f 1672 1635 1673
f 1674 1675 1638
f 1638 1675 1639
f 1677 1678 1676
f 1676 1678 1679
f 1680 1640 1681
f 1681 1640 1643
f 1682 1683 1643
f 1643 1683 1681
f 1670 1669 1235
f 1235 1669 1232
f 1396 1399 1674
f 1674 1399 1675
f 627 630 1679
f 1679 630 1676
f 1681 1315 1680
f 1680 1315 1311
f 1683 1377 1681
f 1681 1377 1315
f 1672 1673 1387
f 1387 1673 1385
f 1636 1684 1646
f 1646 1684 1685
f 1687 1688 1686
f 1686 1688 1689
f 1585 1690 1586
f 1586 1690 1691
f 1599 1692 1551
f 1551 1692 1693
f 1552 1558 1694
f 1694 1558 1557
f 1696 1615 1695
f 1695 1615 1614
f 1698 1699 1697
f 1697 1699 1623
f 1700 1701 1703
f 1703 1701 1702
f 1705 1706 1704
f 1704 1706 1707
f 1708 1709 1640
f 1640 1709 1641
f 1710 1711 1713
f 1713 1711 1712
f 1652 1655 1653
f 1653 1655 1654
f 1714 1699 1712
f 1712 1699 1713
f 1715 1710 1716
f 1716 1710 1713
f 1717 1708 1680
f 1680 1708 1640
f 1393 1392 1715
f 1715 1392 1710
f 1719 1720 1718
f 1718 1720 1721
f 1680 1311 1717
f 1717 1311 789
f 1378 1711 1392
f 1392 1711 1710
f 1388 1391 1719
f 1719 1391 1720
f 1723 1606 1722
f 1722 1606 1689
f 1725 1568 1724
f 1724 1568 1567
f 1726 1647 1685
f 1685 1647 1646
f 1728 1554 1727
f 1727 1554 1553
f 1591 1687 1600
f 1600 1687 1686
f 1730 1595 1729
f 1729 1595 1594
f 1601 1605 1731
f 1731 1605 1604
f 1733 1663 1732
f 1732 1663 1734
f 1736 1639 1735
f 1735 1639 1675
f 1658 1644 1737
f 1737 1644 1645
f 1726 1662 1724
f 1724 1662 1631
f 1399 1738 1675
f 1675 1738 1735
f 1621 1667 1739
f 1739 1667 1619
f 1714 1740 1620
f 1620 1740 1741
f 1592 1549 1593
f 1593 1549 1742
f 1602 1571 1603
f 1603 1571 1550
f 1688 1690 1689
f 1689 1690 1722
f 1588 1559 1582
f 1582 1559 1579
f 1673 1735 1385
f 1385 1735 1738
f 1387 1232 1672
f 1672 1232 1669
f 1580 1692 1573
f 1573 1692 1743
f 1377 1683 1378
f 1378 1683 1711
f 1664 1666 1744
f 1744 1666 1745
f 1744 1696 1664
f 1664 1696 1695
f 1746 1747 1732
f 1732 1747 1748
f 1749 1750 1677
f 1677 1750 1678
f 1709 1708 1750
f 1750 1708 1678
f 1668 1632 1669
f 1669 1632 1672
f 1633 1746 1734
f 1734 1746 1732
f 1679 1678 1717
f 1717 1678 1708
f 789 627 1717
f 1717 627 1679
f 1563 1723 1564
f 1564 1723 1722
f 1728 1584 1751
f 1751 1584 1583
f 1674 1676 1396
f 1396 1676 630
f 1666 1566 1745
f 1745 1566 1565
f 1627 1629 1645
f 1645 1629 1628
f 1637 1749 1638
f 1638 1749 1677
f 1648 1665 1649
f 1649 1665 1752
f 1740 1642 1741
f 1741 1642 1657
f 1676 1674 1677
f 1677 1674 1638
f 1683 1682 1711
f 1711 1682 1712
f 1618 1753 1619
f 1619 1753 1739
f 1701 1739 1702
f 1702 1739 1753
f 1754 1214 1756
f 1756 1214 1755
f 647 1757 619
f 619 1757 941
f 1759 1193 1758
f 1758 1193 691
f 1419 1760 1420
f 1420 1760 1761
f 682 1762 683
f 683 1762 1763
f 1412 780 1413
f 1413 780 1384
f 1383 1398 1384
f 1384 1398 1413
f 1197 1424 1764
f 1764 1424 1423
f 1537 1287 1538
f 1538 1287 1286
f 1634 1684 1635
f 1635 1684 1736
f 1724 1631 1725
f 1725 1631 1630
f 1562 1730 1610
f 1610 1730 1729
f 1735 1673 1736
f 1736 1673 1635
f 1757 1195 941
f 941 1195 1194
f 1766 200 1765
f 1765 200 199
f 475 500 476
f 476 500 479
f 498 558 483
f 483 558 487
f 545 551 546
f 546 551 550
f 453 1281 219
f 219 1281 1314
f 298 453 208
f 208 453 219
f 368 1765 1767
f 1767 1765 199
f 523 405 363
f 363 405 404
f 523 533 405
f 405 533 402
f 298 208 299
f 299 208 207
f 299 207 176
f 176 207 300
f 176 300 173
f 173 300 202
f 173 202 174
f 174 202 201
f 1337 918 1768
f 1768 918 1336
f 1769 1770 1338
f 1338 1770 859
f 581 570 578
f 578 570 1771
f 555 562 580
f 580 562 561
f 504 1772 501
f 501 1772 548
f 517 542 584
f 584 542 543
f 515 514 516
f 516 514 544
f 542 517 544
f 544 517 516
f 561 575 580
f 580 575 581
f 575 569 581
f 581 569 570
f 501 548 1773
f 1773 548 547
f 1774 1775 570
f 570 1775 1771
f 369 368 1776
f 1776 368 1767
f 372 369 375
f 375 369 1776
f 822 1280 1308
f 1308 1280 1320
f 820 1281 822
f 822 1281 1280
f 818 1314 820
f 820 1314 1281
f 1314 818 1313
f 1313 818 804
f 807 814 825
f 825 814 826
f 814 813 826
f 826 813 827
f 813 1220 827
f 827 1220 828
f 580 579 555
f 555 579 547
f 1477 1540 872
f 872 1540 840
f 367 499 368
f 368 499 1765
f 1766 1765 525
f 525 1765 499
f 1777 1766 526
f 526 1766 525
f 520 527 362
f 362 527 384
f 361 1778 519
f 519 1778 528
f 371 1779 372
f 372 1779 369
f 369 1779 370
f 370 1779 478
f 1779 371 478
f 478 371 374
f 1778 1777 528
f 528 1777 526
f 1781 1782 1780
f 1780 1782 1783
f 431 460 67
f 67 460 64
f 68 338 74
f 74 338 72
f 1785 1782 1784
f 1784 1782 1786
f 1787 1788 1790
f 1790 1788 1789
f 1792 1789 1791
f 1791 1789 1793
f 1791 1794 1792
f 1792 1794 1795
f 1794 1796 1795
f 1795 1796 1797
f 1797 1798 938
f 938 1798 868
f 1798 1799 868
f 868 1799 869
f 1801 1802 1800
f 1800 1802 1451
f 1803 1804 1205
f 1205 1804 1206
f 1805 1806 864
f 864 1806 865
f 1806 1807 865
f 865 1807 1808
f 68 71 338
f 287 328 288
f 1320 1321 1308
f 1308 1321 1309
f 1320 441 1321
f 1321 441 217
f 441 152 217
f 217 152 218
f 151 286 152
f 152 286 218
f 297 310 151
f 151 310 286
f 296 307 297
f 297 307 310
f 296 143 307
f 307 143 284
f 143 56 284
f 284 56 104
f 56 59 104
f 104 59 63
f 59 102 63
f 63 102 60
f 102 94 60
f 60 94 282
f 93 459 279
f 279 459 77
f 459 460 77
f 77 460 78
f 460 431 78
f 78 431 295
f 431 49 295
f 295 49 292
f 48 421 49
f 49 421 292
f 276 278 418
f 418 278 429
f 317 432 278
f 278 432 429
f 432 317 433
f 433 317 316
f 326 324 316
f 316 324 433
f 1536 592 1809
f 1809 592 591
f 1810 744 1812
f 1812 744 1811
f 1814 1815 1813
f 1813 1815 1816
f 1817 748 1818
f 1818 748 747
f 1812 1819 1810
f 1810 1819 1817
f 1820 1821 748
f 748 1821 749
f 1823 1824 1822
f 1822 1824 1825
f 1827 1828 1826
f 1826 1828 1829
f 1831 1832 1830
f 1830 1832 1833
f 1834 1827 1243
f 1243 1827 1826
f 1313 804 825
f 825 804 807
f 1835 1253 1236
f 1236 1253 1237
f 1836 1837 1438
f 1438 1837 1435
f 1838 1505 1840
f 1840 1505 1839
f 1841 1842 716
f 716 1842 713
f 1843 1844 1510
f 1510 1844 1845
f 1847 1848 1846
f 1846 1848 1849
f 1850 1240 1822
f 1822 1240 1239
f 636 1831 637
f 637 1831 1830
f 1852 1853 1851
f 1851 1853 1854
f 1855 1856 1858
f 1858 1856 1857
f 1846 1849 1859
f 1859 1849 1860
f 1343 1401 1509
f 1509 1401 1861
f 1509 1861 635
f 635 1861 636
f 1863 1864 1862
f 1862 1864 1865
f 1283 1503 1867
f 1867 1503 1866
f 1868 1867 681
f 681 1867 682
f 1286 1285 683
f 683 1285 684
f 757 756 1274
f 1274 756 1869
f 1274 1869 717
f 717 1869 718
f 1434 1433 719
f 719 1433 720
f 1200 1538 1545
f 1545 1538 1763
f 1285 1289 684
f 684 1289 1273
f 684 1273 681
f 681 1273 1272
f 785 1283 1868
f 1868 1283 1867
f 786 785 1870
f 1870 785 1868
f 1289 757 1273
f 1273 757 1274
f 1539 1416 1871
f 1871 1416 1872
f 773 1871 1403
f 1403 1871 1404
f 675 674 1405
f 1405 674 1402
f 1864 1873 1865
f 1865 1873 1874
f 638 1843 635
f 635 1843 1510
f 1344 1343 1511
f 1511 1343 1509
f 772 1539 773
f 773 1539 1871
f 674 1200 1402
f 1402 1200 1545
f 1538 1286 1763
f 1763 1286 683
f 1444 1443 1875
f 1875 1443 1876
f 1875 1876 1831
f 1831 1876 1832
f 1416 1344 1872
f 1872 1344 1511
f 1877 1878 774
f 774 1878 1879
f 1878 1847 1879
f 1879 1847 1846
f 1880 714 1881
f 1881 714 1848
f 1401 1444 1861
f 1861 1444 1875
f 1861 1875 636
f 636 1875 1831
f 1823 1863 1882
f 1882 1863 1862
f 1441 1440 1884
f 1884 1440 1883
f 1883 1852 1884
f 1884 1852 1851
f 1886 1887 1885
f 1885 1887 1888
f 1358 1889 1359
f 1359 1889 1890
f 1891 1886 1892
f 1892 1886 1885
f 774 1879 775
f 775 1879 1893
f 1859 1893 1846
f 1846 1893 1879
f 713 1842 1849
f 1849 1842 1860
f 1318 1895 1894
f 1894 1895 1896
f 1873 1897 1874
f 1874 1897 1898
f 1898 605 1899
f 1899 605 675
f 1405 1844 675
f 675 1844 1899
f 1404 1845 1405
f 1405 1845 1844
f 593 1296 591
f 591 1296 1809
f 1295 1292 1900
f 1900 1292 1895
f 606 1897 1291
f 1291 1897 1896
f 1510 1845 1511
f 1511 1845 1872
f 1871 1872 1404
f 1404 1872 1845
f 1866 770 1762
f 1762 770 1546
f 1762 682 1866
f 1866 682 1867
f 1870 1868 1272
f 1272 1868 681
f 1272 717 1870
f 1870 717 720
f 1870 720 786
f 786 720 1433
f 786 1433 787
f 787 1433 1432
f 1261 1414 1432
f 1432 1414 787
f 1389 1234 1260
f 1260 1234 1415
f 1719 1670 1388
f 1388 1670 1235
f 1718 1671 1719
f 1719 1671 1670
f 1705 1747 1718
f 1718 1747 1671
f 1659 1901 1704
f 1704 1901 1748
f 1877 1903 1902
f 1902 1903 1904
f 1259 1905 1390
f 1390 1905 1394
f 1715 1720 1393
f 1393 1720 1391
f 1716 1721 1715
f 1715 1721 1720
f 1698 1706 1716
f 1716 1706 1721
f 277 276 47
f 47 276 48
f 84 96 81
f 81 96 82
f 80 70 81
f 81 70 85
f 99 97 88
f 88 97 89
f 90 100 88
f 88 100 99
f 101 95 102
f 102 95 94
f 1906 1907 280
f 280 1907 281
f 97 86 89
f 89 86 85
f 60 282 61
f 61 282 281
f 83 82 46
f 46 82 47
f 293 292 420
f 420 292 421
f 419 1908 420
f 420 1908 1909
f 92 95 91
f 91 95 90
f 279 282 93
f 93 282 94
f 276 418 48
f 48 418 421
f 1910 1660 1697
f 1697 1660 1707
f 1703 1624 1700
f 1700 1624 1644
f 1622 1910 1623
f 1623 1910 1697
f 1701 1700 1911
f 1911 1700 1661
f 1700 1644 1661
f 1661 1644 1658
f 1901 1737 1733
f 1733 1737 1645
f 1625 1912 1604
f 1604 1912 1731
f 1912 1913 1731
f 1731 1913 1914
f 1913 1577 1914
f 1914 1577 1572
f 1915 1578 1616
f 1616 1578 1618
f 1915 1916 1598
f 1598 1916 1743
f 1916 1574 1743
f 1743 1574 1573
f 1575 1917 1576
f 1576 1917 1597
f 1917 1609 1597
f 1597 1609 1594
f 1608 1611 1729
f 1729 1611 1610
f 1918 1612 1629
f 1629 1612 1630
f 1626 1918 1627
f 1627 1918 1629
f 1920 1921 1919
f 1919 1921 1922
f 1920 1924 1923
f 1923 1924 1925
f 1926 1927 1924
f 1924 1927 1925
f 1929 1930 1928
f 1928 1930 1931
f 1932 1933 1935
f 1935 1933 1934
f 1937 1938 1936
f 1936 1938 1939
f 1941 1942 1940
f 1940 1942 1943
f 1941 1945 1944
f 1944 1945 1946
f 1947 1948 1694
f 1694 1948 1949
f 1950 1951 1953
f 1953 1951 1952
f 1955 1956 1954
f 1954 1956 1589
f 1958 1956 1957
f 1957 1956 1932
f 1960 1934 1959
f 1959 1934 1933
f 1962 1963 1961
f 1961 1963 1964
f 1965 1955 1751
f 1751 1955 1954
f 1935 1930 1932
f 1932 1930 1957
f 1951 1950 1926
f 1926 1950 1929
f 1966 1967 1593
f 1593 1967 1590
f 1969 1967 1968
f 1968 1967 1964
f 1962 1921 1970
f 1970 1921 1971
f 1963 1945 1964
f 1964 1945 1968
f 1972 1948 1922
f 1922 1948 1919
f 1966 1972 1961
f 1961 1972 1922
f 1958 1953 1587
f 1587 1953 1560
f 1974 1975 1973
f 1973 1975 1976
f 1978 1979 1977
f 1977 1979 1691
f 1979 1975 1691
f 1691 1975 1586
f 1938 1942 1939
f 1939 1942 1980
f 1952 1947 1557
f 1557 1947 1694
f 1969 1978 1981
f 1981 1978 1977
f 1983 1984 1982
f 1982 1984 1985
f 1986 1987 1989
f 1989 1987 1988
f 1990 1991 1983
f 1983 1991 1984
f 1990 1993 1992
f 1992 1993 1994
f 1995 1996 1994
f 1994 1996 1997
f 1999 2000 1998
f 1998 2000 2001
f 2003 2004 2002
f 2002 2004 2005
f 2007 2008 2006
f 2006 2008 2009
f 2011 2012 2010
f 2010 2012 2013
f 2014 2015 2017
f 2017 2015 2016
f 2018 2019 2021
f 2021 2019 2020
f 2022 1989 2024
f 2024 1989 2023
f 1989 1988 2023
f 2023 1988 2025
f 2026 2027 2017
f 2017 2027 2014
f 2029 2030 2028
f 2028 2030 2031
f 2033 2034 2032
f 2032 2034 2035
f 2032 2035 2036
f 2036 2035 2037
f 2039 2040 2038
f 2038 2040 2041
f 1982 2042 1983
f 1983 2042 2043
f 2045 2046 2044
f 2044 2046 2047
f 2049 2050 2048
f 2048 2050 2051
f 2053 2054 2052
f 2052 2054 2055
f 2057 2058 2056
f 2056 2058 2059
f 2060 2061 2033
f 2033 2061 2034
f 2063 2064 2062
f 2062 2064 2065
f 2066 2035 2067
f 2067 2035 2034
f 2069 2039 2068
f 2068 2039 2038
f 2025 2070 2023
f 2023 2070 2071
f 2072 2024 2071
f 2071 2024 2023
f 2074 2020 2073
f 2073 2020 2019
f 2050 2049 2047
f 2047 2049 2075
f 1983 2043 1990
f 1990 2043 1993
f 2006 2050 2007
f 2007 2050 2076
f 2050 2006 2051
f 2051 2006 2077
f 2079 2080 2078
f 2078 2080 2081
f 2082 2083 2085
f 2085 2083 2084
f 2010 2013 2086
f 2086 2013 2087
f 2089 2033 2088
f 2088 2033 2032
f 2090 2060 2089
f 2089 2060 2033
f 2092 2093 2091
f 2091 2093 2094
f 2096 1986 2095
f 2095 1986 2097
f 2097 1986 2022
f 2022 1986 1989
f 2015 2094 2016
f 2016 2094 2098
f 2016 2098 2100
f 2100 2098 2099
f 2017 2016 2101
f 2101 2016 2100
f 2017 2101 2026
f 2026 2101 2102
f 2100 2099 2104
f 2104 2099 2103
f 2104 2105 2100
f 2100 2105 2101
f 2105 2106 2101
f 2101 2106 2102
f 2108 2061 2107
f 2107 2061 2109
f 2111 2112 2110
f 2110 2112 2020
f 2020 2074 2110
f 2110 2074 2113
f 2115 2116 2114
f 2114 2116 2117
f 2118 2119 1995
f 1995 2119 2120
f 2121 2122 2027
f 2027 2122 2014
f 2047 2075 2044
f 2044 2075 2123
f 2124 2125 2127
f 2127 2125 2126
f 2129 2130 2128
f 2128 2130 2131
f 2132 2133 2057
f 2057 2133 2058
f 2134 1999 2136
f 2136 1999 2135
f 2055 2138 2137
f 2137 2138 2139
f 2141 2142 2140
f 2140 2142 2143
f 2083 2082 2064
f 2064 2082 2065
f 2082 2144 2065
f 2065 2144 2145
f 2040 2146 2041
f 2041 2146 2147
f 2060 2090 2148
f 2148 2090 2149
f 2048 2051 2137
f 2137 2051 2150
f 2151 1997 2135
f 2135 1997 1996
f 2152 2150 2077
f 2077 2150 2051
f 2046 2045 2118
f 2118 2045 2119
f 2154 2155 2153
f 2153 2155 2156
f 2158 2159 2157
f 2157 2159 2160
f 2162 2163 2161
f 2161 2163 2164
f 2164 2163 2165
f 2165 2163 2166
f 2168 2169 2167
f 2167 2169 2170
f 2003 2172 2171
f 2171 2172 2173
f 2174 2175 2002
f 2002 2175 2176
f 2145 2177 2065
f 2065 2177 2062
f 2178 2179 2180
f 2180 2179 2134
f 2181 2052 2152
f 2152 2052 2150
f 2040 2127 2146
f 2146 2127 2182
f 2130 2162 2131
f 2131 2162 2161
f 2052 2055 2150
f 2150 2055 2137
f 2184 2185 2183
f 2183 2185 2186
f 2159 2030 2160
f 2160 2030 2187
f 2146 2182 2029
f 2029 2182 2188
f 2189 2190 2192
f 2192 2190 2191
f 2172 2003 2176
f 2176 2003 2002
f 1998 2151 1999
f 1999 2151 2135
f 2177 2172 2062
f 2062 2172 2176
f 2172 2177 2173
f 2173 2177 2193
f 2063 2194 2064
f 2064 2194 2195
f 2066 2197 2196
f 2196 2197 2198
f 2002 2005 2174
f 2174 2005 2199
f 2004 2003 2200
f 2200 2003 2171
f 2198 2201 2171
f 2171 2201 2200
f 2197 2202 2198
f 2198 2202 2201
f 2202 2197 2203
f 2203 2197 2204
f 2196 2198 2173
f 2173 2198 2171
f 2205 2069 2170
f 2170 2069 2206
f 2197 2066 2204
f 2204 2066 2067
f 2107 2207 2108
f 2108 2207 2208
f 2210 2208 2209
f 2209 2208 2207
f 2185 2211 2212
f 2213 2214 2211
f 2211 2214 2212
f 1998 2001 2213
f 2213 2001 2214
f 2134 2215 1999
f 1999 2215 2000
f 2216 2217 2219
f 2219 2217 2218
f 2206 2220 2170
f 2170 2220 2167
f 2069 2068 2206
f 2206 2068 2221
f 2151 1998 2222
f 2222 1998 2213
f 2124 2039 2205
f 2205 2039 2069
f 2142 2223 2143
f 2143 2223 2128
f 2203 2186 2202
f 2202 2186 2185
f 2185 2184 2211
f 2211 2184 2224
f 2224 2225 2222
f 2222 2225 2226
f 2071 2227 2072
f 2072 2227 2228
f 2229 2074 2230
f 2230 2074 2073
f 2074 2229 2113
f 2113 2229 2231
f 2232 2225 2227
f 2227 2225 2224
f 2233 2234 2031
f 2031 2234 2028
f 2236 2231 2235
f 2235 2231 2229
f 2230 2183 2229
f 2229 2183 2235
f 2237 1987 2096
f 2096 1987 1986
f 2152 2238 2181
f 2181 2238 2239
f 2080 2240 2081
f 2081 2240 2241
f 2236 2242 1971
f 1971 2242 1970
f 1925 2113 1923
f 1923 2113 2231
f 2110 1927 2111
f 2111 1927 1928
f 2103 2111 1931
f 1931 2111 1928
f 1931 2243 2103
f 2103 2243 2104
f 2105 2104 2244
f 2244 2104 2243
f 1939 1980 2148
f 2148 1980 2109
f 1980 1944 2109
f 2109 1944 2107
f 1946 2245 2207
f 2207 2245 2209
f 2245 1970 2209
f 2209 1970 2242
f 2231 2236 1923
f 1923 2236 1971
f 2113 1925 2110
f 2110 1925 1927
f 2234 2246 2028
f 2028 2246 2147
f 2247 2248 2058
f 2058 2248 2059
f 2114 2117 2249
f 2249 2117 2250
f 2252 2253 2251
f 2251 2253 2254
f 2094 2015 2091
f 2091 2015 2255
f 2256 2255 2014
f 2014 2255 2015
f 2257 2145 2258
f 2258 2145 2144
f 2131 2161 2123
f 2123 2161 2044
f 2045 2044 2164
f 2164 2044 2161
f 2045 2164 2119
f 2119 2164 2165
f 2259 2120 2165
f 2165 2120 2119
f 2260 2261 2259
f 2259 2261 2120
f 2205 2262 2124
f 2124 2262 2125
f 2180 2263 2178
f 2178 2263 2264
f 2265 2266 2092
f 2092 2266 2093
f 1992 2267 2268
f 2184 2228 2224
f 2224 2228 2227
f 2048 2269 2049
f 2049 2269 2141
f 2129 2168 2157
f 2157 2168 2167
f 2049 2141 2075
f 2075 2141 2140
f 2199 2215 2270
f 2270 2215 2271
f 2142 2141 2272
f 2272 2141 2269
f 2089 2026 2090
f 2090 2026 2102
f 2146 2029 2147
f 2147 2029 2028
f 2111 2103 2112
f 2112 2103 2099
f 2061 2060 2109
f 2109 2060 2148
f 2273 2274 2041
f 2041 2274 2038
f 2260 2275 2261
f 2261 2275 2136
f 2057 2138 2132
f 2132 2138 2276
f 2272 2269 2056
f 2056 2269 2139
f 2277 2278 2270
f 2270 2278 2199
f 2029 2188 2030
f 2030 2188 2187
f 2040 2039 2127
f 2127 2039 2124
f 2064 2195 2083
f 2083 2195 2279
f 2056 2139 2057
f 2057 2139 2138
f 2278 2277 2247
f 2247 2277 2248
f 2062 2176 2063
f 2063 2176 2175
f 2280 2210 2242
f 2242 2210 2209
f 2282 2233 2281
f 2281 2233 2031
f 2216 2219 2283
f 2283 2219 2221
f 2158 2220 2218
f 2218 2220 2219
f 2217 2282 2218
f 2218 2282 2281
f 2220 2158 2167
f 2167 2158 2157
f 2223 2264 2128
f 2128 2264 2263
f 2261 1996 2120
f 2120 1996 1995
f 2213 2211 2222
f 2222 2211 2224
f 2283 2221 2284
f 2284 2221 2068
f 2135 1996 2136
f 2136 1996 2261
f 2144 2081 2258
f 2258 2081 2241
f 2235 2280 2236
f 2236 2280 2242
f 2246 2273 2147
f 2147 2273 2041
f 2036 2285 2032
f 2032 2285 2088
f 2077 2286 2152
f 2152 2286 2238
f 1937 1960 1973
f 1973 1960 1959
f 2070 2232 2071
f 2071 2232 2227
f 2244 2287 2105
f 2105 2287 2106
f 1936 1939 2149
f 2149 1939 2148
f 1944 1946 2107
f 2107 1946 2207
f 2285 2121 2088
f 2088 2121 2027
f 2253 2249 2254
f 2254 2249 2250
f 2006 2009 2077
f 2077 2009 2286
f 2289 2086 2288
f 2288 2086 2087
f 2223 2142 2290
f 2290 2142 2272
f 2128 2131 2143
f 2143 2131 2123
f 2156 2291 2153
f 2153 2291 2175
f 2292 2293 2278
f 2278 2293 2294
f 2075 2140 2123
f 2123 2140 2143
f 2262 2169 2275
f 2275 2169 2180
f 2275 2180 2136
f 2136 2180 2134
f 2274 2284 2038
f 2038 2284 2068
f 2127 2126 2182
f 2182 2126 2166
f 2094 2093 2098
f 2098 2093 2021
f 2098 2021 2099
f 2099 2021 2112
f 2018 2021 2266
f 2266 2021 2093
f 2251 2289 2252
f 2252 2289 2288
f 1997 2151 2226
f 2226 2151 2222
f 2206 2221 2220
f 2220 2221 2219
f 2269 2048 2139
f 2139 2048 2137
f 2159 2158 2281
f 2281 2158 2218
f 2156 2155 2190
f 2190 2155 2191
f 1974 1965 1583
f 1583 1965 1751
f 2088 2027 2089
f 2089 2027 2026
f 2030 2159 2031
f 2031 2159 2281
f 2106 2149 2102
f 2102 2149 2090
f 2287 1936 2106
f 2106 1936 2149
f 2293 2154 2294
f 2294 2154 2153
f 2021 2020 2112
f 2247 2295 2278
f 2278 2295 2292
f 2284 2296 2283
f 2283 2296 2297
f 2298 2296 2274
f 2274 2296 2284
f 2273 2299 2274
f 2274 2299 2298
f 2246 2300 2273
f 2273 2300 2299
f 2283 2297 2216
f 2216 2297 2301
f 2216 2301 2217
f 2217 2301 2302
f 2302 2303 2217
f 2217 2303 2282
f 2304 2301 2305
f 2305 2301 2297
f 2307 2308 2306
f 2306 2308 2309
f 2306 2310 2307
f 2307 2310 2311
f 2307 2312 2308
f 2308 2312 2313
f 2314 2315 2312
f 2312 2315 2316
f 2316 2317 2312
f 2312 2317 2313
f 2317 2305 2313
f 2313 2305 2318
f 2314 2312 2311
f 2311 2312 2307
f 2319 2320 2322
f 2322 2320 2321
f 2322 2311 2319
f 2319 2311 2310
f 2313 2318 2308
f 2308 2318 2309
f 2296 2298 2318
f 2318 2298 2309
f 2309 2298 2323
f 2323 2298 2299
f 2306 2309 2324
f 2324 2309 2323
f 2310 2306 2325
f 2325 2306 2324
f 2296 2318 2297
f 2297 2318 2305
f 2319 2310 2326
f 2326 2310 2325
f 2328 2325 2327
f 2327 2325 2324
f 2325 2328 2326
f 2326 2328 2329
f 2331 2328 2330
f 2330 2328 2327
f 2332 2333 2327
f 2327 2333 2330
f 2328 2331 2329
f 2329 2331 2334
f 2324 2323 2327
f 2327 2323 2332
f 2300 2332 2299
f 2299 2332 2323
f 2326 2335 2319
f 2319 2335 2320
f 2305 2317 2336
f 2336 2317 2316
f 2336 2316 2337
f 2337 2316 2315
f 2338 2304 2336
f 2336 2304 2305
f 2337 2339 2336
f 2336 2339 2338
f 2337 2315 2341
f 2341 2315 2340
f 2342 2300 2234
f 2234 2300 2246
f 2303 2343 2282
f 2282 2343 2233
f 2234 2233 2342
f 2342 2233 2343
f 2342 2343 2333
f 2333 2343 2344
f 2333 2344 2330
f 2330 2344 2345
f 2346 2344 2303
f 2303 2344 2343
f 2332 2300 2333
f 2333 2300 2342
f 2347 2346 2302
f 2302 2346 2303
f 2301 2304 2302
f 2302 2304 2347
f 2304 2338 2347
f 2347 2338 2348
f 2348 2349 2347
f 2347 2349 2346
f 2350 2351 2348
f 2348 2351 2349
f 2349 2345 2346
f 2346 2345 2344
f 2345 2349 2352
f 2352 2349 2351
f 2338 2339 2348
f 2348 2339 2350
f 2350 2339 2353
f 2353 2339 2354
f 2356 2357 2355
f 2355 2357 2353
f 2351 2350 2357
f 2357 2350 2353
f 2353 2354 2355
f 2355 2354 2335
f 2320 2335 2341
f 2341 2335 2354
f 2339 2337 2354
f 2354 2337 2341
f 2352 2331 2345
f 2345 2331 2330
f 2356 2334 2352
f 2352 2334 2331
f 2356 2352 2357
f 2357 2352 2351
f 2355 2329 2356
f 2356 2329 2334
f 2335 2326 2355
f 2355 2326 2329
f 2321 2314 2322
f 2322 2314 2311
f 2321 2320 2340
f 2340 2320 2341
f 2315 2314 2340
f 2340 2314 2321
f 2125 2260 2126
f 2126 2260 2259
f 2157 2160 2129
f 2129 2160 2130
f 2188 2163 2187
f 2187 2163 2162
f 2182 2166 2188
f 2188 2166 2163
f 2180 2169 2263
f 2263 2169 2168
f 2160 2187 2130
f 2130 2187 2162
f 2275 2260 2262
f 2262 2260 2125
f 2128 2263 2129
f 2129 2263 2168
f 2262 2205 2169
f 2169 2205 2170
f 2165 2166 2259
f 2259 2166 2126
f 2359 2360 2358
f 2358 2360 2361
f 2363 2364 2362
f 2362 2364 2365
f 2367 2363 2366
f 2366 2363 2362
f 2368 2369 2371
f 2371 2369 2370
f 2372 2373 2248
f 2248 2373 2059
f 2364 2374 2365
f 2365 2374 2375
f 2377 2378 2376
f 2376 2378 2379
f 2290 2380 2223
f 2223 2380 2381
f 2223 2381 2264
f 2264 2381 2382
f 2384 2385 2383
f 2383 2385 2386
f 2364 2371 2374
f 2374 2371 2387
f 2059 2373 2290
f 2290 2373 2380
f 2378 2360 2379
f 2379 2360 2388
f 2374 2387 2359
f 2359 2387 2389
f 2390 2367 2386
f 2386 2367 2391
f 2393 2394 2392
f 2392 2394 2395
f 2386 2391 2383
f 2383 2391 2396
f 2367 2366 2391
f 2391 2366 2397
f 2363 2367 2368
f 2368 2367 2390
f 2398 2399 2361
f 2361 2399 2358
f 2399 2400 2358
f 2358 2400 2375
f 2390 2401 2368
f 2368 2401 2369
f 2372 2384 2376
f 2376 2384 2383
f 2374 2359 2375
f 2375 2359 2358
f 2402 2403 2365
f 2365 2403 2362
f 2359 2389 2360
f 2360 2389 2388
f 2364 2363 2371
f 2371 2363 2368
f 2405 2398 2404
f 2404 2398 2361
f 2392 2395 2406
f 2406 2395 2397
f 2377 2396 2394
f 2394 2396 2395
f 2394 2393 2404
f 2404 2393 2405
f 2396 2377 2383
f 2383 2377 2376
f 2406 2397 2407
f 2407 2397 2366
f 2400 2402 2375
f 2375 2402 2365
f 2385 2270 2401
f 2401 2270 2271
f 2403 2407 2362
f 2362 2407 2366
f 2371 2370 2387
f 2387 2370 2382
f 2391 2397 2396
f 2396 2397 2395
f 2378 2377 2404
f 2404 2377 2394
f 2360 2378 2361
f 2361 2378 2404
f 2407 2408 2406
f 2406 2408 2409
f 2410 2408 2403
f 2403 2408 2407
f 2411 2410 2402
f 2402 2410 2403
f 2412 2411 2400
f 2400 2411 2402
f 2406 2409 2392
f 2392 2409 2413
f 2392 2413 2393
f 2393 2413 2414
f 2415 2405 2414
f 2414 2405 2393
f 2416 2413 2417
f 2417 2413 2409
f 2419 2420 2418
f 2418 2420 2421
f 2420 2422 2421
f 2421 2422 2423
f 2420 2424 2422
f 2422 2424 2425
f 2426 2427 2424
f 2424 2427 2428
f 2428 2429 2424
f 2424 2429 2425
f 2426 2424 2419
f 2419 2424 2420
f 2419 2418 2431
f 2431 2418 2430
f 2425 2432 2422
f 2422 2432 2423
f 2408 2410 2432
f 2432 2410 2423
f 2423 2410 2433
f 2433 2410 2411
f 2421 2423 2434
f 2434 2423 2433
f 2435 2418 2434
f 2434 2418 2421
f 2429 2417 2425
f 2425 2417 2432
f 2408 2432 2409
f 2409 2432 2417
f 2418 2435 2430
f 2430 2435 2436
f 2438 2435 2437
f 2437 2435 2434
f 2435 2438 2436
f 2436 2438 2439
f 2441 2438 2440
f 2440 2438 2437
f 2442 2443 2437
f 2437 2443 2440
f 2439 2438 2444
f 2444 2438 2441
f 2433 2442 2434
f 2434 2442 2437
f 2412 2442 2411
f 2411 2442 2433
f 2436 2445 2430
f 2430 2445 2446
f 2430 2446 2431
f 2431 2446 2447
f 2417 2429 2448
f 2448 2429 2428
f 2427 2449 2428
f 2428 2449 2448
f 2450 2416 2448
f 2448 2416 2417
f 2451 2450 2449
f 2449 2450 2448
f 2427 2452 2449
f 2449 2452 2453
f 2447 2446 2452
f 2452 2446 2453
f 2454 2412 2399
f 2399 2412 2400
f 2415 2455 2405
f 2405 2455 2398
f 2399 2398 2454
f 2454 2398 2455
f 2454 2455 2443
f 2443 2455 2456
f 2443 2456 2440
f 2440 2456 2457
f 2458 2456 2415
f 2415 2456 2455
f 2443 2442 2454
f 2454 2442 2412
f 2459 2458 2414
f 2414 2458 2415
f 2413 2416 2414
f 2414 2416 2459
f 2459 2416 2460
f 2460 2416 2450
f 2460 2461 2459
f 2459 2461 2458
f 2462 2463 2460
f 2460 2463 2461
f 2461 2457 2458
f 2458 2457 2456
f 2457 2461 2464
f 2464 2461 2463
f 2451 2462 2450
f 2450 2462 2460
f 2462 2451 2465
f 2465 2451 2466
f 2468 2469 2467
f 2467 2469 2465
f 2463 2462 2469
f 2469 2462 2465
f 2465 2466 2467
f 2467 2466 2445
f 2446 2445 2453
f 2453 2445 2466
f 2451 2449 2466
f 2466 2449 2453
f 2464 2441 2457
f 2457 2441 2440
f 2468 2444 2464
f 2464 2444 2441
f 2468 2464 2469
f 2469 2464 2463
f 2467 2439 2468
f 2468 2439 2444
f 2445 2436 2467
f 2467 2436 2439
f 2447 2426 2431
f 2431 2426 2419
f 2427 2426 2452
f 2452 2426 2447
f 2369 2179 2370
f 2370 2179 2178
f 2376 2379 2372
f 2372 2379 2373
f 2389 2381 2388
f 2388 2381 2380
f 2387 2382 2389
f 2389 2382 2381
f 2270 2385 2277
f 2277 2385 2384
f 2379 2388 2373
f 2373 2388 2380
f 2401 2271 2369
f 2369 2271 2179
f 2248 2277 2372
f 2372 2277 2384
f 2401 2390 2385
f 2385 2390 2386
f 2264 2382 2178
f 2178 2382 2370
f 2215 2134 2271
f 2271 2134 2179
f 2005 2000 2199
f 2199 2000 2215
f 2004 2001 2005
f 2005 2001 2000
f 2200 2214 2004
f 2004 2214 2001
f 2470 2471 2473
f 2473 2471 2472
f 2475 2476 2474
f 2474 2476 2477
f 2479 2475 2478
f 2478 2475 2474
f 2481 2482 2480
f 2480 2482 2483
f 2476 2484 2477
f 2477 2484 2485
f 2487 2488 2486
f 2486 2488 2489
f 2133 2490 2058
f 2058 2490 2491
f 2058 2491 2247
f 2247 2491 2492
f 2494 2495 2493
f 2493 2495 2496
f 2476 2483 2484
f 2484 2483 2497
f 2472 2498 2488
f 2488 2498 2489
f 2484 2497 2471
f 2471 2497 2499
f 2500 2479 2496
f 2496 2479 2501
f 2502 2503 2505
f 2505 2503 2504
f 2496 2501 2493
f 2493 2501 2506
f 2479 2478 2501
f 2501 2478 2507
f 2475 2479 2480
f 2480 2479 2500
f 2508 2509 2473
f 2473 2509 2470
f 2509 2510 2470
f 2470 2510 2485
f 2511 2481 2500
f 2500 2481 2480
f 2512 2494 2486
f 2486 2494 2493
f 2485 2484 2470
f 2470 2484 2471
f 2513 2514 2477
f 2477 2514 2474
f 2471 2499 2472
f 2472 2499 2498
f 2476 2475 2483
f 2483 2475 2480
f 2516 2508 2515
f 2515 2508 2473
f 2502 2505 2517
f 2517 2505 2507
f 2504 2487 2505
f 2505 2487 2506
f 2503 2516 2504
f 2504 2516 2515
f 2506 2487 2493
f 2493 2487 2486
f 2517 2507 2518
f 2518 2507 2478
f 2510 2513 2485
f 2485 2513 2477
f 2511 2495 2293
f 2293 2495 2154
f 2514 2518 2474
f 2474 2518 2478
f 2483 2482 2497
f 2497 2482 2492
f 2501 2507 2506
f 2506 2507 2505
f 2488 2487 2515
f 2515 2487 2504
f 2472 2488 2473
f 2473 2488 2515
f 2518 2519 2517
f 2517 2519 2520
f 2521 2519 2514
f 2514 2519 2518
f 2522 2521 2513
f 2513 2521 2514
f 2523 2522 2510
f 2510 2522 2513
f 2517 2520 2502
f 2502 2520 2524
f 2502 2524 2503
f 2503 2524 2525
f 2525 2526 2503
f 2503 2526 2516
f 2527 2524 2528
f 2528 2524 2520
f 2530 2531 2529
f 2529 2531 2532
f 2531 2533 2532
f 2532 2533 2534
f 2531 2535 2533
f 2533 2535 2536
f 2537 2538 2535
f 2535 2538 2539
f 2539 2540 2535
f 2535 2540 2536
f 2537 2535 2530
f 2530 2535 2531
f 2529 2541 2530
f 2530 2541 2542
f 2543 2534 2536
f 2536 2534 2533
f 2519 2521 2543
f 2543 2521 2534
f 2534 2521 2544
f 2544 2521 2522
f 2532 2534 2545
f 2545 2534 2544
f 2529 2532 2546
f 2546 2532 2545
f 2536 2540 2543
f 2543 2540 2528
f 2519 2543 2520
f 2520 2543 2528
f 2541 2529 2547
f 2547 2529 2546
f 2548 2549 2545
f 2545 2549 2546
f 2549 2550 2546
f 2546 2550 2547
f 2551 2552 2548
f 2548 2552 2549
f 2548 2553 2551
f 2551 2553 2554
f 2550 2549 2555
f 2555 2549 2552
f 2545 2544 2548
f 2548 2544 2553
f 2523 2553 2522
f 2522 2553 2544
f 2547 2556 2541
f 2541 2556 2557
f 2541 2557 2542
f 2542 2557 2558
f 2528 2540 2559
f 2559 2540 2539
f 2538 2560 2539
f 2539 2560 2559
f 2561 2527 2559
f 2559 2527 2528
f 2560 2562 2559
f 2559 2562 2561
f 2560 2538 2564
f 2564 2538 2563
f 2558 2557 2563
f 2563 2557 2564
f 2565 2523 2509
f 2509 2523 2510
f 2526 2566 2516
f 2516 2566 2508
f 2509 2508 2565
f 2565 2508 2566
f 2565 2566 2554
f 2554 2566 2567
f 2554 2567 2551
f 2551 2567 2568
f 2569 2567 2526
f 2526 2567 2566
f 2553 2523 2554
f 2554 2523 2565
f 2570 2569 2525
f 2525 2569 2526
f 2524 2527 2525
f 2525 2527 2570
f 2527 2561 2570
f 2570 2561 2571
f 2571 2572 2570
f 2570 2572 2569
f 2573 2574 2571
f 2571 2574 2572
f 2572 2568 2569
f 2569 2568 2567
f 2568 2572 2575
f 2575 2572 2574
f 2562 2573 2561
f 2561 2573 2571
f 2573 2562 2576
f 2576 2562 2577
f 2579 2580 2578
f 2578 2580 2576
f 2574 2573 2580
f 2580 2573 2576
f 2576 2577 2578
f 2578 2577 2556
f 2557 2556 2564
f 2564 2556 2577
f 2562 2560 2577
f 2577 2560 2564
f 2575 2552 2568
f 2568 2552 2551
f 2579 2555 2575
f 2575 2555 2552
f 2579 2575 2580
f 2580 2575 2574
f 2550 2555 2578
f 2578 2555 2579
f 2556 2547 2578
f 2578 2547 2550
f 2558 2537 2542
f 2542 2537 2530
f 2538 2537 2563
f 2563 2537 2558
f 2292 2295 2481
f 2481 2295 2482
f 2486 2489 2512
f 2512 2489 2581
f 2499 2491 2498
f 2498 2491 2490
f 2497 2492 2499
f 2499 2492 2491
f 2155 2154 2494
f 2494 2154 2495
f 2581 2489 2490
f 2490 2489 2498
f 2293 2292 2511
f 2511 2292 2481
f 2191 2155 2512
f 2512 2155 2494
f 2500 2496 2511
f 2511 2496 2495
f 2247 2492 2295
f 2295 2492 2482
f 2583 2584 2582
f 2582 2584 2585
f 2587 2588 2586
f 2586 2588 2589
f 2591 2587 2590
f 2590 2587 2586
f 2593 2594 2592
f 2592 2594 2595
f 2596 2597 2599
f 2599 2597 2598
f 2588 2600 2589
f 2589 2600 2601
f 2602 2603 2605
f 2605 2603 2604
f 2606 2607 2609
f 2609 2607 2608
f 2609 2608 2190
f 2190 2608 2610
f 2611 2612 2614
f 2614 2612 2613
f 2600 2588 2615
f 2615 2588 2595
f 2599 2598 2606
f 2606 2598 2607
f 2584 2616 2604
f 2604 2616 2605
f 2600 2615 2583
f 2583 2615 2617
f 2591 2619 2618
f 2618 2619 2614
f 2621 2622 2620
f 2620 2622 2623
f 2619 2624 2614
f 2614 2624 2611
f 2591 2590 2619
f 2619 2590 2625
f 2587 2591 2592
f 2592 2591 2618
f 2626 2627 2585
f 2585 2627 2582
f 2627 2628 2582
f 2582 2628 2601
f 2629 2593 2618
f 2618 2593 2592
f 2602 2597 2611
f 2611 2597 2612
f 2600 2583 2601
f 2601 2583 2582
f 2630 2631 2589
f 2589 2631 2586
f 2583 2617 2584
f 2584 2617 2616
f 2588 2587 2595
f 2595 2587 2592
f 2633 2626 2632
f 2632 2626 2585
f 2620 2623 2634
f 2634 2623 2625
f 2622 2603 2623
f 2623 2603 2624
f 2621 2633 2622
f 2622 2633 2632
f 2611 2624 2602
f 2602 2624 2603
f 2634 2625 2635
f 2635 2625 2590
f 2628 2630 2601
f 2601 2630 2589
f 2613 2195 2629
f 2629 2195 2194
f 2631 2635 2586
f 2586 2635 2590
f 2595 2594 2615
f 2615 2594 2610
f 2619 2625 2624
f 2624 2625 2623
f 2632 2604 2622
f 2622 2604 2603
f 2585 2584 2632
f 2632 2584 2604
f 2635 2636 2634
f 2634 2636 2637
f 2638 2636 2631
f 2631 2636 2635
f 2639 2638 2630
f 2630 2638 2631
f 2640 2639 2628
f 2628 2639 2630
f 2634 2637 2620
f 2620 2637 2641
f 2620 2641 2621
f 2621 2641 2642
f 2642 2643 2621
f 2621 2643 2633
f 2641 2637 2644
f 2644 2637 2645
f 2646 2647 2649
f 2649 2647 2648
f 2648 2650 2649
f 2649 2650 2651
f 2648 2652 2650
f 2650 2652 2653
f 2652 2654 2656
f 2656 2654 2655
f 2656 2657 2652
f 2652 2657 2653
f 2654 2652 2647
f 2647 2652 2648
f 2647 2646 2659
f 2659 2646 2658
f 2660 2651 2653
f 2653 2651 2650
f 2636 2638 2660
f 2660 2638 2651
f 2651 2638 2661
f 2661 2638 2639
f 2651 2661 2649
f 2649 2661 2662
f 2663 2646 2662
f 2662 2646 2649
f 2653 2657 2660
f 2660 2657 2645
f 2636 2660 2637
f 2637 2660 2645
f 2646 2663 2658
f 2658 2663 2664
f 2665 2666 2662
f 2662 2666 2663
f 2666 2667 2663
f 2663 2667 2664
f 2668 2669 2665
f 2665 2669 2666
f 2665 2670 2668
f 2668 2670 2671
f 2667 2666 2672
f 2672 2666 2669
f 2662 2661 2665
f 2665 2661 2670
f 2640 2670 2639
f 2639 2670 2661
f 2673 2674 2664
f 2664 2674 2658
f 2658 2674 2659
f 2659 2674 2675
f 2645 2657 2676
f 2676 2657 2656
f 2677 2676 2655
f 2655 2676 2656
f 2676 2678 2645
f 2645 2678 2644
f 2677 2679 2676
f 2676 2679 2678
f 2655 2680 2677
f 2677 2680 2681
f 2675 2674 2680
f 2680 2674 2681
f 2682 2640 2627
f 2627 2640 2628
f 2643 2683 2633
f 2633 2683 2626
f 2682 2627 2683
f 2683 2627 2626
f 2683 2684 2682
f 2682 2684 2671
f 2684 2685 2671
f 2671 2685 2668
f 2686 2684 2643
f 2643 2684 2683
f 2670 2640 2671
f 2671 2640 2682
f 2687 2686 2642
f 2642 2686 2643
f 2642 2641 2687
f 2687 2641 2644
f 2687 2644 2688
f 2688 2644 2678
f 2688 2689 2687
f 2687 2689 2686
f 2690 2691 2688
f 2688 2691 2689
f 2689 2685 2686
f 2686 2685 2684
f 2685 2689 2692
f 2692 2689 2691
f 2679 2690 2678
f 2678 2690 2688
f 2690 2679 2693
f 2693 2679 2694
f 2696 2697 2695
f 2695 2697 2693
f 2691 2690 2697
f 2697 2690 2693
f 2693 2694 2695
f 2695 2694 2673
f 2674 2673 2681
f 2681 2673 2694
f 2679 2677 2694
f 2694 2677 2681
f 2685 2692 2668
f 2668 2692 2669
f 2696 2672 2692
f 2692 2672 2669
f 2696 2692 2697
f 2697 2692 2691
f 2695 2667 2696
f 2696 2667 2672
f 2673 2664 2695
f 2695 2664 2667
f 2675 2654 2659
f 2659 2654 2647
f 2655 2654 2680
f 2680 2654 2675
f 2291 2156 2593
f 2593 2156 2594
f 2597 2602 2598
f 2598 2602 2605
f 2616 2617 2607
f 2607 2617 2608
f 2615 2610 2617
f 2617 2610 2608
f 2597 2596 2612
f 2612 2596 2698
f 2598 2605 2607
f 2607 2605 2616
f 2194 2291 2629
f 2629 2291 2593
f 2629 2618 2613
f 2613 2618 2614
f 2190 2610 2156
f 2156 2610 2594
f 2700 2010 2699
f 2699 2010 2086
f 2267 2701 2116
f 2116 2701 2702
f 2116 2702 2117
f 2117 2702 2703
f 2704 2705 2250
f 2250 2705 2254
f 2011 2706 2267
f 2267 2706 2701
f 2699 2086 2707
f 2707 2086 2289
f 2010 2700 2011
f 2011 2700 2706
f 2708 2707 2251
f 2251 2707 2289
f 2703 2704 2117
f 2117 2704 2250
f 2705 2708 2254
f 2254 2708 2251
f 2709 2710 2708
f 2708 2710 2707
f 2711 2709 2705
f 2705 2709 2708
f 2712 2711 2704
f 2704 2711 2705
f 2713 2712 2703
f 2703 2712 2704
f 2707 2710 2699
f 2699 2710 2714
f 2699 2714 2700
f 2700 2714 2715
f 2716 2706 2715
f 2715 2706 2700
f 2714 2710 2717
f 2717 2710 2718
f 2720 2721 2719
f 2719 2721 2722
f 2721 2723 2722
f 2722 2723 2724
f 2721 2725 2723
f 2723 2725 2726
f 2727 2728 2725
f 2725 2728 2726
f 2729 2725 2720
f 2720 2725 2721
f 2731 2729 2730
f 2730 2729 2720
f 2719 2732 2720
f 2720 2732 2730
f 2726 2733 2723
f 2723 2733 2724
f 2709 2711 2733
f 2733 2711 2724
f 2724 2711 2734
f 2734 2711 2712
f 2722 2724 2735
f 2735 2724 2734
f 2719 2722 2736
f 2736 2722 2735
f 2726 2728 2733
f 2733 2728 2718
f 2709 2733 2710
f 2710 2733 2718
f 2732 2719 2737
f 2737 2719 2736
f 2738 2739 2735
f 2735 2739 2736
f 2739 2740 2736
f 2736 2740 2737
f 2741 2742 2738
f 2738 2742 2739
f 2738 2743 2741
f 2741 2743 2744
f 2740 2739 2745
f 2745 2739 2742
f 2735 2734 2738
f 2738 2734 2743
f 2713 2743 2712
f 2712 2743 2734
f 2737 2746 2732
f 2732 2746 2747
f 2732 2747 2730
f 2730 2747 2731
f 2718 2728 2748
f 2748 2728 2727
f 2749 2750 2727
f 2727 2750 2748
f 2748 2751 2718
f 2718 2751 2717
f 2750 2752 2748
f 2748 2752 2751
f 2750 2749 2754
f 2754 2749 2753
f 2731 2747 2753
f 2753 2747 2754
f 2727 2725 2749
f 2749 2725 2729
f 2749 2729 2753
f 2753 2729 2731
f 2702 2755 2703
f 2703 2755 2713
f 2706 2716 2701
f 2701 2716 2756
f 2755 2702 2756
f 2756 2702 2701
f 2756 2757 2755
f 2755 2757 2744
f 2757 2758 2744
f 2744 2758 2741
f 2759 2757 2716
f 2716 2757 2756
f 2743 2713 2744
f 2744 2713 2755
f 2760 2759 2715
f 2715 2759 2716
f 2715 2714 2760
f 2760 2714 2717
f 2760 2717 2761
f 2761 2717 2751
f 2761 2762 2760
f 2760 2762 2759
f 2763 2764 2761
f 2761 2764 2762
f 2762 2758 2759
f 2759 2758 2757
f 2758 2762 2765
f 2765 2762 2764
f 2752 2763 2751
f 2751 2763 2761
f 2763 2752 2766
f 2766 2752 2767
f 2768 2769 2766
f 2766 2769 2770
f 2764 2763 2770
f 2770 2763 2766
f 2766 2767 2768
f 2768 2767 2746
f 2747 2746 2754
f 2754 2746 2767
f 2752 2750 2767
f 2767 2750 2754
f 2758 2765 2741
f 2741 2765 2742
f 2769 2745 2765
f 2765 2745 2742
f 2769 2765 2770
f 2770 2765 2764
f 2768 2740 2769
f 2769 2740 2745
f 2746 2737 2768
f 2768 2737 2740
f 2201 2212 2200
f 2200 2212 2214
f 2201 2202 2212
f 2212 2202 2185
f 2512 2581 2191
f 2191 2581 2192
f 2059 2290 2056
f 2056 2290 2272
f 2174 2199 2294
f 2294 2199 2278
f 2063 2175 2194
f 2194 2175 2291
f 2192 2581 2133
f 2133 2581 2490
f 2133 2132 2192
f 2192 2132 2189
f 2054 2276 2055
f 2055 2276 2138
f 2083 2279 2084
f 2084 2279 2771
f 2771 2279 2599
f 2599 2279 2596
f 2606 2772 2599
f 2599 2772 2771
f 2772 2773 2771
f 2771 2773 2084
f 2773 2774 2084
f 2084 2774 2085
f 2085 2775 2082
f 2082 2775 2144
f 2774 2078 2085
f 2085 2078 2775
f 2078 2774 2079
f 2079 2774 2776
f 2774 2773 2776
f 2776 2773 2777
f 2773 2772 2777
f 2777 2772 2778
f 2190 2189 2609
f 2609 2189 2778
f 2053 2052 2779
f 2779 2052 2181
f 2144 2775 2081
f 2081 2775 2078
f 2294 2153 2174
f 2174 2153 2175
f 2132 2276 2189
f 2189 2276 2778
f 2606 2609 2772
f 2772 2609 2778
f 2195 2613 2698
f 2698 2613 2612
f 2596 2279 2698
f 2698 2279 2195
f 2054 2777 2276
f 2276 2777 2778
f 2777 2054 2776
f 2776 2054 2053
f 2053 2779 2776
f 2776 2779 2079
f 2779 2181 2079
f 2079 2181 2080
f 2181 2239 2080
f 2080 2239 2240
f 2122 2256 2014
f 2042 1982 2076
f 2076 1982 2007
f 1982 1985 2007
f 2007 1985 2008
f 2095 2097 2265
f 2265 2097 2266
f 2076 2050 2042
f 2042 2050 2047
f 2046 2043 2047
f 2047 2043 2042
f 2118 1993 2046
f 2046 1993 2043
f 1995 1994 2118
f 2118 1994 1993
f 2267 1992 2011
f 2011 1992 2012
f 1997 2012 1994
f 1994 2012 1992
f 2226 2013 1997
f 1997 2013 2012
f 2225 2087 2226
f 2226 2087 2013
f 2225 2232 2087
f 2087 2232 2288
f 2232 2070 2288
f 2288 2070 2252
f 2070 2025 2252
f 2252 2025 2253
f 1988 2249 2025
f 2025 2249 2253
f 2116 2115 2267
f 2267 2115 2268
f 2096 1984 2237
f 2237 1984 1991
f 2095 1985 2096
f 2096 1985 1984
f 2265 2008 2095
f 2095 2008 1985
f 2092 2009 2265
f 2265 2009 2008
f 2091 2286 2092
f 2092 2286 2009
f 2255 2238 2091
f 2091 2238 2286
f 2256 2239 2255
f 2255 2239 2238
f 2122 2240 2256
f 2256 2240 2239
f 2121 2241 2122
f 2122 2241 2240
f 2022 2018 2097
f 2097 2018 2266
f 2022 2024 2018
f 2018 2024 2019
f 2024 2072 2019
f 2019 2072 2073
f 2072 2228 2073
f 2073 2228 2230
f 2228 2184 2230
f 2230 2184 2183
f 2121 2285 2241
f 2241 2285 2258
f 2285 2036 2258
f 2258 2036 2257
f 2177 2145 2193
f 2193 2145 2257
f 2173 2193 2196
f 2196 2193 2037
f 2036 2037 2257
f 2257 2037 2193
f 2196 2037 2066
f 2066 2037 2035
f 2061 2108 2034
f 2034 2108 2067
f 2108 2208 2067
f 2067 2208 2204
f 2208 2210 2204
f 2204 2210 2203
f 2210 2280 2203
f 2203 2280 2186
f 2183 2186 2235
f 2235 2186 2280
f 1987 2114 1988
f 1988 2114 2249
f 2237 2115 1987
f 1987 2115 2114
f 1991 2268 2237
f 2237 2268 2115
f 1991 1990 2268
f 2268 1990 1992
f 107 110 2781
f 2781 110 2780
f 117 2782 118
f 118 2782 2783
f 119 2784 120
f 120 2784 2785
f 125 2786 126
f 126 2786 2787
f 127 2788 128
f 128 2788 2789
f 127 132 2788
f 2788 132 2790
f 231 230 2792
f 2792 230 2791
f 118 2783 119
f 119 2783 2784
f 241 243 2794
f 2794 243 2793
f 2781 2795 107
f 107 2795 352
f 120 2785 437
f 437 2785 2796
f 126 2787 110
f 110 2787 2780
f 455 2797 456
f 456 2797 2798
f 128 2789 457
f 457 2789 2799
f 456 2798 117
f 117 2798 2782
f 2794 2797 241
f 241 2797 455
f 457 2799 125
f 125 2799 2786
f 132 231 2790
f 2790 231 2792
f 230 437 2791
f 2791 437 2796
f 2792 2789 2790
f 2790 2789 2788
f 2785 2784 2801
f 2801 2784 2800
f 2786 2802 2787
f 2787 2802 2803
f 2792 2791 2805
f 2805 2791 2804
f 2784 2783 2800
f 2800 2783 2806
f 2785 2801 2796
f 2796 2801 2807
f 2787 2803 2780
f 2780 2803 2808
f 2789 2809 2799
f 2799 2809 2810
f 2799 2810 2786
f 2786 2810 2802
f 2791 2796 2804
f 2804 2796 2807
f 2789 2792 2809
f 2809 2792 2805
f 2812 2797 2811
f 2811 2797 2794
f 2809 2805 2810
f 2810 2805 2804
f 2810 2804 2802
f 2802 2804 2807
f 2802 2807 2803
f 2803 2807 2801
f 2808 2803 2800
f 2800 2803 2801
f 2814 699 2813
f 2813 699 698
f 2808 2815 2780
f 2780 2815 2781
f 2817 2782 2816
f 2816 2782 2798
f 2815 2818 2781
f 2781 2818 2795
f 2797 2812 2798
f 2798 2812 2816
f 2783 2782 2806
f 2806 2782 2817
f 2800 2806 2808
f 2808 2806 2815
f 2794 2793 2811
f 2811 2793 2819
f 174 201 384
f 384 201 362
f 200 1766 390
f 390 1766 1777
f 1777 1778 390
f 390 1778 398
f 1778 361 398
f 398 361 222
f 2820 2821 628
f 628 2821 629
f 1406 2820 790
f 790 2820 628
f 794 1415 1233
f 1233 1415 1234
f 1406 790 1407
f 1407 790 1312
f 1407 1312 2822
f 2822 1312 1316
f 2823 1380 1543
f 1543 1380 1379
f 1385 1738 1382
f 1382 1738 1383
f 1381 791 1382
f 1382 791 1386
f 791 794 1386
f 1386 794 1233
f 1259 1390 1260
f 1260 1390 1389
f 1905 1542 1394
f 1394 1542 1395
f 1410 1413 1397
f 1397 1413 1398
f 2821 1410 629
f 629 1410 1397
f 2823 2822 1380
f 1380 2822 1316
f 1392 1395 1378
f 1378 1395 1379
f 1738 1399 1383
f 1383 1399 1398
f 1388 1235 1389
f 1389 1235 1234
f 1393 1391 1394
f 1394 1391 1390
f 1381 1384 779
f 779 1384 780
f 1282 788 792
f 792 788 793
f 1431 1262 1432
f 1432 1262 1261
f 1400 1342 1408
f 1408 1342 1409
f 1508 1544 1411
f 1411 1544 1412
f 788 787 793
f 793 787 1414
f 2821 2820 1429
f 1429 2820 1430
f 2822 2823 1506
f 1506 2823 1507
f 778 1282 779
f 779 1282 792
f 2820 1406 1430
f 1430 1406 1409
f 1410 2821 1411
f 1411 2821 1429
f 1407 2822 1408
f 1408 2822 1506
f 1544 781 1412
f 1412 781 780
f 1260 1415 1261
f 1261 1415 1414
f 1334 2824 923
f 923 2824 924
f 2826 1268 2825
f 2825 1268 1267
f 769 1212 2827
f 2827 1212 2828
f 1492 1190 1266
f 1266 1190 1267
f 1488 2829 1489
f 1489 2829 2830
f 922 1329 923
f 923 1329 1328
f 1484 2831 1485
f 1485 2831 2832
f 1482 2833 1485
f 1485 2833 1486
f 1324 1493 1489
f 1489 1493 1490
f 1265 1491 1266
f 1266 1491 1490
f 2835 2836 2834
f 2834 2836 2837
f 1250 2838 2827
f 2827 2838 2839
f 1488 1491 2840
f 2840 1491 2841
f 1268 2826 2842
f 2842 2826 2843
f 2844 2845 1495
f 1495 2845 1496
f 1427 2847 2846
f 2846 2847 926
f 2829 1488 2848
f 2848 1488 2840
f 1329 922 2849
f 2849 922 927
f 2850 2851 768
f 768 2851 1213
f 1265 1268 2852
f 2852 1268 2842
f 1491 1265 2841
f 2841 1265 2852
f 2854 2855 2853
f 2853 2855 2856
f 2855 2857 2856
f 2856 2857 598
f 2857 2858 598
f 598 2858 595
f 2858 2859 595
f 595 2859 626
f 649 652 2860
f 2860 652 2861
f 639 642 2862
f 2862 642 2863
f 2864 705 2862
f 2862 705 639
f 2865 1418 2864
f 2864 1418 705
f 2866 2867 2865
f 2865 2867 1418
f 1760 1348 1761
f 1761 1348 2867
f 1764 2868 1197
f 1197 2868 1198
f 2869 611 2868
f 2868 611 1198
f 2870 612 2869
f 2869 612 611
f 1352 1350 944
f 944 1350 688
f 1350 1256 688
f 688 1256 685
f 1256 1255 685
f 685 1255 692
f 1255 2871 692
f 692 2871 2872
f 701 2873 698
f 698 2873 2813
f 2872 1349 692
f 692 1349 693
f 1696 1744 1574
f 1574 1744 1575
f 1753 1618 1577
f 1577 1618 1578
f 1729 1594 1608
f 1608 1594 1609
f 1725 1630 1611
f 1611 1630 1612
f 1604 1607 1625
f 1625 1607 1626
f 1624 1703 1625
f 1625 1703 1912
f 1703 1702 1912
f 1912 1702 1913
f 1702 1753 1913
f 1913 1753 1577
f 1598 1569 1915
f 1915 1569 1578
f 1616 1615 1915
f 1915 1615 1916
f 1615 1696 1916
f 1916 1696 1574
f 1744 1745 1575
f 1575 1745 1917
f 1745 1565 1917
f 1917 1565 1609
f 1568 1725 1608
f 1608 1725 1611
f 2874 1613 1918
f 1918 1613 1612
f 1607 2874 1626
f 1626 2874 1918
f 1610 1613 1562
f 1562 1613 1563
f 1547 1550 1570
f 1570 1550 1571
f 1573 1576 1580
f 1580 1576 1581
f 1553 1556 1595
f 1595 1556 1596
f 1556 1582 1596
f 1596 1582 1581
f 1551 1547 1599
f 1599 1547 1570
f 1731 1914 1601
f 1601 1914 1602
f 1686 1689 1605
f 1605 1689 1606
f 1598 1743 1599
f 1599 1743 1692
f 2874 1607 1723
f 1723 1607 1606
f 1727 1553 1730
f 1730 1553 1595
f 1600 1686 1601
f 1601 1686 1605
f 1914 1572 1602
f 1602 1572 1571
f 1579 1693 1580
f 1580 1693 1692
f 1613 2874 1563
f 1563 2874 1723
f 1561 1727 1562
f 1562 1727 1730
f 1949 1742 1548
f 1548 1742 1549
f 1694 1949 1552
f 1552 1949 1548
f 1954 1589 1554
f 1554 1589 1555
f 1693 1579 1558
f 1558 1579 1559
f 1561 1564 1584
f 1584 1564 1585
f 1582 1556 1588
f 1588 1556 1555
f 1600 1603 1591
f 1591 1603 1592
f 1981 1977 1687
f 1687 1977 1688
f 1564 1722 1585
f 1585 1722 1690
f 1551 1693 1552
f 1552 1693 1558
f 1751 1954 1728
f 1728 1954 1554
f 1590 1981 1591
f 1591 1981 1687
f 1603 1550 1592
f 1592 1550 1549
f 1977 1691 1688
f 1688 1691 1690
f 1587 1560 1588
f 1588 1560 1559
f 1727 1561 1728
f 1728 1561 1584
f 2875 1919 1947
f 1947 1919 1948
f 1557 1560 1952
f 1952 1560 1953
f 1933 1932 1955
f 1955 1932 1956
f 1587 1589 1958
f 1958 1589 1956
f 1959 1933 1965
f 1965 1933 1955
f 1961 1964 1966
f 1966 1964 1967
f 1981 1590 1969
f 1969 1590 1967
f 1742 1949 1972
f 1972 1949 1948
f 1593 1742 1966
f 1966 1742 1972
f 1957 1950 1958
f 1958 1950 1953
f 1583 1586 1974
f 1974 1586 1975
f 1940 1943 1978
f 1978 1943 1979
f 1943 1976 1979
f 1979 1976 1975
f 1951 2875 1952
f 1952 2875 1947
f 1968 1940 1969
f 1969 1940 1978
f 1973 1959 1974
f 1974 1959 1965
f 1923 1971 1920
f 1920 1971 1921
f 1919 2875 1920
f 1920 2875 1924
f 2875 1951 1924
f 1924 1951 1926
f 1950 1957 1929
f 1929 1957 1930
f 2244 2243 1934
f 1934 2243 1935
f 1973 1976 1937
f 1937 1976 1938
f 1944 1980 1941
f 1941 1980 1942
f 1940 1968 1941
f 1941 1968 1945
f 2287 2244 1960
f 1960 2244 1934
f 1970 2245 1962
f 1962 2245 1963
f 2243 1931 1935
f 1935 1931 1930
f 1927 1926 1928
f 1928 1926 1929
f 1961 1922 1962
f 1962 1922 1921
f 2245 1946 1963
f 1963 1946 1945
f 1976 1943 1938
f 1938 1943 1942
f 1936 2287 1937
f 1937 2287 1960
f 743 1238 608
f 608 1238 609
f 607 1811 608
f 608 1811 744
f 1304 2876 1305
f 1305 2876 2877
f 586 585 1298
f 1298 585 1299
f 585 702 1299
f 1299 702 1300
f 702 1428 1300
f 1300 1428 1301
f 1238 586 609
f 609 586 1298
f 2878 2879 1218
f 1218 2879 2877
f 2880 2881 1812
f 1812 2881 1819
f 2883 1821 2882
f 2882 1821 1820
f 2840 2841 620
f 620 2841 621
f 2842 2843 795
f 795 2843 796
f 892 895 2844
f 2844 895 2845
f 2848 2840 942
f 942 2840 620
f 2849 927 1202
f 1202 927 1203
f 2852 2842 1270
f 1270 2842 795
f 2841 2852 621
f 621 2852 1270
f 941 1759 942
f 942 1759 2884
f 659 929 1427
f 1427 929 2847
f 1237 2851 751
f 751 2851 2850
f 1216 2885 1217
f 1217 2885 1754
f 2887 734 2886
f 2886 734 733
f 2889 1816 2888
f 2888 1816 1815
f 2890 1245 2889
f 2889 1245 1816
f 1824 2891 1825
f 1825 2891 1246
f 2892 2893 2895
f 2895 2893 2894
f 1854 1833 1851
f 1851 1833 1832
f 1851 1832 1884
f 1884 1832 1876
f 1884 1876 1441
f 1441 1876 1443
f 1441 1443 1442
f 1442 1443 1446
f 1442 1446 2896
f 2896 1446 1507
f 2897 2823 2898
f 2898 2823 1543
f 1542 2899 1543
f 1543 2899 2898
f 1542 1905 2899
f 2899 1905 2900
f 1905 1259 2900
f 2900 1259 2901
f 1262 1431 2902
f 2902 1431 1904
f 1431 1434 1904
f 1904 1434 1902
f 1902 1434 2903
f 2903 1434 719
f 2903 719 2904
f 2904 719 718
f 1869 1881 718
f 718 1881 2904
f 1881 1869 1880
f 1880 1869 756
f 1880 756 2905
f 2905 756 755
f 2905 755 2906
f 2906 755 758
f 762 2907 763
f 763 2907 2908
f 724 723 2909
f 2909 723 894
f 796 895 723
f 723 895 894
f 2843 2845 796
f 796 2845 895
f 2826 1496 2843
f 2843 1496 2845
f 2825 1497 2826
f 2826 1497 1496
f 1189 2836 2825
f 2825 2836 1497
f 797 891 798
f 798 891 2837
f 802 888 797
f 797 888 891
f 2910 2911 2913
f 2913 2911 2912
f 1780 1783 2915
f 2915 1783 2914
f 2916 2917 831
f 831 2917 832
f 2918 2919 845
f 845 2919 846
f 2920 2916 847
f 847 2916 831
f 2921 2922 857
f 857 2922 858
f 2923 2924 860
f 860 2924 861
f 2919 2912 846
f 846 2912 887
f 2925 2920 940
f 940 2920 847
f 2924 2926 861
f 861 2926 1204
f 2917 2918 832
f 832 2918 845
f 2927 2928 1449
f 1449 2928 1450
f 2929 2930 889
f 889 2930 2931
f 2896 1507 2897
f 2897 1507 2823
f 2902 2901 1262
f 1262 2901 1259
f 2932 2933 750
f 750 2933 1236
f 2933 2934 1236
f 1236 2934 1835
f 2936 2937 2935
f 2935 2937 2938
f 2940 2941 2939
f 2939 2941 2942
f 2943 2944 1841
f 1841 2944 1842
f 2945 1860 2944
f 2944 1860 1842
f 2945 2946 1860
f 1860 2946 1859
f 1889 2947 1890
f 1890 2947 1856
f 1856 2947 1857
f 1857 2947 2948
f 2950 709 2949
f 2949 709 1829
f 2952 730 2951
f 2951 730 729
f 2866 2953 2867
f 2867 2953 1761
f 2953 2954 1761
f 1761 2954 1420
f 2954 2955 1420
f 1420 2955 742
f 2955 2956 742
f 742 2956 739
f 2956 2957 739
f 739 2957 760
f 2957 2958 760
f 760 2958 761
f 2958 2959 761
f 761 2959 2960
f 2959 2961 2960
f 2960 2961 2962
f 2963 2964 1839
f 1839 2964 1840
f 2964 2965 1840
f 1840 2965 2942
f 2966 2950 2939
f 2939 2950 2949
f 2935 2967 2936
f 2936 2967 2968
f 2969 2970 736
f 736 2970 735
f 734 2887 1815
f 1815 2887 2888
f 2887 2882 2888
f 2888 2882 2881
f 1819 1820 1817
f 1817 1820 748
f 1195 1757 1197
f 1197 1757 1424
f 1757 647 1424
f 1424 647 646
f 647 648 646
f 646 648 643
f 648 1271 643
f 643 1271 737
f 1271 725 737
f 737 725 765
f 725 724 765
f 765 724 762
f 762 724 2907
f 2907 724 2909
f 1254 1437 2909
f 2909 1437 2907
f 1438 1253 1836
f 1836 1253 1835
f 1836 1835 2938
f 2938 1835 2934
f 2971 2972 2935
f 2935 2972 2967
f 897 896 2969
f 2969 896 2970
f 1815 1814 734
f 734 1814 731
f 728 1215 896
f 896 1215 732
f 2885 1216 733
f 733 1216 2886
f 1216 1219 2886
f 2886 1219 2883
f 2876 1304 1821
f 1821 1304 749
f 1304 1303 749
f 749 1303 746
f 1818 2973 1817
f 1817 2973 1810
f 747 2974 1818
f 1818 2974 2973
f 747 746 2974
f 2974 746 1303
f 2976 2977 2975
f 2975 2977 2978
f 2976 2979 2901
f 2901 2979 2900
f 2980 2981 2982
f 2982 2981 2979
f 2981 2980 2983
f 2983 2980 2984
f 2985 2897 2983
f 2983 2897 2898
f 2987 2988 2986
f 2986 2988 2985
f 2896 2988 1442
f 1442 2988 1439
f 1903 2977 1904
f 1904 2977 2902
f 1856 1855 1890
f 1890 1855 2989
f 2989 2990 1890
f 1890 2990 1359
f 2990 2991 1359
f 1359 2991 1356
f 2946 2992 1859
f 1859 2992 1893
f 2992 2993 1893
f 1893 2993 775
f 2993 2994 775
f 775 2994 776
f 2986 1356 2987
f 2987 1356 2991
f 2975 2978 776
f 776 2978 777
f 2982 2994 2980
f 2980 2994 2995
f 1357 2984 2995
f 2995 2984 2980
f 2995 2996 1357
f 1357 2996 1358
f 2996 2997 1358
f 1358 2997 1889
f 2998 2999 2932
f 2932 2999 2933
f 2999 2971 2933
f 2933 2971 2934
f 1837 1836 2937
f 2937 1836 2938
f 2943 1841 2941
f 2941 1841 1838
f 3001 2944 3000
f 3000 2944 2943
f 3001 3002 2944
f 2944 3002 2945
f 3002 3003 2945
f 2945 3003 2946
f 2997 3003 1889
f 1889 3003 2947
f 2947 3003 2948
f 2948 3003 3002
f 3001 3004 3002
f 3002 3004 2948
f 3000 3005 3001
f 3001 3005 3004
f 2940 3006 3000
f 3000 3006 3005
f 2999 3007 2971
f 2971 3007 2972
f 2998 2951 2999
f 2999 2951 3007
f 3008 2952 2998
f 2998 2952 2951
f 2966 2965 2936
f 2936 2965 2937
f 2935 2938 2971
f 2971 2938 2934
f 3003 2997 2946
f 2946 2997 2992
f 2997 2996 2992
f 2992 2996 2993
f 2996 2995 2993
f 2993 2995 2994
f 1356 2986 1357
f 1357 2986 2984
f 2982 2975 2994
f 2994 2975 776
f 1844 1843 1899
f 1899 1843 3009
f 1843 638 3009
f 3009 638 3010
f 638 637 3010
f 3010 637 3011
f 637 1830 3011
f 3011 1830 3012
f 1830 1833 3012
f 3012 1833 2894
f 1833 1854 2894
f 2894 1854 2895
f 1854 1853 2895
f 2895 1853 1888
f 1858 1857 1885
f 1885 1857 1892
f 1899 3009 1898
f 1898 3009 1874
f 3009 3010 1874
f 1874 3010 1865
f 3010 3011 1865
f 1865 3011 1862
f 3011 3012 1862
f 1862 3012 1882
f 3012 2894 1882
f 1882 2894 2893
f 1850 2890 782
f 782 2890 2889
f 783 2880 1811
f 1811 2880 1812
f 744 1810 745
f 745 1810 2973
f 745 2973 805
f 805 2973 806
f 2973 2974 806
f 806 2974 815
f 1303 812 2974
f 2974 812 815
f 1303 1302 812
f 812 1302 1221
f 1307 3013 1302
f 1302 3013 1221
f 1734 3014 1633
f 1633 3014 1634
f 1646 1649 1636
f 1636 1649 1637
f 1654 1657 1641
f 1641 1657 1642
f 1639 1736 1636
f 1636 1736 1684
f 1716 1713 1698
f 1698 1713 1699
f 1718 1721 1705
f 1705 1721 1706
f 1653 1654 1709
f 1709 1654 1641
f 1620 1623 1714
f 1714 1623 1699
f 1712 1682 1714
f 1714 1682 1740
f 1668 1671 1746
f 1746 1671 1747
f 1752 1650 1749
f 1749 1650 1750
f 1750 1650 1709
f 1709 1650 1653
f 1632 1668 1633
f 1633 1668 1746
f 1649 1752 1637
f 1637 1752 1749
f 1682 1643 1740
f 1740 1643 1642
f 3014 1685 1634
f 1634 1685 1684
f 1704 1748 1705
f 1705 1748 1747
f 1697 1707 1698
f 1698 1707 1706
f 1739 1701 1621
f 1621 1701 1622
f 1567 1566 1647
f 1647 1566 1648
f 1664 1695 1651
f 1651 1695 1652
f 1614 1617 1655
f 1655 1617 1656
f 1704 1707 1659
f 1659 1707 1660
f 3014 1734 1662
f 1662 1734 1663
f 1650 1752 1651
f 1651 1752 1665
f 1741 1657 1667
f 1667 1657 1656
f 1695 1614 1652
f 1652 1614 1655
f 1724 1567 1726
f 1726 1567 1647
f 1645 1628 1733
f 1733 1628 1663
f 1685 3014 1726
f 1726 3014 1662
f 1620 1741 1621
f 1621 1741 1667
f 1566 1666 1648
f 1648 1666 1665
f 1658 1737 1659
f 1659 1737 1901
f 1911 1661 1910
f 1910 1661 1660
f 1701 1911 1622
f 1622 1911 1910
f 1732 1748 1733
f 1733 1748 1901
f 1857 2948 1892
f 1892 2948 3004
f 1892 3004 1891
f 1891 3004 3005
f 1828 3006 1829
f 1829 3006 2949
f 2967 736 2968
f 2968 736 710
f 2972 2969 2967
f 2967 2969 736
f 2969 2972 897
f 897 2972 3007
f 897 3007 729
f 729 3007 2951
f 3016 753 3015
f 3015 753 752
f 3018 767 3017
f 3017 767 766
f 3019 3020 1249
f 1249 3020 3021
f 2915 2914 3019
f 3019 2914 3020
f 3023 2914 3022
f 3022 2914 1783
f 2827 2839 769
f 769 2839 766
f 3025 2838 3024
f 3024 2838 3021
f 768 767 2850
f 2850 767 3026
f 2850 3026 751
f 751 3026 752
f 750 753 2932
f 2932 753 3027
f 3008 2998 3027
f 3027 2998 2932
f 3028 3029 3008
f 3008 3029 2952
f 3029 3030 2952
f 2952 3030 730
f 3032 3033 3031
f 3031 3033 3034
f 3036 3037 3035
f 3035 3037 3038
f 2870 3039 612
f 612 3039 3040
f 3041 3042 3031
f 3031 3042 3038
f 3034 1352 3043
f 3043 1352 944
f 612 3040 613
f 613 3040 3044
f 613 3044 1425
f 1425 3044 1422
f 3045 3042 669
f 669 3042 670
f 3041 3043 599
f 599 3043 600
f 772 771 1544
f 1544 771 781
f 1503 771 1866
f 1866 771 770
f 771 1503 781
f 781 1503 778
f 61 281 416
f 416 281 1907
f 283 103 3046
f 3046 103 3047
f 76 79 3048
f 3048 79 3049
f 280 76 1906
f 1906 76 3048
f 3051 335 3050
f 3050 335 334
f 3053 417 3052
f 3052 417 416
f 3055 435 3054
f 3054 435 434
f 428 435 419
f 419 435 1908
f 420 1909 293
f 293 1909 443
f 79 294 3049
f 3049 294 444
f 3057 444 3056
f 3056 444 443
f 3051 3058 335
f 335 3058 452
f 216 215 1332
f 1332 215 452
f 308 283 462
f 462 283 3046
f 3050 334 3059
f 3059 334 462
f 103 62 3047
f 3047 62 417
f 313 312 434
f 434 312 463
f 3061 574 3060
f 3060 574 573
f 1310 3062 1428
f 1428 3062 3063
f 1258 3064 1255
f 1255 3064 2871
f 932 3065 2853
f 2853 3065 3066
f 699 2814 931
f 931 2814 3067
f 3068 1301 3063
f 3063 1301 1428
f 571 574 1310
f 1310 574 3062
f 3060 573 3069
f 3069 573 1332
f 3070 3071 1906
f 1906 3071 1907
f 3072 3073 1908
f 1908 3073 1909
f 3075 2814 3074
f 3074 2814 2813
f 2854 3076 1258
f 1258 3076 3064
f 2871 3077 2872
f 2872 3077 3078
f 3074 2813 3079
f 3079 2813 2873
f 2872 3078 1349
f 1349 3078 3080
f 2873 701 3068
f 3068 701 1301
f 1330 1201 3080
f 3080 1201 1349
f 1264 1263 3081
f 3081 1263 3082
f 3083 3084 3082
f 3082 3084 3081
f 811 1448 3086
f 3086 1448 3085
f 808 811 3087
f 3087 811 3086
f 3088 3083 833
f 833 3083 3082
f 884 3089 885
f 885 3089 3090
f 3087 1790 808
f 808 1790 816
f 1790 3087 1787
f 1787 3087 3091
f 3092 3091 3086
f 3086 3091 3087
f 3093 3094 3084
f 3084 3094 3095
f 3089 3096 3090
f 3090 3096 3088
f 3097 3093 3083
f 3083 3093 3084
f 3099 3100 3098
f 3098 3100 1786
f 3101 1788 2913
f 2913 1788 3102
f 838 837 885
f 885 837 886
f 886 837 3103
f 3103 837 1541
f 3094 3093 3104
f 3104 3093 3097
f 3105 3106 3089
f 3089 3106 3096
f 3108 3109 3107
f 3107 3109 3110
f 3111 3112 3091
f 3091 3112 1787
f 3114 3108 3113
f 3113 3108 3107
f 3114 3115 3112
f 3112 3115 3102
f 3091 3092 3111
f 3111 3092 3116
f 839 838 835
f 835 838 836
f 885 3090 838
f 838 3090 836
f 3110 3117 1247
f 1247 3117 3118
f 1247 3118 1248
f 1248 3118 3119
f 3120 3121 3119
f 3119 3121 1248
f 1247 844 3110
f 3110 844 3107
f 844 843 3107
f 3107 843 3113
f 843 3099 3113
f 3113 3099 3122
f 1781 3123 3098
f 3098 3123 3124
f 2915 2931 1780
f 1780 2931 2930
f 3019 3125 2915
f 2915 3125 2931
f 890 3125 2834
f 2834 3125 1252
f 3125 3019 1252
f 1252 3019 1249
f 907 908 946
f 946 908 947
f 1185 1188 1369
f 1369 1188 948
f 954 957 951
f 951 957 952
f 910 965 953
f 953 965 950
f 905 958 960
f 960 958 961
f 3126 978 949
f 949 978 962
f 936 935 967
f 967 935 968
f 994 993 969
f 969 993 966
f 902 904 971
f 971 904 972
f 983 985 973
f 973 985 970
f 906 905 974
f 974 905 960
f 977 981 959
f 959 981 975
f 911 910 1143
f 1143 910 953
f 952 957 1142
f 1142 957 1145
f 911 1143 1366
f 1366 1143 1368
f 1185 1369 1145
f 1145 1369 1142
f 993 1519 966
f 966 1519 1456
f 965 1454 950
f 950 1454 1457
f 900 899 1459
f 1459 899 1460
f 988 991 1461
f 1461 991 1458
f 899 963 1460
f 1460 963 1462
f 985 987 970
f 970 987 1463
f 904 906 972
f 972 906 974
f 981 983 975
f 975 983 973
f 935 900 968
f 968 900 1459
f 991 994 1458
f 1458 994 969
f 1154 1526 1088
f 1088 1526 1089
f 1109 1112 1092
f 1092 1112 1093
f 1083 1098 1084
f 1084 1098 1097
f 1078 1471 1100
f 1100 1471 1101
f 1075 1078 1104
f 1104 1078 1100
f 1152 1154 1156
f 1156 1154 1088
f 1156 1155 1372
f 1372 1155 1373
f 1372 1373 1104
f 1104 1373 1075
f 1467 1109 1465
f 1465 1109 1092
f 1465 1182 1468
f 1468 1182 1184
f 1474 1470 1096
f 1096 1470 1097
f 1102 1101 1083
f 1083 1101 1098
f 1112 1531 1093
f 1093 1531 1529
f 1102 1073 1099
f 1099 1073 1072
f 1526 1154 1079
f 1079 1154 1080
f 1081 1091 1082
f 1082 1091 1094
f 1069 1068 1085
f 1085 1068 1086
f 1153 1151 1080
f 1080 1151 1058
f 1371 1177 1179
f 1179 1177 1176
f 1099 1072 1103
f 1103 1072 1176
f 1068 1071 1086
f 1086 1071 1073
f 1085 1084 1180
f 1180 1084 1469
f 1066 1065 1183
f 1183 1065 1181
f 1153 1152 1177
f 1177 1152 1178
f 1091 1081 1182
f 1182 1081 1183
f 1057 1525 1079
f 1079 1525 1527
f 1120 1117 1076
f 1076 1117 1077
f 1087 1090 1107
f 1107 1090 1108
f 1127 1126 1110
f 1110 1126 1111
f 1095 1116 1096
f 1096 1116 1115
f 1471 1078 1119
f 1119 1078 1077
f 1087 1107 1155
f 1155 1107 1158
f 1376 1374 1157
f 1157 1374 1158
f 1076 1075 1374
f 1374 1075 1373
f 1109 1467 1110
f 1110 1467 1472
f 1467 1466 1472
f 1472 1466 1473
f 1135 1475 1114
f 1114 1475 1115
f 1471 1119 1095
f 1095 1119 1116
f 1126 1532 1111
f 1111 1532 1530
f 914 1276 1480
f 1480 1276 1517
f 3127 3128 1223
f 1223 3128 1224
f 824 933 1455
f 1455 933 3129
f 3131 1448 3130
f 3130 1448 1447
f 3132 3133 1452
f 1452 3133 1453
f 3130 1447 1322
f 1322 1447 1455
f 933 1514 3129
f 3129 1514 3134
f 1161 3135 1480
f 1480 3135 1481
f 3128 3136 1224
f 1224 3136 1499
f 3133 1162 1453
f 1453 1162 1517
f 1515 3127 1535
f 1535 3127 1223
f 3095 3085 3131
f 3131 3085 1448
f 3137 3092 3085
f 3085 3092 3086
f 3138 3116 3137
f 3137 3116 3092
f 3110 3109 3117
f 3117 3109 3139
f 3105 3140 3117
f 3117 3140 3118
f 3140 3141 3118
f 3118 3141 3119
f 3142 3120 3141
f 3141 3120 3119
f 1498 3143 1277
f 1277 3143 882
f 3144 3145 1340
f 1340 3145 1339
f 1340 3146 3144
f 3144 3146 3147
f 3145 3144 3143
f 3143 3144 3148
f 871 901 872
f 872 901 1362
f 3149 3148 3147
f 3147 3148 3144
f 1208 3150 1209
f 3098 1786 1781
f 1781 1786 1782
f 2930 2929 3123
f 3123 2929 2911
f 1794 1791 2916
f 2916 1791 2917
f 1793 3101 2918
f 2918 3101 2919
f 1796 1794 2920
f 2920 1794 2916
f 3151 3152 2921
f 2921 3152 2922
f 3153 3154 2923
f 2923 3154 2924
f 2919 3101 2912
f 2912 3101 2913
f 3155 1796 2925
f 2925 1796 2920
f 3154 3156 2924
f 2924 3156 2926
f 1791 1793 2917
f 2917 1793 2918
f 3157 3158 2927
f 2927 3158 2928
f 1780 2930 1781
f 1781 2930 3123
f 2825 1267 1189
f 1189 1267 1190
f 2827 2828 1250
f 1250 2828 1251
f 1489 2830 1324
f 1324 2830 1325
f 923 1328 1334
f 1334 1328 1335
f 1485 2832 1482
f 1482 2832 1483
f 1266 1490 1492
f 1492 1490 1493
f 1333 1346 1334
f 1334 1346 2824
f 722 799 1492
f 1492 799 1190
f 664 657 1482
f 1482 657 2833
f 631 634 1324
f 1324 634 1493
f 2828 1494 1251
f 1251 1494 2835
f 1249 3021 1250
f 1250 3021 2838
f 798 2837 1189
f 1189 2837 2836
f 3100 842 3160
f 3160 842 3159
f 1788 3101 1789
f 1789 3101 1793
f 1792 816 1789
f 1789 816 1790
f 817 816 1795
f 1795 816 1792
f 938 817 1797
f 1797 817 1795
f 1796 3155 1797
f 1797 3155 1798
f 3155 3158 1798
f 1798 3158 1799
f 3157 3152 1801
f 1801 3152 1802
f 3151 3156 1803
f 1803 3156 1804
f 3154 3153 1805
f 1805 3153 1806
f 3153 3161 1806
f 1806 3161 1807
f 3099 843 3100
f 3100 843 842
f 1788 1787 3102
f 3102 1787 3112
f 2910 3115 3124
f 3124 3115 3122
f 3099 3098 3122
f 3122 3098 3124
f 416 1907 3052
f 3052 1907 3071
f 3046 3047 3163
f 3163 3047 3162
f 249 445 259
f 259 445 3164
f 425 3165 424
f 424 3165 461
f 408 410 329
f 329 410 330
f 39 331 40
f 40 331 332
f 305 304 423
f 423 304 464
f 385 254 458
f 458 254 392
f 250 415 251
f 251 415 412
f 233 337 234
f 234 337 3166
f 435 3055 1908
f 1908 3055 3072
f 443 1909 3056
f 3056 1909 3073
f 3167 3049 3057
f 3057 3049 444
f 452 3058 1332
f 1332 3058 3069
f 234 3166 346
f 346 3166 411
f 3046 3163 462
f 462 3163 3059
f 259 3164 260
f 260 3164 336
f 3047 417 3162
f 3162 417 3053
f 463 3168 434
f 434 3168 3054
f 454 830 425
f 425 830 3165
f 3062 3169 3063
f 3063 3169 3170
f 1355 1354 1534
f 1534 1354 3171
f 3063 3170 3068
f 3068 3170 3172
f 574 3061 3062
f 3062 3061 3169
f 1534 3171 1535
f 1535 3171 3173
f 3079 2873 3172
f 3172 2873 3068
f 2838 3025 2839
f 2839 3025 3174
f 3176 3177 3175
f 3175 3177 3178
f 3180 1125 3179
f 3179 1125 1128
f 3182 3183 3181
f 3181 3183 3184
f 1134 3185 1130
f 1130 3185 3182
f 3186 3187 3189
f 3189 3187 3188
f 3191 3189 3190
f 3190 3189 3188
f 1137 1122 3190
f 3190 1122 3192
f 3175 3178 3193
f 3193 3178 3194
f 3181 3184 3179
f 3179 3184 3195
f 3197 3198 3196
f 3196 3198 3180
f 3200 3178 3199
f 3199 3178 3177
f 3202 3196 3201
f 3201 3196 3195
f 3204 3184 3203
f 3203 3184 3183
f 3206 3207 3205
f 3205 3207 3186
f 3205 3186 3208
f 3208 3186 3189
f 3209 3208 3191
f 3191 3208 3189
f 3210 3194 3200
f 3200 3194 3178
f 3201 3195 3204
f 3204 3195 3184
f 3197 3211 3177
f 3177 3211 3199
f 3213 3214 3212
f 3212 3214 3215
f 3217 3218 3216
f 3216 3218 3219
f 3221 3222 3220
f 3220 3222 3223
f 3225 3226 3224
f 3224 3226 3227
f 3229 3230 3228
f 3228 3230 3231
f 3233 3234 3232
f 3232 3234 3235
f 3237 3238 3236
f 3236 3238 3239
f 3238 3240 3239
f 3239 3240 3241
f 3232 3235 3242
f 3242 3235 3243
f 3245 3246 3244
f 3244 3246 3247
f 3248 3249 3245
f 3245 3249 3246
f 3251 3252 3250
f 3250 3252 3253
f 3255 3252 3254
f 3254 3252 3251
f 3256 3257 3259
f 3259 3257 3258
f 3261 3262 3260
f 3260 3262 3263
f 3265 3263 3264
f 3264 3263 3262
f 3256 3259 3266
f 3266 3259 3267
f 3269 3270 3268
f 3268 3270 3271
f 3269 3272 3270
f 3270 3272 3273
f 3274 3275 3277
f 3277 3275 3276
f 3278 3279 3276
f 3276 3279 3277
f 3281 3282 3280
f 3280 3282 3283
f 3280 3284 3281
f 3281 3284 3285
f 3287 3288 3286
f 3286 3288 3289
f 3290 3291 3288
f 3288 3291 3289
f 3234 3218 3235
f 3235 3218 3217
f 3232 3292 3233
f 3233 3292 3293
f 3239 3294 3236
f 3236 3294 3219
f 3233 3293 3237
f 3237 3293 3295
f 3296 3294 3241
f 3241 3294 3239
f 3240 3238 3297
f 3297 3238 3298
f 3217 3216 3235
f 3235 3216 3243
f 3297 3299 3240
f 3240 3299 3242
f 3246 3300 3247
f 3247 3300 3223
f 3301 3302 3254
f 3254 3302 3244
f 3249 3303 3246
f 3246 3303 3300
f 3245 3304 3248
f 3248 3304 3292
f 3252 3221 3253
f 3253 3221 3220
f 3250 3248 3299
f 3299 3248 3292
f 3222 3221 3255
f 3255 3221 3252
f 3297 3301 3251
f 3251 3301 3254
f 3258 3214 3259
f 3259 3214 3213
f 3257 3256 3304
f 3304 3256 3305
f 3263 3306 3260
f 3260 3306 3215
f 3261 3257 3302
f 3302 3257 3304
f 3307 3306 3265
f 3265 3306 3263
f 3262 3301 3264
f 3264 3301 3308
f 3259 3213 3267
f 3267 3213 3212
f 3308 3309 3264
f 3264 3309 3266
f 3270 3310 3271
f 3271 3310 3231
f 3311 3312 3278
f 3278 3312 3268
f 3270 3273 3310
f 3310 3273 3313
f 3272 3269 3305
f 3305 3269 3314
f 3277 3229 3274
f 3274 3229 3228
f 3275 3272 3309
f 3309 3272 3305
f 3279 3230 3277
f 3277 3230 3229
f 3276 3308 3278
f 3278 3308 3311
f 3281 3315 3282
f 3282 3315 3227
f 3290 3316 3283
f 3283 3316 3317
f 3281 3285 3315
f 3315 3285 3318
f 3284 3280 3314
f 3314 3280 3319
f 3289 3225 3286
f 3286 3225 3224
f 3287 3284 3312
f 3284 3314 3312
f 3291 3226 3289
f 3289 3226 3225
f 3288 3311 3290
f 3290 3311 3316
f 3212 3215 3307
f 3307 3215 3306
f 3294 3296 3219
f 3219 3296 3216
f 3303 3220 3300
f 3300 3220 3223
f 3224 3227 3318
f 3318 3227 3315
f 3228 3231 3313
f 3313 3231 3310
f 3234 3233 3236
f 3236 3233 3237
f 3243 3241 3242
f 3242 3241 3240
f 3247 3255 3244
f 3244 3255 3254
f 3253 3249 3250
f 3250 3249 3248
f 3260 3258 3261
f 3261 3258 3257
f 3266 3267 3264
f 3264 3267 3265
f 3268 3271 3278
f 3278 3271 3279
f 3274 3273 3275
f 3275 3273 3272
f 3283 3282 3290
f 3290 3282 3291
f 3286 3285 3287
f 3287 3285 3284
f 3218 3234 3219
f 3219 3234 3236
f 3295 3298 3237
f 3237 3298 3238
f 3216 3296 3243
f 3243 3296 3241
f 3242 3299 3232
f 3232 3299 3292
f 3223 3222 3247
f 3247 3222 3255
f 3244 3302 3245
f 3245 3302 3304
f 3303 3249 3220
f 3220 3249 3253
f 3297 3251 3299
f 3299 3251 3250
f 3215 3214 3260
f 3260 3214 3258
f 3301 3262 3302
f 3302 3262 3261
f 3212 3307 3267
f 3267 3307 3265
f 3266 3309 3256
f 3256 3309 3305
f 3271 3231 3279
f 3279 3231 3230
f 3268 3312 3269
f 3269 3312 3314
f 3228 3313 3274
f 3274 3313 3273
f 3308 3276 3309
f 3309 3276 3275
f 3282 3227 3291
f 3291 3227 3226
f 3317 3319 3283
f 3283 3319 3280
f 3224 3318 3286
f 3286 3318 3285
f 3312 3311 3287
f 3311 3288 3287
f 3320 3321 3194
f 3194 3321 3193
f 1375 3321 1121
f 1121 3321 3322
f 3323 3324 3322
f 3322 3324 3192
f 3175 1124 3176
f 3176 1124 1123
f 3179 3195 3180
f 3180 3195 3196
f 3181 1131 3182
f 3182 1131 1130
f 3207 3185 3186
f 3186 3185 3187
f 1136 3188 1133
f 1133 3188 3187
f 3190 3188 1137
f 1137 3188 1136
f 3193 1159 3175
f 3175 1159 1124
f 3179 1128 3181
f 3181 1128 1131
f 1533 3198 1123
f 1123 3198 3176
f 3321 1375 3193
f 3193 1375 1159
f 3321 3320 3322
f 3322 3320 3323
f 1122 1121 3192
f 3192 1121 3322
f 3194 3210 3320
f 3320 3210 3325
f 3324 3323 3327
f 3327 3323 3326
f 3320 3325 3323
f 3323 3325 3326
f 3208 3328 3205
f 3205 3328 3329
f 3330 3206 3329
f 3329 3206 3205
f 3203 3331 3204
f 3204 3331 3332
f 3210 3333 3325
f 3325 3333 3334
f 3325 3334 3326
f 3326 3334 3335
f 3327 3326 3336
f 3336 3326 3335
f 3327 3209 3324
f 3324 3209 3191
f 3190 3192 3191
f 3191 3192 3324
f 3338 3339 3337
f 3337 3339 3340
f 3338 3341 3339
f 3339 3341 3342
f 3341 3343 3342
f 3342 3343 3344
f 3343 3345 3344
f 3344 3345 3346
f 3345 3347 3346
f 3346 3347 3348
f 3347 3349 3348
f 3348 3349 3350
f 3337 3340 3351
f 3351 3340 3352
f 3351 3352 3353
f 3353 3352 3354
f 3353 3354 3355
f 3355 3354 3356
f 3350 3349 3357
f 3357 3349 3358
f 3355 3356 3359
f 3359 3356 3360
f 3359 3360 3361
f 3361 3360 3362
f 3361 3362 3363
f 3363 3362 3364
f 3363 3364 3358
f 3358 3364 3357
f 3339 3342 3365
f 3365 3342 3366
f 3342 3344 3366
f 3366 3344 3367
f 3344 3346 3367
f 3367 3346 3368
f 3346 3348 3368
f 3368 3348 3369
f 3348 3350 3369
f 3369 3350 3370
f 3368 3369 3371
f 3371 3369 3372
f 3369 3370 3372
f 3372 3370 3373
f 3373 3374 3372
f 3372 3374 3375
f 3377 3378 3376
f 3376 3378 3379
f 3377 3375 3378
f 3378 3375 3374
f 3375 3380 3372
f 3372 3380 3371
f 3377 3381 3375
f 3375 3381 3380
f 3376 3382 3377
f 3377 3382 3381
f 3384 3385 3383
f 3383 3385 3386
f 3384 3383 3388
f 3388 3383 3387
f 3388 3387 3389
f 3389 3387 3390
f 3392 3385 3391
f 3391 3385 3384
f 3388 3393 3384
f 3384 3393 3391
f 3389 3394 3388
f 3388 3394 3393
f 3389 3395 3394
f 3394 3395 3396
f 3395 3389 3397
f 3397 3389 3390
f 3339 3365 3340
f 3340 3365 3398
f 3340 3398 3352
f 3352 3398 3399
f 3371 3400 3368
f 3368 3400 3367
f 3400 3401 3367
f 3367 3401 3366
f 3366 3401 3365
f 3365 3401 3402
f 3398 3365 3403
f 3403 3365 3402
f 3398 3403 3399
f 3399 3403 3404
f 3403 3405 3404
f 3404 3405 3406
f 3352 3399 3354
f 3354 3399 3407
f 3399 3404 3407
f 3407 3404 3408
f 3404 3406 3408
f 3408 3406 3409
f 3405 3410 3406
f 3406 3410 3411
f 3410 3412 3411
f 3411 3412 3413
f 3397 3414 3395
f 3395 3414 3415
f 3417 3415 3416
f 3416 3415 3412
f 3410 3418 3412
f 3412 3418 3416
f 3410 3405 3418
f 3418 3405 3419
f 3405 3403 3419
f 3419 3403 3402
f 3370 3350 3420
f 3420 3350 3357
f 3373 3370 3421
f 3421 3370 3420
f 3374 3373 3422
f 3422 3373 3421
f 3378 3374 3423
f 3423 3374 3422
f 3378 3423 3379
f 3379 3423 3424
f 3424 3425 3379
f 3379 3425 3386
f 3383 3426 3387
f 3387 3426 3427
f 3387 3427 3390
f 3390 3427 3428
f 3390 3428 3397
f 3397 3428 3429
f 3429 3430 3397
f 3397 3430 3414
f 3411 3413 3431
f 3431 3413 3432
f 3406 3411 3409
f 3409 3411 3431
f 3401 3400 3335
f 3335 3400 3336
f 3401 3335 3402
f 3402 3335 3334
f 3402 3334 3419
f 3419 3334 3333
f 3419 3333 3418
f 3418 3333 3433
f 3418 3433 3416
f 3416 3433 3434
f 3435 3417 3434
f 3434 3417 3416
f 3394 3396 3436
f 3436 3396 3437
f 3393 3394 3332
f 3332 3394 3436
f 3393 3332 3391
f 3391 3332 3331
f 3330 3392 3331
f 3331 3392 3391
f 3382 3329 3381
f 3381 3329 3328
f 3354 3407 3356
f 3356 3407 3438
f 3356 3438 3360
f 3360 3438 3439
f 3360 3439 3362
f 3362 3439 3440
f 3362 3440 3364
f 3364 3440 3441
f 3364 3441 3357
f 3357 3441 3420
f 3421 3420 3442
f 3442 3420 3441
f 3442 3441 3443
f 3443 3441 3440
f 3443 3440 3444
f 3444 3440 3439
f 3444 3439 3445
f 3445 3439 3438
f 3445 3438 3408
f 3408 3438 3407
f 3422 3421 3446
f 3446 3421 3442
f 3446 3442 3447
f 3447 3442 3443
f 3447 3443 3448
f 3448 3443 3444
f 3448 3444 3449
f 3449 3444 3445
f 3449 3445 3409
f 3409 3445 3408
f 3409 3431 3449
f 3449 3431 3450
f 3449 3450 3448
f 3448 3450 3451
f 3451 3452 3448
f 3448 3452 3447
f 3447 3452 3446
f 3446 3452 3453
f 3446 3453 3422
f 3422 3453 3423
f 3424 3423 3454
f 3454 3423 3453
f 3452 3455 3453
f 3453 3455 3454
f 3452 3451 3455
f 3455 3451 3456
f 3450 3457 3451
f 3451 3457 3456
f 3431 3432 3450
f 3450 3432 3457
f 3454 3458 3424
f 3424 3458 3425
f 3427 3426 3459
f 3459 3426 3460
f 3428 3427 3461
f 3461 3427 3459
f 3428 3461 3429
f 3429 3461 3462
f 3462 3463 3429
f 3429 3463 3430
f 3464 3465 3462
f 3462 3465 3463
f 3455 3466 3454
f 3454 3466 3458
f 3465 3464 3466
f 3466 3464 3467
f 3461 3459 3468
f 3468 3459 3469
f 3468 3469 3464
f 3464 3469 3467
f 3464 3462 3468
f 3468 3462 3461
f 3459 3460 3469
f 3469 3460 3467
f 3295 3351 3298
f 3298 3351 3353
f 3353 3355 3298
f 3298 3355 3297
f 3297 3355 3301
f 3301 3355 3359
f 3301 3359 3308
f 3308 3359 3361
f 3308 3361 3311
f 3311 3361 3363
f 3311 3363 3316
f 3316 3363 3358
f 3316 3358 3317
f 3317 3358 3349
f 3349 3347 3317
f 3317 3347 3319
f 3347 3345 3319
f 3319 3345 3314
f 3345 3343 3314
f 3314 3343 3305
f 3343 3341 3305
f 3305 3341 3304
f 3304 3341 3292
f 3292 3341 3338
f 3292 3338 3293
f 3293 3338 3337
f 3293 3337 3295
f 3295 3337 3351
f 3437 3202 3436
f 3436 3202 3201
f 3436 3201 3332
f 3332 3201 3204
f 3433 3200 3434
f 3434 3200 3199
f 3211 3435 3199
f 3199 3435 3434
f 3333 3210 3433
f 3433 3210 3200
f 3380 3470 3371
f 3400 3371 3336
f 3336 3371 3470
f 3381 3328 3380
f 3380 3328 3470
f 3470 3328 3209
f 3209 3328 3208
f 3336 3470 3327
f 3327 3470 3209
f 1545 1763 1546
f 1546 1763 1762
f 1403 1546 773
f 773 1546 770
f 1221 3013 1220
f 1220 3013 3471
f 1305 2877 1306
f 1306 2877 2879
f 1220 3471 828
f 828 3471 829
f 1217 1754 3472
f 3472 1754 1756
f 1049 3473 1048
f 1048 3473 3474
f 1371 1179 3473
f 3473 1179 3474
f 1074 3475 1179
f 1179 3475 3474
f 3474 3475 1048
f 1048 3475 1056
f 919 666 1345
f 1345 666 665
f 856 680 919
f 919 680 666
f 679 680 1449
f 1449 680 858
f 1367 878 1500
f 1500 878 877
f 1366 908 1367
f 1367 908 878
f 1512 916 1513
f 1513 916 915
f 947 1368 948
f 948 1368 1369
f 1047 1021 1044
f 1044 1021 1020
f 1370 1049 1019
f 1019 1049 1020
f 1173 1030 1174
f 1174 1030 1033
f 3126 1188 1464
f 1464 1188 1187
f 1800 1451 1512
f 1512 1451 916
f 1175 1174 1186
f 1186 1174 1187
f 1030 1173 1047
f 1047 1173 1021
f 1513 915 3476
f 3476 915 1481
f 1345 665 3477
f 3477 665 1483
f 1502 1501 876
f 876 1501 877
f 1205 1451 1803
f 1803 1451 1802
f 3479 2832 3478
f 3478 2832 2831
f 1449 858 2927
f 2927 858 2922
f 908 1366 947
f 947 1366 1368
f 949 948 3126
f 3126 948 1188
f 3480 3135 1502
f 1502 3135 1501
f 2927 2922 3157
f 3157 2922 3152
f 3477 1483 3479
f 3479 1483 2832
f 1803 1802 3151
f 3151 1802 3152
f 663 658 664
f 664 658 657
f 655 658 939
f 939 658 706
f 1512 870 1800
f 1800 870 869
f 875 874 876
f 876 874 873
f 849 874 905
f 905 874 958
f 949 962 946
f 946 962 961
f 978 3126 979
f 979 3126 1464
f 1031 1168 1032
f 1032 1168 1022
f 1045 1013 1046
f 1046 1013 1012
f 1045 1044 1056
f 1056 1044 1048
f 1047 1046 1030
f 1030 1046 1031
f 939 706 940
f 940 706 1450
f 979 1464 1032
f 1032 1464 1033
f 3480 1478 3476
f 3476 1478 3134
f 2829 1487 2830
f 2830 1487 1486
f 848 1230 873
f 873 1230 1479
f 867 870 933
f 933 870 1514
f 1800 869 1801
f 1801 869 1799
f 2830 1486 1325
f 1325 1486 2833
f 940 1450 2925
f 2925 1450 2928
f 946 961 907
f 907 961 958
f 959 962 977
f 977 962 978
f 3476 3134 1513
f 1513 3134 1514
f 2925 2928 3155
f 3155 2928 3158
f 1325 2833 656
f 656 2833 657
f 1801 1799 3157
f 3157 1799 3158
f 1074 1055 3475
f 3475 1055 1056
f 1371 3473 1370
f 1370 3473 1049
f 2884 615 3481
f 3481 615 618
f 3478 2831 2846
f 2846 2831 617
f 2831 1484 617
f 617 1484 618
f 1484 1487 618
f 618 1487 3481
f 2848 3481 2829
f 2829 3481 1487
f 1480 1517 1161
f 1161 1517 1162
f 3129 1323 1455
f 1455 1323 1322
f 3129 3134 1323
f 1323 3134 1478
f 1535 3173 1515
f 1515 3173 1516
f 3085 3095 3137
f 3137 3095 3094
f 3137 3094 3138
f 3138 3094 3104
f 3117 3139 3105
f 3105 3139 3106
f 1138 1141 3127
f 3127 1141 3128
f 3081 3131 1264
f 1264 3131 3130
f 1227 1226 3132
f 3132 1226 3133
f 1264 3130 1229
f 1229 3130 1322
f 1160 1501 1161
f 1161 1501 3135
f 1141 1476 3128
f 3128 1476 3136
f 1226 1163 3133
f 3133 1163 1162
f 1363 1138 1515
f 1515 1138 3127
f 3084 3095 3081
f 3081 3095 3131
f 3089 884 3105
f 3105 884 3140
f 884 883 3140
f 3140 883 3141
f 883 3482 3141
f 3141 3482 3142
f 3476 1481 3480
f 3480 1481 3135
f 1502 1479 3480
f 3480 1479 1478
f 3168 463 440
f 714 1880 715
f 715 1880 2905
f 896 732 2970
f 2970 732 731
f 1263 834 3082
f 3082 834 833
f 898 1231 853
f 853 1231 854
f 3125 890 2931
f 2931 890 889
f 1237 893 2851
f 2851 893 892
f 898 853 899
f 899 853 963
f 988 987 989
f 989 987 986
f 1002 1007 1003
f 1003 1007 1006
f 1038 1036 1007
f 1007 1036 1004
f 1070 1052 1005
f 1005 1052 1006
f 1069 1067 1070
f 1070 1067 1052
f 1130 1129 1134
f 1134 1129 1135
f 879 1167 880
f 880 1167 1166
f 1171 1169 1037
f 1037 1169 1038
f 1085 1180 1069
f 1069 1180 1067
f 1209 1210 879
f 879 1210 1167
f 2885 1215 1754
f 1754 1215 1214
f 1263 855 834
f 834 855 854
f 708 1244 1826
f 1826 1244 1243
f 2909 894 1254
f 1254 894 893
f 1228 1361 964
f 964 1361 1360
f 2908 2907 1436
f 1436 2907 1437
f 2990 1440 2991
f 2991 1440 1439
f 964 1360 965
f 965 1360 1454
f 950 1457 951
f 951 1457 1456
f 970 1463 971
f 971 1463 1462
f 1025 1169 984
f 984 1169 986
f 1084 1097 1469
f 1469 1097 1470
f 1096 1115 1474
f 1474 1115 1475
f 1140 1361 1141
f 1141 1361 1476
f 1212 1495 2828
f 2828 1495 1494
f 880 1166 1452
f 1452 1166 1499
f 715 2905 1504
f 1504 2905 2906
f 954 1519 955
f 955 1519 1518
f 1026 1520 992
f 992 1520 1518
f 1029 1520 1043
f 1043 1520 1521
f 997 1522 1040
f 1040 1522 1521
f 1015 1522 1016
f 1016 1522 1523
f 1523 996 1524
f 1524 996 1062
f 1057 1060 1525
f 1525 1060 1524
f 1094 1528 1082
f 1082 1528 1527
f 1526 1528 1089
f 1089 1528 1529
f 1090 1531 1108
f 1108 1531 1530
f 1125 1533 1126
f 1126 1533 1532
f 3483 1755 727
f 727 1755 1214
f 735 1814 707
f 707 1814 1813
f 2891 1834 1246
f 1246 1834 1243
f 2904 1881 1847
f 1847 1881 1848
f 1852 1855 1853
f 1853 1855 1858
f 1902 2903 1877
f 1877 2903 1878
f 2903 2904 1878
f 1878 2904 1847
f 714 713 1848
f 1848 713 1849
f 1440 2990 1883
f 1883 2990 2989
f 1883 2989 1852
f 1852 2989 1855
f 2895 1888 2892
f 2892 1888 1887
f 774 777 1877
f 1877 777 1903
f 1251 2835 1252
f 1252 2835 2834
f 1213 2844 1212
f 1212 2844 1495
f 2851 892 1213
f 1213 892 2844
f 3123 2911 3124
f 3124 2911 2910
f 887 2929 888
f 888 2929 889
f 1435 2963 1436
f 1436 2963 2961
f 1253 1438 1254
f 1254 1438 1437
f 2970 731 735
f 735 731 1814
f 733 732 2885
f 2885 732 1215
f 2901 2902 2976
f 2976 2902 2977
f 2975 2982 2976
f 2976 2982 2979
f 2899 2900 2981
f 2981 2900 2979
f 2899 2981 2898
f 2898 2981 2983
f 2986 2985 2984
f 2984 2985 2983
f 2897 2985 2896
f 2896 2985 2988
f 2991 1439 2987
f 2987 1439 2988
f 777 2978 1903
f 1903 2978 2977
f 1885 1888 1858
f 1858 1888 1853
f 3090 3088 836
f 836 3088 833
f 3083 3088 3097
f 3097 3088 3096
f 3097 3096 3104
f 3104 3096 3106
f 3111 3116 3108
f 3108 3116 3109
f 3112 3111 3114
f 3114 3111 3108
f 3113 3122 3114
f 3114 3122 3115
f 891 890 2837
f 2837 890 2834
f 951 1456 954
f 954 1456 1519
f 967 1457 936
f 936 1457 1454
f 971 1462 902
f 902 1462 963
f 1461 1463 988
f 988 1463 987
f 1466 1468 1474
f 1474 1468 1470
f 1089 1529 1090
f 1090 1529 1531
f 1184 1181 1469
f 1469 1181 1180
f 1082 1527 1061
f 1061 1527 1525
f 1129 1473 1135
f 1135 1473 1475
f 1108 1530 1105
f 1105 1530 1532
f 1452 1499 3132
f 3132 1499 3136
f 3109 3116 3139
f 3139 3116 3138
f 2912 2911 887
f 887 2911 2929
f 2836 2835 1497
f 1497 2835 1494
f 2913 3102 2910
f 2910 3102 3115
f 1133 3187 1134
f 1134 3187 3185
f 3177 3176 3197
f 3197 3176 3198
f 3203 3183 3206
f 3206 3183 3207
f 3196 3202 3197
f 3197 3202 3211
f 3183 3182 3207
f 3207 3182 3185
f 1125 3180 1533
f 1533 3180 3198
f 3331 3203 3330
f 3330 3203 3206
f 3376 3379 3385
f 3385 3379 3386
f 3382 3376 3392
f 3392 3376 3385
f 3412 3415 3413
f 3413 3415 3414
f 3417 3396 3415
f 3415 3396 3395
f 3383 3386 3426
f 3426 3386 3425
f 3413 3414 3432
f 3432 3414 3430
f 3437 3396 3435
f 3435 3396 3417
f 3329 3382 3330
f 3330 3382 3392
f 3426 3425 3460
f 3460 3425 3458
f 3432 3430 3457
f 3457 3430 3463
f 3457 3463 3456
f 3456 3463 3465
f 3460 3458 3467
f 3467 3458 3466
f 3466 3455 3465
f 3465 3455 3456
f 3202 3437 3211
f 3211 3437 3435
f 3104 3106 3138
f 3138 3106 3139
f 3132 3136 1227
f 1227 3136 1476
f 943 687 600
f 600 687 601
f 596 625 667
f 667 625 1297
f 687 686 601
f 601 686 653
f 1319 784 711
f 711 784 712
f 1811 607 783
f 783 607 712
f 862 921 917
f 917 921 920
f 3478 925 3479
f 3479 925 924
f 2846 926 3478
f 3478 926 925
f 659 662 929
f 929 662 930
f 856 921 857
f 857 921 1204
f 1206 864 1207
f 1207 864 863
f 2876 1219 2877
f 2877 1219 1218
f 667 1297 593
f 593 1297 1296
f 917 920 1333
f 1333 920 1346
f 686 693 653
f 653 693 930
f 1277 913 1498
f 1498 913 1207
f 592 1536 610
f 610 1536 711
f 864 1206 1805
f 1805 1206 1804
f 1317 1536 1900
f 1900 1536 1809
f 1900 1809 1295
f 1295 1809 1296
f 3479 924 3477
f 3477 924 2824
f 927 926 1203
f 1203 926 2847
f 3484 2859 3032
f 3032 2859 3033
f 3472 2878 1217
f 1217 2878 1218
f 2889 2888 2880
f 2880 2888 2881
f 2886 2883 2887
f 2887 2883 2882
f 929 928 2847
f 2847 928 1203
f 857 1204 2921
f 2921 1204 2926
f 1820 1819 2882
f 2882 1819 2881
f 1821 2883 2876
f 2876 2883 1219
f 782 2889 783
f 783 2889 2880
f 1352 3034 1353
f 1353 3034 3033
f 3031 3034 3041
f 3041 3034 3043
f 944 943 3043
f 3043 943 600
f 1339 3145 1498
f 1498 3145 3143
f 1208 882 3148
f 3148 882 3143
f 2921 2926 3151
f 3151 2926 3156
f 3477 2824 1345
f 1345 2824 1346
f 1805 1804 3154
f 3154 1804 3156
f 886 3103 883
f 883 3103 3482
f 841 1248 3485
f 3485 1248 3121
f 2811 2819 2812
f 2812 2819 2816
f 2818 2815 2817
f 2817 2815 2806
f 2817 2816 2818
f 2818 2816 2819
f 2793 2795 2819
f 2819 2795 2818
f 243 352 2793
f 2793 352 2795
f 242 353 243
f 243 353 352
f 359 191 242
f 242 191 353
f 247 192 359
f 359 192 191
f 157 193 247
f 247 193 192
f 156 194 157
f 157 194 193
f 378 261 156
f 156 261 194
f 378 381 261
f 261 381 195
f 195 381 196
f 196 381 376
f 196 376 198
f 198 376 375
f 375 1776 198
f 198 1776 197
f 1776 1767 197
f 197 1767 274
f 181 274 199
f 199 274 1767
f 568 566 564
f 564 566 563
f 568 569 566
f 566 569 567
f 501 1773 1771
f 1771 1773 578
f 547 579 1773
f 1773 579 578
f 3486 470 474
f 474 470 469
f 450 582 3487
f 3487 582 3488
f 582 583 3488
f 3488 583 3489
f 583 584 3489
f 3489 584 3490
f 3490 584 3491
f 3491 584 543
f 470 3486 466
f 466 3486 467
f 3489 3490 503
f 503 3490 504
f 503 3492 3489
f 3489 3492 3488
f 3492 503 3493
f 3493 503 502
f 3495 3492 3494
f 3494 3492 3493
f 3487 3488 3495
f 3495 3488 3492
f 468 1774 465
f 465 1774 570
f 3494 3493 1775
f 1775 3493 1771
f 3490 3491 504
f 504 3491 1772
f 3491 543 1772
f 1772 543 548
f 450 3487 474
f 474 3487 3486
f 3495 467 3487
f 3487 467 3486
f 3494 468 3495
f 3495 468 467
f 468 3494 1774
f 1774 3494 1775
f 501 1771 502
f 502 1771 3493
f 527 366 384
f 384 366 365
f 522 524 527
f 527 524 366
f 521 534 522
f 522 534 524
f 530 535 521
f 521 535 534
f 508 486 513
f 513 486 532
f 513 532 541
f 541 532 535
f 667 668 596
f 596 668 597
f 1294 1297 624
f 624 1297 625
f 603 641 604
f 604 641 640
f 1290 1293 650
f 650 1293 651
f 1758 691 660
f 660 691 661
f 602 671 599
f 599 671 670
f 654 662 690
f 690 662 661
f 2856 598 695
f 695 598 597
f 602 654 671
f 671 654 690
f 604 640 676
f 676 640 704
f 1826 1829 708
f 708 1829 709
f 1288 1284 740
f 740 1284 741
f 755 754 758
f 758 754 759
f 2853 2856 932
f 932 2856 695
f 689 691 1192
f 1192 691 1193
f 784 1319 1240
f 1240 1319 1241
f 1813 1816 1244
f 1244 1816 1245
f 754 1288 759
f 759 1288 740
f 1894 1242 1318
f 1318 1242 1241
f 2867 1348 1418
f 1418 1348 1347
f 676 704 673
f 673 704 1347
f 1284 1287 741
f 741 1287 1419
f 1421 1426 1422
f 1422 1426 1425
f 1758 660 615
f 615 660 616
f 1192 1191 1421
f 1421 1191 1426
f 2962 1839 1504
f 1504 1839 1505
f 941 1194 1759
f 1759 1194 1193
f 1287 1537 1419
f 1419 1537 1760
f 1882 2893 1823
f 1823 2893 1824
f 1886 1891 1827
f 1827 1891 1828
f 1887 1886 1834
f 1834 1886 1827
f 1841 716 1838
f 1838 716 1505
f 782 784 1850
f 1850 784 1240
f 1239 1242 1863
f 1863 1242 1864
f 1242 1894 1864
f 1864 1894 1873
f 1822 1239 1823
f 1823 1239 1863
f 1318 1317 1895
f 1895 1317 1900
f 1894 1896 1873
f 1873 1896 1897
f 1291 1896 1292
f 1292 1896 1895
f 605 1898 606
f 606 1898 1897
f 1258 1257 2854
f 2854 1257 2855
f 1257 1351 2855
f 2855 1351 2857
f 1351 1353 2857
f 2857 1353 2858
f 1353 3033 2858
f 2858 3033 2859
f 2860 2861 3036
f 3036 2861 3037
f 2862 2863 2870
f 2870 2863 3039
f 2870 2869 2862
f 2862 2869 2864
f 2868 2865 2869
f 2869 2865 2864
f 1764 2866 2868
f 2868 2866 2865
f 1537 1199 1760
f 1760 1199 1348
f 615 2884 1758
f 1758 2884 1759
f 1825 1246 2890
f 2890 1246 1245
f 2893 2892 1824
f 1824 2892 2891
f 761 2960 758
f 758 2960 2906
f 3000 2943 2940
f 2940 2943 2941
f 2968 710 2950
f 2950 710 709
f 1764 1423 2866
f 2866 1423 2953
f 1423 645 2953
f 2953 645 2954
f 645 644 2954
f 2954 644 2955
f 644 738 2955
f 2955 738 2956
f 738 764 2956
f 2956 764 2957
f 764 763 2957
f 2957 763 2958
f 763 2908 2958
f 2958 2908 2959
f 2908 1436 2959
f 2959 1436 2961
f 1837 2964 1435
f 1435 2964 2963
f 1837 2937 2964
f 2964 2937 2965
f 2936 2968 2966
f 2966 2968 2950
f 1840 2942 1838
f 1838 2942 2941
f 2939 2949 2940
f 2940 2949 3006
f 2939 2942 2966
f 2966 2942 2965
f 1822 1825 1850
f 1850 1825 2890
f 1891 3005 1828
f 1828 3005 3006
f 3035 3038 3045
f 3045 3038 3042
f 3045 3044 3035
f 3035 3044 3040
f 669 1422 3045
f 3045 1422 3044
f 599 670 3041
f 3041 670 3042
f 931 3067 932
f 932 3067 3065
f 2853 3066 2854
f 2854 3066 3076
f 3067 3496 3065
f 3065 3496 3497
f 3066 3498 3076
f 3076 3498 3499
f 707 1813 708
f 708 1813 1244
f 2960 2962 2906
f 2906 2962 1504
f 2892 1887 2891
f 2891 1887 1834
f 1839 2962 2963
f 2963 2962 2961
f 595 626 596
f 596 626 625
f 623 626 3484
f 3484 626 2859
f 1291 1290 606
f 606 1290 603
f 1290 650 603
f 603 650 641
f 641 650 642
f 642 650 649
f 2860 2863 649
f 649 2863 642
f 3036 3039 2860
f 2860 3039 2863
f 3035 3040 3036
f 3036 3040 3039
f 1294 1293 1295
f 1295 1293 1292
f 624 651 1294
f 1294 651 1293
f 623 652 624
f 624 652 651
f 3484 2861 623
f 623 2861 652
f 3032 3037 3484
f 3484 3037 2861
f 3031 3038 3032
f 3032 3038 3037
f 3481 2848 2884
f 2884 2848 942
f 2846 617 1427
f 1427 617 616
f 3049 3167 3048
f 3048 3167 3500
f 1906 3048 3070
f 3070 3048 3500
f 1337 1768 3501
f 3501 1768 3502
f 3020 3503 3021
f 3021 3503 3024
f 2914 3023 3020
f 3020 3023 3503
f 859 1770 860
f 860 1770 3504
f 1336 3505 1768
f 1768 3505 3502
f 3065 3497 3066
f 3066 3497 3498
f 2814 3075 3067
f 3067 3075 3496
f 2839 3174 766
f 766 3174 3017
f 1337 3501 1338
f 1338 3501 1769
f 767 3018 3026
f 3026 3018 3506
f 3076 3499 3064
f 3064 3499 3507
f 727 730 3483
f 3483 730 3030
f 3064 3507 2871
f 2871 3507 3077
f 3100 3160 1786
f 1786 3160 1784
f 3026 3506 752
f 752 3506 3015
f 860 3504 2923
f 2923 3504 3508
f 753 3016 3027
f 3027 3016 3509
f 3027 3509 3008
f 3008 3509 3028
f 1782 1785 1783
f 1783 1785 3022
f 2923 3508 3153
f 3153 3508 3161
f 3148 3149 1208
f 1208 3149 3150
f 1335 1328 3510
f 3510 1328 1327
f 1336 1335 3505
f 3505 1335 3510
f 866 3511 1340
f 1340 3511 3146
f 865 1808 866
f 866 1808 3511
f 842 841 3159
f 3159 841 3485
f 2849 3512 1329
f 1329 3512 1326
f 1202 1331 2849
f 2849 1331 3512
f 3514 3515 3513
f 3513 3515 3516
f 3518 3516 3517
f 3517 3516 3515
f 3519 3520 3514
f 3514 3520 3515
f 3522 3523 3521
f 3521 3523 3524
f 3526 3527 3525
f 3525 3527 3528
f 3530 3531 3529
f 3529 3531 3532
f 3534 3535 3533
f 3533 3535 3536
f 3529 3532 3537
f 3537 3532 3538
f 3537 3539 3529
f 3529 3539 3540
f 3542 3543 3541
f 3541 3543 3544
f 3546 3547 3545
f 3545 3547 3548
f 3550 3534 3549
f 3549 3534 3533
f 3550 3543 3551
f 3551 3543 3552
f 3537 3545 3539
f 3539 3545 3548
f 3553 3554 3556
f 3556 3554 3555
f 3537 3557 3545
f 3545 3557 3546
f 3558 3559 3561
f 3561 3559 3560
f 3563 3564 3562
f 3562 3564 3565
f 3564 3563 3566
f 3566 3563 3567
f 3569 3570 3568
f 3568 3570 3571
f 3573 3574 3572
f 3572 3574 3575
f 3577 3578 3576
f 3576 3578 3579
f 3581 3582 3580
f 3580 3582 3583
f 3585 3586 3584
f 3584 3586 3579
f 3586 3587 3579
f 3579 3587 3576
f 3589 3590 3588
f 3588 3590 3591
f 3592 3593 3595
f 3595 3593 3594
f 3597 3598 3596
f 3596 3598 3595
f 3583 3600 3599
f 3599 3600 3601
f 3603 3599 3602
f 3602 3599 3601
f 3605 3606 3604
f 3604 3606 3607
f 3608 3555 3596
f 3596 3555 3554
f 3597 3610 3609
f 3609 3610 3565
f 3564 3611 3565
f 3565 3611 3609
f 3611 3564 3612
f 3612 3564 3566
f 3613 3614 3569
f 3569 3614 3570
f 3615 3616 3573
f 3573 3616 3574
f 3517 3617 3518
f 3518 3617 3618
f 3620 3621 3619
f 3619 3621 3622
f 3624 3625 3623
f 3623 3625 3626
f 3628 3629 3627
f 3627 3629 3630
f 3632 3633 3631
f 3631 3633 3634
f 3636 3637 3635
f 3635 3637 3638
f 3640 3641 3639
f 3639 3641 3642
f 3643 3644 3639
f 3639 3644 3640
f 3646 3513 3645
f 3645 3513 3647
f 3648 3514 3646
f 3646 3514 3513
f 3649 3519 3648
f 3648 3519 3514
f 3650 3651 3527
f 3527 3651 3652
f 3654 3651 3653
f 3653 3651 3650
f 3568 3571 3655
f 3655 3571 3656
f 3657 3658 3653
f 3653 3658 3659
f 3661 3662 3660
f 3660 3662 3658
f 3664 3665 3663
f 3663 3665 3666
f 3667 3657 3650
f 3650 3657 3653
f 3669 3523 3668
f 3668 3523 3670
f 3672 3673 3671
f 3671 3673 3674
f 3676 3677 3675
f 3675 3677 3678
f 3671 3674 3676
f 3676 3674 3677
f 3680 3681 3679
f 3679 3681 3682
f 3683 3684 3680
f 3680 3684 3681
f 3685 3686 3661
f 3661 3686 3662
f 3686 3687 3662
f 3662 3687 3688
f 3684 3683 3689
f 3689 3683 3690
f 3692 3693 3691
f 3691 3693 3694
f 3691 3694 3695
f 3695 3694 3696
f 3698 3699 3697
f 3697 3699 3700
f 3702 3703 3701
f 3701 3703 3704
f 3705 3706 3519
f 3519 3706 3520
f 3673 3672 3707
f 3707 3672 3708
f 3709 3710 3682
f 3682 3710 3679
f 3711 3712 3692
f 3692 3712 3693
f 3714 3715 3713
f 3713 3715 3716
f 3718 3700 3717
f 3717 3700 3699
f 3720 3721 3719
f 3719 3721 3722
f 3724 3725 3723
f 3723 3725 3726
f 3727 3728 3730
f 3730 3728 3729
f 3722 3721 3731
f 3731 3721 3732
f 3697 3700 3733
f 3733 3700 3714
f 3733 3714 3734
f 3734 3714 3713
f 3721 3723 3732
f 3732 3723 3735
f 3720 3736 3724
f 3724 3736 3737
f 3700 3718 3714
f 3714 3718 3715
f 3717 3699 3738
f 3738 3699 3739
f 3536 3740 3533
f 3533 3740 3540
f 3742 3743 3741
f 3741 3743 3744
f 3746 3747 3745
f 3745 3747 3748
f 3750 3751 3749
f 3749 3751 3752
f 3627 3632 3628
f 3628 3632 3631
f 3754 3755 3753
f 3753 3755 3626
f 3562 3565 3756
f 3756 3565 3610
f 3527 3652 3528
f 3528 3652 3757
f 3758 3524 3669
f 3669 3524 3523
f 3582 3598 3583
f 3583 3598 3600
f 3759 3670 3522
f 3522 3670 3523
f 3675 3678 3760
f 3760 3678 3761
f 3762 3763 3690
f 3690 3763 3689
f 3765 3766 3764
f 3764 3766 3767
f 3768 3739 3698
f 3698 3739 3699
f 3726 3725 3770
f 3770 3725 3769
f 3645 3647 3771
f 3771 3647 3772
f 3645 3678 3646
f 3646 3678 3677
f 3646 3677 3648
f 3648 3677 3674
f 3673 3649 3674
f 3674 3649 3648
f 3707 3773 3673
f 3673 3773 3649
f 3775 3776 3774
f 3774 3776 3777
f 3779 3526 3778
f 3778 3526 3525
f 3526 3779 3667
f 3667 3779 3780
f 3780 3781 3667
f 3667 3781 3657
f 3672 3679 3708
f 3708 3679 3710
f 3671 3680 3672
f 3672 3680 3679
f 3676 3683 3671
f 3671 3683 3680
f 3675 3690 3676
f 3676 3690 3683
f 3760 3762 3675
f 3675 3762 3690
f 3682 3681 3783
f 3783 3681 3782
f 3689 3784 3684
f 3684 3784 3785
f 3684 3785 3681
f 3681 3785 3782
f 3786 3709 3783
f 3783 3709 3682
f 3784 3689 3787
f 3787 3689 3763
f 3789 3557 3788
f 3788 3557 3790
f 3792 3793 3791
f 3791 3793 3794
f 3616 3615 3795
f 3795 3615 3796
f 3797 3798 3727
f 3727 3798 3728
f 3800 3801 3799
f 3799 3801 3802
f 3803 3578 3592
f 3592 3578 3593
f 3805 3806 3804
f 3804 3806 3807
f 3599 3603 3585
f 3585 3603 3586
f 3587 3586 3604
f 3604 3586 3603
f 3588 3591 3794
f 3794 3591 3791
f 3581 3803 3582
f 3582 3803 3592
f 3594 3561 3608
f 3608 3561 3790
f 3662 3688 3808
f 3808 3688 3809
f 3665 3664 3810
f 3810 3664 3811
f 3719 3812 3720
f 3720 3812 3736
f 3717 3813 3718
f 3718 3813 3737
f 3723 3721 3724
f 3724 3721 3720
f 3813 3717 3814
f 3814 3717 3738
f 3815 3816 303
f 303 3816 304
f 3818 3819 3817
f 3817 3819 3820
f 3578 3803 3579
f 3579 3803 3584
f 3558 3593 3577
f 3577 3593 3578
f 3822 3823 3821
f 3821 3823 3824
f 3546 3826 3825
f 3825 3826 3827
f 3828 3829 3547
f 3547 3829 3541
f 3831 3542 3830
f 3830 3542 3832
f 3834 3822 3833
f 3833 3822 3821
f 3835 3836 3827
f 3827 3836 3825
f 3800 3799 3828
f 3828 3799 3829
f 3830 3832 3837
f 3837 3832 3838
f 331 330 3551
f 3551 330 3839
f 3831 333 3552
f 3552 333 332
f 3819 3797 3841
f 3841 3797 3840
f 3513 3516 3647
f 3647 3516 3746
f 337 336 3745
f 3745 336 3772
f 3525 3528 3775
f 3775 3528 3749
f 3610 3597 3554
f 3554 3597 3596
f 3706 3702 3520
f 3520 3702 3701
f 3756 3610 3553
f 3553 3610 3554
f 3757 3750 3528
f 3528 3750 3749
f 3517 3515 3701
f 3701 3515 3520
f 3842 3584 3581
f 3581 3584 3803
f 3525 3775 3778
f 3778 3775 3774
f 3638 3843 3635
f 3635 3843 3618
f 3617 3621 3618
f 3618 3621 3635
f 3617 3517 3704
f 3704 3517 3701
f 3521 3624 3522
f 3522 3624 3623
f 3749 3844 3775
f 3775 3844 3776
f 3846 3847 3845
f 3845 3847 3848
f 3843 3747 3618
f 3618 3747 3518
f 3850 3851 3849
f 3849 3851 3748
f 3853 3854 3852
f 3852 3854 3855
f 3856 3857 3622
f 3622 3857 3619
f 3859 3860 3858
f 3858 3860 3861
f 3862 3844 3752
f 3752 3844 3749
f 3863 3759 3623
f 3623 3759 3522
f 3864 3777 3630
f 3630 3777 3776
f 3713 3865 3734
f 3734 3865 3866
f 3868 3869 3867
f 3867 3869 3870
f 3872 3873 3871
f 3871 3873 3874
f 3876 3877 3875
f 3875 3877 3878
f 3879 3880 3878
f 3878 3880 3881
f 3882 3883 3885
f 3885 3883 3884
f 3780 3886 3781
f 3781 3886 3887
f 3888 3685 3869
f 3869 3685 3661
f 3880 3879 3883
f 3883 3879 3884
f 3693 3783 3694
f 3694 3783 3782
f 3696 3785 3764
f 3764 3785 3784
f 3694 3782 3696
f 3696 3782 3785
f 3693 3786 3783
f 3787 3765 3784
f 3784 3765 3764
f 386 385 3765
f 3765 385 3766
f 3695 3889 3691
f 3691 3889 3890
f 3691 3890 3692
f 3692 3890 3891
f 3892 3711 3891
f 3891 3711 3692
f 3767 3893 3695
f 3695 3893 3889
f 3766 3894 3767
f 3767 3894 3893
f 3882 3885 3895
f 3895 3885 3896
f 3898 3698 3897
f 3897 3698 3697
f 3897 3697 3899
f 3899 3697 3733
f 3899 3733 3900
f 3900 3733 3734
f 3901 3768 3898
f 3898 3768 3698
f 3901 3902 3768
f 3768 3902 3903
f 3904 3905 3907
f 3907 3905 3906
f 3869 3661 3870
f 3870 3661 3660
f 3908 3909 3896
f 3896 3909 3895
f 3909 3758 3895
f 3895 3758 3669
f 3751 3531 3752
f 3752 3531 3848
f 3858 3536 3854
f 3854 3536 3535
f 3652 3562 3757
f 3757 3562 3756
f 3651 3654 3563
f 3563 3654 3567
f 3655 3656 3808
f 3808 3656 3659
f 3530 3740 3845
f 3845 3740 3861
f 3751 3750 3556
f 3556 3750 3553
f 3817 3820 3796
f 3796 3820 3795
f 410 409 3910
f 3910 409 3855
f 3750 3757 3553
f 3553 3757 3756
f 3908 3886 3909
f 3909 3886 3780
f 409 411 3855
f 3855 411 3851
f 413 412 3760
f 3760 412 3762
f 415 414 3763
f 3763 414 3787
f 3790 3557 3538
f 3538 3557 3537
f 3555 3608 3538
f 3538 3608 3790
f 3574 3911 3575
f 3575 3911 3912
f 3535 3534 3910
f 3910 3534 3839
f 3831 3552 3542
f 3542 3552 3543
f 3534 3550 3839
f 3839 3550 3551
f 3543 3550 3544
f 3544 3550 3549
f 3913 3914 3916
f 3916 3914 3915
f 3806 3805 3589
f 3589 3805 3590
f 3849 3843 3917
f 3917 3843 3638
f 3853 3644 3859
f 3859 3644 3742
f 3747 3746 3518
f 3518 3746 3516
f 3695 3696 3767
f 3767 3696 3764
f 3903 3918 3768
f 3768 3918 3739
f 3738 3739 3816
f 3816 3739 3918
f 3919 3920 3769
f 3769 3920 3770
f 3921 3726 3922
f 3922 3726 3770
f 3678 3645 3761
f 3761 3645 3771
f 3924 3913 3923
f 3923 3913 3916
f 3802 3925 3838
f 3838 3925 3837
f 3577 3926 3558
f 3558 3926 3559
f 3815 3919 3814
f 3814 3919 3769
f 3927 3928 3822
f 3822 3928 3823
f 3829 3832 3541
f 3541 3832 3542
f 3834 3927 3822
f 3832 3829 3838
f 3838 3829 3799
f 3745 3772 3746
f 3746 3772 3647
f 3849 3748 3843
f 3843 3748 3747
f 3854 3853 3858
f 3858 3853 3859
f 3854 3535 3855
f 3855 3535 3910
f 3557 3789 3546
f 3546 3789 3826
f 3923 3823 3924
f 3924 3823 3928
f 3823 3923 3929
f 3929 3923 3930
f 3531 3751 3532
f 3532 3751 3556
f 3532 3556 3538
f 3538 3556 3555
f 3932 3634 3931
f 3931 3634 3633
f 3814 3769 3813
f 3813 3769 3725
f 3620 3636 3621
f 3621 3636 3635
f 3847 3862 3848
f 3848 3862 3752
f 3531 3530 3848
f 3848 3530 3845
f 3933 3934 3830
f 3830 3934 3831
f 3925 3933 3837
f 3837 3933 3830
f 3934 440 3831
f 3831 440 333
f 3925 3802 3833
f 3833 3802 3801
f 3776 3844 3630
f 3630 3844 3627
f 3808 3659 3662
f 3662 3659 3658
f 3667 3650 3526
f 3526 3650 3527
f 3935 3666 3936
f 3936 3666 3665
f 3718 3737 3715
f 3715 3737 3736
f 3663 3809 3664
f 3664 3809 3688
f 3807 3806 3938
f 3938 3806 3937
f 445 413 3761
f 3761 413 3760
f 3902 447 3903
f 3903 447 446
f 3897 3890 3898
f 3898 3890 3889
f 3899 3891 3897
f 3897 3891 3890
f 3898 3889 3901
f 3901 3889 3893
f 3893 3894 3901
f 3901 3894 3902
f 414 386 3787
f 3787 386 3765
f 3940 3941 3939
f 3939 3941 3942
f 3840 3797 3943
f 3943 3797 3727
f 3665 3810 3936
f 3936 3810 3944
f 3921 3735 3726
f 3726 3735 3723
f 3920 3945 3770
f 3770 3945 3922
f 3521 3524 3774
f 3774 3524 3778
f 3864 3946 3625
f 3625 3946 3947
f 3773 3705 3649
f 3649 3705 3519
f 3779 3778 3758
f 3758 3778 3524
f 3812 3716 3736
f 3736 3716 3715
f 3624 3521 3777
f 3777 3521 3774
f 3703 3856 3704
f 3704 3856 3622
f 3900 3892 3899
f 3899 3892 3891
f 3641 3917 3642
f 3642 3917 3948
f 3895 3669 3882
f 3882 3669 3668
f 3855 3851 3852
f 3852 3851 3850
f 3894 458 3902
f 3902 458 447
f 3781 3887 3660
f 3660 3887 3870
f 3570 3566 3571
f 3571 3566 3567
f 3950 3576 3949
f 3949 3576 3587
f 3605 3602 3614
f 3614 3602 3612
f 3614 3612 3570
f 3570 3612 3566
f 3571 3567 3656
f 3656 3567 3654
f 3660 3658 3781
f 3781 3658 3657
f 3604 3607 3587
f 3587 3607 3949
f 3653 3659 3654
f 3654 3659 3656
f 3529 3540 3530
f 3530 3540 3740
f 3687 3811 3688
f 3688 3811 3664
f 3813 3725 3737
f 3737 3725 3724
f 3919 3815 461
f 461 3815 303
f 3818 3798 3819
f 3819 3798 3797
f 3819 3841 3820
f 3820 3841 3951
f 3816 3815 3738
f 3738 3815 3814
f 3540 3539 3533
f 3533 3539 3549
f 3548 3547 3544
f 3544 3547 3541
f 3539 3548 3549
f 3549 3548 3544
f 3741 3931 3860
f 3860 3931 3846
f 3801 3800 3835
f 3835 3800 3836
f 3934 3933 3824
f 3824 3933 3821
f 3825 3828 3546
f 3546 3828 3547
f 3833 3821 3925
f 3925 3821 3933
f 3800 3828 3836
f 3836 3828 3825
f 3824 3952 3934
f 3934 3952 440
f 3860 3846 3861
f 3861 3846 3845
f 3629 3946 3630
f 3630 3946 3864
f 3740 3536 3861
f 3861 3536 3858
f 3833 3801 3834
f 3834 3801 3835
f 3583 3599 3580
f 3580 3599 3585
f 3651 3563 3652
f 3652 3563 3562
f 3758 3909 3779
f 3779 3909 3780
f 3621 3617 3622
f 3622 3617 3704
f 3625 3947 3626
f 3626 3947 3753
f 3633 3632 3847
f 3847 3632 3862
f 3852 3850 3640
f 3640 3850 3641
f 3644 3853 3640
f 3640 3853 3852
f 3859 3742 3860
f 3860 3742 3741
f 3632 3627 3862
f 3862 3627 3844
f 3755 3863 3626
f 3626 3863 3623
f 3917 3638 3948
f 3948 3638 3637
f 3644 3643 3742
f 3742 3643 3743
f 3931 3633 3846
f 3846 3633 3847
f 3625 3624 3864
f 3864 3624 3777
f 3917 3641 3849
f 3849 3641 3850
f 3744 3932 3741
f 3741 3932 3931
f 3903 446 3918
f 3918 446 464
f 3953 3954 3956
f 3956 3954 3955
f 3958 3959 3957
f 3957 3959 3960
f 3876 3958 3877
f 3877 3958 3957
f 3877 3957 3961
f 3961 3957 3962
f 3963 3964 3958
f 3958 3964 3959
f 3965 3966 3876
f 3876 3966 3958
f 3966 3963 3958
f 3966 3967 3963
f 3963 3967 3968
f 3878 3877 3879
f 3879 3877 3961
f 3967 3969 3968
f 3968 3969 3970
f 3969 3971 3970
f 3970 3971 3972
f 3974 3904 3973
f 3973 3904 3907
f 3971 3975 3972
f 3972 3975 3976
f 3976 3975 3978
f 3978 3975 3977
f 3979 3980 3977
f 3977 3980 3978
f 3981 3982 3979
f 3979 3982 3980
f 3983 3984 3981
f 3981 3984 3982
f 3972 3985 3970
f 3970 3985 3986
f 3871 3987 3969
f 3969 3987 3971
f 3872 3871 3967
f 3967 3871 3969
f 3965 3872 3966
f 3966 3872 3967
f 3970 3986 3968
f 3968 3986 3988
f 3879 3961 3884
f 3884 3961 3940
f 3884 3940 3885
f 3885 3940 3939
f 3989 3990 3992
f 3992 3990 3991
f 3942 3993 3995
f 3995 3993 3994
f 3994 3996 3995
f 3995 3996 3974
f 3997 3998 3994
f 3994 3998 3996
f 3999 3997 3993
f 3993 3997 3994
f 4001 3996 4000
f 4000 3996 3998
f 4000 3998 4002
f 4002 3998 4003
f 4004 4003 3997
f 3997 4003 3998
f 3997 3999 4004
f 4004 3999 4005
f 4006 3995 3973
f 3973 3995 3974
f 3939 3942 4006
f 4006 3942 3995
f 3906 3887 3907
f 3907 3887 3886
f 3887 3906 3870
f 3870 3906 3867
f 3908 3973 3886
f 3886 3973 3907
f 3865 4007 3866
f 3866 4007 4008
f 3984 3983 4009
f 4009 3983 4010
f 3961 3962 3940
f 3940 3962 3941
f 4012 3868 4011
f 4011 3868 3867
f 4013 3975 3987
f 3987 3975 3971
f 4014 3977 4013
f 4013 3977 3975
f 4015 4010 4007
f 4007 4010 3983
f 4007 3983 4008
f 4008 3983 3981
f 4008 3981 4016
f 4016 3981 3979
f 4017 3984 4018
f 4018 3984 4009
f 3977 4014 3979
f 3979 4014 4016
f 3982 3984 4019
f 4019 3984 4017
f 4021 4022 4020
f 4020 4022 4023
f 4022 4012 4023
f 4023 4012 4011
f 4023 3904 4020
f 4020 3904 3974
f 4024 4025 4018
f 4018 4025 4017
f 4026 4027 4024
f 4024 4027 4025
f 4028 4026 4029
f 4029 4026 4024
f 4018 4021 4024
f 4024 4021 4029
f 4030 4031 4026
f 4026 4031 4027
f 4032 4030 4028
f 4028 4030 4026
f 4029 4001 4028
f 4028 4001 4000
f 4028 4000 4032
f 4032 4000 4002
f 4034 4035 4033
f 4033 4035 4036
f 4037 4038 4019
f 4019 4038 4039
f 4041 4039 4040
f 4040 4039 4038
f 4040 4038 4042
f 4042 4038 4036
f 4042 4036 4043
f 4043 4036 4035
f 3985 4044 4046
f 4046 4044 4045
f 4047 4048 4045
f 4045 4048 4046
f 4047 4049 4048
f 4048 4049 4050
f 4042 4047 4040
f 4040 4047 4045
f 4043 4049 4042
f 4042 4049 4047
f 4040 4045 4041
f 4041 4045 4044
f 4052 3959 4051
f 4051 3959 3964
f 4053 4054 4051
f 4051 4054 4055
f 3956 3960 4052
f 4052 3960 3959
f 3953 3956 4056
f 4056 3956 4052
f 4058 3953 4057
f 4057 3953 4056
f 4060 4061 4059
f 4059 4061 4062
f 4063 4064 4054
f 4054 4064 4057
f 4054 4053 4063
f 4063 4053 4065
f 4066 4067 4069
f 4069 4067 4068
f 4048 4050 4063
f 4063 4050 4064
f 4063 4065 4048
f 4048 4065 4046
f 3985 4046 3986
f 3986 4046 4065
f 3986 4065 3988
f 3988 4065 4053
f 3988 4053 3964
f 3964 4053 4051
f 3976 3978 4044
f 4044 3978 4041
f 3980 3982 4039
f 4039 3982 4019
f 4039 4041 3980
f 3980 4041 3978
f 3973 3908 4006
f 4006 3908 3896
f 3885 3939 3896
f 3896 3939 4006
f 4031 4034 4027
f 4027 4034 4033
f 4027 4033 4025
f 4025 4033 4037
f 4019 4017 4037
f 4037 4017 4025
f 3993 3942 4070
f 4070 3942 3941
f 3999 3993 4071
f 4071 3993 4070
f 3999 4071 4005
f 4005 4071 4072
f 4073 4074 4076
f 4076 4074 4075
f 4078 4079 4077
f 4077 4079 4080
f 4082 4080 4081
f 4081 4080 4079
f 4084 4085 4083
f 4083 4085 4086
f 4087 4088 4090
f 4090 4088 4089
f 4092 4093 4091
f 4091 4093 4094
f 4096 4097 4095
f 4095 4097 4098
f 4100 4101 4099
f 4099 4101 4102
f 4103 4104 4106
f 4106 4104 4105
f 4108 4109 4107
f 4107 4109 4110
f 4112 4113 4111
f 4111 4113 4114
f 4116 4117 4115
f 4115 4117 4118
f 4120 4121 4119
f 4119 4121 4122
f 4123 4124 4126
f 4126 4124 4125
f 4127 4128 4130
f 4130 4128 4129
f 4132 4133 4131
f 4131 4133 4134
f 4136 4108 4135
f 4135 4108 4107
f 4138 4139 4137
f 4137 4139 4140
f 4141 4142 4088
f 4088 4142 4089
f 4144 4145 4143
f 4143 4145 4146
f 4148 4149 4147
f 4147 4149 4150
f 4152 4153 4151
f 4151 4153 4154
f 4156 4082 4155
f 4155 4082 4081
f 4157 4158 4160
f 4160 4158 4159
f 4161 4162 4164
f 4164 4162 4163
f 4166 4122 4165
f 4165 4122 4121
f 4168 4152 4167
f 4167 4152 4151
f 4169 4170 4172
f 4172 4170 4171
f 4174 4175 4173
f 4173 4175 4176
f 4178 4149 4177
f 4177 4149 4179
f 4173 4176 4180
f 4180 4176 4181
f 4156 4085 4182
f 4182 4085 4183
f 4182 4184 4156
f 4156 4184 4082
f 4185 4186 4184
f 4184 4186 4187
f 4186 4188 4187
f 4187 4188 4189
f 4190 4191 4073
f 4073 4191 4074
f 4177 4179 4158
f 4158 4179 4159
f 4193 4127 4192
f 4192 4127 4130
f 4144 4194 4151
f 4151 4194 4167
f 4196 4197 4195
f 4195 4197 4198
f 4095 4199 4096
f 4096 4199 4200
f 4201 4202 4204
f 4204 4202 4203
f 4205 4206 4208
f 4208 4206 4207
f 4121 4120 4209
f 4209 4120 4210
f 4212 4213 4211
f 4211 4213 4214
f 4216 4217 4215
f 4215 4217 4218
f 4220 4221 4219
f 4219 4221 4222
f 4224 4196 4223
f 4223 4196 4195
f 4225 4226 4134
f 4134 4226 4131
f 4228 4229 4227
f 4227 4229 4230
f 4232 4233 4231
f 4231 4233 4098
f 4235 4236 4234
f 4234 4236 4237
f 4239 4240 4238
f 4238 4240 4241
f 4242 4243 4245
f 4245 4243 4244
f 4246 4247 4249
f 4249 4247 4248
f 4251 4252 4250
f 4250 4252 4253
f 4255 4256 4254
f 4254 4256 4257
f 4259 4260 4258
f 4258 4260 4261
f 4263 4264 4262
f 4262 4264 4265
f 4267 4268 4266
f 4266 4268 4269
f 4271 4199 4270
f 4270 4199 4272
f 4273 4274 4276
f 4276 4274 4275
f 4115 4118 4277
f 4277 4118 4278
f 4280 4281 4279
f 4279 4281 4282
f 4211 4283 4212
f 4212 4283 4284
f 4286 4287 4285
f 4285 4287 4288
f 4165 4121 4289
f 4289 4121 4209
f 4291 4286 4290
f 4290 4286 4285
f 4293 4294 4292
f 4292 4294 4295
f 4297 4298 4296
f 4296 4298 4299
f 4301 4302 4300
f 4300 4302 4303
f 4299 4304 4296
f 4296 4304 4305
f 4306 4292 4307
f 4307 4292 4295
f 4307 4308 4306
f 4306 4308 4309
f 4310 4309 4075
f 4075 4309 4308
f 4299 4298 4312
f 4312 4298 4311
f 4302 4301 4293
f 4293 4301 4294
f 3735 3921 4313
f 4313 3921 4314
f 4315 4314 3922
f 3922 4314 3921
f 4316 3945 829
f 829 3945 830
f 4289 4317 4165
f 4165 4317 4318
f 4320 4321 4319
f 4319 4321 4322
f 4324 4325 4323
f 4323 4325 4326
f 4327 4328 4330
f 4330 4328 4329
f 4290 4331 4291
f 4291 4331 4332
f 4165 4318 4166
f 4166 4318 4333
f 4334 4335 4337
f 4337 4335 4336
f 4339 4340 4338
f 4338 4340 4341
f 4168 4343 4342
f 4342 4343 4344
f 4346 4347 4345
f 4345 4347 4348
f 4350 4351 4349
f 4349 4351 4352
f 4354 4355 4353
f 4353 4355 4356
f 4357 4358 4324
f 4324 4358 4325
f 4337 4359 4334
f 4334 4359 4360
f 4362 4363 4361
f 4361 4363 4364
f 4366 4367 4365
f 4365 4367 4368
f 4369 4370 4372
f 4372 4370 4371
f 4331 4290 4374
f 4374 4290 4373
f 4373 4376 4375
f 4375 4376 4377
f 4379 4380 4378
f 4378 4380 4381
f 4217 4382 4218
f 4218 4382 4383
f 4385 4386 4384
f 4384 4386 4387
f 4388 4389 4338
f 4338 4389 4390
f 4337 4336 4392
f 4392 4336 4391
f 4394 4362 4393
f 4393 4362 4361
f 4396 4397 4395
f 4395 4397 4398
f 4400 4401 4399
f 4399 4401 4402
f 4345 4403 4346
f 4346 4403 4404
f 4405 4406 4342
f 4342 4406 4407
f 4409 4410 4408
f 4408 4410 4411
f 4408 4412 4409
f 4409 4412 4413
f 4181 4415 4414
f 4414 4415 4416
f 4182 4183 4417
f 4417 4183 4418
f 4419 4353 4311
f 4311 4353 4312
f 4421 4422 4420
f 4420 4422 4423
f 4353 4356 4312
f 4312 4356 4424
f 4166 4333 4425
f 4425 4333 4426
f 4425 4143 4166
f 4166 4143 4122
f 4427 4107 4428
f 4428 4107 4110
f 4429 4430 4174
f 4174 4430 4175
f 4335 4431 4336
f 4336 4431 4390
f 4336 4390 4391
f 4391 4390 4389
f 4432 4433 4435
f 4435 4433 4434
f 4437 4438 4436
f 4436 4438 4439
f 4441 4442 4440
f 4440 4442 4443
f 4359 4444 4361
f 4361 4444 4393
f 4446 4447 4445
f 4445 4447 4448
f 4338 4341 4388
f 4388 4341 4449
f 4450 4451 4398
f 4398 4451 4395
f 4453 4454 4452
f 4452 4454 4455
f 4457 4458 4456
f 4456 4458 4459
f 4460 4461 4448
f 4448 4461 4445
f 4463 4464 4462
f 4462 4464 4465
f 4462 4465 4466
f 4466 4465 4467
f 4468 4469 4467
f 4467 4469 4466
f 4469 4468 4470
f 4470 4468 4471
f 4472 4473 4471
f 4471 4473 4470
f 4475 4476 4474
f 4474 4476 4477
f 4479 4480 4478
f 4478 4480 4481
f 4483 4484 4482
f 4482 4484 4485
f 4487 4488 4486
f 4486 4488 4489
f 4491 4492 4490
f 4490 4492 4493
f 4494 4495 4493
f 4493 4495 4490
f 4496 4497 4494
f 4494 4497 4495
f 4497 4496 4498
f 4498 4496 4499
f 4500 4501 4503
f 4503 4501 4502
f 4505 4506 4504
f 4504 4506 4507
f 4466 4508 4462
f 4462 4508 4509
f 4470 4510 4469
f 4469 4510 4511
f 4513 4479 4512
f 4512 4479 4478
f 4515 4443 4514
f 4514 4443 4442
f 4516 4517 4519
f 4519 4517 4518
f 4521 4495 4520
f 4520 4495 4497
f 4522 4490 4521
f 4521 4490 4495
f 4491 4523 4488
f 4488 4523 4524
f 4525 4489 4524
f 4524 4489 4488
f 4484 4526 4485
f 4485 4526 4527
f 4503 4528 4500
f 4500 4528 4529
f 4530 4531 4533
f 4533 4531 4532
f 4535 4506 4534
f 4534 4506 4530
f 4486 4536 4487
f 4487 4536 4537
f 4487 4537 4492
f 4492 4537 4538
f 4494 4539 4496
f 4496 4539 4540
f 4542 4533 4541
f 4541 4533 4499
f 4544 4545 4543
f 4543 4545 4546
f 4548 4549 4547
f 4547 4549 4550
f 4536 4551 4537
f 4537 4551 4552
f 4537 4552 4538
f 4538 4552 4553
f 4554 4539 4556
f 4556 4539 4555
f 4557 4540 4554
f 4554 4540 4539
f 4559 4557 4558
f 4558 4557 4560
f 4540 4557 4541
f 4541 4557 4559
f 4562 4563 4561
f 4561 4563 4564
f 4546 4565 4543
f 4543 4565 4566
f 4547 4567 4548
f 4548 4567 4568
f 4570 4571 4569
f 4569 4571 4572
f 4574 4575 4573
f 4573 4575 4576
f 4578 4579 4577
f 4577 4579 4580
f 4582 4583 4581
f 4581 4583 4584
f 4585 4586 4588
f 4588 4586 4587
f 4589 4585 4590
f 4590 4585 4588
f 4592 4593 4591
f 4591 4593 4594
f 4596 4597 4595
f 4595 4597 4598
f 4600 4601 4599
f 4599 4601 4602
f 4563 4604 4603
f 4603 4604 4605
f 4603 4606 4608
f 4608 4606 4607
f 4609 4610 4594
f 4594 4610 4591
f 4611 4612 4614
f 4614 4612 4613
f 4616 4617 4615
f 4615 4617 4618
f 4602 4620 4619
f 4619 4620 4621
f 4619 4622 4602
f 4602 4622 4599
f 4605 4599 4623
f 4623 4599 4622
f 4605 4623 4603
f 4603 4623 4606
f 4625 4626 4624
f 4624 4626 4627
f 4438 4437 4628
f 4628 4437 4629
f 4442 4441 4630
f 4630 4441 4631
f 4630 4632 4442
f 4442 4632 4514
f 4633 4634 4529
f 4529 4634 4500
f 4500 4634 4501
f 4501 4634 4635
f 4637 4546 4636
f 4636 4546 4545
f 4639 4565 4638
f 4638 4565 4640
f 4573 4576 4641
f 4641 4576 4642
f 4593 4643 4594
f 4594 4643 4644
f 4645 4609 4644
f 4644 4609 4594
f 4647 4648 4646
f 4646 4648 4649
f 4651 4652 4650
f 4650 4652 4653
f 4654 4498 4519
f 4519 4498 4532
f 4520 4508 4521
f 4521 4508 4511
f 4522 4510 4523
f 4523 4510 4655
f 4524 4656 4525
f 4525 4656 4657
f 4514 4529 4515
f 4515 4529 4528
f 4658 4659 4661
f 4661 4659 4660
f 4496 4540 4499
f 4499 4540 4541
f 4493 4555 4494
f 4494 4555 4539
f 4549 4483 4550
f 4550 4483 4482
f 4545 4544 4501
f 4501 4544 4502
f 4636 4545 4635
f 4635 4545 4501
f 4589 4663 4662
f 4662 4663 4664
f 4662 4665 4558
f 4558 4665 4559
f 4569 4586 4570
f 4570 4586 4560
f 4552 4666 4553
f 4553 4666 4667
f 4668 4669 4670
f 4670 4669 4666
f 4672 4673 4671
f 4671 4673 4674
f 4287 4675 4288
f 4288 4675 4676
f 4678 4679 4677
f 4677 4679 4680
f 4681 4678 4682
f 4682 4678 4677
f 4682 4683 4681
f 4681 4683 4684
f 4161 4164 4685
f 4685 4164 4686
f 4414 4687 4689
f 4689 4687 4688
f 4405 4690 4346
f 4346 4690 4347
f 4691 4399 4693
f 4693 4399 4692
f 1209 4694 4365
f 4365 4694 4366
f 4650 1211 4651
f 4651 1211 1210
f 4695 4696 4255
f 4255 4696 4256
f 4697 4698 4218
f 4218 4698 4215
f 4700 4701 4699
f 4699 4701 4702
f 4703 4704 4303
f 4303 4704 4300
f 4315 3922 4316
f 4316 3922 3945
f 4653 4706 4705
f 4705 4706 4707
f 4709 4710 4708
f 4708 4710 4711
f 4335 4334 4713
f 4713 4334 4712
f 4714 4340 4321
f 4321 4340 4322
f 4716 4717 4715
f 4715 4717 4718
f 4238 4241 4719
f 4719 4241 4720
f 4231 4721 4307
f 4307 4721 4308
f 4723 4724 4722
f 4722 4724 4725
f 4727 4728 4726
f 4726 4728 4729
f 4730 4731 4327
f 4327 4731 4328
f 4733 4734 4732
f 4732 4734 4735
f 4720 4381 4736
f 4736 4381 4737
f 4738 4739 4741
f 4741 4739 4740
f 4743 4744 4742
f 4742 4744 4745
f 4338 4390 4339
f 4339 4390 4431
f 4746 4747 4431
f 4431 4747 4339
f 4291 4332 4289
f 4289 4332 4317
f 4289 4209 4291
f 4291 4209 4286
f 4287 4286 4210
f 4210 4286 4209
f 4749 4750 4748
f 4748 4750 4751
f 4212 4284 4752
f 4752 4284 4753
f 4752 4754 4212
f 4212 4754 4213
f 4252 4251 4225
f 4225 4251 4226
f 4227 4230 4248
f 4248 4230 4249
f 4205 4755 4757
f 4757 4755 4756
f 4708 4711 4758
f 4758 4711 4647
f 4367 4366 4759
f 4759 4366 4760
f 4526 4513 4527
f 4527 4513 4512
f 4420 4423 4385
f 4385 4423 4386
f 4705 4761 4653
f 4653 4761 4650
f 4761 1279 4650
f 4650 1279 1211
f 4762 4763 3944
f 3944 4763 3936
f 4274 4273 4765
f 4765 4273 4764
f 4767 4768 4766
f 4766 4768 4769
f 4770 4771 4769
f 4769 4771 4766
f 4771 4770 4242
f 4242 4770 4243
f 4093 4163 4094
f 4094 4163 4162
f 4772 4773 4775
f 4775 4773 4774
f 4777 4778 4776
f 4776 4778 4779
f 4417 4185 4182
f 4182 4185 4184
f 4780 4078 4781
f 4781 4078 4077
f 4781 4077 4782
f 4782 4077 4189
f 4188 4783 4189
f 4189 4783 4782
f 4295 4232 4307
f 4307 4232 4231
f 4785 4786 4784
f 4784 4786 4787
f 4784 1307 4785
f 4785 1307 1306
f 4078 4780 4096
f 4096 4780 4097
f 4075 4074 4310
f 4310 4074 4788
f 4788 4074 4789
f 4789 4074 4191
f 4789 4191 4059
f 4059 4191 4790
f 4791 4277 4792
f 4792 4277 4278
f 3732 3735 4793
f 4793 3735 4313
f 4793 4794 3732
f 3732 4794 3731
f 4792 4795 4791
f 4791 4795 4796
f 4797 4798 4799
f 4799 4798 4724
f 4763 4800 3936
f 3936 4800 3935
f 4801 4062 3729
f 3729 4062 3730
f 4713 4712 4802
f 4802 4712 4803
f 4146 4804 4119
f 4119 4804 4805
f 4498 4654 4497
f 4497 4654 4520
f 4806 4807 1326
f 1326 4807 1327
f 4689 4688 1330
f 1330 4688 1331
f 4801 4789 4062
f 4062 4789 4059
f 3730 4062 4808
f 4808 4062 4061
f 4810 4811 4809
f 4809 4811 4812
f 4813 4403 4814
f 4814 4403 4345
f 4815 4816 4349
f 4349 4816 4350
f 4817 4818 4820
f 4820 4818 4819
f 4406 4821 4407
f 4407 4821 4822
f 4823 4161 4824
f 4824 4161 4685
f 4181 4414 4825
f 4825 4414 4689
f 4741 4740 4826
f 4826 4740 4827
f 4828 4829 4827
f 4827 4829 4826
f 4142 4141 4415
f 4415 4141 4148
f 4830 1354 4761
f 4761 1354 1279
f 4832 4833 4831
f 4831 4833 4834
f 4835 4836 4626
f 4626 4836 4421
f 4451 4709 4395
f 4395 4709 4708
f 4627 4420 4837
f 4837 4420 4385
f 4837 1365 4838
f 4838 1365 1364
f 4397 4396 4839
f 4839 4396 4840
f 4842 4628 4841
f 4841 4628 4629
f 4671 4674 4631
f 4631 4674 4630
f 4674 4659 4630
f 4630 4659 4632
f 4633 4632 4658
f 4658 4632 4659
f 4658 4504 4633
f 4633 4504 4634
f 4635 4634 4507
f 4507 4634 4504
f 4843 4636 4507
f 4507 4636 4635
f 4844 4637 4843
f 4843 4637 4636
f 4637 4844 4640
f 4640 4844 4664
f 4638 4663 4642
f 4642 4663 4845
f 4847 4643 4846
f 4846 4643 4641
f 4644 4848 4645
f 4645 4848 4849
f 4851 4852 4850
f 4850 4852 4853
f 4855 4856 4854
f 4854 4856 4857
f 4859 4860 4858
f 4858 4860 4857
f 4715 4718 4859
f 4859 4718 4860
f 4862 4863 4861
f 4861 4863 4864
f 4866 4867 4865
f 4865 4867 4868
f 4870 4871 4869
f 4869 4871 4872
f 4869 4872 4116
f 4116 4872 4117
f 4820 4819 4874
f 4874 4819 4873
f 4876 4877 4875
f 4875 4877 4878
f 4880 4881 4879
f 4879 4881 4882
f 4884 4885 4883
f 4883 4885 4886
f 4887 4888 4280
f 4280 4888 4281
f 4818 4817 4889
f 4889 4817 4890
f 4891 4193 4823
f 4823 4193 4192
f 4892 4893 4228
f 4228 4893 4229
f 4158 4157 4894
f 4894 4157 4895
f 4896 4897 4132
f 4132 4897 4133
f 4099 4683 4100
f 4100 4683 4682
f 4101 4100 4899
f 4899 4100 4898
f 4150 4106 4147
f 4147 4106 4900
f 4100 4682 4898
f 4898 4682 4677
f 4080 4082 4187
f 4187 4082 4184
f 4077 4080 4189
f 4189 4080 4187
f 4191 4190 4790
f 4790 4190 4901
f 4177 4158 4680
f 4680 4158 4894
f 4108 4136 4752
f 4752 4136 4754
f 4752 4753 4108
f 4108 4753 4109
f 4817 4902 4890
f 4890 4902 4903
f 4904 4905 4907
f 4907 4905 4906
f 4909 4910 4908
f 4908 4910 4911
f 4913 4914 4912
f 4912 4914 4915
f 4916 4917 4919
f 4919 4917 4918
f 4312 4424 4299
f 4299 4424 4304
f 4920 4921 4297
f 4297 4921 4298
f 4194 4922 4167
f 4167 4922 4923
f 4924 4400 4691
f 4691 4400 4399
f 4395 4708 4396
f 4396 4708 4758
f 4367 4925 4368
f 4368 4925 4926
f 4919 4918 4873
f 4873 4918 4874
f 4836 4927 4421
f 4421 4927 4422
f 4921 4928 4298
f 4298 4928 4311
f 4143 4146 4122
f 4122 4146 4119
f 4929 4930 4455
f 4455 4930 4452
f 4932 4933 4931
f 4931 4933 4934
f 4935 4936 4932
f 4932 4936 4933
f 4461 4460 4457
f 4457 4460 4458
f 4480 4479 4475
f 4475 4479 4476
f 4660 4673 4517
f 4517 4673 4937
f 4661 4505 4658
f 4658 4505 4504
f 4484 4483 4489
f 4489 4483 4486
f 4462 4509 4463
f 4463 4509 4518
f 4469 4511 4466
f 4466 4511 4508
f 4655 4473 4656
f 4656 4473 4477
f 4476 4657 4477
f 4477 4657 4656
f 4479 4513 4476
f 4476 4513 4657
f 4489 4525 4484
f 4484 4525 4526
f 4483 4549 4486
f 4486 4549 4536
f 4549 4548 4536
f 4536 4548 4551
f 4548 4568 4551
f 4551 4568 4670
f 4663 4589 4845
f 4845 4589 4590
f 4668 4577 4938
f 4938 4577 4580
f 4940 4938 4939
f 4939 4938 4941
f 4940 4942 4669
f 4669 4942 4943
f 4587 4582 4944
f 4944 4582 4581
f 4848 4847 4608
f 4608 4847 4564
f 4616 4945 4613
f 4613 4945 4598
f 4615 4946 4616
f 4616 4946 4945
f 4947 4939 4948
f 4948 4939 4946
f 4599 4605 4600
f 4600 4605 4604
f 4608 4607 4848
f 4848 4607 4849
f 4613 4612 4616
f 4616 4612 4617
f 4835 4949 4709
f 4709 4949 4710
f 4357 1477 4837
f 4837 1477 1365
f 4712 4950 4803
f 4803 4950 4951
f 4401 4952 4402
f 4402 4952 4953
f 4759 4760 4402
f 4402 4760 4399
f 4508 4520 4509
f 4509 4520 4654
f 4510 4522 4511
f 4511 4522 4521
f 4513 4526 4657
f 4657 4526 4525
f 4632 4633 4514
f 4514 4633 4529
f 4931 4934 4453
f 4453 4934 4454
f 4153 4954 4154
f 4154 4954 4955
f 4957 4958 4956
f 4956 4958 4959
f 4961 4962 4960
f 4960 4962 4963
f 4120 4964 4210
f 4210 4964 4965
f 4967 4968 4966
f 4966 4968 4969
f 4349 4692 4815
f 4815 4692 4970
f 4652 4971 4653
f 4653 4971 4706
f 4758 4647 4972
f 4972 4647 4646
f 4973 4363 4646
f 4646 4363 4972
f 4950 4360 4974
f 4974 4360 4364
f 4431 4335 4746
f 4746 4335 4713
f 4358 4714 4325
f 4325 4714 4321
f 4765 4764 4266
f 4266 4764 4975
f 4202 4976 4203
f 4203 4976 4977
f 4917 4978 4918
f 4918 4978 4979
f 4279 4282 4854
f 4854 4282 4269
f 4820 4880 4817
f 4817 4880 4902
f 4890 4903 4980
f 4980 4903 4886
f 4982 4983 4981
f 4981 4983 4123
f 4795 4851 4796
f 4796 4851 4850
f 4918 4979 4874
f 4874 4979 4881
f 4809 4404 4810
f 4810 4404 4403
f 4354 4985 4984
f 4984 4985 4986
f 1364 1516 4838
f 4838 1516 4987
f 4759 4988 4367
f 4367 4988 4925
f 4989 4990 4481
f 4481 4990 4478
f 4443 4515 4990
f 4990 4515 4991
f 4527 4512 4992
f 4992 4512 4991
f 4528 4503 4992
f 4992 4503 4993
f 4993 4994 4485
f 4485 4994 4482
f 4544 4995 4502
f 4502 4995 4994
f 4995 4996 4550
f 4550 4996 4547
f 4998 4999 4997
f 4997 4999 4566
f 4998 5000 4578
f 4578 5000 4579
f 5001 5002 4596
f 4596 5002 4597
f 5003 4591 5004
f 5004 4591 4610
f 4626 4421 4627
f 4627 4421 4420
f 4837 4838 4627
f 4627 4838 4624
f 4761 4705 4830
f 4830 4705 5005
f 4705 4707 5005
f 5005 4707 5006
f 4308 4721 4075
f 4075 4721 4076
f 5007 4200 4797
f 4797 4200 4798
f 4685 4686 5008
f 5008 4686 5009
f 4889 4890 5010
f 5010 4890 4980
f 4323 1541 4324
f 4324 1541 1540
f 4385 4384 4358
f 4358 4384 4714
f 4396 4758 4840
f 4840 4758 4972
f 4866 4852 5011
f 5011 4852 5012
f 5013 4260 4980
f 4980 4260 5010
f 4875 4878 5014
f 5014 4878 5015
f 5017 5018 5016
f 5016 5018 5019
f 5016 5019 5020
f 5020 5019 5021
f 5023 5024 5022
f 5022 5024 5025
f 5027 5028 5026
f 5026 5028 5029
f 5031 5032 5030
f 5030 5032 5033
f 5035 5036 5034
f 5034 5036 5037
f 5039 5040 5038
f 5038 5040 5041
f 5043 5044 5042
f 5042 5044 5045
f 5038 5046 5039
f 5039 5046 5047
f 5049 5050 5048
f 5048 5050 5051
f 5053 5054 5052
f 5052 5054 5055
f 5057 5024 5056
f 5056 5024 5058
f 5060 5061 5059
f 5059 5061 5062
f 5064 5065 5063
f 5063 5065 5066
f 5043 5050 5064
f 5064 5050 5065
f 5038 5041 5067
f 5067 5041 5068
f 5070 5071 5069
f 5069 5071 5072
f 5074 5075 5073
f 5073 5075 5076
f 5034 5077 5035
f 5035 5077 5078
f 5080 5081 5079
f 5079 5081 5082
f 5084 5085 5083
f 5083 5085 5086
f 5085 5084 5087
f 5087 5084 5088
f 5090 5091 5089
f 5089 5091 5092
f 5094 5095 5093
f 5093 5095 5096
f 5098 5099 5097
f 5097 5099 5100
f 5102 5103 5101
f 5101 5103 5104
f 5105 5106 5108
f 5108 5106 5107
f 5110 5111 5109
f 5109 5111 5112
f 5114 5094 5113
f 5113 5094 5093
f 5116 5117 5115
f 5115 5117 5118
f 5120 5121 5119
f 5119 5121 5122
f 5124 5125 5123
f 5123 5125 5126
f 5128 5129 5127
f 5127 5129 5130
f 5097 5131 5098
f 5098 5131 5132
f 5134 5135 5133
f 5133 5135 5122
f 5084 5125 5088
f 5088 5125 5136
f 5138 5139 5137
f 5137 5139 5140
f 5142 5102 5141
f 5141 5102 5101
f 5106 5143 5107
f 5107 5143 5144
f 5146 5147 5145
f 5145 5147 5148
f 5149 5150 5109
f 5109 5150 5110
f 5151 5110 5152
f 5152 5110 5150
f 4715 5140 4716
f 4716 5140 5139
f 5143 4870 5144
f 5144 4870 4869
f 4115 5146 4116
f 4116 5146 5145
f 4791 4796 5149
f 5149 4796 5150
f 4796 4850 5150
f 5150 4850 5152
f 4858 5142 4859
f 4859 5142 5141
f 5153 5154 5115
f 5115 5154 5105
f 5156 5157 5155
f 5155 5157 5158
f 5159 5160 5053
f 5053 5160 5054
f 5161 5162 5020
f 5020 5162 5068
f 5026 5029 5163
f 5163 5029 5021
f 5083 5086 5164
f 5164 5086 5165
f 5090 5167 5166
f 5166 5167 5168
f 5169 5170 5172
f 5172 5170 5171
f 5174 5175 5173
f 5173 5175 5176
f 5177 5109 5178
f 5178 5109 5112
f 5179 5180 5182
f 5182 5180 5181
f 5123 5126 5120
f 5120 5126 5121
f 5180 5167 5181
f 5181 5167 5183
f 5184 5185 5179
f 5179 5185 5180
f 5186 5149 5177
f 5177 5149 5109
f 4868 5184 4865
f 4865 5184 5179
f 5188 5189 5187
f 5187 5189 5190
f 4277 4791 5186
f 5186 4791 5149
f 5179 5182 4865
f 4865 5182 4853
f 5189 4862 5190
f 5190 4862 4861
f 5156 5075 5191
f 5191 5075 5192
f 5036 5035 5193
f 5193 5035 5194
f 5115 5118 5153
f 5153 5118 5195
f 5022 5025 5196
f 5196 5025 5197
f 5155 5158 5069
f 5069 5158 5062
f 5063 5066 5198
f 5198 5066 5199
f 5073 5076 5200
f 5200 5076 5072
f 5202 5131 5201
f 5201 5131 5203
f 5143 5106 5204
f 5204 5106 5205
f 5114 5113 5206
f 5206 5113 5127
f 5098 5132 5193
f 5193 5132 5195
f 5204 5207 5143
f 5143 5207 4870
f 5088 5136 5208
f 5208 5136 5092
f 5209 5210 5089
f 5089 5210 5183
f 5211 5018 5060
f 5060 5018 5061
f 5017 5040 5070
f 5070 5040 5071
f 5191 5160 5156
f 5156 5160 5157
f 5048 5028 5049
f 5049 5028 5058
f 5207 5204 4858
f 4858 5204 5142
f 4859 5141 4715
f 4715 5141 5140
f 5212 5162 5042
f 5042 5162 5051
f 5182 5152 4853
f 4853 5152 4850
f 5214 5134 5213
f 5213 5134 5133
f 5164 5165 5133
f 5133 5165 5213
f 5215 5216 5201
f 5201 5216 5217
f 5147 5218 5148
f 5148 5218 5219
f 5147 5177 5218
f 5218 5177 5178
f 5141 5101 5140
f 5140 5101 5137
f 5201 5217 5202
f 5202 5217 5104
f 5146 5186 5147
f 5147 5186 5177
f 4277 5186 4115
f 4115 5186 5146
f 5191 5192 5031
f 5031 5192 5032
f 5052 5055 5220
f 5220 5055 5197
f 4116 5145 4869
f 4869 5145 5144
f 5034 5037 5214
f 5214 5037 5134
f 5097 5100 5114
f 5114 5100 5094
f 5108 5107 5219
f 5219 5107 5148
f 5221 5135 5116
f 5116 5135 5117
f 5124 5111 5209
f 5209 5111 5210
f 5107 5144 5148
f 5148 5144 5145
f 5152 5182 5151
f 5151 5182 5181
f 5208 5222 5088
f 5088 5222 5087
f 5222 5208 5171
f 5171 5208 5172
f 5223 1756 4698
f 4698 1756 1755
f 4427 5224 4107
f 4107 5224 4135
f 4178 4679 5225
f 5225 4679 5226
f 5227 5228 4892
f 4892 5228 4893
f 5229 5230 4171
f 4171 5230 4172
f 4855 4268 4884
f 4884 4268 4885
f 4884 4871 4855
f 4855 4871 4856
f 4684 5231 4896
f 4896 5231 4897
f 4768 4767 5009
f 5009 4767 5008
f 5205 5154 5102
f 5102 5154 5103
f 5099 5098 5194
f 5194 5098 5193
f 5198 5199 5079
f 5079 5199 5033
f 5102 5142 5205
f 5205 5142 5204
f 5224 4427 4681
f 4681 4427 4678
f 3712 3711 5232
f 5232 3711 5233
f 3968 3988 3963
f 3963 3988 3964
f 3976 4044 3972
f 3972 4044 3985
f 4038 4037 4036
f 4036 4037 4033
f 4794 4762 3731
f 3731 4762 3944
f 3731 3944 3722
f 3722 3944 3810
f 3874 5234 5232
f 5232 5234 3712
f 3906 3905 3867
f 3867 3905 4011
f 3904 4023 3905
f 3905 4023 4011
f 3719 3722 3811
f 3811 3722 3810
f 3812 3719 3687
f 3687 3719 3811
f 3716 3812 3686
f 3686 3812 3687
f 3713 3716 3685
f 3685 3716 3686
f 4810 4403 5235
f 5235 4403 4813
f 4345 1770 4814
f 4814 1770 1769
f 4067 4066 4058
f 4058 4066 5236
f 4043 4068 4049
f 4049 4068 4050
f 4034 5237 3989
f 3989 5237 3990
f 4031 4030 4072
f 4072 4030 4005
f 4003 4004 4002
f 4002 4004 4032
f 4004 4005 4032
f 4032 4005 4030
f 4067 4064 4068
f 4068 4064 4050
f 4058 4057 4067
f 4067 4057 4064
f 4035 4034 5238
f 5238 4034 3989
f 5236 5239 4058
f 4058 5239 5240
f 5234 3874 5241
f 5241 3874 3873
f 5241 3873 3881
f 3881 3873 3878
f 4800 4763 4788
f 4788 4763 4310
f 4763 4762 4310
f 4310 4762 4309
f 4762 4794 4309
f 4309 4794 4306
f 4794 4793 4306
f 4306 4793 4292
f 4293 4313 4302
f 4302 4313 4314
f 4302 4314 4303
f 4303 4314 4315
f 4303 4315 4703
f 4703 4315 4316
f 4035 4069 4043
f 4043 4069 4068
f 4324 1540 4357
f 4357 1540 1477
f 5232 3987 3874
f 3874 3987 3871
f 3987 5232 4013
f 4013 5232 5233
f 4013 5233 4014
f 4014 5233 5242
f 3888 4015 3865
f 3865 4015 4007
f 3866 4008 5243
f 5243 4008 4016
f 3873 5244 3878
f 3878 5244 3875
f 3965 5244 3872
f 3872 5244 3873
f 3876 3875 3965
f 3965 3875 5244
f 5243 4016 5242
f 5242 4016 4014
f 5246 5247 5245
f 5245 5247 5248
f 3576 3950 3577
f 3577 3950 3926
f 3584 3842 3585
f 3585 3842 3580
f 5249 5247 1784
f 1784 5247 1785
f 5250 5251 5253
f 5253 5251 5252
f 5255 5252 5254
f 5254 5252 5256
f 5254 5256 5258
f 5258 5256 5257
f 5258 5257 5260
f 5260 5257 5259
f 4356 5261 4424
f 4424 5261 5259
f 4355 5262 4356
f 4356 5262 5261
f 4924 5264 5263
f 5263 5264 5265
f 4693 5266 4691
f 4691 5266 5267
f 4351 5268 4352
f 4352 5268 5269
f 1808 1807 4351
f 4351 1807 5268
f 3580 3842 3581
f 3799 3802 3838
f 4800 4788 4801
f 4801 4788 4789
f 3729 3935 4801
f 4801 3935 4800
f 3728 3666 3729
f 3729 3666 3935
f 3728 3798 3666
f 3666 3798 3663
f 3798 3818 3663
f 3663 3818 3809
f 3818 3817 3809
f 3809 3817 3808
f 3796 3655 3817
f 3817 3655 3808
f 3615 3568 3796
f 3796 3568 3655
f 3573 3569 3615
f 3615 3569 3568
f 3572 3613 3573
f 3573 3613 3569
f 3792 3606 3572
f 3572 3606 3613
f 3607 3791 3949
f 3949 3791 3591
f 3590 3950 3591
f 3591 3950 3949
f 3805 3926 3590
f 3590 3926 3950
f 3804 3559 3805
f 3805 3559 3926
f 3804 3914 3559
f 3559 3914 3560
f 3924 3789 3913
f 3913 3789 3788
f 3924 3928 3789
f 3789 3928 3826
f 3928 3927 3826
f 3826 3927 3827
f 3927 3834 3827
f 3827 3834 3835
f 4079 4078 5270
f 5270 4078 5007
f 5271 5272 4233
f 4233 5272 5273
f 5275 5276 5274
f 5274 5276 5277
f 5278 5279 4236
f 4236 5279 4237
f 5278 5280 5271
f 5271 5280 5272
f 4235 5281 4236
f 4236 5281 5282
f 5284 5285 5283
f 5283 5285 5286
f 5288 5289 5287
f 5287 5289 5290
f 5292 5293 5291
f 5291 5293 5294
f 5287 5290 4726
f 4726 5290 5295
f 4293 4292 4313
f 4313 4292 4793
f 4720 4736 4719
f 4719 4736 5296
f 5297 4909 5298
f 5298 4909 4908
f 5299 5300 4976
f 4976 5300 5301
f 5302 4202 5303
f 5303 4202 4201
f 5304 5305 4983
f 4983 5305 5306
f 5308 5309 5307
f 5307 5309 5310
f 4722 4725 5283
f 5283 4725 5311
f 5291 5294 4125
f 4125 5294 4126
f 5313 5314 5312
f 5312 5314 5315
f 5316 5317 5319
f 5319 5317 5318
f 5321 5308 5320
f 5320 5308 5307
f 4819 4981 4873
f 4873 4981 5322
f 4981 4123 5322
f 5322 4123 4126
f 5324 5325 5323
f 5323 5325 5326
f 4764 5327 4975
f 4975 5327 5328
f 4172 5327 4169
f 4169 5327 5329
f 4768 4171 4769
f 4769 4171 4170
f 4243 4755 4244
f 4244 4755 5330
f 4755 4205 5330
f 5330 4205 4208
f 4206 4906 4207
f 4207 4906 4905
f 4686 5014 5009
f 5009 5014 5229
f 4756 4770 4170
f 4170 4770 4769
f 4170 4169 4756
f 4756 4169 4757
f 4273 5329 4764
f 4764 5329 5327
f 4276 5331 4273
f 4273 5331 5329
f 4770 4756 4243
f 4243 4756 4755
f 5333 4889 5332
f 5332 4889 5010
f 4877 5332 4878
f 4878 5332 4259
f 4875 4164 4876
f 4876 4164 4163
f 5334 5335 5324
f 5324 5335 5325
f 4983 5306 4123
f 4123 5306 4124
f 4818 4982 4819
f 4819 4982 4981
f 5332 5010 4259
f 4259 5010 4260
f 5014 4686 4875
f 4875 4686 4164
f 4171 4768 5229
f 5229 4768 5009
f 5337 4916 5336
f 5336 4916 4919
f 5293 5337 5294
f 5294 5337 5336
f 4982 4818 5333
f 5333 4818 4889
f 5338 5339 4262
f 4262 5339 5340
f 5307 5310 5338
f 5338 5310 5339
f 5341 5342 4204
f 4204 5342 5309
f 5336 4919 5322
f 5322 4919 4873
f 5294 5336 4126
f 4126 5336 5322
f 5323 5326 5343
f 5343 5326 5286
f 4914 5344 4915
f 4915 5344 5345
f 5312 5315 5344
f 5344 5315 5345
f 5347 5348 5346
f 5346 5348 5349
f 5350 5351 4832
f 4832 5351 4833
f 5352 5353 5349
f 5349 5353 5346
f 5354 5338 4265
f 4265 5338 4262
f 5320 5307 5354
f 5354 5307 5338
f 4201 5308 5303
f 5303 5308 5321
f 5356 5357 5355
f 5355 5357 4799
f 5358 5359 5334
f 5334 5359 5335
f 5358 5360 4093
f 4093 5360 4163
f 5360 5305 4163
f 4163 5305 4876
f 5305 5304 4876
f 4876 5304 4877
f 5270 4778 4079
f 4079 4778 4081
f 4779 5361 4774
f 4774 5361 5357
f 5356 5359 4775
f 4775 5359 4092
f 5333 5304 4982
f 4982 5304 4983
f 5332 4877 5333
f 5333 4877 5304
f 5015 4258 5230
f 5230 4258 5328
f 5327 4172 5328
f 5328 4172 5230
f 4169 5329 4757
f 4757 5329 5331
f 4757 5331 4205
f 4205 5331 4206
f 5331 4276 4206
f 4206 4276 4906
f 4276 4275 4906
f 4906 4275 4907
f 4275 4888 4907
f 4907 4888 4744
f 4887 4717 4745
f 4745 4717 4864
f 4716 5139 4861
f 4861 5139 5190
f 5139 5138 5190
f 5190 5138 5187
f 5138 5216 5187
f 5187 5216 5176
f 5215 5362 5173
f 5173 5362 5130
f 5364 5365 5363
f 5363 5365 5340
f 4742 4863 5366
f 5366 4863 4867
f 4862 5189 4868
f 4868 5189 5184
f 5189 5188 5184
f 5184 5188 5185
f 5188 5175 5185
f 5185 5175 5168
f 3560 3788 3561
f 3561 3788 3790
f 3596 3595 3608
f 3608 3595 3594
f 3598 3582 3595
f 3595 3582 3592
f 3600 3609 3601
f 3601 3609 3611
f 3602 3601 3612
f 3612 3601 3611
f 3606 3605 3613
f 3613 3605 3614
f 3793 5367 3794
f 3794 5367 5368
f 3598 3597 3600
f 3600 3597 3609
f 3793 3792 3575
f 3575 3792 3572
f 3561 3594 3558
f 3558 3594 3593
f 3807 3915 3804
f 3804 3915 3914
f 3916 3915 5370
f 5370 3915 5369
f 3602 3605 3603
f 3603 3605 3604
f 3606 3792 3607
f 3607 3792 3791
f 3914 3913 3560
f 3560 3913 3788
f 5174 5129 5166
f 5166 5129 5371
f 5170 5169 5093
f 5093 5169 5113
f 5166 5371 5090
f 5090 5371 5091
f 5128 5169 5372
f 5372 5169 5172
f 5127 5113 5128
f 5128 5113 5169
f 5114 5206 5203
f 5203 5206 5362
f 5200 5373 5073
f 5073 5373 5096
f 5374 5375 5200
f 5200 5375 5373
f 5039 5047 5374
f 5374 5047 5375
f 5087 5046 5085
f 5085 5046 5376
f 5212 5377 5067
f 5067 5377 5376
f 5042 5045 5212
f 5212 5045 5377
f 5064 5378 5043
f 5043 5378 5044
f 5063 5077 5064
f 5064 5077 5378
f 5079 5082 5198
f 5198 5082 5078
f 5099 5081 5100
f 5100 5081 5379
f 5100 5379 5094
f 5094 5379 5095
f 5381 5382 5380
f 5380 5382 5383
f 5385 5386 5384
f 5384 5386 5383
f 5385 5387 5386
f 5386 5387 5388
f 5390 5391 5389
f 5389 5391 5392
f 5393 5394 5396
f 5396 5394 5395
f 5398 5399 5397
f 5397 5399 5400
f 5402 5403 5401
f 5401 5403 5404
f 5406 5407 5405
f 5405 5407 5404
f 5408 5409 5163
f 5163 5409 5410
f 5411 5412 5414
f 5414 5412 5413
f 5057 5416 5415
f 5415 5416 5417
f 5393 5416 5418
f 5418 5416 5419
f 5396 5395 5420
f 5420 5395 5421
f 5423 5424 5422
f 5422 5424 5425
f 5415 5417 5220
f 5220 5417 5426
f 5418 5391 5393
f 5393 5391 5394
f 5414 5388 5411
f 5411 5388 5392
f 5059 5427 5060
f 5060 5427 5428
f 5423 5427 5429
f 5429 5427 5430
f 5432 5382 5431
f 5431 5382 5425
f 5429 5407 5423
f 5423 5407 5424
f 5380 5409 5381
f 5381 5409 5433
f 5381 5433 5422
f 5422 5433 5428
f 5027 5412 5056
f 5056 5412 5419
f 5435 5436 5434
f 5434 5436 5437
f 5159 5439 5438
f 5438 5439 5440
f 5053 5436 5159
f 5159 5436 5439
f 5441 5403 5398
f 5398 5403 5399
f 5163 5410 5026
f 5026 5410 5413
f 5438 5440 5442
f 5442 5440 5430
f 5444 5445 5443
f 5443 5445 5446
f 5447 5448 5450
f 5450 5448 5449
f 5451 5446 5452
f 5452 5446 5445
f 5454 5455 5453
f 5453 5455 5451
f 5456 5454 5458
f 5458 5454 5457
f 5460 5461 5459
f 5459 5461 5462
f 5464 5465 5463
f 5463 5465 5466
f 5468 5469 5467
f 5467 5469 5470
f 5472 5473 5471
f 5471 5473 5474
f 5475 5476 5478
f 5478 5476 5477
f 5479 5480 5482
f 5482 5480 5481
f 5483 5484 5448
f 5448 5484 5485
f 5448 5485 5449
f 5449 5485 5486
f 5487 5476 5488
f 5488 5476 5475
f 5490 5491 5489
f 5489 5491 5492
f 5494 5495 5493
f 5493 5495 5496
f 5498 5494 5497
f 5497 5494 5493
f 5500 5501 5499
f 5499 5501 5502
f 5503 5504 5446
f 5446 5504 5443
f 5506 5507 5505
f 5505 5507 5508
f 5510 5511 5509
f 5509 5511 5512
f 5514 5515 5513
f 5513 5515 5516
f 5518 5519 5517
f 5517 5519 5520
f 5495 5521 5496
f 5496 5521 5522
f 5524 5525 5523
f 5523 5525 5526
f 5527 5528 5494
f 5494 5528 5495
f 5499 5502 5529
f 5529 5502 5530
f 5531 5532 5485
f 5485 5532 5486
f 5485 5484 5531
f 5531 5484 5533
f 5482 5481 5534
f 5534 5481 5535
f 5536 5512 5506
f 5506 5512 5511
f 5455 5503 5451
f 5451 5503 5446
f 5467 5470 5511
f 5511 5470 5537
f 5538 5467 5510
f 5510 5467 5511
f 5540 5541 5539
f 5539 5541 5542
f 5543 5544 5546
f 5546 5544 5545
f 5548 5472 5547
f 5547 5472 5471
f 5493 5496 5549
f 5549 5496 5550
f 5496 5522 5550
f 5550 5522 5551
f 5553 5554 5552
f 5552 5554 5555
f 5557 5447 5556
f 5556 5447 5558
f 5557 5483 5447
f 5447 5483 5448
f 5478 5477 5553
f 5553 5477 5559
f 5477 5560 5559
f 5559 5560 5561
f 5476 5562 5477
f 5477 5562 5560
f 5476 5487 5562
f 5562 5487 5563
f 5560 5564 5561
f 5561 5564 5565
f 5564 5560 5566
f 5566 5560 5562
f 5563 5567 5562
f 5562 5567 5566
f 5569 5521 5568
f 5568 5521 5570
f 5481 5572 5571
f 5571 5572 5573
f 5574 5535 5571
f 5571 5535 5481
f 5576 5577 5575
f 5575 5577 5578
f 5579 5580 5456
f 5456 5580 5581
f 5475 5582 5488
f 5488 5582 5583
f 5584 5536 5505
f 5505 5536 5506
f 5585 5586 5588
f 5588 5586 5587
f 5590 5591 5589
f 5589 5591 5592
f 5519 5593 5520
f 5520 5593 5594
f 5595 5596 5462
f 5462 5596 5597
f 5599 5600 5598
f 5598 5600 5514
f 5602 5603 5601
f 5601 5603 5604
f 5524 5543 5525
f 5525 5543 5546
f 5543 5524 5606
f 5606 5524 5605
f 5607 5608 5500
f 5500 5608 5501
f 5610 5551 5609
f 5609 5551 5522
f 5611 5510 5598
f 5598 5510 5509
f 5612 5597 5457
f 5457 5597 5458
f 5510 5611 5538
f 5538 5611 5613
f 5580 5508 5581
f 5581 5508 5507
f 5615 5616 5614
f 5614 5616 5617
f 5619 5620 5618
f 5618 5620 5621
f 5623 5624 5622
f 5622 5624 5625
f 5627 5624 5626
f 5626 5624 5623
f 5629 5630 5628
f 5628 5630 5631
f 5633 5634 5632
f 5632 5634 5466
f 5635 5636 5463
f 5463 5636 5637
f 5523 5638 5524
f 5524 5638 5605
f 5639 5640 5641
f 5641 5640 5595
f 5611 5513 5613
f 5613 5513 5642
f 5643 5586 5608
f 5608 5586 5501
f 5622 5625 5590
f 5590 5625 5591
f 5598 5514 5611
f 5611 5514 5513
f 5645 5646 5644
f 5644 5646 5647
f 5620 5619 5491
f 5491 5619 5648
f 5649 5643 5492
f 5492 5643 5608
f 5650 5651 5653
f 5653 5651 5652
f 5463 5466 5635
f 5635 5466 5634
f 5597 5612 5462
f 5462 5612 5459
f 5635 5634 5523
f 5523 5634 5638
f 5654 5638 5633
f 5633 5638 5634
f 5655 5656 5525
f 5525 5656 5526
f 5658 5659 5657
f 5657 5659 5527
f 5660 5464 5637
f 5637 5464 5463
f 5632 5466 5661
f 5661 5466 5465
f 5661 5662 5632
f 5632 5662 5658
f 5662 5663 5658
f 5658 5663 5659
f 5665 5659 5664
f 5664 5659 5663
f 5632 5658 5633
f 5633 5658 5657
f 5666 5629 5530
f 5530 5629 5667
f 5528 5527 5665
f 5665 5527 5659
f 5668 5669 5570
f 5570 5669 5568
f 5669 5668 5670
f 5670 5668 5671
f 5646 5672 5673
f 5672 5674 5673
f 5673 5674 5675
f 5674 5460 5675
f 5675 5460 5459
f 5461 5676 5462
f 5462 5676 5595
f 5677 5678 5680
f 5680 5678 5679
f 5628 5681 5629
f 5629 5681 5667
f 5682 5529 5667
f 5667 5529 5530
f 5675 5459 5683
f 5683 5459 5612
f 5585 5666 5502
f 5502 5666 5530
f 5589 5684 5602
f 5602 5684 5603
f 5646 5645 5663
f 5663 5645 5664
f 5685 5647 5673
f 5673 5647 5646
f 5686 5687 5683
f 5683 5687 5685
f 5688 5689 5533
f 5533 5689 5531
f 5690 5691 5535
f 5535 5691 5534
f 5692 5690 5574
f 5574 5690 5535
f 5685 5687 5689
f 5689 5687 5693
f 5489 5694 5490
f 5490 5694 5695
f 5690 5692 5696
f 5696 5692 5697
f 5696 5644 5690
f 5690 5644 5691
f 5447 5450 5558
f 5558 5450 5698
f 5699 5700 5642
f 5642 5700 5613
f 5701 5702 5540
f 5540 5702 5541
f 5431 5703 5432
f 5432 5703 5697
f 5385 5384 5574
f 5574 5384 5692
f 5389 5387 5573
f 5573 5387 5571
f 5565 5390 5573
f 5573 5390 5389
f 5390 5565 5704
f 5704 5565 5564
f 5566 5705 5564
f 5564 5705 5704
f 5569 5441 5609
f 5609 5441 5398
f 5568 5405 5569
f 5569 5405 5441
f 5670 5706 5669
f 5669 5706 5406
f 5703 5431 5670
f 5670 5431 5706
f 5432 5697 5384
f 5384 5697 5692
f 5574 5571 5385
f 5385 5571 5387
f 5607 5707 5489
f 5489 5707 5694
f 5518 5708 5519
f 5519 5708 5709
f 5711 5576 5710
f 5710 5576 5575
f 5713 5714 5712
f 5712 5714 5715
f 5553 5552 5478
f 5478 5552 5716
f 5717 5475 5716
f 5716 5475 5478
f 5718 5719 5605
f 5605 5719 5606
f 5505 5622 5584
f 5584 5622 5590
f 5508 5623 5505
f 5505 5623 5622
f 5626 5623 5580
f 5580 5623 5508
f 5580 5579 5626
f 5626 5579 5720
f 5579 5721 5720
f 5720 5721 5722
f 5666 5585 5723
f 5723 5585 5588
f 5724 5725 5639
f 5639 5725 5640
f 5554 5726 5555
f 5555 5726 5727
f 5453 5728 5729
f 5689 5688 5685
f 5685 5688 5647
f 5604 5730 5512
f 5512 5730 5509
f 5628 5631 5618
f 5618 5631 5592
f 5601 5604 5536
f 5536 5604 5512
f 5732 5676 5731
f 5731 5676 5660
f 5730 5604 5733
f 5733 5604 5603
f 5563 5487 5551
f 5551 5487 5550
f 5489 5492 5607
f 5607 5492 5608
f 5573 5572 5565
f 5565 5572 5561
f 5609 5522 5569
f 5569 5522 5521
f 5499 5734 5500
f 5500 5734 5735
f 5596 5736 5721
f 5721 5736 5722
f 5737 5600 5594
f 5594 5600 5520
f 5599 5730 5517
f 5517 5730 5733
f 5660 5738 5731
f 5731 5738 5739
f 5648 5649 5491
f 5491 5649 5492
f 5501 5586 5502
f 5502 5586 5585
f 5525 5546 5655
f 5655 5546 5740
f 5600 5599 5520
f 5520 5599 5517
f 5708 5739 5709
f 5709 5739 5738
f 5636 5635 5526
f 5526 5635 5523
f 5670 5671 5703
f 5703 5671 5741
f 5490 5695 5742
f 5742 5695 5743
f 5682 5678 5744
f 5744 5678 5677
f 5678 5681 5679
f 5679 5681 5621
f 5742 5743 5679
f 5679 5743 5680
f 5618 5621 5628
f 5628 5621 5681
f 5725 5724 5589
f 5589 5724 5684
f 5456 5458 5579
f 5579 5458 5721
f 5675 5683 5673
f 5673 5683 5685
f 5529 5682 5745
f 5745 5682 5744
f 5721 5458 5596
f 5596 5458 5597
f 5701 5540 5719
f 5719 5540 5606
f 5703 5741 5697
f 5697 5741 5696
f 5500 5735 5607
f 5607 5735 5707
f 5549 5746 5493
f 5493 5746 5497
f 5700 5747 5613
f 5613 5747 5538
f 5420 5421 5434
f 5434 5421 5400
f 5689 5693 5531
f 5531 5693 5532
f 5705 5566 5748
f 5748 5566 5567
f 5609 5398 5610
f 5610 5398 5397
f 5669 5406 5568
f 5568 5406 5405
f 5488 5583 5549
f 5549 5583 5746
f 5714 5713 5710
f 5710 5713 5711
f 5747 5468 5538
f 5538 5468 5467
f 5548 5547 5749
f 5749 5547 5750
f 5733 5603 5751
f 5751 5603 5684
f 5589 5602 5590
f 5590 5602 5584
f 5636 5752 5614
f 5614 5752 5615
f 5753 5754 5738
f 5738 5754 5755
f 5602 5601 5584
f 5584 5601 5536
f 5723 5736 5630
f 5630 5736 5640
f 5595 5640 5596
f 5596 5640 5736
f 5734 5499 5745
f 5745 5499 5529
f 5627 5587 5643
f 5643 5587 5586
f 5553 5559 5554
f 5554 5559 5480
f 5559 5561 5480
f 5480 5561 5572
f 5554 5480 5726
f 5726 5480 5479
f 5749 5750 5715
f 5715 5750 5712
f 5683 5612 5686
f 5686 5612 5457
f 5678 5682 5681
f 5681 5682 5667
f 5598 5509 5599
f 5599 5509 5730
f 5679 5621 5742
f 5742 5621 5620
f 5652 5616 5653
f 5653 5616 5615
f 5220 5426 5052
f 5052 5426 5437
f 5487 5488 5550
f 5550 5488 5549
f 5742 5620 5490
f 5490 5620 5491
f 5551 5610 5563
f 5563 5610 5567
f 5610 5397 5567
f 5567 5397 5748
f 5614 5617 5753
f 5753 5617 5754
f 5480 5572 5481
f 5755 5756 5738
f 5738 5756 5709
f 5745 5744 5758
f 5758 5744 5757
f 5745 5758 5734
f 5734 5758 5759
f 5735 5734 5760
f 5760 5734 5759
f 5707 5735 5761
f 5761 5735 5760
f 5744 5677 5757
f 5757 5677 5762
f 5677 5680 5762
f 5762 5680 5763
f 5763 5680 5764
f 5764 5680 5743
f 5765 5766 5762
f 5762 5766 5757
f 5768 5769 5767
f 5767 5769 5770
f 5771 5772 5770
f 5770 5772 5767
f 5770 5769 5774
f 5774 5769 5773
f 5775 5776 5774
f 5774 5776 5777
f 5773 5778 5774
f 5774 5778 5775
f 5779 5766 5773
f 5773 5766 5778
f 5777 5771 5774
f 5774 5771 5770
f 5780 5781 5783
f 5783 5781 5782
f 5781 5780 5771
f 5771 5780 5772
f 5773 5769 5779
f 5779 5769 5768
f 5768 5759 5779
f 5779 5759 5758
f 5768 5784 5759
f 5759 5784 5760
f 5767 5785 5768
f 5768 5785 5784
f 5785 5767 5786
f 5786 5767 5772
f 5766 5779 5757
f 5757 5779 5758
f 5780 5787 5772
f 5772 5787 5786
f 5785 5786 5788
f 5788 5786 5789
f 5786 5787 5789
f 5789 5787 5790
f 5788 5789 5791
f 5791 5789 5792
f 5791 5793 5788
f 5788 5793 5794
f 5795 5792 5790
f 5790 5792 5789
f 5785 5788 5784
f 5784 5788 5794
f 5784 5794 5760
f 5760 5794 5761
f 5787 5780 5796
f 5796 5780 5783
f 5775 5778 5797
f 5797 5778 5766
f 5797 5798 5775
f 5775 5798 5776
f 5766 5765 5797
f 5797 5765 5799
f 5798 5797 5800
f 5800 5797 5799
f 5798 5801 5776
f 5776 5801 5802
f 5707 5761 5694
f 5694 5761 5803
f 5695 5804 5743
f 5743 5804 5764
f 5804 5695 5803
f 5803 5695 5694
f 5803 5793 5804
f 5804 5793 5805
f 5793 5791 5805
f 5805 5791 5806
f 5804 5805 5764
f 5764 5805 5807
f 5803 5761 5793
f 5793 5761 5794
f 5808 5763 5807
f 5807 5763 5764
f 5808 5765 5763
f 5763 5765 5762
f 5809 5799 5808
f 5808 5799 5765
f 5809 5808 5810
f 5810 5808 5807
f 5811 5809 5812
f 5812 5809 5810
f 5805 5806 5807
f 5807 5806 5810
f 5806 5813 5810
f 5810 5813 5812
f 5799 5809 5800
f 5800 5809 5811
f 5815 5800 5814
f 5814 5800 5811
f 5814 5817 5816
f 5816 5817 5818
f 5814 5811 5817
f 5817 5811 5812
f 5814 5816 5815
f 5815 5816 5796
f 5815 5796 5801
f 5801 5796 5783
f 5801 5798 5815
f 5815 5798 5800
f 5791 5792 5806
f 5806 5792 5813
f 5818 5813 5795
f 5795 5813 5792
f 5818 5817 5813
f 5813 5817 5812
f 5816 5818 5790
f 5790 5818 5795
f 5790 5787 5816
f 5816 5787 5796
f 5771 5777 5781
f 5781 5777 5782
f 5782 5802 5783
f 5783 5802 5801
f 5782 5777 5802
f 5802 5777 5776
f 5588 5587 5722
f 5722 5587 5720
f 5591 5619 5592
f 5592 5619 5618
f 5625 5624 5648
f 5648 5624 5649
f 5624 5627 5649
f 5649 5627 5643
f 5631 5630 5725
f 5725 5630 5640
f 5625 5648 5591
f 5591 5648 5619
f 5588 5722 5723
f 5723 5722 5736
f 5631 5725 5592
f 5592 5725 5589
f 5723 5630 5666
f 5666 5630 5629
f 5587 5627 5720
f 5720 5627 5626
f 5820 5821 5819
f 5819 5821 5822
f 5824 5825 5823
f 5823 5825 5826
f 5823 5826 5827
f 5827 5826 5828
f 5829 5830 5832
f 5832 5830 5831
f 5518 5833 5708
f 5708 5833 5834
f 5835 5836 5824
f 5824 5836 5825
f 5838 5839 5837
f 5837 5839 5840
f 5751 5684 5842
f 5842 5684 5841
f 5843 5841 5724
f 5724 5841 5684
f 5845 5846 5844
f 5844 5846 5847
f 5848 5830 5836
f 5836 5830 5825
f 5518 5751 5833
f 5833 5751 5842
f 5839 5838 5821
f 5821 5838 5849
f 5850 5848 5822
f 5822 5848 5836
f 5851 5845 5828
f 5828 5845 5852
f 5854 5855 5853
f 5853 5855 5856
f 5845 5844 5852
f 5852 5844 5857
f 5858 5827 5852
f 5852 5827 5828
f 5851 5828 5829
f 5829 5828 5826
f 5819 5859 5820
f 5820 5859 5860
f 5835 5861 5819
f 5819 5861 5859
f 5851 5829 5862
f 5862 5829 5832
f 5844 5847 5837
f 5837 5847 5834
f 5819 5822 5835
f 5835 5822 5836
f 5823 5863 5824
f 5824 5863 5864
f 5849 5850 5821
f 5821 5850 5822
f 5825 5830 5826
f 5826 5830 5829
f 5820 5860 5865
f 5865 5860 5866
f 5858 5854 5867
f 5867 5854 5853
f 5854 5857 5855
f 5855 5857 5840
f 5855 5865 5856
f 5856 5865 5866
f 5837 5840 5844
f 5844 5840 5857
f 5827 5858 5868
f 5868 5858 5867
f 5824 5864 5835
f 5835 5864 5861
f 5732 5731 5862
f 5862 5731 5846
f 5863 5823 5868
f 5868 5823 5827
f 5843 5831 5848
f 5848 5831 5830
f 5854 5858 5857
f 5857 5858 5852
f 5855 5840 5865
f 5865 5840 5839
f 5865 5839 5820
f 5820 5839 5821
f 5868 5867 5870
f 5870 5867 5869
f 5868 5870 5863
f 5863 5870 5871
f 5863 5871 5864
f 5864 5871 5872
f 5864 5872 5861
f 5861 5872 5873
f 5867 5853 5869
f 5869 5853 5874
f 5853 5856 5874
f 5874 5856 5875
f 5856 5866 5875
f 5875 5866 5876
f 5877 5878 5874
f 5874 5878 5869
f 5880 5881 5879
f 5879 5881 5882
f 5883 5884 5880
f 5880 5884 5881
f 5881 5884 5886
f 5886 5884 5885
f 5887 5888 5886
f 5886 5888 5889
f 5885 5890 5886
f 5886 5890 5887
f 5889 5882 5886
f 5886 5882 5881
f 5882 5891 5879
f 5879 5891 5892
f 5885 5884 5893
f 5893 5884 5883
f 5883 5871 5893
f 5893 5871 5870
f 5883 5894 5871
f 5871 5894 5872
f 5880 5895 5883
f 5883 5895 5894
f 5896 5895 5879
f 5879 5895 5880
f 5893 5878 5885
f 5885 5878 5890
f 5878 5893 5869
f 5869 5893 5870
f 5897 5896 5892
f 5892 5896 5879
f 5895 5896 5898
f 5898 5896 5899
f 5896 5897 5899
f 5899 5897 5900
f 5898 5899 5901
f 5901 5899 5902
f 5901 5903 5898
f 5898 5903 5904
f 5900 5905 5899
f 5899 5905 5902
f 5898 5904 5895
f 5895 5904 5894
f 5894 5904 5872
f 5872 5904 5873
f 5897 5892 5907
f 5907 5892 5906
f 5892 5891 5906
f 5906 5891 5908
f 5887 5890 5909
f 5909 5890 5878
f 5888 5887 5910
f 5910 5887 5909
f 5878 5877 5909
f 5909 5877 5911
f 5909 5911 5910
f 5910 5911 5912
f 5913 5914 5910
f 5910 5914 5888
f 5908 5914 5906
f 5906 5914 5913
f 5861 5873 5859
f 5859 5873 5915
f 5860 5916 5866
f 5866 5916 5876
f 5916 5860 5915
f 5915 5860 5859
f 5915 5903 5916
f 5916 5903 5917
f 5903 5901 5917
f 5917 5901 5918
f 5916 5917 5876
f 5876 5917 5919
f 5903 5915 5904
f 5904 5915 5873
f 5920 5875 5919
f 5919 5875 5876
f 5920 5877 5875
f 5875 5877 5874
f 5920 5921 5877
f 5877 5921 5911
f 5921 5920 5922
f 5922 5920 5919
f 5923 5921 5924
f 5924 5921 5922
f 5917 5918 5919
f 5919 5918 5922
f 5918 5925 5922
f 5922 5925 5924
f 5921 5923 5911
f 5911 5923 5912
f 5927 5912 5926
f 5926 5912 5923
f 5926 5929 5928
f 5928 5929 5930
f 5926 5923 5929
f 5929 5923 5924
f 5926 5928 5927
f 5927 5928 5907
f 5927 5907 5913
f 5913 5907 5906
f 5913 5910 5927
f 5927 5910 5912
f 5901 5902 5918
f 5918 5902 5925
f 5930 5925 5905
f 5905 5925 5902
f 5930 5929 5925
f 5925 5929 5924
f 5928 5930 5900
f 5900 5930 5905
f 5900 5897 5928
f 5928 5897 5907
f 5882 5889 5891
f 5891 5889 5908
f 5908 5889 5914
f 5914 5889 5888
f 5832 5831 5641
f 5641 5831 5639
f 5833 5838 5834
f 5834 5838 5837
f 5842 5841 5849
f 5849 5841 5850
f 5841 5843 5850
f 5850 5843 5848
f 5847 5846 5739
f 5739 5846 5731
f 5842 5849 5833
f 5833 5849 5838
f 5862 5832 5732
f 5732 5832 5641
f 5847 5739 5834
f 5834 5739 5708
f 5862 5846 5851
f 5851 5846 5845
f 5831 5843 5639
f 5639 5843 5724
f 5676 5732 5595
f 5595 5732 5641
f 5676 5461 5660
f 5660 5461 5464
f 5461 5460 5464
f 5464 5460 5465
f 5460 5674 5465
f 5465 5674 5661
f 5931 5932 5934
f 5934 5932 5933
f 5936 5937 5935
f 5935 5937 5938
f 5935 5938 5939
f 5939 5938 5940
f 5942 5943 5941
f 5941 5943 5944
f 5945 5946 5936
f 5936 5946 5937
f 5948 5949 5947
f 5947 5949 5950
f 5951 5952 5519
f 5519 5952 5593
f 5953 5951 5709
f 5709 5951 5519
f 5955 5956 5954
f 5954 5956 5957
f 5958 5942 5946
f 5946 5942 5937
f 5948 5959 5949
f 5949 5959 5933
f 5960 5958 5934
f 5934 5958 5946
f 5961 5955 5940
f 5940 5955 5962
f 5963 5964 5966
f 5966 5964 5965
f 5955 5954 5962
f 5962 5954 5967
f 5968 5939 5962
f 5962 5939 5940
f 5961 5940 5941
f 5941 5940 5938
f 5931 5969 5932
f 5932 5969 5970
f 5945 5971 5931
f 5931 5971 5969
f 5941 5944 5961
f 5961 5944 5972
f 5954 5957 5947
f 5947 5957 5973
f 5945 5931 5946
f 5946 5931 5934
f 5935 5974 5936
f 5936 5974 5975
f 5959 5960 5933
f 5933 5960 5934
f 5937 5942 5938
f 5938 5942 5941
f 5932 5970 5976
f 5976 5970 5977
f 5968 5964 5978
f 5978 5964 5963
f 5965 5964 5950
f 5950 5964 5967
f 5976 5977 5965
f 5965 5977 5966
f 5947 5950 5954
f 5954 5950 5967
f 5939 5968 5979
f 5979 5968 5978
f 5936 5975 5945
f 5945 5975 5971
f 5972 5754 5956
f 5956 5754 5617
f 5974 5935 5979
f 5979 5935 5939
f 5953 5943 5958
f 5958 5943 5942
f 5964 5968 5967
f 5967 5968 5962
f 5965 5950 5976
f 5976 5950 5949
f 5976 5949 5932
f 5932 5949 5933
f 5979 5978 5981
f 5981 5978 5980
f 5979 5981 5974
f 5974 5981 5982
f 5974 5982 5975
f 5975 5982 5983
f 5975 5983 5971
f 5971 5983 5984
f 5978 5963 5980
f 5980 5963 5985
f 5963 5966 5985
f 5985 5966 5986
f 5986 5966 5987
f 5987 5966 5977
f 5988 5989 5985
f 5985 5989 5980
f 5991 5992 5990
f 5990 5992 5993
f 5994 5995 5991
f 5991 5995 5992
f 5992 5995 5997
f 5997 5995 5996
f 5998 5999 5997
f 5997 5999 6000
f 5996 6001 5997
f 5997 6001 5998
f 6000 5993 5997
f 5997 5993 5992
f 6002 6003 5993
f 5993 6003 5990
f 5995 5994 5996
f 5996 5994 6004
f 5994 5982 6004
f 6004 5982 5981
f 5994 6005 5982
f 5982 6005 5983
f 5991 6006 5994
f 5994 6006 6005
f 6006 5991 6007
f 6007 5991 5990
f 5996 6004 6001
f 6001 6004 5989
f 5989 6004 5980
f 5980 6004 5981
f 6003 6008 5990
f 5990 6008 6007
f 6009 6006 6010
f 6010 6006 6007
f 6008 6011 6007
f 6007 6011 6010
f 6012 6009 6013
f 6013 6009 6010
f 6009 6012 6015
f 6015 6012 6014
f 6011 6016 6010
f 6010 6016 6013
f 6006 6009 6005
f 6005 6009 6015
f 6005 6015 5983
f 5983 6015 5984
f 6008 6003 6018
f 6018 6003 6017
f 6003 6002 6017
f 6017 6002 6019
f 5998 6001 6020
f 6020 6001 5989
f 5999 5998 6021
f 6021 5998 6020
f 5989 5988 6020
f 6020 5988 6022
f 6021 6020 6023
f 6023 6020 6022
f 6021 6024 5999
f 5999 6024 6025
f 6019 6025 6017
f 6017 6025 6024
f 5971 5984 5969
f 5969 5984 6026
f 5970 6027 5977
f 5977 6027 5987
f 6027 5970 6026
f 6026 5970 5969
f 6026 6014 6027
f 6027 6014 6028
f 6014 6012 6028
f 6028 6012 6029
f 6027 6028 5987
f 5987 6028 6030
f 6026 5984 6014
f 6014 5984 6015
f 6031 5986 6030
f 6030 5986 5987
f 6031 5988 5986
f 5986 5988 5985
f 6032 6022 6031
f 6031 6022 5988
f 6032 6031 6033
f 6033 6031 6030
f 6034 6032 6035
f 6035 6032 6033
f 6028 6029 6030
f 6030 6029 6033
f 6029 6036 6033
f 6033 6036 6035
f 6032 6034 6022
f 6022 6034 6023
f 6038 6023 6037
f 6037 6023 6034
f 6037 6040 6039
f 6039 6040 6041
f 6037 6034 6040
f 6040 6034 6035
f 6037 6039 6038
f 6038 6039 6018
f 6038 6018 6024
f 6024 6018 6017
f 6024 6021 6038
f 6038 6021 6023
f 6012 6013 6029
f 6029 6013 6036
f 6041 6036 6016
f 6016 6036 6013
f 6041 6040 6036
f 6036 6040 6035
f 6041 6016 6039
f 6039 6016 6011
f 6011 6008 6039
f 6039 6008 6018
f 5993 6000 6002
f 6002 6000 6019
f 6019 6000 6025
f 6025 6000 5999
f 5943 5756 5944
f 5944 5756 5755
f 6042 5948 5973
f 5973 5948 5947
f 5952 5951 5959
f 5959 5951 5960
f 5951 5953 5960
f 5960 5953 5958
f 5616 5957 5617
f 5617 5957 5956
f 6042 5952 5948
f 5948 5952 5959
f 5944 5755 5972
f 5972 5755 5754
f 5957 5616 5973
f 5973 5616 5652
f 5956 5955 5972
f 5972 5955 5961
f 5943 5953 5756
f 5756 5953 5709
f 6044 6045 6043
f 6043 6045 6046
f 6048 6049 6047
f 6047 6049 6050
f 6047 6050 6051
f 6051 6050 6052
f 6054 6055 6053
f 6053 6055 6056
f 6057 6058 6060
f 6060 6058 6059
f 6061 6062 6048
f 6048 6062 6049
f 6063 6064 6066
f 6066 6064 6065
f 6067 6068 6070
f 6070 6068 6069
f 6071 6069 5653
f 5653 6069 6068
f 6072 6073 6075
f 6075 6073 6074
f 6062 6076 6049
f 6049 6076 6054
f 6058 6067 6059
f 6059 6067 6070
f 6064 6077 6065
f 6065 6077 6045
f 6078 6076 6046
f 6046 6076 6062
f 6073 6080 6079
f 6079 6080 6052
f 6082 6083 6081
f 6081 6083 6084
f 6072 6085 6073
f 6073 6085 6080
f 6086 6051 6080
f 6080 6051 6052
f 6079 6052 6053
f 6053 6052 6050
f 6043 6087 6044
f 6044 6087 6088
f 6061 6089 6043
f 6043 6089 6087
f 6053 6056 6079
f 6079 6056 6090
f 6063 6072 6060
f 6060 6072 6075
f 6043 6046 6061
f 6061 6046 6062
f 6047 6091 6048
f 6048 6091 6092
f 6077 6078 6045
f 6045 6078 6046
f 6049 6054 6050
f 6050 6054 6053
f 6044 6088 6093
f 6093 6088 6094
f 6086 6082 6095
f 6095 6082 6081
f 6083 6082 6066
f 6066 6082 6085
f 6093 6094 6083
f 6083 6094 6084
f 6072 6063 6085
f 6085 6063 6066
f 6051 6086 6096
f 6096 6086 6095
f 6048 6092 6061
f 6061 6092 6089
f 5656 5655 6090
f 6090 5655 6074
f 6091 6047 6096
f 6096 6047 6051
f 6071 6055 6076
f 6076 6055 6054
f 6082 6086 6085
f 6085 6086 6080
f 6093 6083 6065
f 6065 6083 6066
f 6044 6093 6045
f 6045 6093 6065
f 6096 6095 6098
f 6098 6095 6097
f 6096 6098 6091
f 6091 6098 6099
f 6091 6099 6092
f 6092 6099 6100
f 6092 6100 6089
f 6089 6100 6101
f 6095 6081 6097
f 6097 6081 6102
f 6081 6084 6102
f 6102 6084 6103
f 6103 6084 6104
f 6104 6084 6094
f 6106 6097 6105
f 6105 6097 6102
f 6107 6108 6110
f 6110 6108 6109
f 6111 6112 6108
f 6108 6112 6109
f 6109 6112 6114
f 6114 6112 6113
f 6114 6115 6117
f 6117 6115 6116
f 6113 6118 6114
f 6114 6118 6115
f 6117 6110 6114
f 6114 6110 6109
f 6110 6119 6107
f 6107 6119 6120
f 6112 6111 6113
f 6113 6111 6121
f 6111 6099 6121
f 6121 6099 6098
f 6111 6122 6099
f 6099 6122 6100
f 6123 6122 6108
f 6108 6122 6111
f 6124 6123 6107
f 6107 6123 6108
f 6113 6121 6118
f 6118 6121 6106
f 6106 6121 6097
f 6097 6121 6098
f 6125 6124 6120
f 6120 6124 6107
f 6126 6123 6127
f 6127 6123 6124
f 6125 6128 6124
f 6124 6128 6127
f 6129 6126 6130
f 6130 6126 6127
f 6126 6129 6132
f 6132 6129 6131
f 6128 6133 6127
f 6127 6133 6130
f 6123 6126 6122
f 6122 6126 6132
f 6122 6132 6100
f 6100 6132 6101
f 6120 6134 6125
f 6125 6134 6135
f 6120 6119 6134
f 6134 6119 6136
f 6115 6118 6137
f 6137 6118 6106
f 6115 6137 6116
f 6116 6137 6138
f 6137 6106 6139
f 6139 6106 6105
f 6138 6137 6140
f 6140 6137 6139
f 6141 6142 6138
f 6138 6142 6116
f 6136 6142 6134
f 6134 6142 6141
f 6089 6101 6087
f 6087 6101 6143
f 6088 6144 6094
f 6094 6144 6104
f 6143 6144 6087
f 6087 6144 6088
f 6131 6145 6143
f 6143 6145 6144
f 6129 6146 6131
f 6131 6146 6145
f 6144 6145 6104
f 6104 6145 6147
f 6143 6101 6131
f 6131 6101 6132
f 6148 6103 6147
f 6147 6103 6104
f 6103 6148 6102
f 6102 6148 6105
f 6148 6149 6105
f 6105 6149 6139
f 6149 6148 6150
f 6150 6148 6147
f 6151 6149 6152
f 6152 6149 6150
f 6145 6146 6147
f 6147 6146 6150
f 6146 6153 6150
f 6150 6153 6152
f 6149 6151 6139
f 6139 6151 6140
f 6155 6140 6154
f 6154 6140 6151
f 6154 6157 6156
f 6156 6157 6158
f 6154 6151 6157
f 6157 6151 6152
f 6154 6156 6155
f 6155 6156 6135
f 6155 6135 6141
f 6141 6135 6134
f 6141 6138 6155
f 6155 6138 6140
f 6146 6129 6153
f 6153 6129 6130
f 6158 6153 6133
f 6133 6153 6130
f 6158 6157 6153
f 6153 6157 6152
f 6156 6158 6128
f 6128 6158 6133
f 6128 6125 6156
f 6156 6125 6135
f 6110 6117 6119
f 6119 6117 6136
f 6136 6117 6142
f 6142 6117 6116
f 6055 5615 6056
f 6056 5615 5752
f 6060 6059 6063
f 6063 6059 6064
f 6077 6070 6078
f 6078 6070 6069
f 6069 6071 6078
f 6078 6071 6076
f 6159 6057 6075
f 6075 6057 6060
f 6059 6070 6064
f 6064 6070 6077
f 6056 5752 6090
f 6090 5752 5656
f 6090 6074 6079
f 6079 6074 6073
f 6055 6071 5615
f 5615 6071 5653
f 5547 5471 6160
f 6160 5471 6161
f 5729 5577 6163
f 6163 5577 6162
f 5577 5576 6162
f 6162 5576 6164
f 5713 6165 5711
f 5711 6165 6166
f 5474 5729 6167
f 6167 5729 6163
f 5750 5547 6168
f 6168 5547 6160
f 5471 5474 6161
f 6161 5474 6167
f 6169 5712 6168
f 6168 5712 5750
f 5711 6166 5576
f 5576 6166 6164
f 6165 5713 6169
f 6169 5713 5712
f 6168 6170 6169
f 6169 6170 6171
f 6169 6171 6165
f 6165 6171 6172
f 6165 6172 6166
f 6166 6172 6173
f 6166 6173 6164
f 6164 6173 6174
f 6168 6160 6170
f 6170 6160 6175
f 6160 6161 6175
f 6175 6161 6176
f 6161 6167 6176
f 6176 6167 6177
f 6179 6170 6178
f 6178 6170 6175
f 6181 6182 6180
f 6180 6182 6183
f 6184 6185 6181
f 6181 6185 6182
f 6186 6187 6185
f 6185 6187 6182
f 6186 6188 6187
f 6187 6188 6189
f 6190 6183 6187
f 6187 6183 6182
f 6183 6190 6191
f 6191 6190 6192
f 6191 6193 6183
f 6183 6193 6180
f 6186 6185 6194
f 6194 6185 6184
f 6184 6172 6194
f 6194 6172 6171
f 6184 6195 6172
f 6172 6195 6173
f 6181 6196 6184
f 6184 6196 6195
f 6196 6181 6197
f 6197 6181 6180
f 6186 6194 6188
f 6188 6194 6179
f 6179 6194 6170
f 6170 6194 6171
f 6193 6198 6180
f 6180 6198 6197
f 6199 6196 6200
f 6200 6196 6197
f 6198 6201 6197
f 6197 6201 6200
f 6202 6199 6203
f 6203 6199 6200
f 6199 6202 6205
f 6205 6202 6204
f 6201 6206 6200
f 6200 6206 6203
f 6196 6199 6195
f 6195 6199 6205
f 6195 6205 6173
f 6173 6205 6174
f 6198 6193 6208
f 6208 6193 6207
f 6193 6191 6207
f 6207 6191 6192
f 6189 6188 6209
f 6209 6188 6179
f 6210 6189 6211
f 6211 6189 6209
f 6209 6179 6212
f 6212 6179 6178
f 6211 6209 6213
f 6213 6209 6212
f 6211 6214 6210
f 6210 6214 6215
f 6192 6215 6207
f 6207 6215 6214
f 6190 6187 6210
f 6210 6187 6189
f 6192 6190 6215
f 6215 6190 6210
f 6162 6164 6216
f 6216 6164 6174
f 6167 6163 6177
f 6177 6163 6217
f 6216 6217 6162
f 6162 6217 6163
f 6204 6218 6216
f 6216 6218 6217
f 6202 6219 6204
f 6204 6219 6218
f 6217 6218 6177
f 6177 6218 6220
f 6216 6174 6204
f 6204 6174 6205
f 6221 6176 6220
f 6220 6176 6177
f 6176 6221 6175
f 6175 6221 6178
f 6221 6222 6178
f 6178 6222 6212
f 6222 6221 6223
f 6223 6221 6220
f 6224 6222 6225
f 6225 6222 6223
f 6218 6219 6220
f 6220 6219 6223
f 6219 6226 6223
f 6223 6226 6225
f 6222 6224 6212
f 6212 6224 6213
f 6228 6213 6227
f 6227 6213 6224
f 6229 6227 6231
f 6231 6227 6230
f 6227 6224 6230
f 6230 6224 6225
f 6227 6229 6228
f 6228 6229 6208
f 6228 6208 6214
f 6214 6208 6207
f 6214 6211 6228
f 6228 6211 6213
f 6219 6202 6226
f 6226 6202 6203
f 6231 6226 6206
f 6206 6226 6203
f 6231 6230 6226
f 6226 6230 6225
f 6229 6231 6201
f 6201 6231 6206
f 6201 6198 6229
f 6229 6198 6208
f 5674 5672 5661
f 5661 5672 5662
f 5662 5672 5663
f 5663 5672 5646
f 5651 6042 5652
f 5652 6042 5973
f 5518 5517 5751
f 5751 5517 5733
f 5738 5660 5753
f 5753 5660 5637
f 5752 5636 5656
f 5656 5636 5526
f 5952 6042 5593
f 5593 6042 5651
f 5593 5651 5594
f 5594 5651 5650
f 5600 5737 5514
f 5514 5737 5515
f 5546 5545 5740
f 5740 5545 6232
f 6232 6058 5740
f 5740 6058 6057
f 6067 6058 6233
f 6233 6058 6232
f 6233 6232 6234
f 6234 6232 5545
f 6234 5545 6235
f 6235 5545 5544
f 5606 6236 5543
f 5543 6236 5544
f 6235 5544 5539
f 5539 5544 6236
f 6237 6235 5542
f 5542 6235 5539
f 6235 6237 6234
f 6234 6237 6238
f 6234 6238 6233
f 6233 6238 6239
f 5653 6068 5650
f 5650 6068 6239
f 5642 5513 6240
f 6240 5513 5516
f 5539 6236 5540
f 5540 6236 5606
f 5636 5614 5637
f 5637 5614 5753
f 6239 5737 5650
f 5650 5737 5594
f 6239 6068 6233
f 6233 6068 6067
f 6075 6074 6159
f 6159 6074 5655
f 6057 6159 5740
f 5740 6159 5655
f 5515 5737 6238
f 6238 5737 6239
f 6238 6237 5515
f 5515 6237 5516
f 5542 6240 6237
f 6237 6240 5516
f 6240 5542 5642
f 5642 5542 5541
f 5702 5699 5541
f 5541 5699 5642
f 5582 5475 5717
f 5470 5443 5537
f 5537 5443 5504
f 5469 5444 5470
f 5470 5444 5443
f 5726 5557 5727
f 5727 5557 5556
f 5537 5504 5511
f 5511 5504 5506
f 5504 5503 5506
f 5506 5503 5507
f 5503 5455 5507
f 5507 5455 5581
f 5455 5454 5581
f 5581 5454 5456
f 5473 5453 5474
f 5474 5453 5729
f 5457 5454 5473
f 5473 5454 5453
f 5473 5472 5457
f 5457 5472 5686
f 5472 5548 5686
f 5686 5548 5687
f 5749 5693 5548
f 5548 5693 5687
f 5715 5532 5749
f 5749 5532 5693
f 5714 5486 5715
f 5715 5486 5532
f 5714 5710 5486
f 5486 5710 5449
f 5728 5578 5729
f 5729 5578 5577
f 5452 5445 5698
f 5698 5445 5558
f 5445 5444 5558
f 5558 5444 5556
f 5444 5469 5556
f 5556 5469 5727
f 5469 5468 5727
f 5727 5468 5555
f 5468 5747 5555
f 5555 5747 5552
f 5747 5700 5552
f 5552 5700 5716
f 5700 5699 5716
f 5716 5699 5717
f 5699 5702 5717
f 5717 5702 5582
f 5702 5701 5582
f 5582 5701 5583
f 5726 5479 5557
f 5557 5479 5483
f 5483 5479 5484
f 5484 5479 5482
f 5534 5533 5482
f 5482 5533 5484
f 5691 5688 5534
f 5534 5688 5533
f 5644 5647 5691
f 5691 5647 5688
f 5719 5746 5701
f 5701 5746 5583
f 5718 5497 5719
f 5719 5497 5746
f 5718 5605 5654
f 5654 5605 5638
f 5498 5654 5657
f 5657 5654 5633
f 5497 5718 5498
f 5498 5718 5654
f 5657 5527 5498
f 5498 5527 5494
f 5528 5570 5495
f 5495 5570 5521
f 5665 5668 5528
f 5528 5668 5570
f 5664 5671 5665
f 5665 5671 5668
f 5645 5741 5664
f 5664 5741 5671
f 5644 5696 5645
f 5645 5696 5741
f 5710 5575 5449
f 5449 5575 5450
f 5575 5578 5450
f 5450 5578 5698
f 5578 5728 5698
f 5698 5728 5452
f 5452 5728 5451
f 5451 5728 5453
f 3619 6241 3620
f 3620 6241 6242
f 6243 6244 3628
f 3628 6244 3629
f 6245 6246 3634
f 3634 6246 3631
f 6247 6248 3636
f 3636 6248 3637
f 6249 6250 3642
f 3642 6250 3639
f 3639 6250 3643
f 3643 6250 6251
f 3743 6252 3744
f 3744 6252 6253
f 6246 6243 3631
f 3631 6243 3628
f 3753 6254 3754
f 3754 6254 6255
f 3857 6256 3619
f 3619 6256 6241
f 6257 6245 3932
f 3932 6245 3634
f 6242 6247 3620
f 3620 6247 3636
f 6258 6259 3946
f 3946 6259 3947
f 6260 6249 3948
f 3948 6249 3642
f 6244 6258 3629
f 3629 6258 3946
f 3947 6259 3753
f 3753 6259 6254
f 6248 6260 3637
f 3637 6260 3948
f 3643 6251 3743
f 3743 6251 6252
f 3744 6253 3932
f 3932 6253 6257
f 6250 6249 6251
f 6251 6249 6252
f 6245 6261 6246
f 6246 6261 6262
f 6263 6264 6247
f 6247 6264 6248
f 6252 6265 6253
f 6253 6265 6266
f 6246 6262 6243
f 6243 6262 6267
f 6268 6261 6257
f 6257 6261 6245
f 6269 6263 6242
f 6242 6263 6247
f 6270 6271 6260
f 6260 6271 6249
f 6264 6270 6248
f 6248 6270 6260
f 6253 6266 6257
f 6257 6266 6268
f 6249 6271 6252
f 6252 6271 6265
f 6254 6259 6272
f 6272 6259 6273
f 6266 6265 6270
f 6270 6265 6271
f 6268 6266 6264
f 6264 6266 6270
f 6261 6268 6263
f 6263 6268 6264
f 6269 6262 6263
f 6263 6262 6261
f 4186 4185 6274
f 6274 4185 6275
f 6241 6276 6242
f 6242 6276 6269
f 6258 6244 6277
f 6277 6244 6278
f 6256 6279 6241
f 6241 6279 6276
f 6259 6258 6273
f 6273 6258 6277
f 6243 6267 6244
f 6244 6267 6278
f 6276 6267 6269
f 6269 6267 6262
f 6254 6272 6255
f 6255 6272 6280
f 3865 3713 3888
f 3888 3713 3685
f 5242 5233 3892
f 3892 5233 3711
f 3900 5243 3892
f 3892 5243 5242
f 3734 3866 3900
f 3900 3866 5243
f 4117 6281 4118
f 4118 6281 6282
f 4118 6282 4278
f 4278 6282 4879
f 4717 4887 4718
f 4718 4887 4280
f 4792 4278 4882
f 4882 4278 4879
f 4795 4792 6283
f 6283 4792 4882
f 4852 4851 5012
f 5012 4851 6284
f 4856 5207 4857
f 4857 5207 4858
f 4860 4279 4857
f 4857 4279 4854
f 4718 4280 4860
f 4860 4280 4279
f 4864 4863 4745
f 4745 4863 4742
f 5366 4867 5011
f 5011 4867 4866
f 4871 4884 4872
f 4872 4884 4883
f 4872 4883 4117
f 4117 4883 6281
f 6284 4851 6283
f 6283 4851 4795
f 4852 4866 4853
f 4853 4866 4865
f 4871 4870 4856
f 4856 4870 5207
f 4717 4716 4864
f 4864 4716 4861
f 4868 4867 4862
f 4862 4867 4863
f 4268 4855 4269
f 4269 4855 4854
f 4281 4274 4282
f 4282 4274 4765
f 4744 4743 4907
f 4907 4743 4904
f 4874 4881 4820
f 4820 4881 4880
f 4885 5013 4886
f 4886 5013 4980
f 4888 4275 4281
f 4281 4275 4274
f 4902 6282 4903
f 4903 6282 6281
f 6283 4979 6284
f 6284 4979 4978
f 4282 4765 4269
f 4269 4765 4266
f 4880 4879 4902
f 4902 4879 6282
f 4903 6281 4886
f 4886 6281 4883
f 4882 4881 6283
f 6283 4881 4979
f 5013 4885 4267
f 4267 4885 4268
f 4888 4887 4744
f 4744 4887 4745
f 4410 6285 4411
f 4411 6285 4812
f 4750 4749 6286
f 6286 4749 6287
f 6289 4695 6288
f 6288 4695 4255
f 4750 4675 4751
f 4751 4675 4965
f 6290 6291 4963
f 4963 6291 4960
f 4807 4806 4411
f 4411 4806 4408
f 6292 6293 4959
f 4959 6293 4956
f 4958 6294 4959
f 4959 6294 4955
f 4962 4964 4963
f 4963 4964 4805
f 4962 4961 4751
f 4751 4961 4748
f 6296 6297 6295
f 6295 6297 6298
f 6299 6300 6288
f 6288 6300 4735
f 6302 4961 6301
f 6301 4961 4960
f 6304 6287 6303
f 6303 6287 4749
f 4968 6305 4969
f 4969 6305 6306
f 4413 6308 6307
f 6307 6308 4900
f 6301 4960 6309
f 6309 4960 6291
f 4412 4408 6310
f 6310 4408 4806
f 4696 6311 4256
f 4256 6311 6312
f 6303 4749 6313
f 6313 4749 4748
f 6313 4748 6302
f 6302 4748 4961
f 6315 6316 6314
f 6314 6316 6317
f 4084 6318 6315
f 6315 6318 6316
f 4083 6319 4084
f 4084 6319 6318
f 4112 6320 4083
f 4083 6320 6319
f 6322 4138 6321
f 6321 4138 4137
f 6324 4128 6323
f 6323 4128 4127
f 4127 4193 6323
f 6323 4193 6325
f 4193 4891 6325
f 6325 4891 6326
f 4891 6327 6326
f 6326 6327 6328
f 6327 4824 5227
f 5227 4824 5228
f 5231 4684 6329
f 6329 4684 4683
f 4683 4099 6329
f 6329 4099 6330
f 4099 4102 6330
f 6330 4102 6331
f 4174 4826 4429
f 4429 4826 4829
f 4173 4741 4174
f 4174 4741 4826
f 4180 4738 4173
f 4173 4738 4741
f 6332 6333 4180
f 4180 6333 4738
f 6274 6334 4186
f 4186 6334 4188
f 4181 4825 4180
f 4180 4825 6332
f 5044 5213 5045
f 5045 5213 5165
f 5046 5087 5047
f 5047 5087 5222
f 5077 5063 5078
f 5078 5063 5198
f 5081 5099 5082
f 5082 5099 5194
f 5095 5074 5096
f 5096 5074 5073
f 5373 5170 5096
f 5096 5170 5093
f 5375 5171 5373
f 5373 5171 5170
f 5047 5222 5375
f 5375 5222 5171
f 5046 5038 5376
f 5376 5038 5067
f 5377 5086 5376
f 5376 5086 5085
f 5045 5165 5377
f 5377 5165 5086
f 5378 5214 5044
f 5044 5214 5213
f 5077 5034 5378
f 5378 5034 5214
f 5082 5194 5078
f 5078 5194 5035
f 5081 5080 5379
f 5379 5080 6335
f 5379 6335 5095
f 5095 6335 5074
f 5032 5080 5033
f 5033 5080 5079
f 5040 5017 5041
f 5041 5017 5016
f 5050 5043 5051
f 5051 5043 5042
f 5065 5023 5066
f 5066 5023 5022
f 5050 5049 5065
f 5065 5049 5023
f 5041 5016 5068
f 5068 5016 5020
f 5071 5374 5072
f 5072 5374 5200
f 5075 5156 5076
f 5076 5156 5155
f 5162 5212 5068
f 5068 5212 5067
f 5075 5074 5192
f 5192 5074 6335
f 5066 5022 5199
f 5199 5022 5196
f 5076 5155 5072
f 5072 5155 5069
f 5040 5039 5071
f 5071 5039 5374
f 5162 5161 5051
f 5051 5161 5048
f 5192 6335 5032
f 5032 6335 5080
f 5199 5196 5033
f 5033 5196 5030
f 5018 5211 5019
f 5019 5211 5408
f 5019 5408 5021
f 5021 5408 5163
f 5024 5057 5025
f 5025 5057 5415
f 5028 5048 5029
f 5029 5048 5161
f 5054 5031 5055
f 5055 5031 5030
f 5024 5023 5058
f 5058 5023 5049
f 5061 5070 5062
f 5062 5070 5069
f 5157 5438 5158
f 5158 5438 5442
f 5160 5191 5054
f 5054 5191 5031
f 5029 5161 5021
f 5021 5161 5020
f 5025 5415 5197
f 5197 5415 5220
f 5158 5442 5062
f 5062 5442 5059
f 5018 5017 5061
f 5061 5017 5070
f 5160 5159 5157
f 5157 5159 5438
f 5028 5027 5058
f 5058 5027 5056
f 5055 5030 5197
f 5197 5030 5196
f 5409 5380 5410
f 5410 5380 6336
f 5026 5413 5027
f 5027 5413 5412
f 5396 5417 5393
f 5393 5417 5416
f 5416 5057 5419
f 5419 5057 5056
f 5417 5396 5426
f 5426 5396 5420
f 5427 5423 5428
f 5428 5423 5422
f 5427 5059 5430
f 5430 5059 5442
f 5409 5408 5433
f 5433 5408 5211
f 5433 5211 5428
f 5428 5211 5060
f 5412 5411 5419
f 5419 5411 5418
f 5436 5053 5437
f 5437 5053 5052
f 5439 5402 5440
f 5440 5402 5401
f 5436 5435 5439
f 5439 5435 5402
f 5410 6336 5413
f 5413 6336 5414
f 5440 5401 5430
f 5430 5401 5429
f 5426 5420 5437
f 5437 5420 5434
f 5382 5432 5383
f 5383 5432 5384
f 5386 6336 5383
f 5383 6336 5380
f 6336 5386 5414
f 5414 5386 5388
f 5391 5418 5392
f 5392 5418 5411
f 5705 5395 5704
f 5704 5395 5394
f 5399 5435 5400
f 5400 5435 5434
f 5403 5441 5404
f 5404 5441 5405
f 5407 5429 5404
f 5404 5429 5401
f 5395 5705 5421
f 5421 5705 5748
f 5424 5706 5425
f 5425 5706 5431
f 5391 5390 5394
f 5394 5390 5704
f 5392 5388 5389
f 5389 5388 5387
f 5382 5381 5425
f 5425 5381 5422
f 5407 5406 5424
f 5424 5406 5706
f 5403 5402 5399
f 5399 5402 5435
f 5421 5748 5400
f 5400 5748 5397
f 4097 4721 4098
f 4098 4721 4231
f 4233 5273 4098
f 4098 5273 4095
f 6337 6338 4785
f 4785 6338 4786
f 4076 4780 4073
f 4073 4780 4781
f 4782 4190 4781
f 4781 4190 4073
f 4783 4901 4782
f 4782 4901 4190
f 4780 4076 4097
f 4097 4076 4721
f 6337 2879 4701
f 4701 2879 2878
f 5280 6339 5272
f 5272 6339 6340
f 5282 5281 6341
f 6341 5281 6342
f 4109 6302 4110
f 4110 6302 6301
f 4283 6304 4284
f 4284 6304 6303
f 6305 4379 6306
f 6306 4379 4378
f 4110 6301 4428
f 4428 6301 6309
f 6310 4688 4412
f 4412 4688 4687
f 4284 6303 4753
f 4753 6303 6313
f 4753 6313 4109
f 4109 6313 6302
f 6343 5226 4428
f 4428 5226 4427
f 4147 4900 4416
f 4416 4900 6308
f 6312 6311 4241
f 4241 6311 4720
f 5223 6344 4702
f 4702 6344 4699
f 4221 4220 6345
f 6345 4220 6346
f 5276 5275 6347
f 6347 5275 6348
f 5275 4728 6348
f 6348 4728 6349
f 4727 6350 5284
f 5284 6350 5285
f 6351 6352 6354
f 6354 6352 6353
f 5313 5312 5292
f 5292 5312 5293
f 5312 5344 5293
f 5293 5344 5337
f 5344 4914 5337
f 5337 4914 4916
f 4914 4913 4916
f 4916 4913 4917
f 4913 6355 4917
f 4917 6355 4978
f 6356 6357 6284
f 6284 6357 5012
f 6357 6358 5012
f 5012 6358 5011
f 5011 6358 5366
f 5366 6358 6359
f 6360 4742 6359
f 6359 4742 5366
f 4743 6361 4904
f 4904 6361 5364
f 5363 4905 5364
f 5364 4905 4904
f 5363 6362 4905
f 4905 6362 4207
f 6362 6363 4207
f 4207 6363 4208
f 6363 5342 4208
f 4208 5342 5330
f 5342 5341 5330
f 5330 5341 4244
f 5341 6364 4244
f 4244 6364 4245
f 6364 6365 4245
f 4245 6365 4246
f 6366 6367 4253
f 4253 6367 4250
f 4214 6368 4211
f 4211 6368 4380
f 4380 4379 4211
f 4211 4379 4283
f 4379 6305 4283
f 4283 6305 6304
f 6305 4968 6304
f 6304 4968 6287
f 4968 4967 6287
f 6287 4967 6286
f 4967 6297 6286
f 6286 6297 4676
f 6296 4376 4288
f 4288 4376 4285
f 4376 4373 4285
f 4285 4373 4290
f 6369 6370 6372
f 6372 6370 6371
f 5245 6373 5246
f 5246 6373 6374
f 4317 6375 4318
f 4318 6375 6376
f 4331 6377 4332
f 4332 6377 6378
f 6379 4333 6376
f 6376 4333 4318
f 4343 6380 4344
f 4344 6380 6381
f 4347 6382 4348
f 4348 6382 6383
f 4374 6371 4331
f 4331 6371 6377
f 4333 6379 4426
f 4426 6379 6384
f 4690 6385 4347
f 4347 6385 6382
f 4332 6378 4317
f 4317 6378 6375
f 4922 6386 4923
f 4923 6386 6387
f 6388 6389 4375
f 4375 6389 6390
f 6355 6356 4978
f 4978 6356 6284
f 4742 6360 4743
f 4743 6360 6361
f 6391 4238 6392
f 6392 4238 4719
f 6392 4719 6393
f 6393 4719 5296
f 6395 6396 6394
f 6394 6396 6397
f 6399 6400 6398
f 6398 6400 6401
f 6402 5302 6403
f 6403 5302 5303
f 5303 5321 6403
f 6403 5321 6404
f 5320 6405 5321
f 5321 6405 6404
f 5319 6406 5350
f 5350 6406 5351
f 5319 5318 6406
f 6406 5318 6407
f 5288 4197 6408
f 6408 4197 6409
f 4217 4216 6410
f 6410 4216 6411
f 5227 6412 6327
f 6327 6412 6328
f 4892 6413 5227
f 5227 6413 6412
f 4228 6414 4892
f 4892 6414 6413
f 4227 6415 4228
f 4228 6415 6414
f 4248 6416 4227
f 4227 6416 6415
f 4247 6417 4248
f 4248 6417 6416
f 6417 4247 6419
f 6419 4247 6418
f 6419 6418 6421
f 6421 6418 6420
f 6422 5301 6423
f 6423 5301 5300
f 6423 5300 6424
f 6424 5300 6399
f 6408 6409 6398
f 6398 6409 6425
f 6426 6427 6397
f 6397 6427 6394
f 6428 4224 6429
f 6429 4224 4223
f 6347 6346 5276
f 5276 6346 4220
f 6346 6347 6341
f 6341 6347 6339
f 5280 5278 5282
f 5282 5278 4236
f 4896 5224 4684
f 4684 5224 4681
f 4132 4135 4896
f 4896 4135 5224
f 4131 4136 4132
f 4132 4136 4135
f 4226 4754 4131
f 4131 4754 4136
f 4251 4213 4226
f 4226 4213 4754
f 4250 4214 4251
f 4251 4214 4213
f 4250 6367 4214
f 4214 6367 6368
f 6367 4910 6368
f 6368 4910 4737
f 4909 5297 4736
f 4736 5297 5296
f 5297 6395 5296
f 5296 6395 6393
f 6427 6430 6394
f 6394 6430 6431
f 6429 4383 6428
f 6428 4383 4382
f 4219 5277 4220
f 4220 5277 5276
f 4222 4697 4383
f 4383 4697 4218
f 6345 4699 4221
f 4221 4699 6344
f 6342 4700 6345
f 6345 4700 4699
f 4235 4786 5281
f 5281 4786 6338
f 4234 4787 4235
f 4235 4787 4786
f 5279 5278 6432
f 6432 5278 5271
f 4237 5279 6433
f 6433 5279 6432
f 4787 4234 6433
f 6433 4234 4237
f 6435 6436 6434
f 6434 6436 6437
f 6359 6438 6360
f 6360 6438 6437
f 6439 6440 6441
f 6441 6440 6438
f 6443 6439 6442
f 6442 6439 6441
f 6357 6356 6442
f 6442 6356 6444
f 6444 6446 6445
f 6445 6446 6447
f 4912 6446 4913
f 4913 6446 6355
f 6361 6436 5364
f 5364 6436 5365
f 5319 5350 5316
f 5316 5350 6448
f 4832 6449 5350
f 5350 6449 6448
f 4831 6450 4832
f 4832 6450 6449
f 5354 6451 5320
f 5320 6451 6405
f 4265 6452 5354
f 5354 6452 6451
f 4264 6453 4265
f 4265 6453 6452
f 6450 4831 6447
f 6447 4831 6445
f 4263 6435 4264
f 4264 6435 6434
f 6454 6453 6439
f 6439 6453 6440
f 6439 6443 6454
f 6454 6443 4834
f 4833 6455 4834
f 4834 6455 6454
f 5351 6456 4833
f 4833 6456 6455
f 6457 6391 6458
f 6458 6391 6392
f 6458 6392 6431
f 6431 6392 6393
f 5298 6396 5297
f 5297 6396 6395
f 6402 6400 5302
f 5302 6400 5299
f 6402 6403 6459
f 6459 6403 6460
f 6460 6403 6461
f 6461 6403 6404
f 6405 6462 6404
f 6404 6462 6461
f 6406 6462 5351
f 5351 6462 6456
f 6406 6407 6462
f 6462 6407 6461
f 6407 6463 6461
f 6461 6463 6460
f 6463 6464 6460
f 6460 6464 6459
f 6464 6465 6459
f 6459 6465 6401
f 6430 6466 6431
f 6431 6466 6458
f 6466 6410 6458
f 6458 6410 6457
f 6410 6411 6457
f 6457 6411 6467
f 6396 6424 6397
f 6397 6424 6425
f 6393 6395 6431
f 6431 6395 6394
f 6451 6456 6405
f 6405 6456 6462
f 6452 6455 6451
f 6451 6455 6456
f 6453 6454 6452
f 6452 6454 6455
f 6443 6445 4834
f 4834 6445 4831
f 6440 6453 6434
f 6434 6453 4264
f 6468 5306 5360
f 5360 5306 5305
f 6469 4124 6468
f 6468 4124 5306
f 6470 4125 6469
f 6469 4125 4124
f 6471 5291 6470
f 6470 5291 4125
f 6353 5292 6471
f 6471 5292 5291
f 5292 6353 5313
f 5313 6353 6352
f 5347 5314 6352
f 6352 5314 5313
f 5353 5318 5346
f 5346 5318 5317
f 5334 6468 5358
f 5358 6468 5360
f 5324 6469 5334
f 5334 6469 6468
f 5323 6470 5324
f 5324 6470 6469
f 5343 6471 5323
f 5323 6471 6470
f 6354 6353 5343
f 5343 6353 6471
f 6348 6349 4270
f 4270 6349 5311
f 5272 6340 5273
f 5273 6340 4272
f 6432 5271 4232
f 4232 5271 4233
f 4294 6432 4295
f 4295 6432 4232
f 6432 4294 6433
f 6433 4294 4301
f 4301 4300 6433
f 6433 4300 4787
f 4704 4784 4300
f 4300 4784 4787
f 4704 3013 4784
f 4784 3013 1307
f 5103 6472 5104
f 5104 6472 5202
f 5108 5116 5105
f 5105 5116 5115
f 5111 5124 5112
f 5112 5124 5123
f 5154 5205 5105
f 5105 5205 5106
f 5167 5180 5168
f 5168 5180 5185
f 5175 5188 5176
f 5176 5188 5187
f 5112 5123 5178
f 5178 5123 5120
f 5167 5090 5183
f 5183 5090 5089
f 5210 5151 5183
f 5183 5151 5181
f 5216 5138 5217
f 5217 5138 5137
f 5218 5119 5219
f 5219 5119 5221
f 5218 5178 5119
f 5119 5178 5120
f 5217 5137 5104
f 5104 5137 5101
f 5116 5108 5221
f 5221 5108 5219
f 5111 5110 5210
f 5210 5110 5151
f 5154 5153 5103
f 5103 5153 6472
f 5216 5215 5176
f 5176 5215 5173
f 5175 5174 5168
f 5168 5174 5166
f 5091 5172 5092
f 5092 5172 5208
f 5117 5037 5118
f 5118 5037 5036
f 5121 5164 5122
f 5122 5164 5133
f 5125 5084 5126
f 5126 5084 5083
f 5129 5174 5130
f 5130 5174 5173
f 5131 5202 5132
f 5132 5202 6472
f 5135 5221 5122
f 5122 5221 5119
f 5125 5124 5136
f 5136 5124 5209
f 5126 5083 5121
f 5121 5083 5164
f 5118 5036 5195
f 5195 5036 5193
f 5131 5097 5203
f 5203 5097 5114
f 5132 6472 5195
f 5195 6472 5153
f 5136 5209 5092
f 5092 5209 5089
f 5135 5134 5117
f 5117 5134 5037
f 5362 5206 5130
f 5130 5206 5127
f 5372 5371 5128
f 5128 5371 5129
f 5371 5372 5091
f 5091 5372 5172
f 5362 5215 5203
f 5203 5215 5201
f 6463 6407 5353
f 5353 6407 5318
f 6464 6463 5352
f 5352 6463 5353
f 6408 6465 5288
f 5288 6465 5289
f 4196 4224 6426
f 6426 4224 6427
f 6430 6427 6428
f 6428 6427 4224
f 6466 6430 4382
f 4382 6430 6428
f 6410 6466 4217
f 4217 6466 4382
f 4240 4239 3015
f 3015 4239 3016
f 4254 4257 3017
f 3017 4257 3018
f 6473 6474 4732
f 4732 6474 6475
f 6474 6374 6475
f 6475 6374 6373
f 5246 6374 3022
f 3022 6374 3023
f 4254 6299 4255
f 4255 6299 6288
f 6473 6300 3024
f 3024 6300 3025
f 6476 4257 6312
f 6312 4257 4256
f 4240 6476 4241
f 4241 6476 6312
f 6477 4239 6391
f 6391 4239 4238
f 6467 6477 6457
f 6457 6477 6391
f 6411 3029 6467
f 6467 3029 3028
f 4216 3030 6411
f 6411 3030 3029
f 6479 6480 6478
f 6478 6480 6481
f 6483 6484 6482
f 6482 6484 6485
f 6486 6487 4102
f 4102 6487 6331
f 6483 6488 6478
f 6478 6488 6489
f 4429 4829 6490
f 6490 4829 6479
f 6491 6486 4101
f 4101 6486 4102
f 4895 6491 4899
f 4899 6491 4101
f 4160 6488 4157
f 4157 6488 6492
f 6489 4087 6490
f 6490 4087 4090
f 4267 4261 5013
f 5013 4261 4260
f 4258 4261 5328
f 5328 4261 4975
f 4261 4267 4975
f 4975 4267 4266
f 5367 3793 3912
f 3912 3793 3575
f 6494 3616 6493
f 6493 3616 3795
f 6496 3589 6495
f 6495 3589 3588
f 6495 3588 5368
f 5368 3588 3794
f 3841 3840 3050
f 3050 3840 3051
f 3912 3911 3052
f 3052 3911 3053
f 3929 3930 3054
f 3054 3930 3055
f 5370 3930 3916
f 3916 3930 3923
f 3938 5369 3807
f 3807 5369 3915
f 3589 6496 3806
f 3806 6496 3937
f 3938 3937 3056
f 3056 3937 3057
f 3051 3840 3058
f 3058 3840 3943
f 3730 4808 3727
f 3727 4808 3943
f 3820 3951 3795
f 3795 3951 6493
f 3951 3841 3059
f 3059 3841 3050
f 3911 3574 6494
f 6494 3574 3616
f 3823 3929 3824
f 3824 3929 3952
f 4061 4060 3060
f 3060 4060 3061
f 6497 6498 4901
f 4901 6498 4790
f 6333 6499 4738
f 4738 6499 4739
f 6500 6501 6314
f 6314 6501 4418
f 6502 6275 4417
f 4417 6275 4185
f 6503 6497 4783
f 4783 6497 4901
f 6498 4060 4790
f 4790 4060 4059
f 4808 4061 3069
f 3069 4061 3060
f 5367 3071 5368
f 5368 3071 3070
f 5369 3073 5370
f 5370 3073 3072
f 6274 6275 3074
f 3074 6275 3075
f 6499 6504 4739
f 4739 6504 6317
f 6333 6332 3077
f 3077 6332 3078
f 6334 6274 3079
f 3079 6274 3074
f 6332 4825 3078
f 3078 4825 3080
f 6334 6503 4188
f 4188 6503 4783
f 4825 4689 3080
f 3080 4689 1330
f 6506 4747 6505
f 6505 4747 4746
f 6505 6507 6506
f 6506 6507 6508
f 4297 6509 4920
f 4920 6509 6510
f 4296 6511 4297
f 4297 6511 6509
f 6506 6508 4319
f 4319 6508 6512
f 4372 4371 6514
f 6514 4371 6513
f 6511 4296 5251
f 5251 4296 4305
f 5251 5250 6511
f 6511 5250 6515
f 6516 6509 6515
f 6515 6509 6511
f 6517 6507 6519
f 6519 6507 6518
f 6512 6520 6513
f 6513 6520 6514
f 6507 6517 6508
f 6508 6517 6521
f 5249 6523 6522
f 6522 6523 6524
f 6525 6370 5253
f 5253 6370 6526
f 4370 4323 4371
f 4371 4323 4326
f 4370 3103 4323
f 4323 3103 1541
f 6521 6517 6527
f 6527 6517 6519
f 6520 6528 6514
f 6514 6528 6529
f 6531 6532 6530
f 6530 6532 6533
f 5250 6534 6515
f 6515 6534 6535
f 6530 6533 6536
f 6536 6533 6537
f 6526 6538 6534
f 6534 6538 6537
f 6515 6535 6516
f 6516 6535 6539
f 4325 4321 4326
f 4326 4321 4320
f 4371 4326 6513
f 6513 4326 4320
f 6531 4731 6541
f 6541 4731 6540
f 4731 4730 6540
f 6540 4730 6542
f 4730 3121 6542
f 6542 3121 3120
f 6530 4328 6531
f 6531 4328 4731
f 4328 6530 4329
f 4329 6530 6536
f 4329 6536 6524
f 6524 6536 6543
f 6544 6545 6522
f 6522 6545 5248
f 6389 6388 5245
f 5245 6388 6373
f 6388 6546 6373
f 6373 6546 6475
f 4733 6546 6295
f 6295 6546 4377
f 4732 6475 4733
f 4733 6475 6546
f 4393 4432 4394
f 4394 4432 4435
f 4434 4672 4842
f 4842 4672 4671
f 4440 4439 4441
f 4441 4439 4438
f 4436 4450 4437
f 4437 4450 4398
f 4447 4444 4448
f 4448 4444 4392
f 4446 4464 4433
f 4433 4464 6547
f 4454 4423 4455
f 4455 4423 4422
f 4452 4481 4453
f 4453 4481 4480
f 4458 4389 4459
f 4459 4389 4388
f 4456 4471 4457
f 4457 4471 4468
f 4391 4460 4392
f 4392 4460 4448
f 4461 4467 4445
f 4445 4467 4465
f 4437 4398 4629
f 4629 4398 4397
f 4438 4628 4441
f 4441 4628 4631
f 4841 4629 4839
f 4839 4629 4397
f 4628 4842 4631
f 4631 4842 4671
f 4930 4989 4452
f 4452 4989 4481
f 4929 4927 4436
f 4436 4927 4450
f 4933 4387 4934
f 4934 4387 4386
f 4931 4475 4932
f 4932 4475 4474
f 4936 4449 4933
f 4933 4449 4387
f 4935 4472 4456
f 4456 4472 4471
f 4389 4458 4391
f 4391 4458 4460
f 4457 4468 4461
f 4461 4468 4467
f 4934 4386 4454
f 4454 4386 4423
f 4453 4480 4931
f 4931 4480 4475
f 4575 4997 4576
f 4576 4997 4639
f 4579 4596 4580
f 4580 4596 4595
f 4583 4582 4572
f 4572 4582 4569
f 4587 4944 4588
f 4588 4944 4562
f 4588 4562 4590
f 4590 4562 4561
f 4576 4639 4642
f 4642 4639 4638
f 4642 4845 4641
f 4641 4845 4846
f 4845 4590 4846
f 4846 4590 4561
f 4941 4938 4595
f 4595 4938 4580
f 4938 4940 4668
f 4668 4940 4669
f 4583 4942 4584
f 4584 4942 4947
f 4582 4587 4569
f 4569 4587 4586
f 5000 5001 4579
f 4579 5001 4596
f 4558 4560 4585
f 4585 4560 4586
f 4565 4639 4566
f 4566 4639 4997
f 4568 4567 4577
f 4577 4567 4578
f 4570 4554 4571
f 4571 4554 4556
f 4640 4565 4637
f 4637 4565 4546
f 4662 4664 4665
f 4665 4664 4844
f 4662 4558 4589
f 4589 4558 4585
f 4554 4570 4557
f 4557 4570 4560
f 4571 4667 4572
f 4572 4667 4943
f 4551 4670 4552
f 4552 4670 4666
f 4640 4664 4638
f 4638 4664 4663
f 4670 4568 4668
f 4668 4568 4577
f 4999 4996 4566
f 4566 4996 4543
f 4608 4564 4603
f 4603 4564 4563
f 4573 4593 4574
f 4574 4593 4592
f 4597 4614 4598
f 4598 4614 4613
f 4601 4600 4584
f 4584 4600 4581
f 4563 4562 4604
f 4604 4562 4944
f 4643 4593 4641
f 4641 4593 4573
f 4643 4847 4644
f 4644 4847 4848
f 4564 4847 4561
f 4561 4847 4846
f 4945 4941 4598
f 4598 4941 4595
f 4941 4945 4939
f 4939 4945 4946
f 4601 4948 4602
f 4602 4948 4620
f 4600 4604 4581
f 4581 4604 4944
f 5002 5003 4597
f 4597 5003 4614
f 4988 4759 4953
f 4953 4759 4402
f 4706 6548 4707
f 4707 6548 6549
f 4311 4928 4419
f 4419 4928 6550
f 4921 4920 6551
f 6551 4920 6552
f 4925 6553 4926
f 4926 6553 6554
f 4928 4921 4802
f 4802 4921 6551
f 6555 4985 6550
f 6550 4985 4419
f 4952 6556 4953
f 4953 6556 4649
f 4971 6557 4706
f 4706 6557 6548
f 4988 4648 4925
f 4925 4648 6553
f 4707 6549 5006
f 5006 6549 4987
f 4920 6510 6552
f 6552 6510 6518
f 6558 6510 6516
f 6516 6510 6509
f 6559 6558 6539
f 6539 6558 6516
f 6531 6541 6532
f 6532 6541 6560
f 6540 6561 6541
f 6541 6561 6529
f 6542 6562 6540
f 6540 6562 6561
f 6542 3120 6562
f 6562 3120 3142
f 4366 6563 4760
f 4760 6563 4970
f 4815 6564 4816
f 4816 6564 6565
f 3147 3146 6565
f 6565 3146 4816
f 6564 6563 6565
f 6565 6563 6566
f 4837 4385 4357
f 4357 4385 4358
f 6565 6566 3147
f 3147 6566 3149
f 4694 1209 3150
f 5247 5249 5248
f 5248 5249 6522
f 6372 6390 6545
f 6545 6390 6389
f 6375 5254 6376
f 6376 5254 5258
f 6377 6525 6378
f 6378 6525 5255
f 5260 6379 5258
f 5258 6379 6376
f 6380 6567 6381
f 6381 6567 6568
f 6382 6569 6383
f 6383 6569 6570
f 6377 6371 6525
f 6525 6371 6370
f 6379 5260 6384
f 6384 5260 6571
f 6385 6572 6382
f 6382 6572 6569
f 6378 5255 6375
f 6375 5255 5254
f 6386 6573 6387
f 6387 6573 6574
f 6545 6389 5248
f 5248 6389 5245
f 4675 4750 4676
f 4676 4750 6286
f 4734 6289 4735
f 4735 6289 6288
f 4804 6290 4805
f 4805 6290 4963
f 4811 4807 4812
f 4812 4807 4411
f 4954 6292 4955
f 4955 6292 4959
f 4964 4962 4965
f 4965 4962 4751
f 6285 4821 4812
f 4812 4821 4809
f 4675 4287 4965
f 4965 4287 4210
f 6294 4145 4955
f 4955 4145 4154
f 4964 4120 4805
f 4805 4120 4119
f 6298 4966 4734
f 4734 4966 6289
f 6300 6473 4735
f 4735 6473 4732
f 6297 6296 4676
f 4676 6296 4288
f 6523 3160 4330
f 4330 3160 3159
f 5253 5252 6525
f 6525 5252 5255
f 5256 5252 4305
f 4305 5252 5251
f 4304 5257 4305
f 4305 5257 5256
f 4424 5259 4304
f 4304 5259 5257
f 5261 6571 5259
f 5259 6571 5260
f 5262 6573 5261
f 5261 6573 6571
f 5264 6567 5265
f 5265 6567 6574
f 5266 6572 5267
f 5267 6572 6568
f 5268 6570 5269
f 5269 6570 6569
f 1807 3161 5268
f 5268 3161 6570
f 6524 6523 4329
f 4329 6523 4330
f 5253 6526 5250
f 5250 6526 6534
f 6543 6538 6544
f 6544 6538 6369
f 6524 6543 6522
f 6522 6543 6544
f 3071 5367 3052
f 3052 5367 3912
f 6493 3163 6494
f 6494 3163 3162
f 3164 445 3771
f 3771 445 3761
f 461 3165 3919
f 3919 3165 3920
f 330 410 3839
f 3839 410 3910
f 332 331 3552
f 3552 331 3551
f 464 304 3918
f 3918 304 3816
f 385 458 3766
f 3766 458 3894
f 412 415 3762
f 3762 415 3763
f 3166 337 3748
f 3748 337 3745
f 3072 3055 5370
f 5370 3055 3930
f 3073 5369 3056
f 3056 5369 3938
f 3167 3057 6496
f 6496 3057 3937
f 3069 3058 4808
f 4808 3058 3943
f 411 3166 3851
f 3851 3166 3748
f 3059 3163 3951
f 3951 3163 6493
f 336 3164 3772
f 3772 3164 3771
f 3053 3911 3162
f 3162 3911 6494
f 3054 3168 3929
f 3929 3168 3952
f 3165 830 3920
f 3920 830 3945
f 3170 3169 6497
f 6497 3169 6498
f 3171 1354 5005
f 5005 1354 4830
f 3172 3170 6503
f 6503 3170 6497
f 3169 3061 6498
f 6498 3061 4060
f 3173 3171 5006
f 5006 3171 5005
f 3079 3172 6334
f 6334 3172 6503
f 3174 3025 6299
f 6299 3025 6300
f 6576 6577 6575
f 6575 6577 6578
f 4612 4611 6579
f 6579 4611 6580
f 6582 6583 6581
f 6581 6583 6584
f 6584 6585 4618
f 4618 6585 4621
f 6586 6587 6589
f 6589 6587 6588
f 6588 6587 6590
f 6590 6587 6591
f 6592 4606 6590
f 6590 4606 4623
f 6594 6576 6593
f 6593 6576 6575
f 6595 6582 6579
f 6579 6582 6581
f 6580 6597 6596
f 6596 6597 6598
f 6577 6576 6599
f 6599 6576 6600
f 6595 6596 6601
f 6601 6596 6602
f 6583 6582 6603
f 6603 6582 6604
f 6586 6606 6605
f 6605 6606 6607
f 6587 6586 6608
f 6608 6586 6605
f 6587 6608 6591
f 6591 6608 6609
f 6576 6594 6600
f 6600 6594 6610
f 6582 6595 6604
f 6604 6595 6601
f 6599 6611 6577
f 6577 6611 6598
f 6613 6614 6612
f 6612 6614 6615
f 6617 6618 6616
f 6616 6618 6619
f 6621 6622 6620
f 6620 6622 6623
f 6625 6626 6624
f 6624 6626 6627
f 6629 6630 6628
f 6628 6630 6631
f 6633 6634 6632
f 6632 6634 6635
f 6637 6638 6636
f 6636 6638 6639
f 6640 6641 6637
f 6637 6641 6638
f 6643 6633 6642
f 6642 6633 6632
f 6645 6646 6644
f 6644 6646 6647
f 6646 6648 6647
f 6647 6648 6649
f 6651 6652 6650
f 6650 6652 6653
f 6653 6652 6654
f 6654 6652 6655
f 6656 6657 6659
f 6659 6657 6658
f 6661 6662 6660
f 6660 6662 6663
f 6662 6661 6664
f 6664 6661 6665
f 6667 6657 6666
f 6666 6657 6656
f 6669 6670 6668
f 6668 6670 6671
f 6672 6673 6670
f 6670 6673 6671
f 6674 6675 6677
f 6677 6675 6676
f 6675 6678 6676
f 6676 6678 6679
f 6681 6682 6680
f 6680 6682 6683
f 6684 6685 6683
f 6683 6685 6680
f 6687 6688 6686
f 6686 6688 6689
f 6687 6690 6688
f 6688 6690 6691
f 6619 6618 6633
f 6633 6618 6634
f 6632 6635 6693
f 6693 6635 6692
f 6617 6694 6636
f 6636 6694 6637
f 6695 6692 6639
f 6639 6692 6635
f 6637 6694 6640
f 6640 6694 6696
f 6698 6638 6697
f 6697 6638 6641
f 6643 6616 6633
f 6633 6616 6619
f 6642 6699 6641
f 6641 6699 6697
f 6646 6645 6700
f 6700 6645 6621
f 6644 6701 6654
f 6654 6701 6702
f 6700 6703 6646
f 6646 6703 6648
f 6693 6704 6649
f 6649 6704 6647
f 6620 6623 6651
f 6651 6623 6652
f 6693 6649 6699
f 6699 6649 6650
f 6652 6623 6655
f 6655 6623 6622
f 6654 6702 6653
f 6653 6702 6697
f 6615 6614 6657
f 6657 6614 6658
f 6705 6656 6704
f 6704 6656 6659
f 6613 6706 6660
f 6660 6706 6661
f 6704 6659 6701
f 6701 6659 6663
f 6661 6706 6665
f 6665 6706 6707
f 6708 6702 6664
f 6664 6702 6662
f 6612 6615 6667
f 6667 6615 6657
f 6666 6709 6664
f 6664 6709 6708
f 6629 6710 6669
f 6669 6710 6670
f 6668 6711 6679
f 6679 6711 6712
f 6713 6672 6710
f 6710 6672 6670
f 6714 6671 6705
f 6705 6671 6673
f 6628 6631 6674
f 6674 6631 6675
f 6705 6673 6709
f 6709 6673 6677
f 6631 6630 6675
f 6675 6630 6678
f 6712 6708 6679
f 6679 6708 6676
f 6625 6715 6682
f 6682 6715 6683
f 6716 6717 6681
f 6681 6717 6691
f 6718 6684 6715
f 6715 6684 6683
f 6719 6680 6714
f 6714 6680 6685
f 6624 6627 6686
f 6686 6627 6687
f 6689 6711 6685
f 6685 6711 6714
f 6627 6626 6687
f 6687 6626 6690
f 6717 6712 6691
f 6691 6712 6688
f 6612 6707 6613
f 6613 6707 6706
f 6616 6696 6617
f 6617 6696 6694
f 6703 6700 6620
f 6620 6700 6621
f 6715 6625 6718
f 6718 6625 6624
f 6710 6629 6713
f 6713 6629 6628
f 6639 6635 6636
f 6636 6635 6634
f 6641 6640 6642
f 6642 6640 6643
f 6654 6655 6644
f 6644 6655 6645
f 6651 6650 6648
f 6648 6650 6649
f 6659 6658 6663
f 6663 6658 6660
f 6665 6667 6664
f 6664 6667 6666
f 6678 6669 6679
f 6679 6669 6668
f 6673 6672 6677
f 6677 6672 6674
f 6690 6682 6691
f 6691 6682 6681
f 6685 6684 6689
f 6689 6684 6686
f 6636 6634 6617
f 6617 6634 6618
f 6638 6698 6639
f 6639 6698 6695
f 6640 6696 6643
f 6643 6696 6616
f 6693 6699 6632
f 6632 6699 6642
f 6655 6622 6645
f 6645 6622 6621
f 6704 6701 6647
f 6647 6701 6644
f 6651 6648 6620
f 6620 6648 6703
f 6650 6653 6699
f 6699 6653 6697
f 6613 6660 6614
f 6614 6660 6658
f 6663 6662 6701
f 6701 6662 6702
f 6665 6707 6667
f 6667 6707 6612
f 6705 6709 6656
f 6656 6709 6666
f 6630 6629 6678
f 6678 6629 6669
f 6714 6711 6671
f 6671 6711 6668
f 6672 6713 6674
f 6674 6713 6628
f 6677 6676 6709
f 6709 6676 6708
f 6626 6625 6690
f 6690 6625 6682
f 6680 6719 6681
f 6681 6719 6716
f 6684 6718 6686
f 6686 6718 6624
f 6711 6689 6712
f 6689 6688 6712
f 6593 6720 6594
f 6594 6720 6721
f 6722 6720 4607
f 4607 6720 4849
f 6592 6723 6722
f 6722 6723 6724
f 4610 4609 6578
f 6578 4609 6575
f 6596 6595 6580
f 6580 6595 6579
f 4618 4617 6584
f 6584 4617 6581
f 6589 6585 6586
f 6586 6585 6606
f 4622 4619 6588
f 6588 4619 6589
f 4622 6588 4623
f 4623 6588 6590
f 4609 4645 6575
f 6575 4645 6593
f 4617 4612 6581
f 6581 4612 6579
f 5004 4610 6597
f 6597 4610 6578
f 4645 4849 6593
f 6593 4849 6720
f 6724 6721 6722
f 6722 6721 6720
f 6722 4607 6592
f 6592 4607 4606
f 6725 6610 6721
f 6721 6610 6594
f 6723 6726 6724
f 6724 6726 6727
f 6727 6725 6724
f 6724 6725 6721
f 6728 6729 6605
f 6605 6729 6608
f 6605 6607 6728
f 6728 6607 6730
f 6731 6732 6604
f 6604 6732 6603
f 6733 6734 6725
f 6725 6734 6610
f 6735 6733 6727
f 6727 6733 6725
f 6735 6727 6736
f 6736 6727 6726
f 6591 6609 6723
f 6723 6609 6726
f 6723 6592 6591
f 6591 6592 6590
f 6738 6739 6737
f 6737 6739 6740
f 6740 6739 6742
f 6742 6739 6741
f 6743 6744 6741
f 6741 6744 6742
f 6745 6746 6743
f 6743 6746 6744
f 6747 6748 6745
f 6745 6748 6746
f 6749 6750 6747
f 6747 6750 6748
f 6752 6738 6751
f 6751 6738 6737
f 6754 6752 6753
f 6753 6752 6751
f 6756 6754 6755
f 6755 6754 6753
f 6758 6750 6757
f 6757 6750 6749
f 6760 6756 6759
f 6759 6756 6755
f 6762 6760 6761
f 6761 6760 6759
f 6764 6762 6763
f 6763 6762 6761
f 6757 6764 6758
f 6758 6764 6763
f 6766 6741 6765
f 6765 6741 6739
f 6767 6743 6766
f 6766 6743 6741
f 6768 6745 6767
f 6767 6745 6743
f 6769 6747 6768
f 6768 6747 6745
f 6770 6749 6769
f 6769 6749 6747
f 6772 6769 6771
f 6771 6769 6768
f 6773 6770 6772
f 6772 6770 6769
f 6774 6775 6772
f 6772 6775 6773
f 6777 6778 6776
f 6776 6778 6779
f 6775 6774 6778
f 6778 6774 6779
f 6771 6780 6772
f 6772 6780 6774
f 6780 6781 6774
f 6774 6781 6779
f 6781 6782 6779
f 6779 6782 6776
f 6784 6785 6783
f 6783 6785 6786
f 6786 6787 6783
f 6783 6787 6788
f 6790 6788 6789
f 6789 6788 6787
f 6786 6785 6791
f 6791 6785 6792
f 6791 6793 6786
f 6786 6793 6787
f 6793 6794 6787
f 6787 6794 6789
f 6795 6796 6794
f 6794 6796 6789
f 6790 6789 6797
f 6797 6789 6796
f 6798 6765 6738
f 6738 6765 6739
f 6799 6798 6752
f 6752 6798 6738
f 6767 6800 6768
f 6768 6800 6771
f 6766 6801 6767
f 6767 6801 6800
f 6802 6801 6765
f 6765 6801 6766
f 6798 6803 6765
f 6765 6803 6802
f 6804 6803 6799
f 6799 6803 6798
f 6805 6806 6804
f 6804 6806 6803
f 6807 6799 6754
f 6754 6799 6752
f 6808 6804 6807
f 6807 6804 6799
f 6809 6805 6808
f 6808 6805 6804
f 6810 6811 6805
f 6805 6811 6806
f 6812 6813 6810
f 6810 6813 6811
f 6814 6815 6796
f 6796 6815 6797
f 6813 6814 6816
f 6816 6814 6817
f 6816 6818 6813
f 6813 6818 6811
f 6819 6806 6818
f 6818 6806 6811
f 6802 6803 6819
f 6819 6803 6806
f 6757 6749 6820
f 6820 6749 6770
f 6820 6770 6821
f 6821 6770 6773
f 6821 6773 6822
f 6822 6773 6775
f 6822 6775 6823
f 6823 6775 6778
f 6824 6823 6777
f 6777 6823 6778
f 6784 6825 6777
f 6777 6825 6824
f 6826 6827 6788
f 6788 6827 6783
f 6828 6826 6790
f 6790 6826 6788
f 6829 6828 6797
f 6797 6828 6790
f 6815 6830 6797
f 6797 6830 6829
f 6832 6812 6831
f 6831 6812 6810
f 6831 6810 6809
f 6809 6810 6805
f 6736 6800 6735
f 6735 6800 6801
f 6733 6735 6802
f 6802 6735 6801
f 6734 6733 6819
f 6819 6733 6802
f 6833 6734 6818
f 6818 6734 6819
f 6834 6833 6816
f 6816 6833 6818
f 6816 6817 6834
f 6834 6817 6835
f 6837 6795 6836
f 6836 6795 6794
f 6836 6794 6731
f 6731 6794 6793
f 6732 6731 6791
f 6791 6731 6793
f 6791 6792 6732
f 6732 6792 6730
f 6729 6728 6781
f 6781 6728 6782
f 6838 6807 6756
f 6756 6807 6754
f 6839 6838 6760
f 6760 6838 6756
f 6840 6839 6762
f 6762 6839 6760
f 6841 6840 6764
f 6764 6840 6762
f 6820 6841 6757
f 6757 6841 6764
f 6841 6820 6842
f 6842 6820 6821
f 6840 6841 6843
f 6843 6841 6842
f 6839 6840 6844
f 6844 6840 6843
f 6838 6839 6845
f 6845 6839 6844
f 6807 6838 6808
f 6808 6838 6845
f 6842 6821 6846
f 6846 6821 6822
f 6843 6842 6847
f 6847 6842 6846
f 6844 6843 6848
f 6848 6843 6847
f 6845 6844 6849
f 6849 6844 6848
f 6808 6845 6809
f 6809 6845 6849
f 6850 6831 6849
f 6849 6831 6809
f 6851 6850 6848
f 6848 6850 6849
f 6847 6852 6848
f 6848 6852 6851
f 6853 6852 6846
f 6846 6852 6847
f 6846 6822 6853
f 6853 6822 6823
f 6853 6823 6854
f 6854 6823 6824
f 6854 6855 6853
f 6853 6855 6852
f 6856 6851 6855
f 6855 6851 6852
f 6856 6857 6851
f 6851 6857 6850
f 6857 6832 6850
f 6850 6832 6831
f 6825 6858 6824
f 6824 6858 6854
f 6860 6827 6859
f 6859 6827 6826
f 6859 6826 6861
f 6861 6826 6828
f 6862 6861 6829
f 6829 6861 6828
f 6830 6863 6829
f 6829 6863 6862
f 6863 6864 6862
f 6862 6864 6865
f 6858 6866 6854
f 6854 6866 6855
f 6867 6865 6866
f 6866 6865 6864
f 6869 6859 6868
f 6868 6859 6861
f 6867 6869 6865
f 6865 6869 6868
f 6861 6862 6868
f 6868 6862 6865
f 6867 6860 6869
f 6869 6860 6859
f 6753 6751 6698
f 6698 6751 6695
f 6697 6755 6698
f 6698 6755 6753
f 6759 6755 6702
f 6702 6755 6697
f 6761 6759 6708
f 6708 6759 6702
f 6763 6761 6712
f 6712 6761 6708
f 6758 6763 6717
f 6717 6763 6712
f 6750 6758 6716
f 6716 6758 6717
f 6719 6748 6716
f 6716 6748 6750
f 6714 6746 6719
f 6719 6746 6748
f 6705 6744 6714
f 6714 6744 6746
f 6704 6742 6705
f 6705 6742 6744
f 6740 6742 6693
f 6693 6742 6704
f 6737 6740 6692
f 6692 6740 6693
f 6751 6737 6695
f 6695 6737 6692
f 6601 6602 6836
f 6836 6602 6837
f 6604 6601 6731
f 6731 6601 6836
f 6599 6600 6834
f 6834 6600 6833
f 6834 6835 6599
f 6599 6835 6611
f 6600 6610 6833
f 6833 6610 6734
f 6780 6771 6870
f 6870 6771 6736
f 6736 6771 6800
f 6870 6729 6780
f 6780 6729 6781
f 6608 6729 6609
f 6609 6729 6870
f 6609 6870 6726
f 6726 6870 6736
f 5014 5015 5229
f 5229 5015 5230
f 4258 5015 4259
f 4259 5015 4878
f 3471 3013 4703
f 4703 3013 4704
f 2879 6337 1306
f 1306 6337 4785
f 829 3471 4316
f 4316 3471 4703
f 4702 3472 5223
f 5223 3472 1756
f 6871 6872 4534
f 4534 6872 4535
f 6871 4665 6872
f 6872 4665 4844
f 6871 6873 4665
f 4665 6873 4559
f 6871 4534 6873
f 6873 4534 4542
f 4153 4152 4822
f 4822 4152 4407
f 4152 4168 4407
f 4407 4168 4342
f 4343 4168 4923
f 4923 4168 4167
f 4363 4362 4972
f 4972 4362 4840
f 4362 4394 4840
f 4840 4394 4839
f 4401 4400 4986
f 4986 4400 4984
f 4435 4434 4841
f 4841 4434 4842
f 4506 4505 4530
f 4530 4505 4531
f 4506 4535 4507
f 4507 4535 4843
f 4661 4660 4516
f 4516 4660 4517
f 4673 4672 4937
f 4937 4672 6547
f 4400 4924 4984
f 4984 4924 5263
f 4673 4660 4674
f 4674 4660 4659
f 4505 4661 4531
f 4531 4661 4516
f 4952 4401 6874
f 6874 4401 4986
f 4954 4153 6875
f 6875 4153 4822
f 4363 4973 4364
f 4364 4973 4974
f 5264 4924 5267
f 5267 4924 4691
f 6293 6292 6876
f 6876 6292 6877
f 6380 4343 6387
f 6387 4343 4923
f 4394 4435 4839
f 4839 4435 4841
f 4672 4434 6547
f 6547 4434 4433
f 4973 6556 4974
f 4974 6556 6878
f 6567 6380 6574
f 6574 6380 6387
f 6292 4954 6877
f 6877 4954 6875
f 6567 5264 6568
f 6568 5264 5267
f 4145 4144 4154
f 4154 4144 4151
f 4194 4144 4425
f 4425 4144 4143
f 4355 4354 5263
f 5263 4354 4984
f 4360 4359 4364
f 4364 4359 4361
f 4444 4359 4392
f 4392 4359 4337
f 4447 4446 4432
f 4432 4446 4433
f 4464 4463 6547
f 6547 4463 4937
f 4519 4518 4654
f 4654 4518 4509
f 4533 4532 4499
f 4499 4532 4498
f 4533 4542 4530
f 4530 4542 4534
f 4519 4532 4516
f 4516 4532 4531
f 4922 4194 4426
f 4426 4194 4425
f 4463 4518 4937
f 4937 4518 4517
f 6555 4951 6874
f 6874 4951 6878
f 4958 4957 6290
f 6290 4957 6291
f 4334 4360 4712
f 4712 4360 4950
f 4985 4354 4419
f 4419 4354 4353
f 5262 4355 5265
f 5265 4355 5263
f 6294 4958 4804
f 4804 4958 6290
f 6386 4922 6384
f 6384 4922 4426
f 4444 4447 4393
f 4393 4447 4432
f 4464 4446 4465
f 4465 4446 4445
f 4985 6555 4986
f 4986 6555 6874
f 6573 6386 6571
f 6571 6386 6384
f 4145 6294 4146
f 4146 6294 4804
f 6573 5262 6574
f 6574 5262 5265
f 4542 4541 6873
f 6873 4541 4559
f 4535 6872 4843
f 4843 6872 4844
f 4104 4103 6879
f 6879 4103 6343
f 4105 6293 6307
f 6307 6293 6876
f 4104 4956 4105
f 4105 4956 6293
f 4956 4104 4957
f 4957 4104 6879
f 4957 6879 6291
f 6291 6879 6309
f 4648 4988 4649
f 4649 4988 4953
f 4802 4803 4928
f 4928 4803 6550
f 6550 4803 6555
f 6555 4803 4951
f 1516 3173 4987
f 4987 3173 5006
f 6519 6518 6558
f 6558 6518 6510
f 6527 6519 6559
f 6559 6519 6558
f 6528 6560 6529
f 6529 6560 6541
f 6548 4625 6549
f 6549 4625 4624
f 6551 6552 4746
f 4746 6552 6505
f 6553 4711 6554
f 6554 4711 4710
f 4802 6551 4713
f 4713 6551 4746
f 6556 4973 4649
f 4649 4973 4646
f 6557 4949 6548
f 6548 4949 4625
f 4648 4647 6553
f 6553 4647 4711
f 6549 4624 4987
f 4987 4624 4838
f 6552 6518 6505
f 6505 6518 6507
f 6561 4372 6529
f 6529 4372 6514
f 6562 4369 6561
f 6561 4369 4372
f 3142 3482 6562
f 6562 3482 4369
f 6556 4952 6878
f 6878 4952 6874
f 4951 4950 6878
f 6878 4950 4974
f 3168 440 3952
f 4204 4203 5341
f 5341 4203 6364
f 4219 4222 6429
f 6429 4222 4383
f 4319 4322 6506
f 6506 4322 4747
f 4340 4714 4341
f 4341 4714 4384
f 4375 4377 6388
f 6388 4377 6546
f 4378 4381 6311
f 6311 4381 4720
f 4449 4341 4387
f 4387 4341 4384
f 4473 4472 4477
f 4477 4472 4474
f 4492 4491 4487
f 4487 4491 4488
f 4523 4491 4522
f 4522 4491 4490
f 4492 4538 4493
f 4493 4538 4555
f 4538 4553 4555
f 4555 4553 4556
f 4620 4615 4621
f 4621 4615 4618
f 4652 4651 4368
f 4368 4651 4365
f 4523 4655 4524
f 4524 4655 4656
f 4553 4667 4556
f 4556 4667 4571
f 4651 1210 4365
f 4365 1210 1209
f 4698 4697 5223
f 5223 4697 6344
f 4340 4339 4322
f 4322 4339 4747
f 4726 4729 5287
f 5287 4729 4198
f 4381 4380 4737
f 4737 4380 6368
f 4836 4835 4451
f 4451 4835 4709
f 4910 6367 4911
f 4911 6367 6366
f 4912 4915 6450
f 6450 4915 6449
f 4927 4836 4450
f 4450 4836 4451
f 4930 4929 4439
f 4439 4929 4436
f 4936 4935 4459
f 4459 4935 4456
f 4473 4655 4470
f 4470 4655 4510
f 4942 4583 4943
f 4943 4583 4572
f 4948 4601 4947
f 4947 4601 4584
f 4949 4835 4625
f 4625 4835 4626
f 4966 4969 6289
f 6289 4969 4695
f 4971 4652 4926
f 4926 4652 4368
f 4203 4977 6364
f 6364 4977 6365
f 4990 4989 4443
f 4443 4989 4440
f 4990 4991 4478
f 4478 4991 4512
f 4992 4991 4528
f 4528 4991 4515
f 4992 4993 4527
f 4527 4993 4485
f 4994 4993 4502
f 4502 4993 4503
f 4994 4995 4482
f 4482 4995 4550
f 4543 4996 4544
f 4544 4996 4995
f 4999 4998 4567
f 4567 4998 4578
f 5000 4998 4575
f 4575 4998 4997
f 5002 5001 4592
f 4592 5001 4574
f 5003 5004 4614
f 4614 5004 4611
f 3483 4215 1755
f 1755 4215 4698
f 5274 5277 4195
f 4195 5277 4223
f 4726 5295 4727
f 4727 5295 6350
f 5309 5342 5310
f 5310 5342 6363
f 5315 5314 5316
f 5316 5314 5317
f 5339 6362 5340
f 5340 6362 5363
f 5310 6363 5339
f 5339 6363 6362
f 4204 5309 4201
f 4201 5309 5308
f 4915 5345 6449
f 6449 5345 6448
f 5345 5315 6448
f 6448 5315 5316
f 5348 5347 6351
f 6351 5347 6352
f 5365 4263 5340
f 5340 4263 4262
f 6295 6298 4733
f 4733 6298 4734
f 4969 6306 4695
f 4695 6306 4696
f 6306 4378 4696
f 4696 4378 6311
f 6369 6372 6544
f 6544 6372 6545
f 4375 6390 4373
f 4373 6390 4374
f 6421 6422 4911
f 4911 6422 4908
f 4910 4909 4737
f 4737 4909 4736
f 5277 4219 4223
f 4223 4219 6429
f 4697 4222 6344
f 6344 4222 4221
f 6436 6361 6437
f 6437 6361 6360
f 6438 6440 6437
f 6437 6440 6434
f 6438 6359 6441
f 6441 6359 6358
f 6442 6441 6357
f 6357 6441 6358
f 6442 6444 6443
f 6443 6444 6445
f 6446 6444 6355
f 6355 6444 6356
f 6446 4912 6447
f 6447 4912 6450
f 6436 6435 5365
f 5365 6435 4263
f 5314 5347 5317
f 5317 5347 5346
f 4319 6512 4320
f 4320 6512 6513
f 6520 6512 6521
f 6521 6512 6508
f 6528 6520 6527
f 6527 6520 6521
f 6532 6539 6533
f 6533 6539 6535
f 6533 6535 6537
f 6537 6535 6534
f 6538 6543 6537
f 6537 6543 6536
f 6295 4377 6296
f 6296 4377 4376
f 4989 4930 4440
f 4440 4930 4439
f 4927 4929 4422
f 4422 4929 4455
f 4449 4936 4388
f 4388 4936 4459
f 4472 4935 4474
f 4474 4935 4932
f 4942 4940 4947
f 4947 4940 4939
f 5001 5000 4574
f 4574 5000 4575
f 4669 4943 4666
f 4666 4943 4667
f 4996 4999 4547
f 4547 4999 4567
f 4948 4946 4620
f 4620 4946 4615
f 5003 5002 4591
f 4591 5002 4592
f 6557 4971 6554
f 6554 4971 4926
f 6532 6560 6539
f 6539 6560 6559
f 6390 6372 4374
f 4374 6372 6371
f 4966 6298 4967
f 4967 6298 6297
f 6538 6526 6369
f 6369 6526 6370
f 6585 6589 4621
f 4621 6589 4619
f 6597 6578 6598
f 6598 6578 6577
f 6606 6583 6607
f 6607 6583 6603
f 6611 6602 6598
f 6598 6602 6596
f 6585 6584 6606
f 6606 6584 6583
f 6597 6580 5004
f 5004 6580 4611
f 6607 6603 6730
f 6730 6603 6732
f 6776 6785 6777
f 6777 6785 6784
f 6785 6776 6792
f 6792 6776 6782
f 6815 6814 6812
f 6812 6814 6813
f 6817 6814 6795
f 6795 6814 6796
f 6825 6784 6827
f 6827 6784 6783
f 6830 6815 6832
f 6832 6815 6812
f 6817 6795 6835
f 6835 6795 6837
f 6792 6782 6730
f 6730 6782 6728
f 6858 6825 6860
f 6860 6825 6827
f 6863 6830 6857
f 6857 6830 6832
f 6864 6863 6856
f 6856 6863 6857
f 6866 6858 6867
f 6867 6858 6860
f 6866 6864 6855
f 6855 6864 6856
f 6835 6837 6611
f 6611 6837 6602
f 6560 6528 6559
f 6559 6528 6527
f 4949 6557 4710
f 4710 6557 6554
f 4430 4090 4175
f 4175 4090 4089
f 4777 4113 4155
f 4155 4113 4086
f 4175 4089 4176
f 4176 4089 4142
f 4199 4271 4200
f 4200 4271 4798
f 4199 4095 4272
f 4272 4095 5273
f 4406 4405 4404
f 4404 4405 4346
f 4410 4409 6877
f 6877 4409 6876
f 4409 4413 6876
f 6876 4413 6307
f 4415 4148 4416
f 4416 4148 4147
f 4690 4405 4344
f 4344 4405 4342
f 4693 4692 4352
f 4352 4692 4349
f 4701 4700 6337
f 6337 4700 6338
f 4778 4777 4081
f 4081 4777 4155
f 4821 4406 4809
f 4809 4406 4404
f 4176 4142 4181
f 4181 4142 4415
f 4760 4970 4399
f 4399 4970 4692
f 4200 5007 4096
f 4096 5007 4078
f 5266 4693 5269
f 5269 4693 4352
f 5270 5007 5361
f 5361 5007 4797
f 4778 5270 4779
f 4779 5270 5361
f 6285 4410 6875
f 6875 4410 6877
f 6308 4413 4687
f 4687 4413 4412
f 6480 6320 6481
f 6481 6320 6880
f 4701 2878 4702
f 4702 2878 3472
f 6339 6347 6340
f 6340 6347 6348
f 6341 6342 6346
f 6346 6342 6345
f 4416 6308 4414
f 4414 6308 4687
f 6385 4690 6381
f 6381 4690 4344
f 5282 6341 5280
f 5280 6341 6339
f 4700 6342 6338
f 6338 6342 5281
f 6340 6348 4272
f 4272 6348 4270
f 6480 6479 4828
f 4828 6479 4829
f 6490 6479 6489
f 6489 6479 6478
f 4090 4430 6490
f 6490 4430 4429
f 6563 6564 4970
f 4970 6564 4815
f 4694 6566 4366
f 4366 6566 6563
f 6572 6385 6568
f 6568 6385 6381
f 4821 6285 4822
f 4822 6285 6875
f 6572 5266 6569
f 6569 5266 5269
f 3482 3103 4369
f 4369 3103 4370
f 3121 4730 3485
f 3485 4730 4327
f 6277 6280 6273
f 6273 6280 6272
f 6267 6276 6278
f 6278 6276 6279
f 6278 6279 6277
f 6277 6279 6280
f 6279 6256 6280
f 6280 6256 6255
f 6256 3857 6255
f 6255 3857 3754
f 3857 3856 3754
f 3754 3856 3755
f 3856 3703 3755
f 3755 3703 3863
f 3703 3702 3863
f 3863 3702 3759
f 3702 3706 3759
f 3759 3706 3670
f 3706 3705 3670
f 3670 3705 3668
f 3705 3773 3668
f 3668 3773 3882
f 3882 3773 3883
f 3883 3773 3707
f 3707 3708 3883
f 3883 3708 3880
f 3708 3710 3880
f 3880 3710 3881
f 3709 5241 3710
f 3710 5241 3881
f 5241 3709 5234
f 5234 3709 3786
f 3693 3712 3786
f 3786 3712 5234
f 4051 4055 4052
f 4052 4055 4056
f 4056 4055 4057
f 4057 4055 4054
f 4066 5238 5236
f 5236 5238 3989
f 4066 4069 5238
f 5238 4069 4035
f 6881 3962 3960
f 3960 3962 3957
f 6883 4070 6882
f 6882 4070 3941
f 4070 6883 4071
f 4071 6883 6884
f 4071 6884 4072
f 4072 6884 6885
f 6885 6886 4072
f 4072 6886 4031
f 3955 6881 3956
f 3956 6881 3960
f 6884 3991 6885
f 6885 3991 3990
f 6883 6887 6884
f 6884 6887 3991
f 6887 6888 3991
f 3991 6888 3992
f 6888 6887 6889
f 6889 6887 6890
f 6887 6883 6890
f 6890 6883 6882
f 4058 5240 3953
f 3953 5240 3954
f 5236 6888 5239
f 5239 6888 6889
f 5237 6886 3990
f 3990 6886 6885
f 4034 4031 5237
f 5237 4031 6886
f 6881 6882 3962
f 3962 6882 3941
f 6881 3955 6882
f 6882 3955 6890
f 3955 3954 6890
f 6890 3954 6889
f 5239 6889 5240
f 5240 6889 3954
f 6888 5236 3992
f 3992 5236 3989
f 3869 3868 3888
f 3888 3868 4015
f 3868 4012 4015
f 4015 4012 4010
f 4012 4022 4010
f 4010 4022 4009
f 4022 4021 4009
f 4009 4021 4018
f 4020 3974 4001
f 4001 3974 3996
f 4021 4020 4029
f 4029 4020 4001
f 4085 4156 4086
f 4086 4156 4155
f 4113 4777 4114
f 4114 4777 4776
f 4130 4129 4094
f 4094 4129 4091
f 4139 4773 4140
f 4140 4773 4772
f 4149 4178 4150
f 4150 4178 5225
f 4160 4159 4087
f 4087 4159 4088
f 4149 4148 4179
f 4179 4148 4141
f 4085 4084 4183
f 4183 4084 6315
f 4179 4141 4159
f 4159 4141 4088
f 4192 4130 4162
f 4162 4130 4094
f 4197 5288 4198
f 4198 5288 5287
f 4229 4766 4230
f 4230 4766 4771
f 4245 4246 4242
f 4242 4246 4249
f 4183 6315 4418
f 4418 6315 6314
f 4679 4178 4680
f 4680 4178 4177
f 4724 4798 4725
f 4725 4798 4271
f 4728 5275 4729
f 4729 5275 5274
f 4230 4771 4249
f 4249 4771 4242
f 4724 4723 4799
f 4799 4723 5355
f 4823 4824 4891
f 4891 4824 6327
f 4823 4192 4161
f 4161 4192 4162
f 4893 4767 4229
f 4229 4767 4766
f 4894 4895 4898
f 4898 4895 4899
f 4106 4150 4103
f 4103 4150 5225
f 4680 4894 4677
f 4677 4894 4898
f 6420 4977 5301
f 5301 4977 4976
f 4679 4678 5226
f 5226 4678 4427
f 5228 5008 4893
f 4893 5008 4767
f 5285 6354 5286
f 5286 6354 5343
f 5289 5352 5290
f 5290 5352 5349
f 5290 5349 5295
f 5295 5349 5348
f 5302 5299 4202
f 4202 5299 4976
f 4725 4271 5311
f 5311 4271 4270
f 5325 4723 5326
f 5326 4723 4722
f 5335 5355 5325
f 5325 5355 4723
f 5326 4722 5286
f 5286 4722 5283
f 4799 5357 4797
f 4797 5357 5361
f 5359 5356 5335
f 5335 5356 5355
f 4775 4774 5356
f 5356 4774 5357
f 5359 5358 4092
f 4092 5358 4093
f 6316 4740 6317
f 6317 4740 4739
f 6318 4827 6316
f 6316 4827 4740
f 6319 4828 6318
f 6318 4828 4827
f 6320 6480 6319
f 6319 6480 4828
f 6484 6322 6485
f 6485 6322 6321
f 6487 6324 6331
f 6331 6324 6323
f 6331 6323 6330
f 6330 6323 6325
f 6325 6326 6330
f 6330 6326 6329
f 6326 6328 6329
f 6329 6328 5231
f 4824 4685 5228
f 5228 4685 5008
f 5226 6343 5225
f 5225 6343 4103
f 4728 4727 6349
f 6349 4727 5284
f 6350 6351 5285
f 5285 6351 6354
f 4247 4246 6418
f 6418 4246 6365
f 6400 6402 6401
f 6401 6402 6459
f 4197 4196 6409
f 6409 4196 6426
f 6412 4897 6328
f 6328 4897 5231
f 6413 4133 6412
f 6412 4133 4897
f 6414 4134 6413
f 6413 4134 4133
f 6415 4225 6414
f 6414 4225 4134
f 6416 4252 6415
f 6415 4252 4225
f 6417 4253 6416
f 6416 4253 4252
f 4253 6417 6366
f 6366 6417 6419
f 6366 6419 4911
f 4911 6419 6421
f 6422 6423 4908
f 4908 6423 5298
f 5298 6423 6396
f 6396 6423 6424
f 6409 6426 6425
f 6425 6426 6397
f 5300 5299 6399
f 6399 5299 6400
f 6465 6408 6401
f 6401 6408 6398
f 6424 6399 6425
f 6425 6399 6398
f 6349 5284 5311
f 5311 5284 5283
f 6465 6464 5289
f 5289 6464 5352
f 6488 6483 6492
f 6492 6483 6482
f 6486 6491 6482
f 6482 6491 6492
f 6491 4895 6492
f 6492 4895 4157
f 6488 4160 6489
f 6489 4160 4087
f 6501 6502 4418
f 4418 6502 4417
f 6504 6500 6317
f 6317 6500 6314
f 3497 3496 6501
f 6501 3496 6502
f 3499 3498 6504
f 6504 3498 6500
f 4729 5274 4198
f 4198 5274 4195
f 6418 6365 6420
f 6420 6365 4977
f 5295 5348 6350
f 6350 5348 6351
f 5301 6422 6420
f 6420 6422 6421
f 4113 4112 4086
f 4086 4112 4083
f 6320 4112 6880
f 6880 4112 4111
f 4091 4772 4092
f 4092 4772 4775
f 4129 4140 4091
f 4091 4140 4772
f 4137 4140 4128
f 4128 4140 4129
f 4128 6324 4137
f 4137 6324 6321
f 6324 6487 6321
f 6321 6487 6485
f 6487 6486 6485
f 6485 6486 6482
f 4774 4773 4779
f 4779 4773 4776
f 4773 4139 4776
f 4776 4139 4114
f 4139 4138 4114
f 4114 4138 4111
f 4138 6322 4111
f 4111 6322 6880
f 6322 6484 6880
f 6880 6484 6481
f 6484 6483 6481
f 6481 6483 6478
f 6879 6343 6309
f 6309 6343 4428
f 4106 4105 4900
f 4900 4105 6307
f 3500 3167 6495
f 6495 3167 6496
f 3500 6495 3070
f 3070 6495 5368
f 3502 5235 3501
f 3501 5235 4813
f 3024 3503 6473
f 6473 3503 6474
f 3503 3023 6474
f 6474 3023 6374
f 3504 1770 4348
f 4348 1770 4345
f 3502 3505 5235
f 5235 3505 4810
f 3498 3497 6500
f 6500 3497 6501
f 3496 3075 6502
f 6502 3075 6275
f 6299 4254 3174
f 3174 4254 3017
f 1769 3501 4814
f 4814 3501 4813
f 3506 3018 6476
f 6476 3018 4257
f 3507 3499 6499
f 6499 3499 6504
f 3030 4216 3483
f 3483 4216 4215
f 3077 3507 6333
f 6333 3507 6499
f 1784 3160 5249
f 5249 3160 6523
f 3015 3506 4240
f 4240 3506 6476
f 3508 3504 6383
f 6383 3504 4348
f 3509 3016 6477
f 6477 3016 4239
f 3028 3509 6467
f 6467 3509 6477
f 3022 1785 5246
f 5246 1785 5247
f 3161 3508 6570
f 6570 3508 6383
f 3150 3149 4694
f 4694 3149 6566
f 1327 4807 3510
f 3510 4807 4811
f 3510 4811 3505
f 3505 4811 4810
f 3146 3511 4816
f 4816 3511 4350
f 3511 1808 4350
f 4350 1808 4351
f 3485 4327 3159
f 3159 4327 4330
f 1326 3512 4806
f 4806 3512 6310
f 3512 1331 6310
f 6310 1331 4688
