v 1.00538170337677 1.3932933807373 0.472216635942459
v 1.00864768028259 1.3785719871521 0.464808225631714
v 0.999805092811584 1.37580060958862 0.476342976093292
v 0.997393071651459 1.38687205314636 0.486079692840576
v 1.00163209438324 1.36612939834595 0.470098316669464
v 1.01022577285767 1.3668098449707 0.461235821247101
v 0.995098352432251 1.37028956413269 0.487970530986786
v 0.992783069610596 1.37794232368469 0.498951584100723
v 0.990619719028473 1.3355176448822 0.502322196960449
v 0.988754510879517 1.33123326301575 0.513097047805786
v 0.989302754402161 1.34379148483276 0.510970115661621
v 0.992294728755951 1.34452378749847 0.50071656703949
v 0.991168320178986 1.30945181846619 0.506631135940552
v 0.994674205780029 1.29954147338867 0.497628629207611
v 0.994496583938599 1.29085636138916 0.508240580558777
v 0.99233078956604 1.30026865005493 0.518067598342896
v 1.02129793167114 1.31071650981903 0.466485798358917
v 1.01592397689819 1.30443048477173 0.469025254249573
v 1.01252472400665 1.31149196624756 0.47031033039093
v 1.01863765716553 1.31692516803741 0.467838108539581
v 1.02917206287384 1.31975591182709 0.45781221985817
v 1.02918636798859 1.32542407512665 0.460965692996979
v 1.03288197517395 1.32877922058105 0.454725861549377
v 1.0317929983139 1.32239818572998 0.450797349214554
v 1.02617478370667 1.30504512786865 0.465381473302841
v 1.02060699462891 1.29859936237335 0.468578815460205
v 1.0256632566452 1.31609702110291 0.463595449924469
v 1.02693474292755 1.31143844127655 0.461291551589966
v 1.02696406841278 1.30466508865356 0.450620472431183
v 1.0259735584259 1.30958771705627 0.452203184366226
v 1.02767443656921 1.31022191047668 0.444715201854706
v 1.0288553237915 1.30468130111694 0.445287257432938
v 1.02635371685028 1.30439758300781 0.460490256547928
v 1.02529227733612 1.30735599994659 0.457728803157806
v 1.02702176570892 1.3032853603363 0.455020785331726
v 1.0291553735733 1.30115818977356 0.457979083061218
v 1.0289386510849 1.31518805027008 0.455214887857437
v 1.03024625778198 1.31669080257416 0.447627007961273
v 1.03246331214905 1.31765174865723 0.439801275730133
v 1.0302357673645 1.30934882164001 0.436994701623917
v 1.00646710395813 1.29164183139801 0.478850424289703
v 1.01047086715698 1.29816794395447 0.473106443881989
v 1.01525509357452 1.29305136203766 0.472020268440247
v 1.01123189926147 1.28780913352966 0.47636079788208
v 1.02869045734406 1.29833328723907 0.461719512939453
v 1.02437722682953 1.28274285793304 0.463561058044434
v 1.02420675754547 1.28656840324402 0.463176906108856
v 1.02901601791382 1.28691363334656 0.45779949426651
v 1.02859437465668 1.28337812423706 0.458476066589355
v 1.00341093540192 1.2779438495636 0.489908367395401
v 1.00778961181641 1.27628695964813 0.484115779399872
v 1.00782322883606 1.26948750019073 0.487287670373917
v 1.004265666008 1.2697434425354 0.494226574897766
v 1.01007378101349 1.26344871520996 0.488063871860504
v 1.00611746311188 1.26171767711639 0.497334837913513
v 1.01427567005157 1.2468478679657 0.495582520961761
v 1.01002633571625 1.25339508056641 0.496864855289459
v 1.01336622238159 1.25748300552368 0.486926883459091
v 1.01737689971924 1.25189161300659 0.482790589332581
v 1.0269079208374 1.25571119785309 0.471182703971863
v 1.03168547153473 1.2539736032486 0.46724009513855
v 1.0273802280426 1.24203145503998 0.471261233091354
v 1.02226889133453 1.24609100818634 0.476392567157745
v 1.02567112445831 1.27702176570892 0.468160510063171
v 1.02268099784851 1.27745461463928 0.471824377775192
v 1.02182447910309 1.27885472774506 0.469567179679871
v 1.02485930919647 1.27956163883209 0.465263217687607
v 1.01979112625122 1.27751731872559 0.474616855382919
v 1.01839053630829 1.27737617492676 0.475769609212875
v 1.01828908920288 1.27861678600311 0.474425911903381
v 1.01974904537201 1.27819955348969 0.473951041698456
v 1.02143454551697 1.27766585350037 0.472923040390015
v 1.02221131324768 1.2756507396698 0.4724081158638
v 1.0204952955246 1.27661955356598 0.473971605300903
v 1.024778008461 1.27448105812073 0.46885073184967
v 1.03445565700531 1.27103209495544 0.458149880170822
v 1.0311199426651 1.27182734012604 0.460312694311142
v 1.03293037414551 1.27625453472137 0.460573703050613
v 1.0358407497406 1.27585208415985 0.458752989768982
v 1.01954245567322 1.28028810024261 0.472139358520508
v 1.01713943481445 1.28199577331543 0.473033487796783
v 1.01984989643097 1.28438913822174 0.468602061271667
v 1.02112948894501 1.28155851364136 0.469047904014587
v 1.01469492912292 1.28410422801971 0.473961412906647
v 1.01633107662201 1.27998924255371 0.475592494010925
v 1.01359903812408 1.28094267845154 0.477061599493027
v 1.01895761489868 1.27559578418732 0.475810527801514
v 1.01674354076385 1.27415823936462 0.478175133466721
v 1.0159113407135 1.27681517601013 0.477084070444107
v 1.01836335659027 1.27074420452118 0.477359056472778
v 1.02085793018341 1.27348518371582 0.474263280630112
v 1.0233006477356 1.27128386497498 0.470776408910751
v 1.02659153938293 1.26916074752808 0.466303467750549
v 1.02501285076141 1.26466822624207 0.470288217067719
v 1.02115225791931 1.26744627952576 0.474385499954224
v 1.01832687854767 1.28845310211182 0.469683945178986
v 1.01239800453186 1.27648758888245 0.480166733264923
v 1.00921952724457 1.28293251991272 0.480483531951904
v 1.01278138160706 1.27174758911133 0.481693685054779
v 1.01467025279999 1.26707899570465 0.481757760047913
v 1.0179271697998 1.2627387046814 0.479587554931641
v 1.02217042446136 1.25889492034912 0.475414633750916
v 1.02776145935059 1.23388230800629 0.4836106300354
v 1.02096426486969 1.23950910568237 0.488797277212143
v 1.01255106925964 1.3589334487915 0.463400721549988
v 1.00489413738251 1.35895884037018 0.468885809183121
v 1.00552701950073 1.35133445262909 0.473934382200241
v 1.00371718406677 1.35378694534302 0.474413573741913
v 1.00810647010803 1.35485684871674 0.469818234443665
v 1.00896275043488 1.3521249294281 0.470560193061829
v 0.996501982212067 1.34566867351532 0.493254601955414
v 0.999993562698364 1.34691953659058 0.487260460853577
v 0.999912619590759 1.34329545497894 0.489006757736206
v 0.994839131832123 1.33923435211182 0.494756281375885
v 1.00488269329071 1.33488142490387 0.480644822120667
v 1.00169467926025 1.33658814430237 0.484913945198059
v 1.00476586818695 1.34287083148956 0.480755925178528
v 1.00703740119934 1.34162247180939 0.477575242519379
v 1.01008749008179 1.34080946445465 0.474651515483856
v 1.01382756233215 1.34057569503784 0.472254455089569
v 1.01356506347656 1.33519816398621 0.473427832126617
v 1.00907027721405 1.33464276790619 0.476616740226746
v 1.01425778865814 1.35550045967102 0.466890454292297
v 1.02127957344055 1.35441040992737 0.465022146701813
v 1.02016937732697 1.35149133205414 0.466747224330902
v 1.01415967941284 1.35241270065308 0.467784345149994
v 1.03103244304657 1.34457194805145 0.46923640370369
v 1.02967083454132 1.34708333015442 0.468374907970428
v 1.03283178806305 1.34820365905762 0.466160297393799
v 1.03376650810242 1.34374344348907 0.467132329940796
v 1.03139054775238 1.34084641933441 0.467825770378113
v 1.02964174747467 1.34300637245178 0.469271749258041
v 1.01571559906006 1.41440343856812 0.470139145851135
v 1.01690280437469 1.39749121665955 0.461548626422882
v 1.00359928607941 1.40887832641602 0.485531449317932
v 0.996911525726318 1.39867424964905 0.499473452568054
v 0.991218626499176 1.38579273223877 0.511697888374329
v 0.998656928539276 1.28308534622192 0.498295962810516
v 0.998759150505066 1.27443265914917 0.505364000797272
v 0.994914591312408 1.28293943405151 0.518401265144348
v 0.997981250286102 1.27281546592712 0.523318767547607
v 1.00146722793579 1.26419365406036 0.509239017963409
v 1.01431977748871 1.24484515190125 0.509657263755798
v 1.00661265850067 1.25359654426575 0.510782957077026
v 1.00376093387604 1.2627284526825 0.528059780597687
v 1.00089490413666 1.2765120267868 0.543902158737183
v 0.996000409126282 1.2834939956665 0.536373198032379
v 1.00081825256348 1.29293322563171 0.55550354719162
v 1.00748336315155 1.26895380020142 0.554096877574921
v 1.00562298297882 1.29198741912842 0.563409626483917
v 1.02012944221497 1.23523664474487 0.548805952072144
v 1.01928126811981 1.22620034217834 0.553770244121552
v 1.01403403282166 1.23383259773254 0.569478034973145
v 1.01339602470398 1.24306011199951 0.564366102218628
v 0.993171632289886 1.2914787530899 0.52875155210495
v 0.989167928695679 1.35438847541809 0.517613708972931
v 0.990714609622955 1.35376811027527 0.505936980247498
v 0.988423347473145 1.34209823608398 0.522954702377319
v 0.995098412036896 1.4158399105072 0.533277153968811
v 0.996781647205353 1.40876841545105 0.515321433544159
v 0.989887773990631 1.3945152759552 0.524202227592468
v 0.990530252456665 1.40188550949097 0.539727091789246
v 1.02106785774231 1.44864201545715 0.514969825744629
v 1.01685070991516 1.43354487419128 0.491104483604431
v 1.00660693645477 1.42385840415955 0.502524137496948
v 1.00756740570068 1.43542408943176 0.522431969642639
v 0.992512583732605 1.40440309047699 0.553584218025208
v 0.995891690254211 1.40672087669373 0.572544634342194
v 1.00304269790649 1.42246925830841 0.576854288578033
v 0.998328626155853 1.42212271690369 0.554010450839996
v 1.01691293716431 1.44227862358093 0.578981995582581
v 1.01183795928955 1.44248175621033 0.55133068561554
v 1.01106882095337 1.2791782617569 0.573545634746552
v 1.0101306438446 1.29819655418396 0.57491409778595
v 1.01214301586151 1.25429475307465 0.557437837123871
v 1.01216554641724 1.26329982280731 0.574651002883911
v 1.03611505031586 1.45652961730957 0.577161371707916
v 1.02918815612793 1.4579610824585 0.545633912086487
v 1.01985943317413 1.38720059394836 0.618168532848358
v 1.01509869098663 1.40447378158569 0.610215425491333
v 1.00439357757568 1.39130067825317 0.59676730632782
v 1.00926780700684 1.37762105464935 0.606092214584351
v 1.03351211547852 1.39758348464966 0.630462884902954
v 1.02948129177094 1.41758131980896 0.620593130588531
v 1.03003740310669 1.3315794467926 0.61852490901947
v 1.03472900390625 1.31317687034607 0.611702740192413
v 1.04542565345764 1.31534075737 0.621394276618958
v 1.04163193702698 1.33369636535645 0.629815280437469
v 0.996746361255646 1.36346387863159 0.47947832942009
v 0.99985271692276 1.35733270645142 0.475271642208099
v 0.997668862342834 1.35460638999939 0.482016652822495
v 0.994798541069031 1.35891389846802 0.488243609666824
v 0.99253261089325 1.3628466129303 0.497884571552277
v 0.990652561187744 1.36711621284485 0.509521245956421
v 0.988901555538177 1.38177406787872 0.532898604869843
v 0.989279627799988 1.38991796970367 0.546334207057953
v 0.993431568145752 1.39297151565552 0.571027874946594
v 0.990409433841705 1.39167070388794 0.556936204433441
v 1.00007152557373 1.37830066680908 0.59029221534729
v 1.00318086147308 1.36947154998779 0.596374690532684
v 1.01476871967316 1.30983138084412 0.588391184806824
v 1.01846981048584 1.28793382644653 0.58829540014267
v 1.02828073501587 1.29226219654083 0.59987872838974
v 1.02496182918549 1.31190049648285 0.601630330085754
v 1.04760706424713 1.2958664894104 0.616252660751343
v 1.03856074810028 1.29461646080017 0.608610033988953
v 1.02057123184204 1.25513815879822 0.593616604804993
v 1.02123820781708 1.24234557151794 0.599702477455139
v 1.02906692028046 1.24629020690918 0.613351881504059
v 1.0294269323349 1.25847542285919 0.606086790561676
v 1.0382786989212 1.24719250202179 0.623579621315002
v 1.04948699474335 1.24756002426147 0.628829777240753
v 1.04955446720123 1.2627067565918 0.622511625289917
v 1.0398862361908 1.26169121265411 0.61622416973114
v 1.03746354579926 1.21510100364685 0.534063756465912
v 1.03709304332733 1.20775580406189 0.537882447242737
v 1.02684926986694 1.21225762367249 0.546099305152893
v 1.0286191701889 1.220050573349 0.542105317115784
v 1.02045512199402 1.23180913925171 0.607114136219025
v 1.02786719799042 1.23676824569702 0.621082067489624
v 1.01923668384552 1.32890927791595 0.605350613594055
v 1.0121248960495 1.32904136180878 0.594921886920929
v 1.03643250465393 1.23702120780945 0.631477415561676
v 1.03920066356659 1.27690279483795 0.610215425491333
v 1.02935218811035 1.27366042137146 0.602010130882263
v 1.05957174301147 1.29758381843567 0.621944844722748
v 1.05820560455322 1.31766831874847 0.627732932567596
v 1.02438354492188 1.32144832611084 0.465382277965546
v 1.02326655387878 1.3375324010849 0.469686567783356
v 1.02275907993317 1.34155416488647 0.469619691371918
v 1.02676129341125 1.34226739406586 0.469280242919922
v 1.0277247428894 1.33898448944092 0.468738675117493
v 1.03159809112549 1.37616276741028 0.448662966489792
v 1.03297924995422 1.35936737060547 0.450497925281525
v 1.02050840854645 1.36411714553833 0.454067409038544
v 1.01956164836884 1.37873327732086 0.455153226852417
v 0.99706107378006 1.31056797504425 0.485941827297211
v 1.00459218025208 1.3151638507843 0.47659108042717
v 1.00650119781494 1.30550563335419 0.474770963191986
v 1.00170135498047 1.29892230033875 0.481893241405487
v 1.00202322006226 1.34770882129669 0.483443975448608
v 1.00032544136047 1.34994256496429 0.483535468578339
v 1.00235044956207 1.34912002086639 0.480593502521515
v 1.00473237037659 1.28540372848511 0.484091103076935
v 0.999517023563385 1.2911285161972 0.490060895681381
v 0.989030659198761 1.32762384414673 0.524994313716888
v 0.993772089481354 1.35262703895569 0.495760440826416
v 1.04197454452515 1.45773220062256 0.504995167255402
v 1.0350341796875 1.43970739841461 0.478665828704834
v 1.05707323551178 1.46696329116821 0.57203221321106
v 1.04969072341919 1.46763050556183 0.538465440273285
v 1.04778003692627 1.42793369293213 0.628333926200867
v 1.05240941047668 1.40677952766418 0.639776349067688
v 1.0711430311203 1.41128897666931 0.644883990287781
v 1.06938970088959 1.43547213077545 0.627838432788849
v 1.05644607543945 1.3361279964447 0.636289358139038
v 1.05968904495239 1.2476270198822 0.630204141139984
v 1.06078159809113 1.26401901245117 0.62514066696167
v 1.0306293964386 1.41759467124939 0.461932957172394
v 1.03085279464722 1.39590978622437 0.452386051416397
v 0.990108847618103 1.37400150299072 0.52221155166626
v 0.990271687507629 1.3258228302002 0.500052094459534
v 0.993699193000793 1.33244013786316 0.492995411157608
v 0.994878172874451 1.32766509056091 0.488882541656494
v 0.991633296012878 1.31838202476501 0.495799422264099
v 0.989685416221619 1.31859695911407 0.510671734809875
v 0.990706443786621 1.31252729892731 0.524118483066559
v 0.992359817028046 1.30692315101624 0.539540648460388
v 0.996386349201202 1.29731857776642 0.54844605922699
v 1.00107932090759 1.40330183506012 0.588160276412964
v 1.01005101203918 1.41798114776611 0.598065912723541
v 1.02453351020813 1.43362045288086 0.603531837463379
v 1.04246735572815 1.44563090801239 0.605926930904388
v 0.998000800609589 1.39180183410645 0.583960175514221
v 1.0639226436615 1.45451211929321 0.602722346782684
v 1.03007078170776 1.2915518283844 0.457822740077972
v 1.02446365356445 1.2925318479538 0.464222460985184
v 1.03186559677124 1.2956600189209 0.456893265247345
v 1.03023910522461 1.26746785640717 0.462581992149353
v 1.03393578529358 1.26647734642029 0.460180759429932
v 1.03390777111053 1.26160752773285 0.464453339576721
v 1.029465675354 1.26271820068359 0.466809928417206
v 1.0312727689743 1.23195576667786 0.499193102121353
v 1.023113489151 1.23745095729828 0.504829585552216
v 1.03711640834808 1.22196972370148 0.528618037700653
v 1.02914249897003 1.22763323783875 0.536946475505829
v 1.03120958805084 1.30340838432312 0.451178133487701
v 1.03272199630737 1.30353665351868 0.450364202260971
v 1.03346276283264 1.3028085231781 0.452692419290543
v 1.03156340122223 1.30301904678345 0.453518211841583
v 1.02070844173431 1.27860641479492 0.471961677074432
v 1.03276395797729 1.28280937671661 0.455249518156052
v 1.03563165664673 1.28230357170105 0.453951895236969
v 1.03569638729095 1.27906429767609 0.45610374212265
v 1.03282701969147 1.27956521511078 0.457494139671326
v 1.01417756080627 1.25063681602478 0.531359791755676
v 1.01916563510895 1.2439329624176 0.541949689388275
v 1.01488566398621 1.23703610897064 0.583588719367981
v 1.01406097412109 1.24936652183533 0.578781485557556
v 1.01975810527802 1.27027213573456 0.589765429496765
v 1.04963183403015 1.28020405769348 0.617394208908081
v 1.05943310260773 1.28021013736725 0.622216403484344
v 1.08283960819244 1.28388023376465 0.621039509773254
v 1.08510529994965 1.30005633831024 0.622245371341705
v 1.0725439786911 1.29926669597626 0.624955177307129
v 1.07165122032166 1.28228783607483 0.623603940010071
v 1.02543115615845 1.23721301555634 0.520023941993713
v 1.03394150733948 1.23131024837494 0.51287043094635
v 1.03598761558533 1.22847735881805 0.522201478481293
v 1.02826189994812 1.23428511619568 0.530227184295654
v 1.03584063053131 1.29982459545135 0.449147045612335
v 1.03679358959198 1.29853737354279 0.447473526000977
v 1.03700923919678 1.29693233966827 0.450732052326202
v 1.03544116020203 1.29918730258942 0.45148429274559
v 1.03121149539948 1.30149984359741 0.455844402313232
v 1.03326964378357 1.30023264884949 0.455241292715073
v 1.03287529945374 1.29846739768982 0.455917000770569
v 1.02963066101074 1.3032238483429 0.450913667678833
v 1.0298308134079 1.30243062973022 0.453963577747345
v 1.03299474716187 1.30286931991577 0.444991886615753
v 1.03073751926422 1.30323815345764 0.447347462177277
v 1.03175175189972 1.30215430259705 0.440253078937531
v 1.03484892845154 1.30122423171997 0.45074725151062
v 1.03463649749756 1.3003191947937 0.452716112136841
v 1.03218078613281 1.30219173431396 0.45486980676651
v 1.03373634815216 1.30165326595306 0.454326570034027
v 1.0332555770874 1.30330348014832 0.447100698947906
v 1.03184032440186 1.30340361595154 0.448848277330399
v 1.03443884849548 1.32471537590027 0.443697094917297
v 1.03959345817566 1.3250138759613 0.439539015293121
v 1.0380996465683 1.31745147705078 0.435469329357147
v 1.03671288490295 1.30868792533875 0.432287305593491
v 1.0370854139328 1.30099260807037 0.435835778713226
v 1.04349398612976 1.22493720054626 0.51731276512146
v 1.04455661773682 1.2183963060379 0.523525655269623
v 1.04634511470795 1.3937361240387 0.44755893945694
v 1.04448878765106 1.37372696399689 0.445653080940247
v 1.02043783664703 1.27777671813965 0.473969876766205
v 1.021320104599 1.35765147209167 0.461289763450623
v 0.999453783035278 1.32478296756744 0.482336103916168
v 1.01812779903412 1.32349050045013 0.469762861728668
v 1.01163804531097 1.31959593296051 0.472329020500183
v 1.01261746883392 1.32775378227234 0.473394930362701
v 1.01836133003235 1.33008658885956 0.470844864845276
v 1.03033840656281 1.35422646999359 0.459517896175385
v 1.03771817684174 1.34897005558014 0.453073501586914
v 1.03577542304993 1.34871244430542 0.460613250732422
v 1.03651881217957 1.34208059310913 0.46187886595726
v 1.03718054294586 1.33964824676514 0.453335493803024
v 1.03377020359039 1.33381938934326 0.45930415391922
v 1.03358602523804 1.3374490737915 0.464676380157471
v 1.00355112552643 1.35040700435638 0.477376848459244
v 1.00151300430298 1.35210335254669 0.47895222902298
v 1.02932035923004 1.33018600940704 0.464183449745178
v 1.02411222457886 1.32690572738647 0.467494428157806
v 1.02397429943085 1.33234918117523 0.469170838594437
v 1.0290914773941 1.33456408977509 0.467235505580902
v 1.00625026226044 1.32554876804352 0.477008432149887
v 0.997168302536011 1.35118341445923 0.488505303859711
v 1.00021135807037 1.33957624435425 0.488027513027191
v 1.00668060779572 1.33276653289795 0.586590826511383
v 1.00842881202698 1.32011747360229 0.58137971162796
v 0.996834695339203 1.30738878250122 0.565722048282623
v 0.998030245304108 1.30272161960602 0.563278317451477
v 1.00475382804871 1.30601370334625 0.565733909606934
v 1.00055336952209 1.31018400192261 0.569036662578583
v 0.993656754493713 1.36425387859344 0.575442671775818
v 0.994992911815643 1.37213170528412 0.577576458454132
v 0.992771506309509 1.37171006202698 0.570484638214111
v 0.993431210517883 1.36447644233704 0.572637915611267
v 0.991940915584564 1.36636292934418 0.565766751766205
v 0.991534829139709 1.36879992485046 0.562956809997559
v 0.991790652275085 1.3605899810791 0.562700390815735
v 0.992303729057312 1.36157166957855 0.566100537776947
v 0.990199506282806 1.37929213047028 0.560275793075562
v 0.989153802394867 1.37526738643646 0.550629496574402
v 0.990967571735382 1.36420774459839 0.55546247959137
v 0.990066289901733 1.3569347858429 0.532465219497681
v 0.992439091205597 1.34825968742371 0.546700417995453
v 0.991607010364532 1.35762524604797 0.54983526468277
v 0.989923536777496 1.36826324462891 0.541342079639435
v 0.997245371341705 1.30768859386444 0.558804273605347
v 0.996049761772156 1.31455516815186 0.553527295589447
v 1.0077143907547 1.31089401245117 0.573168992996216
v 1.09461295604706 1.41589379310608 0.635045528411865
v 1.09201323986053 1.43994629383087 0.617569088935852
v 1.02225160598755 1.36940097808838 0.622747123241425
v 1.03655159473419 1.37632250785828 0.633630692958832
v 1.01223993301392 1.36250114440918 0.610379457473755
v 1.00602614879608 1.3573009967804 0.598648250102997
v 1.05221283435822 1.38324236869812 0.642803311347961
v 1.07103788852692 1.386234998703 0.647256374359131
v 0.989524960517883 1.33979344367981 0.535629451274872
v 0.994141340255737 1.33673238754272 0.547519207000732
v 1.02557420730591 1.34978139400482 0.623117208480835
v 1.03875017166138 1.3543906211853 0.633617460727692
v 1.01598656177521 1.34583497047424 0.609762489795685
v 1.00907576084137 1.3441379070282 0.598323583602905
v 1.05601251125336 1.36087453365326 0.640878617763519
v 1.073606133461 1.3372745513916 0.636462211608887
v 1.07475507259369 1.3597936630249 0.641588151454926
v 0.995722472667694 1.3193461894989 0.56461888551712
v 0.996242225170135 1.31693530082703 0.560528576374054
v 0.997405052185059 1.31102776527405 0.562357544898987
v 0.994395971298218 1.31338810920715 0.564518749713898
v 0.991327583789825 1.32499718666077 0.53840309381485
v 0.994662582874298 1.32528746128082 0.550625264644623
v 1.03554022312164 1.3317608833313 0.447815328836441
v 1.04261517524719 1.3403058052063 0.446991920471191
v 1.04102325439453 1.33253121376038 0.443267285823822
v 1.04372274875641 1.34876704216003 0.448881804943085
v 1.0714567899704 1.46854567527771 0.528611600399017
v 1.06326031684875 1.4590368270874 0.497477471828461
v 1.08665835857391 1.45939230918884 0.592994868755341
v 1.07962238788605 1.46973586082458 0.561611592769623
v 1.03612792491913 1.25313127040863 0.464797616004944
v 1.033407330513 1.24002122879028 0.467958331108093
v 1.03412699699402 1.29069471359253 0.454176723957062
v 1.03687536716461 1.28976261615753 0.453109920024872
v 1.03611028194427 1.28587126731873 0.453322768211365
v 1.03325080871582 1.28667461872101 0.454520404338837
v 1.0280636548996 1.35187232494354 0.465134829282761
v 1.07346880435944 1.31845557689667 0.629640161991119
v 1.07185733318329 1.26557338237762 0.624835073947906
v 1.07087075710297 1.24852156639099 0.629587292671204
v 1.04773712158203 1.23570692539215 0.637046575546265
v 1.0595486164093 1.23452961444855 0.638176202774048
v 1.03732466697693 1.29349613189697 0.452328145503998
v 1.03497612476349 1.29440450668335 0.453749239444733
v 1.03440093994141 1.30282437801361 0.448451846837997
v 1.02881586551666 1.27986931800842 0.460465550422668
v 1.03517460823059 1.29724013805389 0.453213453292847
v 1.03459572792053 1.29932308197021 0.453260183334351
v 1.03881502151489 1.29605352878571 0.449789106845856
v 1.03883373737335 1.29302847385406 0.451939165592194
v 1.01832711696625 1.33624649047852 0.471039772033691
v 1.01809787750244 1.34096884727478 0.470520973205566
v 1.03513145446777 1.29963004589081 0.443764269351959
v 1.03512048721313 1.30121624469757 0.446240365505219
v 1.03829109668732 1.29838645458221 0.442564576864243
v 1.01826858520508 1.2174779176712 0.558991372585297
v 1.01397180557251 1.22329783439636 0.57504940032959
v 1.03766477108002 1.28199326992035 0.453425675630569
v 1.03774774074554 1.27855741977692 0.455424427986145
v 1.05537688732147 1.44025349617004 0.470195293426514
v 1.0906286239624 1.33315181732178 0.633905291557312
v 1.09184229373932 1.35487449169159 0.639368057250977
v 0.993712484836578 1.34281837940216 0.555299997329712
v 0.993210196495056 1.33980417251587 0.561206221580505
v 0.992886185646057 1.34732961654663 0.562272906303406
v 0.992939174175262 1.35046947002411 0.55630886554718
v 1.0452892780304 1.21159887313843 0.528993964195251
v 1.01498162746429 1.22752046585083 0.591378092765808
v 1.07157981395721 1.23505139350891 0.637767851352692
v 1.00237774848938 1.3460727930069 0.484153181314468
v 1.00338315963745 1.34442031383514 0.483179986476898
v 1.02574610710144 1.34974932670593 0.467258751392365
v 1.09629964828491 1.38201379776001 0.644446134567261
v 1.02779364585876 1.27291417121887 0.464240729808807
v 1.02948892116547 1.27674078941345 0.463798522949219
v 1.08237648010254 1.26713168621063 0.622914552688599
v 1.04138219356537 1.22799110412598 0.50851833820343
v 1.03805840015411 1.29771828651428 0.446444064378738
v 1.08678925037384 1.31641173362732 0.627453804016113
v 0.992282330989838 1.35524952411652 0.569288015365601
v 0.990375578403473 1.35317087173462 0.56682014465332
v 0.991027534008026 1.34985506534576 0.567545354366302
v 0.992692232131958 1.35081458091736 0.568428158760071
v 0.988415777683258 1.35543167591095 0.562788605690002
v 0.987947702407837 1.35252463817596 0.565319895744324
v 0.986533463001251 1.35585141181946 0.566371262073517
v 0.987414419651031 1.35928165912628 0.564362645149231
v 0.99206018447876 1.35641491413116 0.559061050415039
v 0.990063607692719 1.35127484798431 0.561846315860748
v 0.986047089099884 1.35827159881592 0.568157017230988
v 0.985876858234406 1.36072421073914 0.566670596599579
v 0.988555014133453 1.36251091957092 0.56692099571228
v 0.992825388908386 1.36327588558197 0.569528639316559
v 0.984469771385193 1.36255133152008 0.570330262184143
v 0.988258481025696 1.36479496955872 0.571158230304718
v 0.983302593231201 1.36314249038696 0.575687825679779
v 0.98828536272049 1.36581921577454 0.576504468917847
v 0.98345273733139 1.36135506629944 0.581456184387207
v 0.989371657371521 1.36315894126892 0.582157075405121
v 0.99496978521347 1.32411420345306 0.558826327323914
v 0.995388746261597 1.32577955722809 0.565361320972443
v 0.98372209072113 1.35680496692657 0.585585653781891
v 0.990428924560547 1.35735893249512 0.585794031620026
v 0.984561145305634 1.35033798217773 0.5884969830513
v 0.99091899394989 1.35063421726227 0.587983131408691
v 0.986021757125854 1.34326589107513 0.588573276996613
v 0.991128265857697 1.34362804889679 0.5888911485672
v 0.987068474292755 1.33565056324005 0.588248252868652
v 0.992327928543091 1.33414614200592 0.589063167572021
v 0.988390684127808 1.32794117927551 0.585599184036255
v 0.99366968870163 1.32430505752563 0.586461067199707
v 0.986563503742218 1.36123704910278 0.57623702287674
v 0.986516356468201 1.35913562774658 0.58063542842865
v 0.996326148509979 1.36069416999817 0.577406644821167
v 0.986445605754852 1.36091184616089 0.57139265537262
v 0.993595123291016 1.34646451473236 0.574704527854919
v 0.995985627174377 1.34939026832581 0.574438631534576
v 0.995526313781738 1.34773445129395 0.574339270591736
v 0.996499598026276 1.34667539596558 0.576644480228424
v 0.993838310241699 1.33251118659973 0.562642812728882
v 0.993367731571198 1.33310127258301 0.566734969615936
v 0.993219494819641 1.33852791786194 0.56521612405777
v 0.994938552379608 1.32920050621033 0.56759250164032
v 0.996218383312225 1.33080148696899 0.568141043186188
v 0.996439695358276 1.33429348468781 0.567029774188995
v 0.996953785419464 1.33878064155579 0.566133558750153
v 0.996410608291626 1.33002555370331 0.570350646972656
v 0.994965374469757 1.32814288139343 0.570289015769958
v 0.997571110725403 1.33112597465515 0.570215702056885
v 0.997625470161438 1.33167541027069 0.568909347057343
v 0.998660862445831 1.33420920372009 0.569101274013519
v 0.99851131439209 1.33794403076172 0.570672750473022
v 0.994212925434113 1.33364522457123 0.556528925895691
v 1.00128448009491 1.33547043800354 0.580835580825806
v 1.00277459621429 1.32570862770081 0.578033208847046
v 0.989901959896088 1.32184445858002 0.580369114875793
v 0.993268489837646 1.31553411483765 0.580617189407349
v 0.992049872875214 1.31027579307556 0.568609595298767
v 0.991740047931671 1.30962646007538 0.574754893779755
v 0.998557388782501 1.35620152950287 0.580093741416931
v 0.999011635780334 1.35027050971985 0.582400321960449
v 1.00257468223572 1.31753873825073 0.573105156421661
v 0.999561429023743 1.34347403049469 0.5835000872612
v 0.989384055137634 1.33165097236633 0.58331561088562
v 0.991136074066162 1.32744204998016 0.579427480697632
v 0.988168299198151 1.33715808391571 0.585805416107178
v 0.993778705596924 1.32481718063354 0.56967681646347
v 0.99258017539978 1.31837391853333 0.56921249628067
v 0.990560472011566 1.3190895318985 0.574681758880615
v 0.993023812770844 1.32542300224304 0.574769020080566
v 0.989824235439301 1.33423364162445 0.580392062664032
v 0.992635905742645 1.33119690418243 0.577754735946655
v 0.992786407470703 1.33679854869843 0.578974068164825
v 0.995396375656128 1.33421528339386 0.576634168624878
v 0.99634325504303 1.33148503303528 0.573183059692383
v 0.994508981704712 1.32922422885895 0.574034631252289
v 0.999151706695557 1.33655858039856 0.575351059436798
v 0.996238648891449 1.33993780612946 0.577283561229706
v 0.998540937900543 1.33303844928741 0.572163343429565
v 0.990553438663483 1.33985686302185 0.579654514789581
v 0.988695979118347 1.34393131732941 0.580249667167664
v 0.990230143070221 1.34567093849182 0.576593041419983
v 0.993129372596741 1.34273958206177 0.57744300365448
v 0.987839579582214 1.34342396259308 0.586520910263062
v 0.987128376960754 1.34326040744781 0.583423495292664
v 0.988457083702087 1.3383594751358 0.58255809545517
v 0.986508786678314 1.34868919849396 0.583222389221191
v 0.987305760383606 1.34989261627197 0.586012780666351
v 0.987642884254456 1.3481388092041 0.580520987510681
v 0.988606989383698 1.34868359565735 0.578023016452789
v 0.986455976963043 1.35680997371674 0.579037666320801
v 0.986428618431091 1.35340237617493 0.581540048122406
v 0.986532866954803 1.35546779632568 0.583929061889648
v 0.986882865428925 1.35169529914856 0.579242050647736
v 0.987337052822113 1.35434770584106 0.577368199825287
v 0.988349258899689 1.35239446163177 0.576550483703613
v 0.987878620624542 1.35102033615112 0.578191936016083
v 0.988094925880432 1.35817837715149 0.5690096616745
v 0.988986372947693 1.35616779327393 0.567351818084717
v 0.987789869308472 1.358962059021 0.571909368038177
v 0.989525556564331 1.35955727100372 0.570667207241058
v 0.989133179187775 1.35688531398773 0.572069764137268
v 0.990855813026428 1.35831868648529 0.570028364658356
v 0.989986002445221 1.35476922988892 0.571552813053131
v 0.991781830787659 1.35167181491852 0.571100473403931
v 1.03452920913696 1.19101703166962 0.54113382101059
v 1.03583061695099 1.19959425926208 0.540265619754791
v 1.04672825336456 1.196364402771 0.535329699516296
v 1.04718554019928 1.18855047225952 0.536505520343781
v 0.989036440849304 1.35352551937103 0.57393354177475
v 0.988232016563416 1.35593795776367 0.57482236623764
v 0.987370133399963 1.35884237289429 0.575710654258728
v 0.991353273391724 1.34879040718079 0.574154913425446
v 0.990141630172729 1.34826278686523 0.575374782085419
v 0.989285886287689 1.35003554821014 0.575732469558716
v 0.990521430969238 1.35092782974243 0.573654174804688
v 0.993652641773224 1.34277606010437 0.565124213695526
v 0.995702862739563 1.34198832511902 0.568350613117218
v 0.996506631374359 1.34075784683228 0.572697639465332
v 1.00531756877899 1.18287289142609 0.570830464363098
v 0.995504081249237 1.18972361087799 0.58939802646637
v 1.00140821933746 1.19773542881012 0.588223040103912
v 1.01054561138153 1.19152295589447 0.571179926395416
v 0.991803050041199 1.16412532329559 0.556397199630737
v 0.988015592098236 1.14944887161255 0.543537437915802
v 0.969991028308868 1.15442645549774 0.56008505821228
v 0.974423110485077 1.17074680328369 0.583478510379791
v 0.968314707279205 1.13811635971069 0.542731046676636
v 0.985982596874237 1.13374853134155 0.530409038066864
v 0.964450359344482 1.09075677394867 0.499546706676483
v 0.96581506729126 1.10597848892212 0.513377606868744
v 0.982245206832886 1.10421884059906 0.504170119762421
v 0.980551540851593 1.08918821811676 0.491169899702072
v 0.938046157360077 1.01260662078857 0.463229835033417
v 0.949008822441101 1.01439332962036 0.456476867198944
v 0.956845700740814 0.997724175453186 0.45430788397789
v 0.944867312908173 0.993388831615448 0.462316662073135
v 0.911245048046112 1.11445415019989 0.569735765457153
v 0.904529333114624 1.10476064682007 0.574153184890747
v 0.901418089866638 1.12279486656189 0.587463080883026
v 0.909266114234924 1.13182473182678 0.583579003810883
v 0.980655789375305 1.19644391536713 0.64028799533844
v 0.988588154315948 1.20028877258301 0.63717520236969
v 0.985596299171448 1.18935585021973 0.613045454025269
v 0.976090848445892 1.18537855148315 0.614598572254181
v 0.906298756599426 1.02496266365051 0.52501767873764
v 0.909175276756287 1.03551089763641 0.516380786895752
v 0.910802841186523 1.0237272977829 0.506151437759399
v 0.908371388912201 1.01284492015839 0.513089001178741
v 0.93358588218689 0.929696261882782 0.50024402141571
v 0.94523149728775 0.929371953010559 0.482060015201569
v 0.945654690265656 0.90986704826355 0.478511691093445
v 0.933841049671173 0.909824311733246 0.49773034453392
v 0.912243068218231 0.949075400829315 0.576871037483215
v 0.913550794124603 0.931333243846893 0.573531627655029
v 0.919507622718811 0.929827868938446 0.60015743970871
v 0.918535470962524 0.946341037750244 0.603674590587616
v 0.937947452068329 1.09157538414001 0.517835915088654
v 0.93810498714447 1.10746324062347 0.532931327819824
v 0.951030254364014 1.10691106319427 0.523275136947632
v 0.950168192386627 1.09177708625793 0.508665561676025
v 0.750784337520599 1.10251009464264 0.677644371986389
v 0.772898197174072 1.11125004291534 0.6692174077034
v 0.773996233940125 1.09576916694641 0.65906172990799
v 0.751473665237427 1.08734011650085 0.667795479297638
v 0.90956848859787 0.844815671443939 0.544894099235535
v 0.907013356685638 0.828224778175354 0.53904777765274
v 0.908847570419312 0.831387579441071 0.566540122032166
v 0.912626683712006 0.847320377826691 0.570808410644531
v 0.86669260263443 1.1659939289093 0.649156808853149
v 0.869567155838013 1.17386984825134 0.672442555427551
v 0.882243275642395 1.18068706989288 0.668548762798309
v 0.878584980964661 1.17237675189972 0.643776118755341
v 0.908572733402252 1.07780873775482 0.550783514976501
v 0.906354129314423 1.09044873714447 0.561533331871033
v 0.911972045898438 1.09964537620544 0.556379377841949
v 0.913491606712341 1.08516645431519 0.544210970401764
v 0.914638459682465 0.97781366109848 0.616739511489868
v 0.914422929286957 0.994796454906464 0.624069333076477
v 0.908597409725189 0.997933030128479 0.603835821151733
v 0.907560706138611 0.98075795173645 0.593942165374756
v 0.908477544784546 0.964637517929077 0.585057437419891
v 0.915705800056458 0.961501359939575 0.609845221042633
v 0.919410943984985 1.08814013004303 0.536046743392944
v 0.919170737266541 1.10530173778534 0.550715804100037
v 0.927794754505157 1.10668575763702 0.542321503162384
v 0.927752077579498 1.09023952484131 0.527000188827515
v 0.966857969760895 0.982550024986267 0.455580830574036
v 0.952504575252533 0.977428555488586 0.465481638908386
v 0.912168741226196 0.823737621307373 0.511879742145538
v 0.913074493408203 0.841076850891113 0.518133282661438
v 0.923077344894409 0.836568236351013 0.494471281766891
v 0.923073768615723 0.818702161312103 0.488170564174652
v 0.959009349346161 0.947410225868225 0.470351964235306
v 0.945499777793884 0.947207152843475 0.484337687492371
v 0.943794071674347 0.962678551673889 0.480842500925064
v 0.957505345344543 0.963529348373413 0.469280540943146
v 0.938134253025055 0.814870059490204 0.467463225126266
v 0.937333762645721 0.832866966724396 0.473832756280899
v 0.95296573638916 0.830482304096222 0.454984724521637
v 0.953726232051849 0.81027364730835 0.448160916566849
v 0.967168152332306 1.12190210819244 0.527437567710876
v 0.984097361564636 1.11887264251709 0.517210364341736
v 0.921590566635132 1.01259064674377 0.481574773788452
v 0.928668975830078 1.01213562488556 0.471835941076279
v 0.934212505817413 0.992347180843353 0.471449494361877
v 0.925380051136017 0.993711531162262 0.481344759464264
v 0.90263170003891 1.07442510128021 0.585968554019928
v 0.899415194988251 1.08712887763977 0.599273025989532
v 0.894414961338043 1.10826766490936 0.593922972679138
v 0.900527119636536 1.09099507331848 0.579347133636475
v 0.904876410961151 0.815123438835144 0.562312424182892
v 0.904091536998749 0.811724841594696 0.533857882022858
v 0.938047707080841 0.795246303081512 0.463027864694595
v 0.953979015350342 0.789764523506165 0.444141387939453
v 0.899697542190552 1.06331396102905 0.654569268226624
v 0.899204254150391 1.07018911838531 0.646195292472839
v 0.90598863363266 1.06282639503479 0.642054080963135
v 0.905853390693665 1.05788254737854 0.651688516139984
v 0.987457752227783 1.01593947410583 0.446006000041962
v 0.979712426662445 0.995088636875153 0.448052316904068
v 0.966285586357117 1.00860559940338 0.449532181024551
v 0.971914172172546 1.02558636665344 0.450081586837769
v 0.92997533082962 0.977401375770569 0.486801475286484
v 0.940087258815765 0.97622150182724 0.476042956113815
v 0.932293176651001 0.963757991790771 0.493606925010681
v 1.00505518913269 1.00504970550537 0.445667207241058
v 0.996071517467499 0.978745937347412 0.450115919113159
v 1.00179147720337 1.11529231071472 0.507626295089722
v 1.00018727779388 1.1015293598175 0.495834350585938
v 1.00383841991425 1.12965941429138 0.518730580806732
v 1.00638508796692 1.1446328163147 0.528791725635529
v 1.02425062656403 1.14086413383484 0.517808675765991
v 1.02195811271667 1.12586712837219 0.508875012397766
v 1.00941252708435 1.15904271602631 0.538350820541382
v 1.02688109874725 1.15526151657104 0.525726854801178
v 1.01918828487396 1.17675423622131 0.553903698921204
v 1.02270770072937 1.18564414978027 0.555930495262146
v 0.903324246406555 1.07803189754486 0.567740857601166
v 0.905690431594849 1.06623125076294 0.558081746101379
v 0.922638058662415 0.800591170787811 0.483591020107269
v 1.00081408023834 1.11413276195526 0.713560461997986
v 0.984534621238708 1.11783301830292 0.71179324388504
v 0.986966729164124 1.10156786441803 0.711165010929108
v 1.00264799594879 1.09713470935822 0.71418970823288
v 0.963546991348267 1.1869969367981 0.619174063205719
v 0.972228169441223 1.19609558582306 0.644455909729004
v 0.925834000110626 1.05870831012726 0.68646377325058
v 0.925072312355042 1.05313003063202 0.681483745574951
v 0.934564292430878 1.04857075214386 0.682899236679077
v 0.936618566513062 1.05568981170654 0.687746286392212
v 0.901284337043762 1.05622172355652 0.67076313495636
v 0.90119993686676 1.05680799484253 0.677429139614105
v 0.887844562530518 1.05315506458282 0.681614518165588
v 0.886868000030518 1.05301547050476 0.675095558166504
v 0.91724818944931 0.833736181259155 0.590740084648132
v 0.922105073928833 0.849220335483551 0.595154702663422
v 0.957772672176361 0.954366087913513 0.663611471652985
v 0.952412128448486 0.971777677536011 0.666991949081421
v 0.937582015991211 0.965380072593689 0.651237726211548
v 0.941592872142792 0.948402583599091 0.647079646587372
v 1.08101642131805 1.09526085853577 0.68674111366272
v 1.06702375411987 1.09734773635864 0.695195078849792
v 1.06673538684845 1.0819456577301 0.695577323436737
v 1.081059217453 1.07979452610016 0.687403678894043
v 1.03416502475739 1.1206488609314 0.707771420478821
v 1.05098807811737 1.11590528488159 0.701104044914246
v 1.05074059963226 1.13054215908051 0.699926912784576
v 1.03251922130585 1.13612174987793 0.705887317657471
v 1.01839888095856 1.10950875282288 0.713137328624725
v 1.01942992210388 1.092564702034 0.714333415031433
v 0.923690438270569 0.978844404220581 0.636668622493744
v 0.921740770339966 0.994745373725891 0.64197164773941
v 0.919079780578613 1.01829779148102 0.650954306125641
v 0.917712330818176 1.02774894237518 0.653830111026764
v 0.913011848926544 1.02928280830383 0.640467405319214
v 0.91354376077652 1.019779920578 0.636322259902954
v 0.99641340970993 1.20565545558929 0.633935332298279
v 0.995262205600739 1.20626294612885 0.660007834434509
v 1.00447964668274 1.21156239509583 0.656158924102783
v 1.04729151725769 1.18332004547119 0.68254691362381
v 1.03669607639313 1.18814718723297 0.68182247877121
v 1.03525364398956 1.18082332611084 0.68727719783783
v 1.04871428012848 1.17617738246918 0.686696529388428
v 1.05740058422089 1.01328098773956 0.692511320114136
v 1.05112779140472 0.991506457328796 0.687759757041931
v 1.07224905490875 0.992570400238037 0.682433307170868
v 1.07605373859406 1.01308643817902 0.686617612838745
v 0.920828938484192 1.03639245033264 0.665687799453735
v 0.926268339157104 1.03869688510895 0.67279464006424
v 0.921020925045013 1.0457706451416 0.672083735466003
v 0.917300879955292 1.04354619979858 0.665874600410461
v 0.929364442825317 1.03175127506256 0.673285782337189
v 0.923453629016876 1.02854824066162 0.664422214031219
v 0.925643563270569 1.01952242851257 0.662843823432922
v 0.933368682861328 1.02286207675934 0.672727346420288
v 0.94681704044342 0.987244248390198 0.668347954750061
v 0.940965354442596 1.00216829776764 0.670230329036713
v 0.930850505828857 0.997797966003418 0.656896114349365
v 0.933976650238037 0.982156932353973 0.65388160943985
v 1.06281280517578 0.925360381603241 0.661356091499329
v 1.06567370891571 0.947234690189362 0.669290006160736
v 1.04628992080688 0.945423483848572 0.674330055713654
v 1.04417097568512 0.92279440164566 0.667016208171844
v 0.885171413421631 1.084632396698 0.637947797775269
v 0.867720305919647 1.08043849468231 0.641756176948547
v 0.864609956741333 1.09216153621674 0.634110689163208
v 0.880312085151672 1.0950882434845 0.630731284618378
v 0.88336169719696 1.0599627494812 0.700672388076782
v 0.884052515029907 1.06515800952911 0.705015003681183
v 0.873755037784576 1.06393229961395 0.709485769271851
v 0.873612821102142 1.0587100982666 0.705828666687012
v 0.847290933132172 1.06010758876801 0.652633666992188
v 0.825767993927002 1.0493586063385 0.656320869922638
v 0.824976325035095 1.06308603286743 0.648169696331024
v 0.847207427024841 1.07249414920807 0.644222736358643
v 0.973588705062866 1.19300866127014 0.674486041069031
v 0.980016767978668 1.1970055103302 0.670071840286255
v 0.963494539260864 1.1963826417923 0.649474501609802
v 0.868687152862549 1.05263793468475 0.664081692695618
v 0.870458781719208 1.04754793643951 0.671820282936096
v 0.85363233089447 1.03746104240417 0.678130328655243
v 0.850492894649506 1.04196071624756 0.668664574623108
v 0.751749992370605 1.11339378356934 0.693166732788086
v 0.774026215076447 1.12123692035675 0.685290932655334
v 0.80579400062561 1.02921795845032 0.670924365520477
v 0.827269852161407 1.03821575641632 0.665060579776764
v 0.830412149429321 1.03039765357971 0.675196766853333
v 0.808505296707153 1.02241635322571 0.683155357837677
v 0.94447386264801 0.932230770587921 0.643325984477997
v 0.961910367012024 0.937183916568756 0.658926069736481
v 0.948736667633057 0.835601150989532 0.626532375812531
v 0.954451382160187 0.852371275424957 0.630721688270569
v 0.937000155448914 0.851151347160339 0.615465581417084
v 0.93114823102951 0.835125207901001 0.61112368106842
v 0.913349628448486 0.817415177822113 0.587386786937714
v 0.94414222240448 0.817932605743408 0.623100638389587
v 0.926731824874878 0.818373680114746 0.607750713825226
v 1.0180492401123 1.22139775753021 0.639849781990051
v 1.0118887424469 1.21651196479797 0.649028301239014
v 1.02615225315094 1.21354198455811 0.661004900932312
v 1.0300931930542 1.22141444683075 0.651177048683167
v 0.885332703590393 0.707088351249695 0.585368156433105
v 0.878262281417847 0.704307079315186 0.555936753749847
v 0.87484872341156 0.675760626792908 0.559264242649078
v 0.883230805397034 0.677229404449463 0.590203285217285
v 1.0578795671463 1.2015233039856 0.666216492652893
v 1.05877959728241 1.21304297447205 0.65692675113678
v 1.04448318481445 1.21725261211395 0.655754148960114
v 1.04158270359039 1.20686054229736 0.66517436504364
v 0.88718318939209 0.733583450317383 0.5831578373909
v 0.881643891334534 0.729352951049805 0.554216921329498
v 1.01073718070984 1.21584892272949 0.622044205665588
v 1.00348961353302 1.21046757698059 0.628711581230164
v 1.00618660449982 1.21023404598236 0.603552937507629
v 0.999495506286621 1.20356214046478 0.608330190181732
v 1.00740540027618 1.20555913448334 0.585360884666443
v 0.877869725227356 0.697006046772003 0.527716040611267
v 0.872527897357941 0.669367074966431 0.530160903930664
v 1.03359508514404 1.22899925708771 0.640352249145508
v 1.04625475406647 1.22655010223389 0.646209836006165
v 1.05918669700623 1.22406208515167 0.647996366024017
v 1.07262778282166 1.22374176979065 0.64678281545639
v 1.08610320091248 1.22359895706177 0.644138216972351
v 1.08394873142242 1.2351633310318 0.635740280151367
v 0.901107549667358 0.79933363199234 0.558352947235107
v 0.90800154209137 0.801282584667206 0.585173964500427
v 0.931566119194031 0.568007707595825 0.652533829212189
v 0.925920844078064 0.550607681274414 0.640115082263947
v 0.958594620227814 0.546536207199097 0.64548122882843
v 0.95977509021759 0.563182651996613 0.658975124359131
v 1.0286340713501 0.569101929664612 0.65474146604538
v 0.991930603981018 0.562741041183472 0.65944492816925
v 0.993759453296661 0.547991633415222 0.643631637096405
v 1.02985560894012 0.553793728351593 0.636707544326782
v 1.03106510639191 0.697285652160645 0.678300857543945
v 1.03124809265137 0.717981576919556 0.671761512756348
v 1.00267064571381 0.719631850719452 0.672661304473877
v 1.0019782781601 0.698723673820496 0.679966151714325
v 0.92145049571991 0.801896750926971 0.606480479240417
v 0.938380479812622 0.800942599773407 0.622502744197845
v 0.902042031288147 0.795434057712555 0.529803931713104
v 0.855070233345032 0.541159570217133 0.514619410037994
v 0.853651702404022 0.50798624753952 0.518413126468658
v 0.854583621025085 0.511391997337341 0.557502508163452
v 0.853120505809784 0.544201135635376 0.556352257728577
v 0.893818497657776 0.508794903755188 0.614779531955719
v 0.926168322563171 0.506313264369965 0.626705884933472
v 0.925471901893616 0.529794156551361 0.63230687379837
v 0.892385542392731 0.536196827888489 0.618906915187836
v 0.970743894577026 0.785089552402496 0.426927924156189
v 0.971202552318573 0.763323605060577 0.425561845302582
v 0.954048335552216 0.769631028175354 0.4421107172966
v 1.02739083766937 0.773019015789032 0.399386614561081
v 1.02905321121216 0.749924123287201 0.398741722106934
v 1.00916385650635 0.753681302070618 0.403557568788528
v 1.00677299499512 0.776888251304626 0.404265969991684
v 1.02095699310303 0.630115032196045 0.42148020863533
v 1.01714205741882 0.655616402626038 0.41854390501976
v 1.03313052654266 0.653559148311615 0.415249824523926
v 1.03417444229126 0.629707515239716 0.419076144695282
v 0.884470164775848 0.688585996627808 0.5007284283638
v 0.890974342823029 0.712591350078583 0.500515520572662
v 0.906367182731628 0.702109098434448 0.477280378341675
v 0.901143312454224 0.679008543491364 0.476475298404694
v 0.997111618518829 0.536400318145752 0.626392960548401
v 1.02954757213593 0.543347716331482 0.615475058555603
v 0.870156049728394 0.539812862873077 0.476546466350555
v 0.865740180015564 0.505186080932617 0.479607820510864
v 0.890434145927429 0.501483082771301 0.451212584972382
v 0.89411199092865 0.536329865455627 0.449713408946991
v 0.925259470939636 0.531331062316895 0.437707126140594
v 0.923129141330719 0.49858945608139 0.438955366611481
v 1.03315472602844 0.546974420547485 0.466710597276688
v 1.0301399230957 0.542267024517059 0.470312088727951
v 1.01306736469269 0.560082077980042 0.449450552463531
v 1.01954746246338 0.569453001022339 0.44372820854187
v 1.0297749042511 0.608414709568024 0.677634954452515
v 0.997774720191956 0.60520350933075 0.681506216526031
v 0.995213747024536 0.582990407943726 0.672946989536285
v 1.02896738052368 0.588189899921417 0.668727278709412
v 0.957950830459595 0.799058139324188 0.633779048919678
v 0.963558554649353 0.816859185695648 0.633453965187073
v 0.983630478382111 0.815943717956543 0.639250457286835
v 0.988258004188538 0.83557540178299 0.64180314540863
v 0.967757821083069 0.835666716098785 0.636744022369385
v 1.00301742553711 0.953960418701172 0.677204370498657
v 0.998165845870972 0.972051858901978 0.684516072273254
v 0.976735413074493 0.96108216047287 0.675478100776672
v 0.98131799697876 0.944849908351898 0.670054793357849
v 1.05106449127197 1.10057008266449 0.701919972896576
v 1.0506089925766 1.08489739894867 0.702846109867096
v 0.963957726955414 0.508812248706818 0.627629458904266
v 0.956532835960388 0.480432271957397 0.624179005622864
v 0.991579294204712 0.482546985149384 0.61352151632309
v 1.00611543655396 0.516656994819641 0.611518025398254
v 0.893855094909668 0.479815095663071 0.611677885055542
v 0.86811888217926 0.512378931045532 0.591423749923706
v 0.870567917823792 0.481124252080917 0.590444624423981
v 0.853451430797577 0.474856674671173 0.518919587135315
v 0.855771124362946 0.478758484125137 0.557998418807983
v 0.88931941986084 0.466911196708679 0.452885895967484
v 0.922517418861389 0.465268582105637 0.442216724157333
v 1.01111650466919 0.489735007286072 0.473321169614792
v 1.00898766517639 0.464623063802719 0.481828480958939
v 0.985864281654358 0.464008957147598 0.462643951177597
v 0.987060725688934 0.491167545318604 0.455724865198135
v 0.98092383146286 0.62746262550354 0.434254437685013
v 0.969472885131836 0.609569430351257 0.437571287155151
v 0.943545758724213 0.630352854728699 0.44508758187294
v 0.948807179927826 0.651197969913483 0.44581925868988
v 1.00484371185303 0.800470352172852 0.406332165002823
v 1.02202177047729 0.796052575111389 0.40166848897934
v 0.970160782337189 0.807113707065582 0.430448204278946
v 0.9875767827034 0.804120659828186 0.415819853544235
v 0.988671779632568 0.780706763267517 0.413262128829956
v 0.998920738697052 0.891984522342682 0.425330579280853
v 1.00135672092438 0.870900988578796 0.419210880994797
v 0.981899738311768 0.870847463607788 0.431961417198181
v 0.978927254676819 0.8912073969841 0.438471376895905
v 0.976160109043121 0.912293493747711 0.445198863744736
v 0.996965706348419 0.913296163082123 0.432614803314209
v 0.997467696666718 0.953762948513031 0.449938505887985
v 0.976300179958344 0.949976801872253 0.458670347929001
v 0.974831938743591 0.967851161956787 0.458703339099884
v 1.02012372016907 1.11123406887054 0.498772799968719
v 1.01837801933289 1.09713411331177 0.488673090934753
v 0.878336846828461 0.662106215953827 0.500494182109833
v 1.03189325332642 0.508800446987152 0.582263469696045
v 1.01968467235565 0.4792640209198 0.590341210365295
v 1.03176772594452 0.474778980016708 0.561387956142426
v 1.03791975975037 0.500665247440338 0.552208960056305
v 0.883312523365021 0.721120953559875 0.526395440101624
v 0.910527944564819 0.806529402732849 0.506742835044861
v 0.909281432628632 0.78952157497406 0.503408670425415
v 0.912527680397034 0.955949604511261 0.545031726360321
v 0.915654897689819 0.933468461036682 0.545740604400635
v 0.957504153251648 1.01856672763824 0.453200459480286
v 0.958730638027191 1.03128707408905 0.455813854932785
v 0.866303384304047 0.543030261993408 0.593388497829437
v 0.889915347099304 0.435243368148804 0.456207662820816
v 0.921786427497864 0.43316125869751 0.447519361972809
v 0.922997713088989 0.402272880077362 0.453155755996704
v 0.891265630722046 0.405085206031799 0.460764050483704
v 1.0174742937088 0.439237952232361 0.515102982521057
v 1.00920987129211 0.410180687904358 0.524290442466736
v 0.999368607997894 0.408869624137878 0.50017923116684
v 1.00502645969391 0.437122076749802 0.491361737251282
v 1.00098896026611 0.3809534907341 0.530945539474487
v 0.994667291641235 0.352286279201508 0.537566065788269
v 0.988007843494415 0.349249601364136 0.514535844326019
v 0.992910265922546 0.378431439399719 0.506512403488159
v 0.86421525478363 0.470422357320786 0.480835229158401
v 0.856505393981934 0.41315108537674 0.51697713136673
v 0.854636430740356 0.443502992391586 0.517417967319489
v 0.865815937519073 0.438608169555664 0.482273757457733
v 0.867227554321289 0.408293545246124 0.484451204538345
v 0.923675537109375 0.479157358407974 0.622616469860077
v 1.02719521522522 0.490098476409912 0.495293021202087
v 1.02333402633667 0.46660304069519 0.504986941814423
v 1.00712013244629 0.413696229457855 0.573366105556488
v 1.01995754241943 0.444310575723648 0.568295300006866
v 1.00576722621918 0.447109371423721 0.595004141330719
v 0.992801010608673 0.416324734687805 0.597573578357697
v 0.887896358966827 0.42385059595108 0.604936718940735
v 0.891373693943024 0.451658517122269 0.607947111129761
v 0.86979877948761 0.451565355062485 0.58598256111145
v 0.868264257907867 0.422842413187027 0.582934260368347
v 0.857232272624969 0.448276698589325 0.554133176803589
v 0.858227968215942 0.418761312961578 0.551720142364502
v 0.859577059745789 0.355001389980316 0.516493320465088
v 0.858143866062164 0.383661568164825 0.517184853553772
v 0.869619488716125 0.378653228282928 0.486513078212738
v 0.872658371925354 0.349719941616058 0.4881571829319
v 0.859168469905853 0.361405789852142 0.549228966236115
v 0.85872220993042 0.389965653419495 0.550498008728027
v 0.865634262561798 0.367074847221375 0.577520966529846
v 0.866855621337891 0.394774854183197 0.580211341381073
v 0.881890058517456 0.369690835475922 0.597647130489349
v 0.884383499622345 0.396570920944214 0.601792335510254
v 0.902616620063782 0.369995892047882 0.610382556915283
v 0.907511234283447 0.395845293998718 0.614537537097931
v 0.933783054351807 0.394169211387634 0.617854714393616
v 0.926271557807922 0.368143498897552 0.614128768444061
v 0.949724614620209 0.365520060062408 0.609690248966217
v 0.959132969379425 0.391713440418243 0.612460255622864
v 0.985625267028809 0.358198881149292 0.581372022628784
v 0.995517730712891 0.38491690158844 0.577548861503601
v 0.981330633163452 0.388032674789429 0.598926782608032
v 0.970921218395233 0.361876785755157 0.599268794059753
v 0.949137449264526 0.257765889167786 0.598810613155365
v 0.960359156131744 0.284238874912262 0.59593403339386
v 0.942142367362976 0.289163708686829 0.603008508682251
v 0.931930303573608 0.262820482254028 0.603715360164642
v 0.91523540019989 0.267517983913422 0.608643054962158
v 0.92419970035553 0.292835533618927 0.606520175933838
v 0.906537652015686 0.295492887496948 0.60829496383667
v 0.897591352462769 0.270635724067688 0.609696447849274
v 0.87394767999649 0.294219851493835 0.58875298500061
v 0.866569340229034 0.268789887428284 0.589364409446716
v 0.880877375602722 0.271248340606689 0.603630423545837
v 0.889199018478394 0.296398460865021 0.602491855621338
v 0.857704401016235 0.290597498416901 0.571293294429779
v 0.853195309638977 0.265097141265869 0.570811033248901
v 0.854492902755737 0.283802688121796 0.54602986574173
v 0.853937685489655 0.257642030715942 0.545474410057068
v 0.865071177482605 0.275462806224823 0.518014430999756
v 0.863617420196533 0.250142157077789 0.518707692623138
v 0.977514684200287 0.26792299747467 0.543003380298615
v 0.980811178684235 0.27277809381485 0.563191413879395
v 0.971257448196411 0.246860384941101 0.571438133716583
v 0.970725536346436 0.241536259651184 0.551537156105042
v 0.946586430072784 0.263577282428741 0.50475138425827
v 0.941642761230469 0.237656712532043 0.516297042369843
v 0.925182938575745 0.238551199436188 0.494483858346939
v 0.927195429801941 0.264202356338501 0.483931958675385
v 0.861213266849518 0.327550888061523 0.516154050827026
v 0.859091877937317 0.334606945514679 0.54757833480835
v 0.864674687385559 0.340788602828979 0.574660062789917
v 0.880453705787659 0.344123423099518 0.59287965297699
v 0.977039158344269 0.333485662937164 0.585592031478882
v 0.960867822170258 0.337884068489075 0.59992116689682
v 0.98451966047287 0.320990145206451 0.522837519645691
v 0.989905774593353 0.325101912021637 0.544685244560242
v 0.90080338716507 0.29135525226593 0.474030703306198
v 0.876987874507904 0.295416176319122 0.489742696285248
v 0.87543773651123 0.322097897529602 0.488875508308411
v 0.899361550807953 0.318480610847473 0.472227841615677
v 0.856532454490662 0.309220373630524 0.546642065048218
v 0.86229419708252 0.315606951713562 0.572526574134827
v 0.878225326538086 0.319238126277924 0.58938455581665
v 0.913199901580811 0.319841802120209 0.607902526855469
v 0.894511997699738 0.320957720279694 0.602627336978912
v 0.932249367237091 0.317248642444611 0.605976998806
v 0.968964338302612 0.309183537960052 0.590609729290009
v 0.951626658439636 0.314032018184662 0.60145628452301
v 0.980829536914825 0.293850898742676 0.532996654510498
v 0.985711991786957 0.298613309860229 0.553258061408997
v 0.899539232254028 0.241375684738159 0.486375004053116
v 0.875332891941071 0.245367705821991 0.496667921543121
v 0.877046883106232 0.269981980323792 0.492706000804901
v 0.900329828262329 0.265151619911194 0.477563709020615
v 0.897622346878052 0.218867421150208 0.498350024223328
v 0.918958067893982 0.216326475143433 0.506095468997955
v 0.888373374938965 0.245088815689087 0.611429989337921
v 0.905232131481171 0.241786181926727 0.612107753753662
v 0.87177038192749 0.245131492614746 0.604976177215576
v 0.851382255554199 0.230819582939148 0.543821752071381
v 0.848103284835815 0.239403307437897 0.570555210113525
v 0.862166404724121 0.223366141319275 0.519332647323608
v 0.876736283302307 0.222088694572449 0.502754867076874
v 0.947313785552979 0.194508135318756 0.580828547477722
v 0.947711944580078 0.190392553806305 0.562701642513275
v 0.959297716617584 0.217960119247437 0.557133436203003
v 0.957759737968445 0.221823632717133 0.575474560260773
v 0.929301798343658 0.204002797603607 0.60875928401947
v 0.936911582946777 0.231534421443939 0.598998188972473
v 0.921661496162415 0.236648142337799 0.606098055839539
v 0.91445380449295 0.210096538066864 0.619007587432861
v 0.877525985240936 0.217547416687012 0.620496034622192
v 0.89626270532608 0.214950382709503 0.623051643371582
v 0.860190629959106 0.219067275524139 0.612291157245636
v 0.841941475868225 0.211025714874268 0.571168839931488
v 0.845844805240631 0.2173952460289 0.595588207244873
v 0.856912076473236 0.244178712368011 0.59164571762085
v 0.845647275447845 0.203009247779846 0.541582226753235
v 0.860185742378235 0.163306653499603 0.524744212627411
v 0.838551163673401 0.172961711883545 0.542395532131195
v 0.865773618221283 0.193119525909424 0.52064448595047
v 0.871977925300598 0.0625934600830078 0.543774008750916
v 0.86733067035675 0.0285965204238892 0.551637947559357
v 0.846308827400208 0.033966600894928 0.551376521587372
v 0.847835004329681 0.0680443048477173 0.543143630027771
v 0.942707240581512 0.164774417877197 0.589046776294708
v 0.941355288028717 0.16169685125351 0.568704605102539
v 0.907792866230011 0.180751144886017 0.630974292755127
v 0.925243616104126 0.174466967582703 0.620591700077057
v 0.824127793312073 0.151593148708344 0.57855236530304
v 0.827647030353546 0.157225370407104 0.605192899703979
v 0.835850238800049 0.188137948513031 0.599344253540039
v 0.832061767578125 0.181946218013763 0.573047280311584
v 0.928683638572693 0.0652150511741638 0.587525188922882
v 0.935468018054962 0.0977139472961426 0.581505656242371
v 0.935945808887482 0.100754380226135 0.603801727294922
v 0.928960204124451 0.0678747296333313 0.608135759830475
v 0.904377579689026 0.148943305015564 0.640351533889771
v 0.899649918079376 0.115769803524017 0.646642446517944
v 0.917229056358337 0.109971404075623 0.636568546295166
v 0.922423541545868 0.142830908298492 0.629420161247253
v 0.818438768386841 0.0827640891075134 0.588057160377502
v 0.820353806018829 0.0869151949882507 0.613027393817902
v 0.822244107723236 0.123535573482513 0.610216200351715
v 0.819667041301727 0.11848258972168 0.58342719078064
v 0.854634761810303 0.133408546447754 0.529631435871124
v 0.849796772003174 0.101517498493195 0.536219239234924
v 0.828873097896576 0.110798239707947 0.554521262645721
v 0.832344651222229 0.142800986766815 0.548202574253082
v 0.880918264389038 0.127693116664886 0.529620289802551
v 0.875835478305817 0.0962015986442566 0.536053955554962
v 0.905079662799835 -0.00230199098587036 0.612112045288086
v 0.904796659946442 -0.00680279731750488 0.595623672008514
v 0.916717052459717 0.0298225283622742 0.591735482215881
v 0.916885852813721 0.0336989760398865 0.610113024711609
v 0.892444431781769 0.0809608101844788 0.648200929164886
v 0.884588062763214 0.0442612767219543 0.645662605762482
v 0.900334715843201 0.0404471755027771 0.637341260910034
v 0.910220980644226 0.0758861899375916 0.639075994491577
v 0.819828510284424 0.00609368085861206 0.596344828605652
v 0.82265043258667 0.00881272554397583 0.617089331150055
v 0.821036100387573 0.0481086373329163 0.615077495574951
v 0.818878531455994 0.0451449155807495 0.592599272727966
v 0.844111800193787 -0.00303941965103149 0.560108959674835
v 0.826122462749481 0.0020717978477478 0.573918104171753
v 0.826370716094971 0.0403415560722351 0.566626489162445
v 0.862769842147827 -0.00753062963485718 0.559567987918854
v 0.858322083950043 -0.0430950522422791 0.565865278244019
v 0.842407584190369 -0.0394489169120789 0.566308617591858
v 0.89557421207428 -0.0375739336013794 0.613678693771362
v 0.893854856491089 -0.0407127737998962 0.598446667194366
v 0.885339915752411 -0.0324074029922485 0.635056734085083
v 0.891286969184875 0.00366777181625366 0.635573387145996
v 0.877976417541504 0.00759804248809814 0.643351674079895
v 0.873386919498444 -0.0284184813499451 0.642563462257385
v 0.844112694263458 0.0091596245765686 0.641769647598267
v 0.842392444610596 -0.0269342660903931 0.640622973442078
v 0.857988357543945 -0.0264806747436523 0.644694805145264
v 0.861053228378296 0.00946080684661865 0.645632445812225
v 0.824922561645508 -0.0270904898643494 0.618407487869263
v 0.832352876663208 -0.0265816450119019 0.631866335868835
v 0.831246018409729 0.00992804765701294 0.632515370845795
v 0.82095330953598 -0.0292802453041077 0.599160015583038
v 0.82666403055191 -0.0341859459877014 0.578468203544617
v 1.04431223869324 0.532111704349518 0.557412087917328
v 1.03867852687836 0.527225315570831 0.569634854793549
v 1.04043865203857 0.516990542411804 0.541098475456238
v 1.0428923368454 0.524981677532196 0.529082417488098
v 0.97927725315094 0.405113756656647 0.476839542388916
v 0.982673168182373 0.435343503952026 0.469120055437088
v 0.973821938037872 0.345458805561066 0.492420434951782
v 0.97572648525238 0.374443411827087 0.483469158411026
v 0.970521986484528 0.31746643781662 0.501808285713196
v 0.964599430561066 0.264088690280914 0.524097681045532
v 0.967058956623077 0.290471851825714 0.512719213962555
v 0.958932280540466 0.238139033317566 0.533074975013733
v 0.948959112167358 0.213274240493774 0.539680659770966
v 0.938494026660919 0.186587750911713 0.543831944465637
v 0.92635715007782 0.129342198371887 0.553964972496033
v 0.930356025695801 0.159353077411652 0.549127697944641
v 0.938414931297302 0.130132377147675 0.574887096881866
v 0.916362047195435 0.0629060864448547 0.565784513950348
v 0.922552347183228 0.0968256592750549 0.559363842010498
v 0.895903825759888 -0.00965654850006104 0.579196453094482
v 0.906632244586945 0.0267359018325806 0.572605192661285
v 0.884998083114624 -0.0432405471801758 0.583642184734344
v 0.959405839443207 0.550812125205994 0.438714802265167
v 0.960762500762939 0.57357382774353 0.438885986804962
v 0.98714554309845 0.556669473648071 0.442230463027954
v 0.987246870994568 0.538725137710571 0.445929169654846
v 1.04427552223206 0.5380619764328 0.499325752258301
v 1.04318869113922 0.536532402038574 0.503532946109772
v 1.03815793991089 0.537180304527283 0.48783940076828
v 1.040163397789 0.53947114944458 0.484928637742996
v 0.862988948822021 0.301394402980804 0.516701698303223
v 0.898544311523438 0.345403671264648 0.605584979057312
v 0.940553426742554 0.341585755348206 0.607001185417175
v 0.919471502304077 0.343845963478088 0.609870791435242
v 0.950631141662598 0.287625968456268 0.491291344165802
v 0.927744626998901 0.289164841175079 0.47620964050293
v 0.92718517780304 0.315624475479126 0.470310211181641
v 0.951332271099091 0.315095663070679 0.482613295316696
v 0.886114954948425 0.155004858970642 0.524080991744995
v 0.910661041736603 0.156323730945587 0.533744096755981
v 0.904885292053223 0.127527296543121 0.539991497993469
v 0.890182852745056 0.179943203926086 0.517730295658112
v 0.849101066589355 0.190892517566681 0.619460999965668
v 0.867043018341064 0.189888656139374 0.630741894245148
v 0.882206737995148 0.155134320259094 0.644092440605164
v 0.887356042861938 0.18623411655426 0.634200394153595
v 0.859931826591492 0.159034788608551 0.639991104602814
v 0.953085660934448 0.370896935462952 0.466390073299408
v 0.952932596206665 0.342786133289337 0.474341213703156
v 0.925839841365814 0.343457996845245 0.465373069047928
v 0.924981355667114 0.372176706790924 0.459105968475342
v 0.96056455373764 0.868827641010284 0.634790301322937
v 0.943480014801025 0.866827487945557 0.620252847671509
v 0.913156390190125 0.988334476947784 0.510907888412476
v 0.920929133892059 0.981317043304443 0.498441278934479
v 0.921990275382996 0.967127859592438 0.508488714694977
v 0.913260400295258 0.974057555198669 0.525101661682129
v 0.907140076160431 0.985391855239868 0.538467645645142
v 0.907705307006836 0.99866133928299 0.522944569587708
v 0.904669642448425 0.998552680015564 0.550512790679932
v 0.905088186264038 1.01150584220886 0.535093009471893
v 0.907665133476257 1.06320452690125 0.598549783229828
v 0.906757533550262 1.07266891002655 0.60903263092041
v 1.02030563354492 0.952727913856506 0.442015260457993
v 1.01951050758362 0.933135986328125 0.433175086975098
v 0.996390402317047 0.933360397815704 0.441133618354797
v 0.990113317966461 0.757992506027222 0.412080585956573
v 0.977253556251526 0.663978576660156 0.432961463928223
v 0.99891471862793 0.658611059188843 0.424370288848877
v 1.00399231910706 0.629496812820435 0.42643940448761
v 1.03671169281006 0.564220190048218 0.447132974863052
v 1.04698383808136 0.55174195766449 0.461356550455093
v 1.04882025718689 0.540274441242218 0.482489258050919
v 1.04991436004639 0.537877976894379 0.498474895954132
v 1.02407658100128 0.918228983879089 0.667807042598724
v 1.0255538225174 0.941173911094666 0.67488557100296
v 1.08106434345245 1.10995674133301 0.686664342880249
v 1.06698560714722 1.11186003684998 0.694155037403107
v 1.06636786460876 1.13950395584106 0.692181468009949
v 1.08014965057373 1.13688445091248 0.684874534606934
v 1.07996022701263 1.14910423755646 0.682460963726044
v 1.06591665744781 1.15163469314575 0.689604938030243
v 1.07374584674835 1.21196806430817 0.65551769733429
v 1.07379710674286 1.19834876060486 0.663084983825684
v 1.04705202579498 0.538542032241821 0.521124064922333
v 1.04704880714417 0.537046790122986 0.530839741230011
v 1.04318046569824 0.534378111362457 0.509398758411407
v 1.01200675964355 0.511367440223694 0.465994983911514
v 1.01148700714111 0.52839469909668 0.45993509888649
v 1.0286101102829 0.522265434265137 0.479695737361908
v 1.02851331233978 0.508807778358459 0.486286640167236
v 0.854567289352417 0.577643752098083 0.551498472690582
v 0.858482599258423 0.57416969537735 0.510020196437836
v 0.961082220077515 0.529749274253845 0.634364306926727
v 0.757658302783966 1.01298940181732 0.701821327209473
v 0.784294366836548 1.01652419567108 0.69247579574585
v 0.785613775253296 1.01643908023834 0.707767248153687
v 0.758482098579407 1.01439905166626 0.716487884521484
v 1.03615128993988 1.01415014266968 0.698070049285889
v 1.02440059185028 0.989001393318176 0.691137969493866
v 0.992667853832245 1.19677877426147 0.611358046531677
v 0.941185235977173 1.19709300994873 0.656512379646301
v 0.953392088413239 1.19709157943726 0.653454184532166
v 0.941558122634888 1.19162702560425 0.629542648792267
v 0.930814445018768 1.19241094589233 0.632418036460876
v 0.968487977981567 1.13689494132996 0.709575057029724
v 0.981549203395844 1.13529145717621 0.710013747215271
v 0.977631449699402 1.15394961833954 0.705361902713776
v 0.965393245220184 1.15465354919434 0.705170094966888
v 1.00211465358734 0.675966739654541 0.68588399887085
v 1.03146004676819 0.675117135047913 0.683200716972351
v 1.03525114059448 0.858543574810028 0.64678430557251
v 1.0395359992981 0.879592061042786 0.653565347194672
v 1.01920330524445 0.875873446464539 0.654720604419708
v 1.01420783996582 0.855784595012665 0.648581385612488
v 1.00499129295349 1.00192260742188 0.696495413780212
v 0.987066507339478 0.987268686294556 0.688523590564728
v 1.00884735584259 1.02995467185974 0.449557304382324
v 0.991464853286743 1.03733587265015 0.4517722427845
v 0.993770956993103 1.05535054206848 0.461542963981628
v 1.01158154010773 1.05022621154785 0.458361834287643
v 0.821000099182129 1.04141163825989 0.722338438034058
v 0.813868999481201 1.02700817584991 0.711995124816895
v 0.836929440498352 1.03179395198822 0.700240433216095
v 0.843316912651062 1.03966355323792 0.708031296730042
v 0.894760429859161 0.561567664146423 0.625864088535309
v 0.867397665977478 0.579793632030487 0.595629334449768
v 0.931100368499756 0.89605325460434 0.613954722881317
v 0.931377172470093 0.880020499229431 0.606842517852783
v 0.947015166282654 0.882516086101532 0.62638533115387
v 0.94672417640686 0.89840704202652 0.634126722812653
v 0.928654968738556 0.946227967739105 0.62703800201416
v 0.930088520050049 0.930085003376007 0.623594403266907
v 0.925548136234283 0.962062358856201 0.632071077823639
v 0.901262283325195 1.05773234367371 0.663418769836426
v 0.908107340335846 1.05402076244354 0.660446763038635
v 0.910877406597137 1.0531268119812 0.667563259601593
v 0.987126171588898 0.516947031021118 0.450378775596619
v 0.992127180099487 0.58467972278595 0.437352627515793
v 1.00100374221802 0.595704555511475 0.433795571327209
v 1.04746520519257 0.539274096488953 0.513485133647919
v 1.05041086673737 0.538410902023315 0.511382579803467
v 1.01207375526428 1.21400320529938 0.580767750740051
v 1.0119845867157 1.21798181533813 0.597790598869324
v 0.848073124885559 1.04964435100555 0.660462856292725
v 0.868150174617767 1.06028032302856 0.656657874584198
v 0.911761164665222 1.03811359405518 0.64402049779892
v 0.909622848033905 1.04751694202423 0.648027241230011
v 0.90856659412384 1.05297350883484 0.635891139507294
v 0.910030603408813 1.04348802566528 0.62933748960495
v 0.915556311607361 1.03592097759247 0.65605354309082
v 0.912882089614868 1.0443811416626 0.658169806003571
v 0.919168472290039 1.12085008621216 0.564953863620758
v 0.918911099433899 1.13657188415527 0.578705787658691
v 0.929092288017273 1.13973486423492 0.572820484638214
v 0.928187727928162 1.12426292896271 0.558034956455231
v 0.938895881175995 1.12406039237976 0.548947811126709
v 0.940100193023682 1.14115965366364 0.565085530281067
v 0.952970564365387 1.14028167724609 0.555213510990143
v 0.951939463615417 1.12322843074799 0.538914442062378
v 0.988484680652618 1.18105816841125 0.58825010061264
v 0.998949825763702 1.17488074302673 0.56557297706604
v 1.01433658599854 1.16935586929321 0.547063708305359
v 1.0299254655838 1.16604340076447 0.533100724220276
v 1.07450985908508 1.18556141853333 0.670315384864807
v 1.0566520690918 1.18802857398987 0.676404535770416
v 1.06280839443207 1.17475628852844 0.681814610958099
v 1.07670176029205 1.17249512672424 0.674959003925323
v 1.09057104587555 1.17111897468567 0.669150352478027
v 1.08976459503174 1.18386125564575 0.663683414459229
v 1.01492416858673 1.20033478736877 0.569275736808777
v 1.02446365356445 1.19520807266235 0.55367511510849
v 1.03418147563934 1.18222868442535 0.541613519191742
v 0.75517064332962 1.114382147789 0.712351620197296
v 0.776186227798462 1.1219607591629 0.704652905464172
v 1.0235778093338 1.22791755199432 0.629503607749939
v 1.01657450199127 1.22296893596649 0.614417195320129
v 0.758561253547668 1.10672962665558 0.72967791557312
v 0.780325353145599 1.11492681503296 0.722044229507446
v 0.944213390350342 1.17401313781738 0.602562248706818
v 0.933419764041901 1.17616641521454 0.60855233669281
v 0.952300429344177 1.18927764892578 0.624761462211609
v 1.01718246936798 1.208735704422 0.564894199371338
v 1.02493131160736 1.20373296737671 0.5499347448349
v 0.859054625034332 0.611320018768311 0.541775822639465
v 0.864559173583984 0.605761110782623 0.504542768001556
v 0.912870109081268 0.860560297966003 0.551178812980652
v 0.914782524108887 0.857866048812866 0.525269091129303
v 1.04305005073547 0.891443610191345 0.413776338100433
v 1.04354524612427 0.870824038982391 0.40824168920517
v 1.02229559421539 0.870644986629486 0.411424309015274
v 1.02057552337646 0.892136871814728 0.417448371648788
v 1.0446035861969 0.950580716133118 0.437406420707703
v 1.04381716251373 0.931744694709778 0.428942739963531
v 1.04609930515289 1.20435798168182 0.532977759838104
v 1.00524687767029 0.824824213981628 0.410553127527237
v 1.00391817092896 0.849007427692413 0.414728254079819
v 1.0244745016098 0.847333669662476 0.407146841287613
v 1.02660202980042 0.820187747478485 0.405084878206253
v 1.03533983230591 0.793287634849548 0.401061773300171
v 1.03717267513275 0.781048655509949 0.399200677871704
v 1.02429473400116 0.609634160995483 0.424221485853195
v 1.03473925590515 0.609513878822327 0.422759979963303
v 0.83258855342865 1.13296318054199 0.650748431682587
v 0.831691682338715 1.14567863941193 0.667279541492462
v 0.845175743103027 1.15336179733276 0.660445749759674
v 0.846877455711365 1.13882780075073 0.64576518535614
v 0.969192266464233 0.829183518886566 0.436673134565353
v 0.986799240112305 0.827820241451263 0.421253114938736
v 0.9051793217659 1.06363010406494 0.576440930366516
v 0.908182442188263 1.05207574367523 0.589926898479462
v 1.02099049091339 0.97497695684433 0.447269976139069
v 0.97504985332489 1.0430121421814 0.456283062696457
v 0.976857721805573 1.05900883674622 0.46662050485611
v 0.960236728191376 1.04658854007721 0.462988376617432
v 0.961499869823456 1.06141173839569 0.473602592945099
v 1.05078744888306 0.541453301906586 0.525118410587311
v 1.0486946105957 0.541383743286133 0.524489283561707
v 0.872441291809082 1.09893381595612 0.72515207529068
v 0.872172713279724 1.08912682533264 0.722461104393005
v 0.884610891342163 1.09061241149902 0.719806969165802
v 0.884695768356323 1.10119068622589 0.723313331604004
v 1.03537464141846 0.493578642606735 0.522450625896454
v 1.03713858127594 0.510188639163971 0.512462139129639
v 1.03264796733856 0.537665247917175 0.591873466968536
v 1.04539799690247 0.539198935031891 0.575922667980194
v 1.05075597763062 0.547079145908356 0.582961201667786
v 1.05263686180115 0.550371766090393 0.593677937984467
v 0.955785036087036 0.463315814733505 0.447587996721268
v 0.956692278385162 0.495337724685669 0.442923188209534
v 0.954733669757843 0.432007342576981 0.45340833067894
v 0.953972816467285 0.400916278362274 0.459541201591492
v 0.932780861854553 0.212892174720764 0.523720324039459
v 0.917900085449219 0.185819685459137 0.525437533855438
v 0.899776577949524 0.0955708026885986 0.546050369739532
v 0.894378781318665 0.0619775652885437 0.552938640117645
v 0.887603461742401 0.0263630747795105 0.560418009757996
v 0.872467339038849 -0.0438981652259827 0.572737574577332
v 0.880090117454529 -0.0102462768554688 0.567646980285645
v 0.760510444641113 1.09294235706329 0.742161512374878
v 0.760138511657715 1.07730114459991 0.751110076904297
v 0.785389542579651 1.08326232433319 0.742518782615662
v 0.78491735458374 1.10075068473816 0.734437167644501
v 0.803639769554138 1.04071044921875 0.661616206169128
v 0.781330168247223 1.03380131721497 0.668887436389923
v 0.77924907207489 1.04737591743469 0.660757660865784
v 0.801967144012451 1.05476486682892 0.653741955757141
v 0.757453978061676 1.02721500396729 0.676735162734985
v 0.783165335655212 1.0229834318161 0.679442167282104
v 0.757668852806091 1.01775169372559 0.688539147377014
v 0.759762048721313 1.0224848985672 0.730542957782745
v 0.786837458610535 1.02336835861206 0.72197824716568
v 0.788867712020874 1.03662621974945 0.733389854431152
v 0.760369300842285 1.03393959999084 0.742121160030365
v 0.759742259979248 1.06140959262848 0.753859996795654
v 0.759805560112 1.04651761054993 0.750252246856689
v 0.786671161651611 1.05135822296143 0.741873502731323
v 0.785020172595978 1.06692147254944 0.745247006416321
v 0.753196716308594 1.07105195522308 0.663004815578461
v 0.776003122329712 1.07890272140503 0.654768466949463
v 0.777390718460083 1.06265020370483 0.655692636966705
v 0.754590094089508 1.05537247657776 0.66339635848999
v 0.833144545555115 1.15036022663116 0.686285853385925
v 0.846922695636749 1.15965914726257 0.680607795715332
v 0.898180663585663 1.09227991104126 0.611655175685883
v 0.892996549606323 1.09583246707916 0.623512089252472
v 0.8841552734375 1.11115038394928 0.620122373104095
v 0.889995157718658 1.10924649238586 0.608002424240112
v 0.79668915271759 1.12925064563751 0.677524149417877
v 0.797899782657623 1.13030660152435 0.697932541370392
v 0.817820489406586 1.14021706581116 0.691656231880188
v 0.816150188446045 1.13754856586456 0.671823978424072
v 0.798876821994781 1.08630609512329 0.646922588348389
v 0.820799827575684 1.09351634979248 0.639199733734131
v 0.823111951351166 1.07785844802856 0.641458868980408
v 0.800312757492065 1.07015180587769 0.648409962654114
v 0.834034085273743 1.02799391746521 0.687298476696014
v 0.811280369758606 1.02090454101562 0.697477519512177
v 0.851443529129028 1.1219025850296 0.635127782821655
v 0.83573853969574 1.11619448661804 0.638894736766815
v 0.906049847602844 1.05211186408997 0.568085432052612
v 0.910411655902863 1.03445994853973 0.623919486999512
v 0.910417914390564 1.024334192276 0.618536472320557
v 0.918257474899292 0.997098863124847 0.491750925779343
v 0.91630220413208 1.01331186294556 0.491154223680496
v 0.9051194190979 1.00434648990631 0.58221298456192
v 0.904657959938049 0.987646400928497 0.570950627326965
v 0.912921845912933 1.0141441822052 0.499033778905869
v 0.912517964839935 1.00293278694153 0.502065598964691
v 0.958563506603241 0.930175960063934 0.466105431318283
v 1.03298079967499 1.17370653152466 0.539267063140869
v 0.818300724029541 1.11042249202728 0.64368748664856
v 0.815910398960114 1.12649989128113 0.654825687408447
v 0.859901070594788 1.04246389865875 0.697521150112152
v 0.856364846229553 1.03784620761871 0.688827157020569
v 0.872759938240051 1.04596531391144 0.680449962615967
v 0.87442421913147 1.04730081558228 0.688389539718628
v 0.974985182285309 1.02569222450256 0.69731467962265
v 0.963904082775116 1.0164543390274 0.689563691616058
v 0.975263476371765 1.00188839435577 0.689619898796082
v 0.988861560821533 1.01328682899475 0.698042631149292
v 0.865792036056519 1.11734366416931 0.726348638534546
v 0.878378391265869 1.12297916412354 0.724745512008667
v 0.87213408946991 1.13477396965027 0.721459627151489
v 0.858268558979034 1.12669348716736 0.723518848419189
v 0.863476812839508 1.14690172672272 0.713903248310089
v 0.853032112121582 1.15765297412872 0.700741350650787
v 0.838679075241089 1.14696907997131 0.704760432243347
v 0.848370373249054 1.13723254203796 0.71705150604248
v 0.8705695271492 0.646120071411133 0.566151142120361
v 0.881529808044434 0.649469316005707 0.59713613986969
v 0.937974095344543 0.775653898715973 0.460737675428391
v 0.921909868717194 0.782263040542603 0.480621635913849
v 0.951208531856537 0.676738440990448 0.444798201322556
v 1.02935373783112 0.537745118141174 0.472561240196228
v 1.01166760921478 0.550966918468475 0.450962275266647
v 1.03116834163666 0.469741106033325 0.531823813915253
v 0.866353690624237 0.640783548355103 0.533609986305237
v 1.01191735267639 0.411708474159241 0.548417806625366
v 1.02243840694427 0.4413703083992 0.540726602077484
v 0.968803703784943 0.419298410415649 0.614189326763153
v 0.979647040367126 0.449260711669922 0.614560127258301
v 0.949055016040802 0.449780315160751 0.622659265995026
v 0.941551446914673 0.421214938163757 0.621125400066376
v 0.918619990348816 0.450872510671616 0.620272874832153
v 0.913326442241669 0.422897636890411 0.617997765541077
v 0.89656400680542 0.34670877456665 0.469858705997467
v 0.877200663089752 0.120944142341614 0.649970650672913
v 0.85068541765213 0.0872080326080322 0.64593768119812
v 0.871705055236816 0.0846368074417114 0.650904417037964
v 0.85466480255127 0.124752759933472 0.645275115966797
v 0.841029226779938 0.159815490245819 0.626508057117462
v 0.835646212100983 0.125816285610199 0.631215453147888
v 0.827406406402588 0.0765649676322937 0.559792220592499
v 0.865805745124817 0.0472482442855835 0.648386716842651
v 0.847023785114288 0.0481930375099182 0.643647849559784
v 0.832499504089355 0.0885383486747742 0.632633626461029
v 0.831220269203186 0.0493679642677307 0.632418632507324
v 1.03783845901489 0.521222591400146 0.503634393215179
v 1.05340087413788 0.552905082702637 0.609327018260956
v 0.881700277328491 0.601058602333069 0.473441302776337
v 0.875305652618408 0.571393430233002 0.475120574235916
v 0.963628172874451 0.592284917831421 0.438833504915237
v 0.938238978385925 0.609988689422607 0.443068563938141
v 0.936109602451324 0.850796520709991 0.480820864439011
v 0.95136833190918 0.84966367483139 0.462016493082047
v 0.934239447116852 0.889603078365326 0.493291735649109
v 0.935073971748352 0.869712769985199 0.487719714641571
v 0.923191845417023 0.872788548469543 0.508385002613068
v 0.923637509346008 0.891271114349365 0.514349222183228
v 0.915516912937164 0.893919765949249 0.563980996608734
v 0.914877414703369 0.876933634281158 0.557744681835175
v 0.920068979263306 0.878046154975891 0.583284676074982
v 0.920205771923065 0.89446222782135 0.590076982975006
v 0.927908897399902 0.864509582519531 0.600428998470306
v 0.916990160942078 0.862526893615723 0.576928496360779
v 1.00207364559174 0.892694115638733 0.657574534416199
v 1.00372576713562 0.913092434406281 0.665048837661743
v 0.984067857265472 0.907703816890717 0.658929169178009
v 0.982700288295746 0.888916790485382 0.651006817817688
v 1.01247918605804 0.604751706123352 0.427966058254242
v 1.03813230991364 0.534303843975067 0.492141574621201
v 0.957715451717377 0.524584174156189 0.439871340990067
v 0.929242551326752 0.561465978622437 0.439089268445969
v 0.899271011352539 0.567418336868286 0.450484365224838
v 0.868223667144775 1.06983304023743 0.649512112140656
v 0.942334890365601 1.04266786575317 0.685010194778442
v 0.946949124336243 1.05123889446259 0.689382612705231
v 0.822880029678345 1.1349880695343 0.709176182746887
v 0.832065522670746 1.12488102912903 0.720804870128632
v 0.840534746646881 1.09997749328613 0.633288264274597
v 0.85602879524231 1.15951466560364 0.654073119163513
v 0.868576526641846 1.15007853507996 0.632259488105774
v 0.858519792556763 1.14441001415253 0.639551162719727
v 0.923521220684052 0.667143285274506 0.459765911102295
v 0.918063640594482 0.644174754619598 0.457264393568039
v 0.894869804382324 0.654011249542236 0.474378794431686
v 1.04819190502167 0.539728164672852 0.561943590641022
v 1.04939842224121 0.544657409191132 0.568781614303589
v 0.987712740898132 0.571661174297333 0.439945489168167
v 0.994091153144836 0.354898810386658 0.560338139533997
v 1.00221467018127 0.382623076438904 0.554483413696289
v 0.987347185611725 0.32928603887558 0.566428780555725
v 0.981116473674774 0.303792238235474 0.574370980262756
v 0.974024295806885 0.278457701206207 0.582297921180725
v 0.963261961936951 0.253011763095856 0.588227391242981
v 0.949694037437439 0.227002739906311 0.589921653270721
v 0.940503239631653 0.199100732803345 0.596452057361603
v 0.939843118190765 0.132971525192261 0.597053587436676
v 0.937274217605591 0.169384300708771 0.606099665164948
v 0.933959603309631 0.137650728225708 0.614998400211334
v 0.929107427597046 0.104873657226562 0.621781945228577
v 0.910803735256195 0.0368844866752625 0.625211119651794
v 0.922364354133606 0.0718260407447815 0.625311434268951
v 0.900215983390808 0.00136721134185791 0.625145316123962
v 0.892379403114319 -0.0343199968338013 0.625843703746796
v 1.04912459850311 0.540820956230164 0.534522116184235
v 1.04883170127869 0.540428161621094 0.547981917858124
v 0.95658928155899 1.17187786102295 0.595125317573547
v 0.909576296806335 1.05270862579346 0.613661587238312
v 0.908592045307159 1.06141865253448 0.622244656085968
v 0.857902884483337 1.10585951805115 0.630023121833801
v 1.05413746833801 0.562347531318665 0.627061247825623
v 1.0560941696167 0.576740324497223 0.643710374832153
v 0.808859944343567 1.07074725627899 0.736117482185364
v 0.809728026390076 1.08764970302582 0.735395550727844
v 0.845286965370178 1.08562052249908 0.636532366275787
v 0.904607057571411 1.08100509643555 0.620562791824341
v 0.898792028427124 1.08551800251007 0.629665851593018
v 0.736377716064453 1.15932357311249 0.724970459938049
v 0.739685416221619 1.17507004737854 0.715847134590149
v 0.732162892818451 1.1791740655899 0.724516451358795
v 0.727850914001465 1.16296362876892 0.733992278575897
v 0.740129232406616 1.15492844581604 0.713281214237213
v 0.742189586162567 1.17033553123474 0.704751491546631
v 0.697784662246704 1.14305520057678 0.668782353401184
v 0.699879348278046 1.1639244556427 0.665945529937744
v 0.713013291358948 1.16159391403198 0.668708860874176
v 0.711695075035095 1.14181065559387 0.672224342823029
v 0.742052376270294 1.18208646774292 0.68604052066803
v 0.740105211734772 1.16612803936005 0.69342827796936
v 0.733420312404633 1.16285467147827 0.683387577533722
v 0.735394954681396 1.17996728420258 0.67695677280426
v 0.672334790229797 1.1514151096344 0.681078910827637
v 0.669358134269714 1.12979328632355 0.682600378990173
v 0.66242778301239 1.13424289226532 0.69610869884491
v 0.667127847671509 1.15555691719055 0.694117426872253
v 0.700345873832703 1.06744563579559 0.685433804988861
v 0.700793504714966 1.05662250518799 0.68863183259964
v 0.690300524234772 1.05108094215393 0.686638474464417
v 0.687758445739746 1.06403744220734 0.68361222743988
v 0.731988787651062 1.12830543518066 0.743744671344757
v 0.734019637107849 1.14339780807495 0.734305620193481
v 0.724110782146454 1.14637780189514 0.743490159511566
v 0.719832062721252 1.12960135936737 0.752861440181732
v 0.732451915740967 1.11207759380341 0.700738787651062
v 0.730901718139648 1.09633827209473 0.706799447536469
v 0.721689224243164 1.09026956558228 0.694633722305298
v 0.72246390581131 1.10665464401245 0.688589334487915
v 0.714764893054962 1.11295962333679 0.761175990104675
v 0.728399813175201 1.1133451461792 0.753523349761963
v 0.732767343521118 1.1454838514328 0.689185798168182
v 0.732865273952484 1.12844026088715 0.694722414016724
v 0.723122715950012 1.12378621101379 0.683921575546265
v 0.723253846168518 1.14244818687439 0.679665446281433
v 0.683017730712891 1.19182801246643 0.676775455474854
v 0.677035510540009 1.17204356193542 0.679238200187683
v 0.673073947429657 1.17558944225311 0.691532790660858
v 0.680320858955383 1.19521188735962 0.688103497028351
v 0.726148366928101 1.17982053756714 0.670185148715973
v 0.724349558353424 1.16127347946167 0.675226747989655
v 0.715015411376953 1.1811341047287 0.665013790130615
v 0.713813185691833 1.20089817047119 0.721147894859314
v 0.706429719924927 1.18343281745911 0.729627847671509
v 0.720435976982117 1.18167448043823 0.728929877281189
v 0.726543009281158 1.19843029975891 0.720272600650787
v 0.69735062122345 1.10208415985107 0.674862504005432
v 0.697315037250519 1.12242865562439 0.671592712402344
v 0.710927665233612 1.12213444709778 0.675648748874664
v 0.710824608802795 1.10300397872925 0.679673850536346
v 0.738049030303955 1.12405896186829 0.730037927627563
v 0.738811194896698 1.13902485370636 0.721748530864716
v 0.699029684066772 1.16544473171234 0.738238751888275
v 0.691880524158478 1.14659345149994 0.746073663234711
v 0.70897650718689 1.14684343338013 0.747067749500275
v 0.714633941650391 1.16444206237793 0.737907409667969
v 0.670066297054291 1.12356233596802 0.743875980377197
v 0.676789045333862 1.1446293592453 0.739127218723297
v 0.666587471961975 1.14130008220673 0.726192474365234
v 0.660185396671295 1.11937570571899 0.729823052883148
v 0.684398651123047 1.08217573165894 0.679241359233856
v 0.698650538921356 1.08264887332916 0.680270671844482
v 0.667967140674591 1.10709774494171 0.684616565704346
v 0.668911695480347 1.08412206172943 0.686220645904541
v 0.657830595970154 1.08740973472595 0.700011014938354
v 0.659230709075928 1.11140668392181 0.698156476020813
v 0.729186952114105 1.08348393440247 0.733865439891815
v 0.734459400177002 1.09118819236755 0.728927969932556
v 0.733161091804504 1.09691286087036 0.746696949005127
v 0.727673947811127 1.08799612522125 0.751927971839905
v 0.723799228668213 1.09901309013367 0.760645747184753
v 0.718475520610809 1.08749949932098 0.764769852161407
v 0.702806651592255 1.06932997703552 0.769345343112946
v 0.702194392681122 1.0719780921936 0.770303547382355
v 0.692028045654297 1.06091129779816 0.769347727298737
v 0.696677148342133 1.05721318721771 0.768371939659119
v 0.65656304359436 1.07776081562042 0.751456081867218
v 0.662290036678314 1.10135340690613 0.748033285140991
v 0.653932332992554 1.09592127799988 0.732689380645752
v 0.649106025695801 1.07032668590546 0.735581815242767
v 0.654159307479858 1.04357933998108 0.717845916748047
v 0.651109039783478 1.06537854671478 0.718533396720886
v 0.659666001796722 1.06367206573486 0.70183265209198
v 0.664630353450775 1.04474651813507 0.701933979988098
v 0.710566222667694 1.01437890529633 0.704236328601837
v 0.692508935928345 1.01655340194702 0.707625269889832
v 0.695963859558105 1.02142679691315 0.694193720817566
v 0.711670994758606 1.02015841007233 0.69120728969574
v 0.703754901885986 1.04239308834076 0.679954886436462
v 0.706067681312561 1.05535876750946 0.680929124355316
v 0.71581244468689 1.0586199760437 0.67603725194931
v 0.715314149856567 1.04441237449646 0.675639271736145
v 0.720560669898987 1.09846806526184 0.728947818279266
v 0.717028379440308 1.0911957025528 0.732782125473022
v 0.717128396034241 1.09101212024689 0.751394271850586
v 0.723812341690063 1.09465789794922 0.748156428337097
v 0.654956936836243 1.05714595317841 0.753916263580322
v 0.646759510040283 1.04523074626923 0.736184477806091
v 0.696464657783508 1.04137170314789 0.68371057510376
v 0.69284999370575 1.04317307472229 0.686569690704346
v 0.700674891471863 1.05090928077698 0.68811970949173
v 0.701218843460083 1.05166244506836 0.685004651546478
v 0.708642721176147 1.0727778673172 0.701261878013611
v 0.712118804454803 1.06742691993713 0.704118728637695
v 0.717740654945374 1.07444870471954 0.718720316886902
v 0.713300228118896 1.07828187942505 0.716941952705383
v 0.716122090816498 1.08451974391937 0.735129356384277
v 0.721898913383484 1.08084690570831 0.736429750919342
v 0.720330893993378 1.08378350734711 0.754159688949585
v 0.715073704719543 1.08590793609619 0.753263711929321
v 0.66137683391571 1.0450599193573 0.755787670612335
v 0.669506549835205 1.03545105457306 0.754222631454468
v 0.6767538189888 1.04337346553802 0.762498438358307
v 0.67059600353241 1.05257344245911 0.764416456222534
v 0.672848045825958 1.03157293796539 0.700477719306946
v 0.665568828582764 1.02995717525482 0.714729785919189
v 0.716714262962341 1.06994521617889 0.703301548957825
v 0.706980228424072 1.05922067165375 0.693877458572388
v 0.709733486175537 1.0630989074707 0.694050014019012
v 0.712762713432312 1.08086454868317 0.766181707382202
v 0.709698438644409 1.01252508163452 0.717419743537903
v 0.730774164199829 1.01165413856506 0.711181461811066
v 0.731322109699249 1.01400053501129 0.725075423717499
v 0.71021568775177 1.01443791389465 0.730785846710205
v 0.730793178081512 1.01464486122131 0.697420477867126
v 0.731649577617645 1.02223062515259 0.68515533208847
v 0.731965065002441 1.06407642364502 0.670333087444305
v 0.732302367687225 1.04881322383881 0.670202493667603
v 0.731072545051575 1.07957291603088 0.67596971988678
v 0.715593099594116 1.07327628135681 0.681892573833466
v 0.716081023216248 1.08624219894409 0.692038178443909
v 0.730850636959076 1.09332716464996 0.685249447822571
v 0.73567807674408 1.10550427436829 0.720638155937195
v 0.738669991493225 1.09924554824829 0.738906562328339
v 0.722403645515442 1.08311307430267 0.75946044921875
v 0.73893129825592 1.08652234077454 0.751663625240326
v 0.700016677379608 1.0308051109314 0.684484481811523
v 0.690009832382202 1.03170156478882 0.687963485717773
v 0.68383800983429 1.16445219516754 0.732723832130432
v 0.69230842590332 1.1834921836853 0.725444257259369
v 0.681705176830292 1.181072473526 0.715857148170471
v 0.673834681510925 1.16149246692657 0.721605896949768
v 0.675091087818146 1.17843174934387 0.704205095767975
v 0.683228135108948 1.19764590263367 0.699568748474121
v 0.738245844841003 1.13369536399841 0.70816171169281
v 0.739023327827454 1.15004253387451 0.700775146484375
v 0.744950175285339 1.18569076061249 0.696369469165802
v 0.7240309715271 1.07663798332214 0.716372311115265
v 0.728181302547455 1.08397853374481 0.712102949619293
v 0.690764904022217 1.04644191265106 0.764746308326721
v 0.700754523277283 1.04372644424438 0.76298576593399
v 0.705196738243103 1.05593585968018 0.767374873161316
v 0.67000824213028 1.06540930271149 0.764874458312988
v 0.68813294172287 1.06957113742828 0.769774675369263
v 0.692465960979462 1.08998107910156 0.766801238059998
v 0.672829866409302 1.08419740200043 0.763178467750549
v 0.679622888565063 1.0282689332962 0.751083016395569
v 0.693684637546539 1.02326917648315 0.747659504413605
v 0.697031140327454 1.03289675712585 0.757015824317932
v 0.684861123561859 1.03708505630493 0.760045111179352
v 0.717277824878693 1.09481430053711 0.708000063896179
v 0.713475406169891 1.08655166625977 0.712994873523712
v 0.735674023628235 1.05736494064331 0.762113094329834
v 0.736220598220825 1.0714693069458 0.759959161281586
v 0.719568312168121 1.06969058513641 0.765133142471313
v 0.717812895774841 1.05622041225433 0.765980899333954
v 0.709081292152405 1.06930291652679 0.767755806446075
v 0.73541522026062 1.04331064224243 0.757876873016357
v 0.715699851512909 1.04282283782959 0.761683464050293
v 0.732083439826965 1.10372352600098 0.700140237808228
v 0.71191018819809 1.02105796337128 0.743349671363831
v 0.733315944671631 1.02131676673889 0.73805958032608
v 0.734456717967987 1.03176951408386 0.749247908592224
v 0.713643729686737 1.03143608570099 0.753518640995026
v 0.668028235435486 1.15857541561127 0.708350241184235
v 0.661948919296265 1.13775491714478 0.711532235145569
v 0.676910638809204 1.04666376113892 0.690333843231201
v 0.672154903411865 1.0625102519989 0.688456118106842
v 0.682761073112488 1.03632760047913 0.690559387207031
v 0.683460772037506 1.14689826965332 0.67157381772995
v 0.686604857444763 1.16774845123291 0.669752359390259
v 0.682237386703491 1.1035053730011 0.675651788711548
v 0.681995391845703 1.12523210048676 0.673710703849792
v 0.685139179229736 1.12671709060669 0.75296688079834
v 0.674992322921753 1.02121496200562 0.724712133407593
v 0.660967588424683 1.02951121330261 0.729002952575684
v 0.677882850170135 1.02121913433075 0.711084544658661
v 0.732550978660583 1.0347706079483 0.675234496593475
v 0.713498473167419 1.03071808815002 0.680912852287292
v 0.655532538890839 1.03836154937744 0.746178865432739
v 0.756221354007721 1.04054081439972 0.667949140071869
v 0.704929232597351 1.08083081245422 0.769907832145691
v 0.713417530059814 1.08230304718018 0.762892246246338
v 0.70963054895401 1.08044910430908 0.764939188957214
v 0.737338066101074 1.19492721557617 0.715781569480896
v 0.737784504890442 1.11800253391266 0.715073227882385
v 0.719123184680939 1.07732009887695 0.699927389621735
v 0.71064430475235 1.07184028625488 0.691108405590057
v 0.69058096408844 1.01509916782379 0.721424221992493
v 0.690952062606812 1.01677966117859 0.734744429588318
v 0.675885319709778 1.02257430553436 0.737949848175049
v 0.707840979099274 1.06850469112396 0.686757504940033
v 0.710110545158386 1.08071446418762 0.696897029876709
v 0.690971076488495 1.18773329257965 0.667900085449219
v 0.704743802547455 1.06266689300537 0.691165924072266
v 0.709559738636017 1.09613335132599 0.766614437103271
v 1.08011078834534 1.12348163127899 0.686040282249451
v 1.09259331226349 1.10959351062775 0.680518329143524
v 1.09255874156952 1.12321519851685 0.679623246192932
v 0.906485617160797 0.973017573356628 0.55941641330719
v 0.933322906494141 0.948411107063293 0.499994665384293
v 0.922062695026398 0.950479507446289 0.519127666950226
v 0.909683704376221 1.04296910762787 0.60643196105957
v 0.909413814544678 1.03161096572876 0.599270761013031
v 0.900239825248718 1.07586193084717 0.637707471847534
v 0.906584620475769 1.07021939754486 0.630920112133026
v 0.904240369796753 1.01319301128387 0.562297582626343
v 0.99772721529007 1.36896729469299 0.58339262008667
v 1.00072574615479 1.36290121078491 0.587142646312714
v 0.996104419231415 1.38164138793945 0.580815076828003
v 1.0370124578476 0.806111872196198 0.403250962495804
v 1.04988408088684 0.779184222221375 0.399559378623962
v 1.05039501190186 0.766022980213165 0.397378176450729
v 0.993035197257996 1.34895372390747 0.572191596031189
v 0.996236026287079 1.34447371959686 0.577642440795898
v 0.991781890392303 1.3468234539032 0.575097560882568
v 0.992606580257416 1.35024642944336 0.569744110107422
v 0.993002831935883 1.34937155246735 0.570184051990509
v 0.992365598678589 1.38173484802246 0.570127367973328
v 1.00326013565063 1.35449874401093 0.588419198989868
v 1.00495183467865 1.34489345550537 0.588592886924744
v 0.992660343647003 1.36746954917908 0.568147778511047
v 1.02015793323517 0.793303847312927 0.643179059028625
v 1.01432871818542 0.775681734085083 0.648333728313446
v 1.04004752635956 0.774282157421112 0.647508561611176
v 1.04450654983521 0.791848361492157 0.640854001045227
v 1.06614947319031 0.757176041603088 0.651430606842041
v 1.06833148002625 0.774446487426758 0.644539773464203
v 1.03523802757263 0.755339562892914 0.654967546463013
v 0.916839361190796 0.729029357433319 0.633951485157013
v 0.921282351016998 0.75065940618515 0.630115151405334
v 0.904448807239532 0.753319621086121 0.608129620552063
v 0.899403095245361 0.731967329978943 0.610590219497681
v 0.89782440662384 0.770547926425934 0.582026064395905
v 0.892497062683105 0.753704786300659 0.581697762012482
v 0.910321950912476 0.771114826202393 0.606654167175293
v 0.892217814922333 0.767657041549683 0.553550720214844
v 0.887379765510559 0.749795794487 0.55342310667038
v 0.893879294395447 0.761260151863098 0.525795817375183
v 0.888927817344666 0.742168545722961 0.526009678840637
v 0.896271884441376 0.733337163925171 0.500588059425354
v 0.910877704620361 0.723706126213074 0.477710723876953
v 0.926682949066162 0.689979672431946 0.459652096033096
v 0.930571138858795 0.713146686553955 0.458720117807388
v 0.952203333377838 0.702879428863525 0.443270355463028
v 0.975130915641785 0.693435311317444 0.430174887180328
v 0.996062517166138 0.686873316764832 0.420391649007797
v 1.0148891210556 0.68215274810791 0.414245784282684
v 1.03217506408691 0.679259836673737 0.410492241382599
v 1.04815483093262 0.67709219455719 0.409666448831558
v 1.04692709445953 0.651660084724426 0.4146948158741
v 0.954292476177216 1.15685033798218 0.573624312877655
v 1.00883173942566 1.19967436790466 0.676163554191589
v 0.987399458885193 1.20161914825439 0.664502859115601
v 1.0008133649826 1.19365262985229 0.681279242038727
v 0.997660398483276 1.13219499588013 0.711516618728638
v 1.01523065567017 1.1268275976181 0.711645364761353
v 1.011643409729 1.1435706615448 0.708281576633453
v 0.992880880832672 1.15131425857544 0.706525206565857
v 1.02161085605621 1.18893790245056 0.684274077415466
v 1.02632069587708 1.19334828853607 0.679927706718445
v 1.01673352718353 1.18195676803589 0.690060496330261
v 1.03332495689392 1.17236578464508 0.693114876747131
v 1.04989373683929 1.16675329208374 0.691277980804443
v 0.951766848564148 1.18920516967773 0.679052591323853
v 0.937648117542267 1.18723118305206 0.681447744369507
v 0.948210716247559 1.17136371135712 0.696119546890259
v 0.960236668586731 1.17312455177307 0.696086347103119
v 0.970508098602295 1.1201673746109 0.710569500923157
v 0.958482623100281 1.12142312526703 0.71085250377655
v 0.959199547767639 1.10642194747925 0.709265112876892
v 0.972069501876831 1.10461020469666 0.709205627441406
v 0.891758978366852 1.17773342132568 0.690548539161682
v 0.877880811691284 1.17124807834625 0.693965792655945
v 0.888701498508453 1.16172158718109 0.708915233612061
v 0.903329193592072 1.16659069061279 0.705504536628723
v 0.956824123859406 1.13757038116455 0.7103471159935
v 1.01743614673615 1.01998341083527 0.70287013053894
v 1.00047397613525 1.02724802494049 0.704646944999695
v 0.985477447509766 1.03625011444092 0.703908085823059
v 0.950701177120209 1.05990874767303 0.693706631660461
v 0.95550924539566 1.04388356208801 0.692467093467712
v 0.960931062698364 1.05425846576691 0.696927309036255
v 0.939206957817078 1.0640367269516 0.692692577838898
v 0.929134130477905 1.06659734249115 0.69234836101532
v 0.879098176956177 1.15503358840942 0.624459862709045
v 0.882526695728302 1.13235998153687 0.611141860485077
v 0.874560654163361 1.13013160228729 0.62202525138855
v 0.90515673160553 1.06519651412964 0.691197037696838
v 0.903836786746979 1.06130230426788 0.68699848651886
v 0.914363920688629 1.06069910526276 0.684149086475372
v 0.91571831703186 1.06460642814636 0.6877720952034
v 0.964594721794128 1.1906750202179 0.676487326622009
v 0.89789891242981 1.1476948261261 0.716807723045349
v 0.903154850006104 1.13251686096191 0.719752371311188
v 0.917137205600739 1.13561987876892 0.715439975261688
v 0.912551581859589 1.15151882171631 0.712680697441101
v 0.907177627086639 1.11929404735565 0.719800174236298
v 0.909188032150269 1.10750234127045 0.717410564422607
v 0.921698868274689 1.10844910144806 0.713786602020264
v 0.920459985733032 1.12152099609375 0.715904712677002
v 0.905260682106018 1.07001793384552 0.696151316165924
v 0.918264448642731 1.06977248191833 0.692429184913635
v 0.858022212982178 1.16772282123566 0.675973773002625
v 0.912143707275391 1.19250011444092 0.662245690822601
v 0.926978468894958 1.1954470872879 0.659767270088196
v 0.918516397476196 1.19043457508087 0.633838534355164
v 0.904997229576111 1.18687474727631 0.635467410087585
v 0.887508869171143 1.07577192783356 0.645229279994965
v 0.886861801147461 1.06783926486969 0.653230845928192
v 0.886956095695496 1.06019842624664 0.660236716270447
v 0.9131760597229 1.0542049407959 0.67468273639679
v 0.886276185512543 1.05468082427979 0.668009638786316
v 0.873538434505463 1.1088901758194 0.626714289188385
v 0.865357995033264 1.12544453144073 0.630483508110046
v 0.913536489009857 1.17328882217407 0.611681282520294
v 0.902270555496216 1.16822957992554 0.613735139369965
v 0.86561381816864 1.1650652885437 0.697146832942963
v 0.876493513584137 1.154656291008 0.711665630340576
v 0.881219625473022 1.05560481548309 0.697019577026367
v 0.891444325447083 1.05783355236053 0.690688967704773
v 0.893601655960083 1.06187283992767 0.694802045822144
v 0.923824429512024 1.04887509346008 0.677104473114014
v 0.914318442344666 1.05682730674744 0.679467439651489
v 0.922823071479797 1.18532371520996 0.684325814247131
v 0.891658425331116 1.12718439102173 0.722292840480804
v 0.885332703590393 1.14118373394012 0.719331324100494
v 0.933264970779419 1.12233293056488 0.712349832057953
v 0.946061968803406 1.12207758426666 0.710889101028442
v 0.944760024547577 1.13782119750977 0.709665954113007
v 0.931185126304626 1.13721370697021 0.711739420890808
v 0.896661698818207 1.0915778875351 0.716104388237
v 0.896688938140869 1.10420656204224 0.720662593841553
v 0.94671231508255 1.10782563686371 0.709789752960205
v 0.93414843082428 1.10864353179932 0.711279213428497
v 0.894537091255188 1.06686043739319 0.700081825256348
v 0.923919439315796 1.17635214328766 0.611318171024323
v 0.929804444313049 1.15794324874878 0.588794767856598
v 0.919775605201721 1.15761768817902 0.593312919139862
v 0.910614728927612 1.15271329879761 0.595451593399048
v 0.900409817695618 1.14627575874329 0.598590731620789
v 0.890551626682281 1.13789260387421 0.603176116943359
v 0.941147804260254 1.15745687484741 0.582161605358124
v 0.664634823799133 1.02968335151672 0.74253922700882
v 0.877434253692627 1.05102849006653 0.693657279014587
v 0.87004679441452 1.05388951301575 0.703780174255371
v 0.864999532699585 1.04844164848328 0.701618254184723
v 0.812567830085754 1.05599057674408 0.732278048992157
v 1.03688299655914 1.26594161987305 0.458959311246872
v 1.03729903697968 1.26105153560638 0.46286803483963
v 1.03846800327301 1.28918838500977 0.452875912189484
v 1.03803074359894 1.28550899028778 0.453000634908676
v 0.684146761894226 1.05175316333771 0.766745805740356
v 0.680269360542297 1.05731272697449 0.767387449741364
v 0.678578615188599 1.10560441017151 0.758665204048157
v 0.698111832141876 1.10949039459229 0.761908829212189
v 0.703609049320221 1.12854564189911 0.754910409450531
v 0.736596167087555 1.10978388786316 0.73884379863739
v 0.736973762512207 1.10333788394928 0.722159862518311
v 0.711024582386017 1.08566522598267 0.685484766960144
v 0.653485357761383 1.09100222587585 0.716318249702454
v 0.753514170646667 1.21996319293976 0.689328074455261
v 0.75847589969635 1.23448836803436 0.67994898557663
v 0.75536036491394 1.23938524723053 0.689596891403198
v 0.748867392539978 1.22511422634125 0.698412299156189
v 0.763834714889526 1.24732255935669 0.67103385925293
v 0.75610613822937 1.23172891139984 0.670196950435638
v 0.759950160980225 1.24558663368225 0.66169285774231
v 0.750214159488678 1.23067688941956 0.662498772144318
v 0.753773331642151 1.24608635902405 0.654938578605652
v 0.746008992195129 1.24785614013672 0.650103807449341
v 0.742462635040283 1.23152315616608 0.656662344932556
v 0.734010577201843 1.23401641845703 0.653817534446716
v 0.737416744232178 1.25113296508789 0.648647427558899
v 0.721180438995361 1.21875667572021 0.657699465751648
v 0.711263477802277 1.22233355045319 0.658528506755829
v 0.716906428337097 1.24166285991669 0.656213641166687
v 0.725275456905365 1.23775172233582 0.653995752334595
v 0.712378621101379 1.26657259464264 0.665677070617676
v 0.70450621843338 1.24881160259247 0.668547630310059
v 0.704856514930725 1.25107312202454 0.677515804767609
v 0.712832450866699 1.26821064949036 0.673632144927979
v 0.707420825958252 1.23562169075012 0.698750734329224
v 0.715704321861267 1.25309467315674 0.694272756576538
v 0.709570169448853 1.25293636322021 0.686126410961151
v 0.700285136699677 1.23428606987 0.69047749042511
v 0.722964763641357 1.26882040500641 0.690887808799744
v 0.725692868232727 1.25235104560852 0.69817852973938
v 0.732860803604126 1.26615500450134 0.694576025009155
v 0.748750567436218 1.20091223716736 0.687791168689728
v 0.748391628265381 1.20503687858582 0.69847297668457
v 0.743449747562408 1.19011878967285 0.706983745098114
v 0.739971518516541 1.21410465240479 0.663458168506622
v 0.747431755065918 1.21421790122986 0.670271635055542
v 0.744632005691528 1.19806122779846 0.678222894668579
v 0.737488031387329 1.19698345661163 0.67036372423172
v 0.702220320701599 1.18358588218689 0.663809478282928
v 0.706457853317261 1.20333349704742 0.661102890968323
v 0.717721462249756 1.19988012313843 0.661434352397919
v 0.731005311012268 1.21583139896393 0.659467697143555
v 0.728235840797424 1.19782698154449 0.664921939373016
v 0.702478766441345 1.22651100158691 0.66324520111084
v 0.708993554115295 1.24554419517517 0.66119122505188
v 0.739774823188782 1.23002970218658 0.703373968601227
v 0.74676388502121 1.24457764625549 0.695451736450195
v 0.736449182033539 1.24899196624756 0.697905480861664
v 0.729117393493652 1.23376274108887 0.705003976821899
v 0.696571171283722 1.20737910270691 0.665625333786011
v 0.733135581016541 1.21452403068542 0.711732387542725
v 0.721555471420288 1.21768271923065 0.712903380393982
v 0.717838108539581 1.23609900474548 0.703970551490784
v 0.709487795829773 1.21928596496582 0.710538506507874
v 0.753635048866272 1.25729954242706 0.689127087593079
v 0.761727094650269 1.25201976299286 0.681770086288452
v 0.742897093296051 1.21015977859497 0.707219183444977
v 0.696932733058929 1.23034405708313 0.671310603618622
v 0.689878046512604 1.21127331256866 0.674022912979126
v 0.688103318214417 1.21434450149536 0.684550106525421
v 0.695915460586548 1.23268187046051 0.68112701177597
v 0.689947426319122 1.19944536685944 0.71004581451416
v 0.698852717876434 1.21789991855621 0.703665316104889
v 0.691575586795807 1.21594774723053 0.694725513458252
v 0.716838955879211 1.26977813243866 0.682403683662415
v 0.700925350189209 1.20163023471832 0.717817664146423
v 0.784065306186676 1.31721043586731 0.638986170291901
v 0.793110191822052 1.31605517864227 0.633973717689514
v 0.787442445755005 1.30821633338928 0.630187451839447
v 0.777896165847778 1.30928778648376 0.636148750782013
v 0.77657288312912 1.28934037685394 0.620676279067993
v 0.789033055305481 1.29026567935944 0.617567539215088
v 0.790571868419647 1.28009080886841 0.619079351425171
v 0.778005838394165 1.27756857872009 0.62187260389328
v 0.801904320716858 1.31345915794373 0.631964206695557
v 0.796139180660248 1.30665194988251 0.627041161060333
v 0.807371973991394 1.30820775032043 0.634076297283173
v 0.807676732540131 1.31949532032013 0.636047184467316
v 0.812171220779419 1.3155175447464 0.640928864479065
v 0.816876351833344 1.32205080986023 0.644209980964661
v 0.81594979763031 1.32117199897766 0.653724133968353
v 0.810749709606171 1.31022775173187 0.651517510414124
v 0.793866336345673 1.31687307357788 0.670709371566772
v 0.801967144012451 1.32860994338989 0.668477535247803
v 0.79312527179718 1.33270370960236 0.673026084899902
v 0.785243093967438 1.32070672512054 0.67481803894043
v 0.773593902587891 1.33723926544189 0.675625860691071
v 0.767558813095093 1.32497835159302 0.677266180515289
v 0.776515364646912 1.32306051254272 0.676124453544617
v 0.783999145030975 1.33580946922302 0.674091637134552
v 0.77105849981308 1.32014179229736 0.647246479988098
v 0.776165902614594 1.31830239295959 0.644424140453339
v 0.769509553909302 1.31090211868286 0.642782151699066
v 0.763872742652893 1.31253921985626 0.646199703216553
v 0.814690053462982 1.29871809482574 0.63359546661377
v 0.812942266464233 1.30185198783875 0.630990922451019
v 0.81032258272171 1.30498909950256 0.639816284179688
v 0.809138655662537 1.29858708381653 0.643016815185547
v 0.736087441444397 1.29997777938843 0.644160449504852
v 0.741414487361908 1.29524648189545 0.641399145126343
v 0.737859666347504 1.28479957580566 0.642564833164215
v 0.730910658836365 1.28901147842407 0.645671486854553
v 0.759000778198242 1.27415633201599 0.630125641822815
v 0.766447365283966 1.26478028297424 0.638478100299835
v 0.760728657245636 1.26322245597839 0.64215475320816
v 0.752431035041809 1.27392959594727 0.635971188545227
v 0.767248332500458 1.27541899681091 0.625505566596985
v 0.783096671104431 1.27045238018036 0.630084156990051
v 0.773824572563171 1.2669974565506 0.634057283401489
v 0.794928908348083 1.2744312286377 0.625952363014221
v 0.723150491714478 1.29288733005524 0.652483463287354
v 0.725341379642487 1.30224394798279 0.651972234249115
v 0.843766510486603 1.36217141151428 0.637677669525146
v 0.840110003948212 1.35782837867737 0.637955784797668
v 0.836601614952087 1.36210632324219 0.638529300689697
v 0.840542376041412 1.36640870571136 0.638611376285553
v 0.725997686386108 1.30192542076111 0.672124266624451
v 0.722880244255066 1.29563903808594 0.670484662055969
v 0.72835236787796 1.29479253292084 0.678263664245605
v 0.732867836952209 1.30016422271729 0.678768754005432
v 0.730495572090149 1.31085753440857 0.673536658287048
v 0.738612294197083 1.30773758888245 0.679195642471313
v 0.85034191608429 1.3595175743103 0.649384558200836
v 0.846079468727112 1.35530400276184 0.650527596473694
v 0.845516622066498 1.35409688949585 0.645484626293182
v 0.849640905857086 1.35857129096985 0.644316017627716
v 0.790713250637054 1.32428383827209 0.639676988124847
v 0.799261748790741 1.3226615190506 0.635703563690186
v 0.80912572145462 1.33887672424316 0.636972486972809
v 0.813128352165222 1.33376371860504 0.636690735816956
v 0.806231260299683 1.32836937904358 0.63611513376236
v 0.798179745674133 1.33262729644775 0.638713121414185
v 0.780653536319733 1.33754396438599 0.64805006980896
v 0.788025259971619 1.337238073349 0.644775629043579
v 0.781607151031494 1.32824301719666 0.645819485187531
v 0.774190247058868 1.32914090156555 0.649059772491455
v 0.763227641582489 1.3334676027298 0.651122391223907
v 0.75825971364975 1.3372358083725 0.651651620864868
v 0.763323187828064 1.34482359886169 0.651756107807159
v 0.769391179084778 1.34174859523773 0.650882124900818
v 0.786485016345978 1.35499799251556 0.649966478347778
v 0.781925201416016 1.35697102546692 0.651910305023193
v 0.788721561431885 1.36357688903809 0.654350817203522
v 0.793036878108978 1.36210131645203 0.652770340442657
v 0.720858097076416 1.29028618335724 0.67007452249527
v 0.724745988845825 1.28923487663269 0.678764462471008
v 0.753574848175049 1.34064745903015 0.676376700401306
v 0.756827414035797 1.35048592090607 0.67645400762558
v 0.747302711009979 1.35252511501312 0.672391176223755
v 0.743592739105225 1.34200000762939 0.672463119029999
v 0.742475271224976 1.29790031909943 0.681882321834564
v 0.737677216529846 1.29261517524719 0.682819724082947
v 0.848927080631256 1.36310982704163 0.653527200222015
v 0.844743430614471 1.35877156257629 0.654901266098022
v 0.799362242221832 1.27497732639313 0.635782122612
v 0.78725928068161 1.27122533321381 0.641496241092682
v 0.777646839618683 1.26809358596802 0.646248340606689
v 0.771619260311127 1.26548171043396 0.649732232093811
v 0.768224537372589 1.2618043422699 0.652406752109528
v 0.798172175884247 1.3397102355957 0.640657901763916
v 0.782331228256226 1.32343113422394 0.643881022930145
v 0.76691460609436 1.32120704650879 0.648844838142395
v 0.741082549095154 1.3349689245224 0.653105974197388
v 0.748273909091949 1.33281981945038 0.651021480560303
v 0.745060503482819 1.32553815841675 0.649300932884216
v 0.736333847045898 1.32797265052795 0.653404533863068
v 0.739282846450806 1.3440854549408 0.665247082710266
v 0.743460714817047 1.35371088981628 0.665074825286865
v 0.746260702610016 1.35267770290375 0.658391118049622
v 0.741722524166107 1.34444081783295 0.658017814159393
v 0.81704193353653 1.29391193389893 0.635241031646729
v 0.808987498283386 1.2912712097168 0.642885804176331
v 0.723566830158234 1.30330550670624 0.662365198135376
v 0.721699416637421 1.29570627212524 0.66124963760376
v 0.71951699256897 1.28825831413269 0.661493599414825
v 0.751617014408112 1.30407798290253 0.643615245819092
v 0.755626916885376 1.30303359031677 0.641843438148499
v 0.749210953712463 1.29039406776428 0.63582170009613
v 0.744695246219635 1.29244446754456 0.6395223736763
v 0.77051055431366 1.30113935470581 0.630159795284271
v 0.781154096126556 1.30038726329803 0.624546349048615
v 0.7649866938591 1.28913593292236 0.625391185283661
v 0.743466377258301 1.28016149997711 0.639414072036743
v 0.74270498752594 1.27198970317841 0.642040252685547
v 0.735809087753296 1.27699160575867 0.645318865776062
v 0.728650450706482 1.28177738189697 0.648858428001404
v 0.722308456897736 1.28595364093781 0.654337882995605
v 0.740537166595459 1.26374340057373 0.644995808601379
v 0.733180522918701 1.26861262321472 0.647551894187927
v 0.726111650466919 1.27353012561798 0.651638090610504
v 0.720471799373627 1.27762806415558 0.65687620639801
v 0.728734612464905 1.27959322929382 0.687630295753479
v 0.733210861682892 1.2867739200592 0.684818923473358
v 0.720987796783447 1.28159761428833 0.680139660835266
v 0.757993936538696 1.25683748722076 0.648030877113342
v 0.749078333377838 1.2604033946991 0.645160615444183
v 0.751600623130798 1.26773369312286 0.641034662723541
v 0.76414167881012 1.25570321083069 0.655730724334717
v 0.798714339733124 1.29067134857178 0.616418719291687
v 0.799789607524872 1.29839193820953 0.62050449848175
v 0.806886315345764 1.29867684841156 0.618456959724426
v 0.806925356388092 1.29225122928619 0.614823162555695
v 0.812880516052246 1.32471323013306 0.638592123985291
v 0.817953109741211 1.33033847808838 0.639862060546875
v 0.821380496025085 1.32849860191345 0.645640909671783
v 0.728336453437805 1.31205558776855 0.652860164642334
v 0.737833380699158 1.30996966362 0.646482288837433
v 0.807142555713654 1.34394359588623 0.639579653739929
v 0.841081917285919 1.35051250457764 0.651395201683044
v 0.832637190818787 1.34165716171265 0.65228146314621
v 0.83179634809494 1.34059500694275 0.646057784557343
v 0.840771615505219 1.34932494163513 0.64597487449646
v 0.812480926513672 1.35153329372406 0.644941806793213
v 0.819506585597992 1.3556604385376 0.646178066730499
v 0.819565176963806 1.35218417644501 0.641101896762848
v 0.813425362110138 1.34729325771332 0.640635192394257
v 0.775829076766968 1.3592095375061 0.653577446937561
v 0.781346499919891 1.36475658416748 0.655412316322327
v 0.808796167373657 1.34037029743195 0.663639903068542
v 0.810513377189636 1.32366871833801 0.663332104682922
v 0.81666898727417 1.33289361000061 0.66134113073349
v 0.7746701836586 1.33939075469971 0.64993679523468
v 0.775508761405945 1.34975957870483 0.650899529457092
v 0.780342698097229 1.34758460521698 0.649308800697327
v 0.798963665962219 1.3437567949295 0.642205536365509
v 0.793181598186493 1.34354436397552 0.644353985786438
v 0.799376428127289 1.34871470928192 0.644739747047424
v 0.804717540740967 1.34708023071289 0.642441928386688
v 0.733423709869385 1.33318626880646 0.663750648498535
v 0.739624500274658 1.33097279071808 0.673423886299133
v 0.843323707580566 1.35507130622864 0.640788316726685
v 0.847095429897308 1.35948884487152 0.640149474143982
v 0.717744827270508 1.28167247772217 0.67096483707428
v 0.717626750469208 1.28038573265076 0.663116157054901
v 0.768597066402435 1.33074986934662 0.650466322898865
v 0.802688717842102 1.31323623657227 0.663532555103302
v 0.762157380580902 1.32251644134521 0.649712383747101
v 0.774985492229462 1.35817098617554 0.671379685401917
v 0.779780089855194 1.36453413963318 0.671555757522583
v 0.776396572589874 1.36667203903198 0.666412472724915
v 0.770460784435272 1.36165452003479 0.666901528835297
v 0.828979015350342 1.36308217048645 0.647375464439392
v 0.834699749946594 1.36781656742096 0.6480712890625
v 0.834743499755859 1.36589562892914 0.64253556728363
v 0.829085171222687 1.36068451404572 0.641662418842316
v 0.815184772014618 1.34290301799774 0.63819807767868
v 0.82151335477829 1.34818291664124 0.638096690177917
v 0.824898481369019 1.34412288665771 0.63789689540863
v 0.818479180335999 1.33845019340515 0.637662529945374
v 0.822549760341644 1.33548414707184 0.640734255313873
v 0.82882559299469 1.34152519702911 0.641153216362
v 0.831359624862671 1.36276483535767 0.653718829154968
v 0.822304606437683 1.35546910762787 0.653033375740051
v 0.826043486595154 1.35086035728455 0.657855749130249
v 0.835507988929749 1.35859894752502 0.657266497612
v 0.761731505393982 1.31296324729919 0.679067015647888
v 0.758181631565094 1.32744097709656 0.677902162075043
v 0.752932131290436 1.31560039520264 0.679508209228516
v 0.779307544231415 1.34834766387939 0.674447119235992
v 0.767904937267303 1.35062742233276 0.672849416732788
v 0.763354420661926 1.33928990364075 0.676293969154358
v 0.749565005302429 1.3292407989502 0.677337646484375
v 0.810263633728027 1.35137486457825 0.655252814292908
v 0.810268521308899 1.34984374046326 0.661128520965576
v 0.816615104675293 1.34598565101624 0.657940864562988
v 0.755431950092316 1.32531905174255 0.650008022785187
v 0.837944507598877 1.34986042976379 0.641032814979553
v 0.773815810680389 1.27283227443695 0.670094132423401
v 0.778202593326569 1.27828860282898 0.667595386505127
v 0.771677553653717 1.28612446784973 0.677520155906677
v 0.767613053321838 1.27877008914948 0.678907096385956
v 0.830828249454498 1.35658359527588 0.638055264949799
v 0.834432601928711 1.35260653495789 0.637594640254974
v 0.770785331726074 1.36227989196777 0.656711637973785
v 0.769461154937744 1.36613595485687 0.660694241523743
v 0.774838447570801 1.3687047958374 0.661545217037201
v 0.776830792427063 1.36661815643311 0.658129274845123
v 0.744623482227325 1.3178493976593 0.6788330078125
v 0.758407294750214 1.3575484752655 0.676568627357483
v 0.75011944770813 1.36091840267181 0.672077178955078
v 0.747821092605591 1.30547213554382 0.681040823459625
v 0.752939105033875 1.29471635818481 0.682326257228851
v 0.756735384464264 1.30243039131165 0.680817246437073
v 0.791766226291656 1.34858202934265 0.67042475938797
v 0.769873082637787 1.31109154224396 0.67809522151947
v 0.76420783996582 1.29970729351044 0.680036604404449
v 0.761131167411804 1.29043006896973 0.68163526058197
v 0.758123815059662 1.28407526016235 0.683343052864075
v 0.748577773571014 1.28856372833252 0.683874666690826
v 0.839173376560211 1.35366010665894 0.65591835975647
v 0.840935170650482 1.36334085464478 0.656468033790588
v 0.739413678646088 1.2755115032196 0.690027117729187
v 0.744347989559174 1.28235650062561 0.686269879341125
v 0.74980103969574 1.27118253707886 0.688588201999664
v 0.754271447658539 1.27782392501831 0.685704052448273
v 0.78017657995224 1.29408621788025 0.674211621284485
v 0.772788047790527 1.2974134683609 0.678206086158752
v 0.786632537841797 1.30560517311096 0.672598242759705
v 0.778106689453125 1.30873870849609 0.676783502101898
v 0.800644278526306 1.34328126907349 0.670819282531738
v 0.848697185516357 1.37655460834503 0.652110636234283
v 0.846019685268402 1.37797570228577 0.648404717445374
v 0.839597880840302 1.37222766876221 0.648302555084229
v 0.842482805252075 1.37107753753662 0.652839601039886
v 0.837202548980713 1.36701679229736 0.653437972068787
v 0.845794141292572 1.36759209632874 0.655298173427582
v 0.794969856739044 1.30163300037384 0.664600670337677
v 0.805840730667114 1.35347890853882 0.646818518638611
v 0.787626504898071 1.28771388530731 0.662996590137482
v 0.800502061843872 1.28919267654419 0.652647256851196
v 0.804773211479187 1.29921925067902 0.654771149158478
v 0.78960245847702 1.27592968940735 0.652739763259888
v 0.780585110187531 1.27143812179565 0.65764307975769
v 0.77173900604248 1.26379585266113 0.66224592924118
v 0.774651169776917 1.26782035827637 0.660305023193359
v 0.768616378307343 1.25752508640289 0.6651651263237
v 0.8006791472435 1.27982234954834 0.645641028881073
v 0.845233976840973 1.37257623672485 0.638824701309204
v 0.848350822925568 1.36841571331024 0.63711816072464
v 0.771068811416626 1.26804554462433 0.672221004962921
v 0.767030000686646 1.26133131980896 0.67586874961853
v 0.791495740413666 1.29971098899841 0.6216139793396
v 0.755993902683258 1.31441354751587 0.647894322872162
v 0.750414848327637 1.31615841388702 0.647549629211426
v 0.741578817367554 1.31828320026398 0.647736489772797
v 0.731735169887543 1.32067537307739 0.653045892715454
v 0.760010063648224 1.26621317863464 0.684898734092712
v 0.729790091514587 1.25576448440552 0.649962782859802
v 0.722305297851562 1.26026153564453 0.653838515281677
v 0.743475794792175 1.26204109191895 0.692718863487244
v 0.85185033082962 1.36570763587952 0.639096140861511
v 0.793787062168121 1.36400032043457 0.659934341907501
v 0.795922219753265 1.3643239736557 0.658772826194763
v 0.799748599529266 1.2825620174408 0.616994023323059
v 0.808492839336395 1.28601837158203 0.615305304527283
v 0.817400693893433 1.28422558307648 0.626420915126801
v 0.809056758880615 1.27889287471771 0.630642533302307
v 0.804251492023468 1.27805233001709 0.622393846511841
v 0.812700867652893 1.28340697288513 0.619808435440063
v 0.749084234237671 1.30577945709229 0.644438326358795
v 0.744789361953735 1.30797743797302 0.645265579223633
v 0.735109627246857 1.3203136920929 0.674136400222778
v 0.728999018669128 1.32241916656494 0.664600133895874
v 0.825632989406586 1.33416533470154 0.646140575408936
v 0.825719654560089 1.33510041236877 0.652905642986298
v 0.82107400894165 1.32895863056183 0.653909206390381
v 0.829980611801147 1.34530091285706 0.657362103462219
v 0.815305948257446 1.3515899181366 0.651791214942932
v 0.810448110103607 1.35319900512695 0.650792181491852
v 0.762107372283936 1.30221366882324 0.637304544448853
v 0.75619500875473 1.28978323936462 0.630977094173431
v 0.808739185333252 1.30271434783936 0.62556928396225
v 0.802615940570831 1.30367350578308 0.626287996768951
v 0.786270201206207 1.34497833251953 0.647057771682739
v 0.800984382629395 1.35667443275452 0.668612241744995
v 0.806867122650146 1.35134470462799 0.66857647895813
v 0.79217928647995 1.3513103723526 0.647442758083344
v 0.854709029197693 1.36498522758484 0.642881274223328
v 0.855842113494873 1.36589109897614 0.647921681404114
v 0.82258802652359 1.33903872966766 0.65893292427063
v 0.769295036792755 1.35259020328522 0.652217149734497
v 0.798416912555695 1.36148810386658 0.664441168308258
v 0.792492091655731 1.35745000839233 0.667840123176575
v 0.747402667999268 1.36026203632355 0.665048599243164
v 0.764737367630005 1.27324628829956 0.681286036968231
v 0.838422238826752 1.37021398544312 0.642683207988739
v 0.843916714191437 1.37636172771454 0.642928242683411
v 0.85122811794281 1.37326240539551 0.653666973114014
v 0.853964865207672 1.36895608901978 0.65228796005249
v 0.725323557853699 1.31205427646637 0.664022326469421
v 0.759925425052643 1.31347250938416 0.647437512874603
v 0.71603786945343 1.26373720169067 0.659234285354614
v 0.810399353504181 1.28335762023926 0.639077842235565
v 0.819000244140625 1.28829872608185 0.632983267307281
v 0.79787939786911 1.35710918903351 0.649184167385101
v 0.765869855880737 1.35800087451935 0.672401189804077
v 0.793519496917725 1.36153125762939 0.66985821723938
v 0.787148654460907 1.36183309555054 0.674050211906433
v 0.783563494682312 1.35600018501282 0.673945307731628
v 0.795125067234039 1.36419105529785 0.664722204208374
v 0.858761727809906 1.3741602897644 0.651556134223938
v 0.855929017066956 1.37824654579163 0.652881801128387
v 0.860792756080627 1.37125194072723 0.647155940532684
v 0.858910024166107 1.37011528015137 0.642269372940063
v 0.855677664279938 1.37044501304626 0.638903319835663
v 0.853160977363586 1.38116192817688 0.651419699192047
v 0.85045725107193 1.38219630718231 0.64806604385376
v 0.847913503646851 1.38032460212708 0.642928719520569
v 0.856922268867493 1.38561844825745 0.650750279426575
v 0.860445737838745 1.38345670700073 0.651957988739014
v 0.869186103343964 1.38131940364838 0.64431619644165
v 0.869732975959778 1.38321936130524 0.64703631401062
v 0.867265701293945 1.38053929805756 0.647901058197021
v 0.865759611129761 1.37708377838135 0.646588802337646
v 0.871684670448303 1.38574945926666 0.643524408340454
v 0.872470915317535 1.38709950447083 0.64658910036087
v 0.868142366409302 1.3853907585144 0.649941921234131
v 0.865316390991211 1.38167405128479 0.65019166469574
v 0.871208369731903 1.38957142829895 0.649779438972473
v 0.868205964565277 1.39197134971619 0.650724351406097
v 0.865333020687103 1.38790845870972 0.650691509246826
v 0.863542973995209 1.38428795337677 0.650939464569092
v 0.862929999828339 1.37876224517822 0.650827944278717
v 0.873267471790314 1.39028286933899 0.644015312194824
v 0.8724684715271 1.39465296268463 0.646456956863403
v 0.873408079147339 1.39310359954834 0.649049282073975
v 0.874045610427856 1.39011812210083 0.646483540534973
v 0.862994372844696 1.37504017353058 0.641912937164307
v 0.866822063922882 1.38071632385254 0.641208052635193
v 0.869443356990814 1.38590669631958 0.640833258628845
v 0.870871901512146 1.39074790477753 0.641603410243988
v 0.864112615585327 1.3819363117218 0.638495624065399
v 0.866963386535645 1.38726401329041 0.639147818088531
v 0.868091583251953 1.39126491546631 0.64023232460022
v 0.861244976520538 1.38442516326904 0.63751482963562
v 0.864697277545929 1.38928890228271 0.638887107372284
v 0.859502613544464 1.37517392635345 0.638645052909851
v 0.855824649333954 1.37717056274414 0.637302279472351
v 0.866135001182556 1.39161503314972 0.639983177185059
v 0.870031476020813 1.39495575428009 0.644246101379395
v 0.862579703330994 1.38926649093628 0.650905191898346
v 0.865598082542419 1.39358520507812 0.650115966796875
v 0.860242247581482 1.39046776294708 0.649648189544678
v 0.863643407821655 1.39449596405029 0.648595213890076
v 0.870452702045441 1.3946305513382 0.650542974472046
v 0.868942737579346 1.3961706161499 0.649114549160004
v 0.852043926715851 1.3726601600647 0.637301802635193
v 0.848907232284546 1.3767454624176 0.639231443405151
v 0.852853000164032 1.3809906244278 0.639064610004425
v 0.858155071735382 1.38787031173706 0.639148652553558
v 0.852166712284088 1.38445830345154 0.643018662929535
v 0.854406535625458 1.38655078411102 0.647656559944153
v 0.85852974653244 1.39118003845215 0.647159099578857
v 0.857123136520386 1.39037692546844 0.643198549747467
v 0.862021744251251 1.39462065696716 0.646098732948303
v 0.861390113830566 1.39382767677307 0.64318722486496
v 0.862551331520081 1.39191246032715 0.640406668186188
v 0.865039825439453 1.3959379196167 0.64474630355835
v 0.86680793762207 1.39644312858582 0.647018671035767
v 0.867359459400177 1.39442372322083 0.642570376396179
v 0.865110278129578 1.39359712600708 0.641405999660492
v 0.863926470279694 1.39487826824188 0.643072366714478
v 0.82744288444519 1.38726139068604 0.652199029922485
v 0.823348641395569 1.38073205947876 0.65190577507019
v 0.819505393505096 1.38386631011963 0.653083384037018
v 0.823648929595947 1.39050781726837 0.653812527656555
v 0.834057152271271 1.38185739517212 0.662850975990295
v 0.830071091651917 1.37607932090759 0.663480758666992
v 0.829061269760132 1.37637054920197 0.657824158668518
v 0.832959532737732 1.38260626792908 0.657122731208801
v 0.830894887447357 1.3844405412674 0.667813420295715
v 0.826892077922821 1.37869191169739 0.668582737445831
v 0.825240015983582 1.36927855014801 0.663508415222168
v 0.816264271736145 1.35827112197876 0.662305951118469
v 0.815107464790344 1.35942816734314 0.656257748603821
v 0.824267148971558 1.36987471580505 0.657756328582764
v 0.801595568656921 1.3705415725708 0.659127235412598
v 0.801507353782654 1.3681857585907 0.654281675815582
v 0.826505959033966 1.37836790084839 0.653963923454285
v 0.830514848232269 1.38468909263611 0.653482854366302
v 0.810697078704834 1.3813624382019 0.660597443580627
v 0.816222071647644 1.38851892948151 0.661722004413605
v 0.816928565502167 1.38684773445129 0.656735599040985
v 0.811262190341949 1.37969517707825 0.655465245246887
v 0.80476438999176 1.36457705497742 0.650724768638611
v 0.809680104255676 1.36157047748566 0.648990213871002
v 0.81325227022171 1.36022388935089 0.651613771915436
v 0.812605679035187 1.38073515892029 0.6662557721138
v 0.804385542869568 1.36973333358765 0.665241718292236
v 0.808422446250916 1.36563873291016 0.669195592403412
v 0.816832959651947 1.3770706653595 0.669643998146057
v 0.82169371843338 1.37134695053101 0.653254866600037
v 0.814066290855408 1.37639796733856 0.651839911937714
v 0.81829971075058 1.37340998649597 0.650652289390564
v 0.821850419044495 1.37202262878418 0.668627500534058
v 0.82187157869339 1.38381969928741 0.669456243515015
v 0.829289019107819 1.4005274772644 0.66667914390564
v 0.827233552932739 1.40254640579224 0.662945628166199
v 0.82077419757843 1.39483141899109 0.662400662899017
v 0.822920978069305 1.39334344863892 0.666702628135681
v 0.818168103694916 1.38754653930664 0.666471004486084
v 0.826402604579926 1.38931250572205 0.669024527072906
v 0.829748153686523 1.39993536472321 0.654560148715973
v 0.833161234855652 1.39627933502197 0.652526497840881
v 0.836174964904785 1.39366054534912 0.653286814689636
v 0.81369537115097 1.36055898666382 0.668724298477173
v 0.83821702003479 1.39153909683228 0.656623721122742
v 0.839428246021271 1.39022445678711 0.662117958068848
v 0.821189701557159 1.39356970787048 0.657457649707794
v 0.827202022075653 1.40219175815582 0.658141195774078
v 0.832229018211365 1.39682078361511 0.668441236019135
v 0.836333394050598 1.39221012592316 0.667258262634277
v 0.840848326683044 1.39936852455139 0.666753113269806
v 0.836860120296478 1.40333473682404 0.667906582355499
v 0.844060301780701 1.39730024337769 0.66211462020874
v 0.842504620552063 1.39776122570038 0.656898856163025
v 0.839975237846375 1.39923405647278 0.653910279273987
v 0.834253251552582 1.40633583068848 0.666560351848602
v 0.832096457481384 1.40788102149963 0.663420557975769
v 0.831348299980164 1.40720272064209 0.65876430273056
v 0.838522791862488 1.41220426559448 0.666619539260864
v 0.841767966747284 1.41044616699219 0.667894244194031
v 0.854446947574615 1.41526794433594 0.661178648471832
v 0.8547722697258 1.41591000556946 0.664472818374634
v 0.851820051670074 1.41153514385223 0.664209842681885
v 0.852039694786072 1.40987181663513 0.661384344100952
v 0.849597156047821 1.40853595733643 0.664756774902344
v 0.848737239837646 1.40473651885986 0.662769019603729
v 0.850203037261963 1.41348528862 0.667113661766052
v 0.847315192222595 1.40974998474121 0.66672158241272
v 0.853278875350952 1.41817271709442 0.668144583702087
v 0.849913060665131 1.42015182971954 0.668741941452026
v 0.846810281276703 1.4151383638382 0.667700886726379
v 0.844974517822266 1.41183435916901 0.667384207248688
v 0.856187403202057 1.42037010192871 0.662454187870026
v 0.85676383972168 1.41948306560516 0.664922952651978
v 0.844935476779938 1.40588986873627 0.666837573051453
v 0.846173703670502 1.40331697463989 0.657697975635529
v 0.850049018859863 1.40971100330353 0.657826840877533
v 0.852898240089417 1.41598296165466 0.658428251743317
v 0.854242503643036 1.42111504077911 0.659959137439728
v 0.84727019071579 1.4108761548996 0.654967725276947
v 0.850546181201935 1.41698122024536 0.656355261802673
v 0.851504683494568 1.42126846313477 0.658424854278564
v 0.843880474567413 1.41324806213379 0.654125332832336
v 0.847589194774628 1.41884469985962 0.656003057956696
v 0.843003690242767 1.40415573120117 0.654408872127533
v 0.839520573616028 1.40611374378204 0.653608322143555
v 0.849292755126953 1.4213479757309 0.657922446727753
v 0.853155553340912 1.42454326152802 0.663044452667236
v 0.855380296707153 1.42424809932709 0.665628671646118
v 0.856385707855225 1.42239212989807 0.668466448783875
v 0.844576835632324 1.41633915901184 0.667187631130219
v 0.848058879375458 1.42145872116089 0.667366981506348
v 0.842493951320648 1.41792416572571 0.666638255119324
v 0.846404075622559 1.42264080047607 0.666392624378204
v 0.852597832679749 1.42357158660889 0.669260501861572
v 0.851588010787964 1.42480492591858 0.667614102363586
v 0.836746156215668 1.40166163444519 0.653287887573242
v 0.833444833755493 1.40471851825714 0.655082821846008
v 0.836205959320068 1.40908312797546 0.655303061008453
v 0.840593576431274 1.4161297082901 0.656196475028992
v 0.834484338760376 1.41162109375 0.659292697906494
v 0.835980653762817 1.41296625137329 0.663948118686676
v 0.840412557125092 1.41846609115601 0.664357423782349
v 0.839211583137512 1.41790759563446 0.66043758392334
v 0.844703853130341 1.42264544963837 0.664293169975281
v 0.843751668930054 1.42222738265991 0.661296963691711
v 0.844797253608704 1.42096042633057 0.657887697219849
v 0.848069190979004 1.42474865913391 0.663422584533691
v 0.849946022033691 1.42533349990845 0.665501475334167
v 0.850289881229401 1.42396807670593 0.661115527153015
v 0.847928583621979 1.42303323745728 0.659526705741882
v 0.846530556678772 1.42375779151917 0.661561250686646
v 0.804072022438049 1.39184069633484 0.660947620868683
v 0.8013676404953 1.38655602931976 0.660708606243134
v 0.796652436256409 1.38862705230713 0.660054624080658
v 0.799587726593018 1.39425659179688 0.660434126853943
v 0.808098018169403 1.38949871063232 0.67211127281189
v 0.805233359336853 1.3829151391983 0.672274947166443
v 0.806059181690216 1.38365232944489 0.667824864387512
v 0.808744490146637 1.38961780071259 0.668125510215759
v 0.804570198059082 1.39130139350891 0.675126671791077
v 0.800948977470398 1.38464176654816 0.675528883934021
v 0.801969826221466 1.37654459476471 0.671802937984467
v 0.796822428703308 1.36799132823944 0.67076188325882
v 0.797537565231323 1.36948311328888 0.665251672267914
v 0.803032398223877 1.37771248817444 0.666803181171417
v 0.80465042591095 1.38495826721191 0.663771986961365
v 0.807505190372467 1.39052557945251 0.664198338985443
v 0.786837041378021 1.38530611991882 0.664537072181702
v 0.791047155857086 1.39169788360596 0.66593474149704
v 0.792826056480408 1.39060318470001 0.662278831005096
v 0.78872549533844 1.38404631614685 0.661009192466736
v 0.786214232444763 1.37174439430237 0.657100200653076
v 0.791624009609222 1.37063479423523 0.657171726226807
v 0.795338034629822 1.37035441398621 0.660401344299316
v 0.787497043609619 1.3849196434021 0.669932007789612
v 0.781474173069 1.37459635734558 0.667898595333099
v 0.785067439079285 1.37247514724731 0.673161268234253
v 0.791269600391388 1.38180780410767 0.674507796764374
v 0.801398992538452 1.3793580532074 0.662404835224152
v 0.7927485704422 1.38243532180786 0.658478498458862
v 0.797842681407928 1.38068509101868 0.659110426902771
v 0.797047317028046 1.37803888320923 0.675111711025238
v 0.795380234718323 1.38809752464294 0.674794256687164
v 0.801791369915009 1.40546250343323 0.672674536705017
v 0.800207912921906 1.40653514862061 0.668762743473053
v 0.79422926902771 1.39780461788177 0.666932582855225
v 0.795649886131287 1.39700984954834 0.671611309051514
v 0.791552901268005 1.39117729663849 0.670814871788025
v 0.799600422382355 1.39442837238312 0.674836337566376
v 0.804222881793976 1.40277016162872 0.661658048629761
v 0.808434128761292 1.40030646324158 0.661357760429382
v 0.811464667320251 1.39880561828613 0.664317548274994
v 0.791732728481293 1.3691873550415 0.674547791481018
v 0.780393362045288 1.37480580806732 0.662531435489655
v 0.812804460525513 1.39821517467499 0.66768616437912
v 0.812668025493622 1.39832735061646 0.671524882316589
v 0.795831382274628 1.39641237258911 0.663013577461243
v 0.800810039043427 1.40512609481812 0.664502024650574
v 0.805240571498871 1.40290033817291 0.675154745578766
v 0.80955845117569 1.39977645874023 0.675022006034851
v 0.813183844089508 1.40602195262909 0.674981236457825
v 0.808858156204224 1.40893304347992 0.675652146339417
v 0.816461801528931 1.40464603900909 0.671558141708374
v 0.815987884998322 1.40441656112671 0.667659044265747
v 0.81425404548645 1.40455055236816 0.664504170417786
v 0.805700123310089 1.4112241268158 0.673159837722778
v 0.804363071918488 1.41198408603668 0.669735252857208
v 0.804236888885498 1.41013896465302 0.665479063987732
v 0.808207273483276 1.41588950157166 0.673480451107025
v 0.812123358249664 1.41455614566803 0.675426602363586
v 0.825176954269409 1.42033457756042 0.67047917842865
v 0.824657142162323 1.42110419273376 0.672742366790771
v 0.822063505649567 1.41695940494537 0.672188341617584
v 0.822966277599335 1.41575908660889 0.670339524745941
v 0.820235371589661 1.41385638713837 0.672735810279846
v 0.819744408130646 1.41062438488007 0.671697914600372
v 0.819970667362213 1.41822600364685 0.675239205360413
v 0.81785649061203 1.41438317298889 0.674794673919678
v 0.822340488433838 1.42262053489685 0.675844669342041
v 0.818305969238281 1.42403531074524 0.675905168056488
v 0.816076397895813 1.4196070432663 0.675138831138611
v 0.815102577209473 1.41607475280762 0.675356030464172
v 0.82624340057373 1.42479157447815 0.67155659198761
v 0.825986564159393 1.42431163787842 0.673492610454559
v 0.815917074680328 1.41106295585632 0.674714624881744
v 0.818720400333405 1.40926444530487 0.667835593223572
v 0.821925282478333 1.41507983207703 0.667440891265869
v 0.824215650558472 1.42023372650146 0.667729258537292
v 0.824652791023254 1.42471194267273 0.668751835823059
v 0.81971001625061 1.41529166698456 0.664806723594666
v 0.821967124938965 1.42054724693298 0.665598213672638
v 0.822307586669922 1.42430365085602 0.666715502738953
v 0.816793739795685 1.41610598564148 0.663095712661743
v 0.819417774677277 1.42134594917297 0.664478302001953
v 0.816552639007568 1.40934598445892 0.664730906486511
v 0.813334703445435 1.40988886356354 0.662723660469055
v 0.820343971252441 1.42395162582397 0.665882468223572
v 0.822083294391632 1.42815518379211 0.670890688896179
v 0.823947846889496 1.4281120300293 0.673914790153503
v 0.824389159679413 1.42647635936737 0.676261782646179
v 0.813274204730988 1.42034602165222 0.674864768981934
v 0.8159219622612 1.42493057250977 0.674841523170471
v 0.810999751091003 1.42087304592133 0.673072636127472
v 0.814318418502808 1.42547535896301 0.673026502132416
v 0.82062166929245 1.42683494091034 0.676369547843933
v 0.819429755210876 1.4278736114502 0.675070703029633
v 0.811209976673126 1.40541338920593 0.662340819835663
v 0.807231068611145 1.40744984149933 0.66263735294342
v 0.809717118740082 1.41161370277405 0.663104057312012
v 0.813269853591919 1.4181170463562 0.663839936256409
v 0.806768000125885 1.41400182247162 0.666065454483032
v 0.806805551052094 1.41572415828705 0.670078337192535
v 0.809897065162659 1.42078709602356 0.67020845413208
v 0.810385704040527 1.41964781284332 0.666767239570618
v 0.813479959964752 1.42523503303528 0.670397281646729
v 0.813859164714813 1.42432987689972 0.667563557624817
v 0.816285908222198 1.42294955253601 0.66518497467041
v 0.816683888435364 1.42733287811279 0.670090079307556
v 0.817820370197296 1.42798948287964 0.672746062278748
v 0.820182144641876 1.42690944671631 0.668437242507935
v 0.818450927734375 1.42544639110565 0.666767299175262
v 0.816195964813232 1.42623662948608 0.668060421943665
v 0.782301962375641 1.37303698062897 0.659471213817596
v 0.77048796415329 1.38945043087006 0.666656374931335
v 0.76936662197113 1.38451957702637 0.666093170642853
v 0.765446186065674 1.38544046878815 0.665466368198395
v 0.766497731208801 1.39033246040344 0.665978908538818
v 0.772153496742249 1.38871419429779 0.677423655986786
v 0.770965695381165 1.38301229476929 0.677303433418274
v 0.77303284406662 1.38303983211517 0.673051476478577
v 0.774242103099823 1.38862013816833 0.673452377319336
v 0.767286777496338 1.38971292972565 0.679431676864624
v 0.765710055828094 1.38392305374146 0.679426550865173
v 0.769265413284302 1.37643933296204 0.676073133945465
v 0.766992449760437 1.3658891916275 0.67400723695755
v 0.769100546836853 1.36786270141602 0.669061362743378
v 0.771364152431488 1.37674450874329 0.671606659889221
v 0.750764608383179 1.36521291732788 0.665215134620667
v 0.753448009490967 1.37185394763947 0.665992856025696
v 0.756738901138306 1.37179815769196 0.663075685501099
v 0.753554940223694 1.36449885368347 0.661283135414124
v 0.772293388843536 1.38363122940063 0.668851852416992
v 0.773330390453339 1.38894593715668 0.669492363929749
v 0.756770968437195 1.38108706474304 0.668120861053467
v 0.758597493171692 1.386883020401 0.669415235519409
v 0.761671245098114 1.38637292385101 0.66663533449173
v 0.759955883026123 1.38094592094421 0.665178298950195
v 0.758434593677521 1.36444675922394 0.659227967262268
v 0.760862290859222 1.37144088745117 0.661675035953522
v 0.764806389808655 1.37028384208679 0.662215113639832
v 0.76378607749939 1.36444020271301 0.658848881721497
v 0.767693936824799 1.36968755722046 0.664449334144592
v 0.755825102329254 1.38034129142761 0.672438204288483
v 0.752448260784149 1.37088799476624 0.670150399208069
v 0.753994047641754 1.3685849905014 0.674966931343079
v 0.758203446865082 1.37902760505676 0.676769137382507
v 0.770528674125671 1.3779524564743 0.667470097541809
v 0.763765752315521 1.38014769554138 0.664008498191833
v 0.767565369606018 1.37893748283386 0.664805829524994
v 0.76395708322525 1.37695705890656 0.67851448059082
v 0.760464072227478 1.385498046875 0.677675127983093
v 0.761141777038574 1.39875662326813 0.674799978733063
v 0.76140022277832 1.39868307113647 0.671260893344879
v 0.759806931018829 1.39211690425873 0.670112609863281
v 0.759207785129547 1.39201736450195 0.674275815486908
v 0.757774651050568 1.38660991191864 0.673718094825745
v 0.761938035488129 1.39107382297516 0.677990972995758
v 0.767859280109406 1.39671421051025 0.666775643825531
v 0.771980762481689 1.39614248275757 0.667335987091064
v 0.774698436260223 1.39558959007263 0.66997355222702
v 0.760917961597443 1.3656861782074 0.67743319272995
v 0.775712549686432 1.39562499523163 0.673562467098236
v 0.773976624011993 1.395827293396 0.677230834960938
v 0.762692630290985 1.3913631439209 0.667198061943054
v 0.764116644859314 1.39784979820251 0.668276309967041
v 0.763942539691925 1.39804041385651 0.67803168296814
v 0.769163250923157 1.39655041694641 0.679188668727875
v 0.770879566669464 1.40207707881927 0.679589629173279
v 0.765664160251617 1.40355634689331 0.678629338741302
v 0.77536928653717 1.4011173248291 0.677340984344482
v 0.776764333248138 1.40058779716492 0.673724591732025
v 0.775376498699188 1.40021765232086 0.670353472232819
v 0.762760818004608 1.40387070178986 0.675072133541107
v 0.763165950775146 1.40334069728851 0.672031879425049
v 0.765386879444122 1.40202355384827 0.669477045536041
v 0.764681875705719 1.4086766242981 0.675742924213409
v 0.767785668373108 1.4089047908783 0.679023623466492
v 0.780079185962677 1.41468596458435 0.675949215888977
v 0.778881967067719 1.41475212574005 0.677914142608643
v 0.777490258216858 1.4115799665451 0.677622139453888
v 0.779052197933197 1.41058659553528 0.675941467285156
v 0.77621853351593 1.40874004364014 0.678102314472198
v 0.776658654212952 1.40611815452576 0.67720752954483
v 0.774741113185883 1.41226649284363 0.679709553718567
v 0.773372232913971 1.40900790691376 0.67938756942749
v 0.776012182235718 1.41612863540649 0.680292963981628
v 0.771859586238861 1.41747558116913 0.679339408874512
v 0.77059417963028 1.41377949714661 0.679350018501282
v 0.770372211933136 1.41058993339539 0.679508864879608
v 0.779907822608948 1.41853988170624 0.676668047904968
v 0.779489517211914 1.41774702072144 0.678442239761353
v 0.772265315055847 1.4061906337738 0.679508149623871
v 0.777820289134979 1.40489816665649 0.674027383327484
v 0.779344022274017 1.4098436832428 0.67375648021698
v 0.780322074890137 1.41515815258026 0.67372190952301
v 0.779066264629364 1.4191312789917 0.674356520175934
v 0.777960181236267 1.40951836109161 0.671330630779266
v 0.778569042682648 1.41469287872314 0.67166531085968
v 0.777498722076416 1.41817772388458 0.672394096851349
v 0.775375664234161 1.40896451473236 0.669524550437927
v 0.776383757591248 1.41413009166718 0.670341312885284
v 0.776536643505096 1.40411698818207 0.671033501625061
v 0.773859679698944 1.40356731414795 0.669018805027008
v 0.776448965072632 1.41702556610107 0.671260237693787
v 0.776126444339752 1.42091989517212 0.675283551216125
v 0.776762664318085 1.42099165916443 0.677869439125061
v 0.776920020580292 1.41957569122314 0.680323123931885
v 0.768185377120972 1.41409492492676 0.67822927236557
v 0.770006716251373 1.41828978061676 0.677858233451843
v 0.766589462757111 1.4134715795517 0.675766289234161
v 0.769447505474091 1.41826546192169 0.675536394119263
v 0.773484706878662 1.41993343830109 0.67973792552948
v 0.772909641265869 1.42075622081757 0.677975535392761
v 0.772788643836975 1.40044701099396 0.668129086494446
v 0.769270777702332 1.40103995800018 0.667727053165436
v 0.770166277885437 1.40431678295135 0.668320119380951
v 0.772008657455444 1.40942144393921 0.668910026550293
v 0.766677618026733 1.40580856800079 0.669921338558197
v 0.764507472515106 1.40729689598083 0.67260080575943
v 0.76685357093811 1.41253209114075 0.672936081886292
v 0.768587112426758 1.41097378730774 0.670288324356079
v 0.769813776016235 1.41724240779877 0.673101842403412
v 0.771223425865173 1.41585743427277 0.671126902103424
v 0.773789644241333 1.41461074352264 0.669967353343964
v 0.772847950458527 1.41953694820404 0.673381268978119
v 0.772674679756165 1.42066049575806 0.675504803657532
v 0.77546638250351 1.41969776153564 0.673125267028809
v 0.774862825870514 1.41784226894379 0.671536803245544
v 0.773070812225342 1.41817235946655 0.671982228755951
v 0.750198781490326 1.36523175239563 0.668963253498077
v 0.826321244239807 1.29864180088043 0.630058407783508
v 0.823232054710388 1.3027720451355 0.629070222377777
v 0.816600382328033 1.30487728118896 0.620193839073181
v 0.815211832523346 1.30112826824188 0.614467144012451
v 0.816243946552277 1.2951602935791 0.611483633518219
v 0.819335877895355 1.29067134857178 0.612714946269989
v 0.82343053817749 1.28868627548218 0.616356790065765
v 0.81994765996933 1.30543375015259 0.625844895839691
v 0.82821398973465 1.29319834709167 0.628434717655182
v 0.826977789402008 1.28912174701691 0.622538685798645
v 0.835890114307404 1.2933554649353 0.61855685710907
v 0.836476683616638 1.29712057113647 0.624871551990509
v 0.832240700721741 1.29226779937744 0.612223207950592
v 0.827407002449036 1.29404234886169 0.608628392219543
v 0.822755575180054 1.29788398742676 0.60817414522171
v 0.833718121051788 1.30222868919373 0.627183496952057
v 0.829618334770203 1.30616879463196 0.626527488231659
v 0.825073778629303 1.30812013149261 0.622656345367432
v 0.841125726699829 1.3053914308548 0.624223589897156
v 0.846376061439514 1.30202114582062 0.62087494134903
v 0.849554300308228 1.30192708969116 0.603543400764465
v 0.852491319179535 1.30044734477997 0.606490910053253
v 0.848605632781982 1.29872560501099 0.607799708843231
v 0.845179855823517 1.29943752288818 0.604821741580963
v 0.846206188201904 1.2981458902359 0.609804332256317
v 0.841507077217102 1.29690206050873 0.608687043190002
v 0.85194456577301 1.29948282241821 0.613001048564911
v 0.848755121231079 1.29923439025879 0.613936722278595
v 0.853312253952026 1.30284380912781 0.617810726165771
v 0.850407481193542 1.30103874206543 0.617810845375061
v 0.856211841106415 1.30059289932251 0.611569464206696
v 0.855867087841034 1.30224275588989 0.606077432632446
v 0.858709812164307 1.30313897132874 0.609873533248901
v 0.854414284229279 1.30445563793182 0.604199051856995
v 0.844490587711334 1.29784059524536 0.61530202627182
v 0.834723055362701 1.29766225814819 0.605407059192657
v 0.841092050075531 1.30121839046478 0.6027672290802
v 0.846800982952118 1.30459690093994 0.602077126502991
v 0.851855158805847 1.30775511264801 0.603767037391663
v 0.837215602397919 1.30529880523682 0.602898240089417
v 0.844179511070251 1.30844712257385 0.603289008140564
v 0.849065959453583 1.31041395664215 0.605133771896362
v 0.835080146789551 1.30942666530609 0.606472134590149
v 0.842907965183258 1.31110846996307 0.606318056583405
v 0.828817844390869 1.30107116699219 0.605209290981293
v 0.825664281845093 1.30549812316895 0.608830034732819
v 0.847255110740662 1.31180024147034 0.606810629367828
v 0.855496168136597 1.31011760234833 0.608167231082916
v 0.858643233776093 1.30700588226318 0.608176171779633
v 0.851573467254639 1.30591285228729 0.620168268680573
v 0.857004106044769 1.30378556251526 0.616174936294556
v 0.855667769908905 1.30761027336121 0.617889404296875
v 0.847830653190613 1.30884385108948 0.621454298496246
v 0.852863311767578 1.31089401245117 0.617918908596039
v 0.85943329334259 1.30476343631744 0.613882720470428
v 0.858602702617645 1.30818176269531 0.614033758640289
v 0.820419192314148 1.30300986766815 0.611476361751556
v 0.821530222892761 1.30689811706543 0.616748154163361
v 0.826721131801605 1.30903458595276 0.614630818367004
v 0.835820317268372 1.31217932701111 0.612337231636047
v 0.830891728401184 1.31042838096619 0.620495021343231
v 0.836339592933655 1.3087306022644 0.62431389093399
v 0.843974053859711 1.31143844127655 0.620608568191528
v 0.839386761188507 1.31299936771393 0.617528975009918
v 0.849510967731476 1.31284916400909 0.61661171913147
v 0.84628814458847 1.31348824501038 0.614272475242615
v 0.843894004821777 1.31298565864563 0.610302627086639
v 0.852111458778381 1.31282019615173 0.612790465354919
v 0.855711758136749 1.31124818325043 0.613442301750183
v 0.851863265037537 1.31177163124084 0.608644247055054
v 0.848611235618591 1.31263065338135 0.609398603439331
v 0.849377632141113 1.31318426132202 0.612172961235046
v 0.749993085861206 1.35891342163086 0.659218490123749
v 0.755670607089996 1.35806775093079 0.656367182731628
v 0.751339375972748 1.35106348991394 0.655146837234497
v 0.746146857738495 1.34307384490967 0.653914332389832
v 0.737426817417145 1.33750569820404 0.657364070415497
v 0.752508163452148 1.3405933380127 0.652381062507629
v 0.757351100444794 1.34885311126709 0.653328657150269
v 0.763239741325378 1.35740756988525 0.655024647712708
v 0.754149854183197 1.33177375793457 0.650968253612518
v 1.00958180427551 1.35059642791748 0.472054481506348
v 1.00679123401642 1.35021615028381 0.474907994270325
v 1.0060852766037 1.34512090682983 0.479072868824005
v 1.00808811187744 1.3442610502243 0.47669592499733
v 1.01078915596008 1.34370148181915 0.474345028400421
v 1.01432156562805 1.34342777729034 0.472372531890869
v 1.01945996284485 1.35011947154999 0.468357980251312
v 1.014035820961 1.35079026222229 0.469430297613144
v 1.02951407432556 1.34468746185303 0.469947129487991
v 1.02763319015503 1.34610569477081 0.470028638839722
v 1.02868092060089 1.34380698204041 0.469991832971573
v 1.02244985103607 1.34354197978973 0.470396190881729
v 1.02629613876343 1.34390604496002 0.470353662967682
v 1.00392329692841 1.34875154495239 0.480000078678131
v 1.00341093540192 1.34796297550201 0.481609284877777
v 1.00502371788025 1.34952127933502 0.477590143680573
v 1.01834583282471 1.34340906143188 0.470954686403275
v 1.00374710559845 1.34703171253204 0.482043206691742
v 1.00472152233124 1.34610295295715 0.481135070323944
v 1.02427804470062 1.34846138954163 0.468901813030243
v 1.01051807403564 1.3459244966507 0.473921924829483
v 1.01411068439484 1.34564793109894 0.471777677536011
v 1.01866269111633 1.34792625904083 0.46919447183609
v 1.0138977766037 1.34833860397339 0.470627844333649
v 1.0221358537674 1.34525501728058 0.469793796539307
v 1.02472233772278 1.34512746334076 0.470013856887817
v 1.00803518295288 1.34616303443909 0.476269900798798
v 1.01823282241821 1.3455057144165 0.470258176326752
v 1.01006245613098 1.34840083122253 0.473152905702591
v 1.02518689632416 1.34598124027252 0.469757735729218
v 1.0228865146637 1.34702444076538 0.469092607498169
v 1.0040100812912 1.34764492511749 0.481013536453247
v 1.00428521633148 1.3472728729248 0.481147140264511
v 1.04154169559479 1.13710629940033 0.511001467704773
v 1.03966593742371 1.12182104587555 0.501262128353119
v 1.0075124502182 1.34824204444885 0.475812256336212
v 1.0050984621048 1.34686529636383 0.480153948068619
v 1.00634384155273 1.34652364253998 0.478446424007416
v 1.00593113899231 1.34801733493805 0.478044331073761
v 1.00474286079407 1.34781765937805 0.479856133460999
v 0.795920252799988 1.11901903152466 0.660974383354187
v 0.796972513198853 1.10353243350983 0.651058554649353
v 0.803129911422729 1.12370955944061 0.715402960777283
v 0.812797665596008 1.10917854309082 0.728143930435181
v 0.984844982624054 0.850297570228577 0.426508605480194
v 0.964346408843994 0.88546746969223 0.64093691110611
v 0.964890360832214 0.902421057224274 0.64899730682373
v 1.04203808307648 0.901010632514954 0.659985840320587
v 1.02212393283844 0.897199749946594 0.660929441452026
v 0.916707575321198 0.893137872219086 0.53809642791748
v 0.916355133056641 0.875217378139496 0.532020747661591
v 0.94753885269165 0.889272630214691 0.474515467882156
v 0.949439346790314 0.868628799915314 0.46882563829422
v 0.922807991504669 0.854341387748718 0.501685440540314
v 0.992987215518951 0.854426085948944 0.646901547908783
v 0.998493373394012 0.873047769069672 0.651611030101776
v 0.979000329971313 0.8707594871521 0.644863963127136
v 0.973389983177185 0.853322267532349 0.640936374664307
v 1.05821573734283 0.882673323154449 0.646477460861206
v 1.06069254875183 0.90445464849472 0.653646945953369
v 0.91393381357193 0.912404596805573 0.569476962089539
v 0.919444441795349 0.912454724311829 0.596110165119171
v 0.945783495903015 0.915321946144104 0.639967143535614
v 0.964189529418945 0.920027673244476 0.654901146888733
v 1.00425517559052 0.934099614620209 0.671240568161011
v 0.98373681306839 0.926960408687592 0.664773106575012
v 0.959102928638458 0.911073803901672 0.46096932888031
v 0.975301384925842 0.93165534734726 0.452326834201813
v 0.915594577789307 0.91236424446106 0.542545437812805
v 1.01949501037598 0.913358509540558 0.425005823373795
v 1.04880738258362 0.968494772911072 0.681329488754272
v 1.0263876914978 0.964087784290314 0.68226957321167
v 0.930448293685913 0.913066864013672 0.619876503944397
v 1.01653695106506 1.08279228210449 0.478096604347229
v 1.0141042470932 1.06693935394287 0.467947602272034
v 0.995749831199646 1.07153642177582 0.472451269626617
v 0.998037695884705 1.08686888217926 0.484151184558868
v 0.978555858135223 1.07436752319336 0.47843873500824
v 0.962933719158173 1.07611751556396 0.486094295978546
v 0.949281632900238 1.07681226730347 0.494600296020508
v 0.919575214385986 1.07275187969208 0.521628856658936
v 0.927767872810364 1.07518243789673 0.512465357780457
v 0.908905386924744 1.06491911411285 0.539998710155487
v 0.913317918777466 1.06975769996643 0.530726552009583
v 0.906124949455261 1.05375277996063 0.548766791820526
v 0.905636668205261 1.03998136520386 0.559163451194763
v 0.905827581882477 1.02611792087555 0.571892499923706
v 0.907712459564209 1.03966104984283 0.581731140613556
v 0.90498822927475 1.02589881420135 0.547923386096954
v 0.905791401863098 1.03947997093201 0.537496745586395
v 0.908414125442505 1.04931259155273 0.527596592903137
v 1.02692139148712 1.02251994609833 0.44992208480835
v 1.02460157871246 0.998715162277222 0.446572095155716
v 1.04374921321869 1.15172123908997 0.519447386264801
v 0.656994104385376 1.11535286903381 0.714148581027985
v 0.753090977668762 1.216437458992 0.679030120372772
v 1.0649745464325 1.16322648525238 0.68645191192627
v 1.07938253879547 1.1610164642334 0.679117977619171
v 1.091836810112 1.14825868606567 0.676339089870453
v 1.09118115901947 1.15977990627289 0.673835158348083
v 0.994442880153656 1.18576765060425 0.687205970287323
v 1.01194155216217 1.17280471324921 0.696387112140656
v 1.03197121620178 1.16234159469604 0.698096334934235
v 1.05017018318176 1.1557389497757 0.69491720199585
v 0.92290872335434 0.931455612182617 0.52086877822876
v 1.06684243679047 1.12567818164825 0.69334876537323
v 1.05043125152588 1.143758893013 0.697951436042786
v 1.0311998128891 1.15009868144989 0.702927470207214
v 1.00951886177063 1.16031360626221 0.702391743659973
v 0.987138569355011 1.17455327510834 0.695505201816559
v 0.97204715013504 1.17420387268066 0.694995641708374
v 0.954260289669037 1.15466666221619 0.70534348487854
v 0.941360950469971 1.15349936485291 0.705323278903961
v 0.933986842632294 1.17006492614746 0.698182225227356
v 0.91920268535614 1.16911447048187 0.701617658138275
v 0.927165687084198 1.15288960933685 0.708480298519135
v 0.844577848911285 1.11644923686981 0.726202607154846
v 0.834210753440857 1.10369539260864 0.72866678237915
v 0.830117642879486 1.08880364894867 0.730997323989868
v 0.829256474971771 1.07397603988647 0.729998648166656
v 0.832583367824554 1.06172108650208 0.725873053073883
v 0.840428948402405 1.05222606658936 0.719204246997833
v 0.85224574804306 1.04834342002869 0.710803627967834
v 0.888768911361694 1.05491948127747 0.687483847141266
v 0.902037501335144 1.05854439735413 0.682722091674805
v 0.930949330329895 1.04291701316833 0.678524553775787
v 0.936169445514679 1.03609240055084 0.679851770401001
v 0.960774600505829 0.993395805358887 0.679475843906403
v 0.952579975128174 1.00846469402313 0.680645763874054
v 0.968814015388489 0.977871537208557 0.678729295730591
v 0.966074049472809 0.762539029121399 0.649246573448181
v 0.971955537796021 0.779841065406799 0.643797814846039
v 0.951040625572205 0.782799363136292 0.636168420314789
v 0.946008265018463 0.765613079071045 0.640316843986511
v 1.0476405620575 0.812267184257507 0.635216116905212
v 1.02500903606415 0.813694417476654 0.640228271484375
v 0.896959841251373 0.783848404884338 0.554869532585144
v 0.903192222118378 0.785808920860291 0.583288013935089
v 0.91562682390213 0.785804688930511 0.606534719467163
v 0.932265818119049 0.784890472888947 0.623827457427979
v 0.898681342601776 0.779373526573181 0.526888251304626
v 0.972149670124054 0.74101448059082 0.425619214773178
v 0.953889131546021 0.748303353786469 0.441432237625122
v 1.03067243099213 0.727236926555634 0.400791466236115
v 1.01148998737335 0.73043829202652 0.40521115064621
v 0.906302630901337 0.772306382656097 0.501215040683746
v 0.99178683757782 0.735114753246307 0.413139462471008
v 0.936214447021484 0.755914807319641 0.458975940942764
v 0.918981909751892 0.763978600502014 0.478761851787567
v 0.97839367389679 0.797213613986969 0.640588223934174
v 0.998830020427704 0.795533001422882 0.643287718296051
v 1.00387346744537 0.815045595169067 0.641524851322174
v 1.06274521350861 1.03179132938385 0.696210026741028
v 1.04415941238403 1.03422236442566 0.701671719551086
v 1.02585315704346 1.03722715377808 0.70636773109436
v 1.01467597484589 1.05816400051117 0.712618470191956
v 0.999730288982391 1.06464529037476 0.71278178691864
v 0.994249939918518 1.04951906204224 0.709424376487732
v 1.00878119468689 1.04262566566467 0.709735333919525
v 0.96997731924057 1.07601809501648 0.703919768333435
v 0.95710426568985 1.08011317253113 0.702146530151367
v 0.954247891902924 1.06927120685577 0.697791337966919
v 0.966497302055359 1.06460118293762 0.700551748275757
v 0.94249701499939 1.07274198532104 0.697626352310181
v 0.930885791778564 1.07529520988464 0.697104930877686
v 0.919349133968353 1.07661843299866 0.697752296924591
v 0.906424820423126 1.07615208625793 0.702088415622711
v 0.908721387386322 1.09507346153259 0.713715434074402
v 0.921773672103882 1.09655296802521 0.709822773933411
v 0.972298860549927 1.08963108062744 0.706666171550751
v 0.98757666349411 1.08557713031769 0.709693670272827
v 1.06617069244385 1.0655130147934 0.69652795791626
v 1.08058857917786 1.06337738037109 0.688126444816589
v 0.906947255134583 1.01778733730316 0.590931236743927
v 0.909404397010803 1.01151299476624 0.611967444419861
v 0.914413154125214 1.00808382034302 0.63071084022522
v 0.920805215835571 1.00716269016266 0.646522998809814
v 0.927575588226318 1.00919687747955 0.660364031791687
v 0.93668669462204 1.01308035850525 0.671777606010437
v 0.9466552734375 1.01899540424347 0.681189119815826
v 0.941343545913696 1.02824795246124 0.680836617946625
v 0.955819070339203 1.02626395225525 0.68892902135849
v 0.949096620082855 1.03487467765808 0.687197983264923
v 0.964461863040924 1.03525257110596 0.695581018924713
v 0.97308760881424 1.04575300216675 0.701442837715149
v 0.980838775634766 1.05763137340546 0.705344557762146
v 0.985609352588654 1.07105875015259 0.707750082015991
v 1.01827168464661 1.07464718818665 0.714295268058777
v 1.00305950641632 1.08051335811615 0.713900566101074
v 1.03533279895782 1.08858168125153 0.709305346012115
v 1.03537344932556 1.1048903465271 0.708501517772675
v 1.03075742721558 1.0542323589325 0.708930552005768
v 1.03365564346313 1.07084035873413 0.70961320400238
v 1.02085518836975 1.20410668849945 0.671640276908875
v 1.03892517089844 1.19659304618835 0.674524784088135
v 0.863168299198151 1.062180519104 0.713729202747345
v 0.852864563465118 1.0584409236908 0.716672241687775
v 0.860193490982056 1.05444252490997 0.710389852523804
v 0.865897655487061 1.05833089351654 0.709982216358185
v 0.8479323387146 1.06579482555389 0.721826374530792
v 0.85944539308548 1.07810258865356 0.721651971340179
v 0.845737099647522 1.07597887516022 0.725590288639069
v 0.860715389251709 1.06871354579926 0.717953860759735
v 0.846039116382599 1.08820939064026 0.727684617042542
v 0.859283924102783 1.08808827400208 0.724660515785217
v 0.848777115345001 1.10010147094727 0.727890491485596
v 0.860549330711365 1.09818971157074 0.726148307323456
v 0.862161219120026 1.10554838180542 0.726773142814636
v 0.855511069297791 1.10986590385437 0.727081716060638
v 0.895446717739105 1.11555743217468 0.722396314144135
v 0.882607519626617 1.11256742477417 0.72485613822937
v 0.870569944381714 1.10865330696106 0.726375222206116
v 0.895282030105591 1.07326817512512 0.705422163009644
v 0.883884191513062 1.07220590114594 0.710143744945526
v 0.872445940971375 1.07045030593872 0.714191257953644
v 0.871841490268707 1.07935273647308 0.718606531620026
v 0.884039640426636 1.0804603099823 0.71501624584198
v 0.895922362804413 1.08172214031219 0.711190104484558
v 1.06574535369873 1.0492240190506 0.697306632995605
v 1.04894471168518 1.05137765407562 0.703904390335083
v 0.944797992706299 1.08308863639832 0.702132225036621
v 0.933370292186737 1.08500802516937 0.702440023422241
v 0.921396613121033 1.08565163612366 0.704211950302124
v 0.90825879573822 1.08445715904236 0.707785487174988
v 0.934206008911133 1.09600043296814 0.707401275634766
v 0.946411669254303 1.09494519233704 0.706278800964355
v 0.958783507347107 1.09250915050507 0.705852508544922
v 1.05018496513367 1.06819868087769 0.7038494348526
v 1.08044755458832 1.04728579521179 0.689425110816956
v 0.889808356761932 1.16208434104919 0.618379712104797
v 0.890916228294373 1.18021059036255 0.639003396034241
v 0.895967960357666 1.18744003772736 0.665066301822662
v 0.907231748104095 1.18196475505829 0.687266111373901
v 1.08853197097778 1.19738256931305 0.658736824989319
v 0.683304011821747 1.02438735961914 0.697650015354156
v 1.09033095836639 0.994064152240753 0.678199529647827
v 1.09236335754395 1.01342630386353 0.681900560855865
v 1.07957816123962 0.927987813949585 0.653975784778595
v 1.08327865600586 0.949064493179321 0.664315819740295
v 1.02996635437012 0.83604234457016 0.641993939876556
v 1.05141806602478 0.837463200092316 0.63588559627533
v 1.05549311637878 0.860893070697784 0.640195846557617
v 1.07032692432404 0.790540993213654 0.636342644691467
v 1.07149958610535 0.812009632587433 0.627724587917328
v 1.07379400730133 0.862743079662323 0.63160765171051
v 1.07566606998444 0.885897755622864 0.638210594654083
v 1.06868410110474 0.97101217508316 0.676429450511932
v 1.07905375957489 1.03096842765808 0.69023734331131
v 1.09368717670441 1.04680371284485 0.684014201164246
v 1.09310066699982 1.0629791021347 0.682435750961304
v 1.09286904335022 1.07913875579834 0.681989431381226
v 0.936316967010498 1.04682815074921 0.478207796812057
v 0.937016487121582 1.06153190135956 0.489939481019974
v 0.948276102542877 1.06213819980621 0.481571733951569
v 0.94735860824585 1.04741907119751 0.47024267911911
v 0.919905662536621 1.04445624351501 0.49670946598053
v 0.919772565364838 1.05836462974548 0.508383452892303
v 0.927553296089172 1.06038963794708 0.499003976583481
v 0.927258253097534 1.04585158824921 0.487204909324646
v 0.913386464118958 1.05487644672394 0.517752289772034
v 0.9138263463974 1.04140901565552 0.506539583206177
v 0.93613600730896 1.03095698356628 0.46878844499588
v 0.927076995372772 1.03038287162781 0.477674603462219
v 0.947002053260803 1.03146028518677 0.461468875408173
v 0.914719820022583 1.0277544260025 0.496991664171219
v 0.920102953910828 1.02953851222992 0.487207502126694
v 1.03833317756653 1.22897720336914 0.495678126811981
v 1.03510594367981 1.23139595985413 0.480508983135223
v 1.0370500087738 1.27057540416718 0.457072466611862
v 1.03796994686127 1.2753449678421 0.457942605018616
v 1.05055034160614 1.22303462028503 0.514981806278229
v 1.05175495147705 1.21678555011749 0.520855009555817
v 1.04019570350647 1.25306737422943 0.463451385498047
v 1.03980123996735 1.23918354511261 0.466303408145905
v 1.03981781005859 1.29590821266174 0.44965648651123
v 1.04008853435516 1.29280090332031 0.451809883117676
v 1.03929507732391 1.28179395198822 0.453102290630341
v 1.03942656517029 1.27822506427765 0.455118000507355
v 1.05301892757416 1.21010053157806 0.526314914226532
v 1.04849576950073 1.22679400444031 0.506870031356812
v 1.05673468112946 1.19469451904297 0.53233003616333
v 1.05833256244659 1.18702459335327 0.533690929412842
v 1.04742515087128 1.18034887313843 0.535693943500519
v 1.04692852497101 1.17163634300232 0.532549202442169
v 1.0293173789978 1.0433201789856 0.456816703081131
v 1.0363906621933 1.09030318260193 0.483397126197815
v 1.03422141075134 1.07767260074615 0.472805291414261
v 1.03831768035889 1.1060277223587 0.492174625396729
v 1.04553842544556 1.16244626045227 0.526525557041168
v 1.05490624904633 1.20256638526917 0.53013026714325
v 1.03942346572876 1.26576256752014 0.45833432674408
v 1.04022681713104 1.26077401638031 0.46205347776413
v 1.03993356227875 1.28898108005524 0.452697575092316
v 1.03961682319641 1.28540253639221 0.452869474887848
v 1.05791938304901 1.13490724563599 0.507002532482147
v 1.05649399757385 1.11933612823486 0.496824085712433
v 1.03172194957733 1.06122267246246 0.464814215898514
v 1.0451831817627 1.01809430122375 0.449285864830017
v 1.04487693309784 0.994606077671051 0.445493876934052
v 1.05921316146851 1.14969837665558 0.515856921672821
v 1.04522001743317 0.972153902053833 0.444063127040863
v 0.888437867164612 0.597765445709229 0.622197806835175
v 0.906588733196259 0.579724550247192 0.639685153961182
v 0.917913198471069 0.595468997955322 0.652454733848572
v 0.904137015342712 0.608737885951996 0.640476942062378
v 0.896650433540344 0.651601195335388 0.623095273971558
v 0.897167205810547 0.678524017333984 0.617197096347809
v 0.897937297821045 0.705280542373657 0.613142490386963
v 0.938349366188049 0.58704137802124 0.663198232650757
v 0.968287885189056 0.604769587516785 0.678687691688538
v 0.963370323181152 0.582593679428101 0.670361280441284
v 0.914476752281189 0.703504383563995 0.636696338653564
v 0.913762271404266 0.677552103996277 0.640356481075287
v 0.91444993019104 0.616035103797913 0.650550007820129
v 0.912866830825806 0.6302729845047 0.648745954036713
v 0.8972327709198 0.627735257148743 0.631247818470001
v 0.943833291530609 0.606567978858948 0.67082142829895
v 0.925622045993805 0.610656261444092 0.660057842731476
v 1.00848305225372 0.757201671600342 0.655462384223938
v 1.00445294380188 0.738875150680542 0.663946986198425
v 1.03193283081055 0.737133979797363 0.663351714611053
v 0.926801800727844 0.768764674663544 0.625757575035095
v 0.94077455997467 0.747298836708069 0.645777404308319
v 1.05754160881042 0.593679368495941 0.658098816871643
v 0.928464889526367 0.628825306892395 0.662890791893005
v 0.97263765335083 0.628073930740356 0.683525800704956
v 0.948127686977386 0.628151059150696 0.674472332000732
v 0.976373970508575 0.700039148330688 0.676589965820312
v 0.953620314598083 0.700565695762634 0.668078482151031
v 0.952920973300934 0.676530301570892 0.67311418056488
v 0.975865542888641 0.676702797412872 0.682001054286957
v 0.933278381824493 0.701305508613586 0.655174791812897
v 0.936137020587921 0.725869059562683 0.650690019130707
v 0.978215098381042 0.721574425697327 0.669688820838928
v 0.95646858215332 0.723312318325043 0.662121176719666
v 0.960779786109924 0.744560360908508 0.655850887298584
v 0.932449877262115 0.675855398178101 0.659077286720276
v 0.975201189517975 0.652284741401672 0.684794664382935
v 1.00300455093384 0.652007341384888 0.688413858413696
v 1.03245949745178 0.652667641639709 0.685765743255615
v 1.06105673313141 0.650170683860779 0.681942105293274
v 1.06286287307739 0.674114584922791 0.680439352989197
v 0.981825709342957 0.741463840007782 0.661478579044342
v 0.992704749107361 0.778055310249329 0.647237777709961
v 0.986151278018951 0.760097146034241 0.653640925884247
v 1.00900554656982 0.835626780986786 0.643199801445007
v 0.894807100296021 0.375254988670349 0.465828418731689
v 1.04639649391174 0.534657716751099 0.542988955974579
v 1.0433509349823 0.530555069446564 0.517760574817657
v 0.87173068523407 0.635281920433044 0.501665532588959
v 0.866324007511139 0.615610718727112 0.577825784683228
v 0.881375551223755 0.622503876686096 0.607325196266174
v 1.02880132198334 0.531763851642609 0.475194841623306
v 1.01111650466919 0.541257977485657 0.454801917076111
v 0.888080894947052 0.628524780273438 0.47285920381546
v 0.932910263538361 0.587899804115295 0.440703481435776
v 1.03812921047211 0.529186546802521 0.496515482664108
v 0.912895858287811 0.65288645029068 0.644475996494293
v 0.930717825889587 0.65089339017868 0.661730945110321
v 0.951011180877686 0.651513814926147 0.67534327507019
v 1.00077414512634 0.62843382358551 0.686769604682922
v 1.03169357776642 0.630197584629059 0.683476209640503
v 1.06014978885651 0.629119277000427 0.677259743213654
v 1.02271890640259 0.587526559829712 0.431974112987518
v 1.03488278388977 0.593981385231018 0.427555233240128
v 1.02739095687866 0.597086548805237 0.426644295454025
v 1.04511082172394 0.607376575469971 0.423061430454254
v 1.04510319232941 0.591274440288544 0.42902198433876
v 1.0343542098999 0.579639196395874 0.435684353113174
v 1.04517865180969 0.576756477355957 0.437518119812012
v 1.04569625854492 0.563543081283569 0.448471337556839
v 0.973552227020264 0.718408524990082 0.428106307983398
v 0.953641176223755 0.726305365562439 0.442347377538681
v 1.03173589706421 0.704203367233276 0.40557274222374
v 1.01347815990448 0.707447111606598 0.409619182348251
v 0.901695370674133 0.753202259540558 0.500571489334106
v 0.994116604328156 0.712112665176392 0.416882365942001
v 0.934242963790894 0.734851181507111 0.458650082349777
v 0.91543710231781 0.744116485118866 0.4782595038414
v 1.06542217731476 0.71745491027832 0.669839859008789
v 1.0653749704361 0.738183379173279 0.66065514087677
v 1.04913020133972 0.701749444007874 0.404794573783875
v 1.04214012622833 1.23048877716064 0.478607892990112
v 1.04568994045258 1.22786128520966 0.494012534618378
v 1.04966461658478 1.41710984706879 0.453532814979553
v 1.08244562149048 1.24999165534973 0.627660989761353
v 1.04382407665253 1.35904335975647 0.446707606315613
v 1.03982257843018 1.27491021156311 0.457640469074249
v 1.03905749320984 1.29755485057831 0.446395814418793
v 1.05953061580658 1.17853724956512 0.534265995025635
v 1.06013071537018 1.16901159286499 0.53134548664093
v 1.05054581165314 0.542906641960144 0.539415657520294
v 1.0597710609436 1.16005277633667 0.524129390716553
v 1.04971539974213 0.543558120727539 0.553077280521393
v 1.07774877548218 0.907688796520233 0.645477712154388
v 0.884747266769409 -0.0712713599205017 0.598067820072174
v 0.887532651424408 -0.0691342353820801 0.613320231437683
v 0.880443394184113 -0.0977615714073181 0.610233008861542
v 0.879478931427002 -0.0987886786460876 0.59560090303421
v 0.870633721351624 -0.0614078044891357 0.642214119434357
v 0.881543040275574 -0.0651674866676331 0.633933663368225
v 0.856065928936005 -0.0589714646339417 0.644425332546234
v 0.84239673614502 -0.0585126876831055 0.639551937580109
v 0.843739986419678 -0.0888016819953918 0.63857114315033
v 0.855413496494293 -0.0895510315895081 0.644626557826996
v 0.833473682403564 -0.0586364269256592 0.630690574645996
v 0.826908767223358 -0.0883724093437195 0.620113492012024
v 0.826829969882965 -0.05913907289505 0.619166910648346
v 0.822909772396088 -0.0606709718704224 0.60048234462738
v 0.824249446392059 -0.0886549353599548 0.602089047431946
v 0.827899932861328 -0.0658769607543945 0.580876410007477
v 0.828264117240906 -0.092439591884613 0.583316087722778
v 0.841012239456177 -0.0703922510147095 0.569462478160858
v 0.87678062915802 -0.073139488697052 0.583531439304352
v 0.873365700244904 -0.0998894572257996 0.580144166946411
v 0.868158936500549 -0.0916088223457336 0.642292141914368
v 0.876320958137512 -0.0948113799095154 0.632718861103058
v 0.879077434539795 -0.0964286923408508 0.621269404888153
v 0.885987341403961 -0.0674769878387451 0.624612212181091
v 0.876474380493164 -0.12548416852951 0.606850147247314
v 0.879295229911804 -0.125799834728241 0.590598285198212
v 0.866697430610657 -0.121235549449921 0.643059432506561
v 0.871278643608093 -0.123354971408844 0.629461467266083
v 0.844811618328094 -0.118073880672455 0.638731837272644
v 0.85467141866684 -0.118712365627289 0.647078275680542
v 0.82295548915863 -0.115742146968842 0.622093200683594
v 0.833554089069366 -0.116879403591156 0.630911231040955
v 0.834818363189697 -0.0885124802589417 0.630234777927399
v 0.821069002151489 -0.115350067615509 0.60480409860611
v 0.824663162231445 -0.116853892803192 0.582520186901093
v 0.87203186750412 -0.12516063451767 0.573652863502502
v 0.873831152915955 -0.124860942363739 0.618204832077026
v 0.77628481388092 -0.198514044284821 0.432322114706039
v 0.777900636196136 -0.194096744060516 0.432779043912888
v 0.782206535339355 -0.194312512874603 0.431182503700256
v 0.782928764820099 -0.19963151216507 0.429997473955154
v 0.813569843769073 -0.202422797679901 0.413166463375092
v 0.815826892852783 -0.192023932933807 0.410860270261765
v 0.824324488639832 -0.194468438625336 0.411800801753998
v 0.824822664260864 -0.206325948238373 0.413393646478653
v 0.796319842338562 -0.20117050409317 0.418455898761749
v 0.795543372631073 -0.204498708248138 0.422020971775055
v 0.790752112865448 -0.204181849956512 0.423583447933197
v 0.788522481918335 -0.200491011142731 0.420688837766647
v 0.760088801383972 -0.194321691989899 0.466641753911972
v 0.760170817375183 -0.199033200740814 0.468960881233215
v 0.756113529205322 -0.198465764522552 0.471475273370743
v 0.754884243011475 -0.194493472576141 0.470579355955124
v 0.770823240280151 -0.198403537273407 0.445566684007645
v 0.770843267440796 -0.202826082706451 0.448445379734039
v 0.766943633556366 -0.201905906200409 0.450743198394775
v 0.765101313591003 -0.198430478572845 0.449467986822128
v 0.817425310611725 -0.188639342784882 0.435127019882202
v 0.831658959388733 -0.188616335391998 0.435127019882202
v 0.827997505664825 -0.192948997020721 0.421148836612701
v 0.815619826316833 -0.189637124538422 0.421194225549698
v 0.834176599979401 -0.202301561832428 0.423631131649017
v 0.838420271873474 -0.199874103069305 0.438592851161957
v 0.831329762935638 -0.207310616970062 0.44119194149971
v 0.827679932117462 -0.206845819950104 0.427514344453812
v 0.81808739900589 -0.206196367740631 0.440337717533112
v 0.815870821475983 -0.205979406833649 0.427943289279938
v 0.810954809188843 -0.198675096035004 0.437371850013733
v 0.806917369365692 -0.197937428951263 0.423937797546387
v 0.791345953941345 -0.195577919483185 0.440235823392868
v 0.796462118625641 -0.188404738903046 0.438555121421814
v 0.79207170009613 -0.19204193353653 0.426863670349121
v 0.785963296890259 -0.19798082113266 0.429375767707825
v 0.806904137134552 -0.189956367015839 0.434612780809402
v 0.799996256828308 -0.192973077297211 0.424131125211716
v 0.810141682624817 -0.200603425502777 0.434541672468185
v 0.805098652839661 -0.205114424228668 0.439133673906326
v 0.79969447851181 -0.204814851284027 0.42763689160347
v 0.804818868637085 -0.200397431850433 0.422834813594818
v 0.795862138271332 -0.20359069108963 0.441806316375732
v 0.791008234024048 -0.204218447208405 0.430831253528595
v 0.78037440776825 -0.187249720096588 0.449286013841629
v 0.790289640426636 -0.189184725284576 0.444759726524353
v 0.785418212413788 -0.192958533763885 0.43616658449173
v 0.778009414672852 -0.191839158535004 0.438812911510468
v 0.789321959018707 -0.2010537981987 0.435019135475159
v 0.792980015277863 -0.199469149112701 0.444088459014893
v 0.787814676761627 -0.203519761562347 0.447892785072327
v 0.784109115600586 -0.20363849401474 0.438063323497772
v 0.778843641281128 -0.201772034168243 0.451029598712921
v 0.7768235206604 -0.20312911272049 0.44022074341774
v 0.775132596492767 -0.193609893321991 0.450404435396194
v 0.773041069507599 -0.196964085102081 0.439870834350586
v 0.762895226478577 -0.192677676677704 0.466833859682083
v 0.766792178153992 -0.185975611209869 0.465460777282715
v 0.765411913394928 -0.190407931804657 0.45568174123764
v 0.762488722801208 -0.196630537509918 0.457159757614136
v 0.773889422416687 -0.187176525592804 0.460223853588104
v 0.771142780780792 -0.190627753734589 0.45249354839325
v 0.775709331035614 -0.195782959461212 0.45053768157959
v 0.776286244392395 -0.193177402019501 0.457536697387695
v 0.773986458778381 -0.201471865177155 0.46161100268364
v 0.773456692695618 -0.20314484834671 0.453274965286255
v 0.766368508338928 -0.200613796710968 0.466738998889923
v 0.766132652759552 -0.202525079250336 0.456842839717865
v 0.755575656890869 -0.185147225856781 0.484504520893097
v 0.754603743553162 -0.187645971775055 0.475915968418121
v 0.752686977386475 -0.19342976808548 0.477761834859848
v 0.754208028316498 -0.191912710666656 0.487793415784836
v 0.761413216590881 -0.185019075870514 0.478350222110748
v 0.760222256183624 -0.187746942043304 0.472127616405487
v 0.763893723487854 -0.193028390407562 0.471001386642456
v 0.763392627239227 -0.190653145313263 0.476313918828964
v 0.763312757015228 -0.19931298494339 0.479690372943878
v 0.762881398200989 -0.200197041034698 0.473458021879196
v 0.757610082626343 -0.198312103748322 0.485263466835022
v 0.755977630615234 -0.199619591236115 0.477175027132034
v 0.816100418567657 -0.187438428401947 0.449646025896072
v 0.834013819694519 -0.184772908687592 0.449531227350235
v 0.82376617193222 -0.206332147121429 0.418407768011093
v 0.840179204940796 -0.197777926921844 0.453158140182495
v 0.817078411579132 -0.205923140048981 0.418756633996964
v 0.81570303440094 -0.205695688724518 0.452786535024643
v 0.832395374774933 -0.206289947032928 0.45566713809967
v 0.813088297843933 -0.198316514492035 0.442824959754944
v 0.790871202945709 -0.194954931735992 0.420766860246658
v 0.796020090579987 -0.20377105474472 0.458305388689041
v 0.794786870479584 -0.197341024875641 0.449287056922913
v 0.795764684677124 -0.195422232151031 0.419277012348175
v 0.797980844974518 -0.186170876026154 0.454808473587036
v 0.78179144859314 -0.186114370822906 0.466999083757401
v 0.781232237815857 -0.203247845172882 0.432827204465866
v 0.777281761169434 -0.202861487865448 0.434092491865158
v 0.778903484344482 -0.20206207036972 0.468608379364014
v 0.776415109634399 -0.192101299762726 0.45958000421524
v 0.765742421150208 -0.193401753902435 0.449624300003052
v 0.766286253929138 -0.200471460819244 0.482351720333099
v 0.76335883140564 -0.190628707408905 0.476201236248016
v 0.769307553768158 -0.193768680095673 0.447761058807373
v 0.767485201358795 -0.18354457616806 0.481491535902023
v 0.756213307380676 -0.191228568553925 0.470960736274719
v 0.758778214454651 -0.19915634393692 0.495895355939865
v 0.755073189735413 -0.191066920757294 0.500344574451447
v 0.758971214294434 -0.190758526325226 0.468548625707626
v 0.758008003234863 -0.182864129543304 0.495209574699402
v 0.862587332725525 -0.0999066233634949 0.56939971446991
v 0.866664528846741 -0.0740860104560852 0.572753846645355
v 0.854433536529541 -0.0736650228500366 0.567900359630585
v 0.850361466407776 -0.0988677144050598 0.565928816795349
v 0.838949918746948 -0.0962266325950623 0.569972038269043
v 0.85911750793457 -0.123089730739594 0.562538027763367
v 0.845596849918365 -0.120950162410736 0.560412466526031
v 0.834587633609772 -0.119652688503265 0.567244231700897
v 0.814836263656616 -0.136873543262482 0.60871684551239
v 0.819236934185028 -0.136784017086029 0.626327514648438
v 0.832152843475342 -0.138548314571381 0.634564161300659
v 0.842879712581635 -0.140023410320282 0.64358001947403
v 0.853823661804199 -0.141263902187347 0.651621580123901
v 0.868304073810577 -0.146582782268524 0.567777693271637
v 0.855244040489197 -0.141611754894257 0.552732288837433
v 0.840318202972412 -0.137826859951019 0.549383580684662
v 0.827223062515259 -0.136820733547211 0.559090316295624
v 0.841184914112091 -0.17985612154007 0.464962780475616
v 0.823005318641663 -0.176175653934479 0.467098087072372
v 0.830717921257019 -0.168762505054474 0.485599786043167
v 0.844849586486816 -0.180354177951813 0.485826283693314
v 0.80575031042099 -0.177966892719269 0.473636239767075
v 0.813015580177307 -0.167690575122833 0.492604643106461
v 0.789833188056946 -0.178943574428558 0.4847012758255
v 0.797808349132538 -0.170641362667084 0.503519415855408
v 0.775392770767212 -0.179330408573151 0.497858107089996
v 0.784390091896057 -0.173929989337921 0.515806674957275
v 0.76287317276001 -0.180635154247284 0.509862244129181
v 0.771861374378204 -0.178694665431976 0.527902126312256
v 0.756393909454346 -0.189781129360199 0.516031920909882
v 0.763522624969482 -0.188388407230377 0.535036563873291
v 0.84624570608139 -0.197238981723785 0.469166785478592
v 0.847915470600128 -0.196226298809052 0.490295082330704
v 0.836220681667328 -0.20791107416153 0.473813712596893
v 0.837589740753174 -0.208344042301178 0.494453638792038
v 0.819867968559265 -0.206538617610931 0.477603852748871
v 0.822609782218933 -0.207251965999603 0.499115526676178
v 0.766123533248901 -0.20106428861618 0.531868815422058
v 0.760673761367798 -0.201039493083954 0.511951684951782
v 0.801964640617371 -0.2048379778862 0.485165476799011
v 0.805695772171021 -0.205128490924835 0.506913542747498
v 0.785515189170837 -0.204400241374969 0.494405090808868
v 0.790034651756287 -0.204962193965912 0.516078233718872
v 0.771805763244629 -0.203585684299469 0.503797113895416
v 0.776682257652283 -0.204478085041046 0.524836421012878
v 0.840230703353882 -0.164479672908783 0.508545219898224
v 0.82226973772049 -0.157029807567596 0.512905120849609
v 0.808313250541687 -0.16076272726059 0.524357974529266
v 0.795328378677368 -0.166524946689606 0.537362515926361
v 0.783009052276611 -0.175735056400299 0.549707889556885
v 0.773308098316193 -0.18649834394455 0.556792080402374
v 0.803276062011719 -0.155843555927277 0.564592123031616
v 0.793353378772736 -0.175274193286896 0.574256300926208
v 0.785477459430695 -0.187727510929108 0.578441500663757
v 0.79576051235199 -0.188486158847809 0.60029411315918
v 0.800979614257812 -0.174753606319427 0.598921239376068
v 0.817069172859192 -0.177529871463776 0.63763290643692
v 0.809561848640442 -0.175411522388458 0.62048465013504
v 0.803901553153992 -0.189122021198273 0.622383236885071
v 0.811350047588348 -0.192677795886993 0.640478253364563
v 0.806667447090149 -0.15685111284256 0.592359244823456
v 0.813826382160187 -0.15692013502121 0.614574074745178
v 0.822427272796631 -0.15749579668045 0.630223512649536
v 0.831657946109772 -0.19625061750412 0.659374952316284
v 0.834490537643433 -0.17952424287796 0.659013271331787
v 0.824532330036163 -0.178927481174469 0.649395704269409
v 0.819687068462372 -0.194818913936615 0.651993334293365
v 0.848922073841095 -0.200283229351044 0.660428702831268
v 0.851509809494019 -0.182996571063995 0.662790060043335
v 0.865451395511627 -0.187163054943085 0.648889780044556
v 0.86360090970993 -0.203607380390167 0.64802360534668
v 0.839203715324402 -0.159157454967499 0.650759935379028
v 0.830738067626953 -0.158589065074921 0.641286313533783
v 0.852553904056549 -0.161398589611053 0.656508803367615
v 0.865025460720062 -0.164566814899445 0.64542144536972
v 0.868532776832581 -0.187871396541595 0.628765523433685
v 0.868125081062317 -0.166132032871246 0.62775057554245
v 0.868336081504822 -0.204139411449432 0.628801107406616
v 0.848797380924225 -0.181249916553497 0.510506153106689
v 0.847951948642731 -0.194242417812347 0.514768719673157
v 0.817481994628906 -0.148087203502655 0.543585240840912
v 0.832363307476044 -0.147462666034698 0.5328409075737
v 0.851238489151001 -0.157603919506073 0.536274433135986
v 0.856586873531342 -0.180743992328644 0.536564946174622
v 0.851299285888672 -0.194967687129974 0.541041195392609
v 0.863110542297363 -0.184040606021881 0.561167061328888
v 0.855780303478241 -0.196624577045441 0.564329206943512
v 0.839223146438599 -0.203532516956329 0.518935799598694
v 0.842143774032593 -0.201054871082306 0.545022428035736
v 0.847448408603668 -0.202517330646515 0.567815542221069
v 0.867098450660706 -0.186222612857819 0.582274734973907
v 0.861400127410889 -0.199130475521088 0.58421516418457
v 0.867194473743439 -0.186260044574738 0.60003662109375
v 0.864793181419373 -0.200946629047394 0.600454330444336
v 0.867063224315643 -0.202574193477631 0.613904178142548
v 0.86725640296936 -0.186826527118683 0.613955497741699
v 0.869437456130981 -0.166827857494354 0.601859986782074
v 0.868848025798798 -0.166169941425323 0.61457771062851
v 0.868808150291443 -0.167268097400665 0.583911955356598
v 0.864916682243347 -0.16495019197464 0.56174099445343
v 0.774287283420563 -0.199772655963898 0.554711997509003
v 0.785071194171906 -0.198974430561066 0.577091932296753
v 0.796342551708221 -0.19885915517807 0.598459720611572
v 0.805203020572662 -0.201621115207672 0.619960069656372
v 0.814261913299561 -0.205111920833588 0.636272192001343
v 0.822379052639008 -0.206844747066498 0.646085858345032
v 0.832823395729065 -0.207774341106415 0.652479648590088
v 0.846818685531616 -0.209341824054718 0.651962041854858
v 0.857749700546265 -0.211625754833221 0.64363694190979
v 0.860837817192078 -0.213085472583771 0.628495395183563
v 0.860097050666809 -0.213228762149811 0.61528205871582
v 0.853561282157898 -0.206993639469147 0.587282001972198
v 0.858116626739502 -0.211362302303314 0.602339386940002
v 0.875415086746216 -0.148419559001923 0.586359322071075
v 0.874991774559021 -0.147756278514862 0.603917837142944
v 0.872333765029907 -0.146609604358673 0.615628480911255
v 0.865261554718018 -0.143806397914886 0.642630100250244
v 0.868846952915192 -0.145340979099274 0.627177834510803
v 0.825966060161591 -0.206287682056427 0.524288833141327
v 0.810315251350403 -0.204865276813507 0.532001435756683
v 0.795708954334259 -0.20449298620224 0.540788769721985
v 0.783543348312378 -0.203945577144623 0.548618137836456
v 0.79236227273941 -0.203751027584076 0.57221382856369
v 0.803560137748718 -0.204643070697784 0.565732955932617
v 0.817481517791748 -0.205789387226105 0.557801961898804
v 0.83119785785675 -0.20438939332962 0.55008327960968
v 0.803061485290527 -0.204685270786285 0.59358948469162
v 0.812800586223602 -0.206541836261749 0.587514042854309
v 0.825838029384613 -0.207688271999359 0.580814361572266
v 0.837560832500458 -0.206706464290619 0.573010981082916
v 0.844643771648407 -0.211482465267181 0.592488646507263
v 0.834630489349365 -0.211394488811493 0.600342333316803
v 0.822835981845856 -0.209674060344696 0.606544315814972
v 0.813722848892212 -0.207300841808319 0.613390982151031
v 0.82225489616394 -0.209479868412018 0.628633558750153
v 0.830780029296875 -0.211277544498444 0.621331393718719
v 0.841156423091888 -0.213156163692474 0.615008294582367
v 0.849469363689423 -0.213938176631927 0.608019471168518
v 0.828522264957428 -0.210481226444244 0.63738751411438
v 0.844502806663513 -0.212291777133942 0.644269704818726
v 0.835533738136292 -0.21125715970993 0.642932534217834
v 0.8519127368927 -0.214282810688019 0.639415144920349
v 0.853144884109497 -0.214904487133026 0.629082024097443
v 0.851908802986145 -0.214822113513947 0.618788182735443
v 0.84642368555069 -0.213742911815643 0.63112884759903
v 0.84427011013031 -0.213587582111359 0.623942852020264
v 0.835394263267517 -0.211818873882294 0.630002617835999
v 0.839543282985687 -0.212152540683746 0.635868668556213
v 0.847325682640076 -0.213462650775909 0.636748731136322
v 0.843776941299438 -0.212651193141937 0.639064013957977
v 0.818119764328003 -0.13932877779007 0.581052541732788
v 1.08804523944855 1.21220934391022 0.651803016662598
v 1.09229755401611 1.1361837387085 0.678156435489655
v 0.909550786018372 0.20112806558609 0.514277994632721
v 0.893913388252258 0.200356304645538 0.509869158267975
v 0.878546595573425 0.204348683357239 0.509677410125732
v 0.911731660366058 0.62096643447876 0.45302414894104
v 0.967206001281738 0.850218057632446 0.443384259939194
v 0.961613178253174 0.890219748020172 0.455632030963898
v 0.96457850933075 0.869809091091156 0.449792981147766
v 0.905200004577637 0.595786929130554 0.450872421264648
v 0.923214673995972 0.910919725894928 0.518535852432251
v 1.05852472782135 0.611332058906555 0.66899698972702
v 1.0925874710083 1.09511423110962 0.681508302688599
v 0.937574505805969 1.07652723789215 0.503645479679108
v 1.06429672241211 0.696095585823059 0.676145911216736
v 0.990017116069794 1.34970903396606 0.565083920955658
v 0.992753982543945 1.34866285324097 0.566399574279785
v 0.993435382843018 1.34537816047668 0.567772448062897
v 0.99535858631134 1.34488892555237 0.571913123130798
v 0.996656239032745 1.34393274784088 0.57528430223465
v 0.997263550758362 1.34372425079346 0.577484846115112
v 0.993023335933685 1.346684217453 0.570197820663452
v 0.995123565196991 1.34995591640472 0.572209656238556
v 0.993078052997589 1.34886538982391 0.569242835044861
v 0.99202173948288 1.34795689582825 0.568438589572906
v 1.05513954162598 1.10280776023865 0.48804783821106
v 1.05299687385559 1.0875825881958 0.479123264551163
v 1.05002248287201 1.07547116279602 0.468936502933502
v 1.04826426506042 1.05744075775146 0.462204307317734
v 1.03920221328735 1.27027559280396 0.456518948078156
v 1.04942965507507 0.792431235313416 0.401432991027832
v 1.04870057106018 0.807205080986023 0.404282748699188
v 1.07222306728363 0.839365303516388 0.626919031143188
v 1.05004549026489 0.746371686458588 0.397393703460693
v 1.04762947559357 0.824692785739899 0.402984589338303
v 1.08687174320221 0.972363710403442 0.672349035739899
v 1.04652070999146 1.03907644748688 0.455409228801727
v 1.04968321323395 0.724428236484528 0.400106012821198
v 1.09391713142395 1.031165599823 0.685362100601196
v 1.04507887363434 0.847649395465851 0.403431415557861
v 1.04556310176849 0.627848505973816 0.418648600578308
v 1.04341948032379 0.912211894989014 0.421067148447037
v 1.09193933010101 1.38693714141846 0.454747259616852
v 1.10488426685333 1.37897121906281 0.462054550647736
v 1.09676706790924 1.36889362335205 0.455630242824554
v 1.08410704135895 1.37320613861084 0.44877427816391
v 1.09149324893951 1.35985946655273 0.45049512386322
v 1.08036649227142 1.3615665435791 0.446455419063568
v 1.11242318153381 1.36996984481812 0.472114980220795
v 1.10488629341125 1.36257243156433 0.463938891887665
v 1.11169278621674 1.3277268409729 0.473817706108093
v 1.11011123657227 1.3369927406311 0.473138153553009
v 1.11717879772186 1.33513069152832 0.480335772037506
v 1.11803686618805 1.32308840751648 0.482359945774078
v 1.11054074764252 1.30112910270691 0.47852349281311
v 1.11441397666931 1.29332447052002 0.490030109882355
v 1.10658752918243 1.28450667858124 0.481858491897583
v 1.10242855548859 1.29306828975677 0.472710400819778
v 1.06671345233917 1.30800604820251 0.456597208976746
v 1.07046377658844 1.31389176845551 0.456712961196899
v 1.07602763175964 1.3078920841217 0.456539154052734
v 1.07156562805176 1.30124866962433 0.45683491230011
v 1.05716693401337 1.31850290298462 0.452187061309814
v 1.05166471004486 1.32167267799377 0.446774125099182
v 1.0535796880722 1.32755064964294 0.450697124004364
v 1.05934226512909 1.32362043857574 0.454813718795776
v 1.06127667427063 1.30285060405731 0.457578241825104
v 1.0662522315979 1.29596638679504 0.458706468343735
v 1.05961132049561 1.30943894386292 0.453875362873077
v 1.06223714351654 1.3138952255249 0.455625653266907
v 1.05327713489532 1.30310189723969 0.444854766130447
v 1.04929494857788 1.30344295501709 0.440882951021194
v 1.05042171478271 1.30910539627075 0.439890086650848
v 1.05516362190247 1.30813026428223 0.445558190345764
v 1.05891919136047 1.30250895023346 0.453287929296494
v 1.0546190738678 1.29960012435913 0.452517509460449
v 1.05534565448761 1.30177927017212 0.448964476585388
v 1.05827057361603 1.30560374259949 0.450181722640991
v 1.05545330047607 1.3132860660553 0.449132263660431
v 1.0505952835083 1.31559562683105 0.443059027194977
v 1.04511511325836 1.31678628921509 0.437406092882156
v 1.04447197914124 1.30864429473877 0.434569954872131
v 1.08229804039001 1.28775072097778 0.461425006389618
v 1.0763897895813 1.28438544273376 0.461063355207443
v 1.07154893875122 1.29001533985138 0.45931488275528
v 1.07700800895691 1.29448890686035 0.458398103713989
v 1.05621218681335 1.29673671722412 0.455850839614868
v 1.05765926837921 1.28063714504242 0.455436378717422
v 1.05136835575104 1.28178906440735 0.453068196773529
v 1.05161738395691 1.28588819503784 0.452866911888123
v 1.05845701694489 1.28473269939423 0.455251723527908
v 1.0890691280365 1.27361500263214 0.470152676105499
v 1.08970439434052 1.26569473743439 0.474592387676239
v 1.08166670799255 1.26602959632874 0.469873070716858
v 1.08176910877228 1.27249681949615 0.4670370221138
v 1.07914066314697 1.25991010665894 0.47197213768959
v 1.0872278213501 1.25747644901276 0.47813493013382
v 1.07588958740234 1.24264943599701 0.479404807090759
v 1.0687210559845 1.2490531206131 0.470827966928482
v 1.07456243038177 1.25448822975159 0.472392439842224
v 1.08249819278717 1.24996268749237 0.479758143424988
v 1.05576181411743 1.25458455085754 0.464847177267075
v 1.06147909164429 1.2442364692688 0.467936217784882
v 1.05364382266998 1.24069249629974 0.465424954891205
v 1.04951357841492 1.25335359573364 0.463760256767273
v 1.0574254989624 1.27502596378326 0.46006840467453
v 1.057244181633 1.27749586105347 0.457253962755203
v 1.06195211410522 1.2766364812851 0.459674775600433
v 1.06180810928345 1.27483534812927 0.461755633354187
v 1.06656241416931 1.27455544471741 0.463521957397461
v 1.06631112098694 1.2751669883728 0.462653398513794
v 1.06795680522919 1.2757819890976 0.46230411529541
v 1.06845033168793 1.27433264255524 0.463812917470932
v 1.06451189517975 1.274658203125 0.46283358335495
v 1.06541478633881 1.27359175682068 0.463573336601257
v 1.06289219856262 1.27272570133209 0.462693005800247
v 1.05888986587524 1.27186954021454 0.460629820823669
v 1.04441857337952 1.27013039588928 0.456274062395096
v 1.04401707649231 1.27486264705658 0.457069098949432
v 1.0473735332489 1.27482521533966 0.457392156124115
v 1.04839444160461 1.27042365074158 0.456609547138214
v 1.06611120700836 1.27725958824158 0.460576355457306
v 1.06283044815063 1.27895152568817 0.458339691162109
v 1.0642751455307 1.28212893009186 0.457818388938904
v 1.06831300258636 1.27921903133392 0.460087716579437
v 1.07164967060089 1.28168964385986 0.460274070501328
v 1.0744880437851 1.27745175361633 0.462750017642975
v 1.07059335708618 1.27653539180756 0.462208807468414
v 1.06738924980164 1.27257740497589 0.464619427919388
v 1.07144665718079 1.2738116979599 0.4643734395504
v 1.07058954238892 1.27092218399048 0.466028660535812
v 1.06804418563843 1.26801323890686 0.46591717004776
v 1.06483435630798 1.27076244354248 0.463931500911713
v 1.06086552143097 1.26900291442871 0.461997300386429
v 1.06398332118988 1.26525163650513 0.464531302452087
v 1.05840682983398 1.26295328140259 0.462706923484802
v 1.05550837516785 1.26720941066742 0.459493011236191
v 1.06701922416687 1.28584170341492 0.458228796720505
v 1.0758467912674 1.27304196357727 0.465354025363922
v 1.07966697216034 1.27870941162109 0.463855057954788
v 1.07538664340973 1.26841974258423 0.46760767698288
v 1.07284665107727 1.26412272453308 0.468388974666595
v 1.06264686584473 1.25689744949341 0.466337233781815
v 1.06858325004578 1.26012146472931 0.467730522155762
v 1.06751620769501 1.23612642288208 0.477710396051407
v 1.0580472946167 1.23187148571014 0.476615190505981
v 1.08742463588715 1.35310709476471 0.45085996389389
v 1.07839977741241 1.35458040237427 0.449752509593964
v 1.08835959434509 1.34617900848389 0.455475956201553
v 1.08414471149445 1.34710395336151 0.454166054725647
v 1.08488738536835 1.34967541694641 0.45317006111145
v 1.09023439884186 1.34812676906586 0.455306649208069
v 1.10353362560272 1.33899474143982 0.468685269355774
v 1.10491991043091 1.33236038684845 0.469178438186646
v 1.09860646724701 1.33692455291748 0.466188192367554
v 1.09798336029053 1.3408465385437 0.464826285839081
v 1.08970725536346 1.32886648178101 0.461458772420883
v 1.0873281955719 1.33576679229736 0.459479510784149
v 1.0908590555191 1.33667647838593 0.461067140102386
v 1.09446096420288 1.33027911186218 0.463500678539276
v 1.08328354358673 1.33534049987793 0.458395332098007
v 1.08454585075378 1.32896399497986 0.460041105747223
v 1.07944631576538 1.33019983768463 0.459096431732178
v 1.07902312278748 1.33577966690063 0.458097577095032
v 1.07785272598267 1.35091710090637 0.453085482120514
v 1.07853472232819 1.34797155857086 0.453992009162903
v 1.07249414920807 1.34788548946381 0.455880761146545
v 1.0707403421402 1.35113954544067 0.455077141523361
v 1.06364822387695 1.34200644493103 0.462799489498138
v 1.06035184860229 1.34170281887054 0.461797833442688
v 1.06083583831787 1.34584259986877 0.460683852434158
v 1.06431639194489 1.34436082839966 0.461679577827454
v 1.06476128101349 1.3400022983551 0.462220728397369
v 1.06258237361908 1.33840537071228 0.46156895160675
v 1.08633470535278 1.41018044948578 0.456563830375671
v 1.10231149196625 1.40141689777374 0.463178396224976
v 1.07707750797272 1.39178216457367 0.448038756847382
v 1.11494195461273 1.38975644111633 0.471371710300446
v 1.12191593647003 1.37731993198395 0.480875939130783
v 1.10912430286407 1.27582180500031 0.490092933177948
v 1.09928607940674 1.26905906200409 0.481550097465515
v 1.09763836860657 1.27779567241669 0.475329339504242
v 1.10845470428467 1.26594543457031 0.49716991186142
v 1.09762108325958 1.25910782814026 0.486506938934326
v 1.08425259590149 1.24052834510803 0.493721574544907
v 1.09290778636932 1.2491546869278 0.490667998790741
v 1.11826622486115 1.27644038200378 0.510111689567566
v 1.11675405502319 1.26901531219482 0.518277049064636
v 1.10454738140106 1.25606679916382 0.504978537559509
v 1.12456572055817 1.28436350822449 0.528568625450134
v 1.12356293201447 1.28249311447144 0.537681519985199
v 1.11427998542786 1.2614654302597 0.53028017282486
v 1.09727096557617 1.22813332080841 0.530779957771301
v 1.11160612106323 1.23413562774658 0.539880335330963
v 1.11348974704742 1.22356486320496 0.544625163078308
v 1.10015976428986 1.21863293647766 0.534092962741852
v 1.11807537078857 1.28503787517548 0.501324832439423
v 1.12119257450104 1.34748697280884 0.487378418445587
v 1.12378263473511 1.33314383029938 0.491113483905792
v 1.11406779289246 1.34640157222748 0.477106183767319
v 1.13311469554901 1.41101849079132 0.501158237457275
v 1.13823580741882 1.39238345623016 0.50536835193634
v 1.12999987602234 1.38525259494781 0.492546916007996
v 1.1238614320755 1.40122151374817 0.484358966350555
v 1.10442495346069 1.44496130943298 0.495576620101929
v 1.12148439884186 1.4298300743103 0.497900366783142
v 1.11168229579926 1.4167937040329 0.477307230234146
v 1.09540343284607 1.42916297912598 0.472727209329605
v 1.14473593235016 1.39692103862762 0.520251095294952
v 1.1404857635498 1.41547787189484 0.52092456817627
v 1.14686048030853 1.41407585144043 0.542293548583984
v 1.14939868450165 1.39706254005432 0.536148428916931
v 1.13010954856873 1.43539547920227 0.523200571537018
v 1.13760149478912 1.434246301651 0.549294650554657
v 1.12684738636017 1.28804731369019 0.548294484615326
v 1.12305915355682 1.26882672309875 0.548149168491364
v 1.12073934078217 1.25333786010742 0.549434006214142
v 1.11047577857971 1.24667286872864 0.535170137882233
v 1.1227468252182 1.45020389556885 0.556821405887604
v 1.11353969573975 1.45184731483459 0.526074349880219
v 1.14727604389191 1.37746858596802 0.585401058197021
v 1.14886713027954 1.36687254905701 0.571726202964783
v 1.15136873722076 1.38020443916321 0.560775935649872
v 1.14924395084381 1.39409673213959 0.575259327888489
v 1.14077508449554 1.38819217681885 0.600877285003662
v 1.14304053783417 1.40804445743561 0.590121388435364
v 1.13085079193115 1.32379269599915 0.592495977878571
v 1.12459099292755 1.32910525798798 0.606074213981628
v 1.11832284927368 1.30959498882294 0.602405250072479
v 1.12339997291565 1.30611336231232 0.589657545089722
v 1.09968733787537 1.35550570487976 0.45626300573349
v 1.10455417633057 1.3509955406189 0.463386088609695
v 1.09869492053986 1.34754300117493 0.459255456924438
v 1.09424066543579 1.35073828697205 0.454512894153595
v 1.11792540550232 1.35896062850952 0.480309844017029
v 1.11034572124481 1.35499858856201 0.471357226371765
v 1.13348889350891 1.3704594373703 0.499816298484802
v 1.13987612724304 1.37722933292389 0.510477423667908
v 1.14914309978485 1.38280773162842 0.534720301628113
v 1.14540672302246 1.38144505023956 0.522045731544495
v 1.1478818655014 1.35806083679199 0.561679661273956
v 1.15012848377228 1.3668692111969 0.554454326629639
v 1.13041627407074 1.2994978427887 0.561124563217163
v 1.12692022323608 1.30224812030792 0.576277732849121
v 1.12235450744629 1.28409290313721 0.576582133769989
v 1.12566721439362 1.27795815467834 0.562627553939819
v 1.11309027671814 1.29239356517792 0.599838972091675
v 1.11688351631165 1.28906333446503 0.588882386684418
v 1.12344884872437 1.24682545661926 0.569569170475006
v 1.12117564678192 1.25259780883789 0.584080338478088
v 1.12349390983582 1.24028789997101 0.589391350746155
v 1.12373685836792 1.23504114151001 0.574592471122742
v 1.11894738674164 1.24324941635132 0.602917969226837
v 1.11645197868347 1.25699174404144 0.59690397977829
v 1.11039364337921 1.25942146778107 0.607225954532623
v 1.11224818229675 1.24426782131195 0.612954139709473
v 1.07233953475952 1.21160769462585 0.526093065738678
v 1.08520126342773 1.21483469009399 0.528760075569153
v 1.08866739273071 1.20671248435974 0.531178832054138
v 1.07493948936462 1.20428657531738 0.528931081295013
v 1.12698721885681 1.22475981712341 0.580410957336426
v 1.12832200527191 1.23066222667694 0.595706582069397
v 1.1327143907547 1.32065403461456 0.578563988208771
v 1.13681256771088 1.31899034976959 0.565885126590729
v 1.12435877323151 1.23275697231293 0.609598875045776
v 1.12071418762207 1.26725959777832 0.58001971244812
v 1.1153666973114 1.27213144302368 0.591804444789886
v 1.1057243347168 1.29525053501129 0.609123587608337
v 1.11088180541992 1.3140697479248 0.612805306911469
v 1.06502723693848 1.31905651092529 0.456811785697937
v 1.06974506378174 1.33410537242889 0.459831595420837
v 1.06584131717682 1.33603549003601 0.460887581110001
v 1.0670679807663 1.33896315097809 0.460937649011612
v 1.07047605514526 1.33779382705688 0.459532618522644
v 1.05689668655396 1.37370443344116 0.443843960762024
v 1.07070636749268 1.374666929245 0.444339990615845
v 1.06784808635712 1.36080956459045 0.444406628608704
v 1.05489730834961 1.3577024936676 0.446425676345825
v 1.09599614143372 1.30454957485199 0.463040471076965
v 1.08891820907593 1.29400444030762 0.461932778358459
v 1.08221101760864 1.3012752532959 0.457844018936157
v 1.08595740795135 1.31035399436951 0.458416223526001
v 1.09461998939514 1.34187877178192 0.462310969829559
v 1.09341239929199 1.34329974651337 0.459903031587601
v 1.09627223014832 1.34371161460876 0.461724519729614
v 1.08631765842438 1.28106462955475 0.465632200241089
v 1.09406638145447 1.28584122657776 0.468524932861328
v 1.12383615970612 1.31861913204193 0.494705528020859
v 1.10763382911682 1.34505319595337 0.469453096389771
v 1.08450138568878 1.45451891422272 0.495471477508545
v 1.07608413696289 1.43718683719635 0.46913468837738
v 1.0937488079071 1.46305000782013 0.528546214103699
v 1.10310089588165 1.46220374107361 0.560863018035889
v 1.13095426559448 1.42034304141998 0.602807760238647
v 1.11283671855927 1.43079197406769 0.612949252128601
v 1.11266005039215 1.40664219856262 0.627798140048981
v 1.13116657733917 1.39757323265076 0.615065813064575
v 1.11649441719055 1.33389103412628 0.6186164021492
v 1.10243260860443 1.26221227645874 0.614089369773865
v 1.1036741733551 1.24580419063568 0.61921751499176
v 1.0682772397995 1.41499447822571 0.453151345252991
v 1.06230306625366 1.39364838600159 0.44553017616272
v 1.12644684314728 1.36357855796814 0.490453958511353
v 1.11064493656158 1.31871545314789 0.472362697124481
v 1.10571479797363 1.31072437763214 0.468817114830017
v 1.10061371326447 1.32118463516235 0.464267194271088
v 1.10437774658203 1.32616078853607 0.467377334833145
v 1.11588907241821 1.31132388114929 0.482410818338394
v 1.12015223503113 1.30484139919281 0.495930880308151
v 1.12517809867859 1.29915738105774 0.51129949092865
v 1.12552917003632 1.28927600383759 0.520803093910217
v 1.14901840686798 1.40861439704895 0.562202870845795
v 1.15090799331665 1.39288437366486 0.55103725194931
v 1.12965321540833 1.43949770927429 0.583215177059174
v 1.14155340194702 1.42499136924744 0.572680473327637
v 1.15100789070129 1.38124585151672 0.547329843044281
v 1.11069297790527 1.45245921611786 0.590649545192719
v 1.05170464515686 1.29037070274353 0.453194290399551
v 1.05048680305481 1.29470348358154 0.453147351741791
v 1.05990302562714 1.2905855178833 0.456357181072235
v 1.05011975765228 1.26598930358887 0.458160638809204
v 1.052605509758 1.26135587692261 0.461781799793243
v 1.04722344875336 1.2607409954071 0.461663663387299
v 1.04535341262817 1.26558315753937 0.457892060279846
v 1.06163918972015 1.22914457321167 0.491948902606964
v 1.07259690761566 1.23351311683655 0.492952704429626
v 1.06976091861725 1.2186598777771 0.52157336473465
v 1.08245372772217 1.2224338054657 0.524703323841095
v 1.0496574640274 1.30216896533966 0.447377860546112
v 1.05046999454498 1.301886677742 0.449470371007919
v 1.04855167865753 1.30215489864349 0.449315786361694
v 1.04809141159058 1.30248510837555 0.447271347045898
v 1.0648934841156 1.27591633796692 0.4615179002285
v 1.046138048172 1.28201484680176 0.452300041913986
v 1.04661452770233 1.27838897705078 0.454363465309143
v 1.04341387748718 1.27821087837219 0.454504698514938
v 1.04302072525024 1.28165555000305 0.452522814273834
v 1.09568226337433 1.24419331550598 0.512729167938232
v 1.09564924240112 1.23735916614532 0.52453625202179
v 1.12099945545197 1.22930705547333 0.559235870838165
v 1.12058317661285 1.24041390419006 0.55383312702179
v 1.12401783466339 1.26091110706329 0.565271854400635
v 1.11096024513245 1.27511262893677 0.601661860942841
v 1.1033046245575 1.27894484996796 0.610014319419861
v 1.09413254261017 1.28166210651398 0.616919279098511
v 1.09712934494019 1.29756951332092 0.617294132709503
v 1.07793164253235 1.23264443874359 0.507492065429688
v 1.08045077323914 1.22898995876312 0.517940044403076
v 1.06778836250305 1.22531449794769 0.514802277088165
v 1.06518542766571 1.22816097736359 0.505271077156067
v 1.04363822937012 1.29962038993835 0.447566986083984
v 1.04502606391907 1.29886996746063 0.449667870998383
v 1.04289281368256 1.29659831523895 0.449722409248352
v 1.04180026054382 1.29831635951996 0.44664141535759
v 1.05173051357269 1.30023443698883 0.451256573200226
v 1.04966795444489 1.29761278629303 0.452477693557739
v 1.04940128326416 1.29962182044983 0.452077567577362
v 1.05215990543365 1.3011200428009 0.449197113513947
v 1.05095946788788 1.30189514160156 0.446449339389801
v 1.04517590999603 1.30198645591736 0.442876279354095
v 1.04368543624878 1.30174255371094 0.438004195690155
v 1.04847431182861 1.30201089382172 0.443848460912704
v 1.04591012001038 1.30111634731293 0.448299407958984
v 1.04653000831604 1.30031442642212 0.450364857912064
v 1.04893636703491 1.30123519897461 0.451332449913025
v 1.05060756206512 1.30125880241394 0.45088392496109
v 1.04598927497864 1.30228114128113 0.444899082183838
v 1.0480717420578 1.30232548713684 0.445758640766144
v 1.04599261283875 1.32380342483521 0.441606223583221
v 1.05974197387695 1.21702134609222 0.520224392414093
v 1.05800628662109 1.22326481342316 0.514138519763947
v 1.06578123569489 1.2748042345047 0.463179051876068
v 1.06882297992706 1.35455000400543 0.450663089752197
v 1.09389209747314 1.31873333454132 0.460959434509277
v 1.07283008098602 1.32002925872803 0.457875728607178
v 1.07386684417725 1.3261833190918 0.458879321813583
v 1.07980334758759 1.32305335998535 0.458929806947708
v 1.07878386974335 1.31542301177979 0.457881480455399
v 1.06054294109344 1.35189962387085 0.453626781702042
v 1.05582690238953 1.34680485725403 0.456938803195953
v 1.05068218708038 1.34772205352783 0.451434552669525
v 1.05563867092133 1.34051513671875 0.458296954631805
v 1.05892872810364 1.33560144901276 0.459902107715607
v 1.05589091777802 1.33236527442932 0.45520743727684
v 1.05053520202637 1.33849811553955 0.451288044452667
v 1.09377992153168 1.34604001045227 0.458346128463745
v 1.09134435653687 1.34471344947815 0.457518517971039
v 1.06144523620605 1.3280885219574 0.457695007324219
v 1.06361949443817 1.33213436603546 0.460088640451431
v 1.06853055953979 1.32917833328247 0.459551870822906
v 1.06706309318542 1.3240784406662 0.458318948745728
v 1.08632004261017 1.32024574279785 0.459567844867706
v 1.10128748416901 1.3441516160965 0.464654088020325
v 1.09753286838531 1.33306193351746 0.465497851371765
v 1.133380651474 1.31135165691376 0.552964091300964
v 1.13845181465149 1.32313108444214 0.556593775749207
v 1.13133192062378 1.29998993873596 0.53561806678772
v 1.13193106651306 1.30296301841736 0.53911018371582
v 1.12661480903625 1.2969491481781 0.539827823638916
v 1.12785530090332 1.29555141925812 0.534696400165558
v 1.1469053030014 1.35427641868591 0.541780769824982
v 1.14551913738251 1.35358107089996 0.537749111652374
v 1.14601242542267 1.35974836349487 0.535625576972961
v 1.1472179889679 1.36076605319977 0.543138384819031
v 1.14447855949402 1.35465312004089 0.530714869499207
v 1.14373373985291 1.35128235816956 0.531542241573334
v 1.14289712905884 1.35011863708496 0.528447806835175
v 1.14408087730408 1.35723447799683 0.52800440788269
v 1.14059829711914 1.35375797748566 0.52170717716217
v 1.14055407047272 1.36410021781921 0.516124963760376
v 1.144371509552 1.36811077594757 0.525206923484802
v 1.12908017635345 1.34708797931671 0.500718951225281
v 1.13487493991852 1.35740089416504 0.508527040481567
v 1.13612067699432 1.34803152084351 0.517982840538025
v 1.1334433555603 1.33873271942139 0.51557332277298
v 1.12986850738525 1.30441200733185 0.524027705192566
v 1.12952840328217 1.29722893238068 0.528879761695862
v 1.12893640995026 1.30234396457672 0.546451926231384
v 1.1370462179184 1.36815083026886 0.605931520462036
v 1.14299750328064 1.36012554168701 0.590924739837646
v 1.14472734928131 1.35230815410614 0.577262461185455
v 1.1452579498291 1.34635615348816 0.565712749958038
v 1.12877142429352 1.37636911869049 0.620806515216827
v 1.11396038532257 1.37947058677673 0.632709264755249
v 1.12954604625702 1.33039522171021 0.504254758358002
v 1.13205695152283 1.3264696598053 0.516908764839172
v 1.13738608360291 1.34205508232117 0.592991352081299
v 1.13188028335571 1.34843122959137 0.608580827713013
v 1.13944756984711 1.33618998527527 0.578847825527191
v 1.14211070537567 1.33328413963318 0.567585289478302
v 1.12313032150269 1.35599493980408 0.622149348258972
v 1.10890138149261 1.35634684562683 0.633863389492035
v 1.10572600364685 1.33322691917419 0.628517508506775
v 1.13653635978699 1.30748164653778 0.532686352729797
v 1.13680911064148 1.30152785778046 0.532524704933167
v 1.1335244178772 1.30043292045593 0.53214555978775
v 1.13355326652527 1.30556726455688 0.529510378837585
v 1.13131964206696 1.31471478939056 0.520179390907288
v 1.12818217277527 1.31501710414886 0.508481085300446
v 1.04793214797974 1.33080804347992 0.445755958557129
v 1.04634392261505 1.23934006690979 0.465157449245453
v 1.04451155662537 1.25310075283051 0.463075399398804
v 1.04607224464417 1.29004907608032 0.451835870742798
v 1.04626715183258 1.28583252429962 0.451844811439514
v 1.04302108287811 1.28529596328735 0.452104926109314
v 1.04298090934753 1.28920543193817 0.451984822750092
v 1.06466472148895 1.34943675994873 0.458203196525574
v 1.1004753112793 1.31636047363281 0.621022880077362
v 1.09304201602936 1.26495361328125 0.619646430015564
v 1.09372174739838 1.24815082550049 0.624044358730316
v 1.11682891845703 1.2321869134903 0.620100021362305
v 1.10700726509094 1.23245751857758 0.626782059669495
v 1.04281055927277 1.29313397407532 0.451373130083084
v 1.04579126834869 1.29377317428589 0.451631516218185
v 1.0457249879837 1.30199980735779 0.446270346641541
v 1.05151832103729 1.27810168266296 0.455130308866501
v 1.04674637317657 1.29893243312836 0.451000809669495
v 1.04590368270874 1.29673898220062 0.451230466365814
v 1.04075694084167 1.29592406749725 0.449483096599579
v 1.04120445251465 1.29278457164764 0.451427608728409
v 1.07444083690643 1.33207058906555 0.459044128656387
v 1.07465898990631 1.33660531044006 0.458575904369354
v 1.04361844062805 1.30079710483551 0.444765597581863
v 1.04184985160828 1.29943084716797 0.442668318748474
v 1.10340690612793 1.20986938476562 0.537712574005127
v 1.11605095863342 1.21428179740906 0.549616396427155
v 1.04125213623047 1.27821278572083 0.454768657684326
v 1.04098379611969 1.28156971931458 0.452801495790482
v 1.13538527488708 1.33311223983765 0.525142312049866
v 1.13768410682678 1.34084093570709 0.525004863739014
v 1.14029109477997 1.33661222457886 0.530570983886719
v 1.13822078704834 1.33027815818787 0.530793786048889
v 1.06182897090912 1.21020245552063 0.525423109531403
v 1.12348198890686 1.21941864490509 0.564844191074371
v 1.09611773490906 1.23406767845154 0.631466746330261
v 1.09330546855927 1.33819842338562 0.462476849555969
v 1.09454762935638 1.34010720252991 0.463137805461884
v 1.06753885746002 1.3469090461731 0.459169745445251
v 1.05358004570007 1.27097201347351 0.458017408847809
v 1.05208826065063 1.27491688728333 0.45827579498291
v 1.05581867694855 1.22646379470825 0.505108118057251
v 1.04005002975464 1.29757809638977 0.446169793605804
v 1.14312291145325 1.34570515155792 0.537331461906433
v 1.14263272285461 1.34227466583252 0.537607192993164
v 1.14478886127472 1.34074509143829 0.534958481788635
v 1.14481735229492 1.34375762939453 0.53368479013443
v 1.14511275291443 1.34608447551727 0.52745908498764
v 1.14664077758789 1.34965634346008 0.528227686882019
v 1.14834702014923 1.34644019603729 0.53026956319809
v 1.14665293693542 1.34375810623169 0.530607640743256
v 1.14113354682922 1.34659123420715 0.525666296482086
v 1.1426008939743 1.34222650527954 0.528533935546875
v 1.14926958084106 1.35127031803131 0.528936505317688
v 1.14937722682953 1.3487640619278 0.530946254730225
v 1.14465034008026 1.35244035720825 0.533640325069427
v 1.14673256874084 1.35293221473694 0.530620157718658
v 1.14884436130524 1.35554814338684 0.534319639205933
v 1.15266871452332 1.35293769836426 0.531847536563873
v 1.15243053436279 1.35644567012787 0.539844453334808
v 1.15644216537476 1.3529372215271 0.536429345607758
v 1.1541074514389 1.35299706459045 0.545502543449402
v 1.15853822231293 1.35061454772949 0.5421342253685
v 1.1340172290802 1.31395292282104 0.528170883655548
v 1.13503170013428 1.31608760356903 0.534571707248688
v 1.1546984910965 1.34759092330933 0.549265444278717
v 1.15956604480743 1.3461936712265 0.546174347400665
v 1.15416920185089 1.34036660194397 0.551735520362854
v 1.15913939476013 1.33964443206787 0.549060225486755
v 1.1528924703598 1.33282268047333 0.552697658538818
v 1.15744888782501 1.3322651386261 0.550185322761536
v 1.15096795558929 1.32436096668243 0.552053034305573
v 1.15537214279175 1.32505559921265 0.549277067184448
v 1.14780843257904 1.31451678276062 0.54981255531311
v 1.1518611907959 1.31762826442719 0.546742916107178
v 1.15470719337463 1.34882891178131 0.542732954025269
v 1.15289616584778 1.35107433795929 0.538788259029388
v 1.14590764045715 1.35098612308502 0.544799864292145
v 1.15076243877411 1.35105562210083 0.534175634384155
v 1.14334905147552 1.3380343914032 0.546159744262695
v 1.1423487663269 1.33499383926392 0.545243620872498
v 1.14471399784088 1.33488988876343 0.540999412536621
v 1.14257621765137 1.33781909942627 0.543269157409668
v 1.14010751247406 1.32899045944214 0.534626066684723
v 1.14014005661011 1.32344973087311 0.535737752914429
v 1.13775980472565 1.32284235954285 0.531675040721893
v 1.13805842399597 1.31967544555664 0.53722620010376
v 1.13771259784698 1.32438695430756 0.537889420986176
v 1.13787710666656 1.32131505012512 0.538631856441498
v 1.13701438903809 1.32837903499603 0.537814974784851
v 1.13846409320831 1.31995749473572 0.540043473243713
v 1.13888347148895 1.31811881065369 0.538800597190857
v 1.13770937919617 1.32103991508484 0.540830671787262
v 1.13723421096802 1.32187187671661 0.540030658245087
v 1.13657915592194 1.32367837429047 0.540742099285126
v 1.13702523708344 1.32685101032257 0.542321860790253
v 1.13542091846466 1.32347750663757 0.525779366493225
v 1.13678348064423 1.31720626354218 0.547319114208221
v 1.14143693447113 1.32539296150208 0.549079656600952
v 1.1479457616806 1.31124758720398 0.542913913726807
v 1.1442928314209 1.30551505088806 0.545171320438385
v 1.13882398605347 1.29921627044678 0.53442120552063
v 1.14182066917419 1.30015659332275 0.539157211780548
v 1.145343542099 1.34617495536804 0.547122240066528
v 1.14561426639557 1.34004735946655 0.549544453620911
v 1.13338232040405 1.30982935428619 0.542184710502625
v 1.14414393901825 1.3333203792572 0.550174713134766
v 1.15015244483948 1.32089686393738 0.545877575874329
v 1.14661908149719 1.31659877300262 0.54306423664093
v 1.15353333950043 1.32634246349335 0.547517120838165
v 1.1391054391861 1.31425082683563 0.536627292633057
v 1.14311957359314 1.31426739692688 0.539525747299194
v 1.14430224895477 1.30820524692535 0.538147270679474
v 1.14047849178314 1.30716526508331 0.534599423408508
v 1.14436733722687 1.32021808624268 0.543291568756104
v 1.14825844764709 1.32334089279175 0.544341623783112
v 1.14167022705078 1.32251882553101 0.544888019561768
v 1.14525127410889 1.32552337646484 0.545946180820465
v 1.13974547386169 1.32056391239166 0.54212099313736
v 1.14107954502106 1.31829357147217 0.541064262390137
v 1.13830256462097 1.3244264125824 0.546004354953766
v 1.14173150062561 1.32903182506561 0.547346889972687
v 1.13771724700928 1.32193219661713 0.542716443538666
v 1.14821064472198 1.32896435260773 0.545030832290649
v 1.14543282985687 1.33218276500702 0.546034514904022
v 1.14830005168915 1.33498680591583 0.542579114437103
v 1.1505823135376 1.33258855342865 0.543351829051971
v 1.15136432647705 1.32733023166656 0.54522430896759
v 1.15374255180359 1.3319216966629 0.545310437679291
v 1.15468645095825 1.33253705501556 0.548395752906799
v 1.15438294410706 1.33746039867401 0.545048236846924
v 1.15523564815521 1.3390736579895 0.547911822795868
v 1.15204441547394 1.33646285533905 0.542904078960419
v 1.15008985996246 1.33697140216827 0.540955781936646
v 1.15562427043915 1.3449764251709 0.545890212059021
v 1.15415608882904 1.34242153167725 0.543664574623108
v 1.15311133861542 1.34608101844788 0.541554749011993
v 1.15232145786285 1.34030210971832 0.541830062866211
v 1.15143895149231 1.34318697452545 0.540136337280273
v 1.15089225769043 1.33922517299652 0.540615677833557
v 1.14989590644836 1.34068858623505 0.53930926322937
v 1.14715111255646 1.34838604927063 0.53355884552002
v 1.14580035209656 1.34629583358765 0.532960474491119
v 1.14923679828644 1.34889984130859 0.535782158374786
v 1.14790201187134 1.34639656543732 0.536656260490417
v 1.14659810066223 1.34715700149536 0.535356640815735
v 1.14518070220947 1.34608781337738 0.535676181316376
v 1.14683651924133 1.34401142597198 0.536844730377197
v 1.14524328708649 1.34273302555084 0.539297461509705
v 1.08096754550934 1.18781661987305 0.530600070953369
v 1.06841480731964 1.18712854385376 0.531599760055542
v 1.06603896617889 1.19494962692261 0.530858278274536
v 1.07796990871429 1.19613361358643 0.530389308929443
v 1.14972043037415 1.34510016441345 0.538268744945526
v 1.14848697185516 1.34217214584351 0.537687301635742
v 1.15134739875793 1.34827613830566 0.538865804672241
v 1.14712560176849 1.33924901485443 0.541918992996216
v 1.14742112159729 1.34034729003906 0.539464473724365
v 1.148796916008 1.33854711055756 0.539762854576111
v 1.14814805984497 1.33760631084442 0.541299104690552
v 1.14001846313477 1.33291256427765 0.535006701946259
v 1.13886785507202 1.33205938339233 0.539171934127808
v 1.13971507549286 1.330073595047 0.543390274047852
v 1.12386775016785 1.17852032184601 0.542767286300659
v 1.11788773536682 1.18647384643555 0.54536372423172
v 1.13548624515533 1.19260954856873 0.556249022483826
v 1.14277994632721 1.18561625480652 0.554524600505829
v 1.1335471868515 1.15977561473846 0.524345517158508
v 1.16205930709839 1.16627991199493 0.539202928543091
v 1.15638554096222 1.14721214771271 0.517770767211914
v 1.13296270370483 1.14361345767975 0.511767089366913
v 1.15074360370636 1.12976396083832 0.50251317024231
v 1.13024640083313 1.12764096260071 0.499481737613678
v 1.13743221759796 1.08360242843628 0.464265763759613
v 1.12026464939117 1.08366322517395 0.463007867336273
v 1.12346506118774 1.0982438325882 0.474892169237137
v 1.14138579368591 1.09871220588684 0.476377546787262
v 1.14962303638458 1.00685894489288 0.429911762475967
v 1.14392352104187 0.989042341709137 0.432217478752136
v 1.1303790807724 0.9935063123703 0.42860358953476
v 1.13789629936218 1.00953030586243 0.427382051944733
v 1.21385931968689 1.10042428970337 0.502207458019257
v 1.22281348705292 1.11869382858276 0.512322187423706
v 1.23180115222931 1.10952532291412 0.513804018497467
v 1.22118759155273 1.09061372280121 0.50431215763092
v 1.18334817886353 1.1947466135025 0.590652823448181
v 1.17495167255402 1.1823490858078 0.566795349121094
v 1.16416418552399 1.18581116199493 0.570757925510406
v 1.17362534999847 1.19799089431763 0.592186212539673
v 1.19897592067719 1.01562881469727 0.469012916088104
v 1.19335281848907 1.00392723083496 0.461908370256424
v 1.18790900707245 1.01415133476257 0.45488914847374
v 1.19236183166504 1.025710105896 0.461227387189865
v 1.16672813892365 0.926285743713379 0.467510581016541
v 1.16753852367401 0.907755494117737 0.466080099344254
v 1.15036046504974 0.908136188983917 0.452311098575592
v 1.15033733844757 0.926187634468079 0.454512119293213
v 1.21276998519897 0.945833563804626 0.527520656585693
v 1.2185959815979 0.943349540233612 0.553918898105621
v 1.21626806259155 0.927736878395081 0.553851962089539
v 1.21097493171692 0.92834746837616 0.527381122112274
v 1.16778135299683 1.08108806610107 0.470405638217926
v 1.15344631671906 1.08290410041809 0.466944843530655
v 1.158331990242 1.09801292419434 0.478876203298569
v 1.17341601848602 1.0961412191391 0.482376933097839
v 1.39549779891968 1.06986021995544 0.526283442974091
v 1.38736474514008 1.05519008636475 0.518752157688141
v 1.36610269546509 1.06677222251892 0.520214974880219
v 1.37421834468842 1.0809565782547 0.527534306049347
v 1.21137940883636 0.839560747146606 0.514465034008026
v 1.21317458152771 0.842724144458771 0.539369344711304
v 1.21593010425568 0.824742555618286 0.537364900112152
v 1.21340560913086 0.821030855178833 0.511925280094147
v 1.28814816474915 1.15400314331055 0.549261569976807
v 1.27530419826508 1.16256237030029 0.549516797065735
v 1.27982890605927 1.17168736457825 0.572678625583649
v 1.29361462593079 1.16367030143738 0.571190714836121
v 1.20629692077637 1.06399953365326 0.487578183412552
v 1.19901275634766 1.0713894367218 0.482905805110931
v 1.20606589317322 1.0854834318161 0.4918053150177
v 1.21309840679169 1.07617521286011 0.495171159505844
v 1.22729849815369 0.971535623073578 0.557569622993469
v 1.22280728816986 0.974469780921936 0.535868227481842
v 1.22723948955536 0.990807414054871 0.542423248291016
v 1.23176980018616 0.988173961639404 0.561769604682922
v 1.21846306324005 0.960021615028381 0.531040012836456
v 1.22322201728821 0.956940650939941 0.555184721946716
v 1.19063174724579 1.07585680484772 0.478839814662933
v 1.1802613735199 1.07870984077454 0.474263489246368
v 1.18643665313721 1.093825340271 0.486333429813385
v 1.19705867767334 1.09157681465149 0.489473402500153
v 1.13900101184845 0.973207414150238 0.438535869121552
v 1.12243056297302 0.978912532329559 0.433769911527634
v 1.20488274097443 0.816675424575806 0.488446563482285
v 1.19148516654968 0.811902463436127 0.468180060386658
v 1.18993937969208 0.832413256168365 0.470755368471146
v 1.20324647426605 0.836104154586792 0.491030156612396
v 1.13414859771729 0.94400829076767 0.446441948413849
v 1.13534414768219 0.959855735301971 0.444413006305695
v 1.15101826190948 0.95775979757309 0.452054142951965
v 1.15037512779236 0.942579865455627 0.455487877130508
v 1.17415928840637 0.807305037975311 0.451320201158524
v 1.15451288223267 0.804126560688019 0.43563038110733
v 1.15249752998352 0.826584339141846 0.438722521066666
v 1.17237663269043 0.828873991966248 0.45364773273468
v 1.14592742919922 1.11387026309967 0.489053249359131
v 1.1267716884613 1.11301624774933 0.486908257007599
v 1.17100274562836 1.00463902950287 0.440541684627533
v 1.16838777065277 0.987400352954865 0.443376570940018
v 1.15676319599152 0.987363457679749 0.437316507101059
v 1.16103339195251 1.00536811351776 0.43465381860733
v 1.2270143032074 1.06287491321564 0.519223272800446
v 1.22597718238831 1.07723450660706 0.509128093719482
v 1.24016630649567 1.0957590341568 0.518412888050079
v 1.23470330238342 1.07375621795654 0.527843415737152
v 1.21859562397003 0.806474089622498 0.536019146442413
v 1.21605002880096 0.802363216876984 0.51042115688324
v 1.17573690414429 0.785424292087555 0.449622333049774
v 1.15595185756683 0.781405329704285 0.433855354785919
v 1.25921440124512 1.05145788192749 0.575396299362183
v 1.25095534324646 1.04680716991425 0.575075030326843
v 1.2472038269043 1.05210816860199 0.564525842666626
v 1.25542902946472 1.05787324905396 0.566075325012207
v 1.09832942485809 1.01251399517059 0.429791927337646
v 1.11379992961884 1.02149200439453 0.428071230649948
v 1.11929941177368 1.00434494018555 0.426599532365799
v 1.10684299468994 0.99152946472168 0.430230855941772
v 1.16643464565277 0.971437335014343 0.450955480337143
v 1.16556584835052 0.958279013633728 0.459870994091034
v 1.15354943275452 0.971216142177582 0.444250494241714
v 1.08240067958832 1.00243175029755 0.435159713029861
v 1.09314918518066 0.975944101810455 0.437120109796524
v 1.10803282260895 1.11071407794952 0.486068487167358
v 1.10500133037567 1.09720277786255 0.474439024925232
v 1.11015713214874 1.12469005584717 0.497171610593796
v 1.09103345870972 1.12235331535339 0.495442986488342
v 1.0910896062851 1.13719606399536 0.505569875240326
v 1.11091017723083 1.13961410522461 0.50779515504837
v 1.08969151973724 1.1523996591568 0.513520836830139
v 1.10981750488281 1.15484523773193 0.516971707344055
v 1.10299372673035 1.17341995239258 0.534036993980408
v 1.09923386573792 1.1818106174469 0.53676575422287
v 1.21806502342224 1.06454038619995 0.501158654689789
v 1.21226155757904 1.05355048179626 0.494562238454819
v 1.19343852996826 0.79082053899765 0.466556906700134
v 1.19295287132263 1.11955797672272 0.671153664588928
v 1.19013059139252 1.10222518444061 0.675301074981689
v 1.20507562160492 1.10440099239349 0.665622770786285
v 1.20803987979889 1.12069630622864 0.662992060184479
v 1.19428312778473 1.19375801086426 0.589594721794128
v 1.18950796127319 1.18276250362396 0.563908278942108
v 1.24671852588654 1.05506157875061 0.621108174324036
v 1.23763489723206 1.05345416069031 0.62780749797821
v 1.23883926868439 1.04583835601807 0.622177839279175
v 1.24569177627563 1.04896402359009 0.616242229938507
v 1.26265847682953 1.04590606689453 0.591998100280762
v 1.27499878406525 1.04033660888672 0.589649021625519
v 1.2770414352417 1.04132831096649 0.596482336521149
v 1.26381814479828 1.04783487319946 0.597857713699341
v 1.21204173564911 0.827321648597717 0.561016321182251
v 1.20893132686615 0.844612121582031 0.563774287700653
v 1.20555531978607 0.954315602779388 0.623693764209747
v 1.21402132511139 0.947546482086182 0.601891338825226
v 1.22054648399353 0.96310168504715 0.600511968135834
v 1.21437704563141 0.970622718334198 0.620385527610779
v 1.10734903812408 1.0969443321228 0.681606709957123
v 1.10719072818756 1.08131122589111 0.682657718658447
v 1.1243839263916 1.08511245250702 0.684195160865784
v 1.12380588054657 1.10107207298279 0.683449983596802
v 1.15948951244354 1.12824690341949 0.681000947952271
v 1.1606593132019 1.14388763904572 0.676503658294678
v 1.14108288288116 1.13724708557129 0.679720401763916
v 1.14084780216217 1.12214338779449 0.682101249694824
v 1.17620873451233 1.11611413955688 0.679829835891724
v 1.17398118972778 1.09911715984344 0.683010041713715
v 1.23299539089203 0.989122748374939 0.580498576164246
v 1.2284322977066 0.973351061344147 0.578843474388123
v 1.24019467830658 1.01206076145172 0.584834814071655
v 1.23830258846283 1.01276528835297 0.569315075874329
v 1.24120283126831 1.02167510986328 0.571789026260376
v 1.24316334724426 1.0209664106369 0.586876273155212
v 1.16432452201843 1.20278584957123 0.593167781829834
v 1.16601169109344 1.20865881443024 0.616185903549194
v 1.17686831951141 1.20410227775574 0.615156829357147
v 1.13537049293518 1.18694972991943 0.658261656761169
v 1.13591814041138 1.18049538135529 0.662740468978882
v 1.14867222309113 1.18470823764801 0.657114148139954
v 1.14477598667145 1.19067096710205 0.652958393096924
v 1.12701845169067 1.01463067531586 0.681062579154968
v 1.10837197303772 1.01326441764832 0.681869864463806
v 1.10672771930695 0.99313485622406 0.677916884422302
v 1.12695932388306 0.992589116096497 0.676499009132385
v 1.24465095996857 1.03006196022034 0.598500967025757
v 1.24744772911072 1.0364785194397 0.595560073852539
v 1.24674606323242 1.03968274593353 0.604002058506012
v 1.24276626110077 1.03379273414612 0.608069539070129
v 1.24016010761261 1.02702975273132 0.609939217567444
v 1.23684298992157 1.01922035217285 0.611264586448669
v 1.23943042755127 1.01452553272247 0.598564743995667
v 1.24236106872559 1.02307105064392 0.598722696304321
v 1.22169601917267 0.98540461063385 0.616832852363586
v 1.2267427444458 0.978274881839752 0.598500430583954
v 1.23140037059784 0.993432581424713 0.597990393638611
v 1.22808301448822 0.999849796295166 0.614794254302979
v 1.09731364250183 0.925086557865143 0.658094763755798
v 1.11633276939392 0.922683358192444 0.659455895423889
v 1.1192319393158 0.945762872695923 0.665441155433655
v 1.10008358955383 0.947326302528381 0.665911912918091
v 1.26570105552673 1.07240915298462 0.549402236938477
v 1.2679443359375 1.08169198036194 0.53963965177536
v 1.28093576431274 1.0767674446106 0.536928117275238
v 1.28055989742279 1.06497311592102 0.547082662582397
v 1.29259502887726 1.04788875579834 0.611402928829193
v 1.30349588394165 1.04467797279358 0.611059725284576
v 1.30565428733826 1.05004513263702 0.614113628864288
v 1.29447555541992 1.05367159843445 0.615130960941315
v 1.29877269268036 1.04200053215027 0.550955772399902
v 1.29665732383728 1.05446255207062 0.54270738363266
v 1.31472134590149 1.04211473464966 0.537239730358124
v 1.31632268428802 1.02846431732178 0.546319544315338
v 1.20561826229095 1.1915887594223 0.616840481758118
v 1.20484364032745 1.19292294979095 0.589112043380737
v 1.19713854789734 1.19564890861511 0.615774512290955
v 1.28619503974915 1.03642797470093 0.570864319801331
v 1.30115103721619 1.02425241470337 0.568548977375031
v 1.30226755142212 1.02027094364166 0.578490912914276
v 1.28730714321136 1.0321010351181 0.580069899559021
v 1.40348815917969 1.07973563671112 0.540420293807983
v 1.38193607330322 1.09045231342316 0.541386365890503
v 1.33758521080017 1.00540816783905 0.551671862602234
v 1.34095025062561 0.999166190624237 0.56369686126709
v 1.31917071342468 1.01037061214447 0.565442383289337
v 1.31784796714783 1.01752531528473 0.555432140827179
v 1.19754946231842 0.937554121017456 0.624391436576843
v 1.20812165737152 0.932124316692352 0.603055715560913
v 1.18903422355652 0.830133497714996 0.600875556468964
v 1.20249509811401 0.82904177904129 0.582459688186646
v 1.19879007339478 0.846706867218018 0.585566699504852
v 1.18600761890411 0.84828770160675 0.603790402412415
v 1.21439647674561 0.809116542339325 0.560334861278534
v 1.19121670722961 0.811055064201355 0.599249362945557
v 1.20495080947876 0.810601592063904 0.581288576126099
v 1.14589500427246 1.21810173988342 0.609235763549805
v 1.1395663022995 1.21884477138519 0.62464702129364
v 1.14696860313416 1.21250665187836 0.631006479263306
v 1.15537118911743 1.21353125572205 0.613904237747192
v 1.23478698730469 0.690890192985535 0.566427052021027
v 1.23328375816345 0.662187576293945 0.570917308330536
v 1.23848152160645 0.65834641456604 0.5413778424263
v 1.2370913028717 0.687512576580048 0.536600649356842
v 1.12004315853119 1.20269680023193 0.650155067443848
v 1.13407576084137 1.20745122432709 0.641873717308044
v 1.12819588184357 1.21588504314423 0.635167896747589
v 1.11566507816315 1.21227490901947 0.642431020736694
v 1.23554062843323 0.71384608745575 0.534795820713043
v 1.23319530487061 0.719172835350037 0.563592612743378
v 1.14477217197418 1.21098494529724 0.589490592479706
v 1.15501058101654 1.20633482933044 0.592230558395386
v 1.14754581451416 1.19819796085358 0.572796821594238
v 1.13850700855255 1.20408225059509 0.571383476257324
v 1.12748348712921 1.19896769523621 0.555957436561584
v 1.23792791366577 0.650460422039032 0.515166163444519
v 1.2332227230072 0.677804470062256 0.510699212551117
v 1.1317732334137 1.22486758232117 0.616862297058105
v 1.12238907814026 1.22325611114502 0.62761664390564
v 1.11125123500824 1.22196328639984 0.63477498292923
v 1.09918451309204 1.22247862815857 0.639939785003662
v 1.21786677837372 0.791210234165192 0.560476541519165
v 1.22149062156677 0.788216590881348 0.535660564899445
v 1.17853856086731 0.559826493263245 0.647567749023438
v 1.15107679367065 0.556952834129333 0.656275987625122
v 1.14847326278687 0.539660692214966 0.643587410449982
v 1.18058347702026 0.541928291320801 0.6377032995224
v 1.08277714252472 0.569257318973541 0.654113829135895
v 1.07868444919586 0.553390741348267 0.636645913124084
v 1.11301875114441 0.544087886810303 0.643783926963806
v 1.11831843852997 0.560515701770782 0.657707989215851
v 1.09759652614594 0.695292115211487 0.674975872039795
v 1.12746167182922 0.693880021572113 0.673122048377991
v 1.12819385528564 0.714770972728729 0.665119528770447
v 1.09927213191986 0.716193795204163 0.667767584323883
v 1.19463074207306 0.792805075645447 0.600472211837769
v 1.20865213871002 0.792528510093689 0.582314729690552
v 1.21802282333374 0.783482432365417 0.509806931018829
v 1.24326717853546 0.521753370761871 0.517699778079987
v 1.24740600585938 0.528148412704468 0.555875301361084
v 1.2450133562088 0.495762258768082 0.561080396175385
v 1.24284672737122 0.489074319601059 0.524545252323151
v 1.20798289775848 0.499826908111572 0.617450356483459
v 1.21084535121918 0.525741815567017 0.618765652179718
v 1.17909550666809 0.521498322486877 0.632062792778015
v 1.17671775817871 0.499456256628036 0.629177808761597
v 1.13568842411041 0.777903139591217 0.419276595115662
v 1.15656006336212 0.759059727191925 0.433824956417084
v 1.13588333129883 0.754908919334412 0.419978737831116
v 1.07412362098694 0.770885050296783 0.396694928407669
v 1.0966169834137 0.772908329963684 0.40036553144455
v 1.09413242340088 0.749488472938538 0.401213258504868
v 1.07236754894257 0.747668743133545 0.397469639778137
v 1.07505071163177 0.625196814537048 0.422358930110931
v 1.05928325653076 0.627137541770935 0.419716835021973
v 1.06214535236359 0.65089476108551 0.415420442819595
v 1.08041572570801 0.649775445461273 0.418125510215759
v 1.2232723236084 0.667263507843018 0.486710608005524
v 1.20524930953979 0.659098446369171 0.465860277414322
v 1.20247733592987 0.682601809501648 0.466015547513962
v 1.21985650062561 0.692464053630829 0.485555946826935
v 1.07586097717285 0.541785776615143 0.617404341697693
v 1.10703361034393 0.531351506710052 0.627135753631592
v 1.22958850860596 0.482516407966614 0.487514317035675
v 1.22819328308105 0.516277313232422 0.481500893831253
v 1.20349383354187 0.477481454610825 0.458714991807938
v 1.16915035247803 0.477167189121246 0.446797877550125
v 1.16881918907166 0.509166479110718 0.442230373620987
v 1.20248866081238 0.510801672935486 0.454525262117386
v 1.06261503696442 0.546418488025665 0.470215529203415
v 1.07445311546326 0.564585447311401 0.447537332773209
v 1.08241426944733 0.554689407348633 0.453250139951706
v 1.06713163852692 0.542304217815399 0.476078450679779
v 1.08825874328613 0.607256650924683 0.675861597061157
v 1.08586311340332 0.588384926319122 0.667255163192749
v 1.11982917785645 0.579961001873016 0.668806076049805
v 1.12084293365479 0.601381063461304 0.676982700824738
v 1.17426002025604 0.811313271522522 0.612756550312042
v 1.17714929580688 0.792167544364929 0.614913761615753
v 1.15605366230011 0.810896158218384 0.622060775756836
v 1.17302846908569 0.830813944339752 0.614877462387085
v 1.15475463867188 0.831475079059601 0.62390398979187
v 1.16516923904419 0.954993963241577 0.655608177185059
v 1.1828647851944 0.945343494415283 0.642045617103577
v 1.19169783592224 0.962507307529449 0.642829716205597
v 1.17470967769623 0.973916828632355 0.658008277416229
v 1.14121472835541 1.08980917930603 0.685027718544006
v 1.14097118377686 1.10587453842163 0.684019207954407
v 1.1387814283371 0.503517866134644 0.629904985427856
v 1.09697592258453 0.514241099357605 0.615650653839111
v 1.10941457748413 0.480669289827347 0.618516087532043
v 1.14439129829407 0.476849615573883 0.627811312675476
v 1.2052196264267 0.472655743360519 0.616315126419067
v 1.22758972644806 0.469976425170898 0.595778226852417
v 1.23224771022797 0.500235795974731 0.594001114368439
v 1.24114441871643 0.463795393705368 0.564716279506683
v 1.24113428592682 0.45644024014473 0.528040111064911
v 1.20217156410217 0.444510072469711 0.463339030742645
v 1.16772222518921 0.444658666849136 0.452983438968658
v 1.08061802387238 0.481692463159561 0.483429908752441
v 1.10396957397461 0.478642165660858 0.464994132518768
v 1.10407376289368 0.452296733856201 0.474240094423294
v 1.08210647106171 0.45707243680954 0.495009332895279
v 1.11975336074829 0.615226209163666 0.433970987796783
v 1.15425860881805 0.633190274238586 0.441492825746536
v 1.1582328081131 0.611232697963715 0.441262662410736
v 1.12876033782959 0.594767093658447 0.437507927417755
v 1.07847344875336 0.794276475906372 0.397643148899078
v 1.09651732444763 0.797139942646027 0.400856226682663
v 1.11559009552002 0.775284707546234 0.407636106014252
v 1.11471474170685 0.799368023872375 0.408203125
v 1.13436388969421 0.80156272649765 0.420431345701218
v 1.08906841278076 0.890519022941589 0.414892286062241
v 1.11125361919403 0.889214754104614 0.422390550374985
v 1.10963428020477 0.868646740913391 0.418023198843002
v 1.0878940820694 0.86931174993515 0.409961402416229
v 1.09087431430817 0.911746680736542 0.421292036771774
v 1.11315774917603 0.910844147205353 0.427882462739944
v 1.09303832054138 0.951915562152863 0.436550498008728
v 1.11627066135406 0.96478146314621 0.439086437225342
v 1.11503708362579 0.947290182113647 0.43974032998085
v 1.08950746059418 1.1081827878952 0.485233902931213
v 1.08708786964417 1.09433960914612 0.474976092576981
v 1.22900259494781 0.640574812889099 0.488640487194061
v 1.07066428661346 0.508374989032745 0.589686572551727
v 1.0605708360672 0.500360250473022 0.562864303588867
v 1.067134141922 0.474770307540894 0.573582708835602
v 1.08157646656036 0.479434281587601 0.598842799663544
v 1.23070168495178 0.703925669193268 0.508662045001984
v 1.20704960823059 0.797081053256989 0.48658362030983
v 1.20856690406799 0.777116239070892 0.486173957586288
v 1.19965577125549 0.952140271663666 0.499036550521851
v 1.19867563247681 0.929881930351257 0.502911150455475
v 1.12746548652649 1.02649486064911 0.428624987602234
v 1.12843787670135 1.01385128498077 0.426572948694229
v 1.23591756820679 0.530502080917358 0.591966509819031
v 1.20033645629883 0.413005828857422 0.469645261764526
v 1.1963974237442 0.382917702198029 0.476460665464401
v 1.1633095741272 0.382096230983734 0.468780040740967
v 1.16568660736084 0.412779688835144 0.460052579641342
v 1.07452297210693 0.433806777000427 0.530819356441498
v 1.08524572849274 0.428978681564331 0.506291270256042
v 1.08977544307709 0.400218486785889 0.517994046211243
v 1.08133399486542 0.404368281364441 0.542119264602661
v 1.08822023868561 0.37499988079071 0.551009058952332
v 1.09553170204163 0.369624137878418 0.527192056179047
v 1.09792935848236 0.340567469596863 0.536942601203918
v 1.09351694583893 0.346451997756958 0.560125827789307
v 1.22841691970825 0.448336482048035 0.491653203964233
v 1.2348325252533 0.394234955310822 0.532561719417572
v 1.22272026538849 0.386669099330902 0.500043034553528
v 1.22580814361572 0.416553616523743 0.49581053853035
v 1.23804402351379 0.42464017868042 0.530291140079498
v 1.17769169807434 0.473816305398941 0.626558244228363
v 1.06886911392212 0.461773902177811 0.518818080425262
v 1.06576216220856 0.48508083820343 0.506365120410919
v 1.08719456195831 0.411971867084503 0.589981853961945
v 1.10265624523163 0.414866507053375 0.611049056053162
v 1.09278643131256 0.446934074163437 0.605942487716675
v 1.07676064968109 0.443486750125885 0.582332491874695
v 1.20623731613159 0.415449857711792 0.615360915660858
v 1.22461843490601 0.410902082920074 0.594853281974792
v 1.2260377407074 0.440178155899048 0.594465374946594
v 1.20570373535156 0.443901658058167 0.615220844745636
v 1.2378408908844 0.432910621166229 0.564977526664734
v 1.23458790779114 0.40311461687088 0.565880596637726
v 1.22818732261658 0.335522294044495 0.537557542324066
v 1.21340239048004 0.328765213489532 0.509389877319336
v 1.21861553192139 0.35742050409317 0.504658818244934
v 1.23160541057587 0.364583253860474 0.534939169883728
v 1.22943043708801 0.345085263252258 0.568715572357178
v 1.23173713684082 0.374033033847809 0.567062079906464
v 1.22349238395691 0.38190233707428 0.595534443855286
v 1.22248947620392 0.353470742702484 0.595440268516541
v 1.20637762546539 0.359206557273865 0.614461541175842
v 1.20666670799255 0.387396335601807 0.615492343902588
v 1.18415248394012 0.389435768127441 0.627969145774841
v 1.18587446212769 0.362169981002808 0.626730799674988
v 1.15871524810791 0.389972746372223 0.631320834159851
v 1.13346374034882 0.388791680335999 0.626226544380188
v 1.14067649841309 0.361726403236389 0.626177191734314
v 1.16335833072662 0.362817823886871 0.630262613296509
v 1.1043940782547 0.355269193649292 0.601605355739594
v 1.11975467205048 0.359046518802643 0.617418587207794
v 1.11129641532898 0.386003971099854 0.614751100540161
v 1.09629952907562 0.382420003414154 0.596118211746216
v 1.13074326515198 0.249955117702484 0.621622920036316
v 1.14775681495667 0.253684818744659 0.627109885215759
v 1.1398903131485 0.281232118606567 0.624635696411133
v 1.12240350246429 0.277488946914673 0.617919981479645
v 1.16388988494873 0.256933093070984 0.633522152900696
v 1.18180477619171 0.258953273296356 0.635268092155457
v 1.17533111572266 0.285037279129028 0.630849480628967
v 1.15805399417877 0.283657312393188 0.629383206367493
v 1.20834052562714 0.280494034290314 0.613169848918915
v 1.19281458854675 0.284362494945526 0.626000046730042
v 1.19889760017395 0.258309066295624 0.629893124103546
v 1.2135272026062 0.254463851451874 0.61654269695282
v 1.22774815559387 0.2491495013237 0.599644839763641
v 1.22505760192871 0.274768948554993 0.597269415855408
v 1.22946631908417 0.241204261779785 0.576622605323792
v 1.22983705997467 0.266316771507263 0.574464917182922
v 1.21812558174133 0.257917642593384 0.547848999500275
v 1.22034215927124 0.233375787734985 0.549730539321899
v 1.10440230369568 0.259371936321259 0.569452524185181
v 1.11002731323242 0.232369959354401 0.576982259750366
v 1.10840129852295 0.239082634449005 0.59597909450531
v 1.10142803192139 0.265872895717621 0.587615311145782
v 1.13426864147186 0.251326322555542 0.532774209976196
v 1.15268909931183 0.249223053455353 0.512099325656891
v 1.15456163883209 0.224313914775848 0.523424386978149
v 1.13708090782166 0.225557744503021 0.543052613735199
v 1.22780334949493 0.318050384521484 0.570551812648773
v 1.2242259979248 0.308449447154999 0.540571451187134
v 1.20572602748871 0.332176208496094 0.612880766391754
v 1.22178161144257 0.326444089412689 0.595254302024841
v 1.11050713062286 0.329243123531342 0.607365310192108
v 1.12689304351807 0.333150923252106 0.619699239730835
v 1.10032629966736 0.3127321600914 0.547168374061584
v 1.09648907184601 0.318804323673248 0.568901360034943
v 1.18169784545898 0.272827208042145 0.500189125537872
v 1.18336367607117 0.298894703388214 0.496049046516418
v 1.20881640911102 0.301904678344727 0.513034880161285
v 1.20637547969818 0.275744497776031 0.515987813472748
v 1.22891414165497 0.291810989379883 0.572200655937195
v 1.22254359722137 0.300320625305176 0.596313118934631
v 1.20627510547638 0.30625057220459 0.611988246440887
v 1.18967390060425 0.310079395771027 0.624516308307648
v 1.17101645469666 0.310781359672546 0.628545761108398
v 1.15231096744537 0.309864103794098 0.626074254512787
v 1.13337218761444 0.307658612728119 0.621772348880768
v 1.11627864837646 0.303738057613373 0.612566649913788
v 1.09865951538086 0.292295038700104 0.578378975391388
v 1.10213279724121 0.285454452037811 0.558542907238007
v 1.18093240261078 0.22497433423996 0.516615211963654
v 1.18069815635681 0.247976899147034 0.50642192363739
v 1.2057740688324 0.251447081565857 0.521601915359497
v 1.20691049098969 0.228109180927277 0.5270134806633
v 1.18288886547089 0.203700244426727 0.528032302856445
v 1.16119873523712 0.202658832073212 0.534913718700409
v 1.17147481441498 0.229765892028809 0.638740181922913
v 1.18856763839722 0.231716334819794 0.63911360502243
v 1.20559978485107 0.231131017208099 0.633743226528168
v 1.2321355342865 0.223492443561554 0.602756440639496
v 1.23098480701447 0.215230047702789 0.577089428901672
v 1.22020101547241 0.20775181055069 0.551674604415894
v 1.20554387569427 0.206293225288391 0.533708214759827
v 1.12799835205078 0.184744954109192 0.60495400428772
v 1.11952459812164 0.212693214416504 0.60001266002655
v 1.12082743644714 0.206942558288574 0.582509100437164
v 1.13100528717041 0.180249452590942 0.587352931499481
v 1.14534616470337 0.193436086177826 0.633100152015686
v 1.15966796875 0.198208570480347 0.643886089324951
v 1.15556132793427 0.226096630096436 0.631421446800232
v 1.14106249809265 0.222220838069916 0.622815012931824
v 1.17790842056274 0.201850354671478 0.64952027797699
v 1.1964967250824 0.203579306602478 0.648156046867371
v 1.21441400051117 0.20419317483902 0.642044961452484
v 1.23804211616516 0.195953011512756 0.605665922164917
v 1.22165751457214 0.229095101356506 0.621791362762451
v 1.23020541667938 0.202012181282043 0.627939879894257
v 1.23581647872925 0.187168121337891 0.575248956680298
v 1.22147190570831 0.148874461650848 0.554596602916718
v 1.21637427806854 0.178479790687561 0.550457000732422
v 1.24252593517303 0.157614469528198 0.576738297939301
v 1.20557677745819 0.0489476323127747 0.567636609077454
v 1.23147463798523 0.0532618165016174 0.570629477500916
v 1.23086655139923 0.0185432434082031 0.577704429626465
v 1.20842635631561 0.0143660306930542 0.574787378311157
v 1.13598763942719 0.151414453983307 0.592775642871857
v 1.1320995092392 0.154672920703888 0.61261123418808
v 1.146892786026 0.162720143795013 0.644338548183441
v 1.16371512413025 0.167844414710999 0.655362486839294
v 1.25266373157501 0.136160671710968 0.613898992538452
v 1.24642276763916 0.166806638240814 0.608011364936829
v 1.23859548568726 0.172555446624756 0.63297963142395
v 1.24438893795013 0.141476809978485 0.639031708240509
v 1.14433538913727 0.0535483360290527 0.607674896717072
v 1.14086544513702 0.0554324388504028 0.627074360847473
v 1.13509559631348 0.0893349051475525 0.623916923999786
v 1.13882052898407 0.0868493914604187 0.602874159812927
v 1.16500496864319 0.13508129119873 0.663735628128052
v 1.14809048175812 0.129779160022736 0.651760697364807
v 1.15102541446686 0.0964979529380798 0.657006144523621
v 1.1679402589798 0.10101854801178 0.668681621551514
v 1.2550173997879 0.0666782855987549 0.620845556259155
v 1.25566577911377 0.102726757526398 0.618086576461792
v 1.24817049503326 0.107410848140717 0.643016576766968
v 1.24872672557831 0.0704953670501709 0.644546926021576
v 1.2271283864975 0.119172096252441 0.558699309825897
v 1.24808764457703 0.127735376358032 0.58236962556839
v 1.2505955696106 0.095723032951355 0.58797562122345
v 1.2311292886734 0.0870826244354248 0.564708530902863
v 1.19824635982513 0.114643752574921 0.556314885616302
v 1.20268285274506 0.0829901695251465 0.561469256877899
v 1.16217160224915 -0.0171200037002563 0.629491567611694
v 1.1511994600296 0.0197600722312927 0.628288209438324
v 1.15409803390503 0.0172198414802551 0.610710263252258
v 1.16531574726105 -0.0207273960113525 0.614293098449707
v 1.17378926277161 0.0654483437538147 0.669287979602814
v 1.15664970874786 0.0617340803146362 0.658257007598877
v 1.16574740409851 0.0249058604240417 0.656206130981445
v 1.18071353435516 0.0279677510261536 0.666040182113647
v 1.25065982341766 -0.0116244554519653 0.624625205993652
v 1.25327360630035 0.0283796787261963 0.622925341129303
v 1.24718737602234 0.0308587551116943 0.64458155632019
v 1.24422955513 -0.00915253162384033 0.644684672355652
v 1.23115038871765 -0.0190134048461914 0.585206270217896
v 1.24911344051361 0.0241481065750122 0.596242487430573
v 1.2478039264679 -0.0148844122886658 0.60167920589447
v 1.23042750358582 -0.0566920638084412 0.589506089687347
v 1.21345841884613 -0.0595802664756775 0.586989343166351
v 1.21060764789581 -0.0224612951278687 0.582125008106232
v 1.17529857158661 -0.0558618307113647 0.617078542709351
v 1.17104542255402 -0.053480863571167 0.630581319332123
v 1.17867851257324 -0.0495312213897705 0.652254104614258
v 1.18992018699646 -0.0459967255592346 0.660959661006927
v 1.18648540973663 -0.00934320688247681 0.662766575813293
v 1.17365550994873 -0.0125678777694702 0.653872728347778
v 1.22007262706757 -0.00873380899429321 0.66583240032196
v 1.20302021503448 -0.00817221403121948 0.667174696922302
v 1.20506179332733 -0.04486483335495 0.664963603019714
v 1.22053039073944 -0.0455946326255798 0.662987232208252
v 1.24030995368958 -0.0459291934967041 0.643495738506317
v 1.23405456542969 -0.00837302207946777 0.658356785774231
v 1.23175573348999 -0.0453805327415466 0.655633687973022
v 1.24713599681854 -0.0478499531745911 0.625040948390961
v 1.24542939662933 -0.0523239374160767 0.603376626968384
v 1.05783212184906 0.53316330909729 0.562274694442749
v 1.05644476413727 0.525393605232239 0.534952163696289
v 1.05796945095062 0.516715109348297 0.549620866775513
v 1.06412756443024 0.527585864067078 0.576892256736755
v 1.10793375968933 0.392254412174225 0.494165778160095
v 1.10587251186371 0.423428624868393 0.483533412218094
v 1.11127889156342 0.333957254886627 0.514154553413391
v 1.11071801185608 0.361565589904785 0.503714621067047
v 1.11271214485168 0.306520521640778 0.525723159313202
v 1.11425113677979 0.280009329319 0.538277149200439
v 1.11546754837036 0.253212869167328 0.550655782222748
v 1.12071418762207 0.226952612400055 0.559652209281921
v 1.13055229187012 0.201831638813019 0.565383017063141
v 1.14057922363281 0.175363123416901 0.569053709506989
v 1.15073215961456 0.117889285087585 0.577783524990082
v 1.1374990940094 0.119853019714355 0.598493754863739
v 1.1478443145752 0.147668242454529 0.573508262634277
v 1.15796518325806 0.0510490536689758 0.586897850036621
v 1.15317583084106 0.0856431126594543 0.582132518291473
v 1.16616785526276 0.013910174369812 0.592606246471405
v 1.17540812492371 -0.0236311554908752 0.59847617149353
v 1.18482518196106 -0.0585372447967529 0.60266649723053
v 1.1355494260788 0.533426940441132 0.4417484998703
v 1.10629618167877 0.526333451271057 0.450931906700134
v 1.10785734653473 0.544512510299683 0.446092545986176
v 1.13526463508606 0.556124031543732 0.439638882875443
v 1.05561769008636 0.53865122795105 0.501782774925232
v 1.05784213542938 0.539905309677124 0.4879489839077
v 1.06114947795868 0.537833571434021 0.492912650108337
v 1.05755245685577 0.537372767925262 0.507285416126251
v 1.22103273868561 0.283201634883881 0.543912947177887
v 1.18756401538849 0.335779666900635 0.62482088804245
v 1.1672682762146 0.336547672748566 0.628260672092438
v 1.14669382572174 0.335603773593903 0.625473916530609
v 1.13110530376434 0.274669528007507 0.517804086208344
v 1.13082766532898 0.301310837268829 0.506679892539978
v 1.15416193008423 0.298902630805969 0.494567275047302
v 1.15279746055603 0.273605048656464 0.503548562526703
v 1.19295418262482 0.141596257686615 0.551759839057922
v 1.17249059677124 0.115227222442627 0.564756751060486
v 1.16774749755859 0.143646240234375 0.559305846691132
v 1.1891508102417 0.166027367115021 0.545930564403534
v 1.20445418357849 0.174502849578857 0.658548951148987
v 1.22352242469788 0.175239503383636 0.650375068187714
v 1.18688070774078 0.140212953090668 0.669101297855377
v 1.20939671993256 0.143343389034271 0.667861700057983
v 1.183913230896 0.172031462192535 0.659128665924072
v 1.13281762599945 0.3548264503479 0.48567321896553
v 1.16070652008057 0.353087306022644 0.478067576885223
v 1.15719640254974 0.325144231319427 0.486940622329712
v 1.13106870651245 0.327735185623169 0.495843976736069
v 1.196173787117 0.863268852233887 0.590746521949768
v 1.1834625005722 0.866115570068359 0.608769953250885
v 1.18929362297058 0.980926036834717 0.465376645326614
v 1.1932954788208 0.967372000217438 0.479416847229004
v 1.17998135089874 0.961049556732178 0.468940913677216
v 1.17821753025055 0.97444087266922 0.457840979099274
v 1.20279228687286 0.977785587310791 0.487333506345749
v 1.19794344902039 0.990609705448151 0.472189635038376
v 1.20436596870422 1.0028578042984 0.479713380336761
v 1.20961272716522 0.9901123046875 0.494287431240082
v 1.2286114692688 1.05333125591278 0.53351891040802
v 1.2330584526062 1.06182932853699 0.540764808654785
v 1.09230887889862 0.93216460943222 0.427938550710678
v 1.0683262348175 0.932571589946747 0.426397085189819
v 1.06928753852844 0.951780676841736 0.435055077075958
v 1.11525094509125 0.751528263092041 0.408821821212769
v 1.12590980529785 0.650677502155304 0.430041790008545
v 1.09318172931671 0.620626211166382 0.426492929458618
v 1.10153257846832 0.648758351802826 0.422915399074554
v 1.05554485321045 0.562846779823303 0.448750346899033
v 1.13618695735931 0.9182990193367 0.655389428138733
v 1.13934361934662 0.941391110420227 0.660413265228271
v 1.12387645244598 1.11624836921692 0.682305693626404
v 1.10710406303406 1.11211824417114 0.680660128593445
v 1.12338066101074 1.14408457279205 0.678462624549866
v 1.12247145175934 1.15641283988953 0.675435483455658
v 1.10639095306396 1.15137338638306 0.675094902515411
v 1.10665190219879 1.13916194438934 0.677518367767334
v 1.10178649425507 1.2108781337738 0.648293256759644
v 1.10410785675049 1.1996101140976 0.65571540594101
v 1.0549613237381 0.538901448249817 0.522018432617188
v 1.05778777599335 0.534825205802917 0.512986183166504
v 1.05510807037354 0.537963151931763 0.532405972480774
v 1.08137214183807 0.503039598464966 0.473467379808426
v 1.06606602668762 0.503687143325806 0.495013475418091
v 1.0675253868103 0.518461525440216 0.486684948205948
v 1.08302569389343 0.520977377891541 0.466086119413376
v 1.2424122095108 0.553183436393738 0.508845627307892
v 1.24899363517761 0.560361385345459 0.546840906143188
v 1.14341127872467 0.52470850944519 0.635080754756927
v 1.39220893383026 0.982712090015411 0.55767947435379
v 1.39951384067535 0.983660221099854 0.570192873477936
v 1.37240076065063 0.98999559879303 0.574723064899445
v 1.36545825004578 0.989887475967407 0.561379551887512
v 1.14818906784058 1.01643371582031 0.67874276638031
v 1.15373516082764 0.990775942802429 0.670986890792847
v 1.15579068660736 1.19244039058685 0.572787880897522
v 1.22590172290802 1.19051361083984 0.585240721702576
v 1.22404026985168 1.18425154685974 0.559348702430725
v 1.213134765625 1.18423128128052 0.561878144741058
v 1.21522450447083 1.19169485569 0.587792158126831
v 1.2223379611969 1.13752615451813 0.650493025779724
v 1.22345781326294 1.15443396568298 0.643318593502045
v 1.21221542358398 1.15618348121643 0.650121212005615
v 1.21053612232208 1.13828933238983 0.65815007686615
v 1.09491753578186 0.673562049865723 0.680379867553711
v 1.12543070316315 0.671632647514343 0.679637730121613
v 1.11291790008545 0.855681240558624 0.638248085975647
v 1.1331033706665 0.853458821773529 0.635680258274078
v 1.13243758678436 0.873562216758728 0.642600178718567
v 1.11278963088989 0.877006888389587 0.645351052284241
v 1.1764280796051 1.00498056411743 0.668030321598053
v 1.18986511230469 0.989630043506622 0.655273258686066
v 1.0798180103302 1.0275764465332 0.438703417778015
v 1.08068680763245 1.04722464084625 0.446570932865143
v 1.09795594215393 1.05120098590851 0.443390816450119
v 1.09671342372894 1.03368747234344 0.435138642787933
v 1.35237717628479 1.01999592781067 0.60200822353363
v 1.32588291168213 1.02183377742767 0.600355923175812
v 1.32633018493652 1.01268148422241 0.591233491897583
v 1.3524683713913 1.0050265789032 0.590971112251282
v 1.23845446109772 0.565764129161835 0.588634848594666
v 1.21213006973267 0.550734043121338 0.622434377670288
v 1.21000623703003 0.895070970058441 0.577585697174072
v 1.20129609107971 0.897872745990753 0.602146565914154
v 1.19749069213867 0.880238890647888 0.596999049186707
v 1.20675015449524 0.87753963470459 0.573459029197693
v 1.21822500228882 0.944003403186798 0.578630328178406
v 1.21446073055267 0.928811371326447 0.579314827919006
v 1.22370052337646 0.958257138729095 0.578481554985046
v 1.25224542617798 1.04445123672485 0.592830955982208
v 1.25178253650665 1.04362607002258 0.585084676742554
v 1.26063942909241 1.0466376543045 0.583767771720886
v 1.10455334186554 0.504290342330933 0.456868886947632
v 1.1041898727417 0.574460625648499 0.440476417541504
v 1.0954053401947 0.587595462799072 0.436096429824829
v 1.05383741855621 0.539622664451599 0.514373123645782
v 1.12952661514282 1.21061682701111 0.568750500679016
v 1.12059390544891 1.20577359199524 0.55372029542923
v 1.28490650653839 1.04463446140289 0.562732458114624
v 1.3001811504364 1.03155398368835 0.559498906135559
v 1.24363803863525 1.03005623817444 0.573611438274384
v 1.2394300699234 1.03507351875305 0.560025572776794
v 1.2427304983139 1.04377448558807 0.562909007072449
v 1.24640762805939 1.03837025165558 0.5746169090271
v 1.24790418148041 1.03615665435791 0.585810542106628
v 1.24516975879669 1.02847790718079 0.586704790592194
v 1.20461165904999 1.10697495937347 0.500673055648804
v 1.19320750236511 1.11067521572113 0.498312801122665
v 1.19969367980957 1.12708234786987 0.509986698627472
v 1.21188485622406 1.124178647995 0.511060059070587
v 1.17936360836029 1.11229360103607 0.495215564966202
v 1.16378033161163 1.11357939243317 0.491780996322632
v 1.16951704025269 1.13044416904449 0.505643010139465
v 1.1854864358902 1.1295862197876 0.508716881275177
v 1.15019524097443 1.17760276794434 0.54969185590744
v 1.12911510467529 1.17107009887695 0.535440921783447
v 1.10683226585388 1.16595840454102 0.526483356952667
v 1.0877274274826 1.16329658031464 0.521046042442322
v 1.10551536083221 1.18682372570038 0.661511659622192
v 1.10585784912109 1.17412805557251 0.666632771492004
v 1.12225115299225 1.17764782905579 0.66517961025238
v 1.12430560588837 1.19030499458313 0.657928287982941
v 1.11194801330566 1.19365382194519 0.544791400432587
v 1.09587204456329 1.19016981124878 0.535678744316101
v 1.08330810070038 1.17941629886627 0.53025621175766
v 1.41087543964386 1.080810546875 0.558468401432037
v 1.38940167427063 1.09169054031372 0.55952262878418
v 1.13597476482391 1.22291195392609 0.601874232292175
v 1.13448643684387 1.21674203872681 0.584870219230652
v 1.39415287971497 1.08516621589661 0.57709538936615
v 1.41579794883728 1.07360768318176 0.5759636759758
v 1.19823145866394 1.16651856899261 0.541035771369934
v 1.20194935798645 1.1835196018219 0.563184022903442
v 1.21023559570312 1.16730284690857 0.540620684623718
v 1.10767674446106 1.20123493671417 0.541981041431427
v 1.09260880947113 1.19805896282196 0.533228754997253
v 1.24698996543884 0.591601729393005 0.533193647861481
v 1.23890972137451 0.583087980747223 0.499735593795776
v 1.20132482051849 0.854841589927673 0.494164526462555
v 1.2091269493103 0.857243835926056 0.5177401304245
v 1.06602597236633 0.891142249107361 0.411992788314819
v 1.06531500816345 0.870017349720001 0.406512379646301
v 1.06395637989044 1.20275354385376 0.529056906700134
v 1.09210646152496 0.822376370429993 0.403305977582932
v 1.07023131847382 0.818909704685211 0.39989161491394
v 1.06695187091827 0.84612113237381 0.402604430913925
v 1.08903336524963 0.846887469291687 0.405918627977371
v 1.06370711326599 0.792504668235779 0.398065090179443
v 1.06272089481354 0.780451357364655 0.397363573312759
v 1.07032060623169 0.605128526687622 0.426059484481812
v 1.05738115310669 0.607194185256958 0.423657923936844
v 1.31921195983887 1.11156332492828 0.535156071186066
v 1.30447375774384 1.12115657329559 0.537343859672546
v 1.3115907907486 1.13564538955688 0.548759400844574
v 1.32687020301819 1.12456130981445 0.548529744148254
v 1.11203110218048 0.824205279350281 0.411035418510437
v 1.13252174854279 0.825491666793823 0.423727065324783
v 1.22090220451355 1.0523282289505 0.512207806110382
v 1.22405731678009 1.04316306114197 0.527616679668427
v 1.06876814365387 0.974211931228638 0.440379768610001
v 1.11284303665161 1.03839445114136 0.433694243431091
v 1.11459541320801 1.05362510681152 0.442127972841263
v 1.13065576553345 1.05485153198242 0.442485928535461
v 1.12849116325378 1.0407794713974 0.434157967567444
v 1.05279910564423 0.54109400510788 0.523874759674072
v 1.31323051452637 1.08815884590149 0.623454809188843
v 1.30144262313843 1.09285831451416 0.627489149570465
v 1.29998028278351 1.08172953128815 0.625764131546021
v 1.31261467933655 1.07772946357727 0.622121870517731
v 1.0585470199585 0.507659614086151 0.521404087543488
v 1.06022775173187 0.49120220541954 0.534109532833099
v 1.06988298892975 0.535958349704742 0.596655488014221
v 1.05686962604523 0.539520621299744 0.579388320446014
v 1.13348770141602 0.447287678718567 0.45847088098526
v 1.13445961475372 0.477799445390701 0.450677275657654
v 1.13260579109192 0.41545969247818 0.466812342405319
v 1.13283634185791 0.384014070034027 0.476207107305527
v 1.1463063955307 0.200522541999817 0.550624310970306
v 1.16115927696228 0.172789335250854 0.551846027374268
v 1.17690253257751 0.0835328102111816 0.570315301418304
v 1.1813063621521 0.0494828820228577 0.57610285282135
v 1.18668341636658 0.0131089687347412 0.582232058048248
v 1.19217729568481 -0.0245910882949829 0.588956654071808
v 1.19785058498383 -0.0604522228240967 0.592033743858337
v 1.4193149805069 1.06084990501404 0.590014398097992
v 1.39610421657562 1.07238221168518 0.592909634113312
v 1.39783561229706 1.05550062656403 0.601416885852814
v 1.42203795909882 1.045205950737 0.59867262840271
v 1.3357846736908 1.01627039909363 0.541832506656647
v 1.3348286151886 1.03019189834595 0.53270035982132
v 1.35638332366943 1.01950192451477 0.529185116291046
v 1.35734474658966 1.00628054141998 0.538459956645966
v 1.38107407093048 0.996946692466736 0.535302937030792
v 1.3857729434967 0.987520575523376 0.545956492424011
v 1.36006093025208 0.995879113674164 0.549046158790588
v 1.40683686733246 0.991107761859894 0.582169890403748
v 1.41320538520813 1.00247895717621 0.591682970523834
v 1.38541293144226 1.01019835472107 0.596907258033752
v 1.38029718399048 0.997059106826782 0.586970150470734
v 1.42234718799591 1.02905356884003 0.601637542247772
v 1.39777517318726 1.0391743183136 0.604188919067383
v 1.39379358291626 1.02422761917114 0.602822780609131
v 1.41934514045715 1.01446175575256 0.598804354667664
v 1.38157904148102 1.03896379470825 0.516620993614197
v 1.37872040271759 1.02312421798706 0.51918238401413
v 1.35694169998169 1.03439712524414 0.521998405456543
v 1.36021161079407 1.0503830909729 0.518793880939484
v 1.31897509098053 1.14401602745056 0.567546248435974
v 1.33396196365356 1.13074827194214 0.566621124744415
v 1.24509680271149 1.08439743518829 0.535570919513702
v 1.25114142894745 1.09925365447998 0.527832984924316
v 1.26175367832184 1.09946048259735 0.532793581485748
v 1.2555741071701 1.08592545986176 0.539689123630524
v 1.36082696914673 1.10124731063843 0.543058156967163
v 1.34293043613434 1.11303102970123 0.545734643936157
v 1.35019433498383 1.1165771484375 0.564170479774475
v 1.36881065368652 1.10317361354828 0.561529874801636
v 1.33888900279999 1.06152141094208 0.521040499210358
v 1.33575677871704 1.04566240310669 0.524851143360138
v 1.31499361991882 1.05698835849762 0.528863787651062
v 1.31867432594299 1.07216119766235 0.52366316318512
v 1.34603917598724 0.99844354391098 0.577587246894836
v 1.32202184200287 1.0086258649826 0.578032612800598
v 1.29630172252655 1.10441446304321 0.530186831951141
v 1.3109712600708 1.0956175327301 0.52715927362442
v 1.21639120578766 1.04139113426208 0.505693078041077
v 1.23313975334167 1.01682102680206 0.552688658237457
v 1.23658871650696 1.02654457092285 0.556415855884552
v 1.1781542301178 0.989978909492493 0.449515283107758
v 1.1790052652359 1.00502097606659 0.446432858705521
v 1.21588027477264 0.980813443660736 0.513874113559723
v 1.22072446346283 0.996229529380798 0.522115111351013
v 1.18645071983337 0.995128452777863 0.455635905265808
v 1.18446624279022 1.0053619146347 0.451447397470474
v 1.13327252864838 0.927676439285278 0.443203508853912
v 1.08524119853973 1.17124247550964 0.527822971343994
v 1.33489871025085 1.10123085975647 0.532147109508514
v 1.3255512714386 1.08683013916016 0.524919927120209
v 1.30643129348755 1.02689635753632 0.598866045475006
v 1.29042100906372 1.03355276584625 0.597198724746704
v 1.28851079940796 1.03127372264862 0.589126765727997
v 1.3048712015152 1.02141129970551 0.589861333370209
v 1.20716655254364 1.02807295322418 0.654236137866974
v 1.19344103336334 1.01700186729431 0.662528812885284
v 1.20321083068848 1.00368559360504 0.649756789207458
v 1.21480059623718 1.01733589172363 0.64264440536499
v 1.31989645957947 1.10481607913971 0.620500326156616
v 1.32668495178223 1.11249256134033 0.614343762397766
v 1.31254529953003 1.12394046783447 0.618751108646393
v 1.30746793746948 1.11286187171936 0.624643862247467
v 1.31771790981293 1.13491249084473 0.608157336711884
v 1.333456158638 1.12137305736542 0.603769481182098
v 1.33689570426941 1.12838065624237 0.587376236915588
v 1.32131016254425 1.14278590679169 0.590410709381104
v 1.23292791843414 0.634279549121857 0.580175876617432
v 1.24130535125732 0.628840684890747 0.55210942029953
v 1.19461333751678 0.77001941204071 0.466104120016098
v 1.1769186258316 0.763895511627197 0.449077904224396
v 1.15385401248932 0.660134255886078 0.439830631017685
v 1.08453524112701 0.545320153236389 0.456420123577118
v 1.06812429428101 0.536018490791321 0.478398025035858
v 1.06493711471558 0.467653125524521 0.545885920524597
v 1.24237656593323 0.620847225189209 0.522259056568146
v 1.07185888290405 0.438541233539581 0.556526124477386
v 1.08077752590179 0.408594250679016 0.566045999526978
v 1.12671995162964 0.416811645030975 0.624867916107178
v 1.15438258647919 0.417709708213806 0.631068170070648
v 1.14977931976318 0.446880638599396 0.62981915473938
v 1.11912071704865 0.447789996862411 0.622764408588409
v 1.18207490444183 0.417259931564331 0.627586245536804
v 1.17986214160919 0.445777028799057 0.627025723457336
v 1.18719363212585 0.326120495796204 0.491485714912415
v 1.18982219696045 0.105302512645721 0.674284934997559
v 1.21544671058655 0.070259690284729 0.672591745853424
v 1.21250987052917 0.108943283557892 0.672949254512787
v 1.19417786598206 0.0682315826416016 0.67445307970047
v 1.23280012607574 0.109456956386566 0.661834120750427
v 1.22928738594055 0.144189953804016 0.657750010490417
v 1.25050616264343 0.0610403418540955 0.591709494590759
v 1.19925451278687 0.0301372408866882 0.67090255022049
v 1.2181293964386 0.0311626195907593 0.669396698474884
v 1.23473787307739 0.0718917846679688 0.662546873092651
v 1.23486304283142 0.0318930149078369 0.660597741603851
v 1.05941069126129 0.519657909870148 0.50973105430603
v 1.22528314590454 0.547740280628204 0.476043820381165
v 1.22088956832886 0.576898038387299 0.471270143985748
v 1.1623443365097 0.58926385641098 0.440187513828278
v 1.13331282138824 0.576021313667297 0.438131034374237
v 1.15080046653748 0.847079515457153 0.442150413990021
v 1.1707649230957 0.848775386810303 0.456554263830185
v 1.16759502887726 0.888226926326752 0.464138984680176
v 1.18498456478119 0.889642655849457 0.480141669511795
v 1.1859267950058 0.8708575963974 0.477079451084137
v 1.16875696182251 0.868674755096436 0.460505574941635
v 1.20882558822632 0.891872763633728 0.524903357028961
v 1.21256124973297 0.893221199512482 0.551302313804626
v 1.21060872077942 0.875947535037994 0.547740638256073
v 1.2078959941864 0.874388933181763 0.521595239639282
v 1.21072471141815 0.859317362308502 0.543057858943939
v 1.20608961582184 0.861161291599274 0.568243741989136
v 1.15277063846588 0.891491949558258 0.641818583011627
v 1.17012083530426 0.887636363506317 0.630755841732025
v 1.17253923416138 0.907788455486298 0.636659383773804
v 1.15505576133728 0.913318514823914 0.647523283958435
v 1.08291816711426 0.59876537322998 0.430801928043365
v 1.06131863594055 0.533552467823029 0.496749699115753
v 1.13537693023682 0.507157206535339 0.445121139287949
v 1.16745460033417 0.539365887641907 0.440107107162476
v 1.19958424568176 0.542402386665344 0.451489508152008
v 1.28282344341278 1.05410027503967 0.555117249488831
v 1.23051416873932 1.05018818378448 0.633834719657898
v 1.23350691795349 1.0407292842865 0.627374529838562
v 1.34958577156067 1.10462522506714 0.599209785461426
v 1.35300731658936 1.11245083808899 0.58340847492218
v 1.30152940750122 1.08141314983368 0.526273429393768
v 1.29922080039978 1.14478635787964 0.548064947128296
v 1.29162859916687 1.12871694564819 0.536763548851013
v 1.28043782711029 1.13685190677643 0.535259425640106
v 1.18224859237671 0.645861148834229 0.451623409986496
v 1.21087419986725 0.63135302066803 0.465582758188248
v 1.18639695644379 0.621655404567719 0.450122356414795
v 1.05373156070709 0.540186882019043 0.562712252140045
v 1.10736227035522 0.559826970100403 0.442192733287811
v 1.08861482143402 0.378999590873718 0.574163854122162
v 1.09507775306702 0.350973069667816 0.581711947917938
v 1.09985148906708 0.324402630329132 0.589567065238953
v 1.10420620441437 0.298419177532196 0.597329497337341
v 1.10860776901245 0.272229433059692 0.604917645454407
v 1.11642622947693 0.245615780353546 0.611373662948608
v 1.12699401378632 0.218375086784363 0.613722026348114
v 1.13416051864624 0.189485907554626 0.62060272693634
v 1.13326823711395 0.122583746910095 0.618765115737915
v 1.13761365413666 0.126094341278076 0.636942267417908
v 1.13642835617065 0.158639311790466 0.629816174507141
v 1.13989317417145 0.0925164222717285 0.642064332962036
v 1.14566445350647 0.0579069852828979 0.643810391426086
v 1.15600895881653 0.0221859216690063 0.643373727798462
v 1.16565918922424 -0.0144161581993103 0.642530560493469
v 1.17261517047882 -0.0511658191680908 0.641931891441345
v 1.05310785770416 0.540963232517242 0.534270823001862
v 1.05344784259796 0.541048288345337 0.547711610794067
v 1.18364572525024 1.16583216190338 0.540743589401245
v 1.23356509208679 1.04371976852417 0.546813428401947
v 1.23717498779297 1.05132222175598 0.551823675632477
v 1.28697228431702 1.08956956863403 0.529297888278961
v 1.37453484535217 1.04725706577301 0.607573390007019
v 1.37473356723785 1.06393015384674 0.605916738510132
v 1.29661893844604 1.06820321083069 0.533387839794159
v 1.24184930324554 1.07225263118744 0.545244991779327
v 1.25200176239014 1.07641434669495 0.547142624855042
v 1.44627344608307 1.12615847587585 0.540626227855682
v 1.46059823036194 1.12726736068726 0.542781293392181
v 1.45389795303345 1.1428370475769 0.532629311084747
v 1.4403954744339 1.14069187641144 0.530151128768921
v 1.43418669700623 1.12211441993713 0.533162534236908
v 1.43022561073303 1.13596785068512 0.522739112377167
v 1.44406843185425 1.09471225738525 0.47490593791008
v 1.43368494510651 1.0966649055481 0.48509806394577
v 1.43365943431854 1.11500954627991 0.478109270334244
v 1.44415163993835 1.1140159368515 0.468766093254089
v 1.42061924934387 1.14464914798737 0.502657532691956
v 1.4208357334137 1.1391681432724 0.492040067911148
v 1.4230682849884 1.1234610080719 0.500603377819061
v 1.42419350147247 1.13024640083313 0.512458205223083
v 1.47479343414307 1.09812891483307 0.473052442073822
v 1.48727118968964 1.1019868850708 0.481049418449402
v 1.48900091648102 1.08094322681427 0.485363632440567
v 1.47527432441711 1.0777428150177 0.477582067251205
v 1.43860793113708 1.02495431900024 0.507095277309418
v 1.44911921024323 1.01870155334473 0.500097990036011
v 1.44631004333496 1.00728034973145 0.507012486457825
v 1.43800127506256 1.01557230949402 0.512526214122772
v 1.45567286014557 1.09761667251587 0.561711847782135
v 1.47162103652954 1.09557926654816 0.56275486946106
v 1.46659409999847 1.11122274398804 0.553045451641083
v 1.4511946439743 1.11153137683868 0.551190972328186
v 1.42713642120361 1.07907366752625 0.527931749820709
v 1.42740905284882 1.06985259056091 0.513755083084106
v 1.42877340316772 1.05484139919281 0.522122263908386
v 1.42896497249603 1.06494605541229 0.536317229270935
v 1.46118152141571 1.08306193351746 0.571592748165131
v 1.4765967130661 1.07900583744049 0.571372151374817
v 1.42434191703796 1.10822653770447 0.510063409805298
v 1.42717313766479 1.10113453865051 0.497093588113785
v 1.42696213722229 1.08506464958191 0.505393266677856
v 1.42527604103088 1.09363031387329 0.519139289855957
v 1.469162940979 1.13829588890076 0.464807957410812
v 1.47852420806885 1.14219522476196 0.472787499427795
v 1.4835045337677 1.12237238883972 0.476907938718796
v 1.47267985343933 1.11861729621887 0.468797028064728
v 1.42537128925323 1.13537931442261 0.481494665145874
v 1.43264436721802 1.13348639011383 0.471584618091583
v 1.42691600322723 1.11814284324646 0.488993436098099
v 1.47181451320648 1.15777957439423 0.516064345836639
v 1.46018838882446 1.15905809402466 0.521418690681458
v 1.46793353557587 1.14195907115936 0.530736207962036
v 1.47998917102814 1.13966262340546 0.524300456047058
v 1.44127655029297 1.05664718151093 0.489343255758286
v 1.43221640586853 1.06155967712402 0.500124216079712
v 1.43292117118835 1.07883632183075 0.492346465587616
v 1.44299733638763 1.07559251785278 0.481914907693863
v 1.44098210334778 1.09425497055054 0.554492354393005
v 1.43780636787415 1.10790550708771 0.543861508369446
v 1.48667764663696 1.12248778343201 0.532456040382385
v 1.47501540184021 1.12509191036224 0.539931654930115
v 1.48084306716919 1.10789036750793 0.548813700675964
v 1.49325037002563 1.10298681259155 0.540327548980713
v 1.50573706626892 1.07642650604248 0.53297758102417
v 1.50522923469543 1.06932961940765 0.517474710941315
v 1.50167942047119 1.09064412117004 0.512823879718781
v 1.50087785720825 1.09705078601837 0.527510404586792
v 1.44005000591278 1.03896546363831 0.498461604118347
v 1.45250201225281 1.03525578975677 0.490821421146393
v 1.47371470928192 1.05653095245361 0.483283221721649
v 1.4890308380127 1.05907917022705 0.490261822938919
v 1.4866224527359 1.03681242465973 0.496350437402725
v 1.46950662136078 1.0347785949707 0.489850461483002
v 1.44192051887512 1.05535840988159 0.566156208515167
v 1.4543981552124 1.05959153175354 0.580174624919891
v 1.44906949996948 1.06974601745605 0.573927342891693
v 1.43634033203125 1.06404197216034 0.560361206531525
v 1.465665102005 1.06859540939331 0.579872846603394
v 1.46966898441315 1.05561256408691 0.585540652275085
v 1.47961223125458 1.03220415115356 0.590038001537323
v 1.48368728160858 1.01961779594421 0.586293399333954
v 1.48951506614685 1.02530598640442 0.583261728286743
v 1.48256194591522 1.03733539581299 0.587732255458832
v 1.5121910572052 1.03234350681305 0.543136954307556
v 1.50889098644257 1.02160692214966 0.528064370155334
v 1.50751173496246 1.04624199867249 0.522001206874847
v 1.51001691818237 1.05497074127197 0.537551760673523
v 1.49148869514465 0.995513498783112 0.519206345081329
v 1.47542834281921 0.997420370578766 0.509563446044922
v 1.48237061500549 1.01503527164459 0.50345104932785
v 1.4975198507309 1.01626908779144 0.514183878898621
v 1.43209540843964 0.976915895938873 0.538612723350525
v 1.42538821697235 0.982420980930328 0.528774380683899
v 1.44212424755096 0.980766594409943 0.523713707923889
v 1.4512642621994 0.976024150848389 0.533002495765686
v 1.42989349365234 1.00156319141388 0.513325750827789
v 1.41712021827698 1.00516283512115 0.514760375022888
v 1.41851556301117 1.01991271972656 0.513293206691742
v 1.42972588539124 1.01557815074921 0.513553023338318
v 1.44652891159058 1.06171715259552 0.563055574893951
v 1.45264625549316 1.0561740398407 0.581700444221497
v 1.46002018451691 1.05397295951843 0.582698822021484
v 1.45155954360962 1.0560497045517 0.566398501396179
v 1.51174092292786 1.01218628883362 0.54992800951004
v 1.50835704803467 0.996784448623657 0.533146560192108
v 1.4384948015213 0.999493002891541 0.5125412940979
v 1.43584585189819 1.01174354553223 0.514327526092529
v 1.43779909610748 1.01096284389496 0.514734447002411
v 1.44335198402405 1.00057423114777 0.511001229286194
v 1.44043660163879 1.03720211982727 0.532295346260071
v 1.44470357894897 1.04493749141693 0.549599826335907
v 1.44098377227783 1.04364609718323 0.550301730632782
v 1.43783462047577 1.03381419181824 0.533926904201508
v 1.45253753662109 1.05193889141083 0.567531764507294
v 1.46325445175171 1.05197620391846 0.582963347434998
v 1.46011781692505 1.05291485786438 0.58242255449295
v 1.44798648357391 1.05115139484406 0.567819654941559
v 1.50614297389984 0.999722957611084 0.556695640087128
v 1.5027984380722 1.01103866100311 0.567425906658173
v 1.49605071544647 1.00155198574066 0.570383191108704
v 1.49661660194397 0.991050004959106 0.560141921043396
v 1.47954177856445 0.983347773551941 0.523999512195587
v 1.46643996238708 0.986097753047943 0.51512199640274
v 1.43352270126343 1.03615641593933 0.532621681690216
v 1.43315243721008 1.02569258213043 0.520359933376312
v 1.43556308746338 1.02254819869995 0.521492302417755
v 1.47295236587524 1.04735159873962 0.588520169258118
v 1.43980574607849 0.974447131156921 0.549111247062683
v 1.44680976867676 0.975326120853424 0.560529470443726
v 1.42588531970978 0.978425443172455 0.565179646015167
v 1.41903352737427 0.977028489112854 0.553652226924896
v 1.4122109413147 0.980302512645721 0.54268616437912
v 1.40626096725464 0.987748384475708 0.532174408435822
v 1.4004077911377 1.0127991437912 0.51675820350647
v 1.40240085124969 1.02820825576782 0.514788091182709
v 1.40747439861298 1.04394495487213 0.517730951309204
v 1.41443300247192 1.05801832675934 0.525348544120789
v 1.42999923229218 1.04937469959259 0.52567458152771
v 1.42319655418396 1.03540778160095 0.516885995864868
v 1.43055820465088 1.07022798061371 0.558967769145966
v 1.43608403205872 1.06333959102631 0.577516913414001
v 1.45800936222076 1.04456377029419 0.591269195079803
v 1.44116044044495 1.05055665969849 0.590452015399933
v 1.44508290290833 0.988712310791016 0.513984024524689
v 1.4344254732132 0.989389061927795 0.516780436038971
v 1.49517345428467 1.11676299571991 0.521456182003021
v 1.49685049057007 1.11143922805786 0.507694125175476
v 1.4908607006073 1.13094782829285 0.501746773719788
v 1.48818421363831 1.13552927970886 0.514351904392242
v 1.48331141471863 1.14610171318054 0.483748078346252
v 1.48940229415894 1.12677097320557 0.488679379224777
v 1.42675280570984 1.1156325340271 0.522746860980988
v 1.42898464202881 1.10156834125519 0.532403945922852
v 1.42498159408569 1.15053284168243 0.512840628623962
v 1.43539988994598 1.04629790782928 0.548081278800964
v 1.43159103393555 1.05335664749146 0.543412625789642
v 1.48607409000397 1.00685691833496 0.580302894115448
v 1.47496867179871 1.0167111158371 0.589544355869293
v 1.47583973407745 1.00333607196808 0.583745360374451
v 1.50536417961121 1.02477443218231 0.563950657844543
v 1.50492346286774 1.04301464557648 0.559332549571991
v 1.49262630939484 1.05257058143616 0.570769846439362
v 1.49428176879883 1.03351187705994 0.57642525434494
v 1.48573923110962 0.984660625457764 0.562393426895142
v 1.48732876777649 0.994861006736755 0.573074758052826
v 1.47477889060974 0.991595387458801 0.576863706111908
v 1.4716089963913 0.981297850608826 0.566928744316101
v 1.43890929222107 1.05847382545471 0.541339576244354
v 1.44413042068481 1.05089211463928 0.546263694763184
v 1.44547259807587 1.02037513256073 0.598628044128418
v 1.46179449558258 1.01683521270752 0.594367742538452
v 1.46142578125 1.03099513053894 0.594926655292511
v 1.44550514221191 1.03514719009399 0.597044289112091
v 1.47226881980896 1.03028392791748 0.592255234718323
v 1.44255900382996 1.00690996646881 0.594832241535187
v 1.46081185340881 1.00370180606842 0.58961021900177
v 1.42290163040161 1.06825995445251 0.539074182510376
v 1.45278263092041 0.982064843177795 0.57240617275238
v 1.45763921737671 0.99249929189682 0.581657290458679
v 1.43777132034302 0.995729684829712 0.586589634418488
v 1.43183720111847 0.985215544700623 0.576855182647705
v 1.49414777755737 1.10634255409241 0.493634819984436
v 1.49733901023865 1.08539462089539 0.498340398073196
v 1.45945656299591 1.00071692466736 0.504628837108612
v 1.46468734741211 1.0149974822998 0.497454226016998
v 1.45314741134644 0.99183201789856 0.510470390319824
v 1.45917046070099 1.09559059143066 0.47005295753479
v 1.45851993560791 1.11547410488129 0.465330839157104
v 1.45575857162476 1.05491352081299 0.482480973005295
v 1.45803952217102 1.07523572444916 0.475768148899078
v 1.49819934368134 1.08428597450256 0.547157287597656
v 1.47583723068237 0.976830661296844 0.538543879985809
v 1.46614909172058 0.977896571159363 0.52841579914093
v 1.49126040935516 0.982965886592865 0.535027623176575
v 1.4015508890152 0.999081373214722 0.522877037525177
v 1.41988468170166 0.992106795310974 0.5202476978302
v 1.50571060180664 0.991560697555542 0.546428859233856
v 1.37861311435699 1.0090434551239 0.525724232196808
v 1.4829169511795 1.04665338993073 0.584176540374756
v 1.47312545776367 1.04432904720306 0.590041816234589
v 1.46767508983612 1.04389047622681 0.590786635875702
v 1.44673418998718 1.15869975090027 0.523215651512146
v 1.43092811107635 1.08777439594269 0.541999995708466
v 1.43019986152649 1.04340696334839 0.528757870197296
v 1.4324586391449 1.03321874141693 0.516466379165649
v 1.48249208927155 0.978804528713226 0.550189435482025
v 1.46666812896729 0.974990487098694 0.554892063140869
v 1.45970153808594 0.973856627941132 0.543227732181549
v 1.43792808055878 1.04337573051453 0.528511583805084
v 1.43294036388397 1.03012335300446 0.517789900302887
v 1.45649862289429 1.13487243652344 0.461236834526062
v 1.4367504119873 1.02518784999847 0.520170390605927
v 1.48012328147888 1.06284928321838 0.57872462272644
v 1.1071720123291 1.12594389915466 0.679438829421997
v 1.20978879928589 0.966883480548859 0.507110238075256
v 1.1658810377121 0.944107294082642 0.46654748916626
v 1.18142342567444 0.946776509284973 0.48070228099823
v 1.22661566734314 1.02364575862885 0.536141216754913
v 1.23005592823029 1.034743309021 0.541576743125916
v 1.24332320690155 1.06058192253113 0.554246366024017
v 1.25211703777313 1.06588625907898 0.556254267692566
v 1.21467912197113 1.00385344028473 0.503259360790253
v 1.14746725559235 1.3574937582016 0.549060344696045
v 1.14631998538971 1.35133075714111 0.553533852100372
v 1.1499730348587 1.37038028240204 0.545122981071472
v 1.06096923351288 0.80605137348175 0.400062680244446
v 1.14386367797852 1.34195756912231 0.543073534965515
v 1.14221286773682 1.33397841453552 0.547425627708435
v 1.14672434329987 1.33717632293701 0.54376083612442
v 1.14288663864136 1.3427791595459 0.541204273700714
v 1.14283192157745 1.34373223781586 0.540401518344879
v 1.14762830734253 1.37031877040863 0.534930944442749
v 1.1447342634201 1.34300696849823 0.556397020816803
v 1.14254999160767 1.33383798599243 0.556963562965393
v 1.14490985870361 1.35565638542175 0.532857000827789
v 1.11836302280426 0.789118528366089 0.633881568908691
v 1.09509432315826 0.788870215415955 0.636028349399567
v 1.0959347486496 0.771301209926605 0.642710626125336
v 1.12091708183289 0.77064847946167 0.639117002487183
v 1.09730923175812 0.752820670604706 0.650385797023773
v 1.20962333679199 0.716314733028412 0.616066038608551
v 1.22405636310577 0.718332290649414 0.59113609790802
v 1.22010910511017 0.740035355091095 0.588452756404877
v 1.20599114894867 0.738460600376129 0.611668348312378
v 1.22538006305695 0.75655061006546 0.562150657176971
v 1.21569514274597 0.758180499076843 0.5865119099617
v 1.22940516471863 0.739694118499756 0.561887145042419
v 1.23170566558838 0.73500657081604 0.534303724765778
v 1.22806370258331 0.752965092658997 0.534952878952026
v 1.22711968421936 0.726348996162415 0.508360743522644
v 1.22343313694 0.746258974075317 0.508824706077576
v 1.21644580364227 0.715645849704742 0.485917747020721
v 1.20043635368347 0.705507040023804 0.466497957706451
v 1.18035817146301 0.671571671962738 0.452175408601761
v 1.15494823455811 0.687122941017151 0.437632024288177
v 1.17942464351654 0.695718288421631 0.450856804847717
v 1.10659682750702 0.67696750164032 0.418848693370819
v 1.12978839874268 0.680133640766144 0.427435755729675
v 1.06539940834045 0.676565587520599 0.410229295492172
v 1.08497130870819 0.676099598407745 0.413368552923203
v 1.17681562900543 1.1488322019577 0.521041214466095
v 1.16976499557495 1.1998997926712 0.635394811630249
v 1.18005895614624 1.19465458393097 0.636031031608582
v 1.1871896982193 1.19985318183899 0.615052998065948
v 1.19573211669922 1.13712620735168 0.666417717933655
v 1.19811689853668 1.1557012796402 0.658008217811584
v 1.18076646327972 1.15074598789215 0.668473482131958
v 1.17817509174347 1.1334456205368 0.674615144729614
v 1.16034281253815 1.19149100780487 0.648374915122986
v 1.15392184257507 1.19457149505615 0.646803259849548
v 1.1679869890213 1.18658459186554 0.651431620121002
v 1.13833975791931 1.17183101177216 0.668093144893646
v 1.15341210365295 1.17847204208374 0.661855936050415
v 1.22550976276398 1.18475270271301 0.610822260379791
v 1.22444105148315 1.17137956619263 0.630996823310852
v 1.23472595214844 1.16904330253601 0.625960350036621
v 1.23743760585785 1.18234038352966 0.606945216655731
v 1.22086596488953 1.12107801437378 0.654712736606598
v 1.21900260448456 1.10520052909851 0.656266331672668
v 1.22940337657928 1.10612654685974 0.650425255298615
v 1.23094630241394 1.12132477760315 0.649015605449677
v 1.27916431427002 1.17107200622559 0.596754550933838
v 1.27424931526184 1.16084659099579 0.615607559680939
v 1.28931498527527 1.1544064283371 0.613342702388763
v 1.29344594478607 1.16328525543213 0.594831526279449
v 1.23198843002319 1.1369549036026 0.64477801322937
v 1.16784560680389 1.0232607126236 0.676070749759674
v 1.18605661392212 1.03158915042877 0.671709656715393
v 1.20055258274078 1.03963828086853 0.664196908473969
v 1.22810554504395 1.05976903438568 0.639275550842285
v 1.22135663032532 1.05530524253845 0.645809888839722
v 1.22463536262512 1.04427468776703 0.639892518520355
v 1.23670339584351 1.06205439567566 0.633612751960754
v 1.24640595912933 1.06246328353882 0.627062201499939
v 1.27127993106842 1.11732912063599 0.530202031135559
v 1.26034140586853 1.12103307247162 0.525574922561646
v 1.26828360557556 1.14403235912323 0.533617198467255
v 1.26745522022247 1.05693626403809 0.613029658794403
v 1.25585305690765 1.05867719650269 0.617041528224945
v 1.25483846664429 1.05398726463318 0.611747264862061
v 1.26667213439941 1.05304741859436 0.608433961868286
v 1.21501290798187 1.18741166591644 0.614230394363403
v 1.28557825088501 1.14098131656647 0.624179482460022
v 1.27060580253601 1.14643347263336 0.626291036605835
v 1.26878976821899 1.13113510608673 0.632066071033478
v 1.28298854827881 1.12660217285156 0.629808604717255
v 1.28013873100281 1.11383295059204 0.632725119590759
v 1.26647055149078 1.1173312664032 0.635714113712311
v 1.26399505138397 1.10472321510315 0.636624097824097
v 1.27698409557343 1.1020770072937 0.633315742015839
v 1.26939225196838 1.06173455715179 0.617841899394989
v 1.25680124759674 1.0645899772644 0.622372329235077
v 1.30585014820099 1.15438580513 0.568887889385223
v 1.25033485889435 1.18549466133118 0.577718138694763
v 1.24718809127808 1.17741119861603 0.552176594734192
v 1.23485493659973 1.18184351921082 0.555171012878418
v 1.23736524581909 1.18880975246429 0.581176042556763
v 1.26886010169983 1.05466783046722 0.565829038619995
v 1.26610350608826 1.06336677074432 0.558189690113068
v 1.27143788337708 1.04656553268433 0.573566257953644
v 1.25302362442017 1.04713416099548 0.600372791290283
v 1.27345073223114 1.04169166088104 0.581945717334747
v 1.27370917797089 1.09551250934601 0.532744288444519
v 1.28258609771729 1.1116259098053 0.532391846179962
v 1.24254989624023 1.15800797939301 0.533193528652191
v 1.23097372055054 1.16333222389221 0.535089433193207
v 1.306964635849 1.15417969226837 0.592830002307892
v 1.30338835716248 1.14562606811523 0.611347019672394
v 1.28039717674255 1.05191743373871 0.61111855506897
v 1.27942955493927 1.04741621017456 0.606862425804138
v 1.29175317287445 1.04273343086243 0.607417464256287
v 1.24596071243286 1.04387819766998 0.610424399375916
v 1.25408816337585 1.05030417442322 0.60666435956955
v 1.24963116645813 1.1800149679184 0.603238940238953
v 1.29892718791962 1.13254642486572 0.622467339038849
v 1.29478943347931 1.11919558048248 0.628046810626984
v 1.25368762016296 1.11974596977234 0.639506220817566
v 1.25528931617737 1.13407123088837 0.635773181915283
v 1.24323320388794 1.13593649864197 0.640149652957916
v 1.2420175075531 1.12084555625916 0.644286036491394
v 1.28975319862366 1.09725522994995 0.630958497524261
v 1.28794956207275 1.08546674251556 0.628781914710999
v 1.24040901660919 1.10653030872345 0.645350694656372
v 1.25176656246185 1.1060985326767 0.640638530254364
v 1.2820702791214 1.05712282657623 0.615893602371216
v 1.22038245201111 1.16679191589355 0.53845876455307
v 1.21700572967529 1.14646804332733 0.522648215293884
v 1.20534551143646 1.14763569831848 0.523099839687347
v 1.23857700824738 1.13473629951477 0.520994484424591
v 1.22758364677429 1.14169657230377 0.521600782871246
v 1.24979400634766 1.12615585327148 0.521792590618134
v 1.19226670265198 1.14798438549042 0.522374331951141
v 1.49461126327515 0.983716130256653 0.54837429523468
v 1.29169428348541 1.03786563873291 0.603249311447144
v 1.30569422245026 1.03361284732819 0.60441517829895
v 1.30420351028442 1.03922009468079 0.608226418495178
v 1.36750280857086 1.03291702270508 0.606171131134033
v 1.043328166008 1.26055693626404 0.461663722991943
v 1.04207897186279 1.265469789505 0.457928448915482
v 1.04113960266113 1.28519475460052 0.45242628455162
v 1.04130351543427 1.28890061378479 0.452269971370697
v 1.49300372600555 1.01281344890594 0.577330470085144
v 1.49725461006165 1.01880013942719 0.573873460292816
v 1.50221478939056 1.06345891952515 0.553361177444458
v 1.48562037944794 1.08994662761688 0.557018756866455
v 1.4895806312561 1.07140362262726 0.564535737037659
v 1.44465494155884 1.08112275600433 0.564589202404022
v 1.4338653087616 1.07397651672363 0.55177891254425
v 1.4322247505188 1.04594004154205 0.508787333965302
v 1.49928736686707 1.04004669189453 0.507811605930328
v 1.41929626464844 1.18481826782227 0.502037227153778
v 1.43037641048431 1.18958163261414 0.50565779209137
v 1.42188227176666 1.20416283607483 0.497673213481903
v 1.41182708740234 1.19872748851776 0.492815405130386
v 1.40493535995483 1.21192789077759 0.484525263309479
v 1.40170955657959 1.20793223381042 0.47533392906189
v 1.40703248977661 1.19393372535706 0.484086692333221
v 1.4036762714386 1.20579481124878 0.465636253356934
v 1.40762889385223 1.19072365760803 0.474496752023697
v 1.40872538089752 1.20448291301727 0.457071363925934
v 1.41568386554718 1.20464193820953 0.450847953557968
v 1.41803979873657 1.18777883052826 0.458151489496231
v 1.41166424751282 1.18838596343994 0.465402901172638
v 1.42858374118805 1.17038822174072 0.459463119506836
v 1.42643523216248 1.18906497955322 0.453193604946136
v 1.43597674369812 1.1912237405777 0.449975609779358
v 1.43867516517639 1.17150247097015 0.454335749149323
v 1.44917452335358 1.21718347072601 0.449746191501617
v 1.45371007919312 1.2200573682785 0.456066131591797
v 1.46025919914246 1.20136475563049 0.460230886936188
v 1.45508980751038 1.19765329360962 0.453156113624573
v 1.46743893623352 1.18922853469849 0.483859002590179
v 1.46886622905731 1.18540740013123 0.47378945350647
v 1.46169877052307 1.20486378669739 0.469386547803879
v 1.46063590049744 1.20814263820648 0.479261070489883
v 1.45554077625275 1.22528219223022 0.475983142852783
v 1.44869184494019 1.22635340690613 0.484543293714523
v 1.45579648017883 1.2100670337677 0.487831622362137
v 1.43413865566254 1.15589952468872 0.520306527614594
v 1.42674100399017 1.17050695419312 0.511308789253235
v 1.41909027099609 1.1651246547699 0.503077387809753
v 1.41466975212097 1.17172408103943 0.474389851093292
v 1.41797316074371 1.15545725822449 0.483472317457199
v 1.41629838943481 1.15970516204834 0.49330735206604
v 1.41181862354279 1.17501211166382 0.483813494443893
v 1.44321250915527 1.13319444656372 0.463562041521072
v 1.43092155456543 1.15192651748657 0.465390205383301
v 1.44119799137115 1.15240740776062 0.459132164716721
v 1.42055356502533 1.17038428783417 0.466085731983185
v 1.42326855659485 1.15284156799316 0.47395122051239
v 1.4502694606781 1.17375242710114 0.453409731388092
v 1.44631171226501 1.19412040710449 0.449819445610046
v 1.44284296035767 1.19189774990082 0.504987895488739
v 1.4544712305069 1.19268333911896 0.500721871852875
v 1.44554269313812 1.20992767810822 0.493901669979095
v 1.43408024311066 1.20818638801575 0.497403562068939
v 1.45315933227539 1.15442788600922 0.457292139530182
v 1.46309721469879 1.17562735080719 0.508176147937775
v 1.45172560214996 1.17562258243561 0.51297527551651
v 1.46338582038879 1.19145011901855 0.493445008993149
v 1.47130405902863 1.17330145835876 0.499713033437729
v 1.42620360851288 1.22183358669281 0.490987926721573
v 1.41403317451477 1.2175270318985 0.49027881026268
v 1.43869888782501 1.17370927333832 0.514565110206604
v 1.46024978160858 1.17744636535645 0.456913381814957
v 1.46687614917755 1.18158578872681 0.46424999833107
v 1.47284984588623 1.16183423995972 0.468541502952576
v 1.46468698978424 1.15774178504944 0.460824519395828
v 1.48330307006836 1.15018463134766 0.495270937681198
v 1.47622275352478 1.16531670093536 0.478622227907181
v 1.47543263435364 1.16942346096039 0.489237070083618
v 1.45572519302368 1.22263646125793 0.465152829885483
v 1.47971773147583 1.1549881696701 0.50660914182663
v 1.38338601589203 1.28129267692566 0.446004688739777
v 1.38497745990753 1.27178013324738 0.443035662174225
v 1.37369275093079 1.27252268791199 0.442787230014801
v 1.37278890609741 1.28189992904663 0.446581125259399
v 1.37316823005676 1.25050234794617 0.434655994176865
v 1.37019634246826 1.2396879196167 0.439696431159973
v 1.35849797725677 1.2453944683075 0.442157566547394
v 1.36109721660614 1.25476729869843 0.437634378671646
v 1.36398279666901 1.28161668777466 0.44973948597908
v 1.36462473869324 1.27291178703308 0.444907605648041
v 1.35935378074646 1.27860796451569 0.454470008611679
v 1.36041903495789 1.28811168670654 0.460941344499588
v 1.36252355575562 1.28953266143799 0.45407623052597
v 1.35944283008575 1.29617929458618 0.464341342449188
v 1.36646604537964 1.28433752059937 0.470446288585663
v 1.36529016494751 1.29668641090393 0.472288280725479
v 1.39201056957245 1.29009461402893 0.477465093135834
v 1.40248656272888 1.29216766357422 0.476349681615829
v 1.39701151847839 1.30571532249451 0.475735545158386
v 1.38627851009369 1.30292177200317 0.476662069559097
v 1.41645646095276 1.30541777610779 0.46834471821785
v 1.4065226316452 1.30668210983276 0.47272315621376
v 1.41106617450714 1.2927268743515 0.473763406276703
v 1.41990840435028 1.29222869873047 0.470179259777069
v 1.39923846721649 1.28164958953857 0.446393996477127
v 1.40321683883667 1.27216386795044 0.444213300943375
v 1.39603018760681 1.27156913280487 0.444350928068161
v 1.39306890964508 1.28098726272583 0.446717381477356
v 1.35122120380402 1.27124834060669 0.458696097135544
v 1.36076414585114 1.27116060256958 0.464908927679062
v 1.35958933830261 1.27723360061646 0.461458593606949
v 1.35165190696716 1.27350866794586 0.455159574747086
v 1.42288768291473 1.2535617351532 0.433344215154648
v 1.42628574371338 1.24185836315155 0.435535669326782
v 1.41791772842407 1.23900747299194 0.437229871749878
v 1.41619038581848 1.24991357326508 0.435216873884201
v 1.39086592197418 1.23191118240356 0.438715189695358
v 1.3999388217926 1.23052823543549 0.440651595592499
v 1.39395380020142 1.22318959236145 0.452980697154999
v 1.38641762733459 1.22649896144867 0.451767563819885
v 1.38120877742767 1.23496854305267 0.438401818275452
v 1.37858712673187 1.22991371154785 0.450999081134796
v 1.36871540546417 1.23541498184204 0.450868725776672
v 1.35724425315857 1.24199509620667 0.451199918985367
v 1.43661308288574 1.24555361270905 0.436548799276352
v 1.43616104125977 1.25454139709473 0.434057980775833
v 1.34155857563019 1.3420889377594 0.460862159729004
v 1.34581351280212 1.3452308177948 0.458283752202988
v 1.34792137145996 1.33991003036499 0.458029508590698
v 1.34365081787109 1.3367121219635 0.460734158754349
v 1.44633996486664 1.25868618488312 0.451229214668274
v 1.44416642189026 1.26018810272217 0.460878044366837
v 1.44687914848328 1.25299108028412 0.459833562374115
v 1.44699168205261 1.25130009651184 0.450080037117004
v 1.44546353816986 1.26829349994659 0.452097773551941
v 1.44108319282532 1.26897323131561 0.462177008390427
v 1.34210860729218 1.34387731552124 0.47408339381218
v 1.33947324752808 1.34145629405975 0.470047414302826
v 1.34246265888214 1.33637261390686 0.470615446567535
v 1.34547781944275 1.33878970146179 0.474545478820801
v 1.37004399299622 1.29034125804901 0.449225902557373
v 1.37963163852692 1.2901873588562 0.447810471057892
v 1.36582040786743 1.30905711650848 0.450774163007736
v 1.3745481967926 1.30017232894897 0.448636919260025
v 1.36553919315338 1.29791784286499 0.451292395591736
v 1.36098110675812 1.30515348911285 0.453587681055069
v 1.39534497261047 1.30173337459564 0.446753203868866
v 1.3995167016983 1.29172050952911 0.446817398071289
v 1.39143550395966 1.29234075546265 0.447913706302643
v 1.3872104883194 1.30273008346558 0.447582244873047
v 1.4110803604126 1.29384779930115 0.441753596067429
v 1.40762221813202 1.30361938476562 0.44247829914093
v 1.4138343334198 1.30495238304138 0.439337760210037
v 1.41640138626099 1.29613888263702 0.438876688480377
v 1.39517116546631 1.32108521461487 0.44688892364502
v 1.39231467247009 1.3300017118454 0.450329691171646
v 1.39765870571136 1.33087027072906 0.449537366628647
v 1.40054082870483 1.32208979129791 0.445621192455292
v 1.44942283630371 1.24676132202148 0.459949910640717
v 1.44837760925293 1.24391782283783 0.450400561094284
v 1.43425643444061 1.30376851558685 0.457837164402008
v 1.4396710395813 1.30144572257996 0.449313640594482
v 1.43932831287384 1.31200885772705 0.447343319654465
v 1.43365871906281 1.31389224529266 0.456221759319305
v 1.43781208992004 1.26076889038086 0.469270586967468
v 1.44141471385956 1.25403392314911 0.469292938709259
v 1.34663093090057 1.34737288951874 0.475604891777039
v 1.35005831718445 1.34224820137024 0.47620764374733
v 1.37193870544434 1.23894691467285 0.46161949634552
v 1.35938310623169 1.24515271186829 0.460598886013031
v 1.38185012340546 1.23385107517242 0.46245276927948
v 1.38834142684937 1.22991633415222 0.463631391525269
v 1.3927104473114 1.22459852695465 0.465721487998962
v 1.3769143819809 1.30740404129028 0.448443502187729
v 1.38874936103821 1.28782033920288 0.447647929191589
v 1.40383362770081 1.28187346458435 0.445251226425171
v 1.43059909343719 1.29004883766174 0.433043301105499
v 1.43328177928925 1.28243625164032 0.432602643966675
v 1.42323327064514 1.28156781196594 0.434078276157379
v 1.42312860488892 1.28924942016602 0.43493378162384
v 1.44018983840942 1.30016040802002 0.439836591482162
v 1.43464982509613 1.29981851577759 0.434885680675507
v 1.43279409408569 1.30884909629822 0.434927821159363
v 1.43867802619934 1.31003546714783 0.438802182674408
v 1.34860169887543 1.26736044883728 0.461992233991623
v 1.35930347442627 1.26355624198914 0.466083735227585
v 1.44427895545959 1.25683200359344 0.441354930400848
v 1.44400525093079 1.24849498271942 0.441829681396484
v 1.4441704750061 1.24090051651001 0.443456709384918
v 1.4102178812027 1.26118993759155 0.438923746347427
v 1.41157031059265 1.24786782264709 0.435759246349335
v 1.40510082244873 1.24628281593323 0.435265719890594
v 1.40544831752777 1.26066017150879 0.439471364021301
v 1.38615155220032 1.26086783409119 0.436963677406311
v 1.38570356369019 1.24748539924622 0.43351137638092
v 1.37400758266449 1.2626211643219 0.437401592731476
v 1.41052639484406 1.23536789417267 0.438119411468506
v 1.41992378234863 1.23062109947205 0.440482020378113
v 1.41151392459869 1.22686910629272 0.442086607217789
v 1.42887580394745 1.23432207107544 0.439176231622696
v 1.43745422363281 1.23802161216736 0.439906656742096
v 1.42198920249939 1.22119307518005 0.443431466817856
v 1.41351461410522 1.21792542934418 0.445989310741425
v 1.43114054203033 1.22513675689697 0.442611932754517
v 1.4391108751297 1.22900056838989 0.443664997816086
v 1.45030105113983 1.23811841011047 0.473706722259521
v 1.45238184928894 1.23642957210541 0.462365835905075
v 1.44567954540253 1.24713730812073 0.470800548791885
v 1.39872574806213 1.21629333496094 0.458718061447144
v 1.40267956256866 1.22431421279907 0.44661557674408
v 1.40549147129059 1.21706879138947 0.450722843408585
v 1.39669287204742 1.21783268451691 0.469285637140274
v 1.35307240486145 1.25748896598816 0.440136253833771
v 1.34582662582397 1.26057386398315 0.441604107618332
v 1.3489351272583 1.26765012741089 0.442905306816101
v 1.35586750507355 1.26568937301636 0.442310273647308
v 1.35793828964233 1.30407023429871 0.466537773609161
v 1.35739636421204 1.3036150932312 0.45933923125267
v 1.35984373092651 1.29643678665161 0.45699468255043
v 1.42458212375641 1.26420259475708 0.432443469762802
v 1.43628668785095 1.26482939720154 0.43301910161972
v 1.36960995197296 1.31386423110962 0.450732678174973
v 1.34917998313904 1.33247435092926 0.474489599466324
v 1.34593546390533 1.33017444610596 0.470280766487122
v 1.35170066356659 1.31916546821594 0.468928664922714
v 1.35504484176636 1.32179498672485 0.474022209644318
v 1.36957764625549 1.32388746738434 0.455542951822281
v 1.36559271812439 1.31930983066559 0.453500837087631
v 1.36158621311188 1.3262974023819 0.454739153385162
v 1.36520779132843 1.33049750328064 0.45811516046524
v 1.40455722808838 1.32993733882904 0.446184396743774
v 1.40719389915466 1.32275533676147 0.443296253681183
v 1.38020217418671 1.31529998779297 0.472280502319336
v 1.37082254886627 1.30943405628204 0.476427555084229
v 1.37504208087921 1.29892575740814 0.477413594722748
v 1.40196466445923 1.30248916149139 0.444924771785736
v 1.39851081371307 1.31199312210083 0.445207417011261
v 1.40404772758484 1.31316137313843 0.443550646305084
v 1.37798392772675 1.31166362762451 0.449420213699341
v 1.37363982200623 1.31680083274841 0.451426565647125
v 1.38000559806824 1.3170223236084 0.450395941734314
v 1.38421249389648 1.31008172035217 0.44836550951004
v 1.4415237903595 1.28989124298096 0.451420813798904
v 1.44203758239746 1.28830718994141 0.439091175794601
v 1.33937907218933 1.34078121185303 0.465312272310257
v 1.34178900718689 1.3356077671051 0.465613186359406
v 1.44956505298615 1.23390626907349 0.452384501695633
v 1.44509220123291 1.23181533813477 0.446531444787979
v 1.40540134906769 1.29224157333374 0.444661349058151
v 1.38014101982117 1.28688883781433 0.47649160027504
v 1.40857338905334 1.28229868412018 0.443127542734146
v 1.41722917556763 1.32500064373016 0.458793669939041
v 1.4202653169632 1.32635867595673 0.451637357473373
v 1.41496562957764 1.33227562904358 0.452490478754044
v 1.41458535194397 1.33235955238342 0.459176599979401
v 1.35992014408112 1.34021472930908 0.461087614297867
v 1.35576593875885 1.33702540397644 0.457290351390839
v 1.35278594493866 1.34365832805634 0.458810389041901
v 1.35648846626282 1.34653627872467 0.462679892778397
v 1.36191534996033 1.31501162052155 0.453542202711105
v 1.3577972650528 1.31167030334473 0.455860942602158
v 1.35360968112946 1.31943500041962 0.457627236843109
v 1.35747933387756 1.3224161863327 0.454745888710022
v 1.35538673400879 1.31058025360107 0.461412072181702
v 1.3513605594635 1.31835865974426 0.463102787733078
v 1.36149525642395 1.34190440177917 0.467611998319626
v 1.35923171043396 1.33987188339233 0.473840981721878
v 1.36559152603149 1.32993078231812 0.472556471824646
v 1.36681151390076 1.33239388465881 0.465386003255844
v 1.42344999313354 1.27959716320038 0.47174745798111
v 1.43129110336304 1.27976763248444 0.467439144849777
v 1.42845129966736 1.29234337806702 0.465366065502167
v 1.42600131034851 1.30502438545227 0.46322238445282
v 1.42248868942261 1.31633687019348 0.458971858024597
v 1.41310560703278 1.31729340553284 0.466864436864853
v 1.43555271625519 1.29169893264771 0.460258781909943
v 1.37647306919098 1.32502913475037 0.463538140058517
v 1.37192535400391 1.32230412960052 0.469830065965652
v 1.37932550907135 1.32466268539429 0.468791902065277
v 1.41519165039062 1.28385806083679 0.439426362514496
v 1.34507060050964 1.32940018177032 0.465010941028595
v 1.40062236785889 1.24162721633911 0.479138851165771
v 1.41154217720032 1.24723958969116 0.481865763664246
v 1.40833365917206 1.25599789619446 0.480037569999695
v 1.39633584022522 1.24822592735291 0.477022290229797
v 1.35122537612915 1.33342182636261 0.456884562969208
v 1.34699201583862 1.3306028842926 0.45956352353096
v 1.41368842124939 1.3248348236084 0.442540943622589
v 1.41016590595245 1.33083808422089 0.445545434951782
v 1.41408777236938 1.33272552490234 0.446838676929474
v 1.41838598251343 1.32860326766968 0.444272816181183
v 1.43801116943359 1.27966856956482 0.462273925542831
v 1.43877518177032 1.32034385204315 0.445469319820404
v 1.43420052528381 1.32089126110077 0.454827845096588
v 1.43462324142456 1.26898598670959 0.468945384025574
v 1.42666268348694 1.26847004890442 0.473686873912811
v 1.42915093898773 1.25982332229614 0.475127160549164
v 1.4003689289093 1.32040143013 0.468859434127808
v 1.4154851436615 1.27964949607849 0.474950790405273
v 1.41896891593933 1.26798629760742 0.476455092430115
v 1.42077922821045 1.25819945335388 0.478668540716171
v 1.42305827140808 1.25070118904114 0.480371475219727
v 1.43215012550354 1.25271677970886 0.476258456707001
v 1.35408163070679 1.33612537384033 0.47619754076004
v 1.35507810115814 1.34586441516876 0.474119752645493
v 1.43667817115784 1.24472987651825 0.478534638881683
v 1.44248425960541 1.23671078681946 0.481938183307648
v 1.43166387081146 1.23491823673248 0.485298275947571
v 1.42647981643677 1.24316787719727 0.482608795166016
v 1.41037511825562 1.26700460910797 0.478618383407593
v 1.40134572982788 1.26500058174133 0.479068756103516
v 1.40711772441864 1.27909660339355 0.477186352014542
v 1.39721417427063 1.27764439582825 0.478228628635406
v 1.39155161380768 1.31739771366119 0.474084824323654
v 1.34921050071716 1.35994935035706 0.469368994235992
v 1.35376918315887 1.35266256332397 0.468935072422028
v 1.353639960289 1.35215628147125 0.463470786809921
v 1.34951996803284 1.35975193977356 0.464615017175674
v 1.3574732542038 1.34749972820282 0.468538492918015
v 1.35148119926453 1.35096335411072 0.473903894424438
v 1.38494765758514 1.27404046058655 0.476519972085953
v 1.37661910057068 1.32397174835205 0.453855842351913
v 1.38761210441589 1.2582768201828 0.475227534770966
v 1.37116420269012 1.27219176292419 0.473120450973511
v 1.37152302265167 1.2605801820755 0.471598923206329
v 1.38689565658569 1.23978745937347 0.472099125385284
v 1.37810468673706 1.24516332149506 0.470083981752396
v 1.3970308303833 1.22914910316467 0.475332677364349
v 1.39264822006226 1.23494505882263 0.473414719104767
v 1.40033531188965 1.22173571586609 0.478782504796982
v 1.36535823345184 1.25087130069733 0.467758417129517
v 1.33870327472687 1.34957838058472 0.46039292216301
v 1.34323596954346 1.35282707214355 0.458448827266693
v 1.40424704551697 1.23493242263794 0.481560409069061
v 1.40817129611969 1.22735810279846 0.484963655471802
v 1.3636462688446 1.26456570625305 0.439862251281738
v 1.41622412204742 1.27347493171692 0.437608480453491
v 1.41133415699005 1.27269423007965 0.440930306911469
v 1.43518161773682 1.27456521987915 0.432662963867188
v 1.42368125915527 1.27385485172272 0.433082342147827
v 1.41983950138092 1.23197948932648 0.486998796463013
v 1.42402541637421 1.20721077919006 0.447304338216782
v 1.43343687057495 1.21032977104187 0.445914596319199
v 1.43811213970184 1.22469997406006 0.488852977752686
v 1.33593237400055 1.34839868545532 0.464575439691544
v 1.39370954036713 1.33417081832886 0.455777585506439
v 1.39630615711212 1.33382213115692 0.456526607275009
v 1.35001266002655 1.24980974197388 0.443667590618134
v 1.34284400939941 1.25539433956146 0.445026040077209
v 1.3415641784668 1.25660848617554 0.457304388284683
v 1.34108531475067 1.25438749790192 0.450803071260452
v 1.34827041625977 1.24775099754333 0.451220691204071
v 1.3495432138443 1.25043296813965 0.459190934896469
v 1.41374349594116 1.26202201843262 0.437573969364166
v 1.41809213161469 1.26359128952026 0.435411632061005
v 1.44372737407684 1.27869725227356 0.452386826276779
v 1.44382929801941 1.27725219726562 0.440769255161285
v 1.35579538345337 1.31110262870789 0.46789413690567
v 1.3629310131073 1.30594301223755 0.472920835018158
v 1.35998368263245 1.31341326236725 0.473184108734131
v 1.36076951026917 1.32534241676331 0.475719153881073
v 1.37458205223083 1.32604789733887 0.45943683385849
v 1.37080681324005 1.32637751102448 0.462453722953796
v 1.39652001857758 1.24625658988953 0.434192955493927
v 1.39733552932739 1.26038658618927 0.438673138618469
v 1.35799610614777 1.27220952510834 0.447295665740967
v 1.35200083255768 1.27282547950745 0.449016988277435
v 1.39168262481689 1.31035196781158 0.446970999240875
v 1.39326620101929 1.33022367954254 0.468628615140915
v 1.38693273067474 1.32651400566101 0.472803473472595
v 1.3880512714386 1.31828188896179 0.448514938354492
v 1.3380491733551 1.35153841972351 0.473186552524567
v 1.33551740646362 1.3492066860199 0.469037681818008
v 1.36615967750549 1.31731784343719 0.475303918123245
v 1.41079151630402 1.3142911195755 0.4407599568367
v 1.40043699741364 1.32879519462585 0.464559316635132
v 1.39448726177216 1.33333730697632 0.462714612483978
v 1.43698871135712 1.31698679924011 0.438982963562012
v 1.4151519536972 1.23992037773132 0.484049737453461
v 1.35076296329498 1.3492614030838 0.459028601646423
v 1.34777820110321 1.35685467720032 0.459583669900894
v 1.34711742401123 1.35802042484283 0.47313180565834
v 1.34270083904266 1.35464143753052 0.474800586700439
v 1.44475591182709 1.26688623428345 0.441192448139191
v 1.4074227809906 1.27237522602081 0.443051218986511
v 1.44233918190002 1.21409606933594 0.446850299835205
v 1.3539514541626 1.2557247877121 0.465244859457016
v 1.34449672698975 1.26152658462524 0.46210440993309
v 1.38502943515778 1.3257884979248 0.450577437877655
v 1.42614018917084 1.3229615688324 0.454930305480957
v 1.41096425056458 1.32581567764282 0.466005384922028
v 1.40952277183533 1.33255612850189 0.465822964906693
v 1.40159606933594 1.33339512348175 0.465764045715332
v 1.39779686927795 1.33536458015442 0.461555302143097
v 1.34401404857635 1.36382985115051 0.472970396280289
v 1.33951306343079 1.36073899269104 0.474569976329803
v 1.33472645282745 1.35799384117126 0.473084479570389
v 1.33268237113953 1.35541188716888 0.468884468078613
v 1.33372449874878 1.35416793823242 0.464522659778595
v 1.34608829021454 1.36551702022552 0.469511300325394
v 1.34649586677551 1.36499738693237 0.464966505765915
v 1.34500193595886 1.36196160316467 0.460220456123352
v 1.34368109703064 1.37044477462769 0.469184190034866
v 1.34089136123657 1.36984515190125 0.472685277462006
v 1.32804107666016 1.36925983428955 0.471421033143997
v 1.33149170875549 1.36472034454346 0.473059207201004
v 1.33210444450378 1.36866629123688 0.473455756902695
v 1.3300461769104 1.37170791625977 0.473040610551834
v 1.32850098609924 1.37557578086853 0.472440779209137
v 1.32668352127075 1.37369966506958 0.470168381929398
v 1.3354606628418 1.36925506591797 0.473941087722778
v 1.33383166790009 1.37332928180695 0.473798334598541
v 1.33730316162109 1.37495183944702 0.472486138343811
v 1.33560836315155 1.37908518314362 0.472285956144333
v 1.33213925361633 1.37769103050232 0.473567306995392
v 1.33809089660645 1.3712831735611 0.473075479269028
v 1.33704435825348 1.36576342582703 0.474307775497437
v 1.32678294181824 1.37828922271729 0.469763040542603
v 1.32781910896301 1.37865126132965 0.472119837999344
v 1.33037745952606 1.38125741481781 0.472824186086655
v 1.32968950271606 1.38227605819702 0.470012724399567
v 1.33048391342163 1.36062324047089 0.46875724196434
v 1.32804441452026 1.36703681945801 0.468017637729645
v 1.32687532901764 1.37276971340179 0.467053383588791
v 1.32717931270599 1.37777328491211 0.466686964035034
v 1.32922720909119 1.36690497398376 0.464393764734268
v 1.32846927642822 1.37294244766235 0.464256256818771
v 1.32894146442413 1.37720799446106 0.464208215475082
v 1.33167445659637 1.36853647232056 0.461468726396561
v 1.33055996894836 1.37413644790649 0.462292611598969
v 1.33438956737518 1.36041355133057 0.46101501584053
v 1.33164691925049 1.35928201675415 0.464535623788834
v 1.33038401603699 1.37699818611145 0.463042855262756
v 1.33027398586273 1.38158738613129 0.466901153326035
v 1.33989107608795 1.37529766559601 0.470881819725037
v 1.33761346340179 1.37983155250549 0.470240414142609
v 1.34126949310303 1.37560677528381 0.468287587165833
v 1.33853578567505 1.38004624843597 0.467602580785751
v 1.33433902263641 1.38318502902985 0.470089495182037
v 1.33367908000946 1.38224041461945 0.472307145595551
v 1.33675026893616 1.35494613647461 0.460531234741211
v 1.3412344455719 1.35821318626404 0.459059804677963
v 1.33877396583557 1.36345720291138 0.459314256906509
v 1.3358246088028 1.37099146842957 0.459736257791519
v 1.34260964393616 1.36669445037842 0.460747599601746
v 1.34407806396484 1.36972832679749 0.464949488639832
v 1.34127748012543 1.37503242492676 0.465036362409592
v 1.33979320526123 1.37335455417633 0.461499601602554
v 1.33833479881287 1.37914156913757 0.464820772409439
v 1.33683359622955 1.37781655788422 0.462513476610184
v 1.33368492126465 1.37603461742401 0.461590766906738
v 1.33500695228577 1.38121354579926 0.464720338582993
v 1.33482933044434 1.3826048374176 0.467241197824478
v 1.33138704299927 1.3802125453949 0.464641064405441
v 1.33476340770721 1.37960886955261 0.463332056999207
v 1.33243656158447 1.37848472595215 0.463111519813538
v 1.36696875095367 1.36289358139038 0.457693010568619
v 1.37158930301666 1.36504375934601 0.45552584528923
v 1.37370276451111 1.3578177690506 0.455760926008224
v 1.36913311481476 1.35583364963531 0.457914888858795
v 1.36641073226929 1.36208033561707 0.471013247966766
v 1.36353778839111 1.36116516590118 0.465789645910263
v 1.36588072776794 1.35461735725403 0.466664403676987
v 1.36900663375854 1.35563969612122 0.47174072265625
v 1.3725038766861 1.36420083045959 0.472544461488724
v 1.37535762786865 1.35792374610901 0.473249405622482
v 1.37163352966309 1.34791481494904 0.47191122174263
v 1.36859607696533 1.34699606895447 0.466574817895889
v 1.37383425235748 1.33414280414581 0.464426547288895
v 1.37604832649231 1.33463382720947 0.470203131437302
v 1.38680291175842 1.33844137191772 0.452585190534592
v 1.38990104198456 1.34115898609161 0.456510484218597
v 1.36404359340668 1.36171531677246 0.461074650287628
v 1.36637735366821 1.35490143299103 0.46160614490509
v 1.38462805747986 1.35392415523529 0.458672493696213
v 1.3810703754425 1.35203742980957 0.455047398805618
v 1.37825608253479 1.360107421875 0.456336289644241
v 1.38181722164154 1.3620023727417 0.459492474794388
v 1.37606465816498 1.33364808559418 0.455109506845474
v 1.381462931633 1.33545792102814 0.452397346496582
v 1.37387180328369 1.33379650115967 0.459514558315277
v 1.38647210597992 1.35483467578888 0.464204967021942
v 1.38454043865204 1.35358798503876 0.470004200935364
v 1.38911068439484 1.34041476249695 0.469650208950043
v 1.39114773273468 1.34217929840088 0.463276654481888
v 1.36905431747437 1.34701144695282 0.461267590522766
v 1.37630009651184 1.34946966171265 0.454495221376419
v 1.37161481380463 1.34771203994751 0.456909239292145
v 1.37830424308777 1.35026407241821 0.473325699567795
v 1.38149523735046 1.36114144325256 0.469639539718628
v 1.37637042999268 1.37748074531555 0.464896470308304
v 1.38035035133362 1.36904203891754 0.464590609073639
v 1.37962985038757 1.36899757385254 0.459686011075974
v 1.37617242336273 1.37795901298523 0.460245192050934
v 1.38326418399811 1.36242389678955 0.464338302612305
v 1.37837934494019 1.36736154556274 0.469545900821686
v 1.36376106739044 1.37308394908905 0.457361876964569
v 1.3684937953949 1.37527942657471 0.455655366182327
v 1.3608660697937 1.37161874771118 0.460532456636429
v 1.38287043571472 1.33708298206329 0.473285853862762
v 1.36287653446198 1.37129175662994 0.470038384199142
v 1.36043560504913 1.3708815574646 0.464792668819427
v 1.37619614601135 1.36737596988678 0.45617538690567
v 1.37315666675568 1.37704181671143 0.456388086080551
v 1.3741500377655 1.37587559223175 0.469367563724518
v 1.36874341964722 1.37290740013123 0.47186553478241
v 1.37100124359131 1.38301181793213 0.468789786100388
v 1.36589169502258 1.38055074214935 0.471049427986145
v 1.36034071445465 1.37900173664093 0.469587802886963
v 1.35840082168579 1.3779388666153 0.464502692222595
v 1.35924565792084 1.37803590297699 0.460586190223694
v 1.37325966358185 1.38434767723083 0.464956283569336
v 1.37331867218018 1.38427984714508 0.460831820964813
v 1.37112307548523 1.38278961181641 0.456975221633911
v 1.37087464332581 1.3910436630249 0.464846193790436
v 1.36836886405945 1.3907630443573 0.468523323535919
v 1.35409832000732 1.39792239665985 0.46732833981514
v 1.35527920722961 1.39227163791656 0.46812641620636
v 1.35770010948181 1.39419627189636 0.469656407833099
v 1.35598933696747 1.3990421295166 0.469768643379211
v 1.35813343524933 1.38688611984253 0.469560891389847
v 1.35944473743439 1.39091050624847 0.470105469226837
v 1.36264872550964 1.39174032211304 0.470324099063873
v 1.36149680614471 1.39598751068115 0.470596700906754
v 1.3650209903717 1.39715385437012 0.468790084123611
v 1.36377239227295 1.40196073055267 0.469128966331482
v 1.35993611812592 1.40108013153076 0.471177369356155
v 1.36557960510254 1.39317798614502 0.46919047832489
v 1.35542345046997 1.40300095081329 0.469838619232178
v 1.35493659973145 1.40319550037384 0.467314064502716
v 1.36387968063354 1.38743340969086 0.470772981643677
v 1.35654354095459 1.38410711288452 0.464872390031815
v 1.35461282730103 1.39081692695618 0.464505165815353
v 1.35427486896515 1.39734697341919 0.463989526033401
v 1.35565412044525 1.40283215045929 0.463970154523849
v 1.35592436790466 1.39096248149872 0.460639148950577
v 1.3555896282196 1.39755487442017 0.460840612649918
v 1.3568913936615 1.40218782424927 0.46152263879776
v 1.35876619815826 1.39204835891724 0.457439690828323
v 1.35792100429535 1.39844250679016 0.458656489849091
v 1.36083483695984 1.38400912284851 0.457532972097397
v 1.35776019096375 1.38333976268768 0.460741877555847
v 1.35819959640503 1.40153586864471 0.460053771734238
v 1.35819554328918 1.40702998638153 0.468142598867416
v 1.35873591899872 1.4063515663147 0.464791923761368
v 1.35822629928589 1.40591216087341 0.471340417861938
v 1.36691951751709 1.39720106124878 0.466817885637283
v 1.36531281471252 1.40229845046997 0.46681022644043
v 1.36871743202209 1.39739799499512 0.464735358953476
v 1.36656415462494 1.4028400182724 0.464827388525009
v 1.36283099651337 1.40652918815613 0.467702299356461
v 1.36220335960388 1.40568268299103 0.469773471355438
v 1.36218810081482 1.37899112701416 0.457610696554184
v 1.36673331260681 1.38081097602844 0.456069082021713
v 1.36532211303711 1.38585674762726 0.455763936042786
v 1.36323285102844 1.39391899108887 0.455937415361404
v 1.36956810951233 1.38767218589783 0.457016676664352
v 1.37129044532776 1.39009118080139 0.460986405611038
v 1.36891758441925 1.39677810668945 0.461358338594437
v 1.36723792552948 1.39549505710602 0.457715302705765
v 1.36636829376221 1.40210914611816 0.461944550275803
v 1.36494469642639 1.40092575550079 0.458971410989761
v 1.36159479618073 1.399658203125 0.457685500383377
v 1.36333799362183 1.40513253211975 0.462193042039871
v 1.36335074901581 1.40652072429657 0.465003818273544
v 1.35958361625671 1.40472006797791 0.461917906999588
v 1.36299741268158 1.40351617336273 0.460099548101425
v 1.36047637462616 1.40281546115875 0.459838777780533
v 1.39388453960419 1.36363506317139 0.453793376684189
v 1.39798808097839 1.3641585111618 0.450083881616592
v 1.3992303609848 1.35801088809967 0.45041212439537
v 1.39495658874512 1.35774195194244 0.453943759202957
v 1.39618635177612 1.3644278049469 0.465204656124115
v 1.39351284503937 1.36414873600006 0.462594270706177
v 1.39430463314056 1.35783219337463 0.463006645441055
v 1.397292137146 1.35750031471252 0.466231644153595
v 1.40134418010712 1.36538541316986 0.465634405612946
v 1.40315222740173 1.35816049575806 0.466335982084274
v 1.39847469329834 1.35067009925842 0.466560304164886
v 1.39504599571228 1.35133183002472 0.462696582078934
v 1.39710664749146 1.34124875068665 0.461420208215714
v 1.40050613880157 1.34060716629028 0.466175198554993
v 1.39266061782837 1.36398601531982 0.458491951227188
v 1.39355397224426 1.35788536071777 0.458647787570953
v 1.40849912166595 1.35236728191376 0.450183808803558
v 1.40505957603455 1.35148751735687 0.448283970355988
v 1.40378630161285 1.35879004001617 0.449525356292725
v 1.40699326992035 1.35960054397583 0.451341271400452
v 1.39831590652466 1.33896052837372 0.451092958450317
v 1.40287089347839 1.33842957019806 0.447712302207947
v 1.39660930633545 1.3404426574707 0.455938369035721
v 1.41082656383514 1.35315322875977 0.455330729484558
v 1.41027188301086 1.35252261161804 0.462052553892136
v 1.4126923084259 1.34140312671661 0.460631787776947
v 1.41269934177399 1.34117317199707 0.453756541013718
v 1.39427316188812 1.35149526596069 0.45776441693306
v 1.40020728111267 1.35094046592712 0.449014127254486
v 1.39579629898071 1.35095524787903 0.452784299850464
v 1.40494883060455 1.35101866722107 0.466495186090469
v 1.40836453437805 1.35943198204041 0.46214634180069
v 1.404780626297 1.37685918807983 0.456725805997849
v 1.40768098831177 1.36669814586639 0.456194698810577
v 1.40607190132141 1.36620736122131 0.451284915208817
v 1.40387618541718 1.37652063369751 0.452247142791748
v 1.40934348106384 1.3601461648941 0.45592188835144
v 1.40623009204865 1.3664962053299 0.462030738592148
v 1.39234209060669 1.37313723564148 0.453122675418854
v 1.39634191989899 1.37386155128479 0.450063049793243
v 1.39104175567627 1.37337684631348 0.457478523254395
v 1.40748357772827 1.34078407287598 0.46629536151886
v 1.41105914115906 1.34022283554077 0.44815257191658
v 1.39383554458618 1.37437927722931 0.464023977518082
v 1.39149498939514 1.37383031845093 0.461456537246704
v 1.40280079841614 1.36509263515472 0.449055373668671
v 1.40095591545105 1.37510061264038 0.449492007493973
v 1.4032506942749 1.37647891044617 0.461739540100098
v 1.39864826202393 1.37515664100647 0.464905261993408
v 1.40151059627533 1.38330316543579 0.461537331342697
v 1.3968790769577 1.38208198547363 0.464320570230484
v 1.3921183347702 1.38146114349365 0.463741958141327
v 1.39006388187408 1.38055634498596 0.460700631141663
v 1.39005291461945 1.37967944145203 0.456859707832336
v 1.40288984775543 1.38380014896393 0.456838071346283
v 1.40208089351654 1.38309109210968 0.45300030708313
v 1.39956092834473 1.38097071647644 0.450096398591995
v 1.40187430381775 1.38891267776489 0.45670223236084
v 1.39987170696259 1.38937401771545 0.461176872253418
v 1.3872184753418 1.3986828327179 0.462055325508118
v 1.38811659812927 1.39370512962341 0.46231284737587
v 1.3902770280838 1.39463102817535 0.462885320186615
v 1.38921666145325 1.39917182922363 0.46330788731575
v 1.3906774520874 1.38814377784729 0.463444530963898
v 1.39164590835571 1.39123833179474 0.463454812765121
v 1.39487159252167 1.39121854305267 0.463588714599609
v 1.39399039745331 1.39549791812897 0.463764429092407
v 1.39751887321472 1.39531433582306 0.461203426122665
v 1.39658522605896 1.39974451065063 0.461286097764969
v 1.39296400547028 1.40003561973572 0.463803797960281
v 1.39777874946594 1.3919038772583 0.46219527721405
v 1.38910913467407 1.4023562669754 0.4633429646492
v 1.3878710269928 1.40280222892761 0.461832851171494
v 1.39565420150757 1.38759076595306 0.46392148733139
v 1.38854455947876 1.38609719276428 0.460206061601639
v 1.38688015937805 1.39212453365326 0.459556549787521
v 1.38626420497894 1.39794921875 0.459199517965317
v 1.38754725456238 1.40197741985321 0.458755850791931
v 1.38748025894165 1.39105606079102 0.455966472625732
v 1.3869823217392 1.39683818817139 0.455824702978134
v 1.38815879821777 1.40042901039124 0.455725312232971
v 1.389519572258 1.39047133922577 0.452727317810059
v 1.38884305953979 1.3962767124176 0.453184932470322
v 1.39092576503754 1.38401019573212 0.453037112951279
v 1.38893795013428 1.38473284244537 0.456389307975769
v 1.38920307159424 1.39915955066681 0.454015076160431
v 1.3914999961853 1.4048125743866 0.461185455322266
v 1.39142465591431 1.40410339832306 0.457824736833572
v 1.39208519458771 1.4037252664566 0.463549882173538
v 1.39942836761475 1.39480113983154 0.459238201379776
v 1.39803767204285 1.39949536323547 0.45901620388031
v 1.40017521381378 1.3942346572876 0.45618724822998
v 1.39836049079895 1.39927959442139 0.456353068351746
v 1.39580571651459 1.40320372581482 0.459772258996964
v 1.39530992507935 1.40280854701996 0.461692988872528
v 1.3917281627655 1.37912797927856 0.453188449144363
v 1.39539241790771 1.37938070297241 0.450555890798569
v 1.39434826374054 1.38416421413422 0.450608104467392
v 1.39296805858612 1.39103484153748 0.450460255146027
v 1.3983541727066 1.38549947738647 0.450196892023087
v 1.40077817440033 1.38773584365845 0.453009933233261
v 1.399334192276 1.39335739612579 0.453097432851791
v 1.39698266983032 1.39202117919922 0.450511187314987
v 1.39758718013763 1.39844334125519 0.453672081232071
v 1.39557957649231 1.3974906206131 0.451501846313477
v 1.39198279380798 1.39674365520477 0.451450645923615
v 1.39515829086304 1.40160799026489 0.454454004764557
v 1.39580810070038 1.40277111530304 0.456992596387863
v 1.39141929149628 1.4022022485733 0.455080687999725
v 1.39433062076569 1.40008950233459 0.452769696712494
v 1.39152503013611 1.39998281002045 0.453201293945312
v 1.40768766403198 1.33883571624756 0.447013467550278
v 1.42737317085266 1.35186195373535 0.442227810621262
v 1.43008506298065 1.35102605819702 0.439290106296539
v 1.42953705787659 1.34622883796692 0.439828157424927
v 1.42699468135834 1.34694242477417 0.442664712667465
v 1.43074882030487 1.35369145870209 0.452255129814148
v 1.42725920677185 1.35358691215515 0.45000496506691
v 1.42657887935638 1.34825134277344 0.4507677257061
v 1.43029463291168 1.34816682338715 0.453461796045303
v 1.43606233596802 1.3530957698822 0.450902014970779
v 1.43595325946808 1.34749567508698 0.452170103788376
v 1.42922973632812 1.34170818328857 0.453793406486511
v 1.42534708976746 1.34212756156921 0.450841784477234
v 1.42393851280212 1.33238327503204 0.450618594884872
v 1.42769026756287 1.33105111122131 0.454268276691437
v 1.43580198287964 1.32267487049103 0.438590466976166
v 1.43141460418701 1.32221078872681 0.437146335840225
v 1.43169522285461 1.33015155792236 0.437205523252487
v 1.43600749969482 1.32968974113464 0.438025921583176
v 1.42642426490784 1.35281014442444 0.446134477853775
v 1.42568933963776 1.34777116775513 0.446604788303375
v 1.43643021583557 1.3399384021759 0.438301265239716
v 1.43233239650726 1.34038019180298 0.437739193439484
v 1.43305230140686 1.34580743312836 0.438234865665436
v 1.43684697151184 1.34568667411804 0.438585460186005
v 1.42657542228699 1.32314515113831 0.437588274478912
v 1.42195796966553 1.32488322257996 0.440031290054321
v 1.42425787448883 1.33137238025665 0.441620439291
v 1.42761898040771 1.3309326171875 0.438446521759033
v 1.42316555976868 1.33237326145172 0.445408761501312
v 1.43923854827881 1.33983039855957 0.441677540540695
v 1.43911552429199 1.34037160873413 0.447373747825623
v 1.43904054164886 1.32910227775574 0.447262585163116
v 1.43864524364471 1.32948553562164 0.441511750221252
v 1.42475628852844 1.34207773208618 0.44637656211853
v 1.42858219146729 1.34084904193878 0.439297705888748
v 1.42568945884705 1.34146595001221 0.442481011152267
v 1.43525314331055 1.34083592891693 0.452851444482803
v 1.4393937587738 1.34681224822998 0.44709724187851
v 1.44011080265045 1.35823798179626 0.440301120281219
v 1.44006371498108 1.35110080242157 0.441141724586487
v 1.43774724006653 1.35052609443665 0.43784373998642
v 1.43828701972961 1.35744035243988 0.437240898609161
v 1.43954086303711 1.34600424766541 0.441723853349686
v 1.43961942195892 1.35216641426086 0.446195870637894
v 1.42759025096893 1.35877776145935 0.441463500261307
v 1.43045055866241 1.35758113861084 0.43843612074852
v 1.4268057346344 1.35973966121674 0.445137590169907
v 1.43445038795471 1.32964682579041 0.454252064228058
v 1.43076968193054 1.36078667640686 0.450845658779144
v 1.42760181427002 1.36062526702881 0.448551863431931
v 1.4337557554245 1.35055828094482 0.437608271837234
v 1.43450665473938 1.3572188615799 0.436862945556641
v 1.43955039978027 1.35932922363281 0.445069640874863
v 1.43582224845886 1.36011517047882 0.449602842330933
v 1.43958067893982 1.36522161960602 0.444331169128418
v 1.43589663505554 1.36589562892914 0.448883593082428
v 1.43071174621582 1.36631417274475 0.449877113103867
v 1.42759799957275 1.36565899848938 0.447872638702393
v 1.42699360847473 1.36433589458466 0.444505482912064
v 1.44012486934662 1.36409676074982 0.439666748046875
v 1.43813097476959 1.36294806003571 0.437131464481354
v 1.43462193012238 1.36208736896515 0.43689888715744
v 1.43949365615845 1.36891889572144 0.439696431159973
v 1.43891429901123 1.37076056003571 0.444293975830078
v 1.42863869667053 1.38052725791931 0.446564137935638
v 1.42880976200104 1.37642657756805 0.447458416223526
v 1.43107509613037 1.3769246339798 0.447681874036789
v 1.43058943748474 1.38051974773407 0.44755095243454
v 1.4305727481842 1.37160897254944 0.448749154806137
v 1.43228268623352 1.37354373931885 0.448476105928421
v 1.4353643655777 1.37278234958649 0.447766780853271
v 1.43461656570435 1.37667441368103 0.447768479585648
v 1.43806672096252 1.37578773498535 0.444850146770477
v 1.43718671798706 1.38018989562988 0.44447660446167
v 1.4343683719635 1.38062655925751 0.447698146104813
v 1.43754851818085 1.37334537506104 0.445925831794739
v 1.43087100982666 1.38326823711395 0.447605848312378
v 1.42969381809235 1.38390028476715 0.446169555187225
v 1.43545126914978 1.37028062343597 0.448181807994843
v 1.42778241634369 1.3702118396759 0.447049736976624
v 1.42723846435547 1.37556791305542 0.446021109819412
v 1.42746233940125 1.38046789169312 0.444825768470764
v 1.42914187908173 1.38360953330994 0.443639099597931
v 1.42712116241455 1.37401187419891 0.443573892116547
v 1.42745661735535 1.37930107116699 0.442549079656601
v 1.42916738986969 1.38222813606262 0.441506445407867
v 1.42821824550629 1.37248432636261 0.440710991621017
v 1.4284999370575 1.37790238857269 0.440282940864563
v 1.42831254005432 1.36700582504272 0.440901279449463
v 1.42717456817627 1.36864995956421 0.444192111492157
v 1.42929649353027 1.38080787658691 0.440225660800934
v 1.43320536613464 1.38500285148621 0.444666385650635
v 1.43219697475433 1.38439238071442 0.442157089710236
v 1.43421196937561 1.38397252559662 0.447134852409363
v 1.43883645534515 1.37541222572327 0.4424968957901
v 1.43796873092651 1.38011193275452 0.441909730434418
v 1.43871676921844 1.37396883964539 0.439410507678986
v 1.43725156784058 1.37938117980957 0.439267605543137
v 1.43624639511108 1.38338553905487 0.442728340625763
v 1.43661677837372 1.38298869132996 0.444766342639923
v 1.427983045578 1.36310386657715 0.441124796867371
v 1.43083584308624 1.36212265491486 0.438305377960205
v 1.43091511726379 1.3660534620285 0.438073933124542
v 1.43062520027161 1.37151789665222 0.437973618507385
v 1.43448734283447 1.36627411842346 0.436666041612625
v 1.43770575523376 1.36733150482178 0.437170505523682
v 1.43702077865601 1.37301528453827 0.437200486660004
v 1.43397188186646 1.37197351455688 0.436419516801834
v 1.43555545806885 1.37844181060791 0.437778949737549
v 1.43313956260681 1.37764465808868 0.437173932790756
v 1.4304586648941 1.37728691101074 0.438308596611023
v 1.43352890014648 1.38179969787598 0.439120888710022
v 1.43500423431396 1.38295948505402 0.440521746873856
v 1.43131709098816 1.38286352157593 0.440444886684418
v 1.43238401412964 1.3805764913559 0.438426166772842
v 1.43074119091034 1.38093674182892 0.439299702644348
v 1.43812227249146 1.3234715461731 0.441470980644226
v 1.33885145187378 1.27297306060791 0.460500121116638
v 1.34166550636292 1.2767448425293 0.457518041133881
v 1.34048819541931 1.27138257026672 0.442407667636871
v 1.34261798858643 1.2762154340744 0.446658968925476
v 1.33722591400146 1.26556658744812 0.442049264907837
v 1.33233392238617 1.2606874704361 0.449975669384003
v 1.33408880233765 1.26219069957733 0.445261240005493
v 1.34289920330048 1.27814531326294 0.452775180339813
v 1.33522152900696 1.26759767532349 0.460845559835434
v 1.33249497413635 1.26234769821167 0.456312417984009
v 1.32661151885986 1.27318203449249 0.46013993024826
v 1.32347536087036 1.26813435554504 0.455547779798508
v 1.32321584224701 1.26589214801788 0.448749721050262
v 1.32650983333588 1.26690566539764 0.443872511386871
v 1.33062672615051 1.26968359947205 0.441002160310745
v 1.33110117912292 1.2778981924057 0.460228830575943
v 1.33509492874146 1.28104162216187 0.457179576158524
v 1.33701372146606 1.28163194656372 0.451395750045776
v 1.32375848293304 1.28256976604462 0.45964053273201
v 1.31699454784393 1.28043019771576 0.459405422210693
v 1.30578410625458 1.27921557426453 0.446523785591125
v 1.3098818063736 1.27604639530182 0.446384131908417
v 1.30836760997772 1.27671837806702 0.450237423181534
v 1.30471110343933 1.2785165309906 0.450380057096481
v 1.31455516815186 1.27273428440094 0.448115587234497
v 1.31105089187622 1.27545511722565 0.451019763946533
v 1.31139075756073 1.27746427059174 0.455226868391037
v 1.30826604366302 1.27859926223755 0.455607891082764
v 1.31225919723511 1.2803099155426 0.45831224322319
v 1.30988073348999 1.2822972536087 0.459352076053619
v 1.30446445941925 1.28018093109131 0.455731272697449
v 1.30173146724701 1.28073608875275 0.451050609350204
v 1.30141627788544 1.28260445594788 0.455013632774353
v 1.30208444595337 1.2824615240097 0.448288857936859
v 1.31555986404419 1.27536702156067 0.454839408397675
v 1.31916415691376 1.2716338634491 0.442923009395599
v 1.31269955635071 1.27651071548462 0.44275239109993
v 1.30768036842346 1.28111600875854 0.443682551383972
v 1.30447006225586 1.285200715065 0.446187645196915
v 1.31671547889709 1.27947688102722 0.440212219953537
v 1.31113421916962 1.28434038162231 0.442561209201813
v 1.30808401107788 1.28724431991577 0.445642590522766
v 1.32061398029327 1.28340435028076 0.441593408584595
v 1.31407237052917 1.28710114955902 0.444060832262039
v 1.32899713516235 1.27774894237518 0.440820753574371
v 1.32417678833008 1.2737181186676 0.439900100231171
v 1.31083190441132 1.28848338127136 0.44583535194397
v 1.30106735229492 1.28611755371094 0.452715694904327
v 1.30423867702484 1.28869080543518 0.45059534907341
v 1.31296277046204 1.28518450260162 0.459867000579834
v 1.30639231204987 1.28397309780121 0.459327161312103
v 1.30869352817535 1.28766489028931 0.459329456090927
v 1.31706535816193 1.28765964508057 0.459073722362518
v 1.31150317192078 1.29037261009216 0.457550376653671
v 1.30442070960999 1.28818368911743 0.457385987043381
v 1.30325722694397 1.28481483459473 0.458409816026688
v 1.33470690250397 1.27401900291443 0.441533148288727
v 1.33665204048157 1.27868890762329 0.445581644773483
v 1.33145523071289 1.28227651119232 0.445316791534424
v 1.32326316833496 1.28698301315308 0.446034371852875
v 1.33155262470245 1.28496313095093 0.451731473207474
v 1.32858121395111 1.28519201278687 0.457311749458313
v 1.32059335708618 1.28984427452087 0.4562748670578
v 1.32306277751923 1.28997778892517 0.451471924781799
v 1.3139979839325 1.29184699058533 0.454722613096237
v 1.3157502412796 1.29141783714294 0.450987786054611
v 1.31561362743378 1.28954911231995 0.447151720523834
v 1.30983638763428 1.29140162467957 0.452407091856003
v 1.30692720413208 1.290607213974 0.454946607351303
v 1.30782270431519 1.28968906402588 0.449153184890747
v 1.31196570396423 1.29121160507202 0.450550377368927
v 1.31115257740021 1.28996968269348 0.448152512311935
v 1.43171811103821 1.31587624549866 0.435808539390564
v 1.42550468444824 1.3162682056427 0.436066716909409
v 1.42661416530609 1.30842685699463 0.434898197650909
v 1.42860567569733 1.29915928840637 0.433851182460785
v 1.43609142303467 1.29240143299103 0.434483706951141
v 1.42213559150696 1.29802095890045 0.435912698507309
v 1.42036330699921 1.30752003192902 0.436767995357513
v 1.41836619377136 1.31757628917694 0.438693135976791
v 1.41819858551025 1.28965175151825 0.43763655424118
v 1.08732271194458 1.34481525421143 0.456887155771255
v 1.0838451385498 1.34557592868805 0.455676436424255
v 1.08640515804291 1.33883547782898 0.459073424339294
v 1.08931791782379 1.33934378623962 0.459985315799713
v 1.0788482427597 1.33875179290771 0.458352625370026
v 1.08299851417542 1.33837842941284 0.45814123749733
v 1.07902526855469 1.34626221656799 0.455448925495148
v 1.0737851858139 1.34623098373413 0.457027316093445
v 1.06685352325439 1.34317898750305 0.462381422519684
v 1.0652881860733 1.34178328514099 0.462985873222351
v 1.0659351348877 1.34072113037109 0.462596535682678
v 1.06805002689362 1.34054327011108 0.461925715208054
v 1.07138049602509 1.33977508544922 0.460247576236725
v 1.09276556968689 1.34224510192871 0.461349815130234
v 1.0917741060257 1.34321057796478 0.460142552852631
v 1.08992433547974 1.34408795833588 0.458430767059326
v 1.07497441768646 1.3391410112381 0.458900690078735
v 1.09142875671387 1.3402281999588 0.461105138063431
v 1.09258508682251 1.34119391441345 0.461729943752289
v 1.06974017620087 1.34530830383301 0.459768652915955
v 1.07910931110382 1.34102165699005 0.457494378089905
v 1.08325576782227 1.34082245826721 0.457583993673325
v 1.07933723926544 1.34367454051971 0.45643562078476
v 1.07473850250244 1.34381866455078 0.4574134349823
v 1.06945335865021 1.34162139892578 0.460855573415756
v 1.07176864147186 1.34146857261658 0.45954954624176
v 1.0865535736084 1.34079086780548 0.458492308855057
v 1.07516813278198 1.34128177165985 0.45815309882164
v 1.08367431163788 1.34325897693634 0.456687808036804
v 1.07109582424164 1.34345555305481 0.459306806325912
v 1.06898951530457 1.34278106689453 0.46089506149292
v 1.0918675661087 1.34196102619171 0.460977494716644
v 1.09182894229889 1.34149742126465 0.461071193218231
v 1.0738410949707 1.13521218299866 0.505290746688843
v 1.07308185100555 1.12009477615356 0.495200961828232
v 1.08686566352844 1.34279644489288 0.457807838916779
v 1.09080815315247 1.341233253479 0.460394740104675
v 1.08902859687805 1.34097099304199 0.45949250459671
v 1.0892961025238 1.34255945682526 0.459087252616882
v 1.09097051620483 1.34225952625275 0.460190981626511
v 1.34478998184204 1.07710599899292 0.522424042224884
v 1.35284781455994 1.09119248390198 0.529424548149109
v 1.37224328517914 1.09746479988098 0.580135405063629
v 1.36949419975281 1.08511471748352 0.598296642303467
v 1.11009097099304 0.847460448741913 0.414276689291
v 1.18484926223755 0.883668005466461 0.616183757781982
v 1.18853008747101 0.902275085449219 0.62213534116745
v 1.11426532268524 0.899811863899231 0.652600347995758
v 1.13387358188629 0.895500481128693 0.649456858634949
v 1.19961786270142 0.872769713401794 0.497691452503204
v 1.19929444789886 0.890861034393311 0.500675857067108
v 1.14993941783905 0.867213368415833 0.445798099040985
v 1.15010166168213 0.887565970420837 0.44940173625946
v 1.18813967704773 0.851747810840607 0.473643988370895
v 1.15293288230896 0.85155713558197 0.628806829452515
v 1.1705014705658 0.849707663059235 0.618319690227509
v 1.16892421245575 0.868564784526825 0.623903036117554
v 1.1519490480423 0.871088445186615 0.635178446769714
v 1.09547352790833 0.903430283069611 0.6503826379776
v 1.09380912780762 0.8813197016716 0.642771601676941
v 1.21029984951019 0.910485863685608 0.526447951793671
v 1.21515393257141 0.910886764526367 0.553209364414215
v 1.20465171337128 0.915833473205566 0.604111433029175
v 1.19219660758972 0.920738041400909 0.624649703502655
v 1.17641794681549 0.927682757377625 0.63997483253479
v 1.15852165222168 0.934857368469238 0.651508569717407
v 1.13298094272614 0.908911108970642 0.438829630613327
v 1.11435043811798 0.929770231246948 0.433755546808243
v 1.19953846931458 0.910158812999725 0.502073109149933
v 1.06725084781647 0.912182092666626 0.418881505727768
v 1.14486145973206 0.964834988117218 0.665862202644348
v 1.12273514270782 0.968953728675842 0.671538352966309
v 1.21311795711517 0.912564337253571 0.579657077789307
v 1.08419477939606 1.08043122291565 0.465030670166016
v 1.10245549678802 1.08262586593628 0.463630616664886
v 1.10013628005981 1.06711602210999 0.453154861927032
v 1.08197724819183 1.06380367279053 0.455767333507538
v 1.11719596385956 1.06858456134796 0.452176332473755
v 1.13382077217102 1.06881058216095 0.453052490949631
v 1.14914417266846 1.06830596923828 0.455342531204224
v 1.18489408493042 1.06194090843201 0.467748492956161
v 1.17465007305145 1.06471824645996 0.463029325008392
v 1.20123219490051 1.05262064933777 0.479490995407104
v 1.19356417655945 1.05821990966797 0.473266035318375
v 1.20779252052307 1.04220426082611 0.487056463956833
v 1.2130035161972 1.02974712848663 0.497841745615005
v 1.22048902511597 1.03095269203186 0.520660102367401
v 1.21754336357117 1.01690852642059 0.51168292760849
v 1.20917391777039 1.01665437221527 0.488729119300842
v 1.20332396030426 1.02960360050201 0.477822363376617
v 1.19641757011414 1.03943288326263 0.470122903585434
v 1.06453192234039 0.997515618801117 0.441271007061005
v 1.06316304206848 1.02117562294006 0.44531324505806
v 1.07363498210907 1.1500209569931 0.513929426670074
v 1.49930608272552 1.06321048736572 0.502932012081146
v 1.41279244422913 1.17924821376801 0.493586480617523
v 1.10578429698944 1.16275477409363 0.671841084957123
v 1.1217155456543 1.16720020771027 0.671141564846039
v 1.17577993869781 1.17899608612061 0.655770838260651
v 1.18956887722015 1.18792521953583 0.638261079788208
v 1.15760791301727 1.17017865180969 0.666631758213043
v 1.13946413993835 1.16226744651794 0.672676026821136
v 1.18330323696136 0.927801668643951 0.483117669820786
v 1.12396466732025 1.13041126728058 0.680404603481293
v 1.14067018032074 1.15080976486206 0.676688373088837
v 1.15988159179688 1.15850651264191 0.671646296977997
v 1.18047058582306 1.167231798172 0.661023139953613
v 1.19986832141876 1.17682576179504 0.643490433692932
v 1.21377348899841 1.17388689517975 0.635924339294434
v 1.23325335979462 1.15291500091553 0.637844383716583
v 1.2441349029541 1.15122389793396 0.632945656776428
v 1.25659418106079 1.14916622638702 0.629060208797455
v 1.25984740257263 1.16483402252197 0.618583261966705
v 1.24633014202118 1.16682350635529 0.621786832809448
v 1.34029603004456 1.09925067424774 0.610298037528992
v 1.35106527805328 1.083979845047 0.608444631099701
v 1.35544633865356 1.06843543052673 0.609954953193665
v 1.35501933097839 1.05372273921967 0.610471427440643
v 1.3484513759613 1.04149234294891 0.609645068645477
v 1.33637762069702 1.03313827514648 0.60766464471817
v 1.32085037231445 1.03141963481903 0.605889737606049
v 1.27915024757385 1.04353618621826 0.602244198322296
v 1.26639199256897 1.04996180534363 0.603397727012634
v 1.24089539051056 1.03947079181671 0.615470767021179
v 1.2369624376297 1.03289210796356 0.619490027427673
v 1.22211885452271 1.00801801681519 0.62935072183609
v 1.21352112293243 0.993491411209106 0.634544491767883
v 1.2030690908432 0.978516578674316 0.639406561851501
v 1.16498267650604 0.755015850067139 0.634382724761963
v 1.18392038345337 0.756515562534332 0.623198449611664
v 1.18049550056458 0.773999512195587 0.6186164021492
v 1.16124141216278 0.772412896156311 0.629162192344666
v 1.11599957942963 0.810550153255463 0.630186915397644
v 1.09417903423309 0.810790121555328 0.630284607410431
v 1.22114872932434 0.773415684700012 0.561169147491455
v 1.22415161132812 0.770209670066833 0.535603642463684
v 1.1981372833252 0.775286257266998 0.603471219539642
v 1.21172392368317 0.774629890918732 0.584393501281738
v 1.22030448913574 0.764783084392548 0.509517967700958
v 1.15643608570099 0.736162781715393 0.434348404407501
v 1.13488912582397 0.731232464313507 0.421479731798172
v 1.09120678901672 0.725836098194122 0.404208064079285
v 1.07003808021545 0.724781274795532 0.400655210018158
v 1.21047878265381 0.757353782653809 0.486050873994827
v 1.11300754547119 0.727730631828308 0.411271661520004
v 1.19623839855194 0.749070525169373 0.466244280338287
v 1.17763793468475 0.741811275482178 0.449205040931702
v 1.13676202297211 0.810517370700836 0.627547323703766
v 1.13903474807739 0.790083289146423 0.630786597728729
v 1.15821385383606 0.791006803512573 0.624975323677063
v 1.12545871734619 1.03372621536255 0.684361219406128
v 1.14385437965393 1.03641653060913 0.683336019515991
v 1.16269528865814 1.04077935218811 0.681766390800476
v 1.17671978473663 1.06296932697296 0.682298064231873
v 1.17986488342285 1.04661130905151 0.678071320056915
v 1.19591176509857 1.0534702539444 0.671200275421143
v 1.1914587020874 1.06916475296021 0.675439715385437
v 1.21671450138092 1.07733738422394 0.654680132865906
v 1.21755743026733 1.06609880924225 0.650975108146667
v 1.22661805152893 1.06951260566711 0.644045114517212
v 1.22694218158722 1.07991802692413 0.64797055721283
v 1.23644089698792 1.0712229013443 0.638934373855591
v 1.24698460102081 1.07175171375275 0.633014678955078
v 1.25840473175049 1.07119798660278 0.626871347427368
v 1.27141296863556 1.06875717639923 0.623324573040009
v 1.27445435523987 1.09040522575378 0.632200598716736
v 1.2612282037735 1.09259510040283 0.635464429855347
v 1.21735572814941 1.09057724475861 0.656518161296844
v 1.20375967025757 1.0883971452713 0.666887879371643
v 1.12373828887939 1.06804287433624 0.685026049613953
v 1.1069540977478 1.06474435329437 0.683428406715393
v 1.2234765291214 1.01010322570801 0.529446065425873
v 1.23015522956848 1.00427079200745 0.547983586788177
v 1.23441171646118 1.00140869617462 0.565842270851135
v 1.23576831817627 1.00152397155762 0.582170963287354
v 1.23584318161011 1.00456118583679 0.598150670528412
v 1.23276770114899 1.0100702047348 0.612850844860077
v 1.2330025434494 1.02548503875732 0.622824430465698
v 1.22820508480072 1.01737093925476 0.625844419002533
v 1.22861313819885 1.03416192531586 0.632373094558716
v 1.22324347496033 1.02640414237976 0.636973977088928
v 1.21790945529938 1.03669762611389 0.646542549133301
v 1.2120441198349 1.04781925678253 0.654717445373535
v 1.20692920684814 1.06060874462128 0.661211133003235
v 1.20414233207703 1.07410967350006 0.66555643081665
v 1.18928277492523 1.08570539951324 0.677033662796021
v 1.17507004737854 1.08096730709076 0.68392026424408
v 1.15781450271606 1.09446620941162 0.685619175434113
v 1.15827262401581 1.11162352561951 0.683762907981873
v 1.15831708908081 1.07601118087769 0.68593692779541
v 1.16001343727112 1.05763173103333 0.685285747051239
v 1.15618062019348 1.20406103134155 0.637087821960449
v 1.14040565490723 1.19816911220551 0.648309528827667
v 1.31621026992798 1.0462521314621 0.613021969795227
v 1.31172585487366 1.04235982894897 0.610960364341736
v 1.31583559513092 1.03792572021484 0.60914021730423
v 1.32570910453796 1.04109966754913 0.610973954200745
v 1.33381223678589 1.04831957817078 0.61295473575592
v 1.32467150688171 1.06303203105927 0.61717164516449
v 1.32161259651184 1.0530993938446 0.615016520023346
v 1.33869934082031 1.05900430679321 0.614050984382629
v 1.33943867683411 1.07144594192505 0.614680528640747
v 1.32556128501892 1.07416331768036 0.618730247020721
v 1.33692407608032 1.08400619029999 0.615306377410889
v 1.32505226135254 1.08471810817719 0.619670450687408
v 1.33032274246216 1.09528613090515 0.617010235786438
v 1.32336759567261 1.09242212772369 0.620186686515808
v 1.29196107387543 1.10849678516388 0.630438208580017
v 1.30354762077332 1.1034072637558 0.627326965332031
v 1.31500339508057 1.09741711616516 0.623465418815613
v 1.28414285182953 1.06421077251434 0.620604753494263
v 1.29680180549622 1.06114208698273 0.619084000587463
v 1.30944633483887 1.05723869800568 0.617399036884308
v 1.31157028675079 1.06709134578705 0.620030879974365
v 1.29886603355408 1.07060766220093 0.622645556926727
v 1.28627645969391 1.07403528690338 0.625322103500366
v 1.12464988231659 1.05107009410858 0.685814499855042
v 1.14179134368896 1.05431044101715 0.686204850673676
v 1.23747110366821 1.08149802684784 0.6425940990448
v 1.24737024307251 1.08206832408905 0.637746572494507
v 1.25907921791077 1.08140575885773 0.632436037063599
v 1.27318120002747 1.07893562316895 0.628507971763611
v 1.24985814094543 1.09341716766357 0.640196621417999
v 1.23895514011383 1.09331512451172 0.645079970359802
v 1.2278208732605 1.09240245819092 0.650090217590332
v 1.14135658740997 1.07201647758484 0.686247527599335
v 1.10790932178497 1.04823863506317 0.685046911239624
v 1.25548541545868 1.1512006521225 0.532924175262451
v 1.26113879680634 1.17013096809387 0.550026595592499
v 1.26546490192413 1.17911863327026 0.574493288993835
v 1.26447200775146 1.17675065994263 0.599576532840729
v 1.45526003837585 0.981376886367798 0.519627630710602
v 1.09333550930023 0.858934223651886 0.635936677455902
v 1.09376227855682 0.83637261390686 0.630650818347931
v 1.11404848098755 0.834396243095398 0.632360994815826
v 1.10362958908081 0.971029222011566 0.672682344913483
v 1.10876631736755 1.03188765048981 0.6852867603302
v 1.15524113178253 1.03885221481323 0.438932955265045
v 1.14277756214142 1.04041635990143 0.435952365398407
v 1.14547777175903 1.05444407463074 0.444436371326447
v 1.15848755836487 1.05292403697968 0.447813451290131
v 1.17616820335388 1.03498184680939 0.448890268802643
v 1.16651368141174 1.03712856769562 0.443460077047348
v 1.17000997066498 1.05092620849609 0.452393800020218
v 1.18009400367737 1.04845237731934 0.457446992397308
v 1.18472981452942 1.03167402744293 0.454848259687424
v 1.18877077102661 1.04510307312012 0.463377058506012
v 1.16383218765259 1.02226722240448 0.436961740255356
v 1.15292930603027 1.02393937110901 0.432226717472076
v 1.14087295532227 1.02559185028076 0.429682433605194
v 1.18127071857452 1.01849019527435 0.448706179857254
v 1.17351353168488 1.02075171470642 0.442785680294037
v 1.05282747745514 1.22760200500488 0.492175877094269
v 1.04955196380615 1.23047173023224 0.477112501859665
v 1.04147458076477 1.27009749412537 0.456319034099579
v 1.04174184799194 1.27476441860199 0.457259595394135
v 1.07175040245056 1.1698637008667 0.528279423713684
v 1.07043254375458 1.17890048027039 0.531268656253815
v 1.06351399421692 1.04176342487335 0.45135909318924
v 1.06625378131866 1.0771279335022 0.46708682179451
v 1.06964886188507 1.08957195281982 0.476579308509827
v 1.07178318500519 1.10459184646606 0.485505342483521
v 1.07339882850647 1.16119182109833 0.521821141242981
v 1.06459212303162 1.05964386463165 0.459091424942017
v 1.22262644767761 0.584304392337799 0.611631393432617
v 1.20382618904114 0.568875074386597 0.632070183753967
v 1.21027016639709 0.596404910087585 0.628058314323425
v 1.19644415378571 0.584982872009277 0.642199218273163
v 1.22295212745667 0.664046287536621 0.598302245140076
v 1.22107326984406 0.638071835041046 0.606351137161255
v 1.22564506530762 0.691973507404327 0.594285130500793
v 1.17667984962463 0.57836639881134 0.656047105789185
v 1.15091443061829 0.576581120491028 0.665021896362305
v 1.15046167373657 0.5979984998703 0.671197414398193
v 1.21134543418884 0.691679716110229 0.619008719921112
v 1.20969772338867 0.664955973625183 0.622929573059082
v 1.20268750190735 0.604383766651154 0.637348413467407
v 1.2177050113678 0.614699244499207 0.616187930107117
v 1.2052081823349 0.618845164775848 0.633462250232697
v 1.17420709133148 0.597945153713226 0.66138231754303
v 1.19200074672699 0.600458264350891 0.648435890674591
v 1.12403774261475 0.751936554908752 0.646996915340424
v 1.09988379478455 0.734886050224304 0.658675074577332
v 1.12700521945953 0.734033048152924 0.655580759048462
v 1.20157146453857 0.758049726486206 0.606834471225739
v 1.18867492675781 0.737447917461395 0.628994047641754
v 1.19145715236664 0.618580281734467 0.648884057998657
v 1.17366278171539 0.619238257408142 0.663652062416077
v 1.15022587776184 0.620800256729126 0.675519227981567
v 1.15339398384094 0.692748248577118 0.666363835334778
v 1.15212523937225 0.670287609100342 0.672621428966522
v 1.1744225025177 0.667806386947632 0.660574674606323
v 1.17558538913727 0.691990911960602 0.654778897762299
v 1.19284403324127 0.715693593025208 0.634833097457886
v 1.19449901580811 0.691470503807068 0.639158129692078
v 1.15263915061951 0.714748919010162 0.658876895904541
v 1.17405712604523 0.715242385864258 0.648779332637787
v 1.16968214511871 0.736061632633209 0.64187353849411
v 1.1939058303833 0.665589153766632 0.643583953380585
v 1.12218236923218 0.648893117904663 0.683135211467743
v 1.15057396888733 0.645561695098877 0.67634242773056
v 1.09175324440002 0.65138053894043 0.683124721050262
v 1.14959931373596 0.734850645065308 0.650262415409088
v 1.14527094364166 0.753559350967407 0.641552448272705
v 1.14155900478363 0.771721541881561 0.635170221328735
v 1.13514196872711 0.832472145557404 0.629623889923096
v 1.19222557544708 0.353689670562744 0.484402924776077
v 1.05687141418457 0.531076669692993 0.521822810173035
v 1.0553332567215 0.535857915878296 0.546048641204834
v 1.23419868946075 0.613444149494171 0.493170946836472
v 1.24254024028778 0.599638104438782 0.567245304584503
v 1.23071920871735 0.607405543327332 0.595034182071686
v 1.08464169502258 0.534647941589355 0.46081930398941
v 1.06837952136993 0.52876353263855 0.481399923563004
v 1.2166063785553 0.604444444179535 0.467900395393372
v 1.16517007350922 0.565788626670837 0.440102964639664
v 1.06049156188965 0.528066337108612 0.501520931720734
v 1.20757067203522 0.640335142612457 0.627919316291809
v 1.19255352020264 0.640884339809418 0.646833896636963
v 1.17380630970001 0.642707586288452 0.663347184658051
v 1.12122309207916 0.624248504638672 0.68214875459671
v 1.08984005451202 0.628265559673309 0.681221008300781
v 1.07045292854309 0.583298563957214 0.434839457273483
v 1.06583893299103 0.593615233898163 0.429217517375946
v 1.05591583251953 0.592093706130981 0.429112493991852
v 1.05665731430054 0.577751636505127 0.437224119901657
v 1.15555083751678 0.712068319320679 0.436030924320221
v 1.13261139392853 0.706652879714966 0.4244065284729
v 1.08806467056274 0.701557636260986 0.408835113048553
v 1.06775677204132 0.70147305727005 0.405550420284271
v 1.21314740180969 0.737048327922821 0.486016422510147
v 1.10970366001129 0.703175187110901 0.415130853652954
v 1.19831502437592 0.727624773979187 0.466393828392029
v 1.17826628684998 0.718927443027496 0.449994474649429
v 1.18442606925964 -0.0869024395942688 0.616420209407806
v 1.18897235393524 -0.114439070224762 0.613082587718964
v 1.18711256980896 -0.113020360469818 0.628265976905823
v 1.18025135993958 -0.085285484790802 0.630409002304077
v 1.1918181180954 -0.079448401927948 0.659613192081451
v 1.18192279338837 -0.0825371146202087 0.650693774223328
v 1.20558679103851 -0.0777811408042908 0.663441002368927
v 1.20610547065735 -0.108693301677704 0.663379430770874
v 1.21854972839355 -0.108573734760284 0.658335328102112
v 1.21930658817291 -0.0778712630271912 0.660817801952362
v 1.22954881191254 -0.0778889060020447 0.652655124664307
v 1.23665380477905 -0.108334362506866 0.640553534030914
v 1.2417813539505 -0.108111441135406 0.623044610023499
v 1.24351131916046 -0.0795374512672424 0.623860597610474
v 1.23739349842072 -0.0782284140586853 0.641428470611572
v 1.24243092536926 -0.0845420956611633 0.603524327278137
v 1.24113941192627 -0.111341059207916 0.603280544281006
v 1.22942876815796 -0.0881910920143127 0.591327965259552
v 1.19234848022461 -0.0887340903282166 0.601748108863831
v 1.19551849365234 -0.115409791469574 0.596873044967651
v 1.19279408454895 -0.109823048114777 0.65987491607666
v 1.18541049957275 -0.112216651439667 0.648306012153625
v 1.17813360691071 -0.0846394896507263 0.640138685703278
v 1.18612003326416 -0.112499177455902 0.638099133968353
v 1.18895125389099 -0.140892922878265 0.622819125652313
v 1.18751406669617 -0.140352308750153 0.606741845607758
v 1.19303965568542 -0.139003455638885 0.659836113452911
v 1.19075560569763 -0.139976441860199 0.645722925662994
v 1.21736311912537 -0.137686192989349 0.65584659576416
v 1.20593690872192 -0.137795150279999 0.664610624313354
v 1.23944783210754 -0.137106597423553 0.640957355499268
v 1.22819089889526 -0.108463227748871 0.650551736354828
v 1.2290290594101 -0.137532770633698 0.649362683296204
v 1.24470043182373 -0.135191142559052 0.623288810253143
v 1.24386477470398 -0.135717332363129 0.600661873817444
v 1.19529938697815 -0.139290273189545 0.589328825473785
v 1.19072616100311 -0.140022695064545 0.634450912475586
v 1.29315972328186 -0.211502611637115 0.446330070495605
v 1.28662168979645 -0.212001025676727 0.442726045846939
v 1.2876683473587 -0.206983506679535 0.445002377033234
v 1.29189431667328 -0.20735365152359 0.447023302316666
v 1.25824999809265 -0.207932770252228 0.427606165409088
v 1.24634504318237 -0.21125203371048 0.425753593444824
v 1.24819016456604 -0.198862016201019 0.42557230591774
v 1.25680017471313 -0.197389543056488 0.426489949226379
v 1.27561044692993 -0.21056741476059 0.431977331638336
v 1.28316962718964 -0.21101039648056 0.434776097536087
v 1.28023397922516 -0.215066015720367 0.436578065156937
v 1.2755115032196 -0.214558660984039 0.434825718402863
v 1.30672907829285 -0.213662803173065 0.480082929134369
v 1.31142473220825 -0.215122044086456 0.484138965606689
v 1.30969512462616 -0.218407332897186 0.484562814235687
v 1.30618560314178 -0.218320429325104 0.482450366020203
v 1.29857659339905 -0.213925659656525 0.459171056747437
v 1.30353355407715 -0.215032756328583 0.463108092546463
v 1.30153477191925 -0.218585550785065 0.464203327894211
v 1.29833221435547 -0.218844354152679 0.461585164070129
v 1.25524532794952 -0.195460140705109 0.448918521404266
v 1.25786697864532 -0.194991052150726 0.435342311859131
v 1.24425756931305 -0.196925818920135 0.433931559324265
v 1.2400004863739 -0.19367116689682 0.447191894054413
v 1.2372145652771 -0.206758320331573 0.434774935245514
v 1.24428880214691 -0.213091790676117 0.438846468925476
v 1.23954689502716 -0.215018570423126 0.451659142971039
v 1.23263680934906 -0.205909430980682 0.448996901512146
v 1.25709927082062 -0.21398800611496 0.440135151147842
v 1.25375175476074 -0.215571463108063 0.452496737241745
v 1.26231670379639 -0.207394301891327 0.451935648918152
v 1.26681971549988 -0.205071985721588 0.437995105981827
v 1.28084623813629 -0.207866251468658 0.454643964767456
v 1.28613293170929 -0.209681928157806 0.443701982498169
v 1.28093993663788 -0.202820599079132 0.441758751869202
v 1.27608108520508 -0.199627101421356 0.453306496143341
v 1.27311110496521 -0.202457845211029 0.438310831785202
v 1.26543748378754 -0.199165403842926 0.448777586221695
v 1.26164817810059 -0.209708988666534 0.44870138168335
v 1.26705229282379 -0.208933174610138 0.435909181833267
v 1.27078437805176 -0.21503871679306 0.440318524837494
v 1.26544642448425 -0.215893805027008 0.452311992645264
v 1.27440309524536 -0.215918481349945 0.45481675863266
v 1.27967166900635 -0.215847432613373 0.443708509206772
v 1.29059743881226 -0.202417314052582 0.464063048362732
v 1.29194629192352 -0.206184446811676 0.452952265739441
v 1.28484451770782 -0.205824673175812 0.450132846832275
v 1.28093433380127 -0.202096283435822 0.459367036819458
v 1.28033411502838 -0.213203847408295 0.447795271873474
v 1.28501105308533 -0.217036306858063 0.450589954853058
v 1.28093099594116 -0.216873824596405 0.46033963561058
v 1.2769170999527 -0.212107717990875 0.457092016935349
v 1.29005634784698 -0.216636598110199 0.463878273963928
v 1.29201078414917 -0.21787828207016 0.453307121992111
v 1.29514491558075 -0.208773672580719 0.464059770107269
v 1.29645657539368 -0.211953699588776 0.45400196313858
v 1.30588936805725 -0.211682260036469 0.480713486671448
v 1.30584394931793 -0.215166628360748 0.47066068649292
v 1.30342745780945 -0.209284126758575 0.469318985939026
v 1.30303478240967 -0.204948961734772 0.480021953582764
v 1.29819476604462 -0.207869708538055 0.466160207986832
v 1.29625737667084 -0.204465448856354 0.474068403244019
v 1.29407572746277 -0.211950242519379 0.463928818702698
v 1.29555487632751 -0.21934586763382 0.466108351945877
v 1.29436409473419 -0.218525230884552 0.474172055721283
v 1.29346537590027 -0.21023029088974 0.470575243234634
v 1.30179381370544 -0.220138967037201 0.469621956348419
v 1.30136299133301 -0.21908563375473 0.479604661464691
v 1.31115794181824 -0.207701027393341 0.499683141708374
v 1.31196248531342 -0.214928448200226 0.502080917358398
v 1.3130429983139 -0.214585244655609 0.491726160049438
v 1.31154763698578 -0.208969533443451 0.490665227174759
v 1.3071893453598 -0.208189189434052 0.486813187599182
v 1.30649626255035 -0.205925047397614 0.49318528175354
v 1.30338680744171 -0.2123162150383 0.484883546829224
v 1.30345475673676 -0.219538629055023 0.486593753099442
v 1.30288863182068 -0.219541370868683 0.492767095565796
v 1.30417025089264 -0.211296021938324 0.490216106176376
v 1.30938494205475 -0.21984988451004 0.490106523036957
v 1.30805540084839 -0.219682514667511 0.498741924762726
v 1.23646819591522 -0.192146837711334 0.460853427648544
v 1.25565719604492 -0.196824729442596 0.46269154548645
v 1.24832618236542 -0.212024033069611 0.430513888597488
v 1.22899496555328 -0.206597626209259 0.462879657745361
v 1.25530290603638 -0.212547123432159 0.431637197732925
v 1.25420796871185 -0.217103064060211 0.464642703533173
v 1.23674607276917 -0.216443836688995 0.465495198965073
v 1.25906991958618 -0.208459556102753 0.457179486751556
v 1.28163635730743 -0.20565277338028 0.435568660497665
v 1.27566206455231 -0.210231244564056 0.462633073329926
v 1.27282857894897 -0.217999517917633 0.470335960388184
v 1.2772011756897 -0.205368220806122 0.433613687753677
v 1.27322256565094 -0.19875305891037 0.468945741653442
v 1.28839683532715 -0.201448857784271 0.481395661830902
v 1.28780651092529 -0.216130554676056 0.445408701896667
v 1.29146385192871 -0.21649843454361 0.447004020214081
v 1.28913450241089 -0.219319999217987 0.481017023324966
v 1.2936943769455 -0.209327876567841 0.472855865955353
v 1.30303609371185 -0.211169540882111 0.463551878929138
v 1.30521810054779 -0.211251199245453 0.490317642688751
v 1.30038928985596 -0.22081059217453 0.495368748903275
v 1.2999472618103 -0.20991975069046 0.461887121200562
v 1.30141949653625 -0.202591001987457 0.496484667062759
v 1.31023764610291 -0.211687505245209 0.485325008630753
v 1.30998229980469 -0.21486359834671 0.514641344547272
v 1.30638432502747 -0.22201281785965 0.509446442127228
v 1.30803108215332 -0.210566222667694 0.482972860336304
v 1.30911564826965 -0.205703556537628 0.510584592819214
v 1.20269930362701 -0.0907158255577087 0.590791940689087
v 1.20605134963989 -0.11557012796402 0.586389780044556
v 1.21575903892517 -0.0909999012947083 0.587677240371704
v 1.2303227186203 -0.114098489284515 0.590294897556305
v 1.2188036441803 -0.115994036197662 0.585183441638947
v 1.20899534225464 -0.137841165065765 0.577588558197021
v 1.23372435569763 -0.13774973154068 0.585544466972351
v 1.2231183052063 -0.137578904628754 0.57811450958252
v 1.24139451980591 -0.158776462078094 0.644513845443726
v 1.24905180931091 -0.15701812505722 0.626223087310791
v 1.22842359542847 -0.159287512302399 0.651186466217041
v 1.20522308349609 -0.160275280475616 0.667761445045471
v 1.21742534637451 -0.159594118595123 0.659710347652435
v 1.21275818347931 -0.155586898326874 0.567082941532135
v 1.19881796836853 -0.159546315670013 0.582603514194489
v 1.22855079174042 -0.153973877429962 0.565673768520355
v 1.24175381660461 -0.154189169406891 0.575737774372101
v 1.22826611995697 -0.190000236034393 0.476030170917511
v 1.2226128578186 -0.192297160625458 0.4967440366745
v 1.23810482025146 -0.181646406650543 0.498262733221054
v 1.24717366695404 -0.188357174396515 0.479920536279678
v 1.25604784488678 -0.183536946773529 0.507240414619446
v 1.26428723335266 -0.192349970340729 0.488065183162689
v 1.27101147174835 -0.187949240207672 0.518911004066467
v 1.27967572212219 -0.195243537425995 0.499810010194778
v 1.28317892551422 -0.193431675434113 0.531532168388367
v 1.29276704788208 -0.199000298976898 0.51338928937912
v 1.29302871227264 -0.201755464076996 0.543253600597382
v 1.30299496650696 -0.203845083713531 0.52540522813797
v 1.29925131797791 -0.212692558765411 0.549536883831024
v 1.30759155750275 -0.214286267757416 0.530765354633331
v 1.22158634662628 -0.207826673984528 0.478291541337967
v 1.21751403808594 -0.208593785762787 0.498765617609024
v 1.23090100288391 -0.219902336597443 0.482488930225372
v 1.22646045684814 -0.222850382328033 0.502789855003357
v 1.24739170074463 -0.220824778079987 0.487649261951447
v 1.24186623096466 -0.223688781261444 0.508715331554413
v 1.29537069797516 -0.225537359714508 0.545276761054993
v 1.30248498916626 -0.225387156009674 0.525438666343689
v 1.26458621025085 -0.22219318151474 0.496170699596405
v 1.25830447673798 -0.223847091197968 0.517529189586639
v 1.27990210056305 -0.224747598171234 0.506158113479614
v 1.27307486534119 -0.225994884967804 0.527573466300964
v 1.29240238666534 -0.226495206356049 0.51634019613266
v 1.28534293174744 -0.227697670459747 0.537213325500488
v 1.22729301452637 -0.177663743495941 0.520744383335114
v 1.24641907215118 -0.173058569431305 0.527412474155426
v 1.26049339771271 -0.178178131580353 0.53996866941452
v 1.27150857448578 -0.186304986476898 0.55305689573288
v 1.28051900863647 -0.198428332805634 0.564532160758972
v 1.28832411766052 -0.209840953350067 0.570714712142944
v 1.2621523141861 -0.176034271717072 0.580248773097992
v 1.26826989650726 -0.197155177593231 0.588373303413391
v 1.27461528778076 -0.210224807262421 0.591818988323212
v 1.25783085823059 -0.196877539157867 0.612922787666321
v 1.26249694824219 -0.210824549198151 0.613497912883759
v 1.23935794830322 -0.199604094028473 0.651976108551025
v 1.24403774738312 -0.215386688709259 0.653806447982788
v 1.25255811214447 -0.211773097515106 0.635683596134186
v 1.24762034416199 -0.197476923465729 0.635103940963745
v 1.25403165817261 -0.177356898784637 0.607993006706238
v 1.24590528011322 -0.17741996049881 0.631290435791016
v 1.23693931102753 -0.178580939769745 0.647258996963501
v 1.22271168231964 -0.218194782733917 0.672207474708557
v 1.23489308357239 -0.21756500005722 0.665194392204285
v 1.23164081573486 -0.200900495052338 0.663500308990479
v 1.22117435932159 -0.201193630695343 0.672669351100922
v 1.20361018180847 -0.202745020389557 0.676208019256592
v 1.20545554161072 -0.220014631748199 0.67207270860672
v 1.1904069185257 -0.204333245754242 0.661888241767883
v 1.19128632545471 -0.221289932727814 0.659620523452759
v 1.21902906894684 -0.17967301607132 0.666181683540344
v 1.22787392139435 -0.179637730121613 0.6570845246315
v 1.20486855506897 -0.180633008480072 0.671766996383667
v 1.19286262989044 -0.181950747966766 0.660212635993958
v 1.19414150714874 -0.182153403759003 0.643050134181976
v 1.19136667251587 -0.204214513301849 0.642568349838257
v 1.1885461807251 -0.220580637454987 0.640773594379425
v 1.2168208360672 -0.194132268428802 0.521482944488525
v 1.21587574481964 -0.207789361476898 0.524099469184875
v 1.25160193443298 -0.165975749492645 0.5597243309021
v 1.23614454269409 -0.163406431674957 0.54767256975174
v 1.21573829650879 -0.17169576883316 0.549361824989319
v 1.20835971832275 -0.194130957126617 0.548111200332642
v 1.21221160888672 -0.208888828754425 0.551490306854248
v 1.20736348628998 -0.210756361484528 0.575626373291016
v 1.20114505290985 -0.197702705860138 0.573249757289886
v 1.22314941883087 -0.219180166721344 0.528306126594543
v 1.22006022930145 -0.216459453105927 0.555437028408051
v 1.21420681476593 -0.217721879482269 0.578811287879944
v 1.20039713382721 -0.213597476482391 0.59582930803299
v 1.19605946540833 -0.200449287891388 0.594878196716309
v 1.19595468044281 -0.215618669986725 0.612435400485992
v 1.19452166557312 -0.201017796993256 0.612850546836853
v 1.19343876838684 -0.202023684978485 0.62715470790863
v 1.19189023971558 -0.217951476573944 0.625868797302246
v 1.19377279281616 -0.180946052074432 0.615359783172607
v 1.19390153884888 -0.180992543697357 0.628665685653687
v 1.19507586956024 -0.181125104427338 0.596959888935089
v 1.20057094097137 -0.178105056285858 0.574857652187347
v 1.28547942638397 -0.22336357831955 0.56756329536438
v 1.27364253997803 -0.221863567829132 0.589516460895538
v 1.2613605260849 -0.221132814884186 0.611109018325806
v 1.25078415870667 -0.223666965961456 0.632543861865997
v 1.24010217189789 -0.226982772350311 0.648462355136871
v 1.23130428791046 -0.228651702404022 0.657903671264648
v 1.20698201656342 -0.229089796543121 0.663235902786255
v 1.22076666355133 -0.22890967130661 0.664068400859833
v 1.19675695896149 -0.229903638362885 0.654704570770264
v 1.19504046440125 -0.230266153812408 0.639344215393066
v 1.19753801822662 -0.229404628276825 0.626428782939911
v 1.20684599876404 -0.22227543592453 0.598426520824432
v 1.20129024982452 -0.226686894893646 0.613605737686157
v 1.18931937217712 -0.162074029445648 0.601471841335297
v 1.18900692462921 -0.162382662296295 0.61947226524353
v 1.19126057624817 -0.161584913730621 0.631790518760681
v 1.19362461566925 -0.160689890384674 0.659118056297302
v 1.19289195537567 -0.161269724369049 0.643747210502625
v 1.23614645004272 -0.223528683185577 0.534164845943451
v 1.2514556646347 -0.223765432834625 0.542713761329651
v 1.26520645618439 -0.22549170255661 0.552272021770477
v 1.27646362781525 -0.226539313793182 0.56074994802475
v 1.26630997657776 -0.225909054279327 0.584031105041504
v 1.25588726997375 -0.225450217723846 0.57718414068222
v 1.24284636974335 -0.22453647851944 0.568809926509857
v 1.22997260093689 -0.221245110034943 0.560732185840607
v 1.25440716743469 -0.226293742656708 0.605448126792908
v 1.24524343013763 -0.226968348026276 0.598940432071686
v 1.23335206508636 -0.226477324962616 0.591843605041504
v 1.22273695468903 -0.223499119281769 0.58391010761261
v 1.21444094181061 -0.228200852870941 0.603449404239655
v 1.22337627410889 -0.229747593402863 0.611530721187592
v 1.23384356498718 -0.2296102643013 0.618131518363953
v 1.24251806735992 -0.22838693857193 0.625358879566193
v 1.23290717601776 -0.230289041996002 0.640294194221497
v 1.22497260570526 -0.230935275554657 0.632664084434509
v 1.21579265594482 -0.231398642063141 0.625848591327667
v 1.20859158039093 -0.230713546276093 0.619028210639954
v 1.22572267055511 -0.231090247631073 0.648722767829895
v 1.2096848487854 -0.231957495212555 0.655271708965302
v 1.21822285652161 -0.231356799602509 0.654083013534546
v 1.20267283916473 -0.232726752758026 0.650337994098663
v 1.20246458053589 -0.232613742351532 0.639855086803436
v 1.20489931106567 -0.232036054134369 0.629687011241913
v 1.21177875995636 -0.231944262981415 0.634755969047546
v 1.20899391174316 -0.232224404811859 0.641889631748199
v 1.21983051300049 -0.23139899969101 0.640903174877167
v 1.21516799926758 -0.23158723115921 0.646728873252869
v 1.2075697183609 -0.232214868068695 0.647638082504272
v 1.21074569225311 -0.23189514875412 0.649937570095062
v 1.24839520454407 -0.158086001873016 0.597026646137238
v 1.18592405319214 0.186494171619415 0.539012908935547
v 1.16999328136444 0.188211798667908 0.542432427406311
v 1.20229995250702 0.190031588077545 0.540289878845215
v 1.19122242927551 0.596880435943604 0.448484122753143
v 1.13093912601471 0.847238898277283 0.427613794803619
v 1.13201117515564 0.888043344020844 0.434786230325699
v 1.1305251121521 0.867497861385345 0.431209683418274
v 1.19559156894684 0.570819079875946 0.449170231819153
v 1.18419885635376 0.908986032009125 0.482381016016006
v 1.16274285316467 1.06704413890839 0.458769381046295
v 1.14441287517548 1.34059703350067 0.531641364097595
v 1.14283609390259 1.33746314048767 0.533803164958954
v 1.14232158660889 1.33503437042236 0.536766648292542
v 1.14257502555847 1.33294892311096 0.539861381053925
v 1.14253640174866 1.33170008659363 0.543315768241882
v 1.14142239093781 1.33239889144897 0.546997368335724
v 1.1448518037796 1.33658528327942 0.538645386695862
v 1.14270997047424 1.3398585319519 0.541540265083313
v 1.14276278018951 1.34131217002869 0.539640247821808
v 1.14470505714417 1.33853387832642 0.53646194934845
f 2 3 1
f 1 3 4
f 3 2 5
f 5 2 6
f 3 7 4
f 4 7 8
f 10 11 9
f 9 11 12
f 14 15 13
f 13 15 16
f 18 19 17
f 17 19 20
f 22 23 21
f 21 23 24
f 26 18 25
f 25 18 17
f 27 28 17
f 17 28 25
f 30 31 29
f 29 31 32
f 34 35 33
f 33 35 36
f 21 24 37
f 37 24 38
f 40 31 39
f 39 31 38
f 34 33 28
f 28 33 25
f 41 42 44
f 44 42 43
f 36 45 33
f 33 45 25
f 46 47 49
f 49 47 48
f 51 52 50
f 50 52 53
f 55 53 54
f 54 53 52
f 57 58 56
f 56 58 59
f 61 62 60
f 60 62 63
f 65 66 64
f 64 66 67
f 69 70 68
f 68 70 71
f 65 73 72
f 72 73 74
f 64 75 65
f 65 75 73
f 77 78 76
f 76 78 79
f 80 81 83
f 83 81 82
f 81 85 84
f 84 85 86
f 88 89 87
f 87 89 69
f 88 87 90
f 90 87 91
f 93 94 92
f 92 94 95
f 96 84 43
f 43 84 44
f 51 98 97
f 97 98 86
f 97 99 51
f 51 99 52
f 54 52 100
f 100 52 99
f 58 101 59
f 59 101 102
f 62 103 63
f 63 103 104
f 105 106 6
f 6 106 5
f 108 109 107
f 107 109 110
f 112 113 111
f 111 113 114
f 116 117 115
f 115 117 118
f 120 121 119
f 119 121 122
f 124 125 123
f 123 125 126
f 128 129 127
f 127 129 130
f 130 131 127
f 127 131 132
f 134 1 133
f 133 1 135
f 1 4 135
f 135 4 136
f 4 8 136
f 136 8 137
f 138 139 15
f 15 139 140
f 140 139 141
f 141 139 142
f 144 57 143
f 143 57 56
f 145 146 141
f 141 146 147
f 146 149 148
f 148 149 150
f 152 153 151
f 151 153 154
f 141 147 140
f 140 147 155
f 157 11 156
f 156 11 158
f 160 161 159
f 159 161 162
f 164 165 163
f 163 165 166
f 165 160 166
f 166 160 159
f 168 169 167
f 167 169 170
f 169 171 170
f 170 171 172
f 149 173 150
f 150 173 174
f 175 176 149
f 149 176 173
f 178 172 177
f 177 172 171
f 180 181 179
f 179 181 182
f 184 180 183
f 183 180 179
f 186 187 185
f 185 187 188
f 190 191 189
f 189 191 192
f 7 193 8
f 8 193 194
f 196 162 195
f 195 162 161
f 197 168 198
f 198 168 167
f 181 199 182
f 182 199 200
f 202 203 201
f 201 203 204
f 187 186 205
f 205 186 206
f 208 209 207
f 207 209 210
f 212 213 211
f 211 213 214
f 215 216 218
f 218 216 217
f 220 209 219
f 219 209 208
f 204 186 221
f 221 186 185
f 201 204 222
f 222 204 221
f 223 211 220
f 220 211 209
f 224 225 214
f 214 225 210
f 203 206 204
f 204 206 186
f 227 187 226
f 226 187 205
f 27 228 21
f 21 228 22
f 230 231 229
f 229 231 232
f 234 235 233
f 233 235 236
f 238 239 237
f 237 239 240
f 119 122 118
f 118 122 115
f 112 242 241
f 241 242 243
f 98 51 244
f 244 51 50
f 245 138 14
f 14 138 15
f 11 10 158
f 158 10 246
f 89 85 69
f 69 85 70
f 11 157 12
f 12 157 247
f 249 164 248
f 248 164 163
f 177 250 178
f 178 250 251
f 253 254 252
f 252 254 255
f 187 227 188
f 188 227 256
f 212 257 213
f 213 257 258
f 260 134 259
f 259 134 133
f 165 164 135
f 135 164 133
f 160 165 136
f 136 165 135
f 136 137 160
f 160 137 161
f 137 261 161
f 161 261 195
f 263 264 262
f 262 264 265
f 13 16 266
f 266 16 267
f 268 267 155
f 155 267 16
f 147 269 155
f 155 269 268
f 162 196 167
f 167 196 198
f 167 170 162
f 162 170 159
f 170 172 159
f 159 172 166
f 172 178 166
f 166 178 163
f 178 251 163
f 163 251 248
f 168 270 169
f 169 270 271
f 272 273 171
f 171 273 177
f 271 272 169
f 169 272 171
f 168 197 270
f 270 197 274
f 250 177 275
f 275 177 273
f 277 45 276
f 276 45 278
f 280 281 279
f 279 281 282
f 284 104 283
f 283 104 103
f 285 215 286
f 286 215 218
f 288 289 287
f 287 289 290
f 291 80 66
f 66 80 83
f 293 294 292
f 292 294 295
f 73 91 74
f 74 91 87
f 91 73 92
f 92 73 75
f 279 77 280
f 280 77 76
f 80 291 70
f 70 291 71
f 277 47 96
f 96 47 82
f 297 175 296
f 296 175 149
f 299 154 298
f 298 154 153
f 225 300 210
f 210 300 207
f 224 301 206
f 206 301 205
f 210 209 214
f 214 209 211
f 226 205 302
f 302 205 301
f 304 305 303
f 303 305 306
f 308 309 307
f 307 309 310
f 72 291 65
f 65 291 66
f 66 83 67
f 67 83 46
f 312 313 311
f 311 313 314
f 316 317 315
f 315 317 36
f 29 318 35
f 35 318 319
f 321 32 320
f 320 32 322
f 311 314 323
f 323 314 324
f 315 325 316
f 316 325 326
f 318 287 319
f 319 287 290
f 328 321 327
f 327 321 320
f 329 330 39
f 39 330 331
f 332 333 40
f 40 333 322
f 309 334 285
f 285 334 335
f 236 2 134
f 134 2 1
f 260 336 233
f 233 336 337
f 237 14 265
f 265 14 13
f 84 86 44
f 44 86 98
f 189 192 7
f 7 192 193
f 44 98 41
f 41 98 244
f 237 240 14
f 14 240 245
f 7 3 189
f 189 3 5
f 338 71 72
f 72 71 291
f 262 265 266
f 266 265 13
f 124 123 339
f 339 123 105
f 123 109 105
f 105 109 106
f 189 5 190
f 190 5 106
f 111 114 12
f 12 114 9
f 264 340 265
f 265 340 237
f 342 343 341
f 341 343 344
f 6 235 105
f 105 235 339
f 234 346 345
f 345 346 347
f 349 350 348
f 348 350 351
f 107 352 108
f 108 352 353
f 355 356 354
f 354 356 357
f 237 340 238
f 238 340 358
f 12 247 111
f 111 247 359
f 264 263 116
f 116 263 360
f 361 362 222
f 222 362 201
f 364 365 363
f 363 365 366
f 368 369 367
f 367 369 370
f 372 373 371
f 371 373 374
f 375 376 372
f 372 376 377
f 378 379 381
f 381 379 380
f 382 383 269
f 269 383 268
f 150 174 365
f 365 174 384
f 380 377 381
f 381 377 376
f 271 270 180
f 180 270 181
f 273 272 252
f 252 272 184
f 272 271 184
f 184 271 180
f 181 270 274
f 252 255 273
f 273 255 275
f 254 385 255
f 255 385 386
f 387 388 179
f 179 388 183
f 389 387 182
f 182 387 179
f 182 200 389
f 389 200 390
f 388 391 183
f 183 391 253
f 391 392 253
f 253 392 254
f 394 379 393
f 393 379 378
f 185 188 395
f 395 188 396
f 221 185 397
f 397 185 395
f 222 221 398
f 398 221 397
f 188 256 396
f 396 256 399
f 400 401 256
f 256 401 399
f 402 403 405
f 405 403 404
f 148 150 364
f 364 150 365
f 393 406 394
f 394 406 407
f 158 246 393
f 393 246 406
f 342 19 238
f 238 19 239
f 23 22 350
f 350 22 354
f 244 50 245
f 245 50 138
f 55 142 53
f 53 142 139
f 145 144 296
f 296 144 143
f 355 228 341
f 341 228 20
f 41 240 42
f 42 240 239
f 283 308 284
f 284 308 307
f 349 409 408
f 408 409 410
f 244 245 41
f 41 245 240
f 268 383 406
f 406 383 407
f 346 411 349
f 349 411 409
f 251 412 248
f 248 412 413
f 275 414 250
f 250 414 415
f 25 45 26
f 26 45 277
f 43 26 96
f 96 26 277
f 416 417 61
f 61 417 62
f 329 24 408
f 408 24 23
f 31 40 32
f 32 40 322
f 39 38 329
f 329 38 24
f 37 38 30
f 30 38 31
f 418 419 421
f 421 419 420
f 78 295 79
f 79 295 294
f 124 339 422
f 422 339 345
f 232 131 357
f 357 131 351
f 2 236 6
f 6 236 235
f 252 184 253
f 253 184 183
f 227 423 256
f 256 423 400
f 423 227 305
f 305 227 226
f 424 258 425
f 425 258 257
f 426 427 212
f 212 427 257
f 259 133 249
f 249 133 164
f 419 418 428
f 428 418 429
f 327 430 328
f 328 430 288
f 49 431 46
f 46 431 67
f 306 302 424
f 424 302 258
f 313 432 314
f 314 432 433
f 32 321 29
f 29 321 318
f 324 314 433
f 287 318 328
f 328 318 321
f 134 260 236
f 236 260 233
f 345 339 234
f 234 339 235
f 357 351 354
f 354 351 350
f 408 23 349
f 349 23 350
f 317 278 36
f 36 278 45
f 432 313 429
f 429 313 428
f 435 428 434
f 434 428 313
f 42 239 18
f 18 239 19
f 43 42 26
f 26 42 18
f 121 120 436
f 436 120 437
f 302 301 258
f 258 301 213
f 110 109 126
f 126 109 123
f 238 358 342
f 342 358 343
f 341 20 342
f 342 20 19
f 322 438 320
f 320 438 439
f 320 439 327
f 327 439 430
f 333 440 322
f 322 440 438
f 289 288 323
f 323 288 430
f 115 340 116
f 116 340 264
f 146 145 149
f 149 145 296
f 15 140 16
f 16 140 155
f 441 442 152
f 152 442 153
f 225 224 203
f 203 224 206
f 175 297 154
f 154 297 151
f 293 443 294
f 294 443 444
f 248 413 249
f 249 413 445
f 446 447 400
f 400 447 401
f 388 387 396
f 396 387 395
f 387 389 395
f 395 389 397
f 391 388 399
f 399 388 396
f 401 392 399
f 399 392 391
f 255 386 275
f 275 386 414
f 449 450 448
f 448 450 451
f 335 452 285
f 285 452 215
f 453 298 442
f 442 298 153
f 211 223 212
f 212 223 426
f 425 257 454
f 454 257 427
f 266 10 262
f 262 10 9
f 360 113 456
f 456 113 455
f 8 194 137
f 137 194 261
f 10 266 246
f 246 266 267
f 203 202 225
f 225 202 300
f 262 9 263
f 263 9 114
f 108 353 190
f 190 353 191
f 389 390 397
f 397 390 398
f 457 422 128
f 128 422 129
f 156 158 378
f 378 158 393
f 347 346 348
f 348 346 349
f 447 458 401
f 401 458 392
f 364 382 148
f 148 382 269
f 55 54 57
f 57 54 58
f 75 64 459
f 459 64 460
f 100 90 101
f 101 90 95
f 101 58 100
f 100 58 54
f 142 55 144
f 144 55 57
f 147 146 269
f 269 146 148
f 459 93 75
f 75 93 92
f 144 145 142
f 142 145 141
f 228 27 20
f 20 27 17
f 154 299 175
f 175 299 176
f 214 213 224
f 224 213 301
f 424 461 306
f 306 461 303
f 285 286 309
f 309 286 310
f 462 334 308
f 308 334 309
f 302 306 226
f 226 306 305
f 37 28 21
f 21 28 27
f 29 35 30
f 30 35 34
f 30 34 37
f 37 34 28
f 344 436 356
f 356 436 229
f 325 290 326
f 326 290 289
f 311 439 312
f 312 439 438
f 35 319 36
f 36 319 315
f 439 311 430
f 430 311 323
f 315 319 325
f 325 319 290
f 440 463 438
f 438 463 312
f 341 344 355
f 355 344 356
f 360 456 116
f 116 456 117
f 354 22 355
f 355 22 228
f 326 289 324
f 324 289 323
f 74 87 68
f 68 87 69
f 50 53 138
f 138 53 139
f 268 406 267
f 267 406 246
f 190 106 108
f 108 106 109
f 241 455 112
f 112 455 113
f 358 122 343
f 343 122 121
f 129 347 130
f 130 347 348
f 348 351 130
f 130 351 131
f 229 232 356
f 356 232 357
f 340 115 358
f 358 115 122
f 111 359 112
f 112 359 242
f 125 124 457
f 457 124 422
f 231 132 232
f 232 132 131
f 343 121 344
f 344 121 436
f 263 114 360
f 360 114 113
f 347 129 345
f 345 129 422
f 230 229 437
f 437 229 436
f 464 446 423
f 423 446 400
f 465 466 468
f 468 466 467
f 470 471 469
f 469 471 472
f 469 472 373
f 373 472 374
f 474 469 473
f 473 469 373
f 471 475 472
f 472 475 476
f 472 477 374
f 374 477 478
f 477 472 476
f 479 480 476
f 476 480 477
f 473 373 377
f 377 373 372
f 481 482 479
f 479 482 480
f 483 484 481
f 481 484 482
f 403 402 485
f 485 402 486
f 487 488 483
f 483 488 484
f 487 489 488
f 488 489 490
f 489 491 490
f 490 491 492
f 491 493 492
f 492 493 494
f 493 495 494
f 494 495 496
f 497 498 481
f 481 498 483
f 484 499 482
f 482 499 367
f 370 480 367
f 367 480 482
f 480 370 477
f 477 370 478
f 500 497 479
f 479 497 481
f 451 473 380
f 380 473 377
f 448 451 379
f 379 451 380
f 501 502 504
f 504 502 503
f 449 505 507
f 507 505 506
f 486 508 505
f 505 508 506
f 508 509 506
f 506 509 510
f 511 507 510
f 510 507 506
f 509 508 512
f 512 508 513
f 515 509 514
f 514 509 512
f 509 515 510
f 510 515 516
f 510 516 511
f 511 516 517
f 486 505 485
f 485 505 518
f 505 449 518
f 518 449 448
f 383 382 403
f 403 382 404
f 363 404 364
f 364 404 382
f 403 485 383
f 383 485 407
f 519 520 361
f 361 520 362
f 522 496 521
f 521 496 495
f 450 474 451
f 451 474 473
f 363 366 523
f 523 366 524
f 525 499 488
f 488 499 484
f 488 490 525
f 525 490 526
f 496 522 520
f 520 522 527
f 494 496 519
f 519 496 520
f 492 494 528
f 528 494 519
f 529 530 495
f 495 530 521
f 490 492 526
f 526 492 528
f 529 495 531
f 531 495 493
f 533 534 532
f 532 534 535
f 523 524 533
f 533 524 534
f 486 402 532
f 532 402 533
f 529 536 530
f 530 536 537
f 536 538 537
f 537 538 539
f 540 541 539
f 539 541 537
f 530 537 535
f 535 537 541
f 542 539 543
f 543 539 538
f 539 542 540
f 540 542 544
f 541 540 513
f 513 540 512
f 540 544 512
f 512 544 514
f 546 547 545
f 545 547 548
f 549 550 531
f 531 550 551
f 550 549 552
f 552 549 553
f 546 550 554
f 554 550 552
f 547 546 555
f 555 546 554
f 498 556 558
f 558 556 557
f 559 557 560
f 560 557 556
f 561 562 560
f 560 562 559
f 557 559 552
f 552 559 554
f 559 562 554
f 554 562 555
f 558 557 553
f 553 557 552
f 475 471 563
f 563 471 564
f 565 563 567
f 567 563 566
f 471 470 564
f 564 470 466
f 564 466 568
f 568 466 465
f 568 465 569
f 569 465 570
f 572 573 571
f 571 573 574
f 569 575 567
f 567 575 576
f 577 565 576
f 576 565 567
f 578 579 581
f 581 579 580
f 575 561 576
f 576 561 560
f 556 577 560
f 560 577 576
f 577 556 497
f 497 556 498
f 565 577 500
f 500 577 497
f 563 565 475
f 475 565 500
f 553 489 558
f 558 489 487
f 531 493 549
f 549 493 491
f 489 553 491
f 491 553 549
f 394 407 518
f 518 407 485
f 518 448 394
f 394 448 379
f 545 548 538
f 538 548 543
f 551 545 536
f 536 545 538
f 536 529 551
f 551 529 531
f 507 582 449
f 449 582 450
f 511 583 507
f 507 583 582
f 511 517 583
f 583 517 584
f 585 586 588
f 588 586 587
f 590 591 589
f 589 591 592
f 591 590 593
f 593 590 594
f 596 597 595
f 595 597 598
f 599 600 602
f 602 600 601
f 604 605 603
f 603 605 606
f 608 609 607
f 607 609 610
f 612 613 611
f 611 613 614
f 615 616 618
f 618 616 617
f 620 621 619
f 619 621 622
f 624 625 623
f 623 625 626
f 628 629 627
f 627 629 630
f 632 633 631
f 631 633 634
f 635 636 638
f 638 636 637
f 639 640 642
f 642 640 641
f 644 645 643
f 643 645 646
f 619 622 647
f 647 622 648
f 650 651 649
f 649 651 652
f 601 653 602
f 602 653 654
f 656 657 655
f 655 657 658
f 660 661 659
f 659 661 662
f 664 665 663
f 663 665 666
f 593 594 667
f 667 594 668
f 669 670 672
f 672 670 671
f 673 674 676
f 676 674 675
f 633 632 677
f 677 632 678
f 663 666 679
f 679 666 680
f 681 682 684
f 684 682 683
f 686 687 685
f 685 687 688
f 690 661 689
f 689 661 691
f 693 686 692
f 692 686 685
f 695 597 694
f 694 597 668
f 594 696 668
f 668 696 694
f 697 698 696
f 696 698 699
f 700 701 697
f 697 701 698
f 702 585 703
f 703 585 588
f 671 690 672
f 672 690 689
f 640 639 704
f 704 639 705
f 679 706 663
f 663 706 658
f 708 709 707
f 707 709 710
f 711 712 610
f 610 712 607
f 713 714 716
f 716 714 715
f 717 718 720
f 720 718 719
f 722 634 721
f 721 634 633
f 724 725 723
f 723 725 726
f 728 729 727
f 727 729 730
f 732 733 731
f 731 733 734
f 707 710 735
f 735 710 736
f 643 737 644
f 644 737 738
f 740 741 739
f 739 741 742
f 608 744 743
f 743 744 745
f 747 748 746
f 746 748 749
f 751 752 750
f 750 752 753
f 754 755 757
f 757 755 756
f 758 759 761
f 761 759 760
f 763 764 762
f 762 764 765
f 767 768 766
f 766 768 769
f 771 772 770
f 770 772 773
f 775 776 774
f 774 776 777
f 779 780 778
f 778 780 781
f 783 712 782
f 782 712 784
f 785 786 788
f 788 786 787
f 790 628 789
f 789 628 627
f 792 793 791
f 791 793 794
f 795 796 726
f 726 796 723
f 798 799 797
f 797 799 800
f 721 633 801
f 801 633 677
f 797 800 802
f 802 800 803
f 805 806 804
f 804 806 807
f 809 810 808
f 808 810 811
f 813 814 812
f 812 814 815
f 809 808 817
f 817 808 816
f 818 819 804
f 804 819 805
f 820 821 818
f 818 821 819
f 821 820 587
f 587 820 822
f 809 823 810
f 810 823 824
f 814 807 815
f 815 807 806
f 826 426 825
f 825 426 223
f 426 826 427
f 427 826 827
f 828 829 454
f 454 829 830
f 831 832 677
f 677 832 801
f 834 835 833
f 833 835 836
f 838 839 837
f 837 839 840
f 841 842 844
f 844 842 843
f 845 846 803
f 803 846 802
f 847 831 678
f 678 831 677
f 848 849 851
f 851 849 850
f 853 854 852
f 852 854 855
f 857 858 856
f 856 858 680
f 860 861 859
f 859 861 862
f 864 865 863
f 863 865 866
f 868 869 867
f 867 869 870
f 839 871 840
f 840 871 872
f 849 848 874
f 874 848 873
f 876 877 875
f 875 877 878
f 880 881 879
f 879 881 882
f 883 884 886
f 886 884 885
f 846 887 802
f 802 887 888
f 890 891 889
f 889 891 888
f 893 894 892
f 892 894 895
f 896 897 728
f 728 897 729
f 899 900 898
f 898 900 901
f 902 852 904
f 904 852 903
f 849 905 850
f 850 905 906
f 875 878 907
f 907 878 908
f 910 911 909
f 909 911 912
f 914 915 913
f 913 915 916
f 917 918 862
f 862 918 859
f 919 920 856
f 856 920 921
f 923 924 922
f 922 924 925
f 926 927 925
f 925 927 922
f 929 930 928
f 928 930 693
f 932 695 931
f 931 695 694
f 823 867 824
f 824 867 933
f 935 936 934
f 934 936 937
f 938 868 823
f 823 868 867
f 940 847 939
f 939 847 678
f 632 655 678
f 678 655 939
f 941 942 619
f 619 942 620
f 687 943 688
f 688 943 944
f 851 850 945
f 945 850 903
f 850 906 903
f 903 906 904
f 946 947 949
f 949 947 948
f 951 952 950
f 950 952 953
f 955 956 954
f 954 956 957
f 907 958 875
f 875 958 874
f 960 961 959
f 959 961 962
f 963 853 902
f 902 853 852
f 909 964 910
f 910 964 965
f 967 968 966
f 966 968 969
f 971 972 970
f 970 972 973
f 974 960 975
f 975 960 959
f 977 978 976
f 976 978 979
f 981 977 980
f 980 977 976
f 980 982 981
f 981 982 983
f 985 983 984
f 984 983 982
f 984 986 985
f 985 986 987
f 989 990 988
f 988 990 991
f 993 994 992
f 992 994 995
f 997 998 996
f 996 998 999
f 1001 1002 1000
f 1000 1002 1003
f 1005 1006 1004
f 1004 1006 1007
f 1004 1008 1005
f 1005 1008 1009
f 1008 1010 1009
f 1009 1010 1011
f 1013 1011 1012
f 1012 1011 1010
f 1014 1015 1017
f 1017 1015 1016
f 1019 1020 1018
f 1018 1020 1021
f 1022 1023 976
f 976 1023 980
f 1024 1025 982
f 982 1025 984
f 992 995 1026
f 1026 995 1027
f 956 955 1028
f 1028 955 1029
f 1030 1031 1033
f 1033 1031 1032
f 1010 1008 1034
f 1034 1008 1035
f 1008 1004 1035
f 1035 1004 1036
f 1037 1038 1002
f 1002 1038 1007
f 1002 1001 1037
f 1037 1001 1039
f 1040 1041 997
f 997 1041 998
f 1015 1014 1043
f 1043 1014 1042
f 1044 1045 1047
f 1047 1045 1046
f 1044 1020 1048
f 1048 1020 1049
f 1050 1051 1003
f 1003 1051 1000
f 1052 1050 1006
f 1006 1050 1003
f 1053 1054 1011
f 1011 1054 1009
f 1013 1045 1055
f 1055 1045 1056
f 1058 1059 1057
f 1057 1059 1060
f 1062 1063 1061
f 1061 1063 1064
f 1065 1066 1050
f 1050 1066 1051
f 1067 1065 1052
f 1052 1065 1050
f 1068 1069 1054
f 1054 1069 1070
f 1071 1068 1053
f 1053 1068 1054
f 1073 1071 1072
f 1072 1071 1074
f 1074 1071 1055
f 1055 1071 1053
f 1076 1077 1075
f 1075 1077 1078
f 1079 1080 1057
f 1057 1080 1058
f 1081 1082 1064
f 1064 1082 1061
f 1084 1085 1083
f 1083 1085 1086
f 1088 1089 1087
f 1087 1089 1090
f 1092 1093 1091
f 1091 1093 1094
f 1096 1097 1095
f 1095 1097 1098
f 1099 1100 1102
f 1102 1100 1101
f 1103 1104 1099
f 1099 1104 1100
f 1106 1107 1105
f 1105 1107 1108
f 1110 1111 1109
f 1109 1111 1112
f 1114 1115 1113
f 1113 1115 1116
f 1118 1119 1117
f 1117 1119 1077
f 1117 1120 1122
f 1122 1120 1121
f 1105 1123 1106
f 1106 1123 1124
f 1125 1126 1128
f 1128 1126 1127
f 1130 1131 1129
f 1129 1131 1132
f 1134 1135 1133
f 1133 1135 1114
f 1113 1136 1114
f 1114 1136 1133
f 1118 1137 1113
f 1113 1137 1136
f 1118 1117 1137
f 1137 1117 1122
f 1139 1140 1138
f 1138 1140 1141
f 1143 953 1142
f 1142 953 952
f 1145 957 1144
f 1144 957 956
f 1028 1146 956
f 956 1146 1144
f 1014 1147 1042
f 1042 1147 1148
f 1014 1017 1147
f 1147 1017 1149
f 1059 1058 1150
f 1150 1058 1151
f 1153 1080 1152
f 1152 1080 1154
f 1156 1088 1155
f 1155 1088 1087
f 1157 1158 1106
f 1106 1158 1107
f 1106 1124 1157
f 1157 1124 1159
f 1161 1162 1160
f 1160 1162 1163
f 1165 1166 1164
f 1164 1166 1167
f 1168 1031 1012
f 1012 1031 1046
f 1024 1023 1035
f 1035 1023 1034
f 1036 1038 1025
f 1025 1038 1169
f 1170 1171 1039
f 1039 1171 1037
f 1028 1029 1042
f 1042 1029 1043
f 1172 1173 1175
f 1175 1173 1174
f 1055 1053 1013
f 1013 1053 1011
f 1005 1009 1070
f 1070 1009 1054
f 996 999 1062
f 1062 999 1063
f 1016 1060 1017
f 1017 1060 1059
f 1017 1059 1149
f 1149 1059 1150
f 1177 1178 1176
f 1176 1178 1103
f 1176 1072 1179
f 1179 1072 1074
f 1073 1102 1086
f 1086 1102 1083
f 1180 1181 1067
f 1067 1181 1065
f 1182 1183 1184
f 1184 1183 1181
f 1186 1187 1185
f 1185 1187 1188
f 1189 1190 798
f 798 1190 799
f 1192 1193 1191
f 1191 1193 1194
f 1195 1196 1194
f 1194 1196 1191
f 1196 1195 1198
f 1198 1195 1197
f 1200 674 1199
f 1199 674 673
f 928 1201 1203
f 1203 1201 1202
f 861 1204 862
f 862 1204 921
f 1205 1206 913
f 913 1206 1207
f 882 1208 879
f 879 1208 1209
f 1210 1211 1167
f 1167 1211 1164
f 1212 769 1213
f 1213 769 768
f 727 1214 728
f 728 1214 1215
f 1217 1218 1216
f 1216 1218 1219
f 1220 813 1221
f 1221 813 812
f 827 828 427
f 427 828 454
f 1223 1224 1222
f 1222 1224 1165
f 1226 1227 1225
f 1225 1227 1228
f 851 1229 848
f 848 1229 1230
f 834 854 835
f 835 854 1231
f 1233 1234 1232
f 1232 1234 1235
f 1237 751 1236
f 1236 751 750
f 743 819 1238
f 1238 819 821
f 1240 1241 1239
f 1239 1241 1242
f 1244 1245 1243
f 1243 1245 1246
f 844 1247 841
f 841 1247 1248
f 1250 1251 1249
f 1249 1251 1252
f 1254 893 1253
f 1253 893 1237
f 1255 1256 1258
f 1258 1256 1257
f 1260 1261 1259
f 1259 1261 1262
f 945 903 855
f 855 903 852
f 855 1263 945
f 945 1263 1264
f 832 845 801
f 801 845 803
f 800 721 803
f 803 721 801
f 721 800 722
f 722 800 799
f 1266 1267 1265
f 1265 1267 1268
f 1270 795 1269
f 1269 795 726
f 725 1271 726
f 726 1271 1269
f 737 765 738
f 738 765 764
f 759 740 760
f 760 740 739
f 717 1272 1274
f 1274 1272 1273
f 1163 1226 1275
f 1275 1226 1225
f 1277 882 1276
f 1276 882 881
f 1041 1040 1027
f 1027 1040 1026
f 900 935 901
f 901 935 934
f 1164 1278 1165
f 1165 1278 1222
f 1211 1279 1164
f 1164 1279 1278
f 442 1280 453
f 453 1280 1281
f 788 1282 785
f 785 1282 1283
f 1285 1286 1284
f 1284 1286 1287
f 1284 1288 1285
f 1285 1288 1289
f 757 1289 754
f 754 1289 1288
f 605 604 675
f 675 604 676
f 1290 1291 1293
f 1293 1291 1292
f 1295 1296 1294
f 1294 1296 1297
f 696 699 694
f 694 699 931
f 1298 1299 592
f 592 1299 589
f 1299 1300 589
f 589 1300 700
f 1300 1301 700
f 700 1301 701
f 743 745 819
f 819 745 805
f 1303 1304 1302
f 1302 1304 1305
f 1306 1307 1305
f 1305 1307 1302
f 609 1298 610
f 610 1298 592
f 587 822 588
f 588 822 1308
f 703 588 1309
f 1309 588 1308
f 1310 703 571
f 571 703 1309
f 1311 1312 789
f 789 1312 790
f 825 223 1313
f 1313 223 220
f 219 1314 220
f 220 1314 1313
f 1315 1316 1311
f 1311 1316 1312
f 1317 1318 1319
f 1319 1318 1241
f 441 1320 442
f 442 1320 1280
f 1321 217 572
f 572 217 216
f 1323 1230 1322
f 1322 1230 1229
f 1324 1325 631
f 631 1325 656
f 1034 1168 1010
f 1010 1168 1012
f 1327 1328 1326
f 1326 1328 1329
f 1331 1202 1330
f 1330 1202 1201
f 571 1309 572
f 572 1309 1321
f 573 572 1332
f 1332 572 216
f 1334 1335 1333
f 1333 1335 1336
f 1337 1338 918
f 918 1338 859
f 1339 863 1340
f 1340 863 866
f 1341 1342 1344
f 1344 1342 1343
f 1345 1346 919
f 919 1346 920
f 1347 1348 673
f 673 1348 1199
f 693 1349 928
f 928 1349 1201
f 1351 1257 1350
f 1350 1257 1256
f 1350 1352 1351
f 1351 1352 1353
f 653 930 654
f 654 930 662
f 1279 1354 1278
f 1278 1354 1355
f 1357 1358 1356
f 1356 1358 1359
f 937 1360 1140
f 1140 1360 1361
f 1225 1228 909
f 909 1228 964
f 901 934 1362
f 1362 934 1139
f 1364 1365 1363
f 1363 1365 1362
f 1367 912 1366
f 1366 912 911
f 1143 1142 1368
f 1368 1142 1369
f 1144 1186 1145
f 1145 1186 1185
f 1146 1175 1144
f 1144 1175 1186
f 1175 1146 1172
f 1172 1146 1148
f 1147 1018 1148
f 1148 1018 1172
f 1018 1147 1019
f 1019 1147 1149
f 1149 1150 1019
f 1019 1150 1370
f 1150 1151 1370
f 1370 1151 1371
f 1151 1153 1371
f 1371 1153 1177
f 1152 1156 1178
f 1178 1156 1372
f 1155 1158 1373
f 1373 1158 1374
f 1157 1159 1376
f 1376 1159 1375
f 1378 1379 1377
f 1377 1379 1380
f 1382 1383 1381
f 1381 1383 1384
f 1382 1386 1385
f 1385 1386 1387
f 1386 1233 1387
f 1387 1233 1232
f 1389 1390 1388
f 1388 1390 1391
f 1393 1394 1392
f 1392 1394 1395
f 1397 1398 1396
f 1396 1398 1399
f 629 1397 630
f 630 1397 1396
f 1342 1400 1343
f 1343 1400 1401
f 1403 1404 1402
f 1402 1404 1405
f 1407 1408 1406
f 1406 1408 1409
f 1411 1412 1410
f 1410 1412 1413
f 793 1414 794
f 794 1414 1415
f 1417 1341 1416
f 1416 1341 1344
f 704 705 1347
f 1347 705 1418
f 741 1419 742
f 742 1419 1420
f 1422 669 1421
f 1421 669 672
f 645 1423 646
f 646 1423 1424
f 1196 1198 614
f 614 1198 611
f 613 1425 614
f 614 1425 1426
f 1427 616 659
f 659 616 660
f 614 1426 1196
f 1196 1426 1191
f 696 594 697
f 697 594 590
f 697 590 700
f 700 590 589
f 703 1310 702
f 702 1310 1428
f 1421 672 1192
f 1192 672 689
f 1271 648 1269
f 1269 648 622
f 621 1270 622
f 622 1270 1269
f 1429 1430 1417
f 1417 1430 1341
f 1431 1432 1434
f 1434 1432 1433
f 1436 1437 1435
f 1435 1437 1438
f 1440 1441 1439
f 1439 1441 1442
f 1443 1444 1446
f 1446 1444 1445
f 823 809 938
f 938 809 817
f 810 1447 811
f 811 1447 1448
f 1449 1450 679
f 679 1450 706
f 913 916 1205
f 1205 916 1451
f 1275 1225 912
f 912 1225 909
f 1452 1453 880
f 880 1453 881
f 1444 1401 1445
f 1445 1401 1400
f 936 1454 937
f 937 1454 1360
f 824 1455 810
f 810 1455 1447
f 631 656 632
f 632 656 655
f 966 1456 967
f 967 1456 1457
f 1459 1460 1458
f 1458 1460 1461
f 1460 1462 1461
f 1461 1462 1463
f 972 974 973
f 973 974 975
f 990 995 991
f 991 995 994
f 1464 1187 1033
f 1033 1187 1174
f 1018 1021 1172
f 1172 1021 1173
f 1000 999 1001
f 1001 999 998
f 976 979 1022
f 1022 979 1032
f 1023 1024 980
f 980 1024 982
f 989 986 1171
f 1171 986 1169
f 1171 1170 989
f 989 1170 990
f 1170 1027 990
f 990 1027 995
f 1041 1039 998
f 998 1039 1001
f 1051 1063 1000
f 1000 1063 999
f 1066 1064 1051
f 1051 1064 1063
f 1183 1081 1066
f 1066 1081 1064
f 1178 1372 1103
f 1103 1372 1104
f 1092 1091 1465
f 1465 1091 1182
f 1467 1465 1466
f 1466 1465 1468
f 1469 1470 1184
f 1184 1470 1468
f 1095 1098 1471
f 1471 1098 1101
f 1076 1374 1120
f 1120 1374 1376
f 1110 1472 1127
f 1127 1472 1132
f 1472 1473 1132
f 1132 1473 1129
f 1474 1475 1466
f 1466 1475 1473
f 1119 1118 1116
f 1116 1118 1113
f 1375 1121 1376
f 1376 1121 1120
f 1127 1132 1128
f 1128 1132 1131
f 1227 1476 1228
f 1228 1476 1361
f 1365 1477 1362
f 1362 1477 872
f 1478 1479 1323
f 1323 1479 1230
f 1480 1481 914
f 914 1481 915
f 913 1277 914
f 914 1277 1276
f 1168 1034 1022
f 1022 1034 1023
f 1035 1036 1024
f 1024 1036 1025
f 1039 1041 1170
f 1170 1041 1027
f 1042 1148 1028
f 1028 1148 1146
f 968 1459 969
f 969 1459 1458
f 1482 1483 664
f 664 1483 665
f 1485 1486 1484
f 1484 1486 1487
f 1489 1490 1488
f 1488 1490 1491
f 1492 1493 722
f 722 1493 634
f 1495 1496 1494
f 1494 1496 1497
f 1498 1207 1339
f 1339 1207 863
f 1224 1499 1165
f 1165 1499 1166
f 1160 1163 1500
f 1500 1163 1275
f 1500 877 1160
f 1160 877 1501
f 876 873 1502
f 1502 873 1479
f 945 1264 851
f 851 1264 1229
f 835 1231 839
f 839 1231 871
f 1503 1283 778
f 778 1283 1282
f 716 715 1505
f 1505 715 1504
f 1446 1445 1507
f 1507 1445 1506
f 779 792 1381
f 1381 792 791
f 1430 1409 1341
f 1341 1409 1342
f 1411 1429 1508
f 1508 1429 1417
f 635 1510 1509
f 1509 1510 1511
f 1377 1380 1315
f 1315 1380 1316
f 1445 1400 1506
f 1506 1400 1408
f 918 917 1336
f 1336 917 1333
f 1513 1514 1512
f 1512 1514 870
f 1515 1516 1363
f 1363 1516 1364
f 1453 1517 881
f 881 1517 1276
f 992 1518 993
f 993 1518 1519
f 1520 1029 1518
f 1518 1029 955
f 1520 1026 1521
f 1521 1026 1040
f 1522 1015 1521
f 1521 1015 1043
f 996 1523 997
f 997 1523 1522
f 1060 1016 1524
f 1524 1016 1523
f 1061 1525 1062
f 1062 1525 1524
f 1079 1527 1526
f 1526 1527 1528
f 1093 1529 1094
f 1094 1529 1528
f 1111 1530 1112
f 1112 1530 1531
f 1532 1533 1105
f 1105 1533 1123
f 934 937 1139
f 1139 937 1140
f 1138 1363 1139
f 1139 1363 1362
f 1534 1222 1355
f 1355 1222 1278
f 1535 1223 1534
f 1534 1223 1222
f 821 587 1238
f 1238 587 586
f 1319 711 1317
f 1317 711 1536
f 1538 1200 1537
f 1537 1200 1199
f 1508 1417 1539
f 1539 1417 1416
f 1540 1541 840
f 840 1541 837
f 1231 898 871
f 871 898 901
f 1500 1275 1367
f 1367 1275 912
f 1543 1379 1542
f 1542 1379 1395
f 1539 772 1508
f 1508 772 1544
f 1546 1403 1545
f 1545 1403 1402
f 1548 1549 1547
f 1547 1549 1550
f 1552 1548 1551
f 1551 1548 1547
f 1554 1555 1553
f 1553 1555 1556
f 1558 1559 1557
f 1557 1559 1560
f 1562 1563 1561
f 1561 1563 1564
f 1566 1567 1565
f 1565 1567 1568
f 1570 1571 1569
f 1569 1571 1572
f 1574 1575 1573
f 1573 1575 1576
f 1577 1578 1572
f 1572 1578 1569
f 1580 1581 1579
f 1579 1581 1582
f 1584 1585 1583
f 1583 1585 1586
f 1588 1555 1587
f 1587 1555 1589
f 1591 1592 1590
f 1590 1592 1593
f 1595 1596 1594
f 1594 1596 1597
f 1596 1581 1597
f 1597 1581 1576
f 1599 1570 1598
f 1598 1570 1569
f 1601 1602 1600
f 1600 1602 1603
f 1605 1606 1604
f 1604 1606 1607
f 1608 1609 1568
f 1568 1609 1565
f 1611 1612 1610
f 1610 1612 1613
f 1615 1616 1614
f 1614 1616 1617
f 1619 1617 1618
f 1618 1617 1616
f 1621 1622 1620
f 1620 1622 1623
f 1625 1626 1624
f 1624 1626 1627
f 1629 1630 1628
f 1628 1630 1631
f 1633 1634 1632
f 1632 1634 1635
f 1636 1637 1639
f 1639 1637 1638
f 1641 1642 1640
f 1640 1642 1643
f 1624 1627 1644
f 1644 1627 1645
f 1647 1648 1646
f 1646 1648 1649
f 1651 1652 1650
f 1650 1652 1653
f 1655 1656 1654
f 1654 1656 1657
f 1659 1660 1658
f 1658 1660 1661
f 1662 1663 1631
f 1631 1663 1628
f 1651 1665 1664
f 1664 1665 1666
f 1667 1656 1619
f 1619 1656 1617
f 1669 1670 1668
f 1668 1670 1671
f 1632 1635 1672
f 1672 1635 1673
f 1674 1675 1638
f 1638 1675 1639
f 1677 1678 1676
f 1676 1678 1679
f 1680 1640 1681
f 1681 1640 1643
f 1682 1683 1643
f 1643 1683 1681
f 1670 1669 1235
f 1235 1669 1232
f 1396 1399 1674
f 1674 1399 1675
f 627 630 1679
f 1679 630 1676
f 1681 1315 1680
f 1680 1315 1311
f 1683 1377 1681
f 1681 1377 1315
f 1672 1673 1387
f 1387 1673 1385
f 1636 1684 1646
f 1646 1684 1685
f 1687 1688 1686
f 1686 1688 1689
f 1585 1690 1586
f 1586 1690 1691
f 1599 1692 1551
f 1551 1692 1693
f 1552 1558 1694
f 1694 1558 1557
f 1696 1615 1695
f 1695 1615 1614
f 1698 1699 1697
f 1697 1699 1623
f 1700 1701 1703
f 1703 1701 1702
f 1705 1706 1704
f 1704 1706 1707
f 1708 1709 1640
f 1640 1709 1641
f 1710 1711 1713
f 1713 1711 1712
f 1652 1655 1653
f 1653 1655 1654
f 1714 1699 1712
f 1712 1699 1713
f 1715 1710 1716
f 1716 1710 1713
f 1717 1708 1680
f 1680 1708 1640
f 1393 1392 1715
f 1715 1392 1710
f 1719 1720 1718
f 1718 1720 1721
f 1680 1311 1717
f 1717 1311 789
f 1378 1711 1392
f 1392 1711 1710
f 1388 1391 1719
f 1719 1391 1720
f 1723 1606 1722
f 1722 1606 1689
f 1725 1568 1724
f 1724 1568 1567
f 1726 1647 1685
f 1685 1647 1646
f 1728 1554 1727
f 1727 1554 1553
f 1591 1687 1600
f 1600 1687 1686
f 1730 1595 1729
f 1729 1595 1594
f 1601 1605 1731
f 1731 1605 1604
f 1733 1663 1732
f 1732 1663 1734
f 1736 1639 1735
f 1735 1639 1675
f 1658 1644 1737
f 1737 1644 1645
f 1726 1662 1724
f 1724 1662 1631
f 1399 1738 1675
f 1675 1738 1735
f 1621 1667 1739
f 1739 1667 1619
f 1714 1740 1620
f 1620 1740 1741
f 1592 1549 1593
f 1593 1549 1742
f 1602 1571 1603
f 1603 1571 1550
f 1688 1690 1689
f 1689 1690 1722
f 1588 1559 1582
f 1582 1559 1579
f 1673 1735 1385
f 1385 1735 1738
f 1387 1232 1672
f 1672 1232 1669
f 1580 1692 1573
f 1573 1692 1743
f 1377 1683 1378
f 1378 1683 1711
f 1664 1666 1744
f 1744 1666 1745
f 1744 1696 1664
f 1664 1696 1695
f 1746 1747 1732
f 1732 1747 1748
f 1749 1750 1677
f 1677 1750 1678
f 1709 1708 1750
f 1750 1708 1678
f 1668 1632 1669
f 1669 1632 1672
f 1633 1746 1734
f 1734 1746 1732
f 1679 1678 1717
f 1717 1678 1708
f 789 627 1717
f 1717 627 1679
f 1563 1723 1564
f 1564 1723 1722
f 1728 1584 1751
f 1751 1584 1583
f 1674 1676 1396
f 1396 1676 630
f 1666 1566 1745
f 1745 1566 1565
f 1627 1629 1645
f 1645 1629 1628
f 1637 1749 1638
f 1638 1749 1677
f 1648 1665 1649
f 1649 1665 1752
f 1740 1642 1741
f 1741 1642 1657
f 1676 1674 1677
f 1677 1674 1638
f 1683 1682 1711
f 1711 1682 1712
f 1618 1753 1619
f 1619 1753 1739
f 1701 1739 1702
f 1702 1739 1753
f 1754 1214 1756
f 1756 1214 1755
f 647 1757 619
f 619 1757 941
f 1759 1193 1758
f 1758 1193 691
f 1419 1760 1420
f 1420 1760 1761
f 682 1762 683
f 683 1762 1763
f 1412 780 1413
f 1413 780 1384
f 1383 1398 1384
f 1384 1398 1413
f 1197 1424 1764
f 1764 1424 1423
f 1537 1287 1538
f 1538 1287 1286
f 1634 1684 1635
f 1635 1684 1736
f 1724 1631 1725
f 1725 1631 1630
f 1562 1730 1610
f 1610 1730 1729
f 1735 1673 1736
f 1736 1673 1635
f 1757 1195 941
f 941 1195 1194
f 1766 200 1765
f 1765 200 199
f 475 500 476
f 476 500 479
f 498 558 483
f 483 558 487
f 545 551 546
f 546 551 550
f 453 1281 219
f 219 1281 1314
f 298 453 208
f 208 453 219
f 368 1765 1767
f 1767 1765 199
f 523 405 363
f 363 405 404
f 523 533 405
f 405 533 402
f 298 208 299
f 299 208 207
f 299 207 176
f 176 207 300
f 176 300 173
f 173 300 202
f 173 202 174
f 174 202 201
f 1337 918 1768
f 1768 918 1336
f 1769 1770 1338
f 1338 1770 859
f 581 570 578
f 578 570 1771
f 555 562 580
f 580 562 561
f 504 1772 501
f 501 1772 548
f 517 542 584
f 584 542 543
f 515 514 516
f 516 514 544
f 542 517 544
f 544 517 516
f 561 575 580
f 580 575 581
f 575 569 581
f 581 569 570
f 501 548 1773
f 1773 548 547
f 1774 1775 570
f 570 1775 1771
f 369 368 1776
f 1776 368 1767
f 372 369 375
f 375 369 1776
f 822 1280 1308
f 1308 1280 1320
f 820 1281 822
f 822 1281 1280
f 818 1314 820
f 820 1314 1281
f 1314 818 1313
f 1313 818 804
f 807 814 825
f 825 814 826
f 814 813 826
f 826 813 827
f 813 1220 827
f 827 1220 828
f 580 579 555
f 555 579 547
f 1477 1540 872
f 872 1540 840
f 367 499 368
f 368 499 1765
f 1766 1765 525
f 525 1765 499
f 1777 1766 526
f 526 1766 525
f 520 527 362
f 362 527 384
f 361 1778 519
f 519 1778 528
f 371 1779 372
f 372 1779 369
f 369 1779 370
f 370 1779 478
f 1779 371 478
f 478 371 374
f 1778 1777 528
f 528 1777 526
f 1781 1782 1780
f 1780 1782 1783
f 431 460 67
f 67 460 64
f 68 338 74
f 74 338 72
f 1785 1782 1784
f 1784 1782 1786
f 1787 1788 1790
f 1790 1788 1789
f 1792 1789 1791
f 1791 1789 1793
f 1791 1794 1792
f 1792 1794 1795
f 1794 1796 1795
f 1795 1796 1797
f 1797 1798 938
f 938 1798 868
f 1798 1799 868
f 868 1799 869
f 1801 1802 1800
f 1800 1802 1451
f 1803 1804 1205
f 1205 1804 1206
f 1805 1806 864
f 864 1806 865
f 1806 1807 865
f 865 1807 1808
f 68 71 338
f 287 328 288
f 1320 1321 1308
f 1308 1321 1309
f 1320 441 1321
f 1321 441 217
f 441 152 217
f 217 152 218
f 151 286 152
f 152 286 218
f 297 310 151
f 151 310 286
f 296 307 297
f 297 307 310
f 296 143 307
f 307 143 284
f 143 56 284
f 284 56 104
f 56 59 104
f 104 59 63
f 59 102 63
f 63 102 60
f 102 94 60
f 60 94 282
f 93 459 279
f 279 459 77
f 459 460 77
f 77 460 78
f 460 431 78
f 78 431 295
f 431 49 295
f 295 49 292
f 48 421 49
f 49 421 292
f 276 278 418
f 418 278 429
f 317 432 278
f 278 432 429
f 432 317 433
f 433 317 316
f 326 324 316
f 316 324 433
f 1536 592 1809
f 1809 592 591
f 1810 744 1812
f 1812 744 1811
f 1814 1815 1813
f 1813 1815 1816
f 1817 748 1818
f 1818 748 747
f 1812 1819 1810
f 1810 1819 1817
f 1820 1821 748
f 748 1821 749
f 1823 1824 1822
f 1822 1824 1825
f 1827 1828 1826
f 1826 1828 1829
f 1831 1832 1830
f 1830 1832 1833
f 1834 1827 1243
f 1243 1827 1826
f 1313 804 825
f 825 804 807
f 1835 1253 1236
f 1236 1253 1237
f 1836 1837 1438
f 1438 1837 1435
f 1838 1505 1840
f 1840 1505 1839
f 1841 1842 716
f 716 1842 713
f 1843 1844 1510
f 1510 1844 1845
f 1847 1848 1846
f 1846 1848 1849
f 1850 1240 1822
f 1822 1240 1239
f 636 1831 637
f 637 1831 1830
f 1852 1853 1851
f 1851 1853 1854
f 1855 1856 1858
f 1858 1856 1857
f 1846 1849 1859
f 1859 1849 1860
f 1343 1401 1509
f 1509 1401 1861
f 1509 1861 635
f 635 1861 636
f 1863 1864 1862
f 1862 1864 1865
f 1283 1503 1867
f 1867 1503 1866
f 1868 1867 681
f 681 1867 682
f 1286 1285 683
f 683 1285 684
f 757 756 1274
f 1274 756 1869
f 1274 1869 717
f 717 1869 718
f 1434 1433 719
f 719 1433 720
f 1200 1538 1545
f 1545 1538 1763
f 1285 1289 684
f 684 1289 1273
f 684 1273 681
f 681 1273 1272
f 785 1283 1868
f 1868 1283 1867
f 786 785 1870
f 1870 785 1868
f 1289 757 1273
f 1273 757 1274
f 1539 1416 1871
f 1871 1416 1872
f 773 1871 1403
f 1403 1871 1404
f 675 674 1405
f 1405 674 1402
f 1864 1873 1865
f 1865 1873 1874
f 638 1843 635
f 635 1843 1510
f 1344 1343 1511
f 1511 1343 1509
f 772 1539 773
f 773 1539 1871
f 674 1200 1402
f 1402 1200 1545
f 1538 1286 1763
f 1763 1286 683
f 1444 1443 1875
f 1875 1443 1876
f 1875 1876 1831
f 1831 1876 1832
f 1416 1344 1872
f 1872 1344 1511
f 1877 1878 774
f 774 1878 1879
f 1878 1847 1879
f 1879 1847 1846
f 1880 714 1881
f 1881 714 1848
f 1401 1444 1861
f 1861 1444 1875
f 1861 1875 636
f 636 1875 1831
f 1823 1863 1882
f 1882 1863 1862
f 1441 1440 1884
f 1884 1440 1883
f 1883 1852 1884
f 1884 1852 1851
f 1886 1887 1885
f 1885 1887 1888
f 1358 1889 1359
f 1359 1889 1890
f 1891 1886 1892
f 1892 1886 1885
f 774 1879 775
f 775 1879 1893
f 1859 1893 1846
f 1846 1893 1879
f 713 1842 1849
f 1849 1842 1860
f 1318 1895 1894
f 1894 1895 1896
f 1873 1897 1874
f 1874 1897 1898
f 1898 605 1899
f 1899 605 675
f 1405 1844 675
f 675 1844 1899
f 1404 1845 1405
f 1405 1845 1844
f 593 1296 591
f 591 1296 1809
f 1295 1292 1900
f 1900 1292 1895
f 606 1897 1291
f 1291 1897 1896
f 1510 1845 1511
f 1511 1845 1872
f 1871 1872 1404
f 1404 1872 1845
f 1866 770 1762
f 1762 770 1546
f 1762 682 1866
f 1866 682 1867
f 1870 1868 1272
f 1272 1868 681
f 1272 717 1870
f 1870 717 720
f 1870 720 786
f 786 720 1433
f 786 1433 787
f 787 1433 1432
f 1261 1414 1432
f 1432 1414 787
f 1389 1234 1260
f 1260 1234 1415
f 1719 1670 1388
f 1388 1670 1235
f 1718 1671 1719
f 1719 1671 1670
f 1705 1747 1718
f 1718 1747 1671
f 1659 1901 1704
f 1704 1901 1748
f 1877 1903 1902
f 1902 1903 1904
f 1259 1905 1390
f 1390 1905 1394
f 1715 1720 1393
f 1393 1720 1391
f 1716 1721 1715
f 1715 1721 1720
f 1698 1706 1716
f 1716 1706 1721
f 277 276 47
f 47 276 48
f 84 96 81
f 81 96 82
f 80 70 81
f 81 70 85
f 99 97 88
f 88 97 89
f 90 100 88
f 88 100 99
f 101 95 102
f 102 95 94
f 1906 1907 280
f 280 1907 281
f 97 86 89
f 89 86 85
f 60 282 61
f 61 282 281
f 83 82 46
f 46 82 47
f 293 292 420
f 420 292 421
f 419 1908 420
f 420 1908 1909
f 92 95 91
f 91 95 90
f 279 282 93
f 93 282 94
f 276 418 48
f 48 418 421
f 1910 1660 1697
f 1697 1660 1707
f 1703 1624 1700
f 1700 1624 1644
f 1622 1910 1623
f 1623 1910 1697
f 1701 1700 1911
f 1911 1700 1661
f 1700 1644 1661
f 1661 1644 1658
f 1901 1737 1733
f 1733 1737 1645
f 1625 1912 1604
f 1604 1912 1731
f 1912 1913 1731
f 1731 1913 1914
f 1913 1577 1914
f 1914 1577 1572
f 1915 1578 1616
f 1616 1578 1618
f 1915 1916 1598
f 1598 1916 1743
f 1916 1574 1743
f 1743 1574 1573
f 1575 1917 1576
f 1576 1917 1597
f 1917 1609 1597
f 1597 1609 1594
f 1608 1611 1729
f 1729 1611 1610
f 1918 1612 1629
f 1629 1612 1630
f 1626 1918 1627
f 1627 1918 1629
f 1920 1921 1919
f 1919 1921 1922
f 1920 1924 1923
f 1923 1924 1925
f 1926 1927 1924
f 1924 1927 1925
f 1929 1930 1928
f 1928 1930 1931
f 1932 1933 1935
f 1935 1933 1934
f 1937 1938 1936
f 1936 1938 1939
f 1941 1942 1940
f 1940 1942 1943
f 1941 1945 1944
f 1944 1945 1946
f 1947 1948 1694
f 1694 1948 1949
f 1950 1951 1953
f 1953 1951 1952
f 1955 1956 1954
f 1954 1956 1589
f 1958 1956 1957
f 1957 1956 1932
f 1960 1934 1959
f 1959 1934 1933
f 1962 1963 1961
f 1961 1963 1964
f 1965 1955 1751
f 1751 1955 1954
f 1935 1930 1932
f 1932 1930 1957
f 1951 1950 1926
f 1926 1950 1929
f 1966 1967 1593
f 1593 1967 1590
f 1969 1967 1968
f 1968 1967 1964
f 1962 1921 1970
f 1970 1921 1971
f 1963 1945 1964
f 1964 1945 1968
f 1972 1948 1922
f 1922 1948 1919
f 1966 1972 1961
f 1961 1972 1922
f 1958 1953 1587
f 1587 1953 1560
f 1974 1975 1973
f 1973 1975 1976
f 1978 1979 1977
f 1977 1979 1691
f 1979 1975 1691
f 1691 1975 1586
f 1938 1942 1939
f 1939 1942 1980
f 1952 1947 1557
f 1557 1947 1694
f 1969 1978 1981
f 1981 1978 1977
f 1983 1984 1982
f 1982 1984 1985
f 1986 1987 1989
f 1989 1987 1988
f 1990 1991 1983
f 1983 1991 1984
f 1990 1993 1992
f 1992 1993 1994
f 1995 1996 1994
f 1994 1996 1997
f 1999 2000 1998
f 1998 2000 2001
f 2003 2004 2002
f 2002 2004 2005
f 2007 2008 2006
f 2006 2008 2009
f 2011 2012 2010
f 2010 2012 2013
f 2014 2015 2017
f 2017 2015 2016
f 2018 2019 2021
f 2021 2019 2020
f 2022 1989 2024
f 2024 1989 2023
f 1989 1988 2023
f 2023 1988 2025
f 2026 2027 2017
f 2017 2027 2014
f 2029 2030 2028
f 2028 2030 2031
f 2033 2034 2032
f 2032 2034 2035
f 2032 2035 2036
f 2036 2035 2037
f 2039 2040 2038
f 2038 2040 2041
f 1982 2042 1983
f 1983 2042 2043
f 2045 2046 2044
f 2044 2046 2047
f 2049 2050 2048
f 2048 2050 2051
f 2053 2054 2052
f 2052 2054 2055
f 2057 2058 2056
f 2056 2058 2059
f 2060 2061 2033
f 2033 2061 2034
f 2063 2064 2062
f 2062 2064 2065
f 2066 2035 2067
f 2067 2035 2034
f 2069 2039 2068
f 2068 2039 2038
f 2025 2070 2023
f 2023 2070 2071
f 2072 2024 2071
f 2071 2024 2023
f 2074 2020 2073
f 2073 2020 2019
f 2050 2049 2047
f 2047 2049 2075
f 1983 2043 1990
f 1990 2043 1993
f 2006 2050 2007
f 2007 2050 2076
f 2050 2006 2051
f 2051 2006 2077
f 2079 2080 2078
f 2078 2080 2081
f 2082 2083 2085
f 2085 2083 2084
f 2010 2013 2086
f 2086 2013 2087
f 2089 2033 2088
f 2088 2033 2032
f 2090 2060 2089
f 2089 2060 2033
f 2092 2093 2091
f 2091 2093 2094
f 2096 1986 2095
f 2095 1986 2097
f 2097 1986 2022
f 2022 1986 1989
f 2015 2094 2016
f 2016 2094 2098
f 2016 2098 2100
f 2100 2098 2099
f 2017 2016 2101
f 2101 2016 2100
f 2017 2101 2026
f 2026 2101 2102
f 2100 2099 2104
f 2104 2099 2103
f 2104 2105 2100
f 2100 2105 2101
f 2105 2106 2101
f 2101 2106 2102
f 2108 2061 2107
f 2107 2061 2109
f 2111 2112 2110
f 2110 2112 2020
f 2020 2074 2110
f 2110 2074 2113
f 2115 2116 2114
f 2114 2116 2117
f 2118 2119 1995
f 1995 2119 2120
f 2121 2122 2027
f 2027 2122 2014
f 2047 2075 2044
f 2044 2075 2123
f 2124 2125 2127
f 2127 2125 2126
f 2129 2130 2128
f 2128 2130 2131
f 2132 2133 2057
f 2057 2133 2058
f 2134 1999 2136
f 2136 1999 2135
f 2055 2138 2137
f 2137 2138 2139
f 2141 2142 2140
f 2140 2142 2143
f 2083 2082 2064
f 2064 2082 2065
f 2082 2144 2065
f 2065 2144 2145
f 2040 2146 2041
f 2041 2146 2147
f 2060 2090 2148
f 2148 2090 2149
f 2048 2051 2137
f 2137 2051 2150
f 2151 1997 2135
f 2135 1997 1996
f 2152 2150 2077
f 2077 2150 2051
f 2046 2045 2118
f 2118 2045 2119
f 2154 2155 2153
f 2153 2155 2156
f 2158 2159 2157
f 2157 2159 2160
f 2162 2163 2161
f 2161 2163 2164
f 2164 2163 2165
f 2165 2163 2166
f 2168 2169 2167
f 2167 2169 2170
f 2003 2172 2171
f 2171 2172 2173
f 2174 2175 2002
f 2002 2175 2176
f 2145 2177 2065
f 2065 2177 2062
f 2178 2179 2180
f 2180 2179 2134
f 2181 2052 2152
f 2152 2052 2150
f 2040 2127 2146
f 2146 2127 2182
f 2130 2162 2131
f 2131 2162 2161
f 2052 2055 2150
f 2150 2055 2137
f 2184 2185 2183
f 2183 2185 2186
f 2159 2030 2160
f 2160 2030 2187
f 2146 2182 2029
f 2029 2182 2188
f 2189 2190 2192
f 2192 2190 2191
f 2172 2003 2176
f 2176 2003 2002
f 1998 2151 1999
f 1999 2151 2135
f 2177 2172 2062
f 2062 2172 2176
f 2172 2177 2173
f 2173 2177 2193
f 2063 2194 2064
f 2064 2194 2195
f 2066 2197 2196
f 2196 2197 2198
f 2002 2005 2174
f 2174 2005 2199
f 2004 2003 2200
f 2200 2003 2171
f 2198 2201 2171
f 2171 2201 2200
f 2197 2202 2198
f 2198 2202 2201
f 2202 2197 2203
f 2203 2197 2204
f 2196 2198 2173
f 2173 2198 2171
f 2205 2069 2170
f 2170 2069 2206
f 2197 2066 2204
f 2204 2066 2067
f 2107 2207 2108
f 2108 2207 2208
f 2210 2208 2209
f 2209 2208 2207
f 2185 2211 2212
f 2213 2214 2211
f 2211 2214 2212
f 1998 2001 2213
f 2213 2001 2214
f 2134 2215 1999
f 1999 2215 2000
f 2216 2217 2219
f 2219 2217 2218
f 2206 2220 2170
f 2170 2220 2167
f 2069 2068 2206
f 2206 2068 2221
f 2151 1998 2222
f 2222 1998 2213
f 2124 2039 2205
f 2205 2039 2069
f 2142 2223 2143
f 2143 2223 2128
f 2203 2186 2202
f 2202 2186 2185
f 2185 2184 2211
f 2211 2184 2224
f 2224 2225 2222
f 2222 2225 2226
f 2071 2227 2072
f 2072 2227 2228
f 2229 2074 2230
f 2230 2074 2073
f 2074 2229 2113
f 2113 2229 2231
f 2232 2225 2227
f 2227 2225 2224
f 2233 2234 2031
f 2031 2234 2028
f 2236 2231 2235
f 2235 2231 2229
f 2230 2183 2229
f 2229 2183 2235
f 2237 1987 2096
f 2096 1987 1986
f 2152 2238 2181
f 2181 2238 2239
f 2080 2240 2081
f 2081 2240 2241
f 2236 2242 1971
f 1971 2242 1970
f 1925 2113 1923
f 1923 2113 2231
f 2110 1927 2111
f 2111 1927 1928
f 2103 2111 1931
f 1931 2111 1928
f 1931 2243 2103
f 2103 2243 2104
f 2105 2104 2244
f 2244 2104 2243
f 1939 1980 2148
f 2148 1980 2109
f 1980 1944 2109
f 2109 1944 2107
f 1946 2245 2207
f 2207 2245 2209
f 2245 1970 2209
f 2209 1970 2242
f 2231 2236 1923
f 1923 2236 1971
f 2113 1925 2110
f 2110 1925 1927
f 2234 2246 2028
f 2028 2246 2147
f 2247 2248 2058
f 2058 2248 2059
f 2114 2117 2249
f 2249 2117 2250
f 2252 2253 2251
f 2251 2253 2254
f 2094 2015 2091
f 2091 2015 2255
f 2256 2255 2014
f 2014 2255 2015
f 2257 2145 2258
f 2258 2145 2144
f 2131 2161 2123
f 2123 2161 2044
f 2045 2044 2164
f 2164 2044 2161
f 2045 2164 2119
f 2119 2164 2165
f 2259 2120 2165
f 2165 2120 2119
f 2260 2261 2259
f 2259 2261 2120
f 2205 2262 2124
f 2124 2262 2125
f 2180 2263 2178
f 2178 2263 2264
f 2265 2266 2092
f 2092 2266 2093
f 1992 2267 2268
f 2184 2228 2224
f 2224 2228 2227
f 2048 2269 2049
f 2049 2269 2141
f 2129 2168 2157
f 2157 2168 2167
f 2049 2141 2075
f 2075 2141 2140
f 2199 2215 2270
f 2270 2215 2271
f 2142 2141 2272
f 2272 2141 2269
f 2089 2026 2090
f 2090 2026 2102
f 2146 2029 2147
f 2147 2029 2028
f 2111 2103 2112
f 2112 2103 2099
f 2061 2060 2109
f 2109 2060 2148
f 2273 2274 2041
f 2041 2274 2038
f 2260 2275 2261
f 2261 2275 2136
f 2057 2138 2132
f 2132 2138 2276
f 2272 2269 2056
f 2056 2269 2139
f 2277 2278 2270
f 2270 2278 2199
f 2029 2188 2030
f 2030 2188 2187
f 2040 2039 2127
f 2127 2039 2124
f 2064 2195 2083
f 2083 2195 2279
f 2056 2139 2057
f 2057 2139 2138
f 2278 2277 2247
f 2247 2277 2248
f 2062 2176 2063
f 2063 2176 2175
f 2280 2210 2242
f 2242 2210 2209
f 2282 2233 2281
f 2281 2233 2031
f 2216 2219 2283
f 2283 2219 2221
f 2158 2220 2218
f 2218 2220 2219
f 2217 2282 2218
f 2218 2282 2281
f 2220 2158 2167
f 2167 2158 2157
f 2223 2264 2128
f 2128 2264 2263
f 2261 1996 2120
f 2120 1996 1995
f 2213 2211 2222
f 2222 2211 2224
f 2283 2221 2284
f 2284 2221 2068
f 2135 1996 2136
f 2136 1996 2261
f 2144 2081 2258
f 2258 2081 2241
f 2235 2280 2236
f 2236 2280 2242
f 2246 2273 2147
f 2147 2273 2041
f 2036 2285 2032
f 2032 2285 2088
f 2077 2286 2152
f 2152 2286 2238
f 1937 1960 1973
f 1973 1960 1959
f 2070 2232 2071
f 2071 2232 2227
f 2244 2287 2105
f 2105 2287 2106
f 1936 1939 2149
f 2149 1939 2148
f 1944 1946 2107
f 2107 1946 2207
f 2285 2121 2088
f 2088 2121 2027
f 2253 2249 2254
f 2254 2249 2250
f 2006 2009 2077
f 2077 2009 2286
f 2289 2086 2288
f 2288 2086 2087
f 2223 2142 2290
f 2290 2142 2272
f 2128 2131 2143
f 2143 2131 2123
f 2156 2291 2153
f 2153 2291 2175
f 2292 2293 2278
f 2278 2293 2294
f 2075 2140 2123
f 2123 2140 2143
f 2262 2169 2275
f 2275 2169 2180
f 2275 2180 2136
f 2136 2180 2134
f 2274 2284 2038
f 2038 2284 2068
f 2127 2126 2182
f 2182 2126 2166
f 2094 2093 2098
f 2098 2093 2021
f 2098 2021 2099
f 2099 2021 2112
f 2018 2021 2266
f 2266 2021 2093
f 2251 2289 2252
f 2252 2289 2288
f 1997 2151 2226
f 2226 2151 2222
f 2206 2221 2220
f 2220 2221 2219
f 2269 2048 2139
f 2139 2048 2137
f 2159 2158 2281
f 2281 2158 2218
f 2156 2155 2190
f 2190 2155 2191
f 1974 1965 1583
f 1583 1965 1751
f 2088 2027 2089
f 2089 2027 2026
f 2030 2159 2031
f 2031 2159 2281
f 2106 2149 2102
f 2102 2149 2090
f 2287 1936 2106
f 2106 1936 2149
f 2293 2154 2294
f 2294 2154 2153
f 2021 2020 2112
f 2247 2295 2278
f 2278 2295 2292
f 2284 2296 2283
f 2283 2296 2297
f 2298 2296 2274
f 2274 2296 2284
f 2273 2299 2274
f 2274 2299 2298
f 2246 2300 2273
f 2273 2300 2299
f 2283 2297 2216
f 2216 2297 2301
f 2216 2301 2217
f 2217 2301 2302
f 2302 2303 2217
f 2217 2303 2282
f 2304 2301 2305
f 2305 2301 2297
f 2307 2308 2306
f 2306 2308 2309
f 2306 2310 2307
f 2307 2310 2311
f 2307 2312 2308
f 2308 2312 2313
f 2314 2315 2312
f 2312 2315 2316
f 2316 2317 2312
f 2312 2317 2313
f 2317 2305 2313
f 2313 2305 2318
f 2314 2312 2311
f 2311 2312 2307
f 2319 2320 2322
f 2322 2320 2321
f 2322 2311 2319
f 2319 2311 2310
f 2313 2318 2308
f 2308 2318 2309
f 2296 2298 2318
f 2318 2298 2309
f 2309 2298 2323
f 2323 2298 2299
f 2306 2309 2324
f 2324 2309 2323
f 2310 2306 2325
f 2325 2306 2324
f 2296 2318 2297
f 2297 2318 2305
f 2319 2310 2326
f 2326 2310 2325
f 2328 2325 2327
f 2327 2325 2324
f 2325 2328 2326
f 2326 2328 2329
f 2331 2328 2330
f 2330 2328 2327
f 2332 2333 2327
f 2327 2333 2330
f 2328 2331 2329
f 2329 2331 2334
f 2324 2323 2327
f 2327 2323 2332
f 2300 2332 2299
f 2299 2332 2323
f 2326 2335 2319
f 2319 2335 2320
f 2305 2317 2336
f 2336 2317 2316
f 2336 2316 2337
f 2337 2316 2315
f 2338 2304 2336
f 2336 2304 2305
f 2337 2339 2336
f 2336 2339 2338
f 2337 2315 2341
f 2341 2315 2340
f 2342 2300 2234
f 2234 2300 2246
f 2303 2343 2282
f 2282 2343 2233
f 2234 2233 2342
f 2342 2233 2343
f 2342 2343 2333
f 2333 2343 2344
f 2333 2344 2330
f 2330 2344 2345
f 2346 2344 2303
f 2303 2344 2343
f 2332 2300 2333
f 2333 2300 2342
f 2347 2346 2302
f 2302 2346 2303
f 2301 2304 2302
f 2302 2304 2347
f 2304 2338 2347
f 2347 2338 2348
f 2348 2349 2347
f 2347 2349 2346
f 2350 2351 2348
f 2348 2351 2349
f 2349 2345 2346
f 2346 2345 2344
f 2345 2349 2352
f 2352 2349 2351
f 2338 2339 2348
f 2348 2339 2350
f 2350 2339 2353
f 2353 2339 2354
f 2356 2357 2355
f 2355 2357 2353
f 2351 2350 2357
f 2357 2350 2353
f 2353 2354 2355
f 2355 2354 2335
f 2320 2335 2341
f 2341 2335 2354
f 2339 2337 2354
f 2354 2337 2341
f 2352 2331 2345
f 2345 2331 2330
f 2356 2334 2352
f 2352 2334 2331
f 2356 2352 2357
f 2357 2352 2351
f 2355 2329 2356
f 2356 2329 2334
f 2335 2326 2355
f 2355 2326 2329
f 2321 2314 2322
f 2322 2314 2311
f 2321 2320 2340
f 2340 2320 2341
f 2315 2314 2340
f 2340 2314 2321
f 2125 2260 2126
f 2126 2260 2259
f 2157 2160 2129
f 2129 2160 2130
f 2188 2163 2187
f 2187 2163 2162
f 2182 2166 2188
f 2188 2166 2163
f 2180 2169 2263
f 2263 2169 2168
f 2160 2187 2130
f 2130 2187 2162
f 2275 2260 2262
f 2262 2260 2125
f 2128 2263 2129
f 2129 2263 2168
f 2262 2205 2169
f 2169 2205 2170
f 2165 2166 2259
f 2259 2166 2126
f 2359 2360 2358
f 2358 2360 2361
f 2363 2364 2362
f 2362 2364 2365
f 2367 2363 2366
f 2366 2363 2362
f 2368 2369 2371
f 2371 2369 2370
f 2372 2373 2248
f 2248 2373 2059
f 2364 2374 2365
f 2365 2374 2375
f 2377 2378 2376
f 2376 2378 2379
f 2290 2380 2223
f 2223 2380 2381
f 2223 2381 2264
f 2264 2381 2382
f 2384 2385 2383
f 2383 2385 2386
f 2364 2371 2374
f 2374 2371 2387
f 2059 2373 2290
f 2290 2373 2380
f 2378 2360 2379
f 2379 2360 2388
f 2374 2387 2359
f 2359 2387 2389
f 2390 2367 2386
f 2386 2367 2391
f 2393 2394 2392
f 2392 2394 2395
f 2386 2391 2383
f 2383 2391 2396
f 2367 2366 2391
f 2391 2366 2397
f 2363 2367 2368
f 2368 2367 2390
f 2398 2399 2361
f 2361 2399 2358
f 2399 2400 2358
f 2358 2400 2375
f 2390 2401 2368
f 2368 2401 2369
f 2372 2384 2376
f 2376 2384 2383
f 2374 2359 2375
f 2375 2359 2358
f 2402 2403 2365
f 2365 2403 2362
f 2359 2389 2360
f 2360 2389 2388
f 2364 2363 2371
f 2371 2363 2368
f 2405 2398 2404
f 2404 2398 2361
f 2392 2395 2406
f 2406 2395 2397
f 2377 2396 2394
f 2394 2396 2395
f 2394 2393 2404
f 2404 2393 2405
f 2396 2377 2383
f 2383 2377 2376
f 2406 2397 2407
f 2407 2397 2366
f 2400 2402 2375
f 2375 2402 2365
f 2385 2270 2401
f 2401 2270 2271
f 2403 2407 2362
f 2362 2407 2366
f 2371 2370 2387
f 2387 2370 2382
f 2391 2397 2396
f 2396 2397 2395
f 2378 2377 2404
f 2404 2377 2394
f 2360 2378 2361
f 2361 2378 2404
f 2407 2408 2406
f 2406 2408 2409
f 2410 2408 2403
f 2403 2408 2407
f 2411 2410 2402
f 2402 2410 2403
f 2412 2411 2400
f 2400 2411 2402
f 2406 2409 2392
f 2392 2409 2413
f 2392 2413 2393
f 2393 2413 2414
f 2415 2405 2414
f 2414 2405 2393
f 2416 2413 2417
f 2417 2413 2409
f 2419 2420 2418
f 2418 2420 2421
f 2420 2422 2421
f 2421 2422 2423
f 2420 2424 2422
f 2422 2424 2425
f 2426 2427 2424
f 2424 2427 2428
f 2428 2429 2424
f 2424 2429 2425
f 2426 2424 2419
f 2419 2424 2420
f 2419 2418 2431
f 2431 2418 2430
f 2425 2432 2422
f 2422 2432 2423
f 2408 2410 2432
f 2432 2410 2423
f 2423 2410 2433
f 2433 2410 2411
f 2421 2423 2434
f 2434 2423 2433
f 2435 2418 2434
f 2434 2418 2421
f 2429 2417 2425
f 2425 2417 2432
f 2408 2432 2409
f 2409 2432 2417
f 2418 2435 2430
f 2430 2435 2436
f 2438 2435 2437
f 2437 2435 2434
f 2435 2438 2436
f 2436 2438 2439
f 2441 2438 2440
f 2440 2438 2437
f 2442 2443 2437
f 2437 2443 2440
f 2439 2438 2444
f 2444 2438 2441
f 2433 2442 2434
f 2434 2442 2437
f 2412 2442 2411
f 2411 2442 2433
f 2436 2445 2430
f 2430 2445 2446
f 2430 2446 2431
f 2431 2446 2447
f 2417 2429 2448
f 2448 2429 2428
f 2427 2449 2428
f 2428 2449 2448
f 2450 2416 2448
f 2448 2416 2417
f 2451 2450 2449
f 2449 2450 2448
f 2427 2452 2449
f 2449 2452 2453
f 2447 2446 2452
f 2452 2446 2453
f 2454 2412 2399
f 2399 2412 2400
f 2415 2455 2405
f 2405 2455 2398
f 2399 2398 2454
f 2454 2398 2455
f 2454 2455 2443
f 2443 2455 2456
f 2443 2456 2440
f 2440 2456 2457
f 2458 2456 2415
f 2415 2456 2455
f 2443 2442 2454
f 2454 2442 2412
f 2459 2458 2414
f 2414 2458 2415
f 2413 2416 2414
f 2414 2416 2459
f 2459 2416 2460
f 2460 2416 2450
f 2460 2461 2459
f 2459 2461 2458
f 2462 2463 2460
f 2460 2463 2461
f 2461 2457 2458
f 2458 2457 2456
f 2457 2461 2464
f 2464 2461 2463
f 2451 2462 2450
f 2450 2462 2460
f 2462 2451 2465
f 2465 2451 2466
f 2468 2469 2467
f 2467 2469 2465
f 2463 2462 2469
f 2469 2462 2465
f 2465 2466 2467
f 2467 2466 2445
f 2446 2445 2453
f 2453 2445 2466
f 2451 2449 2466
f 2466 2449 2453
f 2464 2441 2457
f 2457 2441 2440
f 2468 2444 2464
f 2464 2444 2441
f 2468 2464 2469
f 2469 2464 2463
f 2467 2439 2468
f 2468 2439 2444
f 2445 2436 2467
f 2467 2436 2439
f 2447 2426 2431
f 2431 2426 2419
f 2427 2426 2452
f 2452 2426 2447
f 2369 2179 2370
f 2370 2179 2178
f 2376 2379 2372
f 2372 2379 2373
f 2389 2381 2388
f 2388 2381 2380
f 2387 2382 2389
f 2389 2382 2381
f 2270 2385 2277
f 2277 2385 2384
f 2379 2388 2373
f 2373 2388 2380
f 2401 2271 2369
f 2369 2271 2179
f 2248 2277 2372
f 2372 2277 2384
f 2401 2390 2385
f 2385 2390 2386
f 2264 2382 2178
f 2178 2382 2370
f 2215 2134 2271
f 2271 2134 2179
f 2005 2000 2199
f 2199 2000 2215
f 2004 2001 2005
f 2005 2001 2000
f 2200 2214 2004
f 2004 2214 2001
f 2470 2471 2473
f 2473 2471 2472
f 2475 2476 2474
f 2474 2476 2477
f 2479 2475 2478
f 2478 2475 2474
f 2481 2482 2480
f 2480 2482 2483
f 2476 2484 2477
f 2477 2484 2485
f 2487 2488 2486
f 2486 2488 2489
f 2133 2490 2058
f 2058 2490 2491
f 2058 2491 2247
f 2247 2491 2492
f 2494 2495 2493
f 2493 2495 2496
f 2476 2483 2484
f 2484 2483 2497
f 2472 2498 2488
f 2488 2498 2489
f 2484 2497 2471
f 2471 2497 2499
f 2500 2479 2496
f 2496 2479 2501
f 2502 2503 2505
f 2505 2503 2504
f 2496 2501 2493
f 2493 2501 2506
f 2479 2478 2501
f 2501 2478 2507
f 2475 2479 2480
f 2480 2479 2500
f 2508 2509 2473
f 2473 2509 2470
f 2509 2510 2470
f 2470 2510 2485
f 2511 2481 2500
f 2500 2481 2480
f 2512 2494 2486
f 2486 2494 2493
f 2485 2484 2470
f 2470 2484 2471
f 2513 2514 2477
f 2477 2514 2474
f 2471 2499 2472
f 2472 2499 2498
f 2476 2475 2483
f 2483 2475 2480
f 2516 2508 2515
f 2515 2508 2473
f 2502 2505 2517
f 2517 2505 2507
f 2504 2487 2505
f 2505 2487 2506
f 2503 2516 2504
f 2504 2516 2515
f 2506 2487 2493
f 2493 2487 2486
f 2517 2507 2518
f 2518 2507 2478
f 2510 2513 2485
f 2485 2513 2477
f 2511 2495 2293
f 2293 2495 2154
f 2514 2518 2474
f 2474 2518 2478
f 2483 2482 2497
f 2497 2482 2492
f 2501 2507 2506
f 2506 2507 2505
f 2488 2487 2515
f 2515 2487 2504
f 2472 2488 2473
f 2473 2488 2515
f 2518 2519 2517
f 2517 2519 2520
f 2521 2519 2514
f 2514 2519 2518
f 2522 2521 2513
f 2513 2521 2514
f 2523 2522 2510
f 2510 2522 2513
f 2517 2520 2502
f 2502 2520 2524
f 2502 2524 2503
f 2503 2524 2525
f 2525 2526 2503
f 2503 2526 2516
f 2527 2524 2528
f 2528 2524 2520
f 2530 2531 2529
f 2529 2531 2532
f 2531 2533 2532
f 2532 2533 2534
f 2531 2535 2533
f 2533 2535 2536
f 2537 2538 2535
f 2535 2538 2539
f 2539 2540 2535
f 2535 2540 2536
f 2537 2535 2530
f 2530 2535 2531
f 2529 2541 2530
f 2530 2541 2542
f 2543 2534 2536
f 2536 2534 2533
f 2519 2521 2543
f 2543 2521 2534
f 2534 2521 2544
f 2544 2521 2522
f 2532 2534 2545
f 2545 2534 2544
f 2529 2532 2546
f 2546 2532 2545
f 2536 2540 2543
f 2543 2540 2528
f 2519 2543 2520
f 2520 2543 2528
f 2541 2529 2547
f 2547 2529 2546
f 2548 2549 2545
f 2545 2549 2546
f 2549 2550 2546
f 2546 2550 2547
f 2551 2552 2548
f 2548 2552 2549
f 2548 2553 2551
f 2551 2553 2554
f 2550 2549 2555
f 2555 2549 2552
f 2545 2544 2548
f 2548 2544 2553
f 2523 2553 2522
f 2522 2553 2544
f 2547 2556 2541
f 2541 2556 2557
f 2541 2557 2542
f 2542 2557 2558
f 2528 2540 2559
f 2559 2540 2539
f 2538 2560 2539
f 2539 2560 2559
f 2561 2527 2559
f 2559 2527 2528
f 2560 2562 2559
f 2559 2562 2561
f 2560 2538 2564
f 2564 2538 2563
f 2558 2557 2563
f 2563 2557 2564
f 2565 2523 2509
f 2509 2523 2510
f 2526 2566 2516
f 2516 2566 2508
f 2509 2508 2565
f 2565 2508 2566
f 2565 2566 2554
f 2554 2566 2567
f 2554 2567 2551
f 2551 2567 2568
f 2569 2567 2526
f 2526 2567 2566
f 2553 2523 2554
f 2554 2523 2565
f 2570 2569 2525
f 2525 2569 2526
f 2524 2527 2525
f 2525 2527 2570
f 2527 2561 2570
f 2570 2561 2571
f 2571 2572 2570
f 2570 2572 2569
f 2573 2574 2571
f 2571 2574 2572
f 2572 2568 2569
f 2569 2568 2567
f 2568 2572 2575
f 2575 2572 2574
f 2562 2573 2561
f 2561 2573 2571
f 2573 2562 2576
f 2576 2562 2577
f 2579 2580 2578
f 2578 2580 2576
f 2574 2573 2580
f 2580 2573 2576
f 2576 2577 2578
f 2578 2577 2556
f 2557 2556 2564
f 2564 2556 2577
f 2562 2560 2577
f 2577 2560 2564
f 2575 2552 2568
f 2568 2552 2551
f 2579 2555 2575
f 2575 2555 2552
f 2579 2575 2580
f 2580 2575 2574
f 2550 2555 2578
f 2578 2555 2579
f 2556 2547 2578
f 2578 2547 2550
f 2558 2537 2542
f 2542 2537 2530
f 2538 2537 2563
f 2563 2537 2558
f 2292 2295 2481
f 2481 2295 2482
f 2486 2489 2512
f 2512 2489 2581
f 2499 2491 2498
f 2498 2491 2490
f 2497 2492 2499
f 2499 2492 2491
f 2155 2154 2494
f 2494 2154 2495
f 2581 2489 2490
f 2490 2489 2498
f 2293 2292 2511
f 2511 2292 2481
f 2191 2155 2512
f 2512 2155 2494
f 2500 2496 2511
f 2511 2496 2495
f 2247 2492 2295
f 2295 2492 2482
f 2583 2584 2582
f 2582 2584 2585
f 2587 2588 2586
f 2586 2588 2589
f 2591 2587 2590
f 2590 2587 2586
f 2593 2594 2592
f 2592 2594 2595
f 2596 2597 2599
f 2599 2597 2598
f 2588 2600 2589
f 2589 2600 2601
f 2602 2603 2605
f 2605 2603 2604
f 2606 2607 2609
f 2609 2607 2608
f 2609 2608 2190
f 2190 2608 2610
f 2611 2612 2614
f 2614 2612 2613
f 2600 2588 2615
f 2615 2588 2595
f 2599 2598 2606
f 2606 2598 2607
f 2584 2616 2604
f 2604 2616 2605
f 2600 2615 2583
f 2583 2615 2617
f 2591 2619 2618
f 2618 2619 2614
f 2621 2622 2620
f 2620 2622 2623
f 2619 2624 2614
f 2614 2624 2611
f 2591 2590 2619
f 2619 2590 2625
f 2587 2591 2592
f 2592 2591 2618
f 2626 2627 2585
f 2585 2627 2582
f 2627 2628 2582
f 2582 2628 2601
f 2629 2593 2618
f 2618 2593 2592
f 2602 2597 2611
f 2611 2597 2612
f 2600 2583 2601
f 2601 2583 2582
f 2630 2631 2589
f 2589 2631 2586
f 2583 2617 2584
f 2584 2617 2616
f 2588 2587 2595
f 2595 2587 2592
f 2633 2626 2632
f 2632 2626 2585
f 2620 2623 2634
f 2634 2623 2625
f 2622 2603 2623
f 2623 2603 2624
f 2621 2633 2622
f 2622 2633 2632
f 2611 2624 2602
f 2602 2624 2603
f 2634 2625 2635
f 2635 2625 2590
f 2628 2630 2601
f 2601 2630 2589
f 2613 2195 2629
f 2629 2195 2194
f 2631 2635 2586
f 2586 2635 2590
f 2595 2594 2615
f 2615 2594 2610
f 2619 2625 2624
f 2624 2625 2623
f 2632 2604 2622
f 2622 2604 2603
f 2585 2584 2632
f 2632 2584 2604
f 2635 2636 2634
f 2634 2636 2637
f 2638 2636 2631
f 2631 2636 2635
f 2639 2638 2630
f 2630 2638 2631
f 2640 2639 2628
f 2628 2639 2630
f 2634 2637 2620
f 2620 2637 2641
f 2620 2641 2621
f 2621 2641 2642
f 2642 2643 2621
f 2621 2643 2633
f 2641 2637 2644
f 2644 2637 2645
f 2646 2647 2649
f 2649 2647 2648
f 2648 2650 2649
f 2649 2650 2651
f 2648 2652 2650
f 2650 2652 2653
f 2652 2654 2656
f 2656 2654 2655
f 2656 2657 2652
f 2652 2657 2653
f 2654 2652 2647
f 2647 2652 2648
f 2647 2646 2659
f 2659 2646 2658
f 2660 2651 2653
f 2653 2651 2650
f 2636 2638 2660
f 2660 2638 2651
f 2651 2638 2661
f 2661 2638 2639
f 2651 2661 2649
f 2649 2661 2662
f 2663 2646 2662
f 2662 2646 2649
f 2653 2657 2660
f 2660 2657 2645
f 2636 2660 2637
f 2637 2660 2645
f 2646 2663 2658
f 2658 2663 2664
f 2665 2666 2662
f 2662 2666 2663
f 2666 2667 2663
f 2663 2667 2664
f 2668 2669 2665
f 2665 2669 2666
f 2665 2670 2668
f 2668 2670 2671
f 2667 2666 2672
f 2672 2666 2669
f 2662 2661 2665
f 2665 2661 2670
f 2640 2670 2639
f 2639 2670 2661
f 2673 2674 2664
f 2664 2674 2658
f 2658 2674 2659
f 2659 2674 2675
f 2645 2657 2676
f 2676 2657 2656
f 2677 2676 2655
f 2655 2676 2656
f 2676 2678 2645
f 2645 2678 2644
f 2677 2679 2676
f 2676 2679 2678
f 2655 2680 2677
f 2677 2680 2681
f 2675 2674 2680
f 2680 2674 2681
f 2682 2640 2627
f 2627 2640 2628
f 2643 2683 2633
f 2633 2683 2626
f 2682 2627 2683
f 2683 2627 2626
f 2683 2684 2682
f 2682 2684 2671
f 2684 2685 2671
f 2671 2685 2668
f 2686 2684 2643
f 2643 2684 2683
f 2670 2640 2671
f 2671 2640 2682
f 2687 2686 2642
f 2642 2686 2643
f 2642 2641 2687
f 2687 2641 2644
f 2687 2644 2688
f 2688 2644 2678
f 2688 2689 2687
f 2687 2689 2686
f 2690 2691 2688
f 2688 2691 2689
f 2689 2685 2686
f 2686 2685 2684
f 2685 2689 2692
f 2692 2689 2691
f 2679 2690 2678
f 2678 2690 2688
f 2690 2679 2693
f 2693 2679 2694
f 2696 2697 2695
f 2695 2697 2693
f 2691 2690 2697
f 2697 2690 2693
f 2693 2694 2695
f 2695 2694 2673
f 2674 2673 2681
f 2681 2673 2694
f 2679 2677 2694
f 2694 2677 2681
f 2685 2692 2668
f 2668 2692 2669
f 2696 2672 2692
f 2692 2672 2669
f 2696 2692 2697
f 2697 2692 2691
f 2695 2667 2696
f 2696 2667 2672
f 2673 2664 2695
f 2695 2664 2667
f 2675 2654 2659
f 2659 2654 2647
f 2655 2654 2680
f 2680 2654 2675
f 2291 2156 2593
f 2593 2156 2594
f 2597 2602 2598
f 2598 2602 2605
f 2616 2617 2607
f 2607 2617 2608
f 2615 2610 2617
f 2617 2610 2608
f 2597 2596 2612
f 2612 2596 2698
f 2598 2605 2607
f 2607 2605 2616
f 2194 2291 2629
f 2629 2291 2593
f 2629 2618 2613
f 2613 2618 2614
f 2190 2610 2156
f 2156 2610 2594
f 2700 2010 2699
f 2699 2010 2086
f 2267 2701 2116
f 2116 2701 2702
f 2116 2702 2117
f 2117 2702 2703
f 2704 2705 2250
f 2250 2705 2254
f 2011 2706 2267
f 2267 2706 2701
f 2699 2086 2707
f 2707 2086 2289
f 2010 2700 2011
f 2011 2700 2706
f 2708 2707 2251
f 2251 2707 2289
f 2703 2704 2117
f 2117 2704 2250
f 2705 2708 2254
f 2254 2708 2251
f 2709 2710 2708
f 2708 2710 2707
f 2711 2709 2705
f 2705 2709 2708
f 2712 2711 2704
f 2704 2711 2705
f 2713 2712 2703
f 2703 2712 2704
f 2707 2710 2699
f 2699 2710 2714
f 2699 2714 2700
f 2700 2714 2715
f 2716 2706 2715
f 2715 2706 2700
f 2714 2710 2717
f 2717 2710 2718
f 2720 2721 2719
f 2719 2721 2722
f 2721 2723 2722
f 2722 2723 2724
f 2721 2725 2723
f 2723 2725 2726
f 2727 2728 2725
f 2725 2728 2726
f 2729 2725 2720
f 2720 2725 2721
f 2731 2729 2730
f 2730 2729 2720
f 2719 2732 2720
f 2720 2732 2730
f 2726 2733 2723
f 2723 2733 2724
f 2709 2711 2733
f 2733 2711 2724
f 2724 2711 2734
f 2734 2711 2712
f 2722 2724 2735
f 2735 2724 2734
f 2719 2722 2736
f 2736 2722 2735
f 2726 2728 2733
f 2733 2728 2718
f 2709 2733 2710
f 2710 2733 2718
f 2732 2719 2737
f 2737 2719 2736
f 2738 2739 2735
f 2735 2739 2736
f 2739 2740 2736
f 2736 2740 2737
f 2741 2742 2738
f 2738 2742 2739
f 2738 2743 2741
f 2741 2743 2744
f 2740 2739 2745
f 2745 2739 2742
f 2735 2734 2738
f 2738 2734 2743
f 2713 2743 2712
f 2712 2743 2734
f 2737 2746 2732
f 2732 2746 2747
f 2732 2747 2730
f 2730 2747 2731
f 2718 2728 2748
f 2748 2728 2727
f 2749 2750 2727
f 2727 2750 2748
f 2748 2751 2718
f 2718 2751 2717
f 2750 2752 2748
f 2748 2752 2751
f 2750 2749 2754
f 2754 2749 2753
f 2731 2747 2753
f 2753 2747 2754
f 2727 2725 2749
f 2749 2725 2729
f 2749 2729 2753
f 2753 2729 2731
f 2702 2755 2703
f 2703 2755 2713
f 2706 2716 2701
f 2701 2716 2756
f 2755 2702 2756
f 2756 2702 2701
f 2756 2757 2755
f 2755 2757 2744
f 2757 2758 2744
f 2744 2758 2741
f 2759 2757 2716
f 2716 2757 2756
f 2743 2713 2744
f 2744 2713 2755
f 2760 2759 2715
f 2715 2759 2716
f 2715 2714 2760
f 2760 2714 2717
f 2760 2717 2761
f 2761 2717 2751
f 2761 2762 2760
f 2760 2762 2759
f 2763 2764 2761
f 2761 2764 2762
f 2762 2758 2759
f 2759 2758 2757
f 2758 2762 2765
f 2765 2762 2764
f 2752 2763 2751
f 2751 2763 2761
f 2763 2752 2766
f 2766 2752 2767
f 2768 2769 2766
f 2766 2769 2770
f 2764 2763 2770
f 2770 2763 2766
f 2766 2767 2768
f 2768 2767 2746
f 2747 2746 2754
f 2754 2746 2767
f 2752 2750 2767
f 2767 2750 2754
f 2758 2765 2741
f 2741 2765 2742
f 2769 2745 2765
f 2765 2745 2742
f 2769 2765 2770
f 2770 2765 2764
f 2768 2740 2769
f 2769 2740 2745
f 2746 2737 2768
f 2768 2737 2740
f 2201 2212 2200
f 2200 2212 2214
f 2201 2202 2212
f 2212 2202 2185
f 2512 2581 2191
f 2191 2581 2192
f 2059 2290 2056
f 2056 2290 2272
f 2174 2199 2294
f 2294 2199 2278
f 2063 2175 2194
f 2194 2175 2291
f 2192 2581 2133
f 2133 2581 2490
f 2133 2132 2192
f 2192 2132 2189
f 2054 2276 2055
f 2055 2276 2138
f 2083 2279 2084
f 2084 2279 2771
f 2771 2279 2599
f 2599 2279 2596
f 2606 2772 2599
f 2599 2772 2771
f 2772 2773 2771
f 2771 2773 2084
f 2773 2774 2084
f 2084 2774 2085
f 2085 2775 2082
f 2082 2775 2144
f 2774 2078 2085
f 2085 2078 2775
f 2078 2774 2079
f 2079 2774 2776
f 2774 2773 2776
f 2776 2773 2777
f 2773 2772 2777
f 2777 2772 2778
f 2190 2189 2609
f 2609 2189 2778
f 2053 2052 2779
f 2779 2052 2181
f 2144 2775 2081
f 2081 2775 2078
f 2294 2153 2174
f 2174 2153 2175
f 2132 2276 2189
f 2189 2276 2778
f 2606 2609 2772
f 2772 2609 2778
f 2195 2613 2698
f 2698 2613 2612
f 2596 2279 2698
f 2698 2279 2195
f 2054 2777 2276
f 2276 2777 2778
f 2777 2054 2776
f 2776 2054 2053
f 2053 2779 2776
f 2776 2779 2079
f 2779 2181 2079
f 2079 2181 2080
f 2181 2239 2080
f 2080 2239 2240
f 2122 2256 2014
f 2042 1982 2076
f 2076 1982 2007
f 1982 1985 2007
f 2007 1985 2008
f 2095 2097 2265
f 2265 2097 2266
f 2076 2050 2042
f 2042 2050 2047
f 2046 2043 2047
f 2047 2043 2042
f 2118 1993 2046
f 2046 1993 2043
f 1995 1994 2118
f 2118 1994 1993
f 2267 1992 2011
f 2011 1992 2012
f 1997 2012 1994
f 1994 2012 1992
f 2226 2013 1997
f 1997 2013 2012
f 2225 2087 2226
f 2226 2087 2013
f 2225 2232 2087
f 2087 2232 2288
f 2232 2070 2288
f 2288 2070 2252
f 2070 2025 2252
f 2252 2025 2253
f 1988 2249 2025
f 2025 2249 2253
f 2116 2115 2267
f 2267 2115 2268
f 2096 1984 2237
f 2237 1984 1991
f 2095 1985 2096
f 2096 1985 1984
f 2265 2008 2095
f 2095 2008 1985
f 2092 2009 2265
f 2265 2009 2008
f 2091 2286 2092
f 2092 2286 2009
f 2255 2238 2091
f 2091 2238 2286
f 2256 2239 2255
f 2255 2239 2238
f 2122 2240 2256
f 2256 2240 2239
f 2121 2241 2122
f 2122 2241 2240
f 2022 2018 2097
f 2097 2018 2266
f 2022 2024 2018
f 2018 2024 2019
f 2024 2072 2019
f 2019 2072 2073
f 2072 2228 2073
f 2073 2228 2230
f 2228 2184 2230
f 2230 2184 2183
f 2121 2285 2241
f 2241 2285 2258
f 2285 2036 2258
f 2258 2036 2257
f 2177 2145 2193
f 2193 2145 2257
f 2173 2193 2196
f 2196 2193 2037
f 2036 2037 2257
f 2257 2037 2193
f 2196 2037 2066
f 2066 2037 2035
f 2061 2108 2034
f 2034 2108 2067
f 2108 2208 2067
f 2067 2208 2204
f 2208 2210 2204
f 2204 2210 2203
f 2210 2280 2203
f 2203 2280 2186
f 2183 2186 2235
f 2235 2186 2280
f 1987 2114 1988
f 1988 2114 2249
f 2237 2115 1987
f 1987 2115 2114
f 1991 2268 2237
f 2237 2268 2115
f 1991 1990 2268
f 2268 1990 1992
f 107 110 2781
f 2781 110 2780
f 117 2782 118
f 118 2782 2783
f 119 2784 120
f 120 2784 2785
f 125 2786 126
f 126 2786 2787
f 127 2788 128
f 128 2788 2789
f 127 132 2788
f 2788 132 2790
f 231 230 2792
f 2792 230 2791
f 118 2783 119
f 119 2783 2784
f 241 243 2794
f 2794 243 2793
f 2781 2795 107
f 107 2795 352
f 120 2785 437
f 437 2785 2796
f 126 2787 110
f 110 2787 2780
f 455 2797 456
f 456 2797 2798
f 128 2789 457
f 457 2789 2799
f 456 2798 117
f 117 2798 2782
f 2794 2797 241
f 241 2797 455
f 457 2799 125
f 125 2799 2786
f 132 231 2790
f 2790 231 2792
f 230 437 2791
f 2791 437 2796
f 2792 2789 2790
f 2790 2789 2788
f 2785 2784 2801
f 2801 2784 2800
f 2786 2802 2787
f 2787 2802 2803
f 2792 2791 2805
f 2805 2791 2804
f 2784 2783 2800
f 2800 2783 2806
f 2785 2801 2796
f 2796 2801 2807
f 2787 2803 2780
f 2780 2803 2808
f 2789 2809 2799
f 2799 2809 2810
f 2799 2810 2786
f 2786 2810 2802
f 2791 2796 2804
f 2804 2796 2807
f 2789 2792 2809
f 2809 2792 2805
f 2812 2797 2811
f 2811 2797 2794
f 2809 2805 2810
f 2810 2805 2804
f 2810 2804 2802
f 2802 2804 2807
f 2802 2807 2803
f 2803 2807 2801
f 2808 2803 2800
f 2800 2803 2801
f 2814 699 2813
f 2813 699 698
f 2808 2815 2780
f 2780 2815 2781
f 2817 2782 2816
f 2816 2782 2798
f 2815 2818 2781
f 2781 2818 2795
f 2797 2812 2798
f 2798 2812 2816
f 2783 2782 2806
f 2806 2782 2817
f 2800 2806 2808
f 2808 2806 2815
f 2794 2793 2811
f 2811 2793 2819
f 174 201 384
f 384 201 362
f 200 1766 390
f 390 1766 1777
f 1777 1778 390
f 390 1778 398
f 1778 361 398
f 398 361 222
f 2820 2821 628
f 628 2821 629
f 1406 2820 790
f 790 2820 628
f 794 1415 1233
f 1233 1415 1234
f 1406 790 1407
f 1407 790 1312
f 1407 1312 2822
f 2822 1312 1316
f 2823 1380 1543
f 1543 1380 1379
f 1385 1738 1382
f 1382 1738 1383
f 1381 791 1382
f 1382 791 1386
f 791 794 1386
f 1386 794 1233
f 1259 1390 1260
f 1260 1390 1389
f 1905 1542 1394
f 1394 1542 1395
f 1410 1413 1397
f 1397 1413 1398
f 2821 1410 629
f 629 1410 1397
f 2823 2822 1380
f 1380 2822 1316
f 1392 1395 1378
f 1378 1395 1379
f 1738 1399 1383
f 1383 1399 1398
f 1388 1235 1389
f 1389 1235 1234
f 1393 1391 1394
f 1394 1391 1390
f 1381 1384 779
f 779 1384 780
f 1282 788 792
f 792 788 793
f 1431 1262 1432
f 1432 1262 1261
f 1400 1342 1408
f 1408 1342 1409
f 1508 1544 1411
f 1411 1544 1412
f 788 787 793
f 793 787 1414
f 2821 2820 1429
f 1429 2820 1430
f 2822 2823 1506
f 1506 2823 1507
f 778 1282 779
f 779 1282 792
f 2820 1406 1430
f 1430 1406 1409
f 1410 2821 1411
f 1411 2821 1429
f 1407 2822 1408
f 1408 2822 1506
f 1544 781 1412
f 1412 781 780
f 1260 1415 1261
f 1261 1415 1414
f 1334 2824 923
f 923 2824 924
f 2826 1268 2825
f 2825 1268 1267
f 769 1212 2827
f 2827 1212 2828
f 1492 1190 1266
f 1266 1190 1267
f 1488 2829 1489
f 1489 2829 2830
f 922 1329 923
f 923 1329 1328
f 1484 2831 1485
f 1485 2831 2832
f 1482 2833 1485
f 1485 2833 1486
f 1324 1493 1489
f 1489 1493 1490
f 1265 1491 1266
f 1266 1491 1490
f 2835 2836 2834
f 2834 2836 2837
f 1250 2838 2827
f 2827 2838 2839
f 1488 1491 2840
f 2840 1491 2841
f 1268 2826 2842
f 2842 2826 2843
f 2844 2845 1495
f 1495 2845 1496
f 1427 2847 2846
f 2846 2847 926
f 2829 1488 2848
f 2848 1488 2840
f 1329 922 2849
f 2849 922 927
f 2850 2851 768
f 768 2851 1213
f 1265 1268 2852
f 2852 1268 2842
f 1491 1265 2841
f 2841 1265 2852
f 2854 2855 2853
f 2853 2855 2856
f 2855 2857 2856
f 2856 2857 598
f 2857 2858 598
f 598 2858 595
f 2858 2859 595
f 595 2859 626
f 649 652 2860
f 2860 652 2861
f 639 642 2862
f 2862 642 2863
f 2864 705 2862
f 2862 705 639
f 2865 1418 2864
f 2864 1418 705
f 2866 2867 2865
f 2865 2867 1418
f 1760 1348 1761
f 1761 1348 2867
f 1764 2868 1197
f 1197 2868 1198
f 2869 611 2868
f 2868 611 1198
f 2870 612 2869
f 2869 612 611
f 1352 1350 944
f 944 1350 688
f 1350 1256 688
f 688 1256 685
f 1256 1255 685
f 685 1255 692
f 1255 2871 692
f 692 2871 2872
f 701 2873 698
f 698 2873 2813
f 2872 1349 692
f 692 1349 693
f 1696 1744 1574
f 1574 1744 1575
f 1753 1618 1577
f 1577 1618 1578
f 1729 1594 1608
f 1608 1594 1609
f 1725 1630 1611
f 1611 1630 1612
f 1604 1607 1625
f 1625 1607 1626
f 1624 1703 1625
f 1625 1703 1912
f 1703 1702 1912
f 1912 1702 1913
f 1702 1753 1913
f 1913 1753 1577
f 1598 1569 1915
f 1915 1569 1578
f 1616 1615 1915
f 1915 1615 1916
f 1615 1696 1916
f 1916 1696 1574
f 1744 1745 1575
f 1575 1745 1917
f 1745 1565 1917
f 1917 1565 1609
f 1568 1725 1608
f 1608 1725 1611
f 2874 1613 1918
f 1918 1613 1612
f 1607 2874 1626
f 1626 2874 1918
f 1610 1613 1562
f 1562 1613 1563
f 1547 1550 1570
f 1570 1550 1571
f 1573 1576 1580
f 1580 1576 1581
f 1553 1556 1595
f 1595 1556 1596
f 1556 1582 1596
f 1596 1582 1581
f 1551 1547 1599
f 1599 1547 1570
f 1731 1914 1601
f 1601 1914 1602
f 1686 1689 1605
f 1605 1689 1606
f 1598 1743 1599
f 1599 1743 1692
f 2874 1607 1723
f 1723 1607 1606
f 1727 1553 1730
f 1730 1553 1595
f 1600 1686 1601
f 1601 1686 1605
f 1914 1572 1602
f 1602 1572 1571
f 1579 1693 1580
f 1580 1693 1692
f 1613 2874 1563
f 1563 2874 1723
f 1561 1727 1562
f 1562 1727 1730
f 1949 1742 1548
f 1548 1742 1549
f 1694 1949 1552
f 1552 1949 1548
f 1954 1589 1554
f 1554 1589 1555
f 1693 1579 1558
f 1558 1579 1559
f 1561 1564 1584
f 1584 1564 1585
f 1582 1556 1588
f 1588 1556 1555
f 1600 1603 1591
f 1591 1603 1592
f 1981 1977 1687
f 1687 1977 1688
f 1564 1722 1585
f 1585 1722 1690
f 1551 1693 1552
f 1552 1693 1558
f 1751 1954 1728
f 1728 1954 1554
f 1590 1981 1591
f 1591 1981 1687
f 1603 1550 1592
f 1592 1550 1549
f 1977 1691 1688
f 1688 1691 1690
f 1587 1560 1588
f 1588 1560 1559
f 1727 1561 1728
f 1728 1561 1584
f 2875 1919 1947
f 1947 1919 1948
f 1557 1560 1952
f 1952 1560 1953
f 1933 1932 1955
f 1955 1932 1956
f 1587 1589 1958
f 1958 1589 1956
f 1959 1933 1965
f 1965 1933 1955
f 1961 1964 1966
f 1966 1964 1967
f 1981 1590 1969
f 1969 1590 1967
f 1742 1949 1972
f 1972 1949 1948
f 1593 1742 1966
f 1966 1742 1972
f 1957 1950 1958
f 1958 1950 1953
f 1583 1586 1974
f 1974 1586 1975
f 1940 1943 1978
f 1978 1943 1979
f 1943 1976 1979
f 1979 1976 1975
f 1951 2875 1952
f 1952 2875 1947
f 1968 1940 1969
f 1969 1940 1978
f 1973 1959 1974
f 1974 1959 1965
f 1923 1971 1920
f 1920 1971 1921
f 1919 2875 1920
f 1920 2875 1924
f 2875 1951 1924
f 1924 1951 1926
f 1950 1957 1929
f 1929 1957 1930
f 2244 2243 1934
f 1934 2243 1935
f 1973 1976 1937
f 1937 1976 1938
f 1944 1980 1941
f 1941 1980 1942
f 1940 1968 1941
f 1941 1968 1945
f 2287 2244 1960
f 1960 2244 1934
f 1970 2245 1962
f 1962 2245 1963
f 2243 1931 1935
f 1935 1931 1930
f 1927 1926 1928
f 1928 1926 1929
f 1961 1922 1962
f 1962 1922 1921
f 2245 1946 1963
f 1963 1946 1945
f 1976 1943 1938
f 1938 1943 1942
f 1936 2287 1937
f 1937 2287 1960
f 743 1238 608
f 608 1238 609
f 607 1811 608
f 608 1811 744
f 1304 2876 1305
f 1305 2876 2877
f 586 585 1298
f 1298 585 1299
f 585 702 1299
f 1299 702 1300
f 702 1428 1300
f 1300 1428 1301
f 1238 586 609
f 609 586 1298
f 2878 2879 1218
f 1218 2879 2877
f 2880 2881 1812
f 1812 2881 1819
f 2883 1821 2882
f 2882 1821 1820
f 2840 2841 620
f 620 2841 621
f 2842 2843 795
f 795 2843 796
f 892 895 2844
f 2844 895 2845
f 2848 2840 942
f 942 2840 620
f 2849 927 1202
f 1202 927 1203
f 2852 2842 1270
f 1270 2842 795
f 2841 2852 621
f 621 2852 1270
f 941 1759 942
f 942 1759 2884
f 659 929 1427
f 1427 929 2847
f 1237 2851 751
f 751 2851 2850
f 1216 2885 1217
f 1217 2885 1754
f 2887 734 2886
f 2886 734 733
f 2889 1816 2888
f 2888 1816 1815
f 2890 1245 2889
f 2889 1245 1816
f 1824 2891 1825
f 1825 2891 1246
f 2892 2893 2895
f 2895 2893 2894
f 1854 1833 1851
f 1851 1833 1832
f 1851 1832 1884
f 1884 1832 1876
f 1884 1876 1441
f 1441 1876 1443
f 1441 1443 1442
f 1442 1443 1446
f 1442 1446 2896
f 2896 1446 1507
f 2897 2823 2898
f 2898 2823 1543
f 1542 2899 1543
f 1543 2899 2898
f 1542 1905 2899
f 2899 1905 2900
f 1905 1259 2900
f 2900 1259 2901
f 1262 1431 2902
f 2902 1431 1904
f 1431 1434 1904
f 1904 1434 1902
f 1902 1434 2903
f 2903 1434 719
f 2903 719 2904
f 2904 719 718
f 1869 1881 718
f 718 1881 2904
f 1881 1869 1880
f 1880 1869 756
f 1880 756 2905
f 2905 756 755
f 2905 755 2906
f 2906 755 758
f 762 2907 763
f 763 2907 2908
f 724 723 2909
f 2909 723 894
f 796 895 723
f 723 895 894
f 2843 2845 796
f 796 2845 895
f 2826 1496 2843
f 2843 1496 2845
f 2825 1497 2826
f 2826 1497 1496
f 1189 2836 2825
f 2825 2836 1497
f 797 891 798
f 798 891 2837
f 802 888 797
f 797 888 891
f 2910 2911 2913
f 2913 2911 2912
f 1780 1783 2915
f 2915 1783 2914
f 2916 2917 831
f 831 2917 832
f 2918 2919 845
f 845 2919 846
f 2920 2916 847
f 847 2916 831
f 2921 2922 857
f 857 2922 858
f 2923 2924 860
f 860 2924 861
f 2919 2912 846
f 846 2912 887
f 2925 2920 940
f 940 2920 847
f 2924 2926 861
f 861 2926 1204
f 2917 2918 832
f 832 2918 845
f 2927 2928 1449
f 1449 2928 1450
f 2929 2930 889
f 889 2930 2931
f 2896 1507 2897
f 2897 1507 2823
f 2902 2901 1262
f 1262 2901 1259
f 2932 2933 750
f 750 2933 1236
f 2933 2934 1236
f 1236 2934 1835
f 2936 2937 2935
f 2935 2937 2938
f 2940 2941 2939
f 2939 2941 2942
f 2943 2944 1841
f 1841 2944 1842
f 2945 1860 2944
f 2944 1860 1842
f 2945 2946 1860
f 1860 2946 1859
f 1889 2947 1890
f 1890 2947 1856
f 1856 2947 1857
f 1857 2947 2948
f 2950 709 2949
f 2949 709 1829
f 2952 730 2951
f 2951 730 729
f 2866 2953 2867
f 2867 2953 1761
f 2953 2954 1761
f 1761 2954 1420
f 2954 2955 1420
f 1420 2955 742
f 2955 2956 742
f 742 2956 739
f 2956 2957 739
f 739 2957 760
f 2957 2958 760
f 760 2958 761
f 2958 2959 761
f 761 2959 2960
f 2959 2961 2960
f 2960 2961 2962
f 2963 2964 1839
f 1839 2964 1840
f 2964 2965 1840
f 1840 2965 2942
f 2966 2950 2939
f 2939 2950 2949
f 2935 2967 2936
f 2936 2967 2968
f 2969 2970 736
f 736 2970 735
f 734 2887 1815
f 1815 2887 2888
f 2887 2882 2888
f 2888 2882 2881
f 1819 1820 1817
f 1817 1820 748
f 1195 1757 1197
f 1197 1757 1424
f 1757 647 1424
f 1424 647 646
f 647 648 646
f 646 648 643
f 648 1271 643
f 643 1271 737
f 1271 725 737
f 737 725 765
f 725 724 765
f 765 724 762
f 762 724 2907
f 2907 724 2909
f 1254 1437 2909
f 2909 1437 2907
f 1438 1253 1836
f 1836 1253 1835
f 1836 1835 2938
f 2938 1835 2934
f 2971 2972 2935
f 2935 2972 2967
f 897 896 2969
f 2969 896 2970
f 1815 1814 734
f 734 1814 731
f 728 1215 896
f 896 1215 732
f 2885 1216 733
f 733 1216 2886
f 1216 1219 2886
f 2886 1219 2883
f 2876 1304 1821
f 1821 1304 749
f 1304 1303 749
f 749 1303 746
f 1818 2973 1817
f 1817 2973 1810
f 747 2974 1818
f 1818 2974 2973
f 747 746 2974
f 2974 746 1303
f 2976 2977 2975
f 2975 2977 2978
f 2976 2979 2901
f 2901 2979 2900
f 2980 2981 2982
f 2982 2981 2979
f 2981 2980 2983
f 2983 2980 2984
f 2985 2897 2983
f 2983 2897 2898
f 2987 2988 2986
f 2986 2988 2985
f 2896 2988 1442
f 1442 2988 1439
f 1903 2977 1904
f 1904 2977 2902
f 1856 1855 1890
f 1890 1855 2989
f 2989 2990 1890
f 1890 2990 1359
f 2990 2991 1359
f 1359 2991 1356
f 2946 2992 1859
f 1859 2992 1893
f 2992 2993 1893
f 1893 2993 775
f 2993 2994 775
f 775 2994 776
f 2986 1356 2987
f 2987 1356 2991
f 2975 2978 776
f 776 2978 777
f 2982 2994 2980
f 2980 2994 2995
f 1357 2984 2995
f 2995 2984 2980
f 2995 2996 1357
f 1357 2996 1358
f 2996 2997 1358
f 1358 2997 1889
f 2998 2999 2932
f 2932 2999 2933
f 2999 2971 2933
f 2933 2971 2934
f 1837 1836 2937
f 2937 1836 2938
f 2943 1841 2941
f 2941 1841 1838
f 3001 2944 3000
f 3000 2944 2943
f 3001 3002 2944
f 2944 3002 2945
f 3002 3003 2945
f 2945 3003 2946
f 2997 3003 1889
f 1889 3003 2947
f 2947 3003 2948
f 2948 3003 3002
f 3001 3004 3002
f 3002 3004 2948
f 3000 3005 3001
f 3001 3005 3004
f 2940 3006 3000
f 3000 3006 3005
f 2999 3007 2971
f 2971 3007 2972
f 2998 2951 2999
f 2999 2951 3007
f 3008 2952 2998
f 2998 2952 2951
f 2966 2965 2936
f 2936 2965 2937
f 2935 2938 2971
f 2971 2938 2934
f 3003 2997 2946
f 2946 2997 2992
f 2997 2996 2992
f 2992 2996 2993
f 2996 2995 2993
f 2993 2995 2994
f 1356 2986 1357
f 1357 2986 2984
f 2982 2975 2994
f 2994 2975 776
f 1844 1843 1899
f 1899 1843 3009
f 1843 638 3009
f 3009 638 3010
f 638 637 3010
f 3010 637 3011
f 637 1830 3011
f 3011 1830 3012
f 1830 1833 3012
f 3012 1833 2894
f 1833 1854 2894
f 2894 1854 2895
f 1854 1853 2895
f 2895 1853 1888
f 1858 1857 1885
f 1885 1857 1892
f 1899 3009 1898
f 1898 3009 1874
f 3009 3010 1874
f 1874 3010 1865
f 3010 3011 1865
f 1865 3011 1862
f 3011 3012 1862
f 1862 3012 1882
f 3012 2894 1882
f 1882 2894 2893
f 1850 2890 782
f 782 2890 2889
f 783 2880 1811
f 1811 2880 1812
f 744 1810 745
f 745 1810 2973
f 745 2973 805
f 805 2973 806
f 2973 2974 806
f 806 2974 815
f 1303 812 2974
f 2974 812 815
f 1303 1302 812
f 812 1302 1221
f 1307 3013 1302
f 1302 3013 1221
f 1734 3014 1633
f 1633 3014 1634
f 1646 1649 1636
f 1636 1649 1637
f 1654 1657 1641
f 1641 1657 1642
f 1639 1736 1636
f 1636 1736 1684
f 1716 1713 1698
f 1698 1713 1699
f 1718 1721 1705
f 1705 1721 1706
f 1653 1654 1709
f 1709 1654 1641
f 1620 1623 1714
f 1714 1623 1699
f 1712 1682 1714
f 1714 1682 1740
f 1668 1671 1746
f 1746 1671 1747
f 1752 1650 1749
f 1749 1650 1750
f 1750 1650 1709
f 1709 1650 1653
f 1632 1668 1633
f 1633 1668 1746
f 1649 1752 1637
f 1637 1752 1749
f 1682 1643 1740
f 1740 1643 1642
f 3014 1685 1634
f 1634 1685 1684
f 1704 1748 1705
f 1705 1748 1747
f 1697 1707 1698
f 1698 1707 1706
f 1739 1701 1621
f 1621 1701 1622
f 1567 1566 1647
f 1647 1566 1648
f 1664 1695 1651
f 1651 1695 1652
f 1614 1617 1655
f 1655 1617 1656
f 1704 1707 1659
f 1659 1707 1660
f 3014 1734 1662
f 1662 1734 1663
f 1650 1752 1651
f 1651 1752 1665
f 1741 1657 1667
f 1667 1657 1656
f 1695 1614 1652
f 1652 1614 1655
f 1724 1567 1726
f 1726 1567 1647
f 1645 1628 1733
f 1733 1628 1663
f 1685 3014 1726
f 1726 3014 1662
f 1620 1741 1621
f 1621 1741 1667
f 1566 1666 1648
f 1648 1666 1665
f 1658 1737 1659
f 1659 1737 1901
f 1911 1661 1910
f 1910 1661 1660
f 1701 1911 1622
f 1622 1911 1910
f 1732 1748 1733
f 1733 1748 1901
f 1857 2948 1892
f 1892 2948 3004
f 1892 3004 1891
f 1891 3004 3005
f 1828 3006 1829
f 1829 3006 2949
f 2967 736 2968
f 2968 736 710
f 2972 2969 2967
f 2967 2969 736
f 2969 2972 897
f 897 2972 3007
f 897 3007 729
f 729 3007 2951
f 3016 753 3015
f 3015 753 752
f 3018 767 3017
f 3017 767 766
f 3019 3020 1249
f 1249 3020 3021
f 2915 2914 3019
f 3019 2914 3020
f 3023 2914 3022
f 3022 2914 1783
f 2827 2839 769
f 769 2839 766
f 3025 2838 3024
f 3024 2838 3021
f 768 767 2850
f 2850 767 3026
f 2850 3026 751
f 751 3026 752
f 750 753 2932
f 2932 753 3027
f 3008 2998 3027
f 3027 2998 2932
f 3028 3029 3008
f 3008 3029 2952
f 3029 3030 2952
f 2952 3030 730
f 3032 3033 3031
f 3031 3033 3034
f 3036 3037 3035
f 3035 3037 3038
f 2870 3039 612
f 612 3039 3040
f 3041 3042 3031
f 3031 3042 3038
f 3034 1352 3043
f 3043 1352 944
f 612 3040 613
f 613 3040 3044
f 613 3044 1425
f 1425 3044 1422
f 3045 3042 669
f 669 3042 670
f 3041 3043 599
f 599 3043 600
f 772 771 1544
f 1544 771 781
f 1503 771 1866
f 1866 771 770
f 771 1503 781
f 781 1503 778
f 61 281 416
f 416 281 1907
f 283 103 3046
f 3046 103 3047
f 76 79 3048
f 3048 79 3049
f 280 76 1906
f 1906 76 3048
f 3051 335 3050
f 3050 335 334
f 3053 417 3052
f 3052 417 416
f 3055 435 3054
f 3054 435 434
f 428 435 419
f 419 435 1908
f 420 1909 293
f 293 1909 443
f 79 294 3049
f 3049 294 444
f 3057 444 3056
f 3056 444 443
f 3051 3058 335
f 335 3058 452
f 216 215 1332
f 1332 215 452
f 308 283 462
f 462 283 3046
f 3050 334 3059
f 3059 334 462
f 103 62 3047
f 3047 62 417
f 313 312 434
f 434 312 463
f 3061 574 3060
f 3060 574 573
f 1310 3062 1428
f 1428 3062 3063
f 1258 3064 1255
f 1255 3064 2871
f 932 3065 2853
f 2853 3065 3066
f 699 2814 931
f 931 2814 3067
f 3068 1301 3063
f 3063 1301 1428
f 571 574 1310
f 1310 574 3062
f 3060 573 3069
f 3069 573 1332
f 3070 3071 1906
f 1906 3071 1907
f 3072 3073 1908
f 1908 3073 1909
f 3075 2814 3074
f 3074 2814 2813
f 2854 3076 1258
f 1258 3076 3064
f 2871 3077 2872
f 2872 3077 3078
f 3074 2813 3079
f 3079 2813 2873
f 2872 3078 1349
f 1349 3078 3080
f 2873 701 3068
f 3068 701 1301
f 1330 1201 3080
f 3080 1201 1349
f 1264 1263 3081
f 3081 1263 3082
f 3083 3084 3082
f 3082 3084 3081
f 811 1448 3086
f 3086 1448 3085
f 808 811 3087
f 3087 811 3086
f 3088 3083 833
f 833 3083 3082
f 884 3089 885
f 885 3089 3090
f 3087 1790 808
f 808 1790 816
f 1790 3087 1787
f 1787 3087 3091
f 3092 3091 3086
f 3086 3091 3087
f 3093 3094 3084
f 3084 3094 3095
f 3089 3096 3090
f 3090 3096 3088
f 3097 3093 3083
f 3083 3093 3084
f 3099 3100 3098
f 3098 3100 1786
f 3101 1788 2913
f 2913 1788 3102
f 838 837 885
f 885 837 886
f 886 837 3103
f 3103 837 1541
f 3094 3093 3104
f 3104 3093 3097
f 3105 3106 3089
f 3089 3106 3096
f 3108 3109 3107
f 3107 3109 3110
f 3111 3112 3091
f 3091 3112 1787
f 3114 3108 3113
f 3113 3108 3107
f 3114 3115 3112
f 3112 3115 3102
f 3091 3092 3111
f 3111 3092 3116
f 839 838 835
f 835 838 836
f 885 3090 838
f 838 3090 836
f 3110 3117 1247
f 1247 3117 3118
f 1247 3118 1248
f 1248 3118 3119
f 3120 3121 3119
f 3119 3121 1248
f 1247 844 3110
f 3110 844 3107
f 844 843 3107
f 3107 843 3113
f 843 3099 3113
f 3113 3099 3122
f 1781 3123 3098
f 3098 3123 3124
f 2915 2931 1780
f 1780 2931 2930
f 3019 3125 2915
f 2915 3125 2931
f 890 3125 2834
f 2834 3125 1252
f 3125 3019 1252
f 1252 3019 1249
f 907 908 946
f 946 908 947
f 1185 1188 1369
f 1369 1188 948
f 954 957 951
f 951 957 952
f 910 965 953
f 953 965 950
f 905 958 960
f 960 958 961
f 3126 978 949
f 949 978 962
f 936 935 967
f 967 935 968
f 994 993 969
f 969 993 966
f 902 904 971
f 971 904 972
f 983 985 973
f 973 985 970
f 906 905 974
f 974 905 960
f 977 981 959
f 959 981 975
f 911 910 1143
f 1143 910 953
f 952 957 1142
f 1142 957 1145
f 911 1143 1366
f 1366 1143 1368
f 1185 1369 1145
f 1145 1369 1142
f 993 1519 966
f 966 1519 1456
f 965 1454 950
f 950 1454 1457
f 900 899 1459
f 1459 899 1460
f 988 991 1461
f 1461 991 1458
f 899 963 1460
f 1460 963 1462
f 985 987 970
f 970 987 1463
f 904 906 972
f 972 906 974
f 981 983 975
f 975 983 973
f 935 900 968
f 968 900 1459
f 991 994 1458
f 1458 994 969
f 1154 1526 1088
f 1088 1526 1089
f 1109 1112 1092
f 1092 1112 1093
f 1083 1098 1084
f 1084 1098 1097
f 1078 1471 1100
f 1100 1471 1101
f 1075 1078 1104
f 1104 1078 1100
f 1152 1154 1156
f 1156 1154 1088
f 1156 1155 1372
f 1372 1155 1373
f 1372 1373 1104
f 1104 1373 1075
f 1467 1109 1465
f 1465 1109 1092
f 1465 1182 1468
f 1468 1182 1184
f 1474 1470 1096
f 1096 1470 1097
f 1102 1101 1083
f 1083 1101 1098
f 1112 1531 1093
f 1093 1531 1529
f 1102 1073 1099
f 1099 1073 1072
f 1526 1154 1079
f 1079 1154 1080
f 1081 1091 1082
f 1082 1091 1094
f 1069 1068 1085
f 1085 1068 1086
f 1153 1151 1080
f 1080 1151 1058
f 1371 1177 1179
f 1179 1177 1176
f 1099 1072 1103
f 1103 1072 1176
f 1068 1071 1086
f 1086 1071 1073
f 1085 1084 1180
f 1180 1084 1469
f 1066 1065 1183
f 1183 1065 1181
f 1153 1152 1177
f 1177 1152 1178
f 1091 1081 1182
f 1182 1081 1183
f 1057 1525 1079
f 1079 1525 1527
f 1120 1117 1076
f 1076 1117 1077
f 1087 1090 1107
f 1107 1090 1108
f 1127 1126 1110
f 1110 1126 1111
f 1095 1116 1096
f 1096 1116 1115
f 1471 1078 1119
f 1119 1078 1077
f 1087 1107 1155
f 1155 1107 1158
f 1376 1374 1157
f 1157 1374 1158
f 1076 1075 1374
f 1374 1075 1373
f 1109 1467 1110
f 1110 1467 1472
f 1467 1466 1472
f 1472 1466 1473
f 1135 1475 1114
f 1114 1475 1115
f 1471 1119 1095
f 1095 1119 1116
f 1126 1532 1111
f 1111 1532 1530
f 914 1276 1480
f 1480 1276 1517
f 3127 3128 1223
f 1223 3128 1224
f 824 933 1455
f 1455 933 3129
f 3131 1448 3130
f 3130 1448 1447
f 3132 3133 1452
f 1452 3133 1453
f 3130 1447 1322
f 1322 1447 1455
f 933 1514 3129
f 3129 1514 3134
f 1161 3135 1480
f 1480 3135 1481
f 3128 3136 1224
f 1224 3136 1499
f 3133 1162 1453
f 1453 1162 1517
f 1515 3127 1535
f 1535 3127 1223
f 3095 3085 3131
f 3131 3085 1448
f 3137 3092 3085
f 3085 3092 3086
f 3138 3116 3137
f 3137 3116 3092
f 3110 3109 3117
f 3117 3109 3139
f 3105 3140 3117
f 3117 3140 3118
f 3140 3141 3118
f 3118 3141 3119
f 3142 3120 3141
f 3141 3120 3119
f 1498 3143 1277
f 1277 3143 882
f 3144 3145 1340
f 1340 3145 1339
f 1340 3146 3144
f 3144 3146 3147
f 3145 3144 3143
f 3143 3144 3148
f 871 901 872
f 872 901 1362
f 3149 3148 3147
f 3147 3148 3144
f 1208 3150 1209
f 3098 1786 1781
f 1781 1786 1782
f 2930 2929 3123
f 3123 2929 2911
f 1794 1791 2916
f 2916 1791 2917
f 1793 3101 2918
f 2918 3101 2919
f 1796 1794 2920
f 2920 1794 2916
f 3151 3152 2921
f 2921 3152 2922
f 3153 3154 2923
f 2923 3154 2924
f 2919 3101 2912
f 2912 3101 2913
f 3155 1796 2925
f 2925 1796 2920
f 3154 3156 2924
f 2924 3156 2926
f 1791 1793 2917
f 2917 1793 2918
f 3157 3158 2927
f 2927 3158 2928
f 1780 2930 1781
f 1781 2930 3123
f 2825 1267 1189
f 1189 1267 1190
f 2827 2828 1250
f 1250 2828 1251
f 1489 2830 1324
f 1324 2830 1325
f 923 1328 1334
f 1334 1328 1335
f 1485 2832 1482
f 1482 2832 1483
f 1266 1490 1492
f 1492 1490 1493
f 1333 1346 1334
f 1334 1346 2824
f 722 799 1492
f 1492 799 1190
f 664 657 1482
f 1482 657 2833
f 631 634 1324
f 1324 634 1493
f 2828 1494 1251
f 1251 1494 2835
f 1249 3021 1250
f 1250 3021 2838
f 798 2837 1189
f 1189 2837 2836
f 3100 842 3160
f 3160 842 3159
f 1788 3101 1789
f 1789 3101 1793
f 1792 816 1789
f 1789 816 1790
f 817 816 1795
f 1795 816 1792
f 938 817 1797
f 1797 817 1795
f 1796 3155 1797
f 1797 3155 1798
f 3155 3158 1798
f 1798 3158 1799
f 3157 3152 1801
f 1801 3152 1802
f 3151 3156 1803
f 1803 3156 1804
f 3154 3153 1805
f 1805 3153 1806
f 3153 3161 1806
f 1806 3161 1807
f 3099 843 3100
f 3100 843 842
f 1788 1787 3102
f 3102 1787 3112
f 2910 3115 3124
f 3124 3115 3122
f 3099 3098 3122
f 3122 3098 3124
f 416 1907 3052
f 3052 1907 3071
f 3046 3047 3163
f 3163 3047 3162
f 249 445 259
f 259 445 3164
f 425 3165 424
f 424 3165 461
f 408 410 329
f 329 410 330
f 39 331 40
f 40 331 332
f 305 304 423
f 423 304 464
f 385 254 458
f 458 254 392
f 250 415 251
f 251 415 412
f 233 337 234
f 234 337 3166
f 435 3055 1908
f 1908 3055 3072
f 443 1909 3056
f 3056 1909 3073
f 3167 3049 3057
f 3057 3049 444
f 452 3058 1332
f 1332 3058 3069
f 234 3166 346
f 346 3166 411
f 3046 3163 462
f 462 3163 3059
f 259 3164 260
f 260 3164 336
f 3047 417 3162
f 3162 417 3053
f 463 3168 434
f 434 3168 3054
f 454 830 425
f 425 830 3165
f 3062 3169 3063
f 3063 3169 3170
f 1355 1354 1534
f 1534 1354 3171
f 3063 3170 3068
f 3068 3170 3172
f 574 3061 3062
f 3062 3061 3169
f 1534 3171 1535
f 1535 3171 3173
f 3079 2873 3172
f 3172 2873 3068
f 2838 3025 2839
f 2839 3025 3174
f 3176 3177 3175
f 3175 3177 3178
f 3180 1125 3179
f 3179 1125 1128
f 3182 3183 3181
f 3181 3183 3184
f 1134 3185 1130
f 1130 3185 3182
f 3186 3187 3189
f 3189 3187 3188
f 3191 3189 3190
f 3190 3189 3188
f 1137 1122 3190
f 3190 1122 3192
f 3175 3178 3193
f 3193 3178 3194
f 3181 3184 3179
f 3179 3184 3195
f 3197 3198 3196
f 3196 3198 3180
f 3200 3178 3199
f 3199 3178 3177
f 3202 3196 3201
f 3201 3196 3195
f 3204 3184 3203
f 3203 3184 3183
f 3206 3207 3205
f 3205 3207 3186
f 3205 3186 3208
f 3208 3186 3189
f 3209 3208 3191
f 3191 3208 3189
f 3210 3194 3200
f 3200 3194 3178
f 3201 3195 3204
f 3204 3195 3184
f 3197 3211 3177
f 3177 3211 3199
f 3213 3214 3212
f 3212 3214 3215
f 3217 3218 3216
f 3216 3218 3219
f 3221 3222 3220
f 3220 3222 3223
f 3225 3226 3224
f 3224 3226 3227
f 3229 3230 3228
f 3228 3230 3231
f 3233 3234 3232
f 3232 3234 3235
f 3237 3238 3236
f 3236 3238 3239
f 3238 3240 3239
f 3239 3240 3241
f 3232 3235 3242
f 3242 3235 3243
f 3245 3246 3244
f 3244 3246 3247
f 3248 3249 3245
f 3245 3249 3246
f 3251 3252 3250
f 3250 3252 3253
f 3255 3252 3254
f 3254 3252 3251
f 3256 3257 3259
f 3259 3257 3258
f 3261 3262 3260
f 3260 3262 3263
f 3265 3263 3264
f 3264 3263 3262
f 3256 3259 3266
f 3266 3259 3267
f 3269 3270 3268
f 3268 3270 3271
f 3269 3272 3270
f 3270 3272 3273
f 3274 3275 3277
f 3277 3275 3276
f 3278 3279 3276
f 3276 3279 3277
f 3281 3282 3280
f 3280 3282 3283
f 3280 3284 3281
f 3281 3284 3285
f 3287 3288 3286
f 3286 3288 3289
f 3290 3291 3288
f 3288 3291 3289
f 3234 3218 3235
f 3235 3218 3217
f 3232 3292 3233
f 3233 3292 3293
f 3239 3294 3236
f 3236 3294 3219
f 3233 3293 3237
f 3237 3293 3295
f 3296 3294 3241
f 3241 3294 3239
f 3240 3238 3297
f 3297 3238 3298
f 3217 3216 3235
f 3235 3216 3243
f 3297 3299 3240
f 3240 3299 3242
f 3246 3300 3247
f 3247 3300 3223
f 3301 3302 3254
f 3254 3302 3244
f 3249 3303 3246
f 3246 3303 3300
f 3245 3304 3248
f 3248 3304 3292
f 3252 3221 3253
f 3253 3221 3220
f 3250 3248 3299
f 3299 3248 3292
f 3222 3221 3255
f 3255 3221 3252
f 3297 3301 3251
f 3251 3301 3254
f 3258 3214 3259
f 3259 3214 3213
f 3257 3256 3304
f 3304 3256 3305
f 3263 3306 3260
f 3260 3306 3215
f 3261 3257 3302
f 3302 3257 3304
f 3307 3306 3265
f 3265 3306 3263
f 3262 3301 3264
f 3264 3301 3308
f 3259 3213 3267
f 3267 3213 3212
f 3308 3309 3264
f 3264 3309 3266
f 3270 3310 3271
f 3271 3310 3231
f 3311 3312 3278
f 3278 3312 3268
f 3270 3273 3310
f 3310 3273 3313
f 3272 3269 3305
f 3305 3269 3314
f 3277 3229 3274
f 3274 3229 3228
f 3275 3272 3309
f 3309 3272 3305
f 3279 3230 3277
f 3277 3230 3229
f 3276 3308 3278
f 3278 3308 3311
f 3281 3315 3282
f 3282 3315 3227
f 3290 3316 3283
f 3283 3316 3317
f 3281 3285 3315
f 3315 3285 3318
f 3284 3280 3314
f 3314 3280 3319
f 3289 3225 3286
f 3286 3225 3224
f 3287 3284 3312
f 3284 3314 3312
f 3291 3226 3289
f 3289 3226 3225
f 3288 3311 3290
f 3290 3311 3316
f 3212 3215 3307
f 3307 3215 3306
f 3294 3296 3219
f 3219 3296 3216
f 3303 3220 3300
f 3300 3220 3223
f 3224 3227 3318
f 3318 3227 3315
f 3228 3231 3313
f 3313 3231 3310
f 3234 3233 3236
f 3236 3233 3237
f 3243 3241 3242
f 3242 3241 3240
f 3247 3255 3244
f 3244 3255 3254
f 3253 3249 3250
f 3250 3249 3248
f 3260 3258 3261
f 3261 3258 3257
f 3266 3267 3264
f 3264 3267 3265
f 3268 3271 3278
f 3278 3271 3279
f 3274 3273 3275
f 3275 3273 3272
f 3283 3282 3290
f 3290 3282 3291
f 3286 3285 3287
f 3287 3285 3284
f 3218 3234 3219
f 3219 3234 3236
f 3295 3298 3237
f 3237 3298 3238
f 3216 3296 3243
f 3243 3296 3241
f 3242 3299 3232
f 3232 3299 3292
f 3223 3222 3247
f 3247 3222 3255
f 3244 3302 3245
f 3245 3302 3304
f 3303 3249 3220
f 3220 3249 3253
f 3297 3251 3299
f 3299 3251 3250
f 3215 3214 3260
f 3260 3214 3258
f 3301 3262 3302
f 3302 3262 3261
f 3212 3307 3267
f 3267 3307 3265
f 3266 3309 3256
f 3256 3309 3305
f 3271 3231 3279
f 3279 3231 3230
f 3268 3312 3269
f 3269 3312 3314
f 3228 3313 3274
f 3274 3313 3273
f 3308 3276 3309
f 3309 3276 3275
f 3282 3227 3291
f 3291 3227 3226
f 3317 3319 3283
f 3283 3319 3280
f 3224 3318 3286
f 3286 3318 3285
f 3312 3311 3287
f 3311 3288 3287
f 3320 3321 3194
f 3194 3321 3193
f 1375 3321 1121
f 1121 3321 3322
f 3323 3324 3322
f 3322 3324 3192
f 3175 1124 3176
f 3176 1124 1123
f 3179 3195 3180
f 3180 3195 3196
f 3181 1131 3182
f 3182 1131 1130
f 3207 3185 3186
f 3186 3185 3187
f 1136 3188 1133
f 1133 3188 3187
f 3190 3188 1137
f 1137 3188 1136
f 3193 1159 3175
f 3175 1159 1124
f 3179 1128 3181
f 3181 1128 1131
f 1533 3198 1123
f 1123 3198 3176
f 3321 1375 3193
f 3193 1375 1159
f 3321 3320 3322
f 3322 3320 3323
f 1122 1121 3192
f 3192 1121 3322
f 3194 3210 3320
f 3320 3210 3325
f 3324 3323 3327
f 3327 3323 3326
f 3320 3325 3323
f 3323 3325 3326
f 3208 3328 3205
f 3205 3328 3329
f 3330 3206 3329
f 3329 3206 3205
f 3203 3331 3204
f 3204 3331 3332
f 3210 3333 3325
f 3325 3333 3334
f 3325 3334 3326
f 3326 3334 3335
f 3327 3326 3336
f 3336 3326 3335
f 3327 3209 3324
f 3324 3209 3191
f 3190 3192 3191
f 3191 3192 3324
f 3338 3339 3337
f 3337 3339 3340
f 3338 3341 3339
f 3339 3341 3342
f 3341 3343 3342
f 3342 3343 3344
f 3343 3345 3344
f 3344 3345 3346
f 3345 3347 3346
f 3346 3347 3348
f 3347 3349 3348
f 3348 3349 3350
f 3337 3340 3351
f 3351 3340 3352
f 3351 3352 3353
f 3353 3352 3354
f 3353 3354 3355
f 3355 3354 3356
f 3350 3349 3357
f 3357 3349 3358
f 3355 3356 3359
f 3359 3356 3360
f 3359 3360 3361
f 3361 3360 3362
f 3361 3362 3363
f 3363 3362 3364
f 3363 3364 3358
f 3358 3364 3357
f 3339 3342 3365
f 3365 3342 3366
f 3342 3344 3366
f 3366 3344 3367
f 3344 3346 3367
f 3367 3346 3368
f 3346 3348 3368
f 3368 3348 3369
f 3348 3350 3369
f 3369 3350 3370
f 3368 3369 3371
f 3371 3369 3372
f 3369 3370 3372
f 3372 3370 3373
f 3373 3374 3372
f 3372 3374 3375
f 3377 3378 3376
f 3376 3378 3379
f 3377 3375 3378
f 3378 3375 3374
f 3375 3380 3372
f 3372 3380 3371
f 3377 3381 3375
f 3375 3381 3380
f 3376 3382 3377
f 3377 3382 3381
f 3384 3385 3383
f 3383 3385 3386
f 3384 3383 3388
f 3388 3383 3387
f 3388 3387 3389
f 3389 3387 3390
f 3392 3385 3391
f 3391 3385 3384
f 3388 3393 3384
f 3384 3393 3391
f 3389 3394 3388
f 3388 3394 3393
f 3389 3395 3394
f 3394 3395 3396
f 3395 3389 3397
f 3397 3389 3390
f 3339 3365 3340
f 3340 3365 3398
f 3340 3398 3352
f 3352 3398 3399
f 3371 3400 3368
f 3368 3400 3367
f 3400 3401 3367
f 3367 3401 3366
f 3366 3401 3365
f 3365 3401 3402
f 3398 3365 3403
f 3403 3365 3402
f 3398 3403 3399
f 3399 3403 3404
f 3403 3405 3404
f 3404 3405 3406
f 3352 3399 3354
f 3354 3399 3407
f 3399 3404 3407
f 3407 3404 3408
f 3404 3406 3408
f 3408 3406 3409
f 3405 3410 3406
f 3406 3410 3411
f 3410 3412 3411
f 3411 3412 3413
f 3397 3414 3395
f 3395 3414 3415
f 3417 3415 3416
f 3416 3415 3412
f 3410 3418 3412
f 3412 3418 3416
f 3410 3405 3418
f 3418 3405 3419
f 3405 3403 3419
f 3419 3403 3402
f 3370 3350 3420
f 3420 3350 3357
f 3373 3370 3421
f 3421 3370 3420
f 3374 3373 3422
f 3422 3373 3421
f 3378 3374 3423
f 3423 3374 3422
f 3378 3423 3379
f 3379 3423 3424
f 3424 3425 3379
f 3379 3425 3386
f 3383 3426 3387
f 3387 3426 3427
f 3387 3427 3390
f 3390 3427 3428
f 3390 3428 3397
f 3397 3428 3429
f 3429 3430 3397
f 3397 3430 3414
f 3411 3413 3431
f 3431 3413 3432
f 3406 3411 3409
f 3409 3411 3431
f 3401 3400 3335
f 3335 3400 3336
f 3401 3335 3402
f 3402 3335 3334
f 3402 3334 3419
f 3419 3334 3333
f 3419 3333 3418
f 3418 3333 3433
f 3418 3433 3416
f 3416 3433 3434
f 3435 3417 3434
f 3434 3417 3416
f 3394 3396 3436
f 3436 3396 3437
f 3393 3394 3332
f 3332 3394 3436
f 3393 3332 3391
f 3391 3332 3331
f 3330 3392 3331
f 3331 3392 3391
f 3382 3329 3381
f 3381 3329 3328
f 3354 3407 3356
f 3356 3407 3438
f 3356 3438 3360
f 3360 3438 3439
f 3360 3439 3362
f 3362 3439 3440
f 3362 3440 3364
f 3364 3440 3441
f 3364 3441 3357
f 3357 3441 3420
f 3421 3420 3442
f 3442 3420 3441
f 3442 3441 3443
f 3443 3441 3440
f 3443 3440 3444
f 3444 3440 3439
f 3444 3439 3445
f 3445 3439 3438
f 3445 3438 3408
f 3408 3438 3407
f 3422 3421 3446
f 3446 3421 3442
f 3446 3442 3447
f 3447 3442 3443
f 3447 3443 3448
f 3448 3443 3444
f 3448 3444 3449
f 3449 3444 3445
f 3449 3445 3409
f 3409 3445 3408
f 3409 3431 3449
f 3449 3431 3450
f 3449 3450 3448
f 3448 3450 3451
f 3451 3452 3448
f 3448 3452 3447
f 3447 3452 3446
f 3446 3452 3453
f 3446 3453 3422
f 3422 3453 3423
f 3424 3423 3454
f 3454 3423 3453
f 3452 3455 3453
f 3453 3455 3454
f 3452 3451 3455
f 3455 3451 3456
f 3450 3457 3451
f 3451 3457 3456
f 3431 3432 3450
f 3450 3432 3457
f 3454 3458 3424
f 3424 3458 3425
f 3427 3426 3459
f 3459 3426 3460
f 3428 3427 3461
f 3461 3427 3459
f 3428 3461 3429
f 3429 3461 3462
f 3462 3463 3429
f 3429 3463 3430
f 3464 3465 3462
f 3462 3465 3463
f 3455 3466 3454
f 3454 3466 3458
f 3465 3464 3466
f 3466 3464 3467
f 3461 3459 3468
f 3468 3459 3469
f 3468 3469 3464
f 3464 3469 3467
f 3464 3462 3468
f 3468 3462 3461
f 3459 3460 3469
f 3469 3460 3467
f 3295 3351 3298
f 3298 3351 3353
f 3353 3355 3298
f 3298 3355 3297
f 3297 3355 3301
f 3301 3355 3359
f 3301 3359 3308
f 3308 3359 3361
f 3308 3361 3311
f 3311 3361 3363
f 3311 3363 3316
f 3316 3363 3358
f 3316 3358 3317
f 3317 3358 3349
f 3349 3347 3317
f 3317 3347 3319
f 3347 3345 3319
f 3319 3345 3314
f 3345 3343 3314
f 3314 3343 3305
f 3343 3341 3305
f 3305 3341 3304
f 3304 3341 3292
f 3292 3341 3338
f 3292 3338 3293
f 3293 3338 3337
f 3293 3337 3295
f 3295 3337 3351
f 3437 3202 3436
f 3436 3202 3201
f 3436 3201 3332
f 3332 3201 3204
f 3433 3200 3434
f 3434 3200 3199
f 3211 3435 3199
f 3199 3435 3434
f 3333 3210 3433
f 3433 3210 3200
f 3380 3470 3371
f 3400 3371 3336
f 3336 3371 3470
f 3381 3328 3380
f 3380 3328 3470
f 3470 3328 3209
f 3209 3328 3208
f 3336 3470 3327
f 3327 3470 3209
f 1545 1763 1546
f 1546 1763 1762
f 1403 1546 773
f 773 1546 770
f 1221 3013 1220
f 1220 3013 3471
f 1305 2877 1306
f 1306 2877 2879
f 1220 3471 828
f 828 3471 829
f 1217 1754 3472
f 3472 1754 1756
f 1049 3473 1048
f 1048 3473 3474
f 1371 1179 3473
f 3473 1179 3474
f 1074 3475 1179
f 1179 3475 3474
f 3474 3475 1048
f 1048 3475 1056
f 919 666 1345
f 1345 666 665
f 856 680 919
f 919 680 666
f 679 680 1449
f 1449 680 858
f 1367 878 1500
f 1500 878 877
f 1366 908 1367
f 1367 908 878
f 1512 916 1513
f 1513 916 915
f 947 1368 948
f 948 1368 1369
f 1047 1021 1044
f 1044 1021 1020
f 1370 1049 1019
f 1019 1049 1020
f 1173 1030 1174
f 1174 1030 1033
f 3126 1188 1464
f 1464 1188 1187
f 1800 1451 1512
f 1512 1451 916
f 1175 1174 1186
f 1186 1174 1187
f 1030 1173 1047
f 1047 1173 1021
f 1513 915 3476
f 3476 915 1481
f 1345 665 3477
f 3477 665 1483
f 1502 1501 876
f 876 1501 877
f 1205 1451 1803
f 1803 1451 1802
f 3479 2832 3478
f 3478 2832 2831
f 1449 858 2927
f 2927 858 2922
f 908 1366 947
f 947 1366 1368
f 949 948 3126
f 3126 948 1188
f 3480 3135 1502
f 1502 3135 1501
f 2927 2922 3157
f 3157 2922 3152
f 3477 1483 3479
f 3479 1483 2832
f 1803 1802 3151
f 3151 1802 3152
f 663 658 664
f 664 658 657
f 655 658 939
f 939 658 706
f 1512 870 1800
f 1800 870 869
f 875 874 876
f 876 874 873
f 849 874 905
f 905 874 958
f 949 962 946
f 946 962 961
f 978 3126 979
f 979 3126 1464
f 1031 1168 1032
f 1032 1168 1022
f 1045 1013 1046
f 1046 1013 1012
f 1045 1044 1056
f 1056 1044 1048
f 1047 1046 1030
f 1030 1046 1031
f 939 706 940
f 940 706 1450
f 979 1464 1032
f 1032 1464 1033
f 3480 1478 3476
f 3476 1478 3134
f 2829 1487 2830
f 2830 1487 1486
f 848 1230 873
f 873 1230 1479
f 867 870 933
f 933 870 1514
f 1800 869 1801
f 1801 869 1799
f 2830 1486 1325
f 1325 1486 2833
f 940 1450 2925
f 2925 1450 2928
f 946 961 907
f 907 961 958
f 959 962 977
f 977 962 978
f 3476 3134 1513
f 1513 3134 1514
f 2925 2928 3155
f 3155 2928 3158
f 1325 2833 656
f 656 2833 657
f 1801 1799 3157
f 3157 1799 3158
f 1074 1055 3475
f 3475 1055 1056
f 1371 3473 1370
f 1370 3473 1049
f 2884 615 3481
f 3481 615 618
f 3478 2831 2846
f 2846 2831 617
f 2831 1484 617
f 617 1484 618
f 1484 1487 618
f 618 1487 3481
f 2848 3481 2829
f 2829 3481 1487
f 1480 1517 1161
f 1161 1517 1162
f 3129 1323 1455
f 1455 1323 1322
f 3129 3134 1323
f 1323 3134 1478
f 1535 3173 1515
f 1515 3173 1516
f 3085 3095 3137
f 3137 3095 3094
f 3137 3094 3138
f 3138 3094 3104
f 3117 3139 3105
f 3105 3139 3106
f 1138 1141 3127
f 3127 1141 3128
f 3081 3131 1264
f 1264 3131 3130
f 1227 1226 3132
f 3132 1226 3133
f 1264 3130 1229
f 1229 3130 1322
f 1160 1501 1161
f 1161 1501 3135
f 1141 1476 3128
f 3128 1476 3136
f 1226 1163 3133
f 3133 1163 1162
f 1363 1138 1515
f 1515 1138 3127
f 3084 3095 3081
f 3081 3095 3131
f 3089 884 3105
f 3105 884 3140
f 884 883 3140
f 3140 883 3141
f 883 3482 3141
f 3141 3482 3142
f 3476 1481 3480
f 3480 1481 3135
f 1502 1479 3480
f 3480 1479 1478
f 3168 463 440
f 714 1880 715
f 715 1880 2905
f 896 732 2970
f 2970 732 731
f 1263 834 3082
f 3082 834 833
f 898 1231 853
f 853 1231 854
f 3125 890 2931
f 2931 890 889
f 1237 893 2851
f 2851 893 892
f 898 853 899
f 899 853 963
f 988 987 989
f 989 987 986
f 1002 1007 1003
f 1003 1007 1006
f 1038 1036 1007
f 1007 1036 1004
f 1070 1052 1005
f 1005 1052 1006
f 1069 1067 1070
f 1070 1067 1052
f 1130 1129 1134
f 1134 1129 1135
f 879 1167 880
f 880 1167 1166
f 1171 1169 1037
f 1037 1169 1038
f 1085 1180 1069
f 1069 1180 1067
f 1209 1210 879
f 879 1210 1167
f 2885 1215 1754
f 1754 1215 1214
f 1263 855 834
f 834 855 854
f 708 1244 1826
f 1826 1244 1243
f 2909 894 1254
f 1254 894 893
f 1228 1361 964
f 964 1361 1360
f 2908 2907 1436
f 1436 2907 1437
f 2990 1440 2991
f 2991 1440 1439
f 964 1360 965
f 965 1360 1454
f 950 1457 951
f 951 1457 1456
f 970 1463 971
f 971 1463 1462
f 1025 1169 984
f 984 1169 986
f 1084 1097 1469
f 1469 1097 1470
f 1096 1115 1474
f 1474 1115 1475
f 1140 1361 1141
f 1141 1361 1476
f 1212 1495 2828
f 2828 1495 1494
f 880 1166 1452
f 1452 1166 1499
f 715 2905 1504
f 1504 2905 2906
f 954 1519 955
f 955 1519 1518
f 1026 1520 992
f 992 1520 1518
f 1029 1520 1043
f 1043 1520 1521
f 997 1522 1040
f 1040 1522 1521
f 1015 1522 1016
f 1016 1522 1523
f 1523 996 1524
f 1524 996 1062
f 1057 1060 1525
f 1525 1060 1524
f 1094 1528 1082
f 1082 1528 1527
f 1526 1528 1089
f 1089 1528 1529
f 1090 1531 1108
f 1108 1531 1530
f 1125 1533 1126
f 1126 1533 1532
f 3483 1755 727
f 727 1755 1214
f 735 1814 707
f 707 1814 1813
f 2891 1834 1246
f 1246 1834 1243
f 2904 1881 1847
f 1847 1881 1848
f 1852 1855 1853
f 1853 1855 1858
f 1902 2903 1877
f 1877 2903 1878
f 2903 2904 1878
f 1878 2904 1847
f 714 713 1848
f 1848 713 1849
f 1440 2990 1883
f 1883 2990 2989
f 1883 2989 1852
f 1852 2989 1855
f 2895 1888 2892
f 2892 1888 1887
f 774 777 1877
f 1877 777 1903
f 1251 2835 1252
f 1252 2835 2834
f 1213 2844 1212
f 1212 2844 1495
f 2851 892 1213
f 1213 892 2844
f 3123 2911 3124
f 3124 2911 2910
f 887 2929 888
f 888 2929 889
f 1435 2963 1436
f 1436 2963 2961
f 1253 1438 1254
f 1254 1438 1437
f 2970 731 735
f 735 731 1814
f 733 732 2885
f 2885 732 1215
f 2901 2902 2976
f 2976 2902 2977
f 2975 2982 2976
f 2976 2982 2979
f 2899 2900 2981
f 2981 2900 2979
f 2899 2981 2898
f 2898 2981 2983
f 2986 2985 2984
f 2984 2985 2983
f 2897 2985 2896
f 2896 2985 2988
f 2991 1439 2987
f 2987 1439 2988
f 777 2978 1903
f 1903 2978 2977
f 1885 1888 1858
f 1858 1888 1853
f 3090 3088 836
f 836 3088 833
f 3083 3088 3097
f 3097 3088 3096
f 3097 3096 3104
f 3104 3096 3106
f 3111 3116 3108
f 3108 3116 3109
f 3112 3111 3114
f 3114 3111 3108
f 3113 3122 3114
f 3114 3122 3115
f 891 890 2837
f 2837 890 2834
f 951 1456 954
f 954 1456 1519
f 967 1457 936
f 936 1457 1454
f 971 1462 902
f 902 1462 963
f 1461 1463 988
f 988 1463 987
f 1466 1468 1474
f 1474 1468 1470
f 1089 1529 1090
f 1090 1529 1531
f 1184 1181 1469
f 1469 1181 1180
f 1082 1527 1061
f 1061 1527 1525
f 1129 1473 1135
f 1135 1473 1475
f 1108 1530 1105
f 1105 1530 1532
f 1452 1499 3132
f 3132 1499 3136
f 3109 3116 3139
f 3139 3116 3138
f 2912 2911 887
f 887 2911 2929
f 2836 2835 1497
f 1497 2835 1494
f 2913 3102 2910
f 2910 3102 3115
f 1133 3187 1134
f 1134 3187 3185
f 3177 3176 3197
f 3197 3176 3198
f 3203 3183 3206
f 3206 3183 3207
f 3196 3202 3197
f 3197 3202 3211
f 3183 3182 3207
f 3207 3182 3185
f 1125 3180 1533
f 1533 3180 3198
f 3331 3203 3330
f 3330 3203 3206
f 3376 3379 3385
f 3385 3379 3386
f 3382 3376 3392
f 3392 3376 3385
f 3412 3415 3413
f 3413 3415 3414
f 3417 3396 3415
f 3415 3396 3395
f 3383 3386 3426
f 3426 3386 3425
f 3413 3414 3432
f 3432 3414 3430
f 3437 3396 3435
f 3435 3396 3417
f 3329 3382 3330
f 3330 3382 3392
f 3426 3425 3460
f 3460 3425 3458
f 3432 3430 3457
f 3457 3430 3463
f 3457 3463 3456
f 3456 3463 3465
f 3460 3458 3467
f 3467 3458 3466
f 3466 3455 3465
f 3465 3455 3456
f 3202 3437 3211
f 3211 3437 3435
f 3104 3106 3138
f 3138 3106 3139
f 3132 3136 1227
f 1227 3136 1476
f 943 687 600
f 600 687 601
f 596 625 667
f 667 625 1297
f 687 686 601
f 601 686 653
f 1319 784 711
f 711 784 712
f 1811 607 783
f 783 607 712
f 862 921 917
f 917 921 920
f 3478 925 3479
f 3479 925 924
f 2846 926 3478
f 3478 926 925
f 659 662 929
f 929 662 930
f 856 921 857
f 857 921 1204
f 1206 864 1207
f 1207 864 863
f 2876 1219 2877
f 2877 1219 1218
f 667 1297 593
f 593 1297 1296
f 917 920 1333
f 1333 920 1346
f 686 693 653
f 653 693 930
f 1277 913 1498
f 1498 913 1207
f 592 1536 610
f 610 1536 711
f 864 1206 1805
f 1805 1206 1804
f 1317 1536 1900
f 1900 1536 1809
f 1900 1809 1295
f 1295 1809 1296
f 3479 924 3477
f 3477 924 2824
f 927 926 1203
f 1203 926 2847
f 3484 2859 3032
f 3032 2859 3033
f 3472 2878 1217
f 1217 2878 1218
f 2889 2888 2880
f 2880 2888 2881
f 2886 2883 2887
f 2887 2883 2882
f 929 928 2847
f 2847 928 1203
f 857 1204 2921
f 2921 1204 2926
f 1820 1819 2882
f 2882 1819 2881
f 1821 2883 2876
f 2876 2883 1219
f 782 2889 783
f 783 2889 2880
f 1352 3034 1353
f 1353 3034 3033
f 3031 3034 3041
f 3041 3034 3043
f 944 943 3043
f 3043 943 600
f 1339 3145 1498
f 1498 3145 3143
f 1208 882 3148
f 3148 882 3143
f 2921 2926 3151
f 3151 2926 3156
f 3477 2824 1345
f 1345 2824 1346
f 1805 1804 3154
f 3154 1804 3156
f 886 3103 883
f 883 3103 3482
f 841 1248 3485
f 3485 1248 3121
f 2811 2819 2812
f 2812 2819 2816
f 2818 2815 2817
f 2817 2815 2806
f 2817 2816 2818
f 2818 2816 2819
f 2793 2795 2819
f 2819 2795 2818
f 243 352 2793
f 2793 352 2795
f 242 353 243
f 243 353 352
f 359 191 242
f 242 191 353
f 247 192 359
f 359 192 191
f 157 193 247
f 247 193 192
f 156 194 157
f 157 194 193
f 378 261 156
f 156 261 194
f 378 381 261
f 261 381 195
f 195 381 196
f 196 381 376
f 196 376 198
f 198 376 375
f 375 1776 198
f 198 1776 197
f 1776 1767 197
f 197 1767 274
f 181 274 199
f 199 274 1767
f 568 566 564
f 564 566 563
f 568 569 566
f 566 569 567
f 501 1773 1771
f 1771 1773 578
f 547 579 1773
f 1773 579 578
f 3486 470 474
f 474 470 469
f 450 582 3487
f 3487 582 3488
f 582 583 3488
f 3488 583 3489
f 583 584 3489
f 3489 584 3490
f 3490 584 3491
f 3491 584 543
f 470 3486 466
f 466 3486 467
f 3489 3490 503
f 503 3490 504
f 503 3492 3489
f 3489 3492 3488
f 3492 503 3493
f 3493 503 502
f 3495 3492 3494
f 3494 3492 3493
f 3487 3488 3495
f 3495 3488 3492
f 468 1774 465
f 465 1774 570
f 3494 3493 1775
f 1775 3493 1771
f 3490 3491 504
f 504 3491 1772
f 3491 543 1772
f 1772 543 548
f 450 3487 474
f 474 3487 3486
f 3495 467 3487
f 3487 467 3486
f 3494 468 3495
f 3495 468 467
f 468 3494 1774
f 1774 3494 1775
f 501 1771 502
f 502 1771 3493
f 527 366 384
f 384 366 365
f 522 524 527
f 527 524 366
f 521 534 522
f 522 534 524
f 530 535 521
f 521 535 534
f 508 486 513
f 513 486 532
f 513 532 541
f 541 532 535
f 667 668 596
f 596 668 597
f 1294 1297 624
f 624 1297 625
f 603 641 604
f 604 641 640
f 1290 1293 650
f 650 1293 651
f 1758 691 660
f 660 691 661
f 602 671 599
f 599 671 670
f 654 662 690
f 690 662 661
f 2856 598 695
f 695 598 597
f 602 654 671
f 671 654 690
f 604 640 676
f 676 640 704
f 1826 1829 708
f 708 1829 709
f 1288 1284 740
f 740 1284 741
f 755 754 758
f 758 754 759
f 2853 2856 932
f 932 2856 695
f 689 691 1192
f 1192 691 1193
f 784 1319 1240
f 1240 1319 1241
f 1813 1816 1244
f 1244 1816 1245
f 754 1288 759
f 759 1288 740
f 1894 1242 1318
f 1318 1242 1241
f 2867 1348 1418
f 1418 1348 1347
f 676 704 673
f 673 704 1347
f 1284 1287 741
f 741 1287 1419
f 1421 1426 1422
f 1422 1426 1425
f 1758 660 615
f 615 660 616
f 1192 1191 1421
f 1421 1191 1426
f 2962 1839 1504
f 1504 1839 1505
f 941 1194 1759
f 1759 1194 1193
f 1287 1537 1419
f 1419 1537 1760
f 1882 2893 1823
f 1823 2893 1824
f 1886 1891 1827
f 1827 1891 1828
f 1887 1886 1834
f 1834 1886 1827
f 1841 716 1838
f 1838 716 1505
f 782 784 1850
f 1850 784 1240
f 1239 1242 1863
f 1863 1242 1864
f 1242 1894 1864
f 1864 1894 1873
f 1822 1239 1823
f 1823 1239 1863
f 1318 1317 1895
f 1895 1317 1900
f 1894 1896 1873
f 1873 1896 1897
f 1291 1896 1292
f 1292 1896 1895
f 605 1898 606
f 606 1898 1897
f 1258 1257 2854
f 2854 1257 2855
f 1257 1351 2855
f 2855 1351 2857
f 1351 1353 2857
f 2857 1353 2858
f 1353 3033 2858
f 2858 3033 2859
f 2860 2861 3036
f 3036 2861 3037
f 2862 2863 2870
f 2870 2863 3039
f 2870 2869 2862
f 2862 2869 2864
f 2868 2865 2869
f 2869 2865 2864
f 1764 2866 2868
f 2868 2866 2865
f 1537 1199 1760
f 1760 1199 1348
f 615 2884 1758
f 1758 2884 1759
f 1825 1246 2890
f 2890 1246 1245
f 2893 2892 1824
f 1824 2892 2891
f 761 2960 758
f 758 2960 2906
f 3000 2943 2940
f 2940 2943 2941
f 2968 710 2950
f 2950 710 709
f 1764 1423 2866
f 2866 1423 2953
f 1423 645 2953
f 2953 645 2954
f 645 644 2954
f 2954 644 2955
f 644 738 2955
f 2955 738 2956
f 738 764 2956
f 2956 764 2957
f 764 763 2957
f 2957 763 2958
f 763 2908 2958
f 2958 2908 2959
f 2908 1436 2959
f 2959 1436 2961
f 1837 2964 1435
f 1435 2964 2963
f 1837 2937 2964
f 2964 2937 2965
f 2936 2968 2966
f 2966 2968 2950
f 1840 2942 1838
f 1838 2942 2941
f 2939 2949 2940
f 2940 2949 3006
f 2939 2942 2966
f 2966 2942 2965
f 1822 1825 1850
f 1850 1825 2890
f 1891 3005 1828
f 1828 3005 3006
f 3035 3038 3045
f 3045 3038 3042
f 3045 3044 3035
f 3035 3044 3040
f 669 1422 3045
f 3045 1422 3044
f 599 670 3041
f 3041 670 3042
f 931 3067 932
f 932 3067 3065
f 2853 3066 2854
f 2854 3066 3076
f 3067 3496 3065
f 3065 3496 3497
f 3066 3498 3076
f 3076 3498 3499
f 707 1813 708
f 708 1813 1244
f 2960 2962 2906
f 2906 2962 1504
f 2892 1887 2891
f 2891 1887 1834
f 1839 2962 2963
f 2963 2962 2961
f 595 626 596
f 596 626 625
f 623 626 3484
f 3484 626 2859
f 1291 1290 606
f 606 1290 603
f 1290 650 603
f 603 650 641
f 641 650 642
f 642 650 649
f 2860 2863 649
f 649 2863 642
f 3036 3039 2860
f 2860 3039 2863
f 3035 3040 3036
f 3036 3040 3039
f 1294 1293 1295
f 1295 1293 1292
f 624 651 1294
f 1294 651 1293
f 623 652 624
f 624 652 651
f 3484 2861 623
f 623 2861 652
f 3032 3037 3484
f 3484 3037 2861
f 3031 3038 3032
f 3032 3038 3037
f 3481 2848 2884
f 2884 2848 942
f 2846 617 1427
f 1427 617 616
f 3049 3167 3048
f 3048 3167 3500
f 1906 3048 3070
f 3070 3048 3500
f 1337 1768 3501
f 3501 1768 3502
f 3020 3503 3021
f 3021 3503 3024
f 2914 3023 3020
f 3020 3023 3503
f 859 1770 860
f 860 1770 3504
f 1336 3505 1768
f 1768 3505 3502
f 3065 3497 3066
f 3066 3497 3498
f 2814 3075 3067
f 3067 3075 3496
f 2839 3174 766
f 766 3174 3017
f 1337 3501 1338
f 1338 3501 1769
f 767 3018 3026
f 3026 3018 3506
f 3076 3499 3064
f 3064 3499 3507
f 727 730 3483
f 3483 730 3030
f 3064 3507 2871
f 2871 3507 3077
f 3100 3160 1786
f 1786 3160 1784
f 3026 3506 752
f 752 3506 3015
f 860 3504 2923
f 2923 3504 3508
f 753 3016 3027
f 3027 3016 3509
f 3027 3509 3008
f 3008 3509 3028
f 1782 1785 1783
f 1783 1785 3022
f 2923 3508 3153
f 3153 3508 3161
f 3148 3149 1208
f 1208 3149 3150
f 1335 1328 3510
f 3510 1328 1327
f 1336 1335 3505
f 3505 1335 3510
f 866 3511 1340
f 1340 3511 3146
f 865 1808 866
f 866 1808 3511
f 842 841 3159
f 3159 841 3485
f 2849 3512 1329
f 1329 3512 1326
f 1202 1331 2849
f 2849 1331 3512
f 3514 3515 3513
f 3513 3515 3516
f 3518 3516 3517
f 3517 3516 3515
f 3519 3520 3514
f 3514 3520 3515
f 3522 3523 3521
f 3521 3523 3524
f 3526 3527 3525
f 3525 3527 3528
f 3530 3531 3529
f 3529 3531 3532
f 3534 3535 3533
f 3533 3535 3536
f 3529 3532 3537
f 3537 3532 3538
f 3537 3539 3529
f 3529 3539 3540
f 3542 3543 3541
f 3541 3543 3544
f 3546 3547 3545
f 3545 3547 3548
f 3550 3534 3549
f 3549 3534 3533
f 3550 3543 3551
f 3551 3543 3552
f 3537 3545 3539
f 3539 3545 3548
f 3553 3554 3556
f 3556 3554 3555
f 3537 3557 3545
f 3545 3557 3546
f 3558 3559 3561
f 3561 3559 3560
f 3563 3564 3562
f 3562 3564 3565
f 3564 3563 3566
f 3566 3563 3567
f 3569 3570 3568
f 3568 3570 3571
f 3573 3574 3572
f 3572 3574 3575
f 3577 3578 3576
f 3576 3578 3579
f 3581 3582 3580
f 3580 3582 3583
f 3585 3586 3584
f 3584 3586 3579
f 3586 3587 3579
f 3579 3587 3576
f 3589 3590 3588
f 3588 3590 3591
f 3592 3593 3595
f 3595 3593 3594
f 3597 3598 3596
f 3596 3598 3595
f 3583 3600 3599
f 3599 3600 3601
f 3603 3599 3602
f 3602 3599 3601
f 3605 3606 3604
f 3604 3606 3607
f 3608 3555 3596
f 3596 3555 3554
f 3597 3610 3609
f 3609 3610 3565
f 3564 3611 3565
f 3565 3611 3609
f 3611 3564 3612
f 3612 3564 3566
f 3613 3614 3569
f 3569 3614 3570
f 3615 3616 3573
f 3573 3616 3574
f 3517 3617 3518
f 3518 3617 3618
f 3620 3621 3619
f 3619 3621 3622
f 3624 3625 3623
f 3623 3625 3626
f 3628 3629 3627
f 3627 3629 3630
f 3632 3633 3631
f 3631 3633 3634
f 3636 3637 3635
f 3635 3637 3638
f 3640 3641 3639
f 3639 3641 3642
f 3643 3644 3639
f 3639 3644 3640
f 3646 3513 3645
f 3645 3513 3647
f 3648 3514 3646
f 3646 3514 3513
f 3649 3519 3648
f 3648 3519 3514
f 3650 3651 3527
f 3527 3651 3652
f 3654 3651 3653
f 3653 3651 3650
f 3568 3571 3655
f 3655 3571 3656
f 3657 3658 3653
f 3653 3658 3659
f 3661 3662 3660
f 3660 3662 3658
f 3664 3665 3663
f 3663 3665 3666
f 3667 3657 3650
f 3650 3657 3653
f 3669 3523 3668
f 3668 3523 3670
f 3672 3673 3671
f 3671 3673 3674
f 3676 3677 3675
f 3675 3677 3678
f 3671 3674 3676
f 3676 3674 3677
f 3680 3681 3679
f 3679 3681 3682
f 3683 3684 3680
f 3680 3684 3681
f 3685 3686 3661
f 3661 3686 3662
f 3686 3687 3662
f 3662 3687 3688
f 3684 3683 3689
f 3689 3683 3690
f 3692 3693 3691
f 3691 3693 3694
f 3691 3694 3695
f 3695 3694 3696
f 3698 3699 3697
f 3697 3699 3700
f 3702 3703 3701
f 3701 3703 3704
f 3705 3706 3519
f 3519 3706 3520
f 3673 3672 3707
f 3707 3672 3708
f 3709 3710 3682
f 3682 3710 3679
f 3711 3712 3692
f 3692 3712 3693
f 3714 3715 3713
f 3713 3715 3716
f 3718 3700 3717
f 3717 3700 3699
f 3720 3721 3719
f 3719 3721 3722
f 3724 3725 3723
f 3723 3725 3726
f 3727 3728 3730
f 3730 3728 3729
f 3722 3721 3731
f 3731 3721 3732
f 3697 3700 3733
f 3733 3700 3714
f 3733 3714 3734
f 3734 3714 3713
f 3721 3723 3732
f 3732 3723 3735
f 3720 3736 3724
f 3724 3736 3737
f 3700 3718 3714
f 3714 3718 3715
f 3717 3699 3738
f 3738 3699 3739
f 3536 3740 3533
f 3533 3740 3540
f 3742 3743 3741
f 3741 3743 3744
f 3746 3747 3745
f 3745 3747 3748
f 3750 3751 3749
f 3749 3751 3752
f 3627 3632 3628
f 3628 3632 3631
f 3754 3755 3753
f 3753 3755 3626
f 3562 3565 3756
f 3756 3565 3610
f 3527 3652 3528
f 3528 3652 3757
f 3758 3524 3669
f 3669 3524 3523
f 3582 3598 3583
f 3583 3598 3600
f 3759 3670 3522
f 3522 3670 3523
f 3675 3678 3760
f 3760 3678 3761
f 3762 3763 3690
f 3690 3763 3689
f 3765 3766 3764
f 3764 3766 3767
f 3768 3739 3698
f 3698 3739 3699
f 3726 3725 3770
f 3770 3725 3769
f 3645 3647 3771
f 3771 3647 3772
f 3645 3678 3646
f 3646 3678 3677
f 3646 3677 3648
f 3648 3677 3674
f 3673 3649 3674
f 3674 3649 3648
f 3707 3773 3673
f 3673 3773 3649
f 3775 3776 3774
f 3774 3776 3777
f 3779 3526 3778
f 3778 3526 3525
f 3526 3779 3667
f 3667 3779 3780
f 3780 3781 3667
f 3667 3781 3657
f 3672 3679 3708
f 3708 3679 3710
f 3671 3680 3672
f 3672 3680 3679
f 3676 3683 3671
f 3671 3683 3680
f 3675 3690 3676
f 3676 3690 3683
f 3760 3762 3675
f 3675 3762 3690
f 3682 3681 3783
f 3783 3681 3782
f 3689 3784 3684
f 3684 3784 3785
f 3684 3785 3681
f 3681 3785 3782
f 3786 3709 3783
f 3783 3709 3682
f 3784 3689 3787
f 3787 3689 3763
f 3789 3557 3788
f 3788 3557 3790
f 3792 3793 3791
f 3791 3793 3794
f 3616 3615 3795
f 3795 3615 3796
f 3797 3798 3727
f 3727 3798 3728
f 3800 3801 3799
f 3799 3801 3802
f 3803 3578 3592
f 3592 3578 3593
f 3805 3806 3804
f 3804 3806 3807
f 3599 3603 3585
f 3585 3603 3586
f 3587 3586 3604
f 3604 3586 3603
f 3588 3591 3794
f 3794 3591 3791
f 3581 3803 3582
f 3582 3803 3592
f 3594 3561 3608
f 3608 3561 3790
f 3662 3688 3808
f 3808 3688 3809
f 3665 3664 3810
f 3810 3664 3811
f 3719 3812 3720
f 3720 3812 3736
f 3717 3813 3718
f 3718 3813 3737
f 3723 3721 3724
f 3724 3721 3720
f 3813 3717 3814
f 3814 3717 3738
f 3815 3816 303
f 303 3816 304
f 3818 3819 3817
f 3817 3819 3820
f 3578 3803 3579
f 3579 3803 3584
f 3558 3593 3577
f 3577 3593 3578
f 3822 3823 3821
f 3821 3823 3824
f 3546 3826 3825
f 3825 3826 3827
f 3828 3829 3547
f 3547 3829 3541
f 3831 3542 3830
f 3830 3542 3832
f 3834 3822 3833
f 3833 3822 3821
f 3835 3836 3827
f 3827 3836 3825
f 3800 3799 3828
f 3828 3799 3829
f 3830 3832 3837
f 3837 3832 3838
f 331 330 3551
f 3551 330 3839
f 3831 333 3552
f 3552 333 332
f 3819 3797 3841
f 3841 3797 3840
f 3513 3516 3647
f 3647 3516 3746
f 337 336 3745
f 3745 336 3772
f 3525 3528 3775
f 3775 3528 3749
f 3610 3597 3554
f 3554 3597 3596
f 3706 3702 3520
f 3520 3702 3701
f 3756 3610 3553
f 3553 3610 3554
f 3757 3750 3528
f 3528 3750 3749
f 3517 3515 3701
f 3701 3515 3520
f 3842 3584 3581
f 3581 3584 3803
f 3525 3775 3778
f 3778 3775 3774
f 3638 3843 3635
f 3635 3843 3618
f 3617 3621 3618
f 3618 3621 3635
f 3617 3517 3704
f 3704 3517 3701
f 3521 3624 3522
f 3522 3624 3623
f 3749 3844 3775
f 3775 3844 3776
f 3846 3847 3845
f 3845 3847 3848
f 3843 3747 3618
f 3618 3747 3518
f 3850 3851 3849
f 3849 3851 3748
f 3853 3854 3852
f 3852 3854 3855
f 3856 3857 3622
f 3622 3857 3619
f 3859 3860 3858
f 3858 3860 3861
f 3862 3844 3752
f 3752 3844 3749
f 3863 3759 3623
f 3623 3759 3522
f 3864 3777 3630
f 3630 3777 3776
f 3713 3865 3734
f 3734 3865 3866
f 3868 3869 3867
f 3867 3869 3870
f 3872 3873 3871
f 3871 3873 3874
f 3876 3877 3875
f 3875 3877 3878
f 3879 3880 3878
f 3878 3880 3881
f 3882 3883 3885
f 3885 3883 3884
f 3780 3886 3781
f 3781 3886 3887
f 3888 3685 3869
f 3869 3685 3661
f 3880 3879 3883
f 3883 3879 3884
f 3693 3783 3694
f 3694 3783 3782
f 3696 3785 3764
f 3764 3785 3784
f 3694 3782 3696
f 3696 3782 3785
f 3693 3786 3783
f 3787 3765 3784
f 3784 3765 3764
f 386 385 3765
f 3765 385 3766
f 3695 3889 3691
f 3691 3889 3890
f 3691 3890 3692
f 3692 3890 3891
f 3892 3711 3891
f 3891 3711 3692
f 3767 3893 3695
f 3695 3893 3889
f 3766 3894 3767
f 3767 3894 3893
f 3882 3885 3895
f 3895 3885 3896
f 3898 3698 3897
f 3897 3698 3697
f 3897 3697 3899
f 3899 3697 3733
f 3899 3733 3900
f 3900 3733 3734
f 3901 3768 3898
f 3898 3768 3698
f 3901 3902 3768
f 3768 3902 3903
f 3904 3905 3907
f 3907 3905 3906
f 3869 3661 3870
f 3870 3661 3660
f 3908 3909 3896
f 3896 3909 3895
f 3909 3758 3895
f 3895 3758 3669
f 3751 3531 3752
f 3752 3531 3848
f 3858 3536 3854
f 3854 3536 3535
f 3652 3562 3757
f 3757 3562 3756
f 3651 3654 3563
f 3563 3654 3567
f 3655 3656 3808
f 3808 3656 3659
f 3530 3740 3845
f 3845 3740 3861
f 3751 3750 3556
f 3556 3750 3553
f 3817 3820 3796
f 3796 3820 3795
f 410 409 3910
f 3910 409 3855
f 3750 3757 3553
f 3553 3757 3756
f 3908 3886 3909
f 3909 3886 3780
f 409 411 3855
f 3855 411 3851
f 413 412 3760
f 3760 412 3762
f 415 414 3763
f 3763 414 3787
f 3790 3557 3538
f 3538 3557 3537
f 3555 3608 3538
f 3538 3608 3790
f 3574 3911 3575
f 3575 3911 3912
f 3535 3534 3910
f 3910 3534 3839
f 3831 3552 3542
f 3542 3552 3543
f 3534 3550 3839
f 3839 3550 3551
f 3543 3550 3544
f 3544 3550 3549
f 3913 3914 3916
f 3916 3914 3915
f 3806 3805 3589
f 3589 3805 3590
f 3849 3843 3917
f 3917 3843 3638
f 3853 3644 3859
f 3859 3644 3742
f 3747 3746 3518
f 3518 3746 3516
f 3695 3696 3767
f 3767 3696 3764
f 3903 3918 3768
f 3768 3918 3739
f 3738 3739 3816
f 3816 3739 3918
f 3919 3920 3769
f 3769 3920 3770
f 3921 3726 3922
f 3922 3726 3770
f 3678 3645 3761
f 3761 3645 3771
f 3924 3913 3923
f 3923 3913 3916
f 3802 3925 3838
f 3838 3925 3837
f 3577 3926 3558
f 3558 3926 3559
f 3815 3919 3814
f 3814 3919 3769
f 3927 3928 3822
f 3822 3928 3823
f 3829 3832 3541
f 3541 3832 3542
f 3834 3927 3822
f 3832 3829 3838
f 3838 3829 3799
f 3745 3772 3746
f 3746 3772 3647
f 3849 3748 3843
f 3843 3748 3747
f 3854 3853 3858
f 3858 3853 3859
f 3854 3535 3855
f 3855 3535 3910
f 3557 3789 3546
f 3546 3789 3826
f 3923 3823 3924
f 3924 3823 3928
f 3823 3923 3929
f 3929 3923 3930
f 3531 3751 3532
f 3532 3751 3556
f 3532 3556 3538
f 3538 3556 3555
f 3932 3634 3931
f 3931 3634 3633
f 3814 3769 3813
f 3813 3769 3725
f 3620 3636 3621
f 3621 3636 3635
f 3847 3862 3848
f 3848 3862 3752
f 3531 3530 3848
f 3848 3530 3845
f 3933 3934 3830
f 3830 3934 3831
f 3925 3933 3837
f 3837 3933 3830
f 3934 440 3831
f 3831 440 333
f 3925 3802 3833
f 3833 3802 3801
f 3776 3844 3630
f 3630 3844 3627
f 3808 3659 3662
f 3662 3659 3658
f 3667 3650 3526
f 3526 3650 3527
f 3935 3666 3936
f 3936 3666 3665
f 3718 3737 3715
f 3715 3737 3736
f 3663 3809 3664
f 3664 3809 3688
f 3807 3806 3938
f 3938 3806 3937
f 445 413 3761
f 3761 413 3760
f 3902 447 3903
f 3903 447 446
f 3897 3890 3898
f 3898 3890 3889
f 3899 3891 3897
f 3897 3891 3890
f 3898 3889 3901
f 3901 3889 3893
f 3893 3894 3901
f 3901 3894 3902
f 414 386 3787
f 3787 386 3765
f 3940 3941 3939
f 3939 3941 3942
f 3840 3797 3943
f 3943 3797 3727
f 3665 3810 3936
f 3936 3810 3944
f 3921 3735 3726
f 3726 3735 3723
f 3920 3945 3770
f 3770 3945 3922
f 3521 3524 3774
f 3774 3524 3778
f 3864 3946 3625
f 3625 3946 3947
f 3773 3705 3649
f 3649 3705 3519
f 3779 3778 3758
f 3758 3778 3524
f 3812 3716 3736
f 3736 3716 3715
f 3624 3521 3777
f 3777 3521 3774
f 3703 3856 3704
f 3704 3856 3622
f 3900 3892 3899
f 3899 3892 3891
f 3641 3917 3642
f 3642 3917 3948
f 3895 3669 3882
f 3882 3669 3668
f 3855 3851 3852
f 3852 3851 3850
f 3894 458 3902
f 3902 458 447
f 3781 3887 3660
f 3660 3887 3870
f 3570 3566 3571
f 3571 3566 3567
f 3950 3576 3949
f 3949 3576 3587
f 3605 3602 3614
f 3614 3602 3612
f 3614 3612 3570
f 3570 3612 3566
f 3571 3567 3656
f 3656 3567 3654
f 3660 3658 3781
f 3781 3658 3657
f 3604 3607 3587
f 3587 3607 3949
f 3653 3659 3654
f 3654 3659 3656
f 3529 3540 3530
f 3530 3540 3740
f 3687 3811 3688
f 3688 3811 3664
f 3813 3725 3737
f 3737 3725 3724
f 3919 3815 461
f 461 3815 303
f 3818 3798 3819
f 3819 3798 3797
f 3819 3841 3820
f 3820 3841 3951
f 3816 3815 3738
f 3738 3815 3814
f 3540 3539 3533
f 3533 3539 3549
f 3548 3547 3544
f 3544 3547 3541
f 3539 3548 3549
f 3549 3548 3544
f 3741 3931 3860
f 3860 3931 3846
f 3801 3800 3835
f 3835 3800 3836
f 3934 3933 3824
f 3824 3933 3821
f 3825 3828 3546
f 3546 3828 3547
f 3833 3821 3925
f 3925 3821 3933
f 3800 3828 3836
f 3836 3828 3825
f 3824 3952 3934
f 3934 3952 440
f 3860 3846 3861
f 3861 3846 3845
f 3629 3946 3630
f 3630 3946 3864
f 3740 3536 3861
f 3861 3536 3858
f 3833 3801 3834
f 3834 3801 3835
f 3583 3599 3580
f 3580 3599 3585
f 3651 3563 3652
f 3652 3563 3562
f 3758 3909 3779
f 3779 3909 3780
f 3621 3617 3622
f 3622 3617 3704
f 3625 3947 3626
f 3626 3947 3753
f 3633 3632 3847
f 3847 3632 3862
f 3852 3850 3640
f 3640 3850 3641
f 3644 3853 3640
f 3640 3853 3852
f 3859 3742 3860
f 3860 3742 3741
f 3632 3627 3862
f 3862 3627 3844
f 3755 3863 3626
f 3626 3863 3623
f 3917 3638 3948
f 3948 3638 3637
f 3644 3643 3742
f 3742 3643 3743
f 3931 3633 3846
f 3846 3633 3847
f 3625 3624 3864
f 3864 3624 3777
f 3917 3641 3849
f 3849 3641 3850
f 3744 3932 3741
f 3741 3932 3931
f 3903 446 3918
f 3918 446 464
f 3953 3954 3956
f 3956 3954 3955
f 3958 3959 3957
f 3957 3959 3960
f 3876 3958 3877
f 3877 3958 3957
f 3877 3957 3961
f 3961 3957 3962
f 3963 3964 3958
f 3958 3964 3959
f 3965 3966 3876
f 3876 3966 3958
f 3966 3963 3958
f 3966 3967 3963
f 3963 3967 3968
f 3878 3877 3879
f 3879 3877 3961
f 3967 3969 3968
f 3968 3969 3970
f 3969 3971 3970
f 3970 3971 3972
f 3974 3904 3973
f 3973 3904 3907
f 3971 3975 3972
f 3972 3975 3976
f 3976 3975 3978
f 3978 3975 3977
f 3979 3980 3977
f 3977 3980 3978
f 3981 3982 3979
f 3979 3982 3980
f 3983 3984 3981
f 3981 3984 3982
f 3972 3985 3970
f 3970 3985 3986
f 3871 3987 3969
f 3969 3987 3971
f 3872 3871 3967
f 3967 3871 3969
f 3965 3872 3966
f 3966 3872 3967
f 3970 3986 3968
f 3968 3986 3988
f 3879 3961 3884
f 3884 3961 3940
f 3884 3940 3885
f 3885 3940 3939
f 3989 3990 3992
f 3992 3990 3991
f 3942 3993 3995
f 3995 3993 3994
f 3994 3996 3995
f 3995 3996 3974
f 3997 3998 3994
f 3994 3998 3996
f 3999 3997 3993
f 3993 3997 3994
f 4001 3996 4000
f 4000 3996 3998
f 4000 3998 4002
f 4002 3998 4003
f 4004 4003 3997
f 3997 4003 3998
f 3997 3999 4004
f 4004 3999 4005
f 4006 3995 3973
f 3973 3995 3974
f 3939 3942 4006
f 4006 3942 3995
f 3906 3887 3907
f 3907 3887 3886
f 3887 3906 3870
f 3870 3906 3867
f 3908 3973 3886
f 3886 3973 3907
f 3865 4007 3866
f 3866 4007 4008
f 3984 3983 4009
f 4009 3983 4010
f 3961 3962 3940
f 3940 3962 3941
f 4012 3868 4011
f 4011 3868 3867
f 4013 3975 3987
f 3987 3975 3971
f 4014 3977 4013
f 4013 3977 3975
f 4015 4010 4007
f 4007 4010 3983
f 4007 3983 4008
f 4008 3983 3981
f 4008 3981 4016
f 4016 3981 3979
f 4017 3984 4018
f 4018 3984 4009
f 3977 4014 3979
f 3979 4014 4016
f 3982 3984 4019
f 4019 3984 4017
f 4021 4022 4020
f 4020 4022 4023
f 4022 4012 4023
f 4023 4012 4011
f 4023 3904 4020
f 4020 3904 3974
f 4024 4025 4018
f 4018 4025 4017
f 4026 4027 4024
f 4024 4027 4025
f 4028 4026 4029
f 4029 4026 4024
f 4018 4021 4024
f 4024 4021 4029
f 4030 4031 4026
f 4026 4031 4027
f 4032 4030 4028
f 4028 4030 4026
f 4029 4001 4028
f 4028 4001 4000
f 4028 4000 4032
f 4032 4000 4002
f 4034 4035 4033
f 4033 4035 4036
f 4037 4038 4019
f 4019 4038 4039
f 4041 4039 4040
f 4040 4039 4038
f 4040 4038 4042
f 4042 4038 4036
f 4042 4036 4043
f 4043 4036 4035
f 3985 4044 4046
f 4046 4044 4045
f 4047 4048 4045
f 4045 4048 4046
f 4047 4049 4048
f 4048 4049 4050
f 4042 4047 4040
f 4040 4047 4045
f 4043 4049 4042
f 4042 4049 4047
f 4040 4045 4041
f 4041 4045 4044
f 4052 3959 4051
f 4051 3959 3964
f 4053 4054 4051
f 4051 4054 4055
f 3956 3960 4052
f 4052 3960 3959
f 3953 3956 4056
f 4056 3956 4052
f 4058 3953 4057
f 4057 3953 4056
f 4060 4061 4059
f 4059 4061 4062
f 4063 4064 4054
f 4054 4064 4057
f 4054 4053 4063
f 4063 4053 4065
f 4066 4067 4069
f 4069 4067 4068
f 4048 4050 4063
f 4063 4050 4064
f 4063 4065 4048
f 4048 4065 4046
f 3985 4046 3986
f 3986 4046 4065
f 3986 4065 3988
f 3988 4065 4053
f 3988 4053 3964
f 3964 4053 4051
f 3976 3978 4044
f 4044 3978 4041
f 3980 3982 4039
f 4039 3982 4019
f 4039 4041 3980
f 3980 4041 3978
f 3973 3908 4006
f 4006 3908 3896
f 3885 3939 3896
f 3896 3939 4006
f 4031 4034 4027
f 4027 4034 4033
f 4027 4033 4025
f 4025 4033 4037
f 4019 4017 4037
f 4037 4017 4025
f 3993 3942 4070
f 4070 3942 3941
f 3999 3993 4071
f 4071 3993 4070
f 3999 4071 4005
f 4005 4071 4072
f 4073 4074 4076
f 4076 4074 4075
f 4078 4079 4077
f 4077 4079 4080
f 4082 4080 4081
f 4081 4080 4079
f 4084 4085 4083
f 4083 4085 4086
f 4087 4088 4090
f 4090 4088 4089
f 4092 4093 4091
f 4091 4093 4094
f 4096 4097 4095
f 4095 4097 4098
f 4100 4101 4099
f 4099 4101 4102
f 4103 4104 4106
f 4106 4104 4105
f 4108 4109 4107
f 4107 4109 4110
f 4112 4113 4111
f 4111 4113 4114
f 4116 4117 4115
f 4115 4117 4118
f 4120 4121 4119
f 4119 4121 4122
f 4123 4124 4126
f 4126 4124 4125
f 4127 4128 4130
f 4130 4128 4129
f 4132 4133 4131
f 4131 4133 4134
f 4136 4108 4135
f 4135 4108 4107
f 4138 4139 4137
f 4137 4139 4140
f 4141 4142 4088
f 4088 4142 4089
f 4144 4145 4143
f 4143 4145 4146
f 4148 4149 4147
f 4147 4149 4150
f 4152 4153 4151
f 4151 4153 4154
f 4156 4082 4155
f 4155 4082 4081
f 4157 4158 4160
f 4160 4158 4159
f 4161 4162 4164
f 4164 4162 4163
f 4166 4122 4165
f 4165 4122 4121
f 4168 4152 4167
f 4167 4152 4151
f 4169 4170 4172
f 4172 4170 4171
f 4174 4175 4173
f 4173 4175 4176
f 4178 4149 4177
f 4177 4149 4179
f 4173 4176 4180
f 4180 4176 4181
f 4156 4085 4182
f 4182 4085 4183
f 4182 4184 4156
f 4156 4184 4082
f 4185 4186 4184
f 4184 4186 4187
f 4186 4188 4187
f 4187 4188 4189
f 4190 4191 4073
f 4073 4191 4074
f 4177 4179 4158
f 4158 4179 4159
f 4193 4127 4192
f 4192 4127 4130
f 4144 4194 4151
f 4151 4194 4167
f 4196 4197 4195
f 4195 4197 4198
f 4095 4199 4096
f 4096 4199 4200
f 4201 4202 4204
f 4204 4202 4203
f 4205 4206 4208
f 4208 4206 4207
f 4121 4120 4209
f 4209 4120 4210
f 4212 4213 4211
f 4211 4213 4214
f 4216 4217 4215
f 4215 4217 4218
f 4220 4221 4219
f 4219 4221 4222
f 4224 4196 4223
f 4223 4196 4195
f 4225 4226 4134
f 4134 4226 4131
f 4228 4229 4227
f 4227 4229 4230
f 4232 4233 4231
f 4231 4233 4098
f 4235 4236 4234
f 4234 4236 4237
f 4239 4240 4238
f 4238 4240 4241
f 4242 4243 4245
f 4245 4243 4244
f 4246 4247 4249
f 4249 4247 4248
f 4251 4252 4250
f 4250 4252 4253
f 4255 4256 4254
f 4254 4256 4257
f 4259 4260 4258
f 4258 4260 4261
f 4263 4264 4262
f 4262 4264 4265
f 4267 4268 4266
f 4266 4268 4269
f 4271 4199 4270
f 4270 4199 4272
f 4273 4274 4276
f 4276 4274 4275
f 4115 4118 4277
f 4277 4118 4278
f 4280 4281 4279
f 4279 4281 4282
f 4211 4283 4212
f 4212 4283 4284
f 4286 4287 4285
f 4285 4287 4288
f 4165 4121 4289
f 4289 4121 4209
f 4291 4286 4290
f 4290 4286 4285
f 4293 4294 4292
f 4292 4294 4295
f 4297 4298 4296
f 4296 4298 4299
f 4301 4302 4300
f 4300 4302 4303
f 4299 4304 4296
f 4296 4304 4305
f 4306 4292 4307
f 4307 4292 4295
f 4307 4308 4306
f 4306 4308 4309
f 4310 4309 4075
f 4075 4309 4308
f 4299 4298 4312
f 4312 4298 4311
f 4302 4301 4293
f 4293 4301 4294
f 3735 3921 4313
f 4313 3921 4314
f 4315 4314 3922
f 3922 4314 3921
f 4316 3945 829
f 829 3945 830
f 4289 4317 4165
f 4165 4317 4318
f 4320 4321 4319
f 4319 4321 4322
f 4324 4325 4323
f 4323 4325 4326
f 4327 4328 4330
f 4330 4328 4329
f 4290 4331 4291
f 4291 4331 4332
f 4165 4318 4166
f 4166 4318 4333
f 4334 4335 4337
f 4337 4335 4336
f 4339 4340 4338
f 4338 4340 4341
f 4168 4343 4342
f 4342 4343 4344
f 4346 4347 4345
f 4345 4347 4348
f 4350 4351 4349
f 4349 4351 4352
f 4354 4355 4353
f 4353 4355 4356
f 4357 4358 4324
f 4324 4358 4325
f 4337 4359 4334
f 4334 4359 4360
f 4362 4363 4361
f 4361 4363 4364
f 4366 4367 4365
f 4365 4367 4368
f 4369 4370 4372
f 4372 4370 4371
f 4331 4290 4374
f 4374 4290 4373
f 4373 4376 4375
f 4375 4376 4377
f 4379 4380 4378
f 4378 4380 4381
f 4217 4382 4218
f 4218 4382 4383
f 4385 4386 4384
f 4384 4386 4387
f 4388 4389 4338
f 4338 4389 4390
f 4337 4336 4392
f 4392 4336 4391
f 4394 4362 4393
f 4393 4362 4361
f 4396 4397 4395
f 4395 4397 4398
f 4400 4401 4399
f 4399 4401 4402
f 4345 4403 4346
f 4346 4403 4404
f 4405 4406 4342
f 4342 4406 4407
f 4409 4410 4408
f 4408 4410 4411
f 4408 4412 4409
f 4409 4412 4413
f 4181 4415 4414
f 4414 4415 4416
f 4182 4183 4417
f 4417 4183 4418
f 4419 4353 4311
f 4311 4353 4312
f 4421 4422 4420
f 4420 4422 4423
f 4353 4356 4312
f 4312 4356 4424
f 4166 4333 4425
f 4425 4333 4426
f 4425 4143 4166
f 4166 4143 4122
f 4427 4107 4428
f 4428 4107 4110
f 4429 4430 4174
f 4174 4430 4175
f 4335 4431 4336
f 4336 4431 4390
f 4336 4390 4391
f 4391 4390 4389
f 4432 4433 4435
f 4435 4433 4434
f 4437 4438 4436
f 4436 4438 4439
f 4441 4442 4440
f 4440 4442 4443
f 4359 4444 4361
f 4361 4444 4393
f 4446 4447 4445
f 4445 4447 4448
f 4338 4341 4388
f 4388 4341 4449
f 4450 4451 4398
f 4398 4451 4395
f 4453 4454 4452
f 4452 4454 4455
f 4457 4458 4456
f 4456 4458 4459
f 4460 4461 4448
f 4448 4461 4445
f 4463 4464 4462
f 4462 4464 4465
f 4462 4465 4466
f 4466 4465 4467
f 4468 4469 4467
f 4467 4469 4466
f 4469 4468 4470
f 4470 4468 4471
f 4472 4473 4471
f 4471 4473 4470
f 4475 4476 4474
f 4474 4476 4477
f 4479 4480 4478
f 4478 4480 4481
f 4483 4484 4482
f 4482 4484 4485
f 4487 4488 4486
f 4486 4488 4489
f 4491 4492 4490
f 4490 4492 4493
f 4494 4495 4493
f 4493 4495 4490
f 4496 4497 4494
f 4494 4497 4495
f 4497 4496 4498
f 4498 4496 4499
f 4500 4501 4503
f 4503 4501 4502
f 4505 4506 4504
f 4504 4506 4507
f 4466 4508 4462
f 4462 4508 4509
f 4470 4510 4469
f 4469 4510 4511
f 4513 4479 4512
f 4512 4479 4478
f 4515 4443 4514
f 4514 4443 4442
f 4516 4517 4519
f 4519 4517 4518
f 4521 4495 4520
f 4520 4495 4497
f 4522 4490 4521
f 4521 4490 4495
f 4491 4523 4488
f 4488 4523 4524
f 4525 4489 4524
f 4524 4489 4488
f 4484 4526 4485
f 4485 4526 4527
f 4503 4528 4500
f 4500 4528 4529
f 4530 4531 4533
f 4533 4531 4532
f 4535 4506 4534
f 4534 4506 4530
f 4486 4536 4487
f 4487 4536 4537
f 4487 4537 4492
f 4492 4537 4538
f 4494 4539 4496
f 4496 4539 4540
f 4542 4533 4541
f 4541 4533 4499
f 4544 4545 4543
f 4543 4545 4546
f 4548 4549 4547
f 4547 4549 4550
f 4536 4551 4537
f 4537 4551 4552
f 4537 4552 4538
f 4538 4552 4553
f 4554 4539 4556
f 4556 4539 4555
f 4557 4540 4554
f 4554 4540 4539
f 4559 4557 4558
f 4558 4557 4560
f 4540 4557 4541
f 4541 4557 4559
f 4562 4563 4561
f 4561 4563 4564
f 4546 4565 4543
f 4543 4565 4566
f 4547 4567 4548
f 4548 4567 4568
f 4570 4571 4569
f 4569 4571 4572
f 4574 4575 4573
f 4573 4575 4576
f 4578 4579 4577
f 4577 4579 4580
f 4582 4583 4581
f 4581 4583 4584
f 4585 4586 4588
f 4588 4586 4587
f 4589 4585 4590
f 4590 4585 4588
f 4592 4593 4591
f 4591 4593 4594
f 4596 4597 4595
f 4595 4597 4598
f 4600 4601 4599
f 4599 4601 4602
f 4563 4604 4603
f 4603 4604 4605
f 4603 4606 4608
f 4608 4606 4607
f 4609 4610 4594
f 4594 4610 4591
f 4611 4612 4614
f 4614 4612 4613
f 4616 4617 4615
f 4615 4617 4618
f 4602 4620 4619
f 4619 4620 4621
f 4619 4622 4602
f 4602 4622 4599
f 4605 4599 4623
f 4623 4599 4622
f 4605 4623 4603
f 4603 4623 4606
f 4625 4626 4624
f 4624 4626 4627
f 4438 4437 4628
f 4628 4437 4629
f 4442 4441 4630
f 4630 4441 4631
f 4630 4632 4442
f 4442 4632 4514
f 4633 4634 4529
f 4529 4634 4500
f 4500 4634 4501
f 4501 4634 4635
f 4637 4546 4636
f 4636 4546 4545
f 4639 4565 4638
f 4638 4565 4640
f 4573 4576 4641
f 4641 4576 4642
f 4593 4643 4594
f 4594 4643 4644
f 4645 4609 4644
f 4644 4609 4594
f 4647 4648 4646
f 4646 4648 4649
f 4651 4652 4650
f 4650 4652 4653
f 4654 4498 4519
f 4519 4498 4532
f 4520 4508 4521
f 4521 4508 4511
f 4522 4510 4523
f 4523 4510 4655
f 4524 4656 4525
f 4525 4656 4657
f 4514 4529 4515
f 4515 4529 4528
f 4658 4659 4661
f 4661 4659 4660
f 4496 4540 4499
f 4499 4540 4541
f 4493 4555 4494
f 4494 4555 4539
f 4549 4483 4550
f 4550 4483 4482
f 4545 4544 4501
f 4501 4544 4502
f 4636 4545 4635
f 4635 4545 4501
f 4589 4663 4662
f 4662 4663 4664
f 4662 4665 4558
f 4558 4665 4559
f 4569 4586 4570
f 4570 4586 4560
f 4552 4666 4553
f 4553 4666 4667
f 4668 4669 4670
f 4670 4669 4666
f 4672 4673 4671
f 4671 4673 4674
f 4287 4675 4288
f 4288 4675 4676
f 4678 4679 4677
f 4677 4679 4680
f 4681 4678 4682
f 4682 4678 4677
f 4682 4683 4681
f 4681 4683 4684
f 4161 4164 4685
f 4685 4164 4686
f 4414 4687 4689
f 4689 4687 4688
f 4405 4690 4346
f 4346 4690 4347
f 4691 4399 4693
f 4693 4399 4692
f 1209 4694 4365
f 4365 4694 4366
f 4650 1211 4651
f 4651 1211 1210
f 4695 4696 4255
f 4255 4696 4256
f 4697 4698 4218
f 4218 4698 4215
f 4700 4701 4699
f 4699 4701 4702
f 4703 4704 4303
f 4303 4704 4300
f 4315 3922 4316
f 4316 3922 3945
f 4653 4706 4705
f 4705 4706 4707
f 4709 4710 4708
f 4708 4710 4711
f 4335 4334 4713
f 4713 4334 4712
f 4714 4340 4321
f 4321 4340 4322
f 4716 4717 4715
f 4715 4717 4718
f 4238 4241 4719
f 4719 4241 4720
f 4231 4721 4307
f 4307 4721 4308
f 4723 4724 4722
f 4722 4724 4725
f 4727 4728 4726
f 4726 4728 4729
f 4730 4731 4327
f 4327 4731 4328
f 4733 4734 4732
f 4732 4734 4735
f 4720 4381 4736
f 4736 4381 4737
f 4738 4739 4741
f 4741 4739 4740
f 4743 4744 4742
f 4742 4744 4745
f 4338 4390 4339
f 4339 4390 4431
f 4746 4747 4431
f 4431 4747 4339
f 4291 4332 4289
f 4289 4332 4317
f 4289 4209 4291
f 4291 4209 4286
f 4287 4286 4210
f 4210 4286 4209
f 4749 4750 4748
f 4748 4750 4751
f 4212 4284 4752
f 4752 4284 4753
f 4752 4754 4212
f 4212 4754 4213
f 4252 4251 4225
f 4225 4251 4226
f 4227 4230 4248
f 4248 4230 4249
f 4205 4755 4757
f 4757 4755 4756
f 4708 4711 4758
f 4758 4711 4647
f 4367 4366 4759
f 4759 4366 4760
f 4526 4513 4527
f 4527 4513 4512
f 4420 4423 4385
f 4385 4423 4386
f 4705 4761 4653
f 4653 4761 4650
f 4761 1279 4650
f 4650 1279 1211
f 4762 4763 3944
f 3944 4763 3936
f 4274 4273 4765
f 4765 4273 4764
f 4767 4768 4766
f 4766 4768 4769
f 4770 4771 4769
f 4769 4771 4766
f 4771 4770 4242
f 4242 4770 4243
f 4093 4163 4094
f 4094 4163 4162
f 4772 4773 4775
f 4775 4773 4774
f 4777 4778 4776
f 4776 4778 4779
f 4417 4185 4182
f 4182 4185 4184
f 4780 4078 4781
f 4781 4078 4077
f 4781 4077 4782
f 4782 4077 4189
f 4188 4783 4189
f 4189 4783 4782
f 4295 4232 4307
f 4307 4232 4231
f 4785 4786 4784
f 4784 4786 4787
f 4784 1307 4785
f 4785 1307 1306
f 4078 4780 4096
f 4096 4780 4097
f 4075 4074 4310
f 4310 4074 4788
f 4788 4074 4789
f 4789 4074 4191
f 4789 4191 4059
f 4059 4191 4790
f 4791 4277 4792
f 4792 4277 4278
f 3732 3735 4793
f 4793 3735 4313
f 4793 4794 3732
f 3732 4794 3731
f 4792 4795 4791
f 4791 4795 4796
f 4797 4798 4799
f 4799 4798 4724
f 4763 4800 3936
f 3936 4800 3935
f 4801 4062 3729
f 3729 4062 3730
f 4713 4712 4802
f 4802 4712 4803
f 4146 4804 4119
f 4119 4804 4805
f 4498 4654 4497
f 4497 4654 4520
f 4806 4807 1326
f 1326 4807 1327
f 4689 4688 1330
f 1330 4688 1331
f 4801 4789 4062
f 4062 4789 4059
f 3730 4062 4808
f 4808 4062 4061
f 4810 4811 4809
f 4809 4811 4812
f 4813 4403 4814
f 4814 4403 4345
f 4815 4816 4349
f 4349 4816 4350
f 4817 4818 4820
f 4820 4818 4819
f 4406 4821 4407
f 4407 4821 4822
f 4823 4161 4824
f 4824 4161 4685
f 4181 4414 4825
f 4825 4414 4689
f 4741 4740 4826
f 4826 4740 4827
f 4828 4829 4827
f 4827 4829 4826
f 4142 4141 4415
f 4415 4141 4148
f 4830 1354 4761
f 4761 1354 1279
f 4832 4833 4831
f 4831 4833 4834
f 4835 4836 4626
f 4626 4836 4421
f 4451 4709 4395
f 4395 4709 4708
f 4627 4420 4837
f 4837 4420 4385
f 4837 1365 4838
f 4838 1365 1364
f 4397 4396 4839
f 4839 4396 4840
f 4842 4628 4841
f 4841 4628 4629
f 4671 4674 4631
f 4631 4674 4630
f 4674 4659 4630
f 4630 4659 4632
f 4633 4632 4658
f 4658 4632 4659
f 4658 4504 4633
f 4633 4504 4634
f 4635 4634 4507
f 4507 4634 4504
f 4843 4636 4507
f 4507 4636 4635
f 4844 4637 4843
f 4843 4637 4636
f 4637 4844 4640
f 4640 4844 4664
f 4638 4663 4642
f 4642 4663 4845
f 4847 4643 4846
f 4846 4643 4641
f 4644 4848 4645
f 4645 4848 4849
f 4851 4852 4850
f 4850 4852 4853
f 4855 4856 4854
f 4854 4856 4857
f 4859 4860 4858
f 4858 4860 4857
f 4715 4718 4859
f 4859 4718 4860
f 4862 4863 4861
f 4861 4863 4864
f 4866 4867 4865
f 4865 4867 4868
f 4870 4871 4869
f 4869 4871 4872
f 4869 4872 4116
f 4116 4872 4117
f 4820 4819 4874
f 4874 4819 4873
f 4876 4877 4875
f 4875 4877 4878
f 4880 4881 4879
f 4879 4881 4882
f 4884 4885 4883
f 4883 4885 4886
f 4887 4888 4280
f 4280 4888 4281
f 4818 4817 4889
f 4889 4817 4890
f 4891 4193 4823
f 4823 4193 4192
f 4892 4893 4228
f 4228 4893 4229
f 4158 4157 4894
f 4894 4157 4895
f 4896 4897 4132
f 4132 4897 4133
f 4099 4683 4100
f 4100 4683 4682
f 4101 4100 4899
f 4899 4100 4898
f 4150 4106 4147
f 4147 4106 4900
f 4100 4682 4898
f 4898 4682 4677
f 4080 4082 4187
f 4187 4082 4184
f 4077 4080 4189
f 4189 4080 4187
f 4191 4190 4790
f 4790 4190 4901
f 4177 4158 4680
f 4680 4158 4894
f 4108 4136 4752
f 4752 4136 4754
f 4752 4753 4108
f 4108 4753 4109
f 4817 4902 4890
f 4890 4902 4903
f 4904 4905 4907
f 4907 4905 4906
f 4909 4910 4908
f 4908 4910 4911
f 4913 4914 4912
f 4912 4914 4915
f 4916 4917 4919
f 4919 4917 4918
f 4312 4424 4299
f 4299 4424 4304
f 4920 4921 4297
f 4297 4921 4298
f 4194 4922 4167
f 4167 4922 4923
f 4924 4400 4691
f 4691 4400 4399
f 4395 4708 4396
f 4396 4708 4758
f 4367 4925 4368
f 4368 4925 4926
f 4919 4918 4873
f 4873 4918 4874
f 4836 4927 4421
f 4421 4927 4422
f 4921 4928 4298
f 4298 4928 4311
f 4143 4146 4122
f 4122 4146 4119
f 4929 4930 4455
f 4455 4930 4452
f 4932 4933 4931
f 4931 4933 4934
f 4935 4936 4932
f 4932 4936 4933
f 4461 4460 4457
f 4457 4460 4458
f 4480 4479 4475
f 4475 4479 4476
f 4660 4673 4517
f 4517 4673 4937
f 4661 4505 4658
f 4658 4505 4504
f 4484 4483 4489
f 4489 4483 4486
f 4462 4509 4463
f 4463 4509 4518
f 4469 4511 4466
f 4466 4511 4508
f 4655 4473 4656
f 4656 4473 4477
f 4476 4657 4477
f 4477 4657 4656
f 4479 4513 4476
f 4476 4513 4657
f 4489 4525 4484
f 4484 4525 4526
f 4483 4549 4486
f 4486 4549 4536
f 4549 4548 4536
f 4536 4548 4551
f 4548 4568 4551
f 4551 4568 4670
f 4663 4589 4845
f 4845 4589 4590
f 4668 4577 4938
f 4938 4577 4580
f 4940 4938 4939
f 4939 4938 4941
f 4940 4942 4669
f 4669 4942 4943
f 4587 4582 4944
f 4944 4582 4581
f 4848 4847 4608
f 4608 4847 4564
f 4616 4945 4613
f 4613 4945 4598
f 4615 4946 4616
f 4616 4946 4945
f 4947 4939 4948
f 4948 4939 4946
f 4599 4605 4600
f 4600 4605 4604
f 4608 4607 4848
f 4848 4607 4849
f 4613 4612 4616
f 4616 4612 4617
f 4835 4949 4709
f 4709 4949 4710
f 4357 1477 4837
f 4837 1477 1365
f 4712 4950 4803
f 4803 4950 4951
f 4401 4952 4402
f 4402 4952 4953
f 4759 4760 4402
f 4402 4760 4399
f 4508 4520 4509
f 4509 4520 4654
f 4510 4522 4511
f 4511 4522 4521
f 4513 4526 4657
f 4657 4526 4525
f 4632 4633 4514
f 4514 4633 4529
f 4931 4934 4453
f 4453 4934 4454
f 4153 4954 4154
f 4154 4954 4955
f 4957 4958 4956
f 4956 4958 4959
f 4961 4962 4960
f 4960 4962 4963
f 4120 4964 4210
f 4210 4964 4965
f 4967 4968 4966
f 4966 4968 4969
f 4349 4692 4815
f 4815 4692 4970
f 4652 4971 4653
f 4653 4971 4706
f 4758 4647 4972
f 4972 4647 4646
f 4973 4363 4646
f 4646 4363 4972
f 4950 4360 4974
f 4974 4360 4364
f 4431 4335 4746
f 4746 4335 4713
f 4358 4714 4325
f 4325 4714 4321
f 4765 4764 4266
f 4266 4764 4975
f 4202 4976 4203
f 4203 4976 4977
f 4917 4978 4918
f 4918 4978 4979
f 4279 4282 4854
f 4854 4282 4269
f 4820 4880 4817
f 4817 4880 4902
f 4890 4903 4980
f 4980 4903 4886
f 4982 4983 4981
f 4981 4983 4123
f 4795 4851 4796
f 4796 4851 4850
f 4918 4979 4874
f 4874 4979 4881
f 4809 4404 4810
f 4810 4404 4403
f 4354 4985 4984
f 4984 4985 4986
f 1364 1516 4838
f 4838 1516 4987
f 4759 4988 4367
f 4367 4988 4925
f 4989 4990 4481
f 4481 4990 4478
f 4443 4515 4990
f 4990 4515 4991
f 4527 4512 4992
f 4992 4512 4991
f 4528 4503 4992
f 4992 4503 4993
f 4993 4994 4485
f 4485 4994 4482
f 4544 4995 4502
f 4502 4995 4994
f 4995 4996 4550
f 4550 4996 4547
f 4998 4999 4997
f 4997 4999 4566
f 4998 5000 4578
f 4578 5000 4579
f 5001 5002 4596
f 4596 5002 4597
f 5003 4591 5004
f 5004 4591 4610
f 4626 4421 4627
f 4627 4421 4420
f 4837 4838 4627
f 4627 4838 4624
f 4761 4705 4830
f 4830 4705 5005
f 4705 4707 5005
f 5005 4707 5006
f 4308 4721 4075
f 4075 4721 4076
f 5007 4200 4797
f 4797 4200 4798
f 4685 4686 5008
f 5008 4686 5009
f 4889 4890 5010
f 5010 4890 4980
f 4323 1541 4324
f 4324 1541 1540
f 4385 4384 4358
f 4358 4384 4714
f 4396 4758 4840
f 4840 4758 4972
f 4866 4852 5011
f 5011 4852 5012
f 5013 4260 4980
f 4980 4260 5010
f 4875 4878 5014
f 5014 4878 5015
f 5017 5018 5016
f 5016 5018 5019
f 5016 5019 5020
f 5020 5019 5021
f 5023 5024 5022
f 5022 5024 5025
f 5027 5028 5026
f 5026 5028 5029
f 5031 5032 5030
f 5030 5032 5033
f 5035 5036 5034
f 5034 5036 5037
f 5039 5040 5038
f 5038 5040 5041
f 5043 5044 5042
f 5042 5044 5045
f 5038 5046 5039
f 5039 5046 5047
f 5049 5050 5048
f 5048 5050 5051
f 5053 5054 5052
f 5052 5054 5055
f 5057 5024 5056
f 5056 5024 5058
f 5060 5061 5059
f 5059 5061 5062
f 5064 5065 5063
f 5063 5065 5066
f 5043 5050 5064
f 5064 5050 5065
f 5038 5041 5067
f 5067 5041 5068
f 5070 5071 5069
f 5069 5071 5072
f 5074 5075 5073
f 5073 5075 5076
f 5034 5077 5035
f 5035 5077 5078
f 5080 5081 5079
f 5079 5081 5082
f 5084 5085 5083
f 5083 5085 5086
f 5085 5084 5087
f 5087 5084 5088
f 5090 5091 5089
f 5089 5091 5092
f 5094 5095 5093
f 5093 5095 5096
f 5098 5099 5097
f 5097 5099 5100
f 5102 5103 5101
f 5101 5103 5104
f 5105 5106 5108
f 5108 5106 5107
f 5110 5111 5109
f 5109 5111 5112
f 5114 5094 5113
f 5113 5094 5093
f 5116 5117 5115
f 5115 5117 5118
f 5120 5121 5119
f 5119 5121 5122
f 5124 5125 5123
f 5123 5125 5126
f 5128 5129 5127
f 5127 5129 5130
f 5097 5131 5098
f 5098 5131 5132
f 5134 5135 5133
f 5133 5135 5122
f 5084 5125 5088
f 5088 5125 5136
f 5138 5139 5137
f 5137 5139 5140
f 5142 5102 5141
f 5141 5102 5101
f 5106 5143 5107
f 5107 5143 5144
f 5146 5147 5145
f 5145 5147 5148
f 5149 5150 5109
f 5109 5150 5110
f 5151 5110 5152
f 5152 5110 5150
f 4715 5140 4716
f 4716 5140 5139
f 5143 4870 5144
f 5144 4870 4869
f 4115 5146 4116
f 4116 5146 5145
f 4791 4796 5149
f 5149 4796 5150
f 4796 4850 5150
f 5150 4850 5152
f 4858 5142 4859
f 4859 5142 5141
f 5153 5154 5115
f 5115 5154 5105
f 5156 5157 5155
f 5155 5157 5158
f 5159 5160 5053
f 5053 5160 5054
f 5161 5162 5020
f 5020 5162 5068
f 5026 5029 5163
f 5163 5029 5021
f 5083 5086 5164
f 5164 5086 5165
f 5090 5167 5166
f 5166 5167 5168
f 5169 5170 5172
f 5172 5170 5171
f 5174 5175 5173
f 5173 5175 5176
f 5177 5109 5178
f 5178 5109 5112
f 5179 5180 5182
f 5182 5180 5181
f 5123 5126 5120
f 5120 5126 5121
f 5180 5167 5181
f 5181 5167 5183
f 5184 5185 5179
f 5179 5185 5180
f 5186 5149 5177
f 5177 5149 5109
f 4868 5184 4865
f 4865 5184 5179
f 5188 5189 5187
f 5187 5189 5190
f 4277 4791 5186
f 5186 4791 5149
f 5179 5182 4865
f 4865 5182 4853
f 5189 4862 5190
f 5190 4862 4861
f 5156 5075 5191
f 5191 5075 5192
f 5036 5035 5193
f 5193 5035 5194
f 5115 5118 5153
f 5153 5118 5195
f 5022 5025 5196
f 5196 5025 5197
f 5155 5158 5069
f 5069 5158 5062
f 5063 5066 5198
f 5198 5066 5199
f 5073 5076 5200
f 5200 5076 5072
f 5202 5131 5201
f 5201 5131 5203
f 5143 5106 5204
f 5204 5106 5205
f 5114 5113 5206
f 5206 5113 5127
f 5098 5132 5193
f 5193 5132 5195
f 5204 5207 5143
f 5143 5207 4870
f 5088 5136 5208
f 5208 5136 5092
f 5209 5210 5089
f 5089 5210 5183
f 5211 5018 5060
f 5060 5018 5061
f 5017 5040 5070
f 5070 5040 5071
f 5191 5160 5156
f 5156 5160 5157
f 5048 5028 5049
f 5049 5028 5058
f 5207 5204 4858
f 4858 5204 5142
f 4859 5141 4715
f 4715 5141 5140
f 5212 5162 5042
f 5042 5162 5051
f 5182 5152 4853
f 4853 5152 4850
f 5214 5134 5213
f 5213 5134 5133
f 5164 5165 5133
f 5133 5165 5213
f 5215 5216 5201
f 5201 5216 5217
f 5147 5218 5148
f 5148 5218 5219
f 5147 5177 5218
f 5218 5177 5178
f 5141 5101 5140
f 5140 5101 5137
f 5201 5217 5202
f 5202 5217 5104
f 5146 5186 5147
f 5147 5186 5177
f 4277 5186 4115
f 4115 5186 5146
f 5191 5192 5031
f 5031 5192 5032
f 5052 5055 5220
f 5220 5055 5197
f 4116 5145 4869
f 4869 5145 5144
f 5034 5037 5214
f 5214 5037 5134
f 5097 5100 5114
f 5114 5100 5094
f 5108 5107 5219
f 5219 5107 5148
f 5221 5135 5116
f 5116 5135 5117
f 5124 5111 5209
f 5209 5111 5210
f 5107 5144 5148
f 5148 5144 5145
f 5152 5182 5151
f 5151 5182 5181
f 5208 5222 5088
f 5088 5222 5087
f 5222 5208 5171
f 5171 5208 5172
f 5223 1756 4698
f 4698 1756 1755
f 4427 5224 4107
f 4107 5224 4135
f 4178 4679 5225
f 5225 4679 5226
f 5227 5228 4892
f 4892 5228 4893
f 5229 5230 4171
f 4171 5230 4172
f 4855 4268 4884
f 4884 4268 4885
f 4884 4871 4855
f 4855 4871 4856
f 4684 5231 4896
f 4896 5231 4897
f 4768 4767 5009
f 5009 4767 5008
f 5205 5154 5102
f 5102 5154 5103
f 5099 5098 5194
f 5194 5098 5193
f 5198 5199 5079
f 5079 5199 5033
f 5102 5142 5205
f 5205 5142 5204
f 5224 4427 4681
f 4681 4427 4678
f 3712 3711 5232
f 5232 3711 5233
f 3968 3988 3963
f 3963 3988 3964
f 3976 4044 3972
f 3972 4044 3985
f 4038 4037 4036
f 4036 4037 4033
f 4794 4762 3731
f 3731 4762 3944
f 3731 3944 3722
f 3722 3944 3810
f 3874 5234 5232
f 5232 5234 3712
f 3906 3905 3867
f 3867 3905 4011
f 3904 4023 3905
f 3905 4023 4011
f 3719 3722 3811
f 3811 3722 3810
f 3812 3719 3687
f 3687 3719 3811
f 3716 3812 3686
f 3686 3812 3687
f 3713 3716 3685
f 3685 3716 3686
f 4810 4403 5235
f 5235 4403 4813
f 4345 1770 4814
f 4814 1770 1769
f 4067 4066 4058
f 4058 4066 5236
f 4043 4068 4049
f 4049 4068 4050
f 4034 5237 3989
f 3989 5237 3990
f 4031 4030 4072
f 4072 4030 4005
f 4003 4004 4002
f 4002 4004 4032
f 4004 4005 4032
f 4032 4005 4030
f 4067 4064 4068
f 4068 4064 4050
f 4058 4057 4067
f 4067 4057 4064
f 4035 4034 5238
f 5238 4034 3989
f 5236 5239 4058
f 4058 5239 5240
f 5234 3874 5241
f 5241 3874 3873
f 5241 3873 3881
f 3881 3873 3878
f 4800 4763 4788
f 4788 4763 4310
f 4763 4762 4310
f 4310 4762 4309
f 4762 4794 4309
f 4309 4794 4306
f 4794 4793 4306
f 4306 4793 4292
f 4293 4313 4302
f 4302 4313 4314
f 4302 4314 4303
f 4303 4314 4315
f 4303 4315 4703
f 4703 4315 4316
f 4035 4069 4043
f 4043 4069 4068
f 4324 1540 4357
f 4357 1540 1477
f 5232 3987 3874
f 3874 3987 3871
f 3987 5232 4013
f 4013 5232 5233
f 4013 5233 4014
f 4014 5233 5242
f 3888 4015 3865
f 3865 4015 4007
f 3866 4008 5243
f 5243 4008 4016
f 3873 5244 3878
f 3878 5244 3875
f 3965 5244 3872
f 3872 5244 3873
f 3876 3875 3965
f 3965 3875 5244
f 5243 4016 5242
f 5242 4016 4014
f 5246 5247 5245
f 5245 5247 5248
f 3576 3950 3577
f 3577 3950 3926
f 3584 3842 3585
f 3585 3842 3580
f 5249 5247 1784
f 1784 5247 1785
f 5250 5251 5253
f 5253 5251 5252
f 5255 5252 5254
f 5254 5252 5256
f 5254 5256 5258
f 5258 5256 5257
f 5258 5257 5260
f 5260 5257 5259
f 4356 5261 4424
f 4424 5261 5259
f 4355 5262 4356
f 4356 5262 5261
f 4924 5264 5263
f 5263 5264 5265
f 4693 5266 4691
f 4691 5266 5267
f 4351 5268 4352
f 4352 5268 5269
f 1808 1807 4351
f 4351 1807 5268
f 3580 3842 3581
f 3799 3802 3838
f 4800 4788 4801
f 4801 4788 4789
f 3729 3935 4801
f 4801 3935 4800
f 3728 3666 3729
f 3729 3666 3935
f 3728 3798 3666
f 3666 3798 3663
f 3798 3818 3663
f 3663 3818 3809
f 3818 3817 3809
f 3809 3817 3808
f 3796 3655 3817
f 3817 3655 3808
f 3615 3568 3796
f 3796 3568 3655
f 3573 3569 3615
f 3615 3569 3568
f 3572 3613 3573
f 3573 3613 3569
f 3792 3606 3572
f 3572 3606 3613
f 3607 3791 3949
f 3949 3791 3591
f 3590 3950 3591
f 3591 3950 3949
f 3805 3926 3590
f 3590 3926 3950
f 3804 3559 3805
f 3805 3559 3926
f 3804 3914 3559
f 3559 3914 3560
f 3924 3789 3913
f 3913 3789 3788
f 3924 3928 3789
f 3789 3928 3826
f 3928 3927 3826
f 3826 3927 3827
f 3927 3834 3827
f 3827 3834 3835
f 4079 4078 5270
f 5270 4078 5007
f 5271 5272 4233
f 4233 5272 5273
f 5275 5276 5274
f 5274 5276 5277
f 5278 5279 4236
f 4236 5279 4237
f 5278 5280 5271
f 5271 5280 5272
f 4235 5281 4236
f 4236 5281 5282
f 5284 5285 5283
f 5283 5285 5286
f 5288 5289 5287
f 5287 5289 5290
f 5292 5293 5291
f 5291 5293 5294
f 5287 5290 4726
f 4726 5290 5295
f 4293 4292 4313
f 4313 4292 4793
f 4720 4736 4719
f 4719 4736 5296
f 5297 4909 5298
f 5298 4909 4908
f 5299 5300 4976
f 4976 5300 5301
f 5302 4202 5303
f 5303 4202 4201
f 5304 5305 4983
f 4983 5305 5306
f 5308 5309 5307
f 5307 5309 5310
f 4722 4725 5283
f 5283 4725 5311
f 5291 5294 4125
f 4125 5294 4126
f 5313 5314 5312
f 5312 5314 5315
f 5316 5317 5319
f 5319 5317 5318
f 5321 5308 5320
f 5320 5308 5307
f 4819 4981 4873
f 4873 4981 5322
f 4981 4123 5322
f 5322 4123 4126
f 5324 5325 5323
f 5323 5325 5326
f 4764 5327 4975
f 4975 5327 5328
f 4172 5327 4169
f 4169 5327 5329
f 4768 4171 4769
f 4769 4171 4170
f 4243 4755 4244
f 4244 4755 5330
f 4755 4205 5330
f 5330 4205 4208
f 4206 4906 4207
f 4207 4906 4905
f 4686 5014 5009
f 5009 5014 5229
f 4756 4770 4170
f 4170 4770 4769
f 4170 4169 4756
f 4756 4169 4757
f 4273 5329 4764
f 4764 5329 5327
f 4276 5331 4273
f 4273 5331 5329
f 4770 4756 4243
f 4243 4756 4755
f 5333 4889 5332
f 5332 4889 5010
f 4877 5332 4878
f 4878 5332 4259
f 4875 4164 4876
f 4876 4164 4163
f 5334 5335 5324
f 5324 5335 5325
f 4983 5306 4123
f 4123 5306 4124
f 4818 4982 4819
f 4819 4982 4981
f 5332 5010 4259
f 4259 5010 4260
f 5014 4686 4875
f 4875 4686 4164
f 4171 4768 5229
f 5229 4768 5009
f 5337 4916 5336
f 5336 4916 4919
f 5293 5337 5294
f 5294 5337 5336
f 4982 4818 5333
f 5333 4818 4889
f 5338 5339 4262
f 4262 5339 5340
f 5307 5310 5338
f 5338 5310 5339
f 5341 5342 4204
f 4204 5342 5309
f 5336 4919 5322
f 5322 4919 4873
f 5294 5336 4126
f 4126 5336 5322
f 5323 5326 5343
f 5343 5326 5286
f 4914 5344 4915
f 4915 5344 5345
f 5312 5315 5344
f 5344 5315 5345
f 5347 5348 5346
f 5346 5348 5349
f 5350 5351 4832
f 4832 5351 4833
f 5352 5353 5349
f 5349 5353 5346
f 5354 5338 4265
f 4265 5338 4262
f 5320 5307 5354
f 5354 5307 5338
f 4201 5308 5303
f 5303 5308 5321
f 5356 5357 5355
f 5355 5357 4799
f 5358 5359 5334
f 5334 5359 5335
f 5358 5360 4093
f 4093 5360 4163
f 5360 5305 4163
f 4163 5305 4876
f 5305 5304 4876
f 4876 5304 4877
f 5270 4778 4079
f 4079 4778 4081
f 4779 5361 4774
f 4774 5361 5357
f 5356 5359 4775
f 4775 5359 4092
f 5333 5304 4982
f 4982 5304 4983
f 5332 4877 5333
f 5333 4877 5304
f 5015 4258 5230
f 5230 4258 5328
f 5327 4172 5328
f 5328 4172 5230
f 4169 5329 4757
f 4757 5329 5331
f 4757 5331 4205
f 4205 5331 4206
f 5331 4276 4206
f 4206 4276 4906
f 4276 4275 4906
f 4906 4275 4907
f 4275 4888 4907
f 4907 4888 4744
f 4887 4717 4745
f 4745 4717 4864
f 4716 5139 4861
f 4861 5139 5190
f 5139 5138 5190
f 5190 5138 5187
f 5138 5216 5187
f 5187 5216 5176
f 5215 5362 5173
f 5173 5362 5130
f 5364 5365 5363
f 5363 5365 5340
f 4742 4863 5366
f 5366 4863 4867
f 4862 5189 4868
f 4868 5189 5184
f 5189 5188 5184
f 5184 5188 5185
f 5188 5175 5185
f 5185 5175 5168
f 3560 3788 3561
f 3561 3788 3790
f 3596 3595 3608
f 3608 3595 3594
f 3598 3582 3595
f 3595 3582 3592
f 3600 3609 3601
f 3601 3609 3611
f 3602 3601 3612
f 3612 3601 3611
f 3606 3605 3613
f 3613 3605 3614
f 3793 5367 3794
f 3794 5367 5368
f 3598 3597 3600
f 3600 3597 3609
f 3793 3792 3575
f 3575 3792 3572
f 3561 3594 3558
f 3558 3594 3593
f 3807 3915 3804
f 3804 3915 3914
f 3916 3915 5370
f 5370 3915 5369
f 3602 3605 3603
f 3603 3605 3604
f 3606 3792 3607
f 3607 3792 3791
f 3914 3913 3560
f 3560 3913 3788
f 5174 5129 5166
f 5166 5129 5371
f 5170 5169 5093
f 5093 5169 5113
f 5166 5371 5090
f 5090 5371 5091
f 5128 5169 5372
f 5372 5169 5172
f 5127 5113 5128
f 5128 5113 5169
f 5114 5206 5203
f 5203 5206 5362
f 5200 5373 5073
f 5073 5373 5096
f 5374 5375 5200
f 5200 5375 5373
f 5039 5047 5374
f 5374 5047 5375
f 5087 5046 5085
f 5085 5046 5376
f 5212 5377 5067
f 5067 5377 5376
f 5042 5045 5212
f 5212 5045 5377
f 5064 5378 5043
f 5043 5378 5044
f 5063 5077 5064
f 5064 5077 5378
f 5079 5082 5198
f 5198 5082 5078
f 5099 5081 5100
f 5100 5081 5379
f 5100 5379 5094
f 5094 5379 5095
f 5381 5382 5380
f 5380 5382 5383
f 5385 5386 5384
f 5384 5386 5383
f 5385 5387 5386
f 5386 5387 5388
f 5390 5391 5389
f 5389 5391 5392
f 5393 5394 5396
f 5396 5394 5395
f 5398 5399 5397
f 5397 5399 5400
f 5402 5403 5401
f 5401 5403 5404
f 5406 5407 5405
f 5405 5407 5404
f 5408 5409 5163
f 5163 5409 5410
f 5411 5412 5414
f 5414 5412 5413
f 5057 5416 5415
f 5415 5416 5417
f 5393 5416 5418
f 5418 5416 5419
f 5396 5395 5420
f 5420 5395 5421
f 5423 5424 5422
f 5422 5424 5425
f 5415 5417 5220
f 5220 5417 5426
f 5418 5391 5393
f 5393 5391 5394
f 5414 5388 5411
f 5411 5388 5392
f 5059 5427 5060
f 5060 5427 5428
f 5423 5427 5429
f 5429 5427 5430
f 5432 5382 5431
f 5431 5382 5425
f 5429 5407 5423
f 5423 5407 5424
f 5380 5409 5381
f 5381 5409 5433
f 5381 5433 5422
f 5422 5433 5428
f 5027 5412 5056
f 5056 5412 5419
f 5435 5436 5434
f 5434 5436 5437
f 5159 5439 5438
f 5438 5439 5440
f 5053 5436 5159
f 5159 5436 5439
f 5441 5403 5398
f 5398 5403 5399
f 5163 5410 5026
f 5026 5410 5413
f 5438 5440 5442
f 5442 5440 5430
f 5444 5445 5443
f 5443 5445 5446
f 5447 5448 5450
f 5450 5448 5449
f 5451 5446 5452
f 5452 5446 5445
f 5454 5455 5453
f 5453 5455 5451
f 5456 5454 5458
f 5458 5454 5457
f 5460 5461 5459
f 5459 5461 5462
f 5464 5465 5463
f 5463 5465 5466
f 5468 5469 5467
f 5467 5469 5470
f 5472 5473 5471
f 5471 5473 5474
f 5475 5476 5478
f 5478 5476 5477
f 5479 5480 5482
f 5482 5480 5481
f 5483 5484 5448
f 5448 5484 5485
f 5448 5485 5449
f 5449 5485 5486
f 5487 5476 5488
f 5488 5476 5475
f 5490 5491 5489
f 5489 5491 5492
f 5494 5495 5493
f 5493 5495 5496
f 5498 5494 5497
f 5497 5494 5493
f 5500 5501 5499
f 5499 5501 5502
f 5503 5504 5446
f 5446 5504 5443
f 5506 5507 5505
f 5505 5507 5508
f 5510 5511 5509
f 5509 5511 5512
f 5514 5515 5513
f 5513 5515 5516
f 5518 5519 5517
f 5517 5519 5520
f 5495 5521 5496
f 5496 5521 5522
f 5524 5525 5523
f 5523 5525 5526
f 5527 5528 5494
f 5494 5528 5495
f 5499 5502 5529
f 5529 5502 5530
f 5531 5532 5485
f 5485 5532 5486
f 5485 5484 5531
f 5531 5484 5533
f 5482 5481 5534
f 5534 5481 5535
f 5536 5512 5506
f 5506 5512 5511
f 5455 5503 5451
f 5451 5503 5446
f 5467 5470 5511
f 5511 5470 5537
f 5538 5467 5510
f 5510 5467 5511
f 5540 5541 5539
f 5539 5541 5542
f 5543 5544 5546
f 5546 5544 5545
f 5548 5472 5547
f 5547 5472 5471
f 5493 5496 5549
f 5549 5496 5550
f 5496 5522 5550
f 5550 5522 5551
f 5553 5554 5552
f 5552 5554 5555
f 5557 5447 5556
f 5556 5447 5558
f 5557 5483 5447
f 5447 5483 5448
f 5478 5477 5553
f 5553 5477 5559
f 5477 5560 5559
f 5559 5560 5561
f 5476 5562 5477
f 5477 5562 5560
f 5476 5487 5562
f 5562 5487 5563
f 5560 5564 5561
f 5561 5564 5565
f 5564 5560 5566
f 5566 5560 5562
f 5563 5567 5562
f 5562 5567 5566
f 5569 5521 5568
f 5568 5521 5570
f 5481 5572 5571
f 5571 5572 5573
f 5574 5535 5571
f 5571 5535 5481
f 5576 5577 5575
f 5575 5577 5578
f 5579 5580 5456
f 5456 5580 5581
f 5475 5582 5488
f 5488 5582 5583
f 5584 5536 5505
f 5505 5536 5506
f 5585 5586 5588
f 5588 5586 5587
f 5590 5591 5589
f 5589 5591 5592
f 5519 5593 5520
f 5520 5593 5594
f 5595 5596 5462
f 5462 5596 5597
f 5599 5600 5598
f 5598 5600 5514
f 5602 5603 5601
f 5601 5603 5604
f 5524 5543 5525
f 5525 5543 5546
f 5543 5524 5606
f 5606 5524 5605
f 5607 5608 5500
f 5500 5608 5501
f 5610 5551 5609
f 5609 5551 5522
f 5611 5510 5598
f 5598 5510 5509
f 5612 5597 5457
f 5457 5597 5458
f 5510 5611 5538
f 5538 5611 5613
f 5580 5508 5581
f 5581 5508 5507
f 5615 5616 5614
f 5614 5616 5617
f 5619 5620 5618
f 5618 5620 5621
f 5623 5624 5622
f 5622 5624 5625
f 5627 5624 5626
f 5626 5624 5623
f 5629 5630 5628
f 5628 5630 5631
f 5633 5634 5632
f 5632 5634 5466
f 5635 5636 5463
f 5463 5636 5637
f 5523 5638 5524
f 5524 5638 5605
f 5639 5640 5641
f 5641 5640 5595
f 5611 5513 5613
f 5613 5513 5642
f 5643 5586 5608
f 5608 5586 5501
f 5622 5625 5590
f 5590 5625 5591
f 5598 5514 5611
f 5611 5514 5513
f 5645 5646 5644
f 5644 5646 5647
f 5620 5619 5491
f 5491 5619 5648
f 5649 5643 5492
f 5492 5643 5608
f 5650 5651 5653
f 5653 5651 5652
f 5463 5466 5635
f 5635 5466 5634
f 5597 5612 5462
f 5462 5612 5459
f 5635 5634 5523
f 5523 5634 5638
f 5654 5638 5633
f 5633 5638 5634
f 5655 5656 5525
f 5525 5656 5526
f 5658 5659 5657
f 5657 5659 5527
f 5660 5464 5637
f 5637 5464 5463
f 5632 5466 5661
f 5661 5466 5465
f 5661 5662 5632
f 5632 5662 5658
f 5662 5663 5658
f 5658 5663 5659
f 5665 5659 5664
f 5664 5659 5663
f 5632 5658 5633
f 5633 5658 5657
f 5666 5629 5530
f 5530 5629 5667
f 5528 5527 5665
f 5665 5527 5659
f 5668 5669 5570
f 5570 5669 5568
f 5669 5668 5670
f 5670 5668 5671
f 5646 5672 5673
f 5672 5674 5673
f 5673 5674 5675
f 5674 5460 5675
f 5675 5460 5459
f 5461 5676 5462
f 5462 5676 5595
f 5677 5678 5680
f 5680 5678 5679
f 5628 5681 5629
f 5629 5681 5667
f 5682 5529 5667
f 5667 5529 5530
f 5675 5459 5683
f 5683 5459 5612
f 5585 5666 5502
f 5502 5666 5530
f 5589 5684 5602
f 5602 5684 5603
f 5646 5645 5663
f 5663 5645 5664
f 5685 5647 5673
f 5673 5647 5646
f 5686 5687 5683
f 5683 5687 5685
f 5688 5689 5533
f 5533 5689 5531
f 5690 5691 5535
f 5535 5691 5534
f 5692 5690 5574
f 5574 5690 5535
f 5685 5687 5689
f 5689 5687 5693
f 5489 5694 5490
f 5490 5694 5695
f 5690 5692 5696
f 5696 5692 5697
f 5696 5644 5690
f 5690 5644 5691
f 5447 5450 5558
f 5558 5450 5698
f 5699 5700 5642
f 5642 5700 5613
f 5701 5702 5540
f 5540 5702 5541
f 5431 5703 5432
f 5432 5703 5697
f 5385 5384 5574
f 5574 5384 5692
f 5389 5387 5573
f 5573 5387 5571
f 5565 5390 5573
f 5573 5390 5389
f 5390 5565 5704
f 5704 5565 5564
f 5566 5705 5564
f 5564 5705 5704
f 5569 5441 5609
f 5609 5441 5398
f 5568 5405 5569
f 5569 5405 5441
f 5670 5706 5669
f 5669 5706 5406
f 5703 5431 5670
f 5670 5431 5706
f 5432 5697 5384
f 5384 5697 5692
f 5574 5571 5385
f 5385 5571 5387
f 5607 5707 5489
f 5489 5707 5694
f 5518 5708 5519
f 5519 5708 5709
f 5711 5576 5710
f 5710 5576 5575
f 5713 5714 5712
f 5712 5714 5715
f 5553 5552 5478
f 5478 5552 5716
f 5717 5475 5716
f 5716 5475 5478
f 5718 5719 5605
f 5605 5719 5606
f 5505 5622 5584
f 5584 5622 5590
f 5508 5623 5505
f 5505 5623 5622
f 5626 5623 5580
f 5580 5623 5508
f 5580 5579 5626
f 5626 5579 5720
f 5579 5721 5720
f 5720 5721 5722
f 5666 5585 5723
f 5723 5585 5588
f 5724 5725 5639
f 5639 5725 5640
f 5554 5726 5555
f 5555 5726 5727
f 5453 5728 5729
f 5689 5688 5685
f 5685 5688 5647
f 5604 5730 5512
f 5512 5730 5509
f 5628 5631 5618
f 5618 5631 5592
f 5601 5604 5536
f 5536 5604 5512
f 5732 5676 5731
f 5731 5676 5660
f 5730 5604 5733
f 5733 5604 5603
f 5563 5487 5551
f 5551 5487 5550
f 5489 5492 5607
f 5607 5492 5608
f 5573 5572 5565
f 5565 5572 5561
f 5609 5522 5569
f 5569 5522 5521
f 5499 5734 5500
f 5500 5734 5735
f 5596 5736 5721
f 5721 5736 5722
f 5737 5600 5594
f 5594 5600 5520
f 5599 5730 5517
f 5517 5730 5733
f 5660 5738 5731
f 5731 5738 5739
f 5648 5649 5491
f 5491 5649 5492
f 5501 5586 5502
f 5502 5586 5585
f 5525 5546 5655
f 5655 5546 5740
f 5600 5599 5520
f 5520 5599 5517
f 5708 5739 5709
f 5709 5739 5738
f 5636 5635 5526
f 5526 5635 5523
f 5670 5671 5703
f 5703 5671 5741
f 5490 5695 5742
f 5742 5695 5743
f 5682 5678 5744
f 5744 5678 5677
f 5678 5681 5679
f 5679 5681 5621
f 5742 5743 5679
f 5679 5743 5680
f 5618 5621 5628
f 5628 5621 5681
f 5725 5724 5589
f 5589 5724 5684
f 5456 5458 5579
f 5579 5458 5721
f 5675 5683 5673
f 5673 5683 5685
f 5529 5682 5745
f 5745 5682 5744
f 5721 5458 5596
f 5596 5458 5597
f 5701 5540 5719
f 5719 5540 5606
f 5703 5741 5697
f 5697 5741 5696
f 5500 5735 5607
f 5607 5735 5707
f 5549 5746 5493
f 5493 5746 5497
f 5700 5747 5613
f 5613 5747 5538
f 5420 5421 5434
f 5434 5421 5400
f 5689 5693 5531
f 5531 5693 5532
f 5705 5566 5748
f 5748 5566 5567
f 5609 5398 5610
f 5610 5398 5397
f 5669 5406 5568
f 5568 5406 5405
f 5488 5583 5549
f 5549 5583 5746
f 5714 5713 5710
f 5710 5713 5711
f 5747 5468 5538
f 5538 5468 5467
f 5548 5547 5749
f 5749 5547 5750
f 5733 5603 5751
f 5751 5603 5684
f 5589 5602 5590
f 5590 5602 5584
f 5636 5752 5614
f 5614 5752 5615
f 5753 5754 5738
f 5738 5754 5755
f 5602 5601 5584
f 5584 5601 5536
f 5723 5736 5630
f 5630 5736 5640
f 5595 5640 5596
f 5596 5640 5736
f 5734 5499 5745
f 5745 5499 5529
f 5627 5587 5643
f 5643 5587 5586
f 5553 5559 5554
f 5554 5559 5480
f 5559 5561 5480
f 5480 5561 5572
f 5554 5480 5726
f 5726 5480 5479
f 5749 5750 5715
f 5715 5750 5712
f 5683 5612 5686
f 5686 5612 5457
f 5678 5682 5681
f 5681 5682 5667
f 5598 5509 5599
f 5599 5509 5730
f 5679 5621 5742
f 5742 5621 5620
f 5652 5616 5653
f 5653 5616 5615
f 5220 5426 5052
f 5052 5426 5437
f 5487 5488 5550
f 5550 5488 5549
f 5742 5620 5490
f 5490 5620 5491
f 5551 5610 5563
f 5563 5610 5567
f 5610 5397 5567
f 5567 5397 5748
f 5614 5617 5753
f 5753 5617 5754
f 5480 5572 5481
f 5755 5756 5738
f 5738 5756 5709
f 5745 5744 5758
f 5758 5744 5757
f 5745 5758 5734
f 5734 5758 5759
f 5735 5734 5760
f 5760 5734 5759
f 5707 5735 5761
f 5761 5735 5760
f 5744 5677 5757
f 5757 5677 5762
f 5677 5680 5762
f 5762 5680 5763
f 5763 5680 5764
f 5764 5680 5743
f 5765 5766 5762
f 5762 5766 5757
f 5768 5769 5767
f 5767 5769 5770
f 5771 5772 5770
f 5770 5772 5767
f 5770 5769 5774
f 5774 5769 5773
f 5775 5776 5774
f 5774 5776 5777
f 5773 5778 5774
f 5774 5778 5775
f 5779 5766 5773
f 5773 5766 5778
f 5777 5771 5774
f 5774 5771 5770
f 5780 5781 5783
f 5783 5781 5782
f 5781 5780 5771
f 5771 5780 5772
f 5773 5769 5779
f 5779 5769 5768
f 5768 5759 5779
f 5779 5759 5758
f 5768 5784 5759
f 5759 5784 5760
f 5767 5785 5768
f 5768 5785 5784
f 5785 5767 5786
f 5786 5767 5772
f 5766 5779 5757
f 5757 5779 5758
f 5780 5787 5772
f 5772 5787 5786
f 5785 5786 5788
f 5788 5786 5789
f 5786 5787 5789
f 5789 5787 5790
f 5788 5789 5791
f 5791 5789 5792
f 5791 5793 5788
f 5788 5793 5794
f 5795 5792 5790
f 5790 5792 5789
f 5785 5788 5784
f 5784 5788 5794
f 5784 5794 5760
f 5760 5794 5761
f 5787 5780 5796
f 5796 5780 5783
f 5775 5778 5797
f 5797 5778 5766
f 5797 5798 5775
f 5775 5798 5776
f 5766 5765 5797
f 5797 5765 5799
f 5798 5797 5800
f 5800 5797 5799
f 5798 5801 5776
f 5776 5801 5802
f 5707 5761 5694
f 5694 5761 5803
f 5695 5804 5743
f 5743 5804 5764
f 5804 5695 5803
f 5803 5695 5694
f 5803 5793 5804
f 5804 5793 5805
f 5793 5791 5805
f 5805 5791 5806
f 5804 5805 5764
f 5764 5805 5807
f 5803 5761 5793
f 5793 5761 5794
f 5808 5763 5807
f 5807 5763 5764
f 5808 5765 5763
f 5763 5765 5762
f 5809 5799 5808
f 5808 5799 5765
f 5809 5808 5810
f 5810 5808 5807
f 5811 5809 5812
f 5812 5809 5810
f 5805 5806 5807
f 5807 5806 5810
f 5806 5813 5810
f 5810 5813 5812
f 5799 5809 5800
f 5800 5809 5811
f 5815 5800 5814
f 5814 5800 5811
f 5814 5817 5816
f 5816 5817 5818
f 5814 5811 5817
f 5817 5811 5812
f 5814 5816 5815
f 5815 5816 5796
f 5815 5796 5801
f 5801 5796 5783
f 5801 5798 5815
f 5815 5798 5800
f 5791 5792 5806
f 5806 5792 5813
f 5818 5813 5795
f 5795 5813 5792
f 5818 5817 5813
f 5813 5817 5812
f 5816 5818 5790
f 5790 5818 5795
f 5790 5787 5816
f 5816 5787 5796
f 5771 5777 5781
f 5781 5777 5782
f 5782 5802 5783
f 5783 5802 5801
f 5782 5777 5802
f 5802 5777 5776
f 5588 5587 5722
f 5722 5587 5720
f 5591 5619 5592
f 5592 5619 5618
f 5625 5624 5648
f 5648 5624 5649
f 5624 5627 5649
f 5649 5627 5643
f 5631 5630 5725
f 5725 5630 5640
f 5625 5648 5591
f 5591 5648 5619
f 5588 5722 5723
f 5723 5722 5736
f 5631 5725 5592
f 5592 5725 5589
f 5723 5630 5666
f 5666 5630 5629
f 5587 5627 5720
f 5720 5627 5626
f 5820 5821 5819
f 5819 5821 5822
f 5824 5825 5823
f 5823 5825 5826
f 5823 5826 5827
f 5827 5826 5828
f 5829 5830 5832
f 5832 5830 5831
f 5518 5833 5708
f 5708 5833 5834
f 5835 5836 5824
f 5824 5836 5825
f 5838 5839 5837
f 5837 5839 5840
f 5751 5684 5842
f 5842 5684 5841
f 5843 5841 5724
f 5724 5841 5684
f 5845 5846 5844
f 5844 5846 5847
f 5848 5830 5836
f 5836 5830 5825
f 5518 5751 5833
f 5833 5751 5842
f 5839 5838 5821
f 5821 5838 5849
f 5850 5848 5822
f 5822 5848 5836
f 5851 5845 5828
f 5828 5845 5852
f 5854 5855 5853
f 5853 5855 5856
f 5845 5844 5852
f 5852 5844 5857
f 5858 5827 5852
f 5852 5827 5828
f 5851 5828 5829
f 5829 5828 5826
f 5819 5859 5820
f 5820 5859 5860
f 5835 5861 5819
f 5819 5861 5859
f 5851 5829 5862
f 5862 5829 5832
f 5844 5847 5837
f 5837 5847 5834
f 5819 5822 5835
f 5835 5822 5836
f 5823 5863 5824
f 5824 5863 5864
f 5849 5850 5821
f 5821 5850 5822
f 5825 5830 5826
f 5826 5830 5829
f 5820 5860 5865
f 5865 5860 5866
f 5858 5854 5867
f 5867 5854 5853
f 5854 5857 5855
f 5855 5857 5840
f 5855 5865 5856
f 5856 5865 5866
f 5837 5840 5844
f 5844 5840 5857
f 5827 5858 5868
f 5868 5858 5867
f 5824 5864 5835
f 5835 5864 5861
f 5732 5731 5862
f 5862 5731 5846
f 5863 5823 5868
f 5868 5823 5827
f 5843 5831 5848
f 5848 5831 5830
f 5854 5858 5857
f 5857 5858 5852
f 5855 5840 5865
f 5865 5840 5839
f 5865 5839 5820
f 5820 5839 5821
f 5868 5867 5870
f 5870 5867 5869
f 5868 5870 5863
f 5863 5870 5871
f 5863 5871 5864
f 5864 5871 5872
f 5864 5872 5861
f 5861 5872 5873
f 5867 5853 5869
f 5869 5853 5874
f 5853 5856 5874
f 5874 5856 5875
f 5856 5866 5875
f 5875 5866 5876
f 5877 5878 5874
f 5874 5878 5869
f 5880 5881 5879
f 5879 5881 5882
f 5883 5884 5880
f 5880 5884 5881
f 5881 5884 5886
f 5886 5884 5885
f 5887 5888 5886
f 5886 5888 5889
f 5885 5890 5886
f 5886 5890 5887
f 5889 5882 5886
f 5886 5882 5881
f 5882 5891 5879
f 5879 5891 5892
f 5885 5884 5893
f 5893 5884 5883
f 5883 5871 5893
f 5893 5871 5870
f 5883 5894 5871
f 5871 5894 5872
f 5880 5895 5883
f 5883 5895 5894
f 5896 5895 5879
f 5879 5895 5880
f 5893 5878 5885
f 5885 5878 5890
f 5878 5893 5869
f 5869 5893 5870
f 5897 5896 5892
f 5892 5896 5879
f 5895 5896 5898
f 5898 5896 5899
f 5896 5897 5899
f 5899 5897 5900
f 5898 5899 5901
f 5901 5899 5902
f 5901 5903 5898
f 5898 5903 5904
f 5900 5905 5899
f 5899 5905 5902
f 5898 5904 5895
f 5895 5904 5894
f 5894 5904 5872
f 5872 5904 5873
f 5897 5892 5907
f 5907 5892 5906
f 5892 5891 5906
f 5906 5891 5908
f 5887 5890 5909
f 5909 5890 5878
f 5888 5887 5910
f 5910 5887 5909
f 5878 5877 5909
f 5909 5877 5911
f 5909 5911 5910
f 5910 5911 5912
f 5913 5914 5910
f 5910 5914 5888
f 5908 5914 5906
f 5906 5914 5913
f 5861 5873 5859
f 5859 5873 5915
f 5860 5916 5866
f 5866 5916 5876
f 5916 5860 5915
f 5915 5860 5859
f 5915 5903 5916
f 5916 5903 5917
f 5903 5901 5917
f 5917 5901 5918
f 5916 5917 5876
f 5876 5917 5919
f 5903 5915 5904
f 5904 5915 5873
f 5920 5875 5919
f 5919 5875 5876
f 5920 5877 5875
f 5875 5877 5874
f 5920 5921 5877
f 5877 5921 5911
f 5921 5920 5922
f 5922 5920 5919
f 5923 5921 5924
f 5924 5921 5922
f 5917 5918 5919
f 5919 5918 5922
f 5918 5925 5922
f 5922 5925 5924
f 5921 5923 5911
f 5911 5923 5912
f 5927 5912 5926
f 5926 5912 5923
f 5926 5929 5928
f 5928 5929 5930
f 5926 5923 5929
f 5929 5923 5924
f 5926 5928 5927
f 5927 5928 5907
f 5927 5907 5913
f 5913 5907 5906
f 5913 5910 5927
f 5927 5910 5912
f 5901 5902 5918
f 5918 5902 5925
f 5930 5925 5905
f 5905 5925 5902
f 5930 5929 5925
f 5925 5929 5924
f 5928 5930 5900
f 5900 5930 5905
f 5900 5897 5928
f 5928 5897 5907
f 5882 5889 5891
f 5891 5889 5908
f 5908 5889 5914
f 5914 5889 5888
f 5832 5831 5641
f 5641 5831 5639
f 5833 5838 5834
f 5834 5838 5837
f 5842 5841 5849
f 5849 5841 5850
f 5841 5843 5850
f 5850 5843 5848
f 5847 5846 5739
f 5739 5846 5731
f 5842 5849 5833
f 5833 5849 5838
f 5862 5832 5732
f 5732 5832 5641
f 5847 5739 5834
f 5834 5739 5708
f 5862 5846 5851
f 5851 5846 5845
f 5831 5843 5639
f 5639 5843 5724
f 5676 5732 5595
f 5595 5732 5641
f 5676 5461 5660
f 5660 5461 5464
f 5461 5460 5464
f 5464 5460 5465
f 5460 5674 5465
f 5465 5674 5661
f 5931 5932 5934
f 5934 5932 5933
f 5936 5937 5935
f 5935 5937 5938
f 5935 5938 5939
f 5939 5938 5940
f 5942 5943 5941
f 5941 5943 5944
f 5945 5946 5936
f 5936 5946 5937
f 5948 5949 5947
f 5947 5949 5950
f 5951 5952 5519
f 5519 5952 5593
f 5953 5951 5709
f 5709 5951 5519
f 5955 5956 5954
f 5954 5956 5957
f 5958 5942 5946
f 5946 5942 5937
f 5948 5959 5949
f 5949 5959 5933
f 5960 5958 5934
f 5934 5958 5946
f 5961 5955 5940
f 5940 5955 5962
f 5963 5964 5966
f 5966 5964 5965
f 5955 5954 5962
f 5962 5954 5967
f 5968 5939 5962
f 5962 5939 5940
f 5961 5940 5941
f 5941 5940 5938
f 5931 5969 5932
f 5932 5969 5970
f 5945 5971 5931
f 5931 5971 5969
f 5941 5944 5961
f 5961 5944 5972
f 5954 5957 5947
f 5947 5957 5973
f 5945 5931 5946
f 5946 5931 5934
f 5935 5974 5936
f 5936 5974 5975
f 5959 5960 5933
f 5933 5960 5934
f 5937 5942 5938
f 5938 5942 5941
f 5932 5970 5976
f 5976 5970 5977
f 5968 5964 5978
f 5978 5964 5963
f 5965 5964 5950
f 5950 5964 5967
f 5976 5977 5965
f 5965 5977 5966
f 5947 5950 5954
f 5954 5950 5967
f 5939 5968 5979
f 5979 5968 5978
f 5936 5975 5945
f 5945 5975 5971
f 5972 5754 5956
f 5956 5754 5617
f 5974 5935 5979
f 5979 5935 5939
f 5953 5943 5958
f 5958 5943 5942
f 5964 5968 5967
f 5967 5968 5962
f 5965 5950 5976
f 5976 5950 5949
f 5976 5949 5932
f 5932 5949 5933
f 5979 5978 5981
f 5981 5978 5980
f 5979 5981 5974
f 5974 5981 5982
f 5974 5982 5975
f 5975 5982 5983
f 5975 5983 5971
f 5971 5983 5984
f 5978 5963 5980
f 5980 5963 5985
f 5963 5966 5985
f 5985 5966 5986
f 5986 5966 5987
f 5987 5966 5977
f 5988 5989 5985
f 5985 5989 5980
f 5991 5992 5990
f 5990 5992 5993
f 5994 5995 5991
f 5991 5995 5992
f 5992 5995 5997
f 5997 5995 5996
f 5998 5999 5997
f 5997 5999 6000
f 5996 6001 5997
f 5997 6001 5998
f 6000 5993 5997
f 5997 5993 5992
f 6002 6003 5993
f 5993 6003 5990
f 5995 5994 5996
f 5996 5994 6004
f 5994 5982 6004
f 6004 5982 5981
f 5994 6005 5982
f 5982 6005 5983
f 5991 6006 5994
f 5994 6006 6005
f 6006 5991 6007
f 6007 5991 5990
f 5996 6004 6001
f 6001 6004 5989
f 5989 6004 5980
f 5980 6004 5981
f 6003 6008 5990
f 5990 6008 6007
f 6009 6006 6010
f 6010 6006 6007
f 6008 6011 6007
f 6007 6011 6010
f 6012 6009 6013
f 6013 6009 6010
f 6009 6012 6015
f 6015 6012 6014
f 6011 6016 6010
f 6010 6016 6013
f 6006 6009 6005
f 6005 6009 6015
f 6005 6015 5983
f 5983 6015 5984
f 6008 6003 6018
f 6018 6003 6017
f 6003 6002 6017
f 6017 6002 6019
f 5998 6001 6020
f 6020 6001 5989
f 5999 5998 6021
f 6021 5998 6020
f 5989 5988 6020
f 6020 5988 6022
f 6021 6020 6023
f 6023 6020 6022
f 6021 6024 5999
f 5999 6024 6025
f 6019 6025 6017
f 6017 6025 6024
f 5971 5984 5969
f 5969 5984 6026
f 5970 6027 5977
f 5977 6027 5987
f 6027 5970 6026
f 6026 5970 5969
f 6026 6014 6027
f 6027 6014 6028
f 6014 6012 6028
f 6028 6012 6029
f 6027 6028 5987
f 5987 6028 6030
f 6026 5984 6014
f 6014 5984 6015
f 6031 5986 6030
f 6030 5986 5987
f 6031 5988 5986
f 5986 5988 5985
f 6032 6022 6031
f 6031 6022 5988
f 6032 6031 6033
f 6033 6031 6030
f 6034 6032 6035
f 6035 6032 6033
f 6028 6029 6030
f 6030 6029 6033
f 6029 6036 6033
f 6033 6036 6035
f 6032 6034 6022
f 6022 6034 6023
f 6038 6023 6037
f 6037 6023 6034
f 6037 6040 6039
f 6039 6040 6041
f 6037 6034 6040
f 6040 6034 6035
f 6037 6039 6038
f 6038 6039 6018
f 6038 6018 6024
f 6024 6018 6017
f 6024 6021 6038
f 6038 6021 6023
f 6012 6013 6029
f 6029 6013 6036
f 6041 6036 6016
f 6016 6036 6013
f 6041 6040 6036
f 6036 6040 6035
f 6041 6016 6039
f 6039 6016 6011
f 6011 6008 6039
f 6039 6008 6018
f 5993 6000 6002
f 6002 6000 6019
f 6019 6000 6025
f 6025 6000 5999
f 5943 5756 5944
f 5944 5756 5755
f 6042 5948 5973
f 5973 5948 5947
f 5952 5951 5959
f 5959 5951 5960
f 5951 5953 5960
f 5960 5953 5958
f 5616 5957 5617
f 5617 5957 5956
f 6042 5952 5948
f 5948 5952 5959
f 5944 5755 5972
f 5972 5755 5754
f 5957 5616 5973
f 5973 5616 5652
f 5956 5955 5972
f 5972 5955 5961
f 5943 5953 5756
f 5756 5953 5709
f 6044 6045 6043
f 6043 6045 6046
f 6048 6049 6047
f 6047 6049 6050
f 6047 6050 6051
f 6051 6050 6052
f 6054 6055 6053
f 6053 6055 6056
f 6057 6058 6060
f 6060 6058 6059
f 6061 6062 6048
f 6048 6062 6049
f 6063 6064 6066
f 6066 6064 6065
f 6067 6068 6070
f 6070 6068 6069
f 6071 6069 5653
f 5653 6069 6068
f 6072 6073 6075
f 6075 6073 6074
f 6062 6076 6049
f 6049 6076 6054
f 6058 6067 6059
f 6059 6067 6070
f 6064 6077 6065
f 6065 6077 6045
f 6078 6076 6046
f 6046 6076 6062
f 6073 6080 6079
f 6079 6080 6052
f 6082 6083 6081
f 6081 6083 6084
f 6072 6085 6073
f 6073 6085 6080
f 6086 6051 6080
f 6080 6051 6052
f 6079 6052 6053
f 6053 6052 6050
f 6043 6087 6044
f 6044 6087 6088
f 6061 6089 6043
f 6043 6089 6087
f 6053 6056 6079
f 6079 6056 6090
f 6063 6072 6060
f 6060 6072 6075
f 6043 6046 6061
f 6061 6046 6062
f 6047 6091 6048
f 6048 6091 6092
f 6077 6078 6045
f 6045 6078 6046
f 6049 6054 6050
f 6050 6054 6053
f 6044 6088 6093
f 6093 6088 6094
f 6086 6082 6095
f 6095 6082 6081
f 6083 6082 6066
f 6066 6082 6085
f 6093 6094 6083
f 6083 6094 6084
f 6072 6063 6085
f 6085 6063 6066
f 6051 6086 6096
f 6096 6086 6095
f 6048 6092 6061
f 6061 6092 6089
f 5656 5655 6090
f 6090 5655 6074
f 6091 6047 6096
f 6096 6047 6051
f 6071 6055 6076
f 6076 6055 6054
f 6082 6086 6085
f 6085 6086 6080
f 6093 6083 6065
f 6065 6083 6066
f 6044 6093 6045
f 6045 6093 6065
f 6096 6095 6098
f 6098 6095 6097
f 6096 6098 6091
f 6091 6098 6099
f 6091 6099 6092
f 6092 6099 6100
f 6092 6100 6089
f 6089 6100 6101
f 6095 6081 6097
f 6097 6081 6102
f 6081 6084 6102
f 6102 6084 6103
f 6103 6084 6104
f 6104 6084 6094
f 6106 6097 6105
f 6105 6097 6102
f 6107 6108 6110
f 6110 6108 6109
f 6111 6112 6108
f 6108 6112 6109
f 6109 6112 6114
f 6114 6112 6113
f 6114 6115 6117
f 6117 6115 6116
f 6113 6118 6114
f 6114 6118 6115
f 6117 6110 6114
f 6114 6110 6109
f 6110 6119 6107
f 6107 6119 6120
f 6112 6111 6113
f 6113 6111 6121
f 6111 6099 6121
f 6121 6099 6098
f 6111 6122 6099
f 6099 6122 6100
f 6123 6122 6108
f 6108 6122 6111
f 6124 6123 6107
f 6107 6123 6108
f 6113 6121 6118
f 6118 6121 6106
f 6106 6121 6097
f 6097 6121 6098
f 6125 6124 6120
f 6120 6124 6107
f 6126 6123 6127
f 6127 6123 6124
f 6125 6128 6124
f 6124 6128 6127
f 6129 6126 6130
f 6130 6126 6127
f 6126 6129 6132
f 6132 6129 6131
f 6128 6133 6127
f 6127 6133 6130
f 6123 6126 6122
f 6122 6126 6132
f 6122 6132 6100
f 6100 6132 6101
f 6120 6134 6125
f 6125 6134 6135
f 6120 6119 6134
f 6134 6119 6136
f 6115 6118 6137
f 6137 6118 6106
f 6115 6137 6116
f 6116 6137 6138
f 6137 6106 6139
f 6139 6106 6105
f 6138 6137 6140
f 6140 6137 6139
f 6141 6142 6138
f 6138 6142 6116
f 6136 6142 6134
f 6134 6142 6141
f 6089 6101 6087
f 6087 6101 6143
f 6088 6144 6094
f 6094 6144 6104
f 6143 6144 6087
f 6087 6144 6088
f 6131 6145 6143
f 6143 6145 6144
f 6129 6146 6131
f 6131 6146 6145
f 6144 6145 6104
f 6104 6145 6147
f 6143 6101 6131
f 6131 6101 6132
f 6148 6103 6147
f 6147 6103 6104
f 6103 6148 6102
f 6102 6148 6105
f 6148 6149 6105
f 6105 6149 6139
f 6149 6148 6150
f 6150 6148 6147
f 6151 6149 6152
f 6152 6149 6150
f 6145 6146 6147
f 6147 6146 6150
f 6146 6153 6150
f 6150 6153 6152
f 6149 6151 6139
f 6139 6151 6140
f 6155 6140 6154
f 6154 6140 6151
f 6154 6157 6156
f 6156 6157 6158
f 6154 6151 6157
f 6157 6151 6152
f 6154 6156 6155
f 6155 6156 6135
f 6155 6135 6141
f 6141 6135 6134
f 6141 6138 6155
f 6155 6138 6140
f 6146 6129 6153
f 6153 6129 6130
f 6158 6153 6133
f 6133 6153 6130
f 6158 6157 6153
f 6153 6157 6152
f 6156 6158 6128
f 6128 6158 6133
f 6128 6125 6156
f 6156 6125 6135
f 6110 6117 6119
f 6119 6117 6136
f 6136 6117 6142
f 6142 6117 6116
f 6055 5615 6056
f 6056 5615 5752
f 6060 6059 6063
f 6063 6059 6064
f 6077 6070 6078
f 6078 6070 6069
f 6069 6071 6078
f 6078 6071 6076
f 6159 6057 6075
f 6075 6057 6060
f 6059 6070 6064
f 6064 6070 6077
f 6056 5752 6090
f 6090 5752 5656
f 6090 6074 6079
f 6079 6074 6073
f 6055 6071 5615
f 5615 6071 5653
f 5547 5471 6160
f 6160 5471 6161
f 5729 5577 6163
f 6163 5577 6162
f 5577 5576 6162
f 6162 5576 6164
f 5713 6165 5711
f 5711 6165 6166
f 5474 5729 6167
f 6167 5729 6163
f 5750 5547 6168
f 6168 5547 6160
f 5471 5474 6161
f 6161 5474 6167
f 6169 5712 6168
f 6168 5712 5750
f 5711 6166 5576
f 5576 6166 6164
f 6165 5713 6169
f 6169 5713 5712
f 6168 6170 6169
f 6169 6170 6171
f 6169 6171 6165
f 6165 6171 6172
f 6165 6172 6166
f 6166 6172 6173
f 6166 6173 6164
f 6164 6173 6174
f 6168 6160 6170
f 6170 6160 6175
f 6160 6161 6175
f 6175 6161 6176
f 6161 6167 6176
f 6176 6167 6177
f 6179 6170 6178
f 6178 6170 6175
f 6181 6182 6180
f 6180 6182 6183
f 6184 6185 6181
f 6181 6185 6182
f 6186 6187 6185
f 6185 6187 6182
f 6186 6188 6187
f 6187 6188 6189
f 6190 6183 6187
f 6187 6183 6182
f 6183 6190 6191
f 6191 6190 6192
f 6191 6193 6183
f 6183 6193 6180
f 6186 6185 6194
f 6194 6185 6184
f 6184 6172 6194
f 6194 6172 6171
f 6184 6195 6172
f 6172 6195 6173
f 6181 6196 6184
f 6184 6196 6195
f 6196 6181 6197
f 6197 6181 6180
f 6186 6194 6188
f 6188 6194 6179
f 6179 6194 6170
f 6170 6194 6171
f 6193 6198 6180
f 6180 6198 6197
f 6199 6196 6200
f 6200 6196 6197
f 6198 6201 6197
f 6197 6201 6200
f 6202 6199 6203
f 6203 6199 6200
f 6199 6202 6205
f 6205 6202 6204
f 6201 6206 6200
f 6200 6206 6203
f 6196 6199 6195
f 6195 6199 6205
f 6195 6205 6173
f 6173 6205 6174
f 6198 6193 6208
f 6208 6193 6207
f 6193 6191 6207
f 6207 6191 6192
f 6189 6188 6209
f 6209 6188 6179
f 6210 6189 6211
f 6211 6189 6209
f 6209 6179 6212
f 6212 6179 6178
f 6211 6209 6213
f 6213 6209 6212
f 6211 6214 6210
f 6210 6214 6215
f 6192 6215 6207
f 6207 6215 6214
f 6190 6187 6210
f 6210 6187 6189
f 6192 6190 6215
f 6215 6190 6210
f 6162 6164 6216
f 6216 6164 6174
f 6167 6163 6177
f 6177 6163 6217
f 6216 6217 6162
f 6162 6217 6163
f 6204 6218 6216
f 6216 6218 6217
f 6202 6219 6204
f 6204 6219 6218
f 6217 6218 6177
f 6177 6218 6220
f 6216 6174 6204
f 6204 6174 6205
f 6221 6176 6220
f 6220 6176 6177
f 6176 6221 6175
f 6175 6221 6178
f 6221 6222 6178
f 6178 6222 6212
f 6222 6221 6223
f 6223 6221 6220
f 6224 6222 6225
f 6225 6222 6223
f 6218 6219 6220
f 6220 6219 6223
f 6219 6226 6223
f 6223 6226 6225
f 6222 6224 6212
f 6212 6224 6213
f 6228 6213 6227
f 6227 6213 6224
f 6229 6227 6231
f 6231 6227 6230
f 6227 6224 6230
f 6230 6224 6225
f 6227 6229 6228
f 6228 6229 6208
f 6228 6208 6214
f 6214 6208 6207
f 6214 6211 6228
f 6228 6211 6213
f 6219 6202 6226
f 6226 6202 6203
f 6231 6226 6206
f 6206 6226 6203
f 6231 6230 6226
f 6226 6230 6225
f 6229 6231 6201
f 6201 6231 6206
f 6201 6198 6229
f 6229 6198 6208
f 5674 5672 5661
f 5661 5672 5662
f 5662 5672 5663
f 5663 5672 5646
f 5651 6042 5652
f 5652 6042 5973
f 5518 5517 5751
f 5751 5517 5733
f 5738 5660 5753
f 5753 5660 5637
f 5752 5636 5656
f 5656 5636 5526
f 5952 6042 5593
f 5593 6042 5651
f 5593 5651 5594
f 5594 5651 5650
f 5600 5737 5514
f 5514 5737 5515
f 5546 5545 5740
f 5740 5545 6232
f 6232 6058 5740
f 5740 6058 6057
f 6067 6058 6233
f 6233 6058 6232
f 6233 6232 6234
f 6234 6232 5545
f 6234 5545 6235
f 6235 5545 5544
f 5606 6236 5543
f 5543 6236 5544
f 6235 5544 5539
f 5539 5544 6236
f 6237 6235 5542
f 5542 6235 5539
f 6235 6237 6234
f 6234 6237 6238
f 6234 6238 6233
f 6233 6238 6239
f 5653 6068 5650
f 5650 6068 6239
f 5642 5513 6240
f 6240 5513 5516
f 5539 6236 5540
f 5540 6236 5606
f 5636 5614 5637
f 5637 5614 5753
f 6239 5737 5650
f 5650 5737 5594
f 6239 6068 6233
f 6233 6068 6067
f 6075 6074 6159
f 6159 6074 5655
f 6057 6159 5740
f 5740 6159 5655
f 5515 5737 6238
f 6238 5737 6239
f 6238 6237 5515
f 5515 6237 5516
f 5542 6240 6237
f 6237 6240 5516
f 6240 5542 5642
f 5642 5542 5541
f 5702 5699 5541
f 5541 5699 5642
f 5582 5475 5717
f 5470 5443 5537
f 5537 5443 5504
f 5469 5444 5470
f 5470 5444 5443
f 5726 5557 5727
f 5727 5557 5556
f 5537 5504 5511
f 5511 5504 5506
f 5504 5503 5506
f 5506 5503 5507
f 5503 5455 5507
f 5507 5455 5581
f 5455 5454 5581
f 5581 5454 5456
f 5473 5453 5474
f 5474 5453 5729
f 5457 5454 5473
f 5473 5454 5453
f 5473 5472 5457
f 5457 5472 5686
f 5472 5548 5686
f 5686 5548 5687
f 5749 5693 5548
f 5548 5693 5687
f 5715 5532 5749
f 5749 5532 5693
f 5714 5486 5715
f 5715 5486 5532
f 5714 5710 5486
f 5486 5710 5449
f 5728 5578 5729
f 5729 5578 5577
f 5452 5445 5698
f 5698 5445 5558
f 5445 5444 5558
f 5558 5444 5556
f 5444 5469 5556
f 5556 5469 5727
f 5469 5468 5727
f 5727 5468 5555
f 5468 5747 5555
f 5555 5747 5552
f 5747 5700 5552
f 5552 5700 5716
f 5700 5699 5716
f 5716 5699 5717
f 5699 5702 5717
f 5717 5702 5582
f 5702 5701 5582
f 5582 5701 5583
f 5726 5479 5557
f 5557 5479 5483
f 5483 5479 5484
f 5484 5479 5482
f 5534 5533 5482
f 5482 5533 5484
f 5691 5688 5534
f 5534 5688 5533
f 5644 5647 5691
f 5691 5647 5688
f 5719 5746 5701
f 5701 5746 5583
f 5718 5497 5719
f 5719 5497 5746
f 5718 5605 5654
f 5654 5605 5638
f 5498 5654 5657
f 5657 5654 5633
f 5497 5718 5498
f 5498 5718 5654
f 5657 5527 5498
f 5498 5527 5494
f 5528 5570 5495
f 5495 5570 5521
f 5665 5668 5528
f 5528 5668 5570
f 5664 5671 5665
f 5665 5671 5668
f 5645 5741 5664
f 5664 5741 5671
f 5644 5696 5645
f 5645 5696 5741
f 5710 5575 5449
f 5449 5575 5450
f 5575 5578 5450
f 5450 5578 5698
f 5578 5728 5698
f 5698 5728 5452
f 5452 5728 5451
f 5451 5728 5453
f 3619 6241 3620
f 3620 6241 6242
f 6243 6244 3628
f 3628 6244 3629
f 6245 6246 3634
f 3634 6246 3631
f 6247 6248 3636
f 3636 6248 3637
f 6249 6250 3642
f 3642 6250 3639
f 3639 6250 3643
f 3643 6250 6251
f 3743 6252 3744
f 3744 6252 6253
f 6246 6243 3631
f 3631 6243 3628
f 3753 6254 3754
f 3754 6254 6255
f 3857 6256 3619
f 3619 6256 6241
f 6257 6245 3932
f 3932 6245 3634
f 6242 6247 3620
f 3620 6247 3636
f 6258 6259 3946
f 3946 6259 3947
f 6260 6249 3948
f 3948 6249 3642
f 6244 6258 3629
f 3629 6258 3946
f 3947 6259 3753
f 3753 6259 6254
f 6248 6260 3637
f 3637 6260 3948
f 3643 6251 3743
f 3743 6251 6252
f 3744 6253 3932
f 3932 6253 6257
f 6250 6249 6251
f 6251 6249 6252
f 6245 6261 6246
f 6246 6261 6262
f 6263 6264 6247
f 6247 6264 6248
f 6252 6265 6253
f 6253 6265 6266
f 6246 6262 6243
f 6243 6262 6267
f 6268 6261 6257
f 6257 6261 6245
f 6269 6263 6242
f 6242 6263 6247
f 6270 6271 6260
f 6260 6271 6249
f 6264 6270 6248
f 6248 6270 6260
f 6253 6266 6257
f 6257 6266 6268
f 6249 6271 6252
f 6252 6271 6265
f 6254 6259 6272
f 6272 6259 6273
f 6266 6265 6270
f 6270 6265 6271
f 6268 6266 6264
f 6264 6266 6270
f 6261 6268 6263
f 6263 6268 6264
f 6269 6262 6263
f 6263 6262 6261
f 4186 4185 6274
f 6274 4185 6275
f 6241 6276 6242
f 6242 6276 6269
f 6258 6244 6277
f 6277 6244 6278
f 6256 6279 6241
f 6241 6279 6276
f 6259 6258 6273
f 6273 6258 6277
f 6243 6267 6244
f 6244 6267 6278
f 6276 6267 6269
f 6269 6267 6262
f 6254 6272 6255
f 6255 6272 6280
f 3865 3713 3888
f 3888 3713 3685
f 5242 5233 3892
f 3892 5233 3711
f 3900 5243 3892
f 3892 5243 5242
f 3734 3866 3900
f 3900 3866 5243
f 4117 6281 4118
f 4118 6281 6282
f 4118 6282 4278
f 4278 6282 4879
f 4717 4887 4718
f 4718 4887 4280
f 4792 4278 4882
f 4882 4278 4879
f 4795 4792 6283
f 6283 4792 4882
f 4852 4851 5012
f 5012 4851 6284
f 4856 5207 4857
f 4857 5207 4858
f 4860 4279 4857
f 4857 4279 4854
f 4718 4280 4860
f 4860 4280 4279
f 4864 4863 4745
f 4745 4863 4742
f 5366 4867 5011
f 5011 4867 4866
f 4871 4884 4872
f 4872 4884 4883
f 4872 4883 4117
f 4117 4883 6281
f 6284 4851 6283
f 6283 4851 4795
f 4852 4866 4853
f 4853 4866 4865
f 4871 4870 4856
f 4856 4870 5207
f 4717 4716 4864
f 4864 4716 4861
f 4868 4867 4862
f 4862 4867 4863
f 4268 4855 4269
f 4269 4855 4854
f 4281 4274 4282
f 4282 4274 4765
f 4744 4743 4907
f 4907 4743 4904
f 4874 4881 4820
f 4820 4881 4880
f 4885 5013 4886
f 4886 5013 4980
f 4888 4275 4281
f 4281 4275 4274
f 4902 6282 4903
f 4903 6282 6281
f 6283 4979 6284
f 6284 4979 4978
f 4282 4765 4269
f 4269 4765 4266
f 4880 4879 4902
f 4902 4879 6282
f 4903 6281 4886
f 4886 6281 4883
f 4882 4881 6283
f 6283 4881 4979
f 5013 4885 4267
f 4267 4885 4268
f 4888 4887 4744
f 4744 4887 4745
f 4410 6285 4411
f 4411 6285 4812
f 4750 4749 6286
f 6286 4749 6287
f 6289 4695 6288
f 6288 4695 4255
f 4750 4675 4751
f 4751 4675 4965
f 6290 6291 4963
f 4963 6291 4960
f 4807 4806 4411
f 4411 4806 4408
f 6292 6293 4959
f 4959 6293 4956
f 4958 6294 4959
f 4959 6294 4955
f 4962 4964 4963
f 4963 4964 4805
f 4962 4961 4751
f 4751 4961 4748
f 6296 6297 6295
f 6295 6297 6298
f 6299 6300 6288
f 6288 6300 4735
f 6302 4961 6301
f 6301 4961 4960
f 6304 6287 6303
f 6303 6287 4749
f 4968 6305 4969
f 4969 6305 6306
f 4413 6308 6307
f 6307 6308 4900
f 6301 4960 6309
f 6309 4960 6291
f 4412 4408 6310
f 6310 4408 4806
f 4696 6311 4256
f 4256 6311 6312
f 6303 4749 6313
f 6313 4749 4748
f 6313 4748 6302
f 6302 4748 4961
f 6315 6316 6314
f 6314 6316 6317
f 4084 6318 6315
f 6315 6318 6316
f 4083 6319 4084
f 4084 6319 6318
f 4112 6320 4083
f 4083 6320 6319
f 6322 4138 6321
f 6321 4138 4137
f 6324 4128 6323
f 6323 4128 4127
f 4127 4193 6323
f 6323 4193 6325
f 4193 4891 6325
f 6325 4891 6326
f 4891 6327 6326
f 6326 6327 6328
f 6327 4824 5227
f 5227 4824 5228
f 5231 4684 6329
f 6329 4684 4683
f 4683 4099 6329
f 6329 4099 6330
f 4099 4102 6330
f 6330 4102 6331
f 4174 4826 4429
f 4429 4826 4829
f 4173 4741 4174
f 4174 4741 4826
f 4180 4738 4173
f 4173 4738 4741
f 6332 6333 4180
f 4180 6333 4738
f 6274 6334 4186
f 4186 6334 4188
f 4181 4825 4180
f 4180 4825 6332
f 5044 5213 5045
f 5045 5213 5165
f 5046 5087 5047
f 5047 5087 5222
f 5077 5063 5078
f 5078 5063 5198
f 5081 5099 5082
f 5082 5099 5194
f 5095 5074 5096
f 5096 5074 5073
f 5373 5170 5096
f 5096 5170 5093
f 5375 5171 5373
f 5373 5171 5170
f 5047 5222 5375
f 5375 5222 5171
f 5046 5038 5376
f 5376 5038 5067
f 5377 5086 5376
f 5376 5086 5085
f 5045 5165 5377
f 5377 5165 5086
f 5378 5214 5044
f 5044 5214 5213
f 5077 5034 5378
f 5378 5034 5214
f 5082 5194 5078
f 5078 5194 5035
f 5081 5080 5379
f 5379 5080 6335
f 5379 6335 5095
f 5095 6335 5074
f 5032 5080 5033
f 5033 5080 5079
f 5040 5017 5041
f 5041 5017 5016
f 5050 5043 5051
f 5051 5043 5042
f 5065 5023 5066
f 5066 5023 5022
f 5050 5049 5065
f 5065 5049 5023
f 5041 5016 5068
f 5068 5016 5020
f 5071 5374 5072
f 5072 5374 5200
f 5075 5156 5076
f 5076 5156 5155
f 5162 5212 5068
f 5068 5212 5067
f 5075 5074 5192
f 5192 5074 6335
f 5066 5022 5199
f 5199 5022 5196
f 5076 5155 5072
f 5072 5155 5069
f 5040 5039 5071
f 5071 5039 5374
f 5162 5161 5051
f 5051 5161 5048
f 5192 6335 5032
f 5032 6335 5080
f 5199 5196 5033
f 5033 5196 5030
f 5018 5211 5019
f 5019 5211 5408
f 5019 5408 5021
f 5021 5408 5163
f 5024 5057 5025
f 5025 5057 5415
f 5028 5048 5029
f 5029 5048 5161
f 5054 5031 5055
f 5055 5031 5030
f 5024 5023 5058
f 5058 5023 5049
f 5061 5070 5062
f 5062 5070 5069
f 5157 5438 5158
f 5158 5438 5442
f 5160 5191 5054
f 5054 5191 5031
f 5029 5161 5021
f 5021 5161 5020
f 5025 5415 5197
f 5197 5415 5220
f 5158 5442 5062
f 5062 5442 5059
f 5018 5017 5061
f 5061 5017 5070
f 5160 5159 5157
f 5157 5159 5438
f 5028 5027 5058
f 5058 5027 5056
f 5055 5030 5197
f 5197 5030 5196
f 5409 5380 5410
f 5410 5380 6336
f 5026 5413 5027
f 5027 5413 5412
f 5396 5417 5393
f 5393 5417 5416
f 5416 5057 5419
f 5419 5057 5056
f 5417 5396 5426
f 5426 5396 5420
f 5427 5423 5428
f 5428 5423 5422
f 5427 5059 5430
f 5430 5059 5442
f 5409 5408 5433
f 5433 5408 5211
f 5433 5211 5428
f 5428 5211 5060
f 5412 5411 5419
f 5419 5411 5418
f 5436 5053 5437
f 5437 5053 5052
f 5439 5402 5440
f 5440 5402 5401
f 5436 5435 5439
f 5439 5435 5402
f 5410 6336 5413
f 5413 6336 5414
f 5440 5401 5430
f 5430 5401 5429
f 5426 5420 5437
f 5437 5420 5434
f 5382 5432 5383
f 5383 5432 5384
f 5386 6336 5383
f 5383 6336 5380
f 6336 5386 5414
f 5414 5386 5388
f 5391 5418 5392
f 5392 5418 5411
f 5705 5395 5704
f 5704 5395 5394
f 5399 5435 5400
f 5400 5435 5434
f 5403 5441 5404
f 5404 5441 5405
f 5407 5429 5404
f 5404 5429 5401
f 5395 5705 5421
f 5421 5705 5748
f 5424 5706 5425
f 5425 5706 5431
f 5391 5390 5394
f 5394 5390 5704
f 5392 5388 5389
f 5389 5388 5387
f 5382 5381 5425
f 5425 5381 5422
f 5407 5406 5424
f 5424 5406 5706
f 5403 5402 5399
f 5399 5402 5435
f 5421 5748 5400
f 5400 5748 5397
f 4097 4721 4098
f 4098 4721 4231
f 4233 5273 4098
f 4098 5273 4095
f 6337 6338 4785
f 4785 6338 4786
f 4076 4780 4073
f 4073 4780 4781
f 4782 4190 4781
f 4781 4190 4073
f 4783 4901 4782
f 4782 4901 4190
f 4780 4076 4097
f 4097 4076 4721
f 6337 2879 4701
f 4701 2879 2878
f 5280 6339 5272
f 5272 6339 6340
f 5282 5281 6341
f 6341 5281 6342
f 4109 6302 4110
f 4110 6302 6301
f 4283 6304 4284
f 4284 6304 6303
f 6305 4379 6306
f 6306 4379 4378
f 4110 6301 4428
f 4428 6301 6309
f 6310 4688 4412
f 4412 4688 4687
f 4284 6303 4753
f 4753 6303 6313
f 4753 6313 4109
f 4109 6313 6302
f 6343 5226 4428
f 4428 5226 4427
f 4147 4900 4416
f 4416 4900 6308
f 6312 6311 4241
f 4241 6311 4720
f 5223 6344 4702
f 4702 6344 4699
f 4221 4220 6345
f 6345 4220 6346
f 5276 5275 6347
f 6347 5275 6348
f 5275 4728 6348
f 6348 4728 6349
f 4727 6350 5284
f 5284 6350 5285
f 6351 6352 6354
f 6354 6352 6353
f 5313 5312 5292
f 5292 5312 5293
f 5312 5344 5293
f 5293 5344 5337
f 5344 4914 5337
f 5337 4914 4916
f 4914 4913 4916
f 4916 4913 4917
f 4913 6355 4917
f 4917 6355 4978
f 6356 6357 6284
f 6284 6357 5012
f 6357 6358 5012
f 5012 6358 5011
f 5011 6358 5366
f 5366 6358 6359
f 6360 4742 6359
f 6359 4742 5366
f 4743 6361 4904
f 4904 6361 5364
f 5363 4905 5364
f 5364 4905 4904
f 5363 6362 4905
f 4905 6362 4207
f 6362 6363 4207
f 4207 6363 4208
f 6363 5342 4208
f 4208 5342 5330
f 5342 5341 5330
f 5330 5341 4244
f 5341 6364 4244
f 4244 6364 4245
f 6364 6365 4245
f 4245 6365 4246
f 6366 6367 4253
f 4253 6367 4250
f 4214 6368 4211
f 4211 6368 4380
f 4380 4379 4211
f 4211 4379 4283
f 4379 6305 4283
f 4283 6305 6304
f 6305 4968 6304
f 6304 4968 6287
f 4968 4967 6287
f 6287 4967 6286
f 4967 6297 6286
f 6286 6297 4676
f 6296 4376 4288
f 4288 4376 4285
f 4376 4373 4285
f 4285 4373 4290
f 6369 6370 6372
f 6372 6370 6371
f 5245 6373 5246
f 5246 6373 6374
f 4317 6375 4318
f 4318 6375 6376
f 4331 6377 4332
f 4332 6377 6378
f 6379 4333 6376
f 6376 4333 4318
f 4343 6380 4344
f 4344 6380 6381
f 4347 6382 4348
f 4348 6382 6383
f 4374 6371 4331
f 4331 6371 6377
f 4333 6379 4426
f 4426 6379 6384
f 4690 6385 4347
f 4347 6385 6382
f 4332 6378 4317
f 4317 6378 6375
f 4922 6386 4923
f 4923 6386 6387
f 6388 6389 4375
f 4375 6389 6390
f 6355 6356 4978
f 4978 6356 6284
f 4742 6360 4743
f 4743 6360 6361
f 6391 4238 6392
f 6392 4238 4719
f 6392 4719 6393
f 6393 4719 5296
f 6395 6396 6394
f 6394 6396 6397
f 6399 6400 6398
f 6398 6400 6401
f 6402 5302 6403
f 6403 5302 5303
f 5303 5321 6403
f 6403 5321 6404
f 5320 6405 5321
f 5321 6405 6404
f 5319 6406 5350
f 5350 6406 5351
f 5319 5318 6406
f 6406 5318 6407
f 5288 4197 6408
f 6408 4197 6409
f 4217 4216 6410
f 6410 4216 6411
f 5227 6412 6327
f 6327 6412 6328
f 4892 6413 5227
f 5227 6413 6412
f 4228 6414 4892
f 4892 6414 6413
f 4227 6415 4228
f 4228 6415 6414
f 4248 6416 4227
f 4227 6416 6415
f 4247 6417 4248
f 4248 6417 6416
f 6417 4247 6419
f 6419 4247 6418
f 6419 6418 6421
f 6421 6418 6420
f 6422 5301 6423
f 6423 5301 5300
f 6423 5300 6424
f 6424 5300 6399
f 6408 6409 6398
f 6398 6409 6425
f 6426 6427 6397
f 6397 6427 6394
f 6428 4224 6429
f 6429 4224 4223
f 6347 6346 5276
f 5276 6346 4220
f 6346 6347 6341
f 6341 6347 6339
f 5280 5278 5282
f 5282 5278 4236
f 4896 5224 4684
f 4684 5224 4681
f 4132 4135 4896
f 4896 4135 5224
f 4131 4136 4132
f 4132 4136 4135
f 4226 4754 4131
f 4131 4754 4136
f 4251 4213 4226
f 4226 4213 4754
f 4250 4214 4251
f 4251 4214 4213
f 4250 6367 4214
f 4214 6367 6368
f 6367 4910 6368
f 6368 4910 4737
f 4909 5297 4736
f 4736 5297 5296
f 5297 6395 5296
f 5296 6395 6393
f 6427 6430 6394
f 6394 6430 6431
f 6429 4383 6428
f 6428 4383 4382
f 4219 5277 4220
f 4220 5277 5276
f 4222 4697 4383
f 4383 4697 4218
f 6345 4699 4221
f 4221 4699 6344
f 6342 4700 6345
f 6345 4700 4699
f 4235 4786 5281
f 5281 4786 6338
f 4234 4787 4235
f 4235 4787 4786
f 5279 5278 6432
f 6432 5278 5271
f 4237 5279 6433
f 6433 5279 6432
f 4787 4234 6433
f 6433 4234 4237
f 6435 6436 6434
f 6434 6436 6437
f 6359 6438 6360
f 6360 6438 6437
f 6439 6440 6441
f 6441 6440 6438
f 6443 6439 6442
f 6442 6439 6441
f 6357 6356 6442
f 6442 6356 6444
f 6444 6446 6445
f 6445 6446 6447
f 4912 6446 4913
f 4913 6446 6355
f 6361 6436 5364
f 5364 6436 5365
f 5319 5350 5316
f 5316 5350 6448
f 4832 6449 5350
f 5350 6449 6448
f 4831 6450 4832
f 4832 6450 6449
f 5354 6451 5320
f 5320 6451 6405
f 4265 6452 5354
f 5354 6452 6451
f 4264 6453 4265
f 4265 6453 6452
f 6450 4831 6447
f 6447 4831 6445
f 4263 6435 4264
f 4264 6435 6434
f 6454 6453 6439
f 6439 6453 6440
f 6439 6443 6454
f 6454 6443 4834
f 4833 6455 4834
f 4834 6455 6454
f 5351 6456 4833
f 4833 6456 6455
f 6457 6391 6458
f 6458 6391 6392
f 6458 6392 6431
f 6431 6392 6393
f 5298 6396 5297
f 5297 6396 6395
f 6402 6400 5302
f 5302 6400 5299
f 6402 6403 6459
f 6459 6403 6460
f 6460 6403 6461
f 6461 6403 6404
f 6405 6462 6404
f 6404 6462 6461
f 6406 6462 5351
f 5351 6462 6456
f 6406 6407 6462
f 6462 6407 6461
f 6407 6463 6461
f 6461 6463 6460
f 6463 6464 6460
f 6460 6464 6459
f 6464 6465 6459
f 6459 6465 6401
f 6430 6466 6431
f 6431 6466 6458
f 6466 6410 6458
f 6458 6410 6457
f 6410 6411 6457
f 6457 6411 6467
f 6396 6424 6397
f 6397 6424 6425
f 6393 6395 6431
f 6431 6395 6394
f 6451 6456 6405
f 6405 6456 6462
f 6452 6455 6451
f 6451 6455 6456
f 6453 6454 6452
f 6452 6454 6455
f 6443 6445 4834
f 4834 6445 4831
f 6440 6453 6434
f 6434 6453 4264
f 6468 5306 5360
f 5360 5306 5305
f 6469 4124 6468
f 6468 4124 5306
f 6470 4125 6469
f 6469 4125 4124
f 6471 5291 6470
f 6470 5291 4125
f 6353 5292 6471
f 6471 5292 5291
f 5292 6353 5313
f 5313 6353 6352
f 5347 5314 6352
f 6352 5314 5313
f 5353 5318 5346
f 5346 5318 5317
f 5334 6468 5358
f 5358 6468 5360
f 5324 6469 5334
f 5334 6469 6468
f 5323 6470 5324
f 5324 6470 6469
f 5343 6471 5323
f 5323 6471 6470
f 6354 6353 5343
f 5343 6353 6471
f 6348 6349 4270
f 4270 6349 5311
f 5272 6340 5273
f 5273 6340 4272
f 6432 5271 4232
f 4232 5271 4233
f 4294 6432 4295
f 4295 6432 4232
f 6432 4294 6433
f 6433 4294 4301
f 4301 4300 6433
f 6433 4300 4787
f 4704 4784 4300
f 4300 4784 4787
f 4704 3013 4784
f 4784 3013 1307
f 5103 6472 5104
f 5104 6472 5202
f 5108 5116 5105
f 5105 5116 5115
f 5111 5124 5112
f 5112 5124 5123
f 5154 5205 5105
f 5105 5205 5106
f 5167 5180 5168
f 5168 5180 5185
f 5175 5188 5176
f 5176 5188 5187
f 5112 5123 5178
f 5178 5123 5120
f 5167 5090 5183
f 5183 5090 5089
f 5210 5151 5183
f 5183 5151 5181
f 5216 5138 5217
f 5217 5138 5137
f 5218 5119 5219
f 5219 5119 5221
f 5218 5178 5119
f 5119 5178 5120
f 5217 5137 5104
f 5104 5137 5101
f 5116 5108 5221
f 5221 5108 5219
f 5111 5110 5210
f 5210 5110 5151
f 5154 5153 5103
f 5103 5153 6472
f 5216 5215 5176
f 5176 5215 5173
f 5175 5174 5168
f 5168 5174 5166
f 5091 5172 5092
f 5092 5172 5208
f 5117 5037 5118
f 5118 5037 5036
f 5121 5164 5122
f 5122 5164 5133
f 5125 5084 5126
f 5126 5084 5083
f 5129 5174 5130
f 5130 5174 5173
f 5131 5202 5132
f 5132 5202 6472
f 5135 5221 5122
f 5122 5221 5119
f 5125 5124 5136
f 5136 5124 5209
f 5126 5083 5121
f 5121 5083 5164
f 5118 5036 5195
f 5195 5036 5193
f 5131 5097 5203
f 5203 5097 5114
f 5132 6472 5195
f 5195 6472 5153
f 5136 5209 5092
f 5092 5209 5089
f 5135 5134 5117
f 5117 5134 5037
f 5362 5206 5130
f 5130 5206 5127
f 5372 5371 5128
f 5128 5371 5129
f 5371 5372 5091
f 5091 5372 5172
f 5362 5215 5203
f 5203 5215 5201
f 6463 6407 5353
f 5353 6407 5318
f 6464 6463 5352
f 5352 6463 5353
f 6408 6465 5288
f 5288 6465 5289
f 4196 4224 6426
f 6426 4224 6427
f 6430 6427 6428
f 6428 6427 4224
f 6466 6430 4382
f 4382 6430 6428
f 6410 6466 4217
f 4217 6466 4382
f 4240 4239 3015
f 3015 4239 3016
f 4254 4257 3017
f 3017 4257 3018
f 6473 6474 4732
f 4732 6474 6475
f 6474 6374 6475
f 6475 6374 6373
f 5246 6374 3022
f 3022 6374 3023
f 4254 6299 4255
f 4255 6299 6288
f 6473 6300 3024
f 3024 6300 3025
f 6476 4257 6312
f 6312 4257 4256
f 4240 6476 4241
f 4241 6476 6312
f 6477 4239 6391
f 6391 4239 4238
f 6467 6477 6457
f 6457 6477 6391
f 6411 3029 6467
f 6467 3029 3028
f 4216 3030 6411
f 6411 3030 3029
f 6479 6480 6478
f 6478 6480 6481
f 6483 6484 6482
f 6482 6484 6485
f 6486 6487 4102
f 4102 6487 6331
f 6483 6488 6478
f 6478 6488 6489
f 4429 4829 6490
f 6490 4829 6479
f 6491 6486 4101
f 4101 6486 4102
f 4895 6491 4899
f 4899 6491 4101
f 4160 6488 4157
f 4157 6488 6492
f 6489 4087 6490
f 6490 4087 4090
f 4267 4261 5013
f 5013 4261 4260
f 4258 4261 5328
f 5328 4261 4975
f 4261 4267 4975
f 4975 4267 4266
f 5367 3793 3912
f 3912 3793 3575
f 6494 3616 6493
f 6493 3616 3795
f 6496 3589 6495
f 6495 3589 3588
f 6495 3588 5368
f 5368 3588 3794
f 3841 3840 3050
f 3050 3840 3051
f 3912 3911 3052
f 3052 3911 3053
f 3929 3930 3054
f 3054 3930 3055
f 5370 3930 3916
f 3916 3930 3923
f 3938 5369 3807
f 3807 5369 3915
f 3589 6496 3806
f 3806 6496 3937
f 3938 3937 3056
f 3056 3937 3057
f 3051 3840 3058
f 3058 3840 3943
f 3730 4808 3727
f 3727 4808 3943
f 3820 3951 3795
f 3795 3951 6493
f 3951 3841 3059
f 3059 3841 3050
f 3911 3574 6494
f 6494 3574 3616
f 3823 3929 3824
f 3824 3929 3952
f 4061 4060 3060
f 3060 4060 3061
f 6497 6498 4901
f 4901 6498 4790
f 6333 6499 4738
f 4738 6499 4739
f 6500 6501 6314
f 6314 6501 4418
f 6502 6275 4417
f 4417 6275 4185
f 6503 6497 4783
f 4783 6497 4901
f 6498 4060 4790
f 4790 4060 4059
f 4808 4061 3069
f 3069 4061 3060
f 5367 3071 5368
f 5368 3071 3070
f 5369 3073 5370
f 5370 3073 3072
f 6274 6275 3074
f 3074 6275 3075
f 6499 6504 4739
f 4739 6504 6317
f 6333 6332 3077
f 3077 6332 3078
f 6334 6274 3079
f 3079 6274 3074
f 6332 4825 3078
f 3078 4825 3080
f 6334 6503 4188
f 4188 6503 4783
f 4825 4689 3080
f 3080 4689 1330
f 6506 4747 6505
f 6505 4747 4746
f 6505 6507 6506
f 6506 6507 6508
f 4297 6509 4920
f 4920 6509 6510
f 4296 6511 4297
f 4297 6511 6509
f 6506 6508 4319
f 4319 6508 6512
f 4372 4371 6514
f 6514 4371 6513
f 6511 4296 5251
f 5251 4296 4305
f 5251 5250 6511
f 6511 5250 6515
f 6516 6509 6515
f 6515 6509 6511
f 6517 6507 6519
f 6519 6507 6518
f 6512 6520 6513
f 6513 6520 6514
f 6507 6517 6508
f 6508 6517 6521
f 5249 6523 6522
f 6522 6523 6524
f 6525 6370 5253
f 5253 6370 6526
f 4370 4323 4371
f 4371 4323 4326
f 4370 3103 4323
f 4323 3103 1541
f 6521 6517 6527
f 6527 6517 6519
f 6520 6528 6514
f 6514 6528 6529
f 6531 6532 6530
f 6530 6532 6533
f 5250 6534 6515
f 6515 6534 6535
f 6530 6533 6536
f 6536 6533 6537
f 6526 6538 6534
f 6534 6538 6537
f 6515 6535 6516
f 6516 6535 6539
f 4325 4321 4326
f 4326 4321 4320
f 4371 4326 6513
f 6513 4326 4320
f 6531 4731 6541
f 6541 4731 6540
f 4731 4730 6540
f 6540 4730 6542
f 4730 3121 6542
f 6542 3121 3120
f 6530 4328 6531
f 6531 4328 4731
f 4328 6530 4329
f 4329 6530 6536
f 4329 6536 6524
f 6524 6536 6543
f 6544 6545 6522
f 6522 6545 5248
f 6389 6388 5245
f 5245 6388 6373
f 6388 6546 6373
f 6373 6546 6475
f 4733 6546 6295
f 6295 6546 4377
f 4732 6475 4733
f 4733 6475 6546
f 4393 4432 4394
f 4394 4432 4435
f 4434 4672 4842
f 4842 4672 4671
f 4440 4439 4441
f 4441 4439 4438
f 4436 4450 4437
f 4437 4450 4398
f 4447 4444 4448
f 4448 4444 4392
f 4446 4464 4433
f 4433 4464 6547
f 4454 4423 4455
f 4455 4423 4422
f 4452 4481 4453
f 4453 4481 4480
f 4458 4389 4459
f 4459 4389 4388
f 4456 4471 4457
f 4457 4471 4468
f 4391 4460 4392
f 4392 4460 4448
f 4461 4467 4445
f 4445 4467 4465
f 4437 4398 4629
f 4629 4398 4397
f 4438 4628 4441
f 4441 4628 4631
f 4841 4629 4839
f 4839 4629 4397
f 4628 4842 4631
f 4631 4842 4671
f 4930 4989 4452
f 4452 4989 4481
f 4929 4927 4436
f 4436 4927 4450
f 4933 4387 4934
f 4934 4387 4386
f 4931 4475 4932
f 4932 4475 4474
f 4936 4449 4933
f 4933 4449 4387
f 4935 4472 4456
f 4456 4472 4471
f 4389 4458 4391
f 4391 4458 4460
f 4457 4468 4461
f 4461 4468 4467
f 4934 4386 4454
f 4454 4386 4423
f 4453 4480 4931
f 4931 4480 4475
f 4575 4997 4576
f 4576 4997 4639
f 4579 4596 4580
f 4580 4596 4595
f 4583 4582 4572
f 4572 4582 4569
f 4587 4944 4588
f 4588 4944 4562
f 4588 4562 4590
f 4590 4562 4561
f 4576 4639 4642
f 4642 4639 4638
f 4642 4845 4641
f 4641 4845 4846
f 4845 4590 4846
f 4846 4590 4561
f 4941 4938 4595
f 4595 4938 4580
f 4938 4940 4668
f 4668 4940 4669
f 4583 4942 4584
f 4584 4942 4947
f 4582 4587 4569
f 4569 4587 4586
f 5000 5001 4579
f 4579 5001 4596
f 4558 4560 4585
f 4585 4560 4586
f 4565 4639 4566
f 4566 4639 4997
f 4568 4567 4577
f 4577 4567 4578
f 4570 4554 4571
f 4571 4554 4556
f 4640 4565 4637
f 4637 4565 4546
f 4662 4664 4665
f 4665 4664 4844
f 4662 4558 4589
f 4589 4558 4585
f 4554 4570 4557
f 4557 4570 4560
f 4571 4667 4572
f 4572 4667 4943
f 4551 4670 4552
f 4552 4670 4666
f 4640 4664 4638
f 4638 4664 4663
f 4670 4568 4668
f 4668 4568 4577
f 4999 4996 4566
f 4566 4996 4543
f 4608 4564 4603
f 4603 4564 4563
f 4573 4593 4574
f 4574 4593 4592
f 4597 4614 4598
f 4598 4614 4613
f 4601 4600 4584
f 4584 4600 4581
f 4563 4562 4604
f 4604 4562 4944
f 4643 4593 4641
f 4641 4593 4573
f 4643 4847 4644
f 4644 4847 4848
f 4564 4847 4561
f 4561 4847 4846
f 4945 4941 4598
f 4598 4941 4595
f 4941 4945 4939
f 4939 4945 4946
f 4601 4948 4602
f 4602 4948 4620
f 4600 4604 4581
f 4581 4604 4944
f 5002 5003 4597
f 4597 5003 4614
f 4988 4759 4953
f 4953 4759 4402
f 4706 6548 4707
f 4707 6548 6549
f 4311 4928 4419
f 4419 4928 6550
f 4921 4920 6551
f 6551 4920 6552
f 4925 6553 4926
f 4926 6553 6554
f 4928 4921 4802
f 4802 4921 6551
f 6555 4985 6550
f 6550 4985 4419
f 4952 6556 4953
f 4953 6556 4649
f 4971 6557 4706
f 4706 6557 6548
f 4988 4648 4925
f 4925 4648 6553
f 4707 6549 5006
f 5006 6549 4987
f 4920 6510 6552
f 6552 6510 6518
f 6558 6510 6516
f 6516 6510 6509
f 6559 6558 6539
f 6539 6558 6516
f 6531 6541 6532
f 6532 6541 6560
f 6540 6561 6541
f 6541 6561 6529
f 6542 6562 6540
f 6540 6562 6561
f 6542 3120 6562
f 6562 3120 3142
f 4366 6563 4760
f 4760 6563 4970
f 4815 6564 4816
f 4816 6564 6565
f 3147 3146 6565
f 6565 3146 4816
f 6564 6563 6565
f 6565 6563 6566
f 4837 4385 4357
f 4357 4385 4358
f 6565 6566 3147
f 3147 6566 3149
f 4694 1209 3150
f 5247 5249 5248
f 5248 5249 6522
f 6372 6390 6545
f 6545 6390 6389
f 6375 5254 6376
f 6376 5254 5258
f 6377 6525 6378
f 6378 6525 5255
f 5260 6379 5258
f 5258 6379 6376
f 6380 6567 6381
f 6381 6567 6568
f 6382 6569 6383
f 6383 6569 6570
f 6377 6371 6525
f 6525 6371 6370
f 6379 5260 6384
f 6384 5260 6571
f 6385 6572 6382
f 6382 6572 6569
f 6378 5255 6375
f 6375 5255 5254
f 6386 6573 6387
f 6387 6573 6574
f 6545 6389 5248
f 5248 6389 5245
f 4675 4750 4676
f 4676 4750 6286
f 4734 6289 4735
f 4735 6289 6288
f 4804 6290 4805
f 4805 6290 4963
f 4811 4807 4812
f 4812 4807 4411
f 4954 6292 4955
f 4955 6292 4959
f 4964 4962 4965
f 4965 4962 4751
f 6285 4821 4812
f 4812 4821 4809
f 4675 4287 4965
f 4965 4287 4210
f 6294 4145 4955
f 4955 4145 4154
f 4964 4120 4805
f 4805 4120 4119
f 6298 4966 4734
f 4734 4966 6289
f 6300 6473 4735
f 4735 6473 4732
f 6297 6296 4676
f 4676 6296 4288
f 6523 3160 4330
f 4330 3160 3159
f 5253 5252 6525
f 6525 5252 5255
f 5256 5252 4305
f 4305 5252 5251
f 4304 5257 4305
f 4305 5257 5256
f 4424 5259 4304
f 4304 5259 5257
f 5261 6571 5259
f 5259 6571 5260
f 5262 6573 5261
f 5261 6573 6571
f 5264 6567 5265
f 5265 6567 6574
f 5266 6572 5267
f 5267 6572 6568
f 5268 6570 5269
f 5269 6570 6569
f 1807 3161 5268
f 5268 3161 6570
f 6524 6523 4329
f 4329 6523 4330
f 5253 6526 5250
f 5250 6526 6534
f 6543 6538 6544
f 6544 6538 6369
f 6524 6543 6522
f 6522 6543 6544
f 3071 5367 3052
f 3052 5367 3912
f 6493 3163 6494
f 6494 3163 3162
f 3164 445 3771
f 3771 445 3761
f 461 3165 3919
f 3919 3165 3920
f 330 410 3839
f 3839 410 3910
f 332 331 3552
f 3552 331 3551
f 464 304 3918
f 3918 304 3816
f 385 458 3766
f 3766 458 3894
f 412 415 3762
f 3762 415 3763
f 3166 337 3748
f 3748 337 3745
f 3072 3055 5370
f 5370 3055 3930
f 3073 5369 3056
f 3056 5369 3938
f 3167 3057 6496
f 6496 3057 3937
f 3069 3058 4808
f 4808 3058 3943
f 411 3166 3851
f 3851 3166 3748
f 3059 3163 3951
f 3951 3163 6493
f 336 3164 3772
f 3772 3164 3771
f 3053 3911 3162
f 3162 3911 6494
f 3054 3168 3929
f 3929 3168 3952
f 3165 830 3920
f 3920 830 3945
f 3170 3169 6497
f 6497 3169 6498
f 3171 1354 5005
f 5005 1354 4830
f 3172 3170 6503
f 6503 3170 6497
f 3169 3061 6498
f 6498 3061 4060
f 3173 3171 5006
f 5006 3171 5005
f 3079 3172 6334
f 6334 3172 6503
f 3174 3025 6299
f 6299 3025 6300
f 6576 6577 6575
f 6575 6577 6578
f 4612 4611 6579
f 6579 4611 6580
f 6582 6583 6581
f 6581 6583 6584
f 6584 6585 4618
f 4618 6585 4621
f 6586 6587 6589
f 6589 6587 6588
f 6588 6587 6590
f 6590 6587 6591
f 6592 4606 6590
f 6590 4606 4623
f 6594 6576 6593
f 6593 6576 6575
f 6595 6582 6579
f 6579 6582 6581
f 6580 6597 6596
f 6596 6597 6598
f 6577 6576 6599
f 6599 6576 6600
f 6595 6596 6601
f 6601 6596 6602
f 6583 6582 6603
f 6603 6582 6604
f 6586 6606 6605
f 6605 6606 6607
f 6587 6586 6608
f 6608 6586 6605
f 6587 6608 6591
f 6591 6608 6609
f 6576 6594 6600
f 6600 6594 6610
f 6582 6595 6604
f 6604 6595 6601
f 6599 6611 6577
f 6577 6611 6598
f 6613 6614 6612
f 6612 6614 6615
f 6617 6618 6616
f 6616 6618 6619
f 6621 6622 6620
f 6620 6622 6623
f 6625 6626 6624
f 6624 6626 6627
f 6629 6630 6628
f 6628 6630 6631
f 6633 6634 6632
f 6632 6634 6635
f 6637 6638 6636
f 6636 6638 6639
f 6640 6641 6637
f 6637 6641 6638
f 6643 6633 6642
f 6642 6633 6632
f 6645 6646 6644
f 6644 6646 6647
f 6646 6648 6647
f 6647 6648 6649
f 6651 6652 6650
f 6650 6652 6653
f 6653 6652 6654
f 6654 6652 6655
f 6656 6657 6659
f 6659 6657 6658
f 6661 6662 6660
f 6660 6662 6663
f 6662 6661 6664
f 6664 6661 6665
f 6667 6657 6666
f 6666 6657 6656
f 6669 6670 6668
f 6668 6670 6671
f 6672 6673 6670
f 6670 6673 6671
f 6674 6675 6677
f 6677 6675 6676
f 6675 6678 6676
f 6676 6678 6679
f 6681 6682 6680
f 6680 6682 6683
f 6684 6685 6683
f 6683 6685 6680
f 6687 6688 6686
f 6686 6688 6689
f 6687 6690 6688
f 6688 6690 6691
f 6619 6618 6633
f 6633 6618 6634
f 6632 6635 6693
f 6693 6635 6692
f 6617 6694 6636
f 6636 6694 6637
f 6695 6692 6639
f 6639 6692 6635
f 6637 6694 6640
f 6640 6694 6696
f 6698 6638 6697
f 6697 6638 6641
f 6643 6616 6633
f 6633 6616 6619
f 6642 6699 6641
f 6641 6699 6697
f 6646 6645 6700
f 6700 6645 6621
f 6644 6701 6654
f 6654 6701 6702
f 6700 6703 6646
f 6646 6703 6648
f 6693 6704 6649
f 6649 6704 6647
f 6620 6623 6651
f 6651 6623 6652
f 6693 6649 6699
f 6699 6649 6650
f 6652 6623 6655
f 6655 6623 6622
f 6654 6702 6653
f 6653 6702 6697
f 6615 6614 6657
f 6657 6614 6658
f 6705 6656 6704
f 6704 6656 6659
f 6613 6706 6660
f 6660 6706 6661
f 6704 6659 6701
f 6701 6659 6663
f 6661 6706 6665
f 6665 6706 6707
f 6708 6702 6664
f 6664 6702 6662
f 6612 6615 6667
f 6667 6615 6657
f 6666 6709 6664
f 6664 6709 6708
f 6629 6710 6669
f 6669 6710 6670
f 6668 6711 6679
f 6679 6711 6712
f 6713 6672 6710
f 6710 6672 6670
f 6714 6671 6705
f 6705 6671 6673
f 6628 6631 6674
f 6674 6631 6675
f 6705 6673 6709
f 6709 6673 6677
f 6631 6630 6675
f 6675 6630 6678
f 6712 6708 6679
f 6679 6708 6676
f 6625 6715 6682
f 6682 6715 6683
f 6716 6717 6681
f 6681 6717 6691
f 6718 6684 6715
f 6715 6684 6683
f 6719 6680 6714
f 6714 6680 6685
f 6624 6627 6686
f 6686 6627 6687
f 6689 6711 6685
f 6685 6711 6714
f 6627 6626 6687
f 6687 6626 6690
f 6717 6712 6691
f 6691 6712 6688
f 6612 6707 6613
f 6613 6707 6706
f 6616 6696 6617
f 6617 6696 6694
f 6703 6700 6620
f 6620 6700 6621
f 6715 6625 6718
f 6718 6625 6624
f 6710 6629 6713
f 6713 6629 6628
f 6639 6635 6636
f 6636 6635 6634
f 6641 6640 6642
f 6642 6640 6643
f 6654 6655 6644
f 6644 6655 6645
f 6651 6650 6648
f 6648 6650 6649
f 6659 6658 6663
f 6663 6658 6660
f 6665 6667 6664
f 6664 6667 6666
f 6678 6669 6679
f 6679 6669 6668
f 6673 6672 6677
f 6677 6672 6674
f 6690 6682 6691
f 6691 6682 6681
f 6685 6684 6689
f 6689 6684 6686
f 6636 6634 6617
f 6617 6634 6618
f 6638 6698 6639
f 6639 6698 6695
f 6640 6696 6643
f 6643 6696 6616
f 6693 6699 6632
f 6632 6699 6642
f 6655 6622 6645
f 6645 6622 6621
f 6704 6701 6647
f 6647 6701 6644
f 6651 6648 6620
f 6620 6648 6703
f 6650 6653 6699
f 6699 6653 6697
f 6613 6660 6614
f 6614 6660 6658
f 6663 6662 6701
f 6701 6662 6702
f 6665 6707 6667
f 6667 6707 6612
f 6705 6709 6656
f 6656 6709 6666
f 6630 6629 6678
f 6678 6629 6669
f 6714 6711 6671
f 6671 6711 6668
f 6672 6713 6674
f 6674 6713 6628
f 6677 6676 6709
f 6709 6676 6708
f 6626 6625 6690
f 6690 6625 6682
f 6680 6719 6681
f 6681 6719 6716
f 6684 6718 6686
f 6686 6718 6624
f 6711 6689 6712
f 6689 6688 6712
f 6593 6720 6594
f 6594 6720 6721
f 6722 6720 4607
f 4607 6720 4849
f 6592 6723 6722
f 6722 6723 6724
f 4610 4609 6578
f 6578 4609 6575
f 6596 6595 6580
f 6580 6595 6579
f 4618 4617 6584
f 6584 4617 6581
f 6589 6585 6586
f 6586 6585 6606
f 4622 4619 6588
f 6588 4619 6589
f 4622 6588 4623
f 4623 6588 6590
f 4609 4645 6575
f 6575 4645 6593
f 4617 4612 6581
f 6581 4612 6579
f 5004 4610 6597
f 6597 4610 6578
f 4645 4849 6593
f 6593 4849 6720
f 6724 6721 6722
f 6722 6721 6720
f 6722 4607 6592
f 6592 4607 4606
f 6725 6610 6721
f 6721 6610 6594
f 6723 6726 6724
f 6724 6726 6727
f 6727 6725 6724
f 6724 6725 6721
f 6728 6729 6605
f 6605 6729 6608
f 6605 6607 6728
f 6728 6607 6730
f 6731 6732 6604
f 6604 6732 6603
f 6733 6734 6725
f 6725 6734 6610
f 6735 6733 6727
f 6727 6733 6725
f 6735 6727 6736
f 6736 6727 6726
f 6591 6609 6723
f 6723 6609 6726
f 6723 6592 6591
f 6591 6592 6590
f 6738 6739 6737
f 6737 6739 6740
f 6740 6739 6742
f 6742 6739 6741
f 6743 6744 6741
f 6741 6744 6742
f 6745 6746 6743
f 6743 6746 6744
f 6747 6748 6745
f 6745 6748 6746
f 6749 6750 6747
f 6747 6750 6748
f 6752 6738 6751
f 6751 6738 6737
f 6754 6752 6753
f 6753 6752 6751
f 6756 6754 6755
f 6755 6754 6753
f 6758 6750 6757
f 6757 6750 6749
f 6760 6756 6759
f 6759 6756 6755
f 6762 6760 6761
f 6761 6760 6759
f 6764 6762 6763
f 6763 6762 6761
f 6757 6764 6758
f 6758 6764 6763
f 6766 6741 6765
f 6765 6741 6739
f 6767 6743 6766
f 6766 6743 6741
f 6768 6745 6767
f 6767 6745 6743
f 6769 6747 6768
f 6768 6747 6745
f 6770 6749 6769
f 6769 6749 6747
f 6772 6769 6771
f 6771 6769 6768
f 6773 6770 6772
f 6772 6770 6769
f 6774 6775 6772
f 6772 6775 6773
f 6777 6778 6776
f 6776 6778 6779
f 6775 6774 6778
f 6778 6774 6779
f 6771 6780 6772
f 6772 6780 6774
f 6780 6781 6774
f 6774 6781 6779
f 6781 6782 6779
f 6779 6782 6776
f 6784 6785 6783
f 6783 6785 6786
f 6786 6787 6783
f 6783 6787 6788
f 6790 6788 6789
f 6789 6788 6787
f 6786 6785 6791
f 6791 6785 6792
f 6791 6793 6786
f 6786 6793 6787
f 6793 6794 6787
f 6787 6794 6789
f 6795 6796 6794
f 6794 6796 6789
f 6790 6789 6797
f 6797 6789 6796
f 6798 6765 6738
f 6738 6765 6739
f 6799 6798 6752
f 6752 6798 6738
f 6767 6800 6768
f 6768 6800 6771
f 6766 6801 6767
f 6767 6801 6800
f 6802 6801 6765
f 6765 6801 6766
f 6798 6803 6765
f 6765 6803 6802
f 6804 6803 6799
f 6799 6803 6798
f 6805 6806 6804
f 6804 6806 6803
f 6807 6799 6754
f 6754 6799 6752
f 6808 6804 6807
f 6807 6804 6799
f 6809 6805 6808
f 6808 6805 6804
f 6810 6811 6805
f 6805 6811 6806
f 6812 6813 6810
f 6810 6813 6811
f 6814 6815 6796
f 6796 6815 6797
f 6813 6814 6816
f 6816 6814 6817
f 6816 6818 6813
f 6813 6818 6811
f 6819 6806 6818
f 6818 6806 6811
f 6802 6803 6819
f 6819 6803 6806
f 6757 6749 6820
f 6820 6749 6770
f 6820 6770 6821
f 6821 6770 6773
f 6821 6773 6822
f 6822 6773 6775
f 6822 6775 6823
f 6823 6775 6778
f 6824 6823 6777
f 6777 6823 6778
f 6784 6825 6777
f 6777 6825 6824
f 6826 6827 6788
f 6788 6827 6783
f 6828 6826 6790
f 6790 6826 6788
f 6829 6828 6797
f 6797 6828 6790
f 6815 6830 6797
f 6797 6830 6829
f 6832 6812 6831
f 6831 6812 6810
f 6831 6810 6809
f 6809 6810 6805
f 6736 6800 6735
f 6735 6800 6801
f 6733 6735 6802
f 6802 6735 6801
f 6734 6733 6819
f 6819 6733 6802
f 6833 6734 6818
f 6818 6734 6819
f 6834 6833 6816
f 6816 6833 6818
f 6816 6817 6834
f 6834 6817 6835
f 6837 6795 6836
f 6836 6795 6794
f 6836 6794 6731
f 6731 6794 6793
f 6732 6731 6791
f 6791 6731 6793
f 6791 6792 6732
f 6732 6792 6730
f 6729 6728 6781
f 6781 6728 6782
f 6838 6807 6756
f 6756 6807 6754
f 6839 6838 6760
f 6760 6838 6756
f 6840 6839 6762
f 6762 6839 6760
f 6841 6840 6764
f 6764 6840 6762
f 6820 6841 6757
f 6757 6841 6764
f 6841 6820 6842
f 6842 6820 6821
f 6840 6841 6843
f 6843 6841 6842
f 6839 6840 6844
f 6844 6840 6843
f 6838 6839 6845
f 6845 6839 6844
f 6807 6838 6808
f 6808 6838 6845
f 6842 6821 6846
f 6846 6821 6822
f 6843 6842 6847
f 6847 6842 6846
f 6844 6843 6848
f 6848 6843 6847
f 6845 6844 6849
f 6849 6844 6848
f 6808 6845 6809
f 6809 6845 6849
f 6850 6831 6849
f 6849 6831 6809
f 6851 6850 6848
f 6848 6850 6849
f 6847 6852 6848
f 6848 6852 6851
f 6853 6852 6846
f 6846 6852 6847
f 6846 6822 6853
f 6853 6822 6823
f 6853 6823 6854
f 6854 6823 6824
f 6854 6855 6853
f 6853 6855 6852
f 6856 6851 6855
f 6855 6851 6852
f 6856 6857 6851
f 6851 6857 6850
f 6857 6832 6850
f 6850 6832 6831
f 6825 6858 6824
f 6824 6858 6854
f 6860 6827 6859
f 6859 6827 6826
f 6859 6826 6861
f 6861 6826 6828
f 6862 6861 6829
f 6829 6861 6828
f 6830 6863 6829
f 6829 6863 6862
f 6863 6864 6862
f 6862 6864 6865
f 6858 6866 6854
f 6854 6866 6855
f 6867 6865 6866
f 6866 6865 6864
f 6869 6859 6868
f 6868 6859 6861
f 6867 6869 6865
f 6865 6869 6868
f 6861 6862 6868
f 6868 6862 6865
f 6867 6860 6869
f 6869 6860 6859
f 6753 6751 6698
f 6698 6751 6695
f 6697 6755 6698
f 6698 6755 6753
f 6759 6755 6702
f 6702 6755 6697
f 6761 6759 6708
f 6708 6759 6702
f 6763 6761 6712
f 6712 6761 6708
f 6758 6763 6717
f 6717 6763 6712
f 6750 6758 6716
f 6716 6758 6717
f 6719 6748 6716
f 6716 6748 6750
f 6714 6746 6719
f 6719 6746 6748
f 6705 6744 6714
f 6714 6744 6746
f 6704 6742 6705
f 6705 6742 6744
f 6740 6742 6693
f 6693 6742 6704
f 6737 6740 6692
f 6692 6740 6693
f 6751 6737 6695
f 6695 6737 6692
f 6601 6602 6836
f 6836 6602 6837
f 6604 6601 6731
f 6731 6601 6836
f 6599 6600 6834
f 6834 6600 6833
f 6834 6835 6599
f 6599 6835 6611
f 6600 6610 6833
f 6833 6610 6734
f 6780 6771 6870
f 6870 6771 6736
f 6736 6771 6800
f 6870 6729 6780
f 6780 6729 6781
f 6608 6729 6609
f 6609 6729 6870
f 6609 6870 6726
f 6726 6870 6736
f 5014 5015 5229
f 5229 5015 5230
f 4258 5015 4259
f 4259 5015 4878
f 3471 3013 4703
f 4703 3013 4704
f 2879 6337 1306
f 1306 6337 4785
f 829 3471 4316
f 4316 3471 4703
f 4702 3472 5223
f 5223 3472 1756
f 6871 6872 4534
f 4534 6872 4535
f 6871 4665 6872
f 6872 4665 4844
f 6871 6873 4665
f 4665 6873 4559
f 6871 4534 6873
f 6873 4534 4542
f 4153 4152 4822
f 4822 4152 4407
f 4152 4168 4407
f 4407 4168 4342
f 4343 4168 4923
f 4923 4168 4167
f 4363 4362 4972
f 4972 4362 4840
f 4362 4394 4840
f 4840 4394 4839
f 4401 4400 4986
f 4986 4400 4984
f 4435 4434 4841
f 4841 4434 4842
f 4506 4505 4530
f 4530 4505 4531
f 4506 4535 4507
f 4507 4535 4843
f 4661 4660 4516
f 4516 4660 4517
f 4673 4672 4937
f 4937 4672 6547
f 4400 4924 4984
f 4984 4924 5263
f 4673 4660 4674
f 4674 4660 4659
f 4505 4661 4531
f 4531 4661 4516
f 4952 4401 6874
f 6874 4401 4986
f 4954 4153 6875
f 6875 4153 4822
f 4363 4973 4364
f 4364 4973 4974
f 5264 4924 5267
f 5267 4924 4691
f 6293 6292 6876
f 6876 6292 6877
f 6380 4343 6387
f 6387 4343 4923
f 4394 4435 4839
f 4839 4435 4841
f 4672 4434 6547
f 6547 4434 4433
f 4973 6556 4974
f 4974 6556 6878
f 6567 6380 6574
f 6574 6380 6387
f 6292 4954 6877
f 6877 4954 6875
f 6567 5264 6568
f 6568 5264 5267
f 4145 4144 4154
f 4154 4144 4151
f 4194 4144 4425
f 4425 4144 4143
f 4355 4354 5263
f 5263 4354 4984
f 4360 4359 4364
f 4364 4359 4361
f 4444 4359 4392
f 4392 4359 4337
f 4447 4446 4432
f 4432 4446 4433
f 4464 4463 6547
f 6547 4463 4937
f 4519 4518 4654
f 4654 4518 4509
f 4533 4532 4499
f 4499 4532 4498
f 4533 4542 4530
f 4530 4542 4534
f 4519 4532 4516
f 4516 4532 4531
f 4922 4194 4426
f 4426 4194 4425
f 4463 4518 4937
f 4937 4518 4517
f 6555 4951 6874
f 6874 4951 6878
f 4958 4957 6290
f 6290 4957 6291
f 4334 4360 4712
f 4712 4360 4950
f 4985 4354 4419
f 4419 4354 4353
f 5262 4355 5265
f 5265 4355 5263
f 6294 4958 4804
f 4804 4958 6290
f 6386 4922 6384
f 6384 4922 4426
f 4444 4447 4393
f 4393 4447 4432
f 4464 4446 4465
f 4465 4446 4445
f 4985 6555 4986
f 4986 6555 6874
f 6573 6386 6571
f 6571 6386 6384
f 4145 6294 4146
f 4146 6294 4804
f 6573 5262 6574
f 6574 5262 5265
f 4542 4541 6873
f 6873 4541 4559
f 4535 6872 4843
f 4843 6872 4844
f 4104 4103 6879
f 6879 4103 6343
f 4105 6293 6307
f 6307 6293 6876
f 4104 4956 4105
f 4105 4956 6293
f 4956 4104 4957
f 4957 4104 6879
f 4957 6879 6291
f 6291 6879 6309
f 4648 4988 4649
f 4649 4988 4953
f 4802 4803 4928
f 4928 4803 6550
f 6550 4803 6555
f 6555 4803 4951
f 1516 3173 4987
f 4987 3173 5006
f 6519 6518 6558
f 6558 6518 6510
f 6527 6519 6559
f 6559 6519 6558
f 6528 6560 6529
f 6529 6560 6541
f 6548 4625 6549
f 6549 4625 4624
f 6551 6552 4746
f 4746 6552 6505
f 6553 4711 6554
f 6554 4711 4710
f 4802 6551 4713
f 4713 6551 4746
f 6556 4973 4649
f 4649 4973 4646
f 6557 4949 6548
f 6548 4949 4625
f 4648 4647 6553
f 6553 4647 4711
f 6549 4624 4987
f 4987 4624 4838
f 6552 6518 6505
f 6505 6518 6507
f 6561 4372 6529
f 6529 4372 6514
f 6562 4369 6561
f 6561 4369 4372
f 3142 3482 6562
f 6562 3482 4369
f 6556 4952 6878
f 6878 4952 6874
f 4951 4950 6878
f 6878 4950 4974
f 3168 440 3952
f 4204 4203 5341
f 5341 4203 6364
f 4219 4222 6429
f 6429 4222 4383
f 4319 4322 6506
f 6506 4322 4747
f 4340 4714 4341
f 4341 4714 4384
f 4375 4377 6388
f 6388 4377 6546
f 4378 4381 6311
f 6311 4381 4720
f 4449 4341 4387
f 4387 4341 4384
f 4473 4472 4477
f 4477 4472 4474
f 4492 4491 4487
f 4487 4491 4488
f 4523 4491 4522
f 4522 4491 4490
f 4492 4538 4493
f 4493 4538 4555
f 4538 4553 4555
f 4555 4553 4556
f 4620 4615 4621
f 4621 4615 4618
f 4652 4651 4368
f 4368 4651 4365
f 4523 4655 4524
f 4524 4655 4656
f 4553 4667 4556
f 4556 4667 4571
f 4651 1210 4365
f 4365 1210 1209
f 4698 4697 5223
f 5223 4697 6344
f 4340 4339 4322
f 4322 4339 4747
f 4726 4729 5287
f 5287 4729 4198
f 4381 4380 4737
f 4737 4380 6368
f 4836 4835 4451
f 4451 4835 4709
f 4910 6367 4911
f 4911 6367 6366
f 4912 4915 6450
f 6450 4915 6449
f 4927 4836 4450
f 4450 4836 4451
f 4930 4929 4439
f 4439 4929 4436
f 4936 4935 4459
f 4459 4935 4456
f 4473 4655 4470
f 4470 4655 4510
f 4942 4583 4943
f 4943 4583 4572
f 4948 4601 4947
f 4947 4601 4584
f 4949 4835 4625
f 4625 4835 4626
f 4966 4969 6289
f 6289 4969 4695
f 4971 4652 4926
f 4926 4652 4368
f 4203 4977 6364
f 6364 4977 6365
f 4990 4989 4443
f 4443 4989 4440
f 4990 4991 4478
f 4478 4991 4512
f 4992 4991 4528
f 4528 4991 4515
f 4992 4993 4527
f 4527 4993 4485
f 4994 4993 4502
f 4502 4993 4503
f 4994 4995 4482
f 4482 4995 4550
f 4543 4996 4544
f 4544 4996 4995
f 4999 4998 4567
f 4567 4998 4578
f 5000 4998 4575
f 4575 4998 4997
f 5002 5001 4592
f 4592 5001 4574
f 5003 5004 4614
f 4614 5004 4611
f 3483 4215 1755
f 1755 4215 4698
f 5274 5277 4195
f 4195 5277 4223
f 4726 5295 4727
f 4727 5295 6350
f 5309 5342 5310
f 5310 5342 6363
f 5315 5314 5316
f 5316 5314 5317
f 5339 6362 5340
f 5340 6362 5363
f 5310 6363 5339
f 5339 6363 6362
f 4204 5309 4201
f 4201 5309 5308
f 4915 5345 6449
f 6449 5345 6448
f 5345 5315 6448
f 6448 5315 5316
f 5348 5347 6351
f 6351 5347 6352
f 5365 4263 5340
f 5340 4263 4262
f 6295 6298 4733
f 4733 6298 4734
f 4969 6306 4695
f 4695 6306 4696
f 6306 4378 4696
f 4696 4378 6311
f 6369 6372 6544
f 6544 6372 6545
f 4375 6390 4373
f 4373 6390 4374
f 6421 6422 4911
f 4911 6422 4908
f 4910 4909 4737
f 4737 4909 4736
f 5277 4219 4223
f 4223 4219 6429
f 4697 4222 6344
f 6344 4222 4221
f 6436 6361 6437
f 6437 6361 6360
f 6438 6440 6437
f 6437 6440 6434
f 6438 6359 6441
f 6441 6359 6358
f 6442 6441 6357
f 6357 6441 6358
f 6442 6444 6443
f 6443 6444 6445
f 6446 6444 6355
f 6355 6444 6356
f 6446 4912 6447
f 6447 4912 6450
f 6436 6435 5365
f 5365 6435 4263
f 5314 5347 5317
f 5317 5347 5346
f 4319 6512 4320
f 4320 6512 6513
f 6520 6512 6521
f 6521 6512 6508
f 6528 6520 6527
f 6527 6520 6521
f 6532 6539 6533
f 6533 6539 6535
f 6533 6535 6537
f 6537 6535 6534
f 6538 6543 6537
f 6537 6543 6536
f 6295 4377 6296
f 6296 4377 4376
f 4989 4930 4440
f 4440 4930 4439
f 4927 4929 4422
f 4422 4929 4455
f 4449 4936 4388
f 4388 4936 4459
f 4472 4935 4474
f 4474 4935 4932
f 4942 4940 4947
f 4947 4940 4939
f 5001 5000 4574
f 4574 5000 4575
f 4669 4943 4666
f 4666 4943 4667
f 4996 4999 4547
f 4547 4999 4567
f 4948 4946 4620
f 4620 4946 4615
f 5003 5002 4591
f 4591 5002 4592
f 6557 4971 6554
f 6554 4971 4926
f 6532 6560 6539
f 6539 6560 6559
f 6390 6372 4374
f 4374 6372 6371
f 4966 6298 4967
f 4967 6298 6297
f 6538 6526 6369
f 6369 6526 6370
f 6585 6589 4621
f 4621 6589 4619
f 6597 6578 6598
f 6598 6578 6577
f 6606 6583 6607
f 6607 6583 6603
f 6611 6602 6598
f 6598 6602 6596
f 6585 6584 6606
f 6606 6584 6583
f 6597 6580 5004
f 5004 6580 4611
f 6607 6603 6730
f 6730 6603 6732
f 6776 6785 6777
f 6777 6785 6784
f 6785 6776 6792
f 6792 6776 6782
f 6815 6814 6812
f 6812 6814 6813
f 6817 6814 6795
f 6795 6814 6796
f 6825 6784 6827
f 6827 6784 6783
f 6830 6815 6832
f 6832 6815 6812
f 6817 6795 6835
f 6835 6795 6837
f 6792 6782 6730
f 6730 6782 6728
f 6858 6825 6860
f 6860 6825 6827
f 6863 6830 6857
f 6857 6830 6832
f 6864 6863 6856
f 6856 6863 6857
f 6866 6858 6867
f 6867 6858 6860
f 6866 6864 6855
f 6855 6864 6856
f 6835 6837 6611
f 6611 6837 6602
f 6560 6528 6559
f 6559 6528 6527
f 4949 6557 4710
f 4710 6557 6554
f 4430 4090 4175
f 4175 4090 4089
f 4777 4113 4155
f 4155 4113 4086
f 4175 4089 4176
f 4176 4089 4142
f 4199 4271 4200
f 4200 4271 4798
f 4199 4095 4272
f 4272 4095 5273
f 4406 4405 4404
f 4404 4405 4346
f 4410 4409 6877
f 6877 4409 6876
f 4409 4413 6876
f 6876 4413 6307
f 4415 4148 4416
f 4416 4148 4147
f 4690 4405 4344
f 4344 4405 4342
f 4693 4692 4352
f 4352 4692 4349
f 4701 4700 6337
f 6337 4700 6338
f 4778 4777 4081
f 4081 4777 4155
f 4821 4406 4809
f 4809 4406 4404
f 4176 4142 4181
f 4181 4142 4415
f 4760 4970 4399
f 4399 4970 4692
f 4200 5007 4096
f 4096 5007 4078
f 5266 4693 5269
f 5269 4693 4352
f 5270 5007 5361
f 5361 5007 4797
f 4778 5270 4779
f 4779 5270 5361
f 6285 4410 6875
f 6875 4410 6877
f 6308 4413 4687
f 4687 4413 4412
f 6480 6320 6481
f 6481 6320 6880
f 4701 2878 4702
f 4702 2878 3472
f 6339 6347 6340
f 6340 6347 6348
f 6341 6342 6346
f 6346 6342 6345
f 4416 6308 4414
f 4414 6308 4687
f 6385 4690 6381
f 6381 4690 4344
f 5282 6341 5280
f 5280 6341 6339
f 4700 6342 6338
f 6338 6342 5281
f 6340 6348 4272
f 4272 6348 4270
f 6480 6479 4828
f 4828 6479 4829
f 6490 6479 6489
f 6489 6479 6478
f 4090 4430 6490
f 6490 4430 4429
f 6563 6564 4970
f 4970 6564 4815
f 4694 6566 4366
f 4366 6566 6563
f 6572 6385 6568
f 6568 6385 6381
f 4821 6285 4822
f 4822 6285 6875
f 6572 5266 6569
f 6569 5266 5269
f 3482 3103 4369
f 4369 3103 4370
f 3121 4730 3485
f 3485 4730 4327
f 6277 6280 6273
f 6273 6280 6272
f 6267 6276 6278
f 6278 6276 6279
f 6278 6279 6277
f 6277 6279 6280
f 6279 6256 6280
f 6280 6256 6255
f 6256 3857 6255
f 6255 3857 3754
f 3857 3856 3754
f 3754 3856 3755
f 3856 3703 3755
f 3755 3703 3863
f 3703 3702 3863
f 3863 3702 3759
f 3702 3706 3759
f 3759 3706 3670
f 3706 3705 3670
f 3670 3705 3668
f 3705 3773 3668
f 3668 3773 3882
f 3882 3773 3883
f 3883 3773 3707
f 3707 3708 3883
f 3883 3708 3880
f 3708 3710 3880
f 3880 3710 3881
f 3709 5241 3710
f 3710 5241 3881
f 5241 3709 5234
f 5234 3709 3786
f 3693 3712 3786
f 3786 3712 5234
f 4051 4055 4052
f 4052 4055 4056
f 4056 4055 4057
f 4057 4055 4054
f 4066 5238 5236
f 5236 5238 3989
f 4066 4069 5238
f 5238 4069 4035
f 6881 3962 3960
f 3960 3962 3957
f 6883 4070 6882
f 6882 4070 3941
f 4070 6883 4071
f 4071 6883 6884
f 4071 6884 4072
f 4072 6884 6885
f 6885 6886 4072
f 4072 6886 4031
f 3955 6881 3956
f 3956 6881 3960
f 6884 3991 6885
f 6885 3991 3990
f 6883 6887 6884
f 6884 6887 3991
f 6887 6888 3991
f 3991 6888 3992
f 6888 6887 6889
f 6889 6887 6890
f 6887 6883 6890
f 6890 6883 6882
f 4058 5240 3953
f 3953 5240 3954
f 5236 6888 5239
f 5239 6888 6889
f 5237 6886 3990
f 3990 6886 6885
f 4034 4031 5237
f 5237 4031 6886
f 6881 6882 3962
f 3962 6882 3941
f 6881 3955 6882
f 6882 3955 6890
f 3955 3954 6890
f 6890 3954 6889
f 5239 6889 5240
f 5240 6889 3954
f 6888 5236 3992
f 3992 5236 3989
f 3869 3868 3888
f 3888 3868 4015
f 3868 4012 4015
f 4015 4012 4010
f 4012 4022 4010
f 4010 4022 4009
f 4022 4021 4009
f 4009 4021 4018
f 4020 3974 4001
f 4001 3974 3996
f 4021 4020 4029
f 4029 4020 4001
f 4085 4156 4086
f 4086 4156 4155
f 4113 4777 4114
f 4114 4777 4776
f 4130 4129 4094
f 4094 4129 4091
f 4139 4773 4140
f 4140 4773 4772
f 4149 4178 4150
f 4150 4178 5225
f 4160 4159 4087
f 4087 4159 4088
f 4149 4148 4179
f 4179 4148 4141
f 4085 4084 4183
f 4183 4084 6315
f 4179 4141 4159
f 4159 4141 4088
f 4192 4130 4162
f 4162 4130 4094
f 4197 5288 4198
f 4198 5288 5287
f 4229 4766 4230
f 4230 4766 4771
f 4245 4246 4242
f 4242 4246 4249
f 4183 6315 4418
f 4418 6315 6314
f 4679 4178 4680
f 4680 4178 4177
f 4724 4798 4725
f 4725 4798 4271
f 4728 5275 4729
f 4729 5275 5274
f 4230 4771 4249
f 4249 4771 4242
f 4724 4723 4799
f 4799 4723 5355
f 4823 4824 4891
f 4891 4824 6327
f 4823 4192 4161
f 4161 4192 4162
f 4893 4767 4229
f 4229 4767 4766
f 4894 4895 4898
f 4898 4895 4899
f 4106 4150 4103
f 4103 4150 5225
f 4680 4894 4677
f 4677 4894 4898
f 6420 4977 5301
f 5301 4977 4976
f 4679 4678 5226
f 5226 4678 4427
f 5228 5008 4893
f 4893 5008 4767
f 5285 6354 5286
f 5286 6354 5343
f 5289 5352 5290
f 5290 5352 5349
f 5290 5349 5295
f 5295 5349 5348
f 5302 5299 4202
f 4202 5299 4976
f 4725 4271 5311
f 5311 4271 4270
f 5325 4723 5326
f 5326 4723 4722
f 5335 5355 5325
f 5325 5355 4723
f 5326 4722 5286
f 5286 4722 5283
f 4799 5357 4797
f 4797 5357 5361
f 5359 5356 5335
f 5335 5356 5355
f 4775 4774 5356
f 5356 4774 5357
f 5359 5358 4092
f 4092 5358 4093
f 6316 4740 6317
f 6317 4740 4739
f 6318 4827 6316
f 6316 4827 4740
f 6319 4828 6318
f 6318 4828 4827
f 6320 6480 6319
f 6319 6480 4828
f 6484 6322 6485
f 6485 6322 6321
f 6487 6324 6331
f 6331 6324 6323
f 6331 6323 6330
f 6330 6323 6325
f 6325 6326 6330
f 6330 6326 6329
f 6326 6328 6329
f 6329 6328 5231
f 4824 4685 5228
f 5228 4685 5008
f 5226 6343 5225
f 5225 6343 4103
f 4728 4727 6349
f 6349 4727 5284
f 6350 6351 5285
f 5285 6351 6354
f 4247 4246 6418
f 6418 4246 6365
f 6400 6402 6401
f 6401 6402 6459
f 4197 4196 6409
f 6409 4196 6426
f 6412 4897 6328
f 6328 4897 5231
f 6413 4133 6412
f 6412 4133 4897
f 6414 4134 6413
f 6413 4134 4133
f 6415 4225 6414
f 6414 4225 4134
f 6416 4252 6415
f 6415 4252 4225
f 6417 4253 6416
f 6416 4253 4252
f 4253 6417 6366
f 6366 6417 6419
f 6366 6419 4911
f 4911 6419 6421
f 6422 6423 4908
f 4908 6423 5298
f 5298 6423 6396
f 6396 6423 6424
f 6409 6426 6425
f 6425 6426 6397
f 5300 5299 6399
f 6399 5299 6400
f 6465 6408 6401
f 6401 6408 6398
f 6424 6399 6425
f 6425 6399 6398
f 6349 5284 5311
f 5311 5284 5283
f 6465 6464 5289
f 5289 6464 5352
f 6488 6483 6492
f 6492 6483 6482
f 6486 6491 6482
f 6482 6491 6492
f 6491 4895 6492
f 6492 4895 4157
f 6488 4160 6489
f 6489 4160 4087
f 6501 6502 4418
f 4418 6502 4417
f 6504 6500 6317
f 6317 6500 6314
f 3497 3496 6501
f 6501 3496 6502
f 3499 3498 6504
f 6504 3498 6500
f 4729 5274 4198
f 4198 5274 4195
f 6418 6365 6420
f 6420 6365 4977
f 5295 5348 6350
f 6350 5348 6351
f 5301 6422 6420
f 6420 6422 6421
f 4113 4112 4086
f 4086 4112 4083
f 6320 4112 6880
f 6880 4112 4111
f 4091 4772 4092
f 4092 4772 4775
f 4129 4140 4091
f 4091 4140 4772
f 4137 4140 4128
f 4128 4140 4129
f 4128 6324 4137
f 4137 6324 6321
f 6324 6487 6321
f 6321 6487 6485
f 6487 6486 6485
f 6485 6486 6482
f 4774 4773 4779
f 4779 4773 4776
f 4773 4139 4776
f 4776 4139 4114
f 4139 4138 4114
f 4114 4138 4111
f 4138 6322 4111
f 4111 6322 6880
f 6322 6484 6880
f 6880 6484 6481
f 6484 6483 6481
f 6481 6483 6478
f 6879 6343 6309
f 6309 6343 4428
f 4106 4105 4900
f 4900 4105 6307
f 3500 3167 6495
f 6495 3167 6496
f 3500 6495 3070
f 3070 6495 5368
f 3502 5235 3501
f 3501 5235 4813
f 3024 3503 6473
f 6473 3503 6474
f 3503 3023 6474
f 6474 3023 6374
f 3504 1770 4348
f 4348 1770 4345
f 3502 3505 5235
f 5235 3505 4810
f 3498 3497 6500
f 6500 3497 6501
f 3496 3075 6502
f 6502 3075 6275
f 6299 4254 3174
f 3174 4254 3017
f 1769 3501 4814
f 4814 3501 4813
f 3506 3018 6476
f 6476 3018 4257
f 3507 3499 6499
f 6499 3499 6504
f 3030 4216 3483
f 3483 4216 4215
f 3077 3507 6333
f 6333 3507 6499
f 1784 3160 5249
f 5249 3160 6523
f 3015 3506 4240
f 4240 3506 6476
f 3508 3504 6383
f 6383 3504 4348
f 3509 3016 6477
f 6477 3016 4239
f 3028 3509 6467
f 6467 3509 6477
f 3022 1785 5246
f 5246 1785 5247
f 3161 3508 6570
f 6570 3508 6383
f 3150 3149 4694
f 4694 3149 6566
f 1327 4807 3510
f 3510 4807 4811
f 3510 4811 3505
f 3505 4811 4810
f 3146 3511 4816
f 4816 3511 4350
f 3511 1808 4350
f 4350 1808 4351
f 3485 4327 3159
f 3159 4327 4330
f 1326 3512 4806
f 4806 3512 6310
f 3512 1331 6310
f 6310 1331 4688
