v 0.987461626529694 1.3932089805603 0.485026180744171
v 0.988369822502136 1.37863218784332 0.476530134677887
v 0.983260154724121 1.37539482116699 0.490003645420074
v 0.983694076538086 1.38626706600189 0.500438034534454
v 0.983265161514282 1.36596441268921 0.483178496360779
v 0.988832652568817 1.36706686019897 0.472137600183487
v 0.982231795787811 1.36954700946808 0.502298176288605
v 0.983223557472229 1.37691724300385 0.513797879219055
v 0.982301831245422 1.33448052406311 0.516355395317078
v 0.983711659908295 1.32979595661163 0.527139604091644
v 0.983502805233002 1.3424346446991 0.525257349014282
v 0.983395636081696 1.34354639053345 0.514527916908264
v 0.984351992607117 1.30828869342804 0.519598841667175
v 0.985091865062714 1.29868352413177 0.509608566761017
v 0.988086342811584 1.28973543643951 0.519636511802673
v 0.988856077194214 1.29884946346283 0.52995753288269
v 1.0013986825943 1.31110560894012 0.472237557172775
v 0.997021317481995 1.30467224121094 0.476081430912018
v 0.994075059890747 1.31164002418518 0.478490442037582
v 0.99918270111084 1.3172435760498 0.474484205245972
v 1.00635051727295 1.32050251960754 0.461884737014771
v 1.00724017620087 1.32607626914978 0.465078115463257
v 1.00893807411194 1.3296594619751 0.458121478557587
v 1.00679302215576 1.3233642578125 0.454477697610855
v 1.00576794147491 1.30557227134705 0.469571262598038
v 1.00140058994293 1.29891955852509 0.474091202020645
v 1.00470614433289 1.31664967536926 0.468338787555695
v 1.00528681278229 1.31207168102264 0.465612530708313
v 1.00225138664246 1.30560111999512 0.455198734998703
v 1.00172758102417 1.31044435501099 0.457145810127258
v 1.00115847587585 1.3113124370575 0.449500143527985
v 1.00252997875214 1.30579471588135 0.449533760547638
v 1.00452780723572 1.30507409572601 0.464827746152878
v 1.00269675254822 1.30808115005493 0.462567418813705
v 1.00358712673187 1.30412256717682 0.459354281425476
v 1.00650370121002 1.30195152759552 0.461506307125092
v 1.00539302825928 1.31602001190186 0.459315299987793
v 1.00442695617676 1.31772828102112 0.451716810464859
v 1.00424778461456 1.31893420219421 0.443603336811066
v 1.00136923789978 1.31068468093872 0.44133922457695
v 0.990938305854797 1.29145622253418 0.487931996583939
v 0.993022322654724 1.29821956157684 0.481425344944
v 0.997328639030457 1.29319298267365 0.47882291674614
v 0.994780242443085 1.2877653837204 0.484028398990631
v 1.00715100765228 1.29899919033051 0.465136468410492
v 1.00369811058044 1.28328514099121 0.467773199081421
v 1.00338220596313 1.28711140155792 0.467546403408051
v 1.00641548633575 1.28767561912537 0.460996747016907
v 1.00623106956482 1.28411638736725 0.46167978644371
v 0.991370022296906 1.2774316072464 0.499097377061844
v 0.993833720684052 1.27597641944885 0.492167890071869
v 0.994846105575562 1.26910614967346 0.49506413936615
v 0.993479311466217 1.26913249492645 0.502843260765076
v 0.99725353717804 1.26306736469269 0.495088368654251
v 0.996213316917419 1.2610604763031 0.505183279514313
v 1.00356233119965 1.24641275405884 0.500857472419739
v 0.999855995178223 1.2528338432312 0.503453016281128
v 1.00008249282837 1.25719130039215 0.492891699075699
v 1.00273180007935 1.25180339813232 0.487622320652008
v 1.00840139389038 1.25609278678894 0.473619937896729
v 1.01182007789612 1.25452435016632 0.468368291854858
v 1.00893294811249 1.24241733551025 0.473274230957031
v 1.00555217266083 1.24624395370483 0.479892879724503
v 1.00627768039703 1.2774533033371 0.471647500991821
v 1.00449252128601 1.27774107456207 0.476043879985809
v 1.00301682949066 1.2791907787323 0.474166840314865
v 1.00465190410614 1.28006172180176 0.469164341688156
v 1.00251150131226 1.2776575088501 0.479554980993271
v 1.00149989128113 1.27745139598846 0.481058329343796
v 1.00101447105408 1.27873456478119 0.479836165904999
v 1.00225377082825 1.27837800979614 0.47896084189415
v 1.00358498096466 1.27790868282318 0.477472960948944
v 1.00418901443481 1.27592265605927 0.476704210042953
v 1.00300860404968 1.27679347991943 0.478718608617783
v 1.005619764328 1.27489376068115 0.472510635852814
v 1.01177775859833 1.27187633514404 0.459266722202301
v 1.00920689105988 1.27255880832672 0.462367624044418
v 1.01098871231079 1.27700912952423 0.462192445993423
v 1.01325702667236 1.27671349048615 0.459571123123169
v 1.00153231620789 1.28052389621735 0.477346837520599
v 0.999513626098633 1.28214764595032 0.478944659233093
v 1.00081861019135 1.28471302986145 0.473971158266068
v 1.00219249725342 1.28189826011658 0.473953515291214
v 0.997399568557739 1.28418779373169 0.480609446763992
v 0.999458372592926 1.2800304889679 0.481562674045563
v 0.997267067432404 1.2808895111084 0.483797132968903
v 1.00207555294037 1.27568984031677 0.480898350477219
v 1.00064134597778 1.27414131164551 0.483765423297882
v 0.999509871006012 1.27680349349976 0.483018487691879
v 1.00200319290161 1.27079403400421 0.482452690601349
v 1.00347149372101 1.27366650104523 0.47882017493248
v 1.00480604171753 1.27160263061523 0.474702835083008
v 1.00666058063507 1.26966381072998 0.469390332698822
v 1.00631701946259 1.26502776145935 0.473556339740753
v 1.00380980968475 1.26762914657593 0.478700906038284
v 0.999626696109772 1.2887065410614 0.47555536031723
v 0.997054755687714 1.27634191513062 0.486999213695526
v 0.994096398353577 1.28274714946747 0.488439917564392
v 0.9979048371315 1.27157866954803 0.48824417591095
v 0.999772667884827 1.2669517993927 0.487671852111816
v 1.00227010250092 1.26271045207977 0.484589099884033
v 1.00511193275452 1.25908184051514 0.479175209999084
v 1.0129976272583 1.2340087890625 0.484961211681366
v 1.00801944732666 1.23938798904419 0.492201328277588
v 0.991711974143982 1.35916233062744 0.473244100809097
v 0.985965192317963 1.35891449451447 0.480743378400803
v 0.988184213638306 1.35123002529144 0.485218018293381
v 0.986548662185669 1.35360813140869 0.486270725727081
v 0.98940122127533 1.35489988327026 0.480625927448273
v 0.990475833415985 1.3521636724472 0.481003850698471
v 0.98518431186676 1.34493803977966 0.506175875663757
v 0.986735224723816 1.34637415409088 0.499433398246765
v 0.987211465835571 1.34269297122955 0.501017212867737
v 0.984081625938416 1.33843040466309 0.507885217666626
v 0.9895960688591 1.33459043502808 0.491332113742828
v 0.987798929214478 1.33613181114197 0.496406197547913
v 0.989438116550446 1.34259080886841 0.491718798875809
v 0.990694165229797 1.34145510196686 0.48796734213829
v 0.99279111623764 1.34078311920166 0.484273105859756
v 0.995672941207886 1.34065985679626 0.480849534273148
v 0.995792508125305 1.33525884151459 0.481893122196198
v 0.992428302764893 1.33454203605652 0.486253082752228
v 0.994348764419556 1.35571050643921 0.476020246744156
v 1.00058531761169 1.35474503040314 0.472150325775146
v 1.00000655651093 1.35178279876709 0.474040508270264
v 0.994568288326263 1.35259985923767 0.476838141679764
v 1.01127815246582 1.34499728679657 0.473081529140472
v 1.00969290733337 1.34750473499298 0.472710251808167
v 1.01207292079926 1.34874200820923 0.469710469245911
v 1.0133011341095 1.34427618980408 0.470242500305176
v 1.01123774051666 1.34132492542267 0.471505612134933
v 1.00996255874634 1.34340274333954 0.473474413156509
v 0.996355772018433 1.41440069675446 0.480596840381622
v 0.995156645774841 1.39783954620361 0.471581161022186
v 0.989280641078949 1.40828537940979 0.4986232817173
v 0.987127363681793 1.3976503610611 0.513723492622375
v 0.985267341136932 1.38436543941498 0.526613533496857
v 0.98921799659729 1.28227174282074 0.508695304393768
v 0.991474986076355 1.27344655990601 0.515260636806488
v 0.991587817668915 1.28157484531403 0.529133081436157
v 0.996140241622925 1.2714262008667 0.532792508602142
v 0.995316028594971 1.26318645477295 0.518062651157379
v 1.00793015956879 1.24422657489777 0.514477550983429
v 1.0008305311203 1.2527391910553 0.517908334732056
v 1.0032867193222 1.26140260696411 0.535545349121094
v 1.00522077083588 1.27478718757629 0.551807165145874
v 0.998048901557922 1.2817565202713 0.546103119850159
v 1.00840604305267 1.29086315631866 0.563226521015167
v 1.01470792293549 1.26731193065643 0.559755265712738
v 1.0153181552887 1.28983020782471 0.569562673568726
v 1.02565813064575 1.23384654521942 0.551240682601929
v 1.02662670612335 1.22496604919434 0.556450486183167
v 1.02675008773804 1.23251605033875 0.573077023029327
v 1.0241938829422 1.24146962165833 0.56818425655365
v 0.992929518222809 1.2898234128952 0.539744198322296
v 0.985371530056 1.35296058654785 0.531783521175385
v 0.983410000801086 1.3526326417923 0.520235419273376
v 0.986268162727356 1.34039425849915 0.53690230846405
v 0.994961142539978 1.41395652294159 0.547047436237335
v 0.991573929786682 1.40737271308899 0.52929675579071
v 0.987612068653107 1.39276087284088 0.539247572422028
v 0.992646515369415 1.39976930618286 0.554140985012054
v 1.01423633098602 1.447674036026 0.522920787334442
v 1.00335335731506 1.43311715126038 0.500869929790497
v 0.997071206569672 1.42296838760376 0.514601111412048
v 1.00374782085419 1.43401956558228 0.533602297306061
v 0.998474836349487 1.40190362930298 0.567036986351013
v 1.00723171234131 1.40383350849152 0.584271371364594
v 1.01516842842102 1.41960644721985 0.586823165416718
v 1.00392329692841 1.41983473300934 0.566263794898987
v 1.02893221378326 1.43952679634094 0.58528208732605
v 1.01601719856262 1.44035172462463 0.560287833213806
v 1.0240204334259 1.27717792987823 0.577623069286346
v 1.02306938171387 1.29591012001038 0.579388320446014
v 1.02045488357544 1.25269019603729 0.561780869960785
v 1.02583527565002 1.26147615909576 0.578309178352356
v 1.04663825035095 1.45409953594208 0.578277111053467
v 1.03082227706909 1.45625972747803 0.550168335437775
v 1.0436429977417 1.38361775875092 0.620371758937836
v 1.03660464286804 1.40095734596252 0.614632070064545
v 1.02263617515564 1.38796067237854 0.60448431968689
v 1.03016674518585 1.37416791915894 0.611546397209167
v 1.06020021438599 1.3941239118576 0.628477454185486
v 1.05343878269196 1.41413652896881 0.620664536952972
v 1.05472016334534 1.32840883731842 0.616031527519226
v 1.0575098991394 1.31052875518799 0.607552528381348
v 1.07063853740692 1.31251811981201 0.613818168640137
v 1.06919467449188 1.33049499988556 0.623540818691254
v 0.981330513954163 1.36299300193787 0.493481278419495
v 0.983054757118225 1.35702037811279 0.488335371017456
v 0.982984066009521 1.35410189628601 0.495324015617371
v 0.98209547996521 1.35822737216949 0.502303123474121
v 0.982691526412964 1.36188054084778 0.512297391891479
v 0.984145700931549 1.36577844619751 0.524125516414642
v 0.989185333251953 1.37979960441589 0.547568798065186
v 0.993418335914612 1.38754999637604 0.560559153556824
v 1.00452268123627 1.39013159275055 0.583132743835449
v 0.997509121894836 1.38901472091675 0.570455193519592
v 1.01672005653381 1.37503659725189 0.599187970161438
v 1.02158999443054 1.36615550518036 0.603839755058289
v 1.03137028217316 1.30722856521606 0.59117865562439
v 1.03562653064728 1.28571164608002 0.589681267738342
v 1.04870271682739 1.28998756408691 0.597583889961243
v 1.04512333869934 1.30918097496033 0.600824952125549
v 1.07192027568817 1.29358243942261 0.607502579689026
v 1.06104779243469 1.29245758056641 0.602802395820618
v 1.04042899608612 1.25360465049744 0.593916952610016
v 1.04369974136353 1.24124670028687 0.599466681480408
v 1.05579543113708 1.24533343315125 0.609911322593689
v 1.0529465675354 1.25703024864197 0.603018522262573
v 1.06828045845032 1.24642777442932 0.61649078130722
v 1.0809485912323 1.24694967269897 0.617592811584473
v 1.07787835597992 1.26156878471375 0.61196905374527
v 1.06640923023224 1.2604660987854 0.609237611293793
v 1.0373295545578 1.21410584449768 0.531629264354706
v 1.03823816776276 1.20675611495972 0.535632073879242
v 1.03132319450378 1.21117603778839 0.54685515165329
v 1.03163576126099 1.21890926361084 0.54226815700531
v 1.04611206054688 1.23117756843567 0.606917917728424
v 1.05808329582214 1.2363862991333 0.617655038833618
v 1.04034411907196 1.32580280303955 0.606511890888214
v 1.03047227859497 1.32626461982727 0.59850013256073
v 1.06996822357178 1.23685169219971 0.624564409255981
v 1.06306266784668 1.27518653869629 0.603997051715851
v 1.05092930793762 1.27180504798889 0.599273443222046
v 1.08502972126007 1.2953177690506 0.609415531158447
v 1.08472716808319 1.31480574607849 0.615919470787048
v 1.00394380092621 1.32191395759583 0.470584511756897
v 1.00398910045624 1.33783411979675 0.475534945726395
v 1.00344097614288 1.34183585643768 0.475741893053055
v 1.00719380378723 1.34261918067932 0.474307596683502
v 1.00799238681793 1.33937299251556 0.473396837711334
v 1.00553774833679 1.3770649433136 0.454197078943253
v 1.00753700733185 1.36033129692078 0.455052733421326
v 0.996582329273224 1.36476111412048 0.462205052375793
v 0.995954573154449 1.3792861700058 0.463959366083145
v 0.983880221843719 1.31005144119263 0.498059898614883
v 0.988284766674042 1.31501114368439 0.487003326416016
v 0.989661872386932 1.30543112754822 0.484428465366364
v 0.987203598022461 1.29857134819031 0.492484629154205
v 0.987580001354218 1.34727048873901 0.495206743478775
v 0.985982835292816 1.34946990013123 0.495855689048767
v 0.98705393075943 1.34875595569611 0.492428451776505
v 0.990856885910034 1.28504741191864 0.493317991495132
v 0.98757141828537 1.29053246974945 0.500739753246307
v 0.987548589706421 1.32588529586792 0.538247227668762
v 0.983366847038269 1.35179960727692 0.509600698947906
v 1.03120422363281 1.45730030536652 0.507519125938416
v 1.01713979244232 1.43982100486755 0.483939707279205
v 1.06506526470184 1.46504378318787 0.567505717277527
v 1.04821705818176 1.46643161773682 0.53753787279129
v 1.07309806346893 1.42476320266724 0.623173236846924
v 1.08111381530762 1.40315103530884 0.632009983062744
v 1.10055077075958 1.40814733505249 0.631592750549316
v 1.09357249736786 1.43263220787048 0.61642974615097
v 1.08504784107208 1.3329895734787 0.625461101531982
v 1.09093523025513 1.24693667888641 0.615511894226074
v 1.08924269676208 1.26283204555511 0.610922157764435
v 1.00822138786316 1.41816353797913 0.468582481145859
v 1.00587046146393 1.39676642417908 0.458589971065521
v 0.987451255321503 1.37238776683807 0.536609947681427
v 0.9814213514328 1.32479989528656 0.513962686061859
v 0.982563257217407 1.33166432380676 0.506376206874847
v 0.982503175735474 1.32703971862793 0.50197958946228
v 0.981537878513336 1.31749331951141 0.509289383888245
v 0.984039545059204 1.31728780269623 0.524098634719849
v 0.989018440246582 1.31089162826538 0.536537647247314
v 0.995263338088989 1.30491709709167 0.550754487514496
v 1.0019109249115 1.29530191421509 0.557861566543579
v 1.01686811447144 1.40008163452148 0.597574532032013
v 1.02820980548859 1.41467046737671 0.604855537414551
v 1.04362797737122 1.43052268028259 0.60623562335968
v 1.06133162975311 1.44260048866272 0.603545844554901
v 1.01276171207428 1.38865566253662 0.594116449356079
v 1.08062648773193 1.45208239555359 0.59445720911026
v 1.00739276409149 1.29233205318451 0.460834801197052
v 1.00389540195465 1.29304945468903 0.468632459640503
v 1.00882852077484 1.29650735855103 0.459515869617462
v 1.00905883312225 1.26813268661499 0.464697360992432
v 1.01189649105072 1.26726293563843 0.461251974105835
v 1.01311850547791 1.26227378845215 0.465218186378479
v 1.00955641269684 1.2632542848587 0.468850821256638
v 1.02092945575714 1.23183786869049 0.499169051647186
v 1.01483917236328 1.23713064193726 0.507157325744629
v 1.03525757789612 1.22104072570801 0.526363253593445
v 1.03036534786224 1.22650015354156 0.536993801593781
v 1.0065221786499 1.30441975593567 0.454426437616348
v 1.00774276256561 1.30459129810333 0.453205227851868
v 1.00913524627686 1.30382347106934 0.455203175544739
v 1.00753343105316 1.30397009849548 0.456559300422668
v 1.00262153148651 1.278843998909 0.476780325174332
v 1.0092796087265 1.28370761871338 0.457339942455292
v 1.01164710521698 1.28329110145569 0.455236077308655
v 1.01234233379364 1.2799996137619 0.457176506519318
v 1.01000499725342 1.28041017055511 0.459383398294449
v 1.01436340808868 1.24949431419373 0.535696864128113
v 1.02233409881592 1.24259281158447 0.544719338417053
v 1.03228783607483 1.2358136177063 0.586255311965942
v 1.02945506572723 1.24780750274658 0.581757307052612
v 1.03785634040833 1.26839220523834 0.590563893318176
v 1.07521712779999 1.2784686088562 0.607454121112823
v 1.08601486682892 1.27842438220978 0.609162449836731
v 1.10773777961731 1.28223037719727 0.600865662097931
v 1.109330534935 1.29823279380798 0.602062702178955
v 1.09825921058655 1.29724359512329 0.608188688755035
v 1.09796714782715 1.28054440021515 0.606629490852356
v 1.02158939838409 1.2364913225174 0.521329283714294
v 1.02748620510101 1.23088848590851 0.51177704334259
v 1.03217887878418 1.22775936126709 0.520377993583679
v 1.02730774879456 1.23326814174652 0.530581057071686
v 1.01037812232971 1.30096030235291 0.451026737689972
v 1.01080656051636 1.2997282743454 0.449114859104156
v 1.01196336746216 1.29803264141083 0.452122390270233
v 1.01068675518036 1.30025923252106 0.453359603881836
v 1.0078718662262 1.30237793922424 0.458859920501709
v 1.0096834897995 1.30116653442383 0.45762574672699
v 1.00951194763184 1.29936873912811 0.458349525928497
v 1.00492215156555 1.30421674251556 0.454630017280579
v 1.00600361824036 1.303337931633 0.457475453615189
v 1.00643157958984 1.30407607555389 0.447962522506714
v 1.00494813919067 1.30435657501221 0.450902909040451
v 1.00385570526123 1.30345678329468 0.443792641162872
v 1.00991499423981 1.30231273174286 0.45289945602417
v 1.01027393341064 1.30134749412537 0.454822659492493
v 1.00851047039032 1.3031097650528 0.457660138607025
v 1.00985026359558 1.30261361598969 0.456667572259903
v 1.0072877407074 1.30444490909576 0.449934989213943
v 1.00644040107727 1.30447959899902 0.452023059129715
v 1.00723910331726 1.32591259479523 0.446965754032135
v 1.01093554496765 1.32641911506653 0.441474586725235
v 1.00835716724396 1.31894648075104 0.437795579433441
v 1.00618350505829 1.3102388381958 0.434913635253906
v 1.0076664686203 1.30250728130341 0.437980949878693
v 1.03779518604279 1.22444152832031 0.513340473175049
v 1.04069197177887 1.21767854690552 0.519120216369629
v 1.01922953128815 1.39484214782715 0.449409484863281
v 1.0170681476593 1.37501382827759 0.447519719600677
v 1.00294137001038 1.27795052528381 0.478756368160248
v 0.999517917633057 1.35812032222748 0.46865051984787
v 0.984959840774536 1.32440733909607 0.494275599718094
v 0.99917209148407 1.32374501228333 0.476667106151581
v 0.993732869625092 1.31969010829926 0.480921924114227
v 0.994916319847107 1.32780718803406 0.481903851032257
v 0.999665439128876 1.33029854297638 0.477845668792725
v 1.0076812505722 1.35493004322052 0.464273422956467
v 1.01290881633759 1.34993946552277 0.455779641866684
v 1.01324617862701 1.3494439125061 0.463540643453598
v 1.01438534259796 1.34280931949615 0.464339047670364
v 1.0125275850296 1.3406343460083 0.455870449542999
v 1.01107919216156 1.33458721637726 0.462413430213928
v 1.01242995262146 1.33806788921356 0.467737853527069
v 0.987249672412872 1.35017490386963 0.489060759544373
v 0.985773384571075 1.35176122188568 0.491193443536758
v 1.00826632976532 1.33075284957886 0.46827432513237
v 1.00425481796265 1.32729840278625 0.472852647304535
v 1.00456261634827 1.33268475532532 0.474670886993408
v 1.00890111923218 1.33503520488739 0.471403241157532
v 0.989907324314117 1.32539045810699 0.48715752363205
v 0.984443783760071 1.35055720806122 0.501585602760315
v 0.987263679504395 1.33901417255402 0.499898433685303
v 1.02260267734528 1.32990562915802 0.592313647270203
v 1.02285480499268 1.31749439239502 0.586483061313629
v 1.00714695453644 1.30477857589722 0.574493706226349
v 1.00772655010223 1.30023789405823 0.571741938591003
v 1.0149130821228 1.30364787578583 0.572217285633087
v 1.01166760921478 1.30762696266174 0.576714634895325
v 1.00634837150574 1.36121845245361 0.5862997174263
v 1.00815236568451 1.36905145645142 0.58823561668396
v 1.00402772426605 1.36874866485596 0.582063674926758
v 1.00534641742706 1.36152374744415 0.583716988563538
v 1.00189745426178 1.36354911327362 0.57764720916748
v 1.00059592723846 1.36599397659302 0.575159847736359
v 1.00098168849945 1.35790836811066 0.574549674987793
v 1.00237357616425 1.35878121852875 0.577696740627289
v 0.998289883136749 1.37653887271881 0.573367953300476
v 0.994707465171814 1.37277913093567 0.564242005348206
v 0.99789571762085 1.36155319213867 0.567960143089294
v 0.990555703639984 1.35496211051941 0.545880019664764
v 0.997050285339355 1.34590756893158 0.558553338050842
v 0.99706906080246 1.3552588224411 0.562184512615204
v 0.992692768573761 1.36599314212799 0.554881572723389
v 1.0056666135788 1.30526876449585 0.567838191986084
v 1.00280249118805 1.31222081184387 0.563241958618164
v 1.01987934112549 1.30846536159515 0.578623652458191
v 1.12014603614807 1.41348075866699 0.614898562431335
v 1.1122772693634 1.43782222270966 0.599966049194336
v 1.04760181903839 1.36572289466858 0.623524785041809
v 1.06438863277435 1.37261486053467 0.629852414131165
v 1.03439402580261 1.35896039009094 0.614415764808655
v 1.02506792545319 1.35396182537079 0.604791581630707
v 1.08197832107544 1.37951135635376 0.63424015045166
v 1.10134601593018 1.38275134563446 0.633442759513855
v 0.991176426410675 1.3377525806427 0.548621416091919
v 0.999070227146149 1.33442831039429 0.558625757694244
v 1.05129146575928 1.34621584415436 0.622330069541931
v 1.06712186336517 1.35077214241028 0.628651082515717
v 1.03822112083435 1.34247756004333 0.612189888954163
v 1.02826642990112 1.34095311164856 0.603161215782166
v 1.08557796478271 1.35729289054871 0.630736708641052
v 1.10118997097015 1.33439719676971 0.620503664016724
v 1.10354137420654 1.35670375823975 0.625836968421936
v 1.00565147399902 1.31674337387085 0.574140071868896
v 1.005047082901 1.31445503234863 0.569988369941711
v 1.0066864490509 1.30851495265961 0.571256995201111
v 1.00437033176422 1.31074750423431 0.574261724948883
v 0.993821203708649 1.323002576828 0.550359845161438
v 1.00050222873688 1.32299494743347 0.561141788959503
v 1.00943410396576 1.33287417888641 0.450789272785187
v 1.01589250564575 1.34153068065643 0.448221951723099
v 1.01333165168762 1.33385908603668 0.44484007358551
v 1.01744675636292 1.3499528169632 0.449962466955185
v 1.0660640001297 1.46802914142609 0.5217165350914
v 1.04923963546753 1.45918393135071 0.494078546762466
v 1.09960222244263 1.45754599571228 0.578511297702789
v 1.08351540565491 1.46847295761108 0.550936043262482
v 1.0154219865799 1.25379526615143 0.464719951152802
v 1.0137757062912 1.24056267738342 0.468211114406586
v 1.01021003723145 1.29164123535156 0.456110239028931
v 1.01253652572632 1.29078459739685 0.454253792762756
v 1.01189863681793 1.28687739372253 0.454589605331421
v 1.00950968265533 1.28759586811066 0.456609278917313
v 1.00716638565063 1.35235559940338 0.470199912786484
v 1.09975790977478 1.3158848285675 0.613210439682007
v 1.09964275360107 1.26425957679749 0.607070028781891
v 1.10109663009644 1.24775695800781 0.611511588096619
v 1.0827488899231 1.23554396629333 0.625853896141052
v 1.09422183036804 1.23427164554596 0.622837722301483
v 1.01271498203278 1.29454410076141 0.453465402126312
v 1.01088786125183 1.29537868499756 0.455551981925964
v 1.00879693031311 1.30396318435669 0.450881659984589
v 1.00703608989716 1.28055799007416 0.463425904512405
v 1.01092112064362 1.29824244976044 0.455059349536896
v 1.01037907600403 1.30032420158386 0.455328643321991
v 1.0134003162384 1.29719245433807 0.450674653053284
v 1.0140552520752 1.29411458969116 0.452643573284149
v 0.999661326408386 1.33643853664398 0.478222548961639
v 0.999238789081573 1.34116125106812 0.477930426597595
v 1.00812351703644 1.30089914798737 0.446096211671829
v 1.008833527565 1.30241966247559 0.448509097099304
v 1.01079273223877 1.29972743988037 0.443992614746094
v 1.02746474742889 1.21643257141113 0.561978697776794
v 1.02884364128113 1.22233366966248 0.578647017478943
v 1.01343607902527 1.28303015232086 0.454117268323898
v 1.01411473751068 1.27955174446106 0.455899953842163
v 1.03402972221375 1.4410560131073 0.469773232936859
v 1.11694717407227 1.33087611198425 0.612817764282227
v 1.11921262741089 1.35236656665802 0.618273019790649
v 1.00075483322144 1.34027123451233 0.566393733024597
v 1.00203216075897 1.33717882633209 0.572129607200623
v 1.00195789337158 1.34460341930389 0.573496997356415
v 1.00018680095673 1.34789943695068 0.567867159843445
v 1.04312300682068 1.21077418327332 0.524222791194916
v 1.0354917049408 1.22672665119171 0.593833208084106
v 1.10517144203186 1.23456144332886 0.618268966674805
v 0.988141477108002 1.34563148021698 0.495737493038177
v 0.988828122615814 1.34402823448181 0.494466364383698
v 1.0055410861969 1.35009896755219 0.472818851470947
v 1.12464165687561 1.37944889068604 0.622896730899811
v 1.0071736574173 1.27348506450653 0.46715372800827
v 1.00866341590881 1.27736043930054 0.466320097446442
v 1.10869944095612 1.26586663722992 0.601993560791016
v 1.03332364559174 1.22772574424744 0.505159556865692
v 1.01170599460602 1.29893505573273 0.447749555110931
v 1.11179602146149 1.31419038772583 0.607055842876434
v 1.00327384471893 1.35239434242249 0.580601811408997
v 1.00076472759247 1.35032975673676 0.578760206699371
v 1.00161349773407 1.347008228302 0.579163193702698
v 1.00347244739532 1.34799540042877 0.579522728919983
v 0.997699379920959 1.35266423225403 0.575498521327972
v 0.997997343540192 1.34967398643494 0.578010737895966
v 0.996926546096802 1.3529646396637 0.579496562480927
v 0.997151970863342 1.35645616054535 0.577371835708618
v 1.00010991096497 1.35376739501953 0.570931911468506
v 0.999078750610352 1.34855008125305 0.574067771434784
v 0.996960461139679 1.35534501075745 0.581386029720306
v 0.996342539787292 1.35781395435333 0.580085456371307
v 0.998985648155212 1.35963380336761 0.579589128494263
v 1.00386619567871 1.36037981510162 0.580878436565399
v 0.996089041233063 1.35949862003326 0.58404153585434
v 0.99992161989212 1.36180675029755 0.58380115032196
v 0.996439039707184 1.35993087291718 0.589540958404541
v 1.0014716386795 1.36263942718506 0.588941514492035
v 0.998283684253693 1.35805153846741 0.594982147216797
v 1.0041298866272 1.35990047454834 0.593955755233765
v 1.00324106216431 1.32160639762878 0.56895387172699
v 1.00551855564117 1.3231372833252 0.575125575065613
v 0.999813199043274 1.3534095287323 0.59872043132782
v 1.00623214244843 1.35406541824341 0.596964120864868
v 1.00145125389099 1.34690296649933 0.601094007492065
v 1.00726461410522 1.34726357460022 0.598616242408752
v 1.00297820568085 1.33991146087646 0.600534319877625
v 1.00791144371033 1.34038031101227 0.599314332008362
v 1.00406742095947 1.33233022689819 0.599679827690125
v 1.00927364826202 1.33089554309845 0.598875761032104
v 1.00462889671326 1.32465720176697 0.596582591533661
v 1.00996196269989 1.3211510181427 0.595802426338196
v 0.999771237373352 1.35811936855316 0.589072704315186
v 1.00104224681854 1.35591745376587 0.593234121799469
v 1.00945436954498 1.35772264003754 0.587350428104401
v 0.998273015022278 1.35790324211121 0.58443284034729
v 1.00619924068451 1.34352445602417 0.585155963897705
v 1.00837540626526 1.34649586677551 0.584303855895996
v 1.00791835784912 1.34480929374695 0.584313750267029
v 1.00953662395477 1.34373879432678 0.586194932460785
v 1.00322270393372 1.32986187934875 0.573121786117554
v 1.00384676456451 1.33033001422882 0.577236533164978
v 1.00319015979767 1.33579814434052 0.576031923294067
v 1.0056756734848 1.32646679878235 0.57749992609024
v 1.00701153278351 1.3280656337738 0.577703058719635
v 1.00683796405792 1.33158159255981 0.576667308807373
v 1.00702810287476 1.33615779876709 0.575793921947479
v 1.00787770748138 1.32726097106934 0.579700410366058
v 1.00650560855865 1.32534527778625 0.580041170120239
v 1.00890731811523 1.32837808132172 0.579295694828033
v 1.00854599475861 1.3289669752121 0.57804673910141
v 1.00955510139465 1.33151948451996 0.577996253967285
v 1.00984025001526 1.33523333072662 0.579635262489319
v 1.00175762176514 1.33115017414093 0.567145347595215
v 1.0154972076416 1.33259356021881 0.588466286659241
v 1.01627123355865 1.32290506362915 0.585180878639221
v 1.00453555583954 1.31874132156372 0.590981721878052
v 1.0078752040863 1.31242752075195 0.590125381946564
v 1.00335884094238 1.30748426914215 0.578720986843109
v 1.00467073917389 1.30664110183716 0.584707379341125
v 1.01238787174225 1.35322797298431 0.589169859886169
v 1.01356077194214 1.34729385375977 0.591049075126648
v 1.0146803855896 1.31490802764893 0.580259919166565
v 1.0145308971405 1.34048998355865 0.591676294803619
v 1.00482988357544 1.32841491699219 0.594171524047852
v 1.00545644760132 1.32437646389008 0.589805245399475
v 1.00436925888062 1.33387100696564 0.597051799297333
v 1.00526535511017 1.32204008102417 0.579688191413879
v 1.00391268730164 1.31560730934143 0.579395234584808
v 1.00352013111115 1.3161633014679 0.585248291492462
v 1.00594663619995 1.3224960565567 0.58478319644928
v 1.00436627864838 1.33109474182129 0.591335535049438
v 1.00635385513306 1.32815206050873 0.587883114814758
v 1.00676202774048 1.33378100395203 0.589149057865143
v 1.00866329669952 1.331263422966 0.586130499839783
v 1.00861632823944 1.32863330841064 0.582503080368042
v 1.00716328620911 1.32630681991577 0.58376681804657
v 1.01185750961304 1.33373713493347 0.58390474319458
v 1.00953018665314 1.33703255653381 0.586630582809448
v 1.01039111614227 1.3302526473999 0.580950915813446
v 1.00474524497986 1.33675396442413 0.590557336807251
v 1.00314235687256 1.34078288078308 0.591789543628693
v 1.00354301929474 1.34263980388641 0.587894558906555
v 1.00653445720673 1.33973836898804 0.587758123874664
v 1.00415754318237 1.34017038345337 0.598010778427124
v 1.00256168842316 1.34000086784363 0.59527862071991
v 1.00366711616516 1.33513534069061 0.593895852565765
v 1.00182223320007 1.34543633460999 0.595418334007263
v 1.00341475009918 1.34660053253174 0.597843050956726
v 1.00214767456055 1.34497261047363 0.592494308948517
v 1.00236451625824 1.34558796882629 0.589834630489349
v 1.00046694278717 1.35362815856934 0.591646194458008
v 1.00122451782227 1.35017776489258 0.593955039978027
v 1.00202751159668 1.35219120979309 0.596265077590942
v 1.00100779533386 1.34853172302246 0.591606438159943
v 1.00086009502411 1.35122179985046 0.589738965034485
v 1.00164699554443 1.34934508800507 0.588616013526917
v 1.00168180465698 1.34791564941406 0.590263903141022
v 0.999149739742279 1.35525512695312 0.581647574901581
v 0.999556720256805 1.35329568386078 0.57976222038269
v 0.999683499336243 1.35597467422485 0.584511518478394
v 1.00098478794098 1.3566220998764 0.58285516500473
v 1.00102984905243 1.3539252281189 0.584215641021729
v 1.00209808349609 1.35542321205139 0.5818230509758
v 1.00173997879028 1.35183894634247 0.583420813083649
v 1.00337696075439 1.34878611564636 0.58237612247467
v 1.03656828403473 1.1901650428772 0.540430307388306
v 1.03772521018982 1.19862020015717 0.538676917552948
v 1.04625356197357 1.19538354873657 0.530478358268738
v 1.0468670129776 1.18753564357758 0.531825602054596
v 1.00154900550842 1.35052871704102 0.585967183113098
v 1.00097405910492 1.35288953781128 0.587108135223389
v 1.00039410591125 1.35572838783264 0.588272929191589
v 1.00386154651642 1.34584307670593 0.585321247577667
v 1.00307881832123 1.34525740146637 0.586847722530365
v 1.00234270095825 1.34701418876648 0.587503015995026
v 1.00288963317871 1.34795343875885 0.585171759128571
v 1.00353980064392 1.34002256393433 0.575934290885925
v 1.00642836093903 1.33923983573914 0.57838362455368
v 1.00847172737122 1.33793902397156 0.582248151302338
v 1.02004194259644 1.18286168575287 0.579765200614929
v 1.01771819591522 1.19021356105804 0.600618183612823
v 1.02245783805847 1.19796848297119 0.59685605764389
v 1.02478337287903 1.19135403633118 0.577551066875458
v 1.0023558139801 1.16436982154846 0.571831703186035
v 0.994092702865601 1.14957761764526 0.561615824699402
v 0.983581125736237 1.15502166748047 0.583714842796326
v 0.996410608291626 1.17152678966522 0.603594064712524
v 0.975516974925995 1.13859677314758 0.568214893341064
v 0.987375259399414 1.13373923301697 0.550202012062073
v 0.955961346626282 1.09098935127258 0.529221653938293
v 0.96226841211319 1.10631048679352 0.541633188724518
v 0.974299132823944 1.10413074493408 0.52706652879715
v 0.968007922172546 1.08902192115784 0.51568078994751
v 0.918228507041931 1.01321458816528 0.504158496856689
v 0.926208019256592 1.01476275920868 0.494070529937744
v 0.932770490646362 0.99806797504425 0.48923397064209
v 0.924235284328461 0.993990957736969 0.500741064548492
v 0.932266235351562 1.11628937721252 0.615317583084106
v 0.927533745765686 1.10667252540588 0.622079133987427
v 0.930268883705139 1.12455725669861 0.636114418506622
v 0.936256527900696 1.13357257843018 0.629361391067505
v 1.02385699748993 1.19788730144501 0.653820872306824
v 1.02954971790314 1.20145153999329 0.64777135848999
v 1.01759648323059 1.19033920764923 0.626593112945557
v 1.00987184047699 1.18662333488464 0.631827175617218
v 0.910032749176025 1.02651500701904 0.573883175849915
v 0.90982323884964 1.03697848320007 0.56495589017868
v 0.9075767993927 1.0250631570816 0.554532110691071
v 0.907570421695709 1.01425278186798 0.561584293842316
v 0.925954580307007 0.931097745895386 0.538157045841217
v 0.931142687797546 0.930437207221985 0.517074763774872
v 0.930199563503265 0.911246836185455 0.512817800045013
v 0.925113260746002 0.911641180515289 0.534928321838379
v 0.931786000728607 0.951476335525513 0.61905175447464
v 0.93115109205246 0.933908939361572 0.614644289016724
v 0.945841014385223 0.932635486125946 0.637882113456726
v 0.94697892665863 0.948981642723083 0.642198324203491
v 0.93768709897995 1.09254741668701 0.555924475193024
v 0.943455636501312 1.10856735706329 0.570064723491669
v 0.952025532722473 1.10763764381409 0.556283295154572
v 0.945863604545593 1.09237837791443 0.542879283428192
v 0.830322980880737 1.10808825492859 0.78627872467041
v 0.84671151638031 1.1163694858551 0.768991768360138
v 0.843037307262421 1.10086762905121 0.75951361656189
v 0.826487839221954 1.09289658069611 0.777261793613434
v 0.914019882678986 0.848931670188904 0.583225190639496
v 0.909237027168274 0.832179427146912 0.577016949653625
v 0.918900310993195 0.835349798202515 0.602932929992676
v 0.92463356256485 0.851412653923035 0.607289910316467
v 0.923872828483582 1.16903591156006 0.70888489484787
v 0.93620491027832 1.17708206176758 0.729097843170166
v 0.946137368679047 1.18371772766113 0.720019102096558
v 0.932562232017517 1.17527759075165 0.698720574378967
v 0.922007322311401 1.07956612110138 0.597984671592712
v 0.924120843410492 1.09234118461609 0.609170198440552
v 0.92760157585144 1.1015213727951 0.602230489253998
v 0.924299716949463 1.08690750598907 0.589987099170685
v 0.949504137039185 0.98037189245224 0.656711637973785
v 0.952534139156342 0.997347295284271 0.663941264152527
v 0.939857065677643 1.0002908706665 0.646984577178955
v 0.934780061244965 0.983147144317627 0.637783110141754
v 0.931868195533752 0.966980695724487 0.628666400909424
v 0.947270095348358 0.96405428647995 0.649516046047211
v 0.926936388015747 1.08965992927551 0.579995155334473
v 0.932294547557831 1.10704672336578 0.59408175945282
v 0.937250018119812 1.10817694664001 0.582776546478271
v 0.931440234184265 1.09154796600342 0.568324089050293
v 0.942713558673859 0.982862293720245 0.486754357814789
v 0.932543516159058 0.978058040142059 0.500759899616241
v 0.906174123287201 0.827433168888092 0.549447655677795
v 0.909324944019318 0.844961881637573 0.556489706039429
v 0.911856532096863 0.840009570121765 0.530854344367981
v 0.909639835357666 0.821984887123108 0.523610770702362
v 0.940416097640991 0.947949886322021 0.502070844173431
v 0.93221378326416 0.948098123073578 0.51982706785202
v 0.929506957530975 0.963544309139252 0.517655909061432
v 0.938614726066589 0.964144229888916 0.502145230770111
v 0.918094635009766 0.817592024803162 0.499510109424591
v 0.919397830963135 0.835786998271942 0.506900727748871
v 0.928923845291138 0.832857549190521 0.484369069337845
v 0.927545130252838 0.81246280670166 0.476658642292023
v 0.968742609024048 1.12232530117035 0.554256677627563
v 0.980788588523865 1.11885547637939 0.538527369499207
v 0.909026861190796 1.01357650756836 0.527072429656982
v 0.912358105182648 1.01296365261078 0.515421450138092
v 0.91729736328125 0.993213593959808 0.512878000736237
v 0.912339210510254 0.994731724262238 0.525193214416504
v 0.929634630680084 1.07638800144196 0.633544564247131
v 0.932043612003326 1.08895862102509 0.647666573524475
v 0.925881326198578 1.11002898216248 0.644995093345642
v 0.925481915473938 1.09296298027039 0.628325581550598
v 0.913131415843964 0.818872392177582 0.598920404911041
v 0.904376327991486 0.815459787845612 0.571819722652435
v 0.916654884815216 0.797980725765228 0.494511634111404
v 0.926709890365601 0.792012631893158 0.47207298874855
v 0.95292204618454 1.06578814983368 0.699579954147339
v 0.949356317520142 1.07250285148621 0.69193834066391
v 0.953835725784302 1.06500768661499 0.685120105743408
v 0.95733368396759 1.06016361713409 0.694160580635071
v 0.958697617053986 1.01556837558746 0.471204906702042
v 0.952195644378662 0.995022416114807 0.475640445947647
v 0.940015256404877 1.00867140293121 0.481772541999817
v 0.945475459098816 1.0254168510437 0.480401784181595
v 0.91844230890274 0.978459715843201 0.528435230255127
v 0.924357295036316 0.977104306221008 0.514844298362732
v 0.922904014587402 0.964839398860931 0.533725917339325
v 0.975244522094727 1.00442564487457 0.464661002159119
v 0.968515157699585 0.978425741195679 0.471629410982132
v 0.993802666664124 1.11476540565491 0.523264646530151
v 0.988022148609161 1.10091876983643 0.512957453727722
v 0.999744176864624 1.1291925907135 0.532833218574524
v 1.00576531887054 1.14430737495422 0.541071355342865
v 1.01839005947113 1.14009618759155 0.524277448654175
v 1.01302599906921 1.12499797344208 0.516995787620544
v 1.01208472251892 1.15879535675049 0.548584818840027
v 1.02379047870636 1.15458130836487 0.53041410446167
v 1.02679097652435 1.17643058300018 0.558979272842407
v 1.03060185909271 1.185182929039 0.558991312980652
v 0.923388600349426 1.07993125915527 0.616045117378235
v 0.921831369400024 1.06794416904449 0.60580039024353
v 0.9077308177948 0.803799033164978 0.518479764461517
v 1.06933224201202 1.11483061313629 0.714012980461121
v 1.0542094707489 1.11870276927948 0.718670189380646
v 1.05568838119507 1.10250103473663 0.717249631881714
v 1.07063579559326 1.09796535968781 0.71404492855072
v 1.00042951107025 1.18867194652557 0.641111135482788
v 1.01820361614227 1.19777047634125 0.66106653213501
v 0.989162385463715 1.06075072288513 0.718718111515045
v 0.986288070678711 1.05513536930084 0.714333891868591
v 0.99517947435379 1.05063199996948 0.711820185184479
v 0.999214470386505 1.05757761001587 0.715501308441162
v 0.960661888122559 1.05873787403107 0.71414577960968
v 0.963303506374359 1.05934238433838 0.720563232898712
v 0.95325630903244 1.05616998672485 0.730498135089874
v 0.949579954147339 1.05605638027191 0.724704504013062
v 0.933941841125488 0.837569713592529 0.62386018037796
v 0.941015481948853 0.853086113929749 0.627916216850281
v 1.00519740581512 0.957050144672394 0.685309290885925
v 1.00231003761292 0.974498808383942 0.690537750720978
v 0.982611298561096 0.968111872673035 0.68085777759552
v 0.983985900878906 0.951130390167236 0.675243496894836
v 1.13262021541595 1.09614944458008 0.661167860031128
v 1.12270212173462 1.09830152988434 0.673889815807343
v 1.12239849567413 1.08305108547211 0.674789786338806
v 1.1325968503952 1.08072459697723 0.662343740463257
v 1.09708523750305 1.12112414836884 0.696337103843689
v 1.11014258861542 1.11655712127686 0.684338212013245
v 1.10966432094574 1.13109660148621 0.68311220407486
v 1.09516537189484 1.1364654302597 0.695004105567932
v 1.08466374874115 1.11008727550507 0.707006633281708
v 1.08560132980347 1.09332406520844 0.708104908466339
v 0.965033173561096 0.981528878211975 0.672277450561523
v 0.965829908847809 0.997481822967529 0.678146719932556
v 0.96783059835434 1.02118456363678 0.687942862510681
v 0.968019664287567 1.03061127662659 0.691277801990509
v 0.958721041679382 1.0320645570755 0.680546462535858
v 0.957337141036987 1.02254843711853 0.676277339458466
v 1.03521227836609 1.20665395259857 0.641614019870758
v 1.04429745674133 1.20751297473907 0.66639518737793
v 1.05088603496552 1.21262645721436 0.659229218959808
v 1.10008895397186 1.18404459953308 0.66818106174469
v 1.09005403518677 1.18899464607239 0.671455919742584
v 1.09087789058685 1.18163013458252 0.677017748355865
v 1.10298383235931 1.17690002918243 0.671534717082977
v 1.11012578010559 1.01402997970581 0.677560865879059
v 1.10165154933929 0.992237508296967 0.675854921340942
v 1.1197282075882 0.992900371551514 0.663753867149353
v 1.12546813488007 1.01358962059021 0.665603518486023
v 0.975431621074677 1.03903651237488 0.701128363609314
v 0.983362078666687 1.04116725921631 0.70575886964798
v 0.978635668754578 1.0479770898819 0.707156717777252
v 0.9727743268013 1.04586350917816 0.702862143516541
v 0.986121535301208 1.03447306156158 0.705007553100586
v 0.977272570133209 1.03139781951904 0.698993682861328
v 0.978338360786438 1.02247595787048 0.696602523326874
v 0.98921126127243 1.02574861049652 0.702934443950653
v 0.998245716094971 0.989960908889771 0.693917751312256
v 0.994106888771057 1.0049684047699 0.6977898478508
v 0.979750752449036 1.00053119659424 0.688979506492615
v 0.980858683586121 0.984845101833344 0.684838056564331
v 1.10082685947418 0.92541092634201 0.648443043231964
v 1.10722672939301 0.947432935237885 0.654668211936951
v 1.09052228927612 0.946094751358032 0.665632307529449
v 1.08490085601807 0.923354387283325 0.659682095050812
v 0.933748841285706 1.08721280097961 0.690496563911438
v 0.919313192367554 1.08357572555542 0.702108025550842
v 0.913702130317688 1.09525942802429 0.696526706218719
v 0.926834583282471 1.09771060943604 0.686152458190918
v 0.957763314247131 1.06312048435211 0.750140786170959
v 0.96039867401123 1.06821417808533 0.753865897655487
v 0.953274726867676 1.06726813316345 0.762414813041687
v 0.951394617557526 1.06207668781281 0.759107232093811
v 0.905062913894653 1.06398344039917 0.721693098545074
v 0.887240648269653 1.05370664596558 0.734692454338074
v 0.883303225040436 1.06730961799622 0.72757613658905
v 0.901689648628235 1.07619822025299 0.713874042034149
v 1.03126919269562 1.19446086883545 0.688421368598938
v 1.03512978553772 1.1983630657196 0.681737959384918
v 1.01251065731049 1.19828009605408 0.669320225715637
v 0.928830862045288 1.05618894100189 0.722652554512024
v 0.933623075485229 1.05113434791565 0.729126930236816
v 0.921269774436951 1.041468501091 0.742520928382874
v 0.914465427398682 1.04600429534912 0.735169351100922
v 0.838074445724487 1.1189649105072 0.799723625183105
v 0.854853332042694 1.12639677524567 0.782908380031586
v 0.875480175018311 1.03412854671478 0.757066369056702
v 0.892219543457031 1.04272544384003 0.742301225662231
v 0.899285018444061 1.03491497039795 0.75024676322937
v 0.883122324943542 1.02736663818359 0.767045319080353
v 0.984360933303833 0.935032188892365 0.670310616493225
v 1.00630784034729 0.939851820468903 0.679194688796997
v 0.974477052688599 0.838619649410248 0.64953488111496
v 0.982768058776855 0.855402290821075 0.65270584821701
v 0.961413621902466 0.854650616645813 0.643129348754883
v 0.953101336956024 0.838605999946594 0.639598608016968
v 0.928081512451172 0.820996403694153 0.620836496353149
v 0.967629671096802 0.820746123790741 0.646778583526611
v 0.946585536003113 0.821645438671112 0.636800646781921
v 1.05687522888184 1.22201561927795 0.638837337493896
v 1.05479288101196 1.21740567684174 0.649757623672485
v 1.07234525680542 1.21434259414673 0.655879974365234
v 1.07208979129791 1.22199249267578 0.645253419876099
v 0.894721388816833 0.71075165271759 0.622385323047638
v 0.880426049232483 0.7086301445961 0.595537722110748
v 0.876498281955719 0.679829359054565 0.597996592521667
v 0.892307639122009 0.680346369743347 0.626215815544128
v 1.10350251197815 1.20192396640778 0.649058043956757
v 1.10077786445618 1.21319127082825 0.640193223953247
v 1.08708786964417 1.21764588356018 0.644326984882355
v 1.08805513381958 1.20754885673523 0.654156684875488
v 0.897345662117004 0.737310945987701 0.620514750480652
v 0.884434282779694 0.733452498912811 0.593877673149109
v 1.04339361190796 1.2162139415741 0.624824643135071
v 1.03952991962433 1.21120643615723 0.633920133113861
v 1.03226339817047 1.21039807796478 0.609083294868469
v 1.02806866168976 1.20415472984314 0.616320252418518
v 1.02682042121887 1.20540654659271 0.591488301753998
v 0.872679948806763 0.701914727687836 0.567726612091064
v 0.867027521133423 0.674317896366119 0.569544196128845
v 1.07100582122803 1.22929394245148 0.633926630020142
v 1.08497202396393 1.22668242454529 0.634832501411438
v 1.09767055511475 1.22395884990692 0.631738066673279
v 1.10968351364136 1.22344207763672 0.625840902328491
v 1.12121176719666 1.22303915023804 0.618786752223969
v 1.11597609519958 1.23465824127197 0.612330436706543
v 0.907487273216248 0.80296802520752 0.595361888408661
v 0.921302735805511 0.804719865322113 0.61939537525177
v 0.948681831359863 0.567397713661194 0.672117948532104
v 0.939184010028839 0.549643754959106 0.659601390361786
v 0.972645223140717 0.544907212257385 0.658883929252625
v 0.97785496711731 0.562053263187408 0.672846794128418
v 1.04498136043549 0.567575454711914 0.654482364654541
v 1.00961291790009 0.561181247234344 0.666820645332336
v 1.00690925121307 0.546186923980713 0.650308132171631
v 1.04119062423706 0.552439868450165 0.636303663253784
v 1.0593558549881 0.696452140808105 0.677050292491913
v 1.05896615982056 0.717473745346069 0.670615375041962
v 1.03137147426605 0.719802558422089 0.678363919258118
v 1.03146767616272 0.698446035385132 0.685539603233337
v 0.939932107925415 0.804999530315399 0.636383354663849
v 0.960531711578369 0.803594470024109 0.64734935760498
v 0.90070515871048 0.799050569534302 0.567689716815948
v 0.843446969985962 0.546349406242371 0.546826124191284
v 0.842304170131683 0.513100385665894 0.548384010791779
v 0.850683212280273 0.514463424682617 0.587136507034302
v 0.849928200244904 0.54743492603302 0.589181900024414
v 0.900119066238403 0.508291721343994 0.636860728263855
v 0.934414088726044 0.504999041557312 0.642949938774109
v 0.936010360717773 0.528589367866516 0.650388062000275
v 0.900662422180176 0.535857737064362 0.643316447734833
v 0.938121199607849 0.786751985549927 0.451076477766037
v 0.938232958316803 0.765047550201416 0.449088275432587
v 0.926279783248901 0.772044241428375 0.469485282897949
v 0.985056221485138 0.772681713104248 0.409154951572418
v 0.986758887767792 0.749626457691193 0.407975554466248
v 0.96881240606308 0.754078030586243 0.417953103780746
v 0.966553688049316 0.777248203754425 0.41950923204422
v 0.984949827194214 0.632183492183685 0.430406272411346
v 0.980553448200226 0.657590508460999 0.428979784250259
v 0.995007038116455 0.654765963554382 0.422008275985718
v 0.996793210506439 0.631157517433167 0.425117701292038
v 0.872252404689789 0.694012880325317 0.539213240146637
v 0.87937605381012 0.717610001564026 0.539178252220154
v 0.888599276542664 0.707114458084106 0.512596189975739
v 0.883026003837585 0.684550642967224 0.511132836341858
v 1.00588655471802 0.534964501857758 0.63221687078476
v 1.03559231758118 0.542438268661499 0.615142405033112
v 0.851400792598724 0.546791553497314 0.506265759468079
v 0.847494184970856 0.512265563011169 0.507448077201843
v 0.867064356803894 0.510058522224426 0.475131392478943
v 0.870590209960938 0.544674873352051 0.475395321846008
v 0.899384617805481 0.540055513381958 0.457789719104767
v 0.897326827049255 0.507574081420898 0.457181245088577
v 1.0080019235611 0.549006819725037 0.469377547502518
v 1.00659549236298 0.545264005661011 0.473323494195938
v 0.985654652118683 0.56401538848877 0.456783413887024
v 0.989667892456055 0.572506725788116 0.450382083654404
v 1.05376064777374 0.606956243515015 0.676719963550568
v 1.02321088314056 0.604211449623108 0.687746703624725
v 1.01716673374176 0.581656515598297 0.679543137550354
v 1.04970586299896 0.586589694023132 0.668137192726135
v 0.982451915740967 0.801193475723267 0.652986824512482
v 0.989245533943176 0.819137573242188 0.651438534259796
v 1.01023173332214 0.817735552787781 0.651549458503723
v 1.01708626747131 0.837519288063049 0.65306568145752
v 0.995842039585114 0.838107287883759 0.654029786586761
v 1.05155289173126 0.955725491046906 0.682581901550293
v 1.05070269107819 0.973987936973572 0.691025495529175
v 1.0271612405777 0.963508665561676 0.68994152545929
v 1.02848088741302 0.947153747081757 0.683217763900757
v 1.11034345626831 1.10141003131866 0.685496807098389
v 1.11006724834442 1.08596158027649 0.686972618103027
v 0.972131252288818 0.507075071334839 0.637349963188171
v 0.962646782398224 0.478522270917892 0.6336550116539
v 0.995215713977814 0.480844229459763 0.617374897003174
v 1.01052856445312 0.515679955482483 0.614569544792175
v 0.898404717445374 0.47925865650177 0.631587386131287
v 0.870545387268066 0.513428330421448 0.6185222864151
v 0.871719837188721 0.481997787952423 0.614708423614502
v 0.841768622398376 0.48002365231514 0.546318888664246
v 0.851228296756744 0.481689274311066 0.584846019744873
v 0.866037547588348 0.475524455308914 0.474545657634735
v 0.896982610225677 0.474218040704727 0.458257555961609
v 0.989275932312012 0.49576410651207 0.476341634988785
v 0.988377392292023 0.470390230417252 0.483350425958633
v 0.962584674358368 0.471204280853271 0.467984139919281
v 0.962914228439331 0.498568058013916 0.462727338075638
v 0.950235903263092 0.631280243396759 0.450876861810684
v 0.940943002700806 0.614695191383362 0.455354571342468
v 0.917414486408234 0.63591068983078 0.468776732683182
v 0.922186493873596 0.656020224094391 0.469660609960556
v 0.965140342712402 0.800923466682434 0.422315716743469
v 0.980363130569458 0.795914232730865 0.412961542606354
v 0.93844199180603 0.808710813522339 0.45518097281456
v 0.951157510280609 0.805122077465057 0.436271965503693
v 0.951602458953857 0.781743824481964 0.43312019109726
v 0.964896619319916 0.892299830913544 0.44464522600174
v 0.965406239032745 0.871480524539948 0.43732762336731
v 0.950477838516235 0.87199991941452 0.455500811338425
v 0.949659109115601 0.892050683498383 0.463472783565521
v 0.949114859104156 0.912777364253998 0.471508055925369
v 0.965143859386444 0.913339912891388 0.452856719493866
v 0.97027063369751 0.953379809856415 0.470304638147354
v 0.953056991100311 0.950109124183655 0.485360622406006
v 0.951486527919769 0.968102753162384 0.486627399921417
v 1.00760221481323 1.11026263237 0.508427143096924
v 1.0023707151413 1.09607708454132 0.499860048294067
v 0.865838825702667 0.667618274688721 0.538298666477203
v 1.02957451343536 0.508761048316956 0.580817043781281
v 1.01832222938538 0.478662997484207 0.589517176151276
v 1.02471423149109 0.475601643323898 0.558570921421051
v 1.02952015399933 0.501834154129028 0.549935460090637
v 0.878612518310547 0.725714564323425 0.566219508647919
v 0.902818202972412 0.810080885887146 0.544044613838196
v 0.90044379234314 0.793063461780548 0.540419697761536
v 0.921488702297211 0.957870304584503 0.588887989521027
v 0.923833429813385 0.935590744018555 0.58761328458786
v 0.933026134967804 1.0187269449234 0.488306134939194
v 0.935129284858704 1.03136539459229 0.490418374538422
v 0.87024462223053 0.544293701648712 0.623433768749237
v 0.866945624351501 0.443778425455093 0.475623488426208
v 0.896961152553558 0.441933304071426 0.461597591638565
v 0.898918986320496 0.41073739528656 0.464868128299713
v 0.868852019309998 0.413395643234253 0.477798342704773
v 1.00205099582672 0.442969471216202 0.513174593448639
v 0.995094954967499 0.413611948490143 0.521788477897644
v 0.981481075286865 0.413921177387238 0.499435365200043
v 0.985838413238525 0.442468464374542 0.491635948419571
v 0.987857520580292 0.384178519248962 0.527835607528687
v 0.982324004173279 0.355164229869843 0.5337935090065
v 0.972369015216827 0.353602290153503 0.511867940425873
v 0.976083517074585 0.383295774459839 0.504725158214569
v 0.845903277397156 0.477520108222961 0.506776869297028
v 0.843602299690247 0.41841197013855 0.539482355117798
v 0.842245936393738 0.448654353618622 0.542468428611755
v 0.847437143325806 0.445689082145691 0.50557142496109
v 0.848979115486145 0.415414750576019 0.505370676517487
v 0.929950773715973 0.477644413709641 0.637292385101318
v 1.00875616073608 0.494641304016113 0.495341211557388
v 1.00630140304565 0.470777153968811 0.503993511199951
v 1.00121688842773 0.414074659347534 0.570873022079468
v 1.01374113559723 0.444763392210007 0.565563321113586
v 1.00459265708923 0.446080833673477 0.594549775123596
v 0.991341352462769 0.415385007858276 0.597299516201019
v 0.889505565166473 0.423619955778122 0.62178510427475
v 0.894377589225769 0.45124351978302 0.626144051551819
v 0.869282126426697 0.452647387981415 0.608100891113281
v 0.866459250450134 0.424166560173035 0.603141963481903
v 0.851356029510498 0.451361000537872 0.578448534011841
v 0.851287007331848 0.42199432849884 0.573749601840973
v 0.845936834812164 0.360333979129791 0.53415834903717
v 0.844915390014648 0.388960123062134 0.537310540676117
v 0.851497173309326 0.385699510574341 0.504873514175415
v 0.85459578037262 0.356535196304321 0.503925561904907
v 0.850660264492035 0.3648841381073 0.566800057888031
v 0.850975871086121 0.393344879150391 0.570379912853241
v 0.861513733863831 0.368860304355621 0.593929171562195
v 0.863881707191467 0.396351993083954 0.598516702651978
v 0.880696654319763 0.370094299316406 0.611642301082611
v 0.884737074375153 0.39663177728653 0.617318391799927
v 0.903141260147095 0.369408011436462 0.621210277080536
v 0.909514188766479 0.394903242588043 0.62625527381897
v 0.935918509960175 0.392714560031891 0.625279784202576
v 0.92703253030777 0.367064476013184 0.621206343173981
v 0.949439525604248 0.36437600851059 0.613125145435333
v 0.960022687911987 0.390337586402893 0.615880370140076
v 0.980224668979645 0.358445227146149 0.579038739204407
v 0.989867091178894 0.38527113199234 0.575095772743225
v 0.979506313800812 0.387264490127563 0.598738014698029
v 0.968641400337219 0.361180365085602 0.599278807640076
v 0.943851590156555 0.25768506526947 0.598005890846252
v 0.955620586872101 0.284048795700073 0.594506025314331
v 0.938441276550293 0.288757145404816 0.604219973087311
v 0.927097260951996 0.262742221355438 0.604905664920807
v 0.910947203636169 0.267418324947357 0.611706793308258
v 0.920908570289612 0.292513787746429 0.60988461971283
v 0.903408050537109 0.295267522335052 0.613742530345917
v 0.893498182296753 0.270727157592773 0.614904761314392
v 0.868639826774597 0.295400023460388 0.598096609115601
v 0.86038613319397 0.270159363746643 0.597667515277863
v 0.876082897186279 0.271794319152832 0.610634028911591
v 0.88540130853653 0.296683251857758 0.610212326049805
v 0.850425004959106 0.292886316776276 0.58256059885025
v 0.84493350982666 0.267508745193481 0.580446541309357
v 0.843815088272095 0.287464261054993 0.557607054710388
v 0.842824459075928 0.261345505714417 0.55489182472229
v 0.850982785224915 0.280488967895508 0.528155744075775
v 0.849767923355103 0.25501149892807 0.527033984661102
v 0.965295970439911 0.27063512802124 0.538711726665497
v 0.971317887306213 0.274302542209625 0.558468103408813
v 0.962481021881104 0.248138308525085 0.567431092262268
v 0.959599256515503 0.243931412696838 0.547500789165497
v 0.930180251598358 0.268439114093781 0.504199624061584
v 0.927012741565704 0.241866528987885 0.515528380870819
v 0.908275127410889 0.243904769420624 0.495334208011627
v 0.908571124076843 0.270173132419586 0.485546052455902
v 0.847374260425568 0.332858979701996 0.53118896484375
v 0.849803924560547 0.338199317455292 0.562882423400879
v 0.859382271766663 0.342747807502747 0.589190900325775
v 0.877685546875 0.344855308532715 0.605250179767609
v 0.971920609474182 0.333556234836578 0.583338499069214
v 0.958125531673431 0.337243795394897 0.60026216506958
v 0.969921052455902 0.32487678527832 0.519279479980469
v 0.978438019752502 0.327539026737213 0.540359497070312
v 0.880656719207764 0.298414468765259 0.481176465749741
v 0.85929948091507 0.301950693130493 0.500476539134979
v 0.857432842254639 0.328807413578033 0.502103745937347
v 0.878565847873688 0.325856268405914 0.481694757938385
v 0.846590459346771 0.312853336334229 0.560187518596649
v 0.85592246055603 0.317736208438873 0.585304319858551
v 0.87400358915329 0.320225358009338 0.600251913070679
v 0.911170721054077 0.319380283355713 0.614096462726593
v 0.891906380653381 0.321018517017365 0.611446022987366
v 0.929821729660034 0.31661581993103 0.609640955924988
v 0.964034497737885 0.30902373790741 0.588804304599762
v 0.948493659496307 0.313372611999512 0.602273643016815
v 0.96749359369278 0.297132253646851 0.528962731361389
v 0.975148677825928 0.300593018531799 0.548602283000946
v 0.881743729114532 0.247475147247314 0.49058935046196
v 0.85886162519455 0.251234710216522 0.503665745258331
v 0.859982013702393 0.276163816452026 0.501452147960663
v 0.880979716777802 0.271853625774384 0.483010977506638
v 0.881615519523621 0.224273145198822 0.50144350528717
v 0.903505682945251 0.221130788326263 0.506806492805481
v 0.882920205593109 0.245240807533264 0.616284549236298
v 0.899982154369354 0.24182116985321 0.615029692649841
v 0.866031646728516 0.245815515518188 0.611091196537018
v 0.83988094329834 0.234514892101288 0.55150043964386
v 0.838964104652405 0.241831719875336 0.578837633132935
v 0.848380744457245 0.228057444095612 0.525840818881989
v 0.861200928688049 0.227421343326569 0.507992267608643
v 0.938407123088837 0.195833504199982 0.578339338302612
v 0.937216937541962 0.192559123039246 0.56001478433609
v 0.948304176330566 0.220112800598145 0.554236233234406
v 0.948941051959991 0.223144292831421 0.572518348693848
v 0.922629654407501 0.204204797744751 0.608153939247131
v 0.930483937263489 0.231777966022491 0.59857314825058
v 0.915795803070068 0.23678582906723 0.607149422168732
v 0.908580660820007 0.209993839263916 0.619850695133209
v 0.871970951557159 0.217726767063141 0.624584436416626
v 0.890811204910278 0.214862823486328 0.625525534152985
v 0.85400003194809 0.219714939594269 0.617735922336578
v 0.832458138465881 0.213530838489532 0.577924251556396
v 0.838399827480316 0.218833565711975 0.602123141288757
v 0.849836349487305 0.245544910430908 0.599143385887146
v 0.83400422334671 0.206637442111969 0.547758877277374
v 0.847146689891815 0.16746199131012 0.52781754732132
v 0.826997756958008 0.176564037799835 0.547356486320496
v 0.85227370262146 0.197499513626099 0.524843513965607
v 0.860056459903717 0.0660687685012817 0.542145490646362
v 0.855802953243256 0.0317700505256653 0.549029946327209
v 0.834809958934784 0.0373148918151855 0.550084829330444
v 0.835941433906555 0.0717113614082336 0.543124258518219
v 0.934077560901642 0.165949940681458 0.586364388465881
v 0.931144833564758 0.163740634918213 0.565944731235504
v 0.902023315429688 0.180433988571167 0.631399989128113
v 0.918684720993042 0.174403250217438 0.61964476108551
v 0.814793884754181 0.153967559337616 0.583231806755066
v 0.819910049438477 0.158569931983948 0.609853029251099
v 0.828054785728455 0.189597547054291 0.604927778244019
v 0.822541117668152 0.184490561485291 0.578797101974487
v 0.919196486473083 0.0668026804924011 0.582900047302246
v 0.92585015296936 0.0994323492050171 0.577538847923279
v 0.927728354930878 0.101563096046448 0.599885880947113
v 0.920713603496552 0.0686399936676025 0.60358190536499
v 0.898637890815735 0.148434281349182 0.639911651611328
v 0.893932580947876 0.115144073963165 0.645405292510986
v 0.910905539989471 0.109615445137024 0.634097874164581
v 0.915817499160767 0.142554581165314 0.627865552902222
v 0.809262216091156 0.0848520994186401 0.590112388134003
v 0.812616229057312 0.0880405306816101 0.615201115608215
v 0.81457781791687 0.124774515628815 0.613750755786896
v 0.810417354106903 0.120730221271515 0.586921155452728
v 0.841980576515198 0.137468159198761 0.531838893890381
v 0.837602257728577 0.105439186096191 0.537388563156128
v 0.817827463150024 0.114114344120026 0.557265222072601
v 0.821061372756958 0.146286070346832 0.552129507064819
v 0.868078231811523 0.131610810756683 0.529930710792542
v 0.863467991352081 0.0999717712402344 0.535472989082336
v 0.89664900302887 -0.00137078762054443 0.606546223163605
v 0.895516991615295 -0.00535911321640015 0.589926660060883
v 0.907341718673706 0.0313534736633301 0.586587071418762
v 0.908509492874146 0.0345708727836609 0.605089485645294
v 0.886461853981018 0.0803865194320679 0.64616322517395
v 0.878169775009155 0.043984591960907 0.642775058746338
v 0.893416404724121 0.0404078960418701 0.633468210697174
v 0.903711557388306 0.0755611062049866 0.635862410068512
v 0.810654401779175 0.00783354043960571 0.595365762710571
v 0.81463497877121 0.00980287790298462 0.616070687770844
v 0.813190340995789 0.0491397380828857 0.615726172924042
v 0.809729695320129 0.0470193028450012 0.593173146247864
v 0.833017349243164 -7.84993171691895e-05 0.557546257972717
v 0.815721273422241 0.00461530685424805 0.572436690330505
v 0.815698742866516 0.043218195438385 0.566683351993561
v 0.851635754108429 -0.00465768575668335 0.555928766727448
v 0.847526788711548 -0.0405267477035522 0.561191201210022
v 0.831640243530273 -0.0367963910102844 0.562457859516144
v 0.88698548078537 -0.036550760269165 0.607402265071869
v 0.884553730487823 -0.0392628312110901 0.592149794101715
v 0.877802133560181 -0.0320241451263428 0.629446506500244
v 0.884087681770325 0.00387102365493774 0.630933701992035
v 0.871184170246124 0.00752079486846924 0.639523386955261
v 0.866255044937134 -0.0282987356185913 0.637704133987427
v 0.837298154830933 0.0092388391494751 0.63970422744751
v 0.835188984870911 -0.0267303586006165 0.637201309204102
v 0.850981831550598 -0.0264286994934082 0.640619874000549
v 0.854415476322174 0.00937795639038086 0.642750382423401
v 0.816702604293823 -0.026176393032074 0.61578094959259
v 0.824750065803528 -0.0261194705963135 0.628920793533325
v 0.824010729789734 0.0103495121002197 0.631049036979675
v 0.811738252639771 -0.0276800394058228 0.596722602844238
v 0.816392540931702 -0.0318713188171387 0.575559377670288
v 1.03758835792542 0.532736361026764 0.555607676506042
v 1.03418934345245 0.527661204338074 0.568260371685028
v 1.0303190946579 0.518593788146973 0.539622962474823
v 1.03073263168335 0.526913285255432 0.527964055538177
v 0.958153307437897 0.411761999130249 0.479266166687012
v 0.960318028926849 0.442342966794968 0.473006784915924
v 0.954996466636658 0.351233601570129 0.49191153049469
v 0.955615758895874 0.380764663219452 0.48437637090683
v 0.953071177005768 0.322582423686981 0.500178754329681
v 0.950096607208252 0.267857134342194 0.521691203117371
v 0.951233863830566 0.294868052005768 0.510422050952911
v 0.945559740066528 0.241445422172546 0.530795514583588
v 0.936375737190247 0.21635913848877 0.537708938121796
v 0.926376342773438 0.189652919769287 0.541988849639893
v 0.914937317371368 0.132098078727722 0.551415145397186
v 0.918674111366272 0.162239968776703 0.547165036201477
v 0.928508102893829 0.13201379776001 0.571561872959137
v 0.905661821365356 0.065382719039917 0.56181788444519
v 0.911526620388031 0.0994923710823059 0.556117415428162
v 0.885778367519379 -0.00763982534408569 0.573833465576172
v 0.896272480487823 0.0289702415466309 0.567914843559265
v 0.874978482723236 -0.0413182973861694 0.577679395675659
v 0.933202743530273 0.558729648590088 0.45415186882019
v 0.93409538269043 0.580711603164673 0.455639511346817
v 0.960622906684875 0.56319934129715 0.453497380018234
v 0.961666166782379 0.545827686786652 0.45594322681427
v 1.02591049671173 0.539242744445801 0.498862445354462
v 1.02602827548981 0.538387179374695 0.503249168395996
v 1.0180526971817 0.539614915847778 0.48882320523262
v 1.01891958713531 0.540971994400024 0.485563993453979
v 0.848984122276306 0.306578934192657 0.529140889644623
v 0.897383213043213 0.345161914825439 0.615391850471497
v 0.93916928768158 0.34076189994812 0.610545098781586
v 0.918699979782104 0.343124985694885 0.616612911224365
v 0.932246565818787 0.293311476707458 0.490955799818039
v 0.907458186149597 0.295884072780609 0.479229390621185
v 0.905799329280853 0.322802066802979 0.475321173667908
v 0.931392848491669 0.321324586868286 0.48379522562027
v 0.872771143913269 0.15903639793396 0.525146663188934
v 0.897855162620544 0.159851551055908 0.533144533634186
v 0.892526030540466 0.130939662456512 0.538815677165985
v 0.876228332519531 0.184206604957581 0.519488751888275
v 0.842727422714233 0.191438734531403 0.624238252639771
v 0.861407876014709 0.189873576164246 0.634298145771027
v 0.876745104789734 0.154644846916199 0.645316123962402
v 0.881875932216644 0.185949981212616 0.636235117912292
v 0.854309022426605 0.158842325210571 0.642693638801575
v 0.930671811103821 0.378307223320007 0.470943778753281
v 0.931692004203796 0.349688351154327 0.476972758769989
v 0.903515577316284 0.35109156370163 0.472562700510025
v 0.901723623275757 0.380304336547852 0.468422770500183
v 0.991513550281525 0.871663808822632 0.655347406864166
v 0.970587491989136 0.870123565196991 0.646579444408417
v 0.910832524299622 0.989700317382812 0.557136356830597
v 0.913824617862701 0.98254132270813 0.542569279670715
v 0.918185889720917 0.968475759029388 0.551359355449677
v 0.915592312812805 0.975616097450256 0.570234835147858
v 0.914686501026154 0.987029373645782 0.585322022438049
v 0.91007536649704 1.00012505054474 0.570648312568665
v 0.916986703872681 1.00032830238342 0.597988188266754
v 0.912176430225372 1.01312112808228 0.583435535430908
v 0.938888609409332 1.06540060043335 0.643514752388
v 0.94220370054245 1.07470953464508 0.653988659381866
v 0.989464402198792 0.951838076114655 0.455182135105133
v 0.986535668373108 0.932467818260193 0.446725398302078
v 0.966947019100189 0.933070480823517 0.461830735206604
v 0.952794969081879 0.75906777381897 0.43112576007843
v 0.946122169494629 0.66739696264267 0.451988279819489
v 0.964718818664551 0.661300957202911 0.438799262046814
v 0.970092058181763 0.632456004619598 0.438764363527298
v 1.00689625740051 0.566088676452637 0.45009434223175
v 1.02006220817566 0.552673578262329 0.461509883403778
v 1.0264949798584 0.5409334897995 0.481592208147049
v 1.03096604347229 0.538281321525574 0.496939718723297
v 1.06596410274506 0.919393002986908 0.66694962978363
v 1.0710414648056 0.942361831665039 0.672983169555664
v 1.13284015655518 1.11075568199158 0.660764455795288
v 1.12252557277679 1.11265468597412 0.672495901584625
v 1.12147760391235 1.14007210731506 0.670364797115326
v 1.13154363632202 1.1375036239624 0.658790349960327
v 1.13043510913849 1.14961218833923 0.656446099281311
v 1.12012672424316 1.15213525295258 0.668025493621826
v 1.11408865451813 1.21186435222626 0.633537232875824
v 1.11691319942474 1.19847965240479 0.640334904193878
v 1.03323304653168 0.539706349372864 0.519839406013489
v 1.03522777557373 0.538231492042542 0.529342949390411
v 1.02741146087646 0.536590814590454 0.509001016616821
v 0.989095449447632 0.517481982707977 0.470337688922882
v 0.987809777259827 0.534458220005035 0.465306580066681
v 1.00789630413055 0.527114152908325 0.481725752353668
v 1.00869679450989 0.513582825660706 0.487445890903473
v 0.851298272609711 0.581130981445312 0.586660027503967
v 0.846659660339355 0.579370617866516 0.54443883895874
v 0.971621870994568 0.528066754341125 0.646172940731049
v 0.845644950866699 1.01883721351624 0.805997014045715
v 0.865442216396332 1.02192032337189 0.786040544509888
v 0.873278021812439 1.0218597650528 0.799264669418335
v 0.852778851985931 1.020259141922 0.818822801113129
v 1.09245765209198 1.01542854309082 0.690065443515778
v 1.07797312736511 0.9903484582901 0.68808901309967
v 1.02317667007446 1.19762420654297 0.62203723192215
v 0.995019555091858 1.19939243793488 0.684835970401764
v 1.00494945049286 1.19918668270111 0.677122056484222
v 0.984619438648224 1.19400894641876 0.659681439399719
v 0.975852727890015 1.19496750831604 0.66663920879364
v 1.03949069976807 1.138099193573 0.722738265991211
v 1.05121397972107 1.13619959354401 0.717968225479126
v 1.04627203941345 1.15497088432312 0.715225577354431
v 1.03534638881683 1.15592670440674 0.71986311674118
v 1.03210365772247 0.675457358360291 0.691244184970856
v 1.05996203422546 0.67413318157196 0.681727766990662
v 1.06573748588562 0.859259605407715 0.644337177276611
v 1.0734601020813 0.880163013935089 0.649049878120422
v 1.05414175987244 0.87706446647644 0.656457364559174
v 1.0458710193634 0.857054233551025 0.652397871017456
v 1.06278789043427 1.00375986099243 0.699602723121643
v 1.04259383678436 0.989424884319305 0.69847172498703
v 0.980032503604889 1.02910614013672 0.467053055763245
v 0.964440703392029 1.03677320480347 0.475285857915878
v 0.969972789287567 1.0547376871109 0.483544170856476
v 0.985568404197693 1.04927110671997 0.47420459985733
v 0.911658823490143 1.04603826999664 0.797037720680237
v 0.900532841682434 1.03184616565704 0.790796875953674
v 0.916043698787689 1.0362286567688 0.770268976688385
v 0.925161778926849 1.0438506603241 0.774390816688538
v 0.905813872814178 0.561515212059021 0.651897788047791
v 0.873278021812439 0.581436634063721 0.628504991531372
v 0.959268629550934 0.899429678916931 0.645895957946777
v 0.95608925819397 0.883582293987274 0.638217687606812
v 0.977295219898224 0.885705351829529 0.652012526988983
v 0.980803728103638 0.901469051837921 0.660127818584442
v 0.964716553688049 0.948962092399597 0.660760045051575
v 0.963934659957886 0.932988226413727 0.656528294086456
v 0.96439915895462 0.9647216796875 0.667027115821838
v 0.957768619060516 1.06026387214661 0.707228779792786
v 0.962667405605316 1.05634999275208 0.701436698436737
v 0.96798574924469 1.05539727210999 0.707047581672668
v 0.962203621864319 0.524259686470032 0.459180235862732
v 0.96290910243988 0.589381814002991 0.449795722961426
v 0.969834864139557 0.599360942840576 0.445093959569931
v 1.03184223175049 0.540083527565002 0.512172818183899
v 1.03402972221375 0.538678586483002 0.509494662284851
v 1.02934157848358 1.21343779563904 0.585043728351593
v 1.0353296995163 1.21768045425415 0.601206064224243
v 0.908955037593842 1.05366849899292 0.728648900985718
v 0.925443828105927 1.06378388404846 0.715873837471008
v 0.959112524986267 1.04083979129791 0.684506416320801
v 0.958932459354401 1.04999363422394 0.689193487167358
v 0.95347648859024 1.05538499355316 0.678275287151337
v 0.952117681503296 1.04608619213104 0.671424984931946
v 0.967090845108032 1.03865456581116 0.694310307502747
v 0.965761065483093 1.0467883348465 0.697414040565491
v 0.937876582145691 1.12260317802429 0.607716023921967
v 0.94329696893692 1.13829147815704 0.620958805084229
v 0.950452387332916 1.14137184619904 0.611481249332428
v 0.943665266036987 1.12582969665527 0.597642123699188
v 0.95026171207428 1.12529826164246 0.584968149662018
v 0.957654535770416 1.14248049259186 0.599778831005096
v 0.965925395488739 1.14117836952209 0.585603296756744
v 0.95874011516571 1.12404179573059 0.570619583129883
v 1.0110330581665 1.1816645860672 0.60262131690979
v 1.01234352588654 1.17507672309875 0.577691793441772
v 1.01984250545502 1.16921436786652 0.554763853549957
v 1.02930629253387 1.16546964645386 0.535912394523621
v 1.12066674232483 1.18584179878235 0.646891355514526
v 1.10641264915466 1.18860328197479 0.659017980098724
v 1.11425089836121 1.1752450466156 0.661778807640076
v 1.12459182739258 1.17277944087982 0.650424599647522
v 1.13570165634155 1.17137265205383 0.640045464038849
v 1.13267052173615 1.18394017219543 0.635218262672424
v 1.02802205085754 1.19982552528381 0.573525428771973
v 1.03140687942505 1.1945161819458 0.555569648742676
v 1.0362708568573 1.181485414505 0.541501939296722
v 0.849471867084503 1.11994111537933 0.815521478652954
v 0.865149438381195 1.12710547447205 0.79938542842865
v 1.057697057724 1.22808122634888 0.62711238861084
v 1.0456337928772 1.22290945053101 0.615318536758423
v 0.859893143177032 1.11235499382019 0.829753518104553
v 0.876284837722778 1.12004029750824 0.813346266746521
v 0.976238906383514 1.17580723762512 0.633361220359802
v 0.968764364719391 1.17837822437286 0.643366873264313
v 0.992505669593811 1.19134473800659 0.650932192802429
v 1.02854418754578 1.20791280269623 0.568159878253937
v 1.03068363666534 1.20278561115265 0.551432192325592
v 0.85467129945755 0.61533510684967 0.578895926475525
v 0.85216498374939 0.611241817474365 0.540500640869141
v 0.919862031936646 0.864567935466766 0.589624524116516
v 0.913763165473938 0.861733436584473 0.564144015312195
v 1.00391066074371 0.890679240226746 0.419860780239105
v 1.00268578529358 0.870239913463593 0.414125442504883
v 0.983321726322174 0.870671391487122 0.423426240682602
v 0.983384609222412 0.891908526420593 0.430308759212494
v 1.01126945018768 0.949356436729431 0.442783832550049
v 1.00853526592255 0.930671334266663 0.434699594974518
v 1.04509735107422 1.20345842838287 0.52802175283432
v 0.966671049594879 0.82546854019165 0.426688611507416
v 0.966537594795227 0.849726498126984 0.43161329627037
v 0.984184801578522 0.847394585609436 0.418218195438385
v 0.985732853412628 0.82007098197937 0.415387481451035
v 0.992817640304565 0.792815029621124 0.408745050430298
v 0.994214534759521 0.780464768409729 0.406362771987915
v 0.988947153091431 0.611937522888184 0.431910187005997
v 0.998471915721893 0.611231803894043 0.428260445594788
v 0.893035113811493 1.13669943809509 0.72590184211731
v 0.899517476558685 1.14952921867371 0.741203129291534
v 0.908896207809448 1.15687274932861 0.728954911231995
v 0.903974413871765 1.14220464229584 0.714925646781921
v 0.939378023147583 0.831013679504395 0.462227940559387
v 0.951927661895752 0.82907235622406 0.442354530096054
v 0.928138315677643 1.06552016735077 0.623385787010193
v 0.935916125774384 1.05416834354401 0.6349276304245
v 0.991211652755737 0.974007487297058 0.460161417722702
v 0.950569272041321 1.04271924495697 0.485151052474976
v 0.9559246301651 1.05873429775238 0.494210779666901
v 0.939057946205139 1.04665613174438 0.49661773443222
v 0.944003283977509 1.06146657466888 0.506123960018158
v 1.03717601299286 0.541497468948364 0.522894382476807
v 1.03534376621246 0.542049705982208 0.522824168205261
v 0.959824740886688 1.10211217403412 0.777337908744812
v 0.958203613758087 1.09234941005707 0.775052905082703
v 0.968075633049011 1.09346437454224 0.767314493656158
v 0.969944000244141 1.1040518283844 0.770449757575989
v 1.0217809677124 0.496576189994812 0.520690381526947
v 1.02187526226044 0.513427734375 0.511749148368835
v 1.03322470188141 0.537447929382324 0.591259956359863
v 1.04223144054413 0.539129137992859 0.573607206344604
v 1.0490038394928 0.546856284141541 0.579862177371979
v 1.0531393289566 0.549929857254028 0.589999437332153
v 0.93074893951416 0.471618264913559 0.457883775234222
v 0.93091344833374 0.503590762615204 0.455216526985168
v 0.930508017539978 0.440113723278046 0.461762309074402
v 0.930664956569672 0.408714115619659 0.46590268611908
v 0.91899561882019 0.21679562330246 0.523169159889221
v 0.904388964176178 0.189669787883759 0.525353014469147
v 0.887947738170624 0.0988914966583252 0.544124841690063
v 0.882948458194733 0.0650612115859985 0.550134062767029
v 0.876593291759491 0.0290992259979248 0.556703865528107
v 0.861834287643433 -0.0416692495346069 0.567494690418243
v 0.869398832321167 -0.00776970386505127 0.563047885894775
v 0.866868078708649 1.09857380390167 0.840327262878418
v 0.87018084526062 1.0829656124115 0.848712563514709
v 0.889233767986298 1.08847606182098 0.830201864242554
v 0.885530292987823 1.10590267181396 0.822868049144745
v 0.869659006595612 1.04555404186249 0.74941098690033
v 0.852751851081848 1.03903567790985 0.765793085098267
v 0.847579121589661 1.05255317687988 0.759166121482849
v 0.865018010139465 1.05952382087708 0.742839157581329
v 0.834681749343872 1.03287482261658 0.78328138589859
v 0.858836114406586 1.02829205989838 0.77467268705368
v 0.839909553527832 1.02351045608521 0.793993234634399
v 0.860177278518677 1.02827334403992 0.830996751785278
v 0.880673587322235 1.02872276306152 0.811569571495056
v 0.887716770172119 1.04191243648529 0.820961892604828
v 0.865930736064911 1.03970098495483 0.841017186641693
v 0.870797395706177 1.06714594364166 0.851554393768311
v 0.869100451469421 1.05228638648987 0.848447680473328
v 0.889664769172668 1.05667996406555 0.829433143138885
v 0.889876246452332 1.07214415073395 0.832954108715057
v 0.825697541236877 1.07661259174347 0.772351026535034
v 0.842706859111786 1.08399140834808 0.754949510097504
v 0.844033598899841 1.06778943538666 0.755295991897583
v 0.826794624328613 1.0609233379364 0.772191405296326
v 0.909012198448181 1.15432155132294 0.757828295230865
v 0.919053554534912 1.16331553459167 0.746621608734131
v 0.935750961303711 1.09405899047852 0.660156846046448
v 0.935684442520142 1.09795880317688 0.673638582229614
v 0.926800549030304 1.11342465877533 0.674583792686462
v 0.927288293838501 1.11120331287384 0.660464584827423
v 0.872038841247559 1.13390111923218 0.765960574150085
v 0.881924033164978 1.1349937915802 0.78388786315918
v 0.897330462932587 1.14450526237488 0.769474983215332
v 0.887283027172089 1.14173674583435 0.752216815948486
v 0.859994113445282 1.09090971946716 0.737764239311218
v 0.876487672328949 1.09764122962952 0.721063852310181
v 0.8791543841362 1.0820517539978 0.722152709960938
v 0.861573696136475 1.07483696937561 0.738621354103088
v 0.907709002494812 1.03246212005615 0.759648084640503
v 0.891798377037048 1.02587568759918 0.778893351554871
v 0.903226852416992 1.12517249584198 0.703281402587891
v 0.890443384647369 1.11985182762146 0.713859915733337
v 0.925706744194031 1.05384266376495 0.614984393119812
v 0.950306415557861 1.03709471225739 0.666019678115845
v 0.94794899225235 1.02682948112488 0.660720705986023
v 0.909236311912537 0.998263418674469 0.537597417831421
v 0.907377600669861 1.01445686817169 0.538074254989624
v 0.928982555866241 1.00643742084503 0.62786477804184
v 0.924034655094147 0.989710211753845 0.61714380979538
v 0.906958878040314 1.01538825035095 0.546806693077087
v 0.90747207403183 1.00423526763916 0.549464285373688
v 0.938777089118958 0.930852353572845 0.497631132602692
v 1.03431189060211 1.17307829856873 0.540250599384308
v 0.876611709594727 1.11450111865997 0.726094663143158
v 0.879581093788147 1.13066780567169 0.737052738666534
v 0.935353994369507 1.04634642601013 0.757600784301758
v 0.928367555141449 1.04182958602905 0.751189589500427
v 0.939353942871094 1.04947912693024 0.736126363277435
v 0.944307267665863 1.05082309246063 0.742840588092804
v 1.03636813163757 1.02790439128876 0.710304141044617
v 1.02292096614838 1.01894807815552 0.707244515419006
v 1.03282535076141 1.00428402423859 0.703549563884735
v 1.04886531829834 1.01547110080719 0.706201136112213
v 0.954758048057556 1.12075471878052 0.780977785587311
v 0.965422868728638 1.12610459327698 0.774162650108337
v 0.9586421251297 1.13800573348999 0.773613393306732
v 0.946987390518188 1.13029456138611 0.781468868255615
v 0.947907567024231 1.15035319328308 0.770201086997986
v 0.933132290840149 1.16125154495239 0.762469887733459
v 0.921820282936096 1.15089321136475 0.772400200366974
v 0.93552154302597 1.14099776744843 0.779606461524963
v 0.872718632221222 0.649693131446838 0.603553831577301
v 0.891042828559875 0.652089715003967 0.632049798965454
v 0.915932238101959 0.778531014919281 0.491699606180191
v 0.906099319458008 0.78553831577301 0.515173435211182
v 0.92408961057663 0.681004464626312 0.469668179750443
v 1.0069717168808 0.541664481163025 0.475410491228104
v 0.98557710647583 0.555869221687317 0.457807123661041
v 1.01869606971741 0.472220838069916 0.529256641864777
v 0.860785067081451 0.64538836479187 0.571526408195496
v 1.00173223018646 0.413607239723206 0.545283079147339
v 1.01129901409149 0.443496316671371 0.53776890039444
v 0.970584750175476 0.417578935623169 0.61783093214035
v 0.982415676116943 0.447441518306732 0.618321180343628
v 0.953787624835968 0.447874933481216 0.631318747997284
v 0.945087850093842 0.419475495815277 0.629038691520691
v 0.92337691783905 0.449470221996307 0.633830904960632
v 0.916736960411072 0.421678215265274 0.630469024181366
v 0.875243365764618 0.35424792766571 0.482101738452911
v 0.871698379516602 0.120345652103424 0.6502445936203
v 0.844637393951416 0.0869556665420532 0.646404147148132
v 0.865851640701294 0.0840840935707092 0.65014237165451
v 0.848911166191101 0.124435186386108 0.646994113922119
v 0.834604561328888 0.160236716270447 0.630411207675934
v 0.829124450683594 0.126131653785706 0.634023129940033
v 0.81647515296936 0.0796889066696167 0.56119030714035
v 0.859545946121216 0.0469462275505066 0.64661967754364
v 0.840535223484039 0.0481184720993042 0.642853736877441
v 0.825768232345581 0.0888668298721313 0.634177923202515
v 0.824221193790436 0.0497471690177917 0.63251781463623
v 1.02124500274658 0.524733185768127 0.503640234470367
v 1.05765700340271 0.552294015884399 0.605126976966858
v 0.86249852180481 0.607858896255493 0.506065547466278
v 0.856451272964478 0.578234672546387 0.506575047969818
v 0.936212658882141 0.598500967025757 0.456494212150574
v 0.912451446056366 0.616674661636353 0.46615543961525
v 0.920752286911011 0.853746175765991 0.515111446380615
v 0.92980945110321 0.852062702178955 0.492575138807297
v 0.92373663187027 0.891884982585907 0.529728412628174
v 0.922367513179779 0.872463583946228 0.523155689239502
v 0.917375922203064 0.875984191894531 0.546586453914642
v 0.920278906822205 0.893960237503052 0.553175926208496
v 0.928270816802979 0.897330224514008 0.603260695934296
v 0.92477685213089 0.880723536014557 0.596461713314056
v 0.937797665596008 0.881834089756012 0.619267225265503
v 0.941111266613007 0.897975564002991 0.626638114452362
v 0.949391424655914 0.868257701396942 0.632379591464996
v 0.931706964969635 0.866532564163208 0.613123655319214
v 1.04014503955841 0.894307434558868 0.664523124694824
v 1.04562604427338 0.914740800857544 0.671050608158112
v 1.02474546432495 0.909822762012482 0.671614050865173
v 1.01941406726837 0.891094088554382 0.664293229579926
v 0.978929162025452 0.607659578323364 0.437722027301788
v 1.01924526691437 0.537362933158875 0.492979109287262
v 0.931751728057861 0.532800734043121 0.453754127025604
v 0.903301596641541 0.569591999053955 0.460475474596024
v 0.875705718994141 0.57536381483078 0.477344036102295
v 0.922742962837219 1.07313084602356 0.709038555622101
v 1.00278544425964 1.04489135742188 0.710863471031189
v 1.00898277759552 1.0531929731369 0.713014245033264
v 0.909329235553741 1.13926267623901 0.783356070518494
v 0.922394990921021 1.12904584407806 0.79025137424469
v 0.891879916191101 1.10360610485077 0.706727743148804
v 0.916117250919342 1.16277599334717 0.718240022659302
v 0.918460071086884 1.15279912948608 0.69251561164856
v 0.912116527557373 1.14743220806122 0.703903079032898
v 0.900999546051025 0.672498822212219 0.489423990249634
v 0.895044505596161 0.65001654624939 0.486366331577301
v 0.876044750213623 0.659934878349304 0.508446931838989
v 1.04224407672882 0.539867579936981 0.559544861316681
v 1.04461884498596 0.544504404067993 0.56612241268158
v 0.959997177124023 0.577352046966553 0.452295809984207
v 0.985291421413422 0.356301724910736 0.556604266166687
v 0.99279397726059 0.384301066398621 0.551015496253967
v 0.979181408882141 0.330424249172211 0.562554538249969
v 0.97375077009201 0.304624259471893 0.570471405982971
v 0.967254281044006 0.278945803642273 0.578711271286011
v 0.956657767295837 0.25337678194046 0.585386335849762
v 0.942513167858124 0.227609038352966 0.587975978851318
v 0.932951211929321 0.19976532459259 0.594743311405182
v 0.931479394435883 0.133954405784607 0.593814969062805
v 0.92968624830246 0.169762790203094 0.604180097579956
v 0.926559329032898 0.137889444828033 0.612463414669037
v 0.921986162662506 0.105016231536865 0.618474304676056
v 0.903251886367798 0.0372393727302551 0.620661199092865
v 0.915108323097229 0.0719723701477051 0.621289789676666
v 0.892447829246521 0.001900315284729 0.619940280914307
v 0.884191513061523 -0.0338427424430847 0.619549989700317
v 1.03777503967285 0.541271567344666 0.53250789642334
v 1.04015517234802 0.540756225585938 0.54578572511673
v 0.984583854675293 1.17325806617737 0.621428906917572
v 0.946106553077698 1.05511248111725 0.656995356082916
v 0.948531985282898 1.06364512443542 0.665617108345032
v 0.906409025192261 1.10905361175537 0.695808529853821
v 1.06291842460632 0.561461746692657 0.622360408306122
v 1.06951069831848 0.575559556484222 0.638076186180115
v 0.907380282878876 1.07557356357574 0.814679145812988
v 0.908087730407715 1.09238684177399 0.813483834266663
v 0.897102236747742 1.08921670913696 0.707556366920471
v 0.944772362709045 1.0829085111618 0.665722072124481
v 0.942994236946106 1.08756709098816 0.67665308713913
v 0.83812415599823 1.1664525270462 0.837499618530273
v 0.837296009063721 1.1823548078537 0.828111290931702
v 0.834316611289978 1.1862633228302 0.839234888553619
v 0.834421098232269 1.16990947723389 0.849391222000122
v 0.836364209651947 1.16227126121521 0.825294971466064
v 0.834658741950989 1.17783343791962 0.816981852054596
v 0.7788006067276 1.15121018886566 0.803596019744873
v 0.779677987098694 1.17208516597748 0.800482749938965
v 0.792666792869568 1.16970646381378 0.797146439552307
v 0.792851865291595 1.14989340305328 0.80060487985611
v 0.826523780822754 1.18990540504456 0.800352990627289
v 0.827847123146057 1.17381381988525 0.807622849941254
v 0.817441165447235 1.17072093486786 0.801452159881592
v 0.816571831703186 1.18794405460358 0.795088529586792
v 0.761409938335419 1.15933644771576 0.825905680656433
v 0.75920832157135 1.13772404193878 0.828210353851318
v 0.758925914764404 1.14191961288452 0.843416690826416
v 0.76245778799057 1.16319692134857 0.839920520782471
v 0.787813425064087 1.07535970211029 0.816238880157471
v 0.789577722549438 1.06442177295685 0.818568348884583
v 0.779194235801697 1.05890846252441 0.821396946907043
v 0.77565336227417 1.07198309898376 0.820071339607239
v 0.842054009437561 1.13515496253967 0.855786323547363
v 0.839907050132751 1.15038633346558 0.846650302410126
v 0.835023462772369 1.15317976474762 0.859276592731476
v 0.83514267206192 1.13627219200134 0.869295179843903
v 0.82362961769104 1.11966395378113 0.816654562950134
v 0.824790954589844 1.1038521528244 0.822531819343567
v 0.811165690422058 1.09798121452332 0.815551817417145
v 0.809334635734558 1.11445641517639 0.810021936893463
v 0.834057629108429 1.11956095695496 0.87868195772171
v 0.843027234077454 1.1201092004776 0.865863442420959
v 0.819236397743225 1.1532427072525 0.806689858436584
v 0.82152259349823 1.13612270355225 0.811372101306915
v 0.808065414428711 1.13166427612305 0.805798053741455
v 0.806493639945984 1.15038728713989 0.802226603031158
v 0.769437789916992 1.19973337650299 0.818072915077209
v 0.765000641345978 1.17994570732117 0.82254034280777
v 0.76684045791626 1.18324744701385 0.835362553596497
v 0.771983921527863 1.20292806625366 0.82946503162384
v 0.805290520191193 1.18789970874786 0.793061971664429
v 0.805721402168274 1.16929280757904 0.79807710647583
v 0.792987167835236 1.18928217887878 0.793288230895996
v 0.816555321216583 1.20801675319672 0.844568073749542
v 0.813460767269135 1.19040751457214 0.855100214481354
v 0.825687646865845 1.18867337703705 0.848336696624756
v 0.827583730220795 1.20556271076202 0.838187456130981
v 0.780781626701355 1.11015915870667 0.808571815490723
v 0.779495656490326 1.13055074214935 0.805982887744904
v 0.793496012687683 1.13015031814575 0.80365777015686
v 0.79499089717865 1.11099219322205 0.807014405727386
v 0.841505706310272 1.13112783432007 0.84075140953064
v 0.838727235794067 1.14621710777283 0.833229839801788
v 0.810376822948456 1.17230629920959 0.865772724151611
v 0.807220160961151 1.15334641933441 0.875630855560303
v 0.823009371757507 1.15357601642609 0.869051814079285
v 0.824241697788239 1.1713080406189 0.858686685562134
v 0.786501049995422 1.13043248653412 0.882879972457886
v 0.790619969367981 1.15153229236603 0.875983476638794
v 0.775839149951935 1.14841890335083 0.868703126907349
v 0.771484613418579 1.12649416923523 0.874444901943207
v 0.770863831043243 1.09019923210144 0.817868173122406
v 0.784111142158508 1.09067130088806 0.81257426738739
v 0.758656740188599 1.11501514911652 0.830268859863281
v 0.759983420372009 1.09202587604523 0.830915451049805
v 0.756098389625549 1.09509801864624 0.84818422794342
v 0.756772696971893 1.11906945705414 0.846258699893951
v 0.835072636604309 1.09070611000061 0.847001731395721
v 0.83762913942337 1.09842324256897 0.840710878372192
v 0.844241499900818 1.10387110710144 0.857273697853088
v 0.841558396816254 1.09496831893921 0.863952696323395
v 0.84185254573822 1.10578489303589 0.87391471862793
v 0.838806688785553 1.09428441524506 0.879541754722595
v 0.826485633850098 1.07591021060944 0.889818787574768
v 0.826372504234314 1.0786612033844 0.891246855258942
v 0.816682875156403 1.06760036945343 0.894836187362671
v 0.820400178432465 1.06383764743805 0.891791105270386
v 0.777174592018127 1.08462965488434 0.89487487077713
v 0.781082093715668 1.10818958282471 0.889652252197266
v 0.766891360282898 1.10307550430298 0.879422545433044
v 0.763540744781494 1.07747280597687 0.883728981018066
v 0.760121464729309 1.05093634128571 0.865327894687653
v 0.757925510406494 1.07275950908661 0.867459297180176
v 0.758296191692352 1.07134342193604 0.848702073097229
v 0.762655019760132 1.05235886573792 0.846459448337555
v 0.804489552974701 1.02095830440521 0.828414678573608
v 0.789810180664062 1.02347695827484 0.839289307594299
v 0.787175059318542 1.02833259105682 0.825549840927124
v 0.799909949302673 1.02669453620911 0.816065549850464
v 0.788284361362457 1.04921507835388 0.80892288684845
v 0.790955185890198 1.06212317943573 0.808643162250519
v 0.797570168972015 1.06499791145325 0.800172090530396
v 0.796712756156921 1.05085468292236 0.800153136253357
v 0.825345396995544 1.10489273071289 0.845375776290894
v 0.823787808418274 1.09777891635895 0.850221514701843
v 0.831898510456085 1.09748029708862 0.867018818855286
v 0.836522161960602 1.10096871852875 0.86131751537323
v 0.776584506034851 1.06402909755707 0.897477030754089
v 0.761384665966034 1.05236840248108 0.884992718696594
v 0.783411979675293 1.04862725734711 0.815478682518005
v 0.781474888324738 1.05082321166992 0.819898188114166
v 0.78931725025177 1.05853796005249 0.817766666412354
v 0.788397490978241 1.05886566638947 0.814408421516418
v 0.802404880523682 1.0797404050827 0.825632691383362
v 0.806720376014709 1.07483243942261 0.826982319355011
v 0.818183302879333 1.08168983459473 0.837719142436981
v 0.813479363918304 1.08525371551514 0.837684571743011
v 0.823964715003967 1.09133899211884 0.852795004844666
v 0.829648971557617 1.08793652057648 0.851909518241882
v 0.835929036140442 1.09068953990936 0.868590712547302
v 0.830855667591095 1.09260869026184 0.869641602039337
v 0.783016204833984 1.05197238922119 0.896307945251465
v 0.789524078369141 1.04233729839325 0.891320526599884
v 0.799747467041016 1.05014884471893 0.89547860622406
v 0.795155763626099 1.05931055545807 0.899935781955719
v 0.769279003143311 1.03907716274261 0.841403007507324
v 0.768877267837524 1.03730750083923 0.857516288757324
v 0.81049519777298 1.07759380340576 0.824837803840637
v 0.797599971294403 1.06678569316864 0.820101916790009
v 0.800140380859375 1.07086718082428 0.81957334280014
v 0.834197163581848 1.08761119842529 0.882795870304108
v 0.809417843818665 1.0191365480423 0.840721487998962
v 0.825593650341034 1.01793956756592 0.82598876953125
v 0.832165896892548 1.02025020122528 0.838281631469727
v 0.815708875656128 1.02103102207184 0.852576732635498
v 0.819680213928223 1.02088904380798 0.813543081283569
v 0.81519341468811 1.02837121486664 0.802010536193848
v 0.809682488441467 1.07004737854004 0.788159668445587
v 0.809659123420715 1.05482232570648 0.787980198860168
v 0.811592161655426 1.08554363250732 0.793553709983826
v 0.800182700157166 1.07962894439697 0.80549681186676
v 0.805158972740173 1.09260284900665 0.814346551895142
v 0.815564811229706 1.09931993484497 0.801896214485168
v 0.835392832756042 1.11155378818512 0.831443309783936
v 0.845925211906433 1.10529184341431 0.846666574478149
v 0.839986681938171 1.08940231800079 0.872234582901001
v 0.851503729820251 1.09255826473236 0.858167052268982
v 0.786727905273438 1.03769111633301 0.814790308475494
v 0.779302954673767 1.03900444507599 0.822272896766663
v 0.794283270835876 1.17141389846802 0.867439389228821
v 0.798934817314148 1.19055640697479 0.857524871826172
v 0.785205721855164 1.18830013275146 0.853539288043976
v 0.780470788478851 1.16862452030182 0.86176061630249
v 0.774165272712708 1.18584680557251 0.84591668844223
v 0.779633462429047 1.20516717433929 0.838559031486511
v 0.832256078720093 1.14114785194397 0.821165680885315
v 0.829913973808289 1.15760743618011 0.814454197883606
v 0.83362478017807 1.19329857826233 0.808451890945435
v 0.822800636291504 1.08409035205841 0.833468198776245
v 0.824622571468353 1.09148156642914 0.828194200992584
v 0.813398241996765 1.05314147472382 0.891351222991943
v 0.82154369354248 1.05034697055817 0.885372757911682
v 0.827590227127075 1.06245255470276 0.88719630241394
v 0.794991433620453 1.07213652133942 0.900853395462036
v 0.813475668430328 1.07623481750488 0.897318482398987
v 0.816285252571106 1.09663653373718 0.893146514892578
v 0.796953976154327 1.09089922904968 0.898349940776825
v 0.797196984291077 1.03517436981201 0.884149551391602
v 0.808287262916565 1.0300327539444 0.874957978725433
v 0.815482974052429 1.03959083557129 0.881840586662292
v 0.80591607093811 1.04388153553009 0.889793515205383
v 0.813253998756409 1.10125136375427 0.828017234802246
v 0.811974048614502 1.09321546554565 0.834004521369934
v 0.852652132511139 1.06348824501038 0.869316458702087
v 0.852400422096252 1.0775294303894 0.866939783096313
v 0.839685678482056 1.07599806785583 0.878736913204193
v 0.838280498981476 1.06260800361633 0.880497992038727
v 0.831423580646515 1.07576680183411 0.885610580444336
v 0.850439310073853 1.04948997497559 0.865848541259766
v 0.834376156330109 1.04926156997681 0.877761960029602
v 0.823265373706818 1.10980975627899 0.814629197120667
v 0.822792708873749 1.0275696516037 0.863203883171082
v 0.839738488197327 1.02752804756165 0.849224209785461
v 0.845728754997253 1.03793585300446 0.858684301376343
v 0.828869700431824 1.03789973258972 0.871504127979279
v 0.769488334655762 1.16595840454102 0.852349042892456
v 0.765261590480804 1.14513969421387 0.857531428337097
v 0.768650770187378 1.05446064472198 0.830570757389069
v 0.763669371604919 1.07039391994476 0.831198215484619
v 0.773956060409546 1.04397284984589 0.827961683273315
v 0.767209351062775 1.1549985408783 0.812431693077087
v 0.769408822059631 1.17583978176117 0.809787690639496
v 0.76753830909729 1.11157059669495 0.815921425819397
v 0.766663551330566 1.13332223892212 0.81462299823761
v 0.80400288105011 1.13339245319366 0.88448166847229
v 0.781529605388641 1.02834844589233 0.862387001514435
v 0.770840167999268 1.03665339946747 0.872336149215698
v 0.778242945671082 1.02841436862946 0.848809480667114
v 0.811807990074158 1.040811419487 0.792572736740112
v 0.797220349311829 1.03721618652344 0.805794954299927
v 0.77352249622345 1.04530513286591 0.890148341655731
v 0.829954147338867 1.04606831073761 0.775702595710754
v 0.828766345977783 1.08751785755157 0.890113830566406
v 0.833386778831482 1.08874869346619 0.879143357276917
v 0.83089154958725 1.08706450462341 0.882676839828491
v 0.835302233695984 1.2021576166153 0.829387664794922
v 0.834705710411072 1.12536036968231 0.827354431152344
v 0.811161160469055 1.08505773544312 0.821069598197937
v 0.799639344215393 1.07968497276306 0.81689465045929
v 0.794021129608154 1.02201366424561 0.852674603462219
v 0.800135493278503 1.02364313602448 0.864534378051758
v 0.788061857223511 1.02960073947906 0.873960435390472
v 0.795296788215637 1.07520532608032 0.813065230846405
v 0.801885962486267 1.0873441696167 0.821146190166473
v 0.772710800170898 1.19582951068878 0.806527256965637
v 0.794389486312866 1.06979560852051 0.818268358707428
v 0.831616222858429 1.10277736186981 0.885526776313782
v 1.13191282749176 1.12416458129883 0.660162150859833
v 1.1415593624115 1.11030530929565 0.650984406471252
v 1.14144134521484 1.12382102012634 0.649821996688843
v 0.921178996562958 0.975062489509583 0.605209350585938
v 0.925979793071747 0.949648439884186 0.538880884647369
v 0.921762108802795 0.952106595039368 0.560892581939697
v 0.943321824073792 1.04531025886536 0.649916529655457
v 0.940107226371765 1.03383588790894 0.643035888671875
v 0.947160840034485 1.07800650596619 0.683596849441528
v 0.950211405754089 1.0722416639328 0.674547016620636
v 0.921132147312164 1.01502025127411 0.609540700912476
v 1.0126051902771 1.36584305763245 0.59287029504776
v 1.01645922660828 1.3597195148468 0.59548032283783
v 1.01011121273041 1.37852215766907 0.591407179832458
v 0.994970798492432 0.805665552616119 0.410425245761871
v 1.0064914226532 0.778128504753113 0.403237462043762
v 1.00671803951263 0.764994859695435 0.401051044464111
v 1.00490391254425 1.34606599807739 0.582959413528442
v 1.00957548618317 1.3415230512619 0.587137639522552
v 1.00457155704498 1.34385669231415 0.586018800735474
v 1.00378096103668 1.34740018844604 0.580797553062439
v 1.00428700447083 1.34652137756348 0.581079661846161
v 1.00329196453094 1.37879824638367 0.582227468490601
v 1.01939654350281 1.35138297080994 0.595632612705231
v 1.02125918865204 1.3418436050415 0.595060408115387
v 1.00330543518066 1.36461925506592 0.579724788665771
v 1.04517269134521 0.793953835964203 0.645602107048035
v 1.03960573673248 0.776366233825684 0.65232515335083
v 1.06435072422028 0.774329662322998 0.644831418991089
v 1.06805849075317 0.791837573051453 0.636961460113525
v 1.0897182226181 0.756225764751434 0.642133116722107
v 1.09104156494141 0.773668169975281 0.63462221622467
v 1.06045389175415 0.755235373973846 0.653324902057648
v 0.938581645488739 0.731578171253204 0.662088990211487
v 0.942976057529449 0.753265082836151 0.657672941684723
v 0.921257138252258 0.756499469280243 0.640737116336823
v 0.915959775447845 0.735121130943298 0.643845736980438
v 0.909072041511536 0.774073362350464 0.617706120014191
v 0.903030514717102 0.757280468940735 0.618304789066315
v 0.927500188350677 0.774224042892456 0.638302147388458
v 0.896286845207214 0.771448254585266 0.591734766960144
v 0.890790343284607 0.753733456134796 0.592323422431946
v 0.890582263469696 0.765291035175323 0.564598500728607
v 0.885080516338348 0.746485948562622 0.565393686294556
v 0.885399639606476 0.737924575805664 0.538971304893494
v 0.893593549728394 0.728294610977173 0.513200759887695
v 0.904055953025818 0.694816529750824 0.490337610244751
v 0.90777975320816 0.71731173992157 0.489697724580765
v 0.92471319437027 0.706481039524078 0.469175010919571
v 0.943456053733826 0.696357071399689 0.450846701860428
v 0.961024641990662 0.689014434814453 0.436322242021561
v 0.977396905422211 0.683679640293121 0.42582181096077
v 0.993044912815094 0.680095851421356 0.417884349822998
v 1.00829577445984 0.67719578742981 0.413050621747971
v 1.00816082954407 0.652190208435059 0.418092966079712
v 0.974209666252136 1.157839179039 0.602320730686188
v 1.06279945373535 1.20072937011719 0.676383674144745
v 1.03935146331787 1.20295989513397 0.6736159324646
v 1.05778861045837 1.19475817680359 0.684157609939575
v 1.06604552268982 1.13295745849609 0.713158667087555
v 1.08162653446198 1.12738633155823 0.70664656162262
v 1.07749152183533 1.14410448074341 0.704890489578247
v 1.06026434898376 1.15213143825531 0.710422992706299
v 1.0774050951004 1.18984174728394 0.679225444793701
v 1.07988119125366 1.19427824020386 0.673480033874512
v 1.07541513442993 1.18283867835999 0.686352610588074
v 1.09146404266357 1.17306804656982 0.683050870895386
v 1.10596394538879 1.16734945774078 0.675288319587708
v 1.01340711116791 1.19101417064667 0.70137745141983
v 1.00149607658386 1.18926239013672 0.709195733070374
v 1.0166107416153 1.17298412322998 0.718380272388458
v 1.02745962142944 1.17453300952911 0.713600695133209
v 1.04130756855011 1.12136602401733 0.722991943359375
v 1.03079605102539 1.12283980846405 0.728058099746704
v 1.03036522865295 1.10784792900085 0.726383626461029
v 1.0417013168335 1.10580956935883 0.721189618110657
v 0.963780164718628 1.18056404590607 0.736456990242004
v 0.952617764472961 1.17433023452759 0.74549663066864
v 0.968483209609985 1.16462397575378 0.754861056804657
v 0.980192959308624 1.16916537284851 0.745547652244568
v 1.02950608730316 1.13896059989929 0.72824639081955
v 1.07740271091461 1.02185761928558 0.700842380523682
v 1.06266593933105 1.02927327156067 0.708010613918304
v 1.04894721508026 1.03827726840973 0.712374448776245
v 1.01446926593781 1.06162524223328 0.715500712394714
v 1.01759839057922 1.04599797725677 0.712756633758545
v 1.02466130256653 1.05609381198883 0.714653134346008
v 1.0039050579071 1.06585788726807 0.719094216823578
v 0.994811177253723 1.06858623027802 0.722877323627472
v 0.925039231777191 1.15751540660858 0.680573344230652
v 0.922376036643982 1.13452005386353 0.666729092597961
v 0.919320702552795 1.13258588314056 0.680525600910187
v 0.972995162010193 1.06774353981018 0.731929957866669
v 0.96990305185318 1.06385612487793 0.728560149669647
v 0.978051602840424 1.06301426887512 0.721328318119049
v 0.98094630241394 1.06692719459534 0.724108338356018
v 1.02403748035431 1.19226741790771 0.693875968456268
v 0.979817628860474 1.15033710002899 0.758416891098022
v 0.985577583312988 1.13500821590424 0.759081602096558
v 0.99629545211792 1.1378014087677 0.749268889427185
v 0.991269111633301 1.15383362770081 0.748391807079315
v 0.988907277584076 1.12163555622101 0.757615149021149
v 0.989348411560059 1.10976219177246 0.754591047763824
v 0.998925387859344 1.11050128936768 0.745960354804993
v 0.999168992042542 1.12359321117401 0.748414695262909
v 0.975374758243561 1.07257723808289 0.7364581823349
v 0.985392212867737 1.07209181785583 0.727382302284241
v 0.927169859409332 1.17114496231079 0.737417340278625
v 0.97079062461853 1.19509148597717 0.70176362991333
v 0.983325004577637 1.19788312911987 0.693546414375305
v 0.965174555778503 1.19306635856628 0.672875046730042
v 0.953454911708832 1.18964552879333 0.679775297641754
v 0.938441514968872 1.07847225666046 0.696220874786377
v 0.940840303897858 1.07072114944458 0.70403116941452
v 0.943675398826599 1.06323277950287 0.710637807846069
v 0.972846150398254 1.05642139911652 0.712820649147034
v 0.946035921573639 1.05776011943817 0.718282580375671
v 0.919557988643646 1.11160588264465 0.685652315616608
v 0.914154171943665 1.12827622890472 0.692686319351196
v 0.951665759086609 1.17562627792358 0.654188394546509
v 0.94214004278183 1.17057251930237 0.660709619522095
v 0.942891001701355 1.16838443279266 0.753710925579071
v 0.958645820617676 1.15776515007019 0.762619376182556
v 0.954189896583557 1.05888533592224 0.747745454311371
v 0.960465013980865 1.06076776981354 0.737437963485718
v 0.964257538318634 1.0647234916687 0.740306854248047
v 0.983241319656372 1.05095326900482 0.710734128952026
v 0.975929260253906 1.0590432882309 0.716922998428345
v 0.989238619804382 1.18756246566772 0.717792391777039
v 0.976310133934021 1.12995660305023 0.766274094581604
v 0.969576060771942 1.14412593841553 0.766092479228973
v 1.00901794433594 1.12421214580536 0.73973137140274
v 1.0197536945343 1.1237518787384 0.733091592788696
v 1.01848185062408 1.13951289653778 0.732403516769409
v 1.00728619098663 1.13913476467133 0.739931762218475
v 0.977196991443634 1.09417140483856 0.758693337440491
v 0.979528546333313 1.10680294036865 0.762810707092285
v 1.01946115493774 1.10949766635895 0.732089042663574
v 1.00891208648682 1.11051595211029 0.738605499267578
v 0.967527806758881 1.06967866420746 0.744883060455322
v 0.961117386817932 1.17861473560333 0.649683356285095
v 0.957591831684113 1.15976119041443 0.626338422298431
v 0.950157642364502 1.15950238704681 0.634493291378021
v 0.942504942417145 1.15461349487305 0.64020973443985
v 0.934280395507812 1.14822363853455 0.647246599197388
v 0.926791608333588 1.13990116119385 0.655680954456329
v 0.965341031551361 1.15895009040833 0.615499198436737
v 0.780002474784851 1.03669023513794 0.883039653301239
v 0.949326992034912 1.05448257923126 0.746359765529633
v 0.947250247001648 1.05746507644653 0.758849263191223
v 0.941757440567017 1.05216073989868 0.759093523025513
v 0.908780813217163 1.06077516078949 0.809651970863342
v 1.01438188552856 1.2668114900589 0.459178268909454
v 1.0159410238266 1.26182246208191 0.462671130895615
v 1.0139993429184 1.29024481773376 0.453550487756729
v 1.01364254951477 1.28655600547791 0.453707069158554
v 0.808378040790558 1.05844712257385 0.896034121513367
v 0.805219769477844 1.06400287151337 0.898431360721588
v 0.80038183927536 1.11228704452515 0.892139196395874
v 0.819413900375366 1.11611938476562 0.886643528938293
v 0.821469783782959 1.13521468639374 0.878208756446838
v 0.843947052955627 1.11678719520569 0.849046945571899
v 0.836957335472107 1.11063742637634 0.833825826644897
v 0.797550916671753 1.0935754776001 0.811906337738037
v 0.759313523769379 1.09842956066132 0.864782929420471
v 0.838536262512207 1.22764492034912 0.798917829990387
v 0.839006543159485 1.24231791496277 0.788494110107422
v 0.840463638305664 1.24702119827271 0.798654317855835
v 0.838382303714752 1.2326033115387 0.809203565120697
v 0.839962124824524 1.25535798072815 0.77827262878418
v 0.832579791545868 1.23974990844727 0.780710101127625
v 0.832354426383972 1.25379931926727 0.771537840366364
v 0.823931157588959 1.23883926868439 0.77637791633606
v 0.82386577129364 1.25438511371613 0.768212795257568
v 0.81482058763504 1.25621557235718 0.76738429069519
v 0.814436554908752 1.23977446556091 0.774606823921204
v 0.805582046508789 1.24233114719391 0.775832295417786
v 0.806456923484802 1.25954270362854 0.769984722137451
v 0.795617759227753 1.22701978683472 0.784684181213379
v 0.787078857421875 1.23058974742889 0.789888262748718
v 0.791271924972534 1.2499006986618 0.785675883293152
v 0.797808468341827 1.24606037139893 0.779940962791443
v 0.791567921638489 1.27462553977966 0.796639084815979
v 0.78563791513443 1.25682377815247 0.802345156669617
v 0.789873003959656 1.25887608528137 0.810280621051788
v 0.795517385005951 1.27610015869141 0.80363941192627
v 0.80138486623764 1.24313604831696 0.82796847820282
v 0.807020902633667 1.26063084602356 0.820623993873596
v 0.797888040542603 1.26057887077332 0.816007554531097
v 0.791292726993561 1.24194061756134 0.82363885641098
v 0.812254548072815 1.27639365196228 0.814677476882935
v 0.817691922187805 1.25980186462402 0.819730997085571
v 0.822718024253845 1.27366816997528 0.81355619430542
v 0.833463847637177 1.20864403247833 0.799296140670776
v 0.837827801704407 1.21256160736084 0.809134185314178
v 0.836920738220215 1.19752895832062 0.81873095035553
v 0.815038859844208 1.22225069999695 0.781516194343567
v 0.824721038341522 1.22224295139313 0.784351229667664
v 0.825539708137512 1.20597553253174 0.792473137378693
v 0.815698981285095 1.20503222942352 0.788524866104126
v 0.78100448846817 1.19177079200745 0.797877430915833
v 0.783781945705414 1.21153318881989 0.793926954269409
v 0.794008076190948 1.20805513858795 0.789198100566864
v 0.805230975151062 1.22405409812927 0.781919121742249
v 0.80498206615448 1.20596837997437 0.787719488143921
v 0.781238555908203 1.2346339225769 0.798039317131042
v 0.786380171775818 1.25368452072144 0.793683707714081
v 0.832416653633118 1.23741924762726 0.817750930786133
v 0.835390090942383 1.25210642814636 0.8078373670578
v 0.827234387397766 1.25645399093628 0.814668297767639
v 0.823552966117859 1.24110341072083 0.823980629444122
v 0.776883661746979 1.2154860496521 0.802378058433533
v 0.829933702945709 1.22178828716278 0.82792741060257
v 0.820049405097961 1.22491562366486 0.834070801734924
v 0.813022136688232 1.24345791339874 0.828059911727905
v 0.808223903179169 1.22658693790436 0.83729887008667
v 0.838882803916931 1.26491928100586 0.799270570278168
v 0.84286093711853 1.25981414318085 0.788965463638306
v 0.836728036403656 1.21752488613129 0.819510996341705
v 0.779837369918823 1.23829817771912 0.807792186737061
v 0.774545133113861 1.21921873092651 0.812955737113953
v 0.777586698532104 1.22208511829376 0.823243021965027
v 0.783253073692322 1.2404727935791 0.817096889019012
v 0.790213525295258 1.20680034160614 0.844980478286743
v 0.795664370059967 1.22535884380341 0.835758805274963
v 0.785158634185791 1.22353684902191 0.83087944984436
v 0.802971720695496 1.27747130393982 0.809768915176392
v 0.803543329238892 1.2088211774826 0.847247898578644
v 0.844323992729187 1.32624936103821 0.741904020309448
v 0.850125432014465 1.32529520988464 0.733333170413971
v 0.84331339597702 1.31753206253052 0.732319951057434
v 0.837478756904602 1.31837642192841 0.741934299468994
v 0.829207301139832 1.29883921146393 0.728210747241974
v 0.838941216468811 1.29991805553436 0.719875931739807
v 0.840927124023438 1.28972136974335 0.720273315906525
v 0.830946624279022 1.28707110881805 0.728362083435059
v 0.857050776481628 1.32279419898987 0.727566957473755
v 0.849639177322388 1.31609988212585 0.725553035736084
v 0.862827599048615 1.31753945350647 0.726872563362122
v 0.864085912704468 1.32873868942261 0.728783667087555
v 0.870271444320679 1.32464790344238 0.731050610542297
v 0.876009166240692 1.33106565475464 0.731987118721008
v 0.879488229751587 1.32992005348206 0.740871906280518
v 0.873761236667633 1.31907987594604 0.740994513034821
v 0.867242813110352 1.32519483566284 0.765809535980225
v 0.873607575893402 1.33697068691254 0.76052188873291
v 0.867748022079468 1.34092664718628 0.768645346164703
v 0.86138379573822 1.32888841629028 0.773445010185242
v 0.851467788219452 1.34532701969147 0.7798131108284
v 0.846708595752716 1.33301687240601 0.783666491508484
v 0.854182958602905 1.33117365837097 0.778580188751221
v 0.86007297039032 1.34397387504578 0.773744583129883
v 0.836393296718597 1.32892060279846 0.755140423774719
v 0.839689970016479 1.32716846466064 0.750307202339172
v 0.832955121994019 1.3197820186615 0.751638889312744
v 0.82945704460144 1.3213084936142 0.7572340965271
v 0.869049608707428 1.30811882019043 0.722925901412964
v 0.86636221408844 1.31133913993835 0.721478581428528
v 0.86800092458725 1.31419897079468 0.730617105960846
v 0.868326246738434 1.30771231651306 0.733850061893463
v 0.803575098514557 1.3087375164032 0.767468094825745
v 0.807079792022705 1.30409741401672 0.762516140937805
v 0.804344356060028 1.29357278347015 0.764915347099304
v 0.799537360668182 1.29770088195801 0.770877957344055
v 0.817611277103424 1.28335213661194 0.744136810302734
v 0.827964127063751 1.27379775047302 0.748062133789062
v 0.824461698532104 1.27203965187073 0.753885865211487
v 0.814332902431488 1.28287434577942 0.75228089094162
v 0.822946906089783 1.28476774692535 0.736370980739594
v 0.839121282100677 1.27975785732269 0.733206152915955
v 0.832608222961426 1.27614188194275 0.740853667259216
v 0.847883403301239 1.28389096260071 0.724304556846619
v 0.795678377151489 1.30136871337891 0.780527591705322
v 0.797476768493652 1.31073999404907 0.779302000999451
v 0.897505700588226 1.37124919891357 0.715023159980774
v 0.894305229187012 1.36689496040344 0.716817617416382
v 0.891465544700623 1.37116646766663 0.719012141227722
v 0.895080924034119 1.37546956539154 0.717400014400482
v 0.807045578956604 1.30991220474243 0.797067284584045
v 0.803449511528015 1.30365180969238 0.796854913234711
v 0.811797320842743 1.30263161659241 0.801377475261688
v 0.816128611564636 1.30801737308502 0.799926340579987
v 0.811772227287292 1.31879806518555 0.796579003334045
v 0.821534276008606 1.31559538841248 0.797885298728943
v 0.908655285835266 1.36828279495239 0.722461044788361
v 0.905307710170746 1.36403703689575 0.725300312042236
v 0.902513921260834 1.3629515171051 0.72101092338562
v 0.90572726726532 1.36745858192444 0.718215882778168
v 0.850596785545349 1.33335518836975 0.73968893289566
v 0.856434226036072 1.33188164234161 0.732270240783691
v 0.865912973880768 1.34803533554077 0.729330539703369
v 0.869342505931854 1.34293603897095 0.727176308631897
v 0.862883567810059 1.33759224414825 0.729630291461945
v 0.856890738010406 1.34173989295959 0.73566198348999
v 0.845458507537842 1.34632897377014 0.751994371414185
v 0.850569605827332 1.34614098072052 0.745744824409485
v 0.845234870910645 1.33711206912994 0.749333262443542
v 0.840064465999603 1.33789122104645 0.755569934844971
v 0.831220388412476 1.34212493896484 0.762450337409973
v 0.827052414417267 1.34585857391357 0.7652667760849
v 0.831672191619873 1.35346841812134 0.76326847076416
v 0.836673080921173 1.35043811798096 0.759668588638306
v 0.851650834083557 1.36373019218445 0.751562714576721
v 0.848463118076324 1.36563789844513 0.755385637283325
v 0.855706334114075 1.37216687202454 0.75469583272934
v 0.858821511268616 1.3707594871521 0.751294136047363
v 0.801346242427826 1.29825925827026 0.797315001487732
v 0.808712124824524 1.29703164100647 0.803358733654022
v 0.833942592144012 1.34865891933441 0.789522767066956
v 0.836976826190948 1.35846996307373 0.78845739364624
v 0.826663672924042 1.36058712005615 0.78913551568985
v 0.823272287845612 1.35006928443909 0.790528953075409
v 0.826094388961792 1.30571150779724 0.798354208469391
v 0.822151243686676 1.30037188529968 0.801254034042358
v 0.909277319908142 1.37178468704224 0.726891338825226
v 0.906096637248993 1.36741089820862 0.729898035526276
v 0.856249868869781 1.28423011302948 0.731142401695251
v 0.847980320453644 1.28026151657104 0.741573333740234
v 0.841480791568756 1.27695691585541 0.750060260295868
v 0.837607264518738 1.27418398857117 0.755843639373779
v 0.835705280303955 1.27039456367493 0.759728968143463
v 0.857801020145416 1.34874403476715 0.737572312355042
v 0.844999730587006 1.33234417438507 0.747189104557037
v 0.833404660224915 1.3299343585968 0.758434057235718
v 0.812314569950104 1.34349370002747 0.774141907691956
v 0.81780219078064 1.34142446517944 0.769034862518311
v 0.8140869140625 1.33417916297913 0.768719434738159
v 0.808123111724854 1.33648419380188 0.776345312595367
v 0.816227495670319 1.35228824615479 0.786074876785278
v 0.819973587989807 1.36193108558655 0.784321784973145
v 0.819453060626984 1.36110270023346 0.777052164077759
v 0.815160572528839 1.35285580158234 0.778518855571747
v 0.871862828731537 1.30327367782593 0.72320818901062
v 0.868112087249756 1.30039525032043 0.733593761920929
v 0.800524711608887 1.31149172782898 0.789472043514252
v 0.798251390457153 1.30390334129333 0.789141654968262
v 0.796380698680878 1.29645788669586 0.790139317512512
v 0.817276120185852 1.31290054321289 0.760173439979553
v 0.820070624351501 1.31190836429596 0.756775438785553
v 0.811540424823761 1.29940164089203 0.753949403762817
v 0.809173822402954 1.30134248733521 0.759326219558716
v 0.828129231929779 1.31034553050995 0.739688992500305
v 0.835093855857849 1.30981385707855 0.729894757270813
v 0.820963680744171 1.29845798015594 0.737614154815674
v 0.807941854000092 1.28901743888855 0.759507834911346
v 0.808359265327454 1.28071808815002 0.762025356292725
v 0.803684949874878 1.2856422662735 0.768143236637115
v 0.798850059509277 1.2903265953064 0.774591088294983
v 0.79567015171051 1.29432964324951 0.782431125640869
v 0.80769681930542 1.27230036258698 0.765487432479858
v 0.802234709262848 1.27712607383728 0.771147489547729
v 0.797728776931763 1.28195989131927 0.778061985969543
v 0.795055627822876 1.28589463233948 0.785346388816833
v 0.81612628698349 1.28719758987427 0.809399008750916
v 0.818980038166046 1.29445648193359 0.804967105388641
v 0.805862784385681 1.28935897350311 0.806138813495636
v 0.824588298797607 1.26537299156189 0.760302424430847
v 0.815401911735535 1.26895117759705 0.761798739433289
v 0.815828204154968 1.27646934986115 0.757076501846313
v 0.833418846130371 1.26416039466858 0.764452815055847
v 0.847068905830383 1.30042445659637 0.714522123336792
v 0.849901080131531 1.30803227424622 0.717867732048035
v 0.855315685272217 1.30841112136841 0.712877035140991
v 0.853678822517395 1.30211067199707 0.709466874599457
v 0.869930684566498 1.33386647701263 0.728824019432068
v 0.875056564807892 1.33942115306854 0.72784811258316
v 0.880728244781494 1.33742880821228 0.731406986713409
v 0.80063259601593 1.3205224275589 0.779009819030762
v 0.806240260601044 1.31865549087524 0.769015431404114
v 0.865346074104309 1.35300588607788 0.732679486274719
v 0.901150822639465 1.35923802852631 0.728215873241425
v 0.893903791904449 1.35036599636078 0.732597708702087
v 0.890339374542236 1.34946095943451 0.727388978004456
v 0.898417353630066 1.35818028450012 0.723480641841888
v 0.872612595558167 1.360426902771 0.735309243202209
v 0.879497826099396 1.36452865600586 0.733352541923523
v 0.877243340015411 1.36117601394653 0.72871720790863
v 0.871489286422729 1.35629856586456 0.730936288833618
v 0.843786418437958 1.36780643463135 0.759687423706055
v 0.849614381790161 1.37328362464905 0.759023427963257
v 0.877653002738953 1.3488165140152 0.753427505493164
v 0.878904759883881 1.33218765258789 0.75194239616394
v 0.883601307868958 1.34142065048218 0.747641682624817
v 0.84095960855484 1.34811544418335 0.756401181221008
v 0.842206835746765 1.35846102237701 0.757153511047363
v 0.84579861164093 1.35634326934814 0.753506600856781
v 0.85923045873642 1.35273218154907 0.738695323467255
v 0.855029463768005 1.35245704650879 0.743207395076752
v 0.86076295375824 1.35762202739716 0.740884304046631
v 0.864506661891937 1.35606145858765 0.736402809619904
v 0.810242116451263 1.34138178825378 0.78706157207489
v 0.820054113864899 1.33897614479065 0.792891144752502
v 0.898435235023499 1.36404943466187 0.717828869819641
v 0.901570081710815 1.36848723888397 0.715649366378784
v 0.798872709274292 1.28962540626526 0.799333512783051
v 0.795263648033142 1.28852903842926 0.792301952838898
v 0.835711181163788 1.33944118022919 0.759384214878082
v 0.871925473213196 1.32175755500793 0.75539630651474
v 0.829545557498932 1.3312087059021 0.761368215084076
v 0.851016879081726 1.36628925800323 0.775960803031921
v 0.855453014373779 1.37265169620514 0.774138748645782
v 0.850143492221832 1.37491226196289 0.77112340927124
v 0.845013976097107 1.36986744403839 0.774112522602081
v 0.888608932495117 1.37191939353943 0.730337858200073
v 0.894103527069092 1.37664711475372 0.7285076379776
v 0.891640424728394 1.37485671043396 0.723498702049255
v 0.886103689670563 1.36967146396637 0.725138604640961
v 0.871926188468933 1.35198676586151 0.727846324443817
v 0.877594351768494 1.35725879669189 0.725056767463684
v 0.880511820316315 1.3532133102417 0.723276615142822
v 0.874610960483551 1.34755480289459 0.725787758827209
v 0.879626929759979 1.34450495243073 0.726670145988464
v 0.885481894016266 1.35051894187927 0.724361836910248
v 0.893597722053528 1.37143754959106 0.734920561313629
v 0.885101735591888 1.36417102813721 0.738221883773804
v 0.89057868719101 1.35943961143494 0.740746796131134
v 0.898873209953308 1.36719179153442 0.736146450042725
v 0.842193603515625 1.32093834877014 0.787577569484711
v 0.838632762432098 1.33543276786804 0.788497388362885
v 0.834547758102417 1.32352209091187 0.791973948478699
v 0.856156885623932 1.356440782547 0.776512801647186
v 0.845260679721832 1.35872685909271 0.780263960361481
v 0.842637598514557 1.34733438491821 0.7850621342659
v 0.83068311214447 1.33720338344574 0.791874527931213
v 0.875263214111328 1.3599956035614 0.745523810386658
v 0.877894699573517 1.35833215713501 0.750742554664612
v 0.88211864233017 1.35456824302673 0.744934916496277
v 0.82370400428772 1.33398175239563 0.764749526977539
v 0.89367288351059 1.35884976387024 0.720345854759216
v 0.84869658946991 1.28104948997498 0.773251175880432
v 0.851560115814209 1.2866153717041 0.769142270088196
v 0.850208282470703 1.29417848587036 0.781120777130127
v 0.847134172916412 1.2867476940155 0.784063398838043
v 0.886014461517334 1.36566519737244 0.721039056777954
v 0.889004707336426 1.36169755458832 0.718932271003723
v 0.840722143650055 1.37078785896301 0.764837026596069
v 0.841391563415527 1.37450063228607 0.7691370844841
v 0.846587777137756 1.37706279754639 0.767529785633087
v 0.846805572509766 1.37507319450378 0.763521194458008
v 0.82683253288269 1.32573676109314 0.79512357711792
v 0.838510513305664 1.36551022529602 0.788026988506317
v 0.82913464307785 1.36897206306458 0.787848353385925
v 0.830562591552734 1.31331670284271 0.795379519462585
v 0.83562844991684 1.30255436897278 0.794027864933014
v 0.838422298431396 1.31032752990723 0.791139364242554
v 0.865494012832642 1.35681295394897 0.767332911491394
v 0.849024891853333 1.31913125514984 0.783018350601196
v 0.844752967357635 1.30767416954041 0.787015795707703
v 0.84264725446701 1.29833745956421 0.789641737937927
v 0.840639650821686 1.29190135002136 0.792412400245667
v 0.83235776424408 1.29633617401123 0.79725193977356
v 0.901509761810303 1.3622807264328 0.733187437057495
v 0.903435826301575 1.37195646762848 0.733114957809448
v 0.826729595661163 1.28308963775635 0.806695401668549
v 0.829554498195648 1.29002726078033 0.801194846630096
v 0.835332751274109 1.27879440784454 0.800677537918091
v 0.838155210018158 1.28554224967957 0.796156764030457
v 0.856354176998138 1.30227410793304 0.774511218070984
v 0.85156124830246 1.30546379089355 0.781475782394409
v 0.861518800258636 1.31385898590088 0.770458817481995
v 0.855786919593811 1.31684386730194 0.778102874755859
v 0.873566269874573 1.35153615474701 0.76355916261673
v 0.908554315567017 1.38530039787292 0.726033747196198
v 0.90450519323349 1.3868134021759 0.723953545093536
v 0.898653030395508 1.38105273246765 0.72661018371582
v 0.90326714515686 1.37978959083557 0.729347229003906
v 0.898763358592987 1.37570905685425 0.732163727283478
v 0.907305657863617 1.3762378692627 0.729993224143982
v 0.865404427051544 1.31011521816254 0.759517133235931
v 0.867523372173309 1.36231207847595 0.739995121955872
v 0.85801112651825 1.29621005058289 0.761034309864044
v 0.864941120147705 1.29800367355347 0.74607127904892
v 0.869776546955109 1.30799341201782 0.746319770812988
v 0.855114698410034 1.28470754623413 0.750697612762451
v 0.849197268486023 1.28002405166626 0.759008884429932
v 0.843240082263947 1.27214908599854 0.767004251480103
v 0.845026731491089 1.27627968788147 0.76400363445282
v 0.84170401096344 1.2657516002655 0.770965933799744
v 0.861884355545044 1.28882098197937 0.739502847194672
v 0.899443566799164 1.38163828849792 0.715614199638367
v 0.901427447795868 1.37751483917236 0.712598025798798
v 0.847093105316162 1.27614617347717 0.776339173316956
v 0.84504234790802 1.26929104328156 0.781368136405945
v 0.84300696849823 1.30928170681 0.722618043422699
v 0.82315719127655 1.3231348991394 0.76229339838028
v 0.818024575710297 1.32487046718597 0.764526844024658
v 0.810212194919586 1.32695591449738 0.768670618534088
v 0.803825497627258 1.32915186882019 0.777886211872101
v 0.842796444892883 1.27393138408661 0.792712569236755
v 0.800187945365906 1.26414227485657 0.774604260921478
v 0.795159637928009 1.26856160163879 0.781476974487305
v 0.831387758255005 1.26957952976227 0.80709981918335
v 0.905415952205658 1.37475204467773 0.712723135948181
v 0.862741768360138 1.37245774269104 0.757429838180542
v 0.864126861095428 1.37282514572144 0.755427598953247
v 0.848186850547791 1.292311668396 0.714377164840698
v 0.855269730091095 1.29585790634155 0.709027171134949
v 0.868182182312012 1.29382252693176 0.714933514595032
v 0.86261659860611 1.28833389282227 0.722286701202393
v 0.854637682437897 1.28768348693848 0.717061698436737
v 0.86104416847229 1.2931547164917 0.711120426654816
v 0.815367519855499 1.31457138061523 0.762073516845703
v 0.811913967132568 1.31672739982605 0.764785945415497
v 0.816249847412109 1.32827389240265 0.795262038707733
v 0.80657434463501 1.33058309555054 0.789520859718323
v 0.884814560413361 1.34305095672607 0.730087697505951
v 0.887933015823364 1.34381556510925 0.736107349395752
v 0.884182810783386 1.33766961097717 0.738930702209473
v 0.893835544586182 1.35389459133148 0.738404870033264
v 0.878227293491364 1.36031293869019 0.740165591239929
v 0.873438954353333 1.36193346977234 0.741495370864868
v 0.823827505111694 1.3112119436264 0.749840259552002
v 0.815602600574493 1.29892563819885 0.74652099609375
v 0.860179245471954 1.31229019165039 0.71849799156189
v 0.855049610137939 1.31320428848267 0.721892356872559
v 0.850076019763947 1.35380339622498 0.748775482177734
v 0.872987687587738 1.3649560213089 0.761754930019379
v 0.878197610378265 1.3596408367157 0.758965492248535
v 0.855577707290649 1.36012697219849 0.746631264686584
v 0.909678101539612 1.37392592430115 0.714803636074066
v 0.912968158721924 1.37470996379852 0.718831300735474
v 0.887853980064392 1.34760880470276 0.742977917194366
v 0.837274074554443 1.36123490333557 0.761216461658478
v 0.868871808052063 1.36985456943512 0.759311199188232
v 0.865055859088898 1.36571645736694 0.764922738075256
v 0.823560178279877 1.36848413944244 0.782737195491791
v 0.845507860183716 1.28109788894653 0.787423253059387
v 0.895057439804077 1.37917566299438 0.722064733505249
v 0.900145888328552 1.38532423973083 0.719958662986755
v 0.911498665809631 1.38195705413818 0.7262282371521
v 0.913299322128296 1.37766575813293 0.723664164543152
v 0.802936732769012 1.32024574279785 0.790366888046265
v 0.826480805873871 1.32221496105194 0.760117053985596
v 0.791943907737732 1.27193427085876 0.789164125919342
v 0.86760014295578 1.29260742664337 0.729352295398712
v 0.872552990913391 1.29774010181427 0.720166623592377
v 0.861510813236237 1.36586451530457 0.745787262916565
v 0.843340873718262 1.36607313156128 0.781001567840576
v 0.866927742958069 1.36973714828491 0.766396045684814
v 0.863132953643799 1.369912981987 0.773014068603516
v 0.859809279441833 1.36408185958862 0.774357795715332
v 0.866090357303619 1.37252295017242 0.761136770248413
v 0.917308330535889 1.38290238380432 0.720971822738647
v 0.915403187274933 1.38696873188019 0.723522663116455
v 0.917107403278351 1.38010442256927 0.716049551963806
v 0.913213193416595 1.37908291816711 0.712490677833557
v 0.908804655075073 1.37950336933136 0.710938572883606
v 0.912286698818207 1.3899347782135 0.723510921001434
v 0.908362090587616 1.39105939865112 0.721752405166626
v 0.903768062591553 1.3892982006073 0.718253910541534
v 0.915390491485596 1.39441168308258 0.721317052841187
v 0.919075906276703 1.3922131061554 0.720778226852417
v 0.923453032970428 1.3902599811554 0.709963619709015
v 0.925174474716187 1.39210331439972 0.712197124958038
v 0.923322916030884 1.38939583301544 0.714017152786255
v 0.921352744102478 1.38596522808075 0.713443160057068
v 0.925372719764709 1.39472079277039 0.708236575126648
v 0.92745977640152 1.39600396156311 0.710657358169556
v 0.925079107284546 1.39420807361603 0.715564906597137
v 0.922620713710785 1.39048087596893 0.71696925163269
v 0.92778754234314 1.39840018749237 0.714135646820068
v 0.925549447536469 1.40078163146973 0.716384470462799
v 0.922926306724548 1.39671206474304 0.717552781105042
v 0.921398520469666 1.39307820796967 0.718494892120361
v 0.920746862888336 1.38754081726074 0.718546867370605
v 0.927056014537811 1.3992486000061 0.708063721656799
v 0.927479863166809 1.40355896949768 0.71070921421051
v 0.929469227790833 1.40194416046143 0.71257495880127
v 0.9288569688797 1.39902651309967 0.709923028945923
v 0.916755139827728 1.38403356075287 0.710453808307648
v 0.91992861032486 1.38973236083984 0.708225011825562
v 0.922159075737 1.394944190979 0.706825256347656
v 0.923828601837158 1.39977276325226 0.706989169120789
v 0.916294753551483 1.39102804660797 0.707050979137421
v 0.919191837310791 1.39634799957275 0.706451535224915
v 0.920724868774414 1.40032684803009 0.707007586956024
v 0.91330361366272 1.39354777336121 0.707511186599731
v 0.917063236236572 1.39838349819183 0.707283854484558
v 0.912162601947784 1.38424956798553 0.709102392196655
v 0.908286392688751 1.38629984855652 0.709592461585999
v 0.918863236904144 1.40068519115448 0.707668006420135
v 0.924307405948639 1.40391767024994 0.709826231002808
v 0.920566260814667 1.39806592464447 0.719005167484283
v 0.922961354255676 1.40241587162018 0.717050015926361
v 0.917916297912598 1.39929974079132 0.718950390815735
v 0.920533895492554 1.4033637046814 0.71658182144165
v 0.92750883102417 1.40345096588135 0.71527361869812
v 0.925537824630737 1.40502655506134 0.714714467525482
v 0.904855608940125 1.38176488876343 0.711192488670349
v 0.902956306934357 1.38580644130707 0.714422106742859
v 0.906448066234589 1.3900671005249 0.712589859962463
v 0.911302089691162 1.39695239067078 0.710431575775146
v 0.907645463943481 1.39344167709351 0.716516375541687
v 0.911753296852112 1.39542460441589 0.719704151153564
v 0.915270566940308 1.40007305145264 0.717508912086487
v 0.912221431732178 1.39936399459839 0.7145716547966
v 0.91795939207077 1.4035427570343 0.715061664581299
v 0.916069686412811 1.40281963348389 0.712721407413483
v 0.915841042995453 1.40097069740295 0.709666013717651
v 0.920060634613037 1.40489840507507 0.7125324010849
v 0.922681748867035 1.40534436702728 0.713790714740753
v 0.92114669084549 1.40342950820923 0.709509968757629
v 0.918599307537079 1.40263247489929 0.709452152252197
v 0.918300271034241 1.40387463569641 0.711505532264709
v 0.889643728733063 1.3959903717041 0.735950589179993
v 0.885765433311462 1.38945305347443 0.737350821495056
v 0.882885813713074 1.39255940914154 0.740211308002472
v 0.887019038200378 1.39920377731323 0.739181756973267
v 0.900287389755249 1.39030635356903 0.742372453212738
v 0.896949112415314 1.38449895381927 0.744586527347565
v 0.893502652645111 1.38494265079498 0.739992380142212
v 0.896733045578003 1.39120650291443 0.737760961055756
v 0.899727761745453 1.39276075363159 0.74829775094986
v 0.896425664424896 1.38698148727417 0.750639259815216
v 0.892544627189636 1.37770092487335 0.746613502502441
v 0.883858263492584 1.36674833297729 0.749306917190552
v 0.880129039287567 1.36802077293396 0.744441390037537
v 0.889102220535278 1.3784396648407 0.741926550865173
v 0.869428157806396 1.37904596328735 0.753344178199768
v 0.867145895957947 1.37681245803833 0.748993992805481
v 0.889491379261017 1.38703560829163 0.737731099128723
v 0.892933547496796 1.39338302612305 0.735647201538086
v 0.878351330757141 1.38985395431519 0.75083327293396
v 0.883887112140656 1.3969966173172 0.749526619911194
v 0.882264852523804 1.39544796943665 0.744713544845581
v 0.876523733139038 1.3883159160614 0.745942413806915
v 0.868433773517609 1.37329709529877 0.74426794052124
v 0.872020602226257 1.3703453540802 0.74042820930481
v 0.876387059688568 1.36893498897552 0.741146564483643
v 0.882600545883179 1.3890860080719 0.755023121833801
v 0.87466436624527 1.378093957901 0.757549941539764
v 0.880011379718781 1.37390458583832 0.759170413017273
v 0.887871742248535 1.38533186912537 0.756069302558899
v 0.884792447090149 1.38002347946167 0.739084780216217
v 0.877357184886932 1.38511693477631 0.741350769996643
v 0.880600392818451 1.38215470314026 0.738320529460907
v 0.891842007637024 1.38030910491943 0.752770900726318
v 0.892374634742737 1.39209187030792 0.753795027732849
v 0.89794397354126 1.4089127779007 0.748377323150635
v 0.89445286989212 1.41103506088257 0.746019959449768
v 0.888345181941986 1.40330874919891 0.748242855072021
v 0.892183303833008 1.40170323848724 0.751082479953766
v 0.887759506702423 1.39590227603912 0.752872705459595
v 0.896298050880432 1.39760982990265 0.751507580280304
v 0.892916738986969 1.40862643718719 0.737341225147247
v 0.895013034343719 1.40501856803894 0.733899593353271
v 0.898011386394501 1.40237963199615 0.733148455619812
v 0.884470880031586 1.36884593963623 0.756259739398956
v 0.90130090713501 1.40018355846405 0.735181570053101
v 0.904837310314178 1.39872431755066 0.739512324333191
v 0.886483609676361 1.40217077732086 0.743612289428711
v 0.892270565032959 1.41079604625702 0.741736054420471
v 0.901330769062042 1.4051501750946 0.74854850769043
v 0.904431045055389 1.40056550502777 0.745552361011505
v 0.908315598964691 1.40775275230408 0.743234753608704
v 0.905298352241516 1.4116952419281 0.746137380599976
v 0.909071326255798 1.40580987930298 0.737593770027161
v 0.905347228050232 1.40639674663544 0.733635902404785
v 0.901761710643768 1.40794515609741 0.732136011123657
v 0.902390956878662 1.41474449634552 0.74618673324585
v 0.899073660373688 1.41637396812439 0.744399130344391
v 0.896314382553101 1.41580700874329 0.740559041500092
v 0.906303286552429 1.42062163352966 0.744462072849274
v 0.909761607646942 1.41882371902466 0.744091689586639
v 0.918159008026123 1.42381978034973 0.732500970363617
v 0.919916391372681 1.42438769340515 0.735307812690735
v 0.917115867137909 1.42001247406006 0.736297905445099
v 0.916040122509003 1.41841316223145 0.733638644218445
v 0.915340900421143 1.41699647903442 0.737718641757965
v 0.913645029067993 1.41323804855347 0.736245095729828
v 0.917035162448883 1.42190074920654 0.739736080169678
v 0.914190948009491 1.41815900802612 0.740529417991638
v 0.920244336128235 1.42656016349792 0.739311337471008
v 0.917524218559265 1.42851972579956 0.741404175758362
v 0.914232194423676 1.42352890968323 0.741756677627563
v 0.91241592168808 1.42022943496704 0.742225706577301
v 0.920337498188019 1.42889761924744 0.732981562614441
v 0.921937942504883 1.42795217037201 0.734899938106537
v 0.912079930305481 1.41428518295288 0.741616785526276
v 0.909062266349792 1.41193163394928 0.732822000980377
v 0.912663161754608 1.41833305358887 0.731354653835297
v 0.915548384189606 1.42460036277771 0.730774283409119
v 0.917485654354095 1.42969989776611 0.731652617454529
v 0.908900916576385 1.41957139968872 0.730087399482727
v 0.912521719932556 1.42564809322357 0.730006814002991
v 0.914348125457764 1.4298859834671 0.731525540351868
v 0.905519902706146 1.42196464538574 0.730926513671875
v 0.909734070301056 1.42751777172089 0.731067419052124
v 0.904759347438812 1.41286146640778 0.73136043548584
v 0.901313841342926 1.41483855247498 0.732264637947083
v 0.912144362926483 1.42997860908508 0.732073307037354
v 0.917927384376526 1.4330507516861 0.734975397586823
v 0.921074271202087 1.43269443511963 0.736268877983093
v 0.923214912414551 1.43076729774475 0.738303542137146
v 0.912015199661255 1.4247407913208 0.742329299449921
v 0.915262460708618 1.42985606193542 0.741034984588623
v 0.909924507141113 1.42634081840515 0.742819309234619
v 0.913362622261047 1.43106424808502 0.740949630737305
v 0.920197784900665 1.43192386627197 0.740746974945068
v 0.918567955493927 1.43319606781006 0.739755392074585
v 0.898630857467651 1.41038918495178 0.733108997344971
v 0.896527171134949 1.41340017318726 0.736278593540192
v 0.899141848087311 1.41776943206787 0.735338449478149
v 0.903541147708893 1.42479574680328 0.734329581260681
v 0.89940869808197 1.42021572589874 0.739732384681702
v 0.902841806411743 1.4214563369751 0.743251740932465
v 0.907045245170593 1.42694306373596 0.741743981838226
v 0.90421736240387 1.42647659778595 0.738776564598083
v 0.910905718803406 1.43113207817078 0.739846348762512
v 0.908705413341522 1.43077635765076 0.737598657608032
v 0.908103585243225 1.4295859336853 0.734058141708374
v 0.91354638338089 1.43324160575867 0.737605929374695
v 0.9161616563797 1.43378090858459 0.738625586032867
v 0.914499580860138 1.43254232406616 0.734519124031067
v 0.911657571792603 1.43162369728088 0.734156012535095
v 0.911325812339783 1.43230032920837 0.736616969108582
v 0.872701287269592 1.40024495124817 0.754345655441284
v 0.870110213756561 1.39496755599976 0.755261182785034
v 0.865627825260162 1.39704668521881 0.756856620311737
v 0.868481874465942 1.40266990661621 0.756010174751282
v 0.881265640258789 1.3976411819458 0.76251357793808
v 0.878717601299286 1.39105188846588 0.763806343078613
v 0.877459585666656 1.39190268516541 0.759466886520386
v 0.880053758621216 1.39786148071289 0.758657038211823
v 0.8794926404953 1.39935982227325 0.766840815544128
v 0.876378774642944 1.39268612861633 0.768694281578064
v 0.875530004501343 1.38469290733337 0.764712691307068
v 0.870372772216797 1.37616300582886 0.765890002250671
v 0.868547379970551 1.37779271602631 0.760662078857422
v 0.87423849105835 1.38598847389221 0.75977897644043
v 0.874397814273834 1.39330291748047 0.756494402885437
v 0.877196133136749 1.39886164665222 0.75572007894516
v 0.858834087848663 1.39359652996063 0.765204787254333
v 0.863284170627594 1.39996027946472 0.764701247215271
v 0.86322820186615 1.39895665645599 0.760618448257446
v 0.85892117023468 1.39242911338806 0.761177182197571
v 0.854802429676056 1.38022708892822 0.758524119853973
v 0.859648883342743 1.37913513183594 0.75610077381134
v 0.864411473274231 1.37878060340881 0.757312953472137
v 0.86184561252594 1.39307570457458 0.769716024398804
v 0.855432331562042 1.38280320167542 0.770366430282593
v 0.860998094081879 1.38054990768433 0.77340567111969
v 0.867249190807343 1.3898606300354 0.772070050239563
v 0.870820999145508 1.38773632049561 0.756603837013245
v 0.861365139484406 1.39089155197144 0.75705885887146
v 0.8661789894104 1.38913655281067 0.755277156829834
v 0.872643530368805 1.38609063625336 0.76993191242218
v 0.871107757091522 1.39614915847778 0.770606160163879
v 0.876052379608154 1.4135833978653 0.766211152076721
v 0.872896075248718 1.41474914550781 0.763456046581268
v 0.866643369197845 1.40605044364929 0.764298677444458
v 0.870007395744324 1.40513849258423 0.767826020717621
v 0.865930676460266 1.39931452274323 0.768815219402313
v 0.874958574771881 1.4024852514267 0.768875956535339
v 0.873263657093048 1.41116189956665 0.755225300788879
v 0.876861333847046 1.40871071815491 0.753001809120178
v 0.880873024463654 1.40714621543884 0.754246473312378
v 0.867552578449249 1.37724936008453 0.771607279777527
v 0.852060556411743 1.38314390182495 0.766069114208221
v 0.883571803569794 1.40647673606873 0.756645083427429
v 0.885175466537476 1.40649259090424 0.760141015052795
v 0.866305649280548 1.40475654602051 0.760056495666504
v 0.871514678001404 1.41344201564789 0.759354293346405
v 0.88022255897522 1.41096413135529 0.766816675662994
v 0.883988380432129 1.40784978866577 0.764699518680573
v 0.887274563312531 1.41410529613495 0.763178110122681
v 0.883728265762329 1.41699743270874 0.765774071216583
v 0.8886439204216 1.41281771659851 0.758607625961304
v 0.886469006538391 1.41268455982208 0.755333125591278
v 0.883514702320099 1.41288900375366 0.753292739391327
v 0.879817724227905 1.41934704780579 0.765023112297058
v 0.877099215984344 1.42018628120422 0.762590289115906
v 0.875065207481384 1.41843771934509 0.758803486824036
v 0.882242441177368 1.42401576042175 0.764299869537354
v 0.886597394943237 1.42263531684875 0.764230072498322
v 0.896098792552948 1.42856335639954 0.754076778888702
v 0.896657943725586 1.42927694320679 0.756344676017761
v 0.894041359424591 1.42513966560364 0.756917953491211
v 0.894015848636627 1.42398071289062 0.754842579364777
v 0.89262717962265 1.42201602458954 0.758160710334778
v 0.891691982746124 1.41880249977112 0.757387220859528
v 0.893556952476501 1.42632555961609 0.760608315467834
v 0.891431629657745 1.42248713970184 0.761080265045166
v 0.895995855331421 1.43070864677429 0.760184407234192
v 0.892427086830139 1.43211340904236 0.762072324752808
v 0.890040695667267 1.4277012348175 0.762288093566895
v 0.88923978805542 1.42416203022003 0.762853920459747
v 0.897586524486542 1.43299770355225 0.75465714931488
v 0.898215532302856 1.4324699640274 0.756489634513855
v 0.889638364315033 1.41916084289551 0.76181572675705
v 0.889039158821106 1.41753101348877 0.7543705701828
v 0.891780436038971 1.42336940765381 0.752715706825256
v 0.894012153148651 1.4285204410553 0.752050518989563
v 0.894910752773285 1.43297946453094 0.752864837646484
v 0.88863080739975 1.42363548278809 0.751360476016998
v 0.891054153442383 1.42887949943542 0.751168608665466
v 0.891898810863495 1.43261098861694 0.7520991563797
v 0.885273277759552 1.42448401451111 0.751168727874756
v 0.888288378715515 1.42969536781311 0.751336276531219
v 0.885719656944275 1.41768622398376 0.752582788467407
v 0.881949603557587 1.41826939582825 0.752243280410767
v 0.889769017696381 1.43227279186249 0.752231359481812
v 0.893605828285217 1.43636929988861 0.756007552146912
v 0.896629273891449 1.43625617027283 0.757871031761169
v 0.898061990737915 1.43456375598907 0.759734630584717
v 0.887427687644958 1.42844414710999 0.763336598873138
v 0.889829576015472 1.43303108215332 0.762217402458191
v 0.884605824947357 1.42901396751404 0.762793600559235
v 0.887593507766724 1.43362021446228 0.761346161365509
v 0.894739508628845 1.43490612506866 0.761517584323883
v 0.893100738525391 1.43597853183746 0.760918915271759
v 0.879835307598114 1.41379761695862 0.752749025821686
v 0.8764368891716 1.41582131385803 0.754854321479797
v 0.878909289836884 1.41997802257538 0.754249513149261
v 0.882487297058105 1.42646634578705 0.75346565246582
v 0.877633690834045 1.42228925228119 0.758281946182251
v 0.879466772079468 1.42392838001251 0.76188999414444
v 0.882344186306 1.42898833751678 0.760728120803833
v 0.881240367889404 1.42792165279388 0.757413446903229
v 0.88567042350769 1.43344044685364 0.759379386901855
v 0.884733974933624 1.43259954452515 0.756661713123322
v 0.885826706886292 1.43127679824829 0.753417015075684
v 0.888414859771729 1.435551404953 0.757706701755524
v 0.890623092651367 1.43614912033081 0.759573459625244
v 0.890796661376953 1.43517315387726 0.754648447036743
v 0.888487935066223 1.43374443054199 0.753904581069946
v 0.887062430381775 1.43450045585632 0.756094574928284
v 0.852374315261841 1.38145470619202 0.762430906295776
v 0.845282793045044 1.397620677948 0.774661898612976
v 0.843965351581573 1.39270722866058 0.774529576301575
v 0.84018486738205 1.39364075660706 0.775757193565369
v 0.84141618013382 1.39851427078247 0.77587103843689
v 0.851603090763092 1.39661693572998 0.78354424238205
v 0.850408852100372 1.39092421531677 0.783823013305664
v 0.85035228729248 1.39106154441833 0.779090762138367
v 0.851686716079712 1.39662957191467 0.779051542282104
v 0.848154246807098 1.39756202697754 0.787549376487732
v 0.846670985221863 1.39177644252777 0.788116812705994
v 0.848244309425354 1.38439083099365 0.783302307128906
v 0.845154881477356 1.37390601634979 0.78217625617981
v 0.844865441322327 1.37599587440491 0.776870965957642
v 0.848131775856018 1.38480710983276 0.778379082679749
v 0.826697945594788 1.37341976165771 0.781572461128235
v 0.82952207326889 1.38004231452942 0.781258285045624
v 0.83117014169693 1.38006067276001 0.777168035507202
v 0.827423214912415 1.37281942367554 0.776760220527649
v 0.847814977169037 1.39175534248352 0.775673031806946
v 0.849092245101929 1.39705204963684 0.775923252105713
v 0.833555161952972 1.38921642303467 0.781921744346619
v 0.83584201335907 1.3949761390686 0.782415270805359
v 0.837343275547028 1.39453768730164 0.778528332710266
v 0.83508688211441 1.38915157318115 0.777849614620209
v 0.830868184566498 1.37282681465149 0.772736489772797
v 0.834224045276642 1.37974500656128 0.774048447608948
v 0.837968528270721 1.37859034538269 0.772715210914612
v 0.835469245910645 1.37284898757935 0.769981741905212
v 0.84155148267746 1.37794017791748 0.773415207862854
v 0.834627270698547 1.38836634159088 0.78618586063385
v 0.830474495887756 1.37897419929504 0.785403847694397
v 0.833987534046173 1.37655794620514 0.788944721221924
v 0.838684320449829 1.38694953918457 0.788970232009888
v 0.845541954040527 1.38611650466919 0.775071799755096
v 0.837962687015533 1.388387799263 0.77506411075592
v 0.841698408126831 1.3871705532074 0.774029552936554
v 0.844592332839966 1.38484334945679 0.787880480289459
v 0.841201484203339 1.39338684082031 0.788932263851166
v 0.8406782746315 1.40671348571777 0.786385655403137
v 0.83933162689209 1.40672469139099 0.783110797405243
v 0.837306141853333 1.40018820762634 0.782630980014801
v 0.838627278804779 1.39998745918274 0.786622583866119
v 0.837024688720703 1.39459776878357 0.786628186702728
v 0.842732548713684 1.39895403385162 0.788691818714142
v 0.843071103096008 1.40487384796143 0.776146471500397
v 0.847000420093536 1.40429532527924 0.774775147438049
v 0.850611805915833 1.40368187427521 0.775894403457642
v 0.841246426105499 1.37361347675323 0.787938237190247
v 0.853142738342285 1.40362465381622 0.778656363487244
v 0.853233098983765 1.40373826026917 0.782723844051361
v 0.838574290275574 1.3995099067688 0.778707563877106
v 0.840415239334106 1.40596532821655 0.779205858707428
v 0.844621479511261 1.40592193603516 0.788006067276001
v 0.84980309009552 1.40440821647644 0.786655008792877
v 0.851578056812286 1.4099246263504 0.786365449428558
v 0.846493482589722 1.41142320632935 0.787884950637817
v 0.854588210582733 1.40902924537659 0.782323718070984
v 0.854202032089233 1.40858495235443 0.778453230857849
v 0.851441979408264 1.40829730033875 0.776039004325867
v 0.842305183410645 1.41182088851929 0.78602260351181
v 0.84129410982132 1.411376953125 0.783117473125458
v 0.842110753059387 1.41014122962952 0.779789209365845
v 0.844370365142822 1.41661179065704 0.785871386528015
v 0.848615050315857 1.41677391529083 0.787407040596008
v 0.858283817768097 1.42263042926788 0.779288053512573
v 0.858100235462189 1.42265439033508 0.781583428382874
v 0.856670081615448 1.41950666904449 0.78185760974884
v 0.857316434383392 1.41853260993958 0.779635787010193
v 0.855729281902313 1.41663122177124 0.782794833183289
v 0.855711162090302 1.41404342651367 0.781737446784973
v 0.855167627334595 1.42011797428131 0.784981966018677
v 0.853766441345215 1.41686367988586 0.785228729248047
v 0.856604039669037 1.42396974563599 0.785030364990234
v 0.85247528553009 1.42533612251282 0.786077499389648
v 0.851311028003693 1.42163705825806 0.786561250686646
v 0.851151645183563 1.41843962669373 0.786720037460327
v 0.858490347862244 1.42646479606628 0.780103445053101
v 0.858902335166931 1.4256329536438 0.781855165958405
v 0.852821171283722 1.4140499830246 0.785772204399109
v 0.855322301387787 1.41289436817169 0.778344750404358
v 0.856597900390625 1.41785025596619 0.777538895606995
v 0.857507228851318 1.42316293716431 0.777200818061829
v 0.85670405626297 1.42712676525116 0.778431713581085
v 0.854271113872528 1.41758096218109 0.775992870330811
v 0.855010330677032 1.42275583744049 0.776132464408875
v 0.854391932487488 1.42623972892761 0.777328312397003
v 0.851146101951599 1.41707253456116 0.775517344474792
v 0.85246068239212 1.42221617698669 0.7759148478508
v 0.852813959121704 1.41218566894531 0.776240825653076
v 0.849511861801147 1.41168463230133 0.775620698928833
v 0.852960228919983 1.42509031295776 0.776775479316711
v 0.854516386985779 1.42887830734253 0.780619323253632
v 0.85624885559082 1.42888712882996 0.782647907733917
v 0.857479810714722 1.42741394042969 0.784741163253784
v 0.848667085170746 1.42197799682617 0.786649763584137
v 0.850172638893127 1.42618370056152 0.785605788230896
v 0.846126079559326 1.42141509056091 0.785153806209564
v 0.848627686500549 1.42621779441833 0.783779263496399
v 0.854144990444183 1.42778706550598 0.785767912864685
v 0.85283374786377 1.42864811420441 0.784463107585907
v 0.848123669624329 1.40858125686646 0.775227069854736
v 0.844807624816895 1.40917932987213 0.776471436023712
v 0.845900416374207 1.4124459028244 0.776667177677155
v 0.847859084606171 1.41753876209259 0.776483178138733
v 0.84351509809494 1.41389322280884 0.779706597328186
v 0.842788279056549 1.41532301902771 0.783109247684479
v 0.845083117485046 1.42053961753845 0.782480359077454
v 0.845431327819824 1.41905236244202 0.779294788837433
v 0.847849726676941 1.42525172233582 0.781410992145538
v 0.848211050033569 1.42392075061798 0.778974413871765
v 0.849975764751434 1.42270541191101 0.776751935482025
v 0.850713312625885 1.42754626274109 0.780354917049408
v 0.851527452468872 1.42861199378967 0.782361745834351
v 0.852943480014801 1.42771220207214 0.778954744338989
v 0.851671934127808 1.42589735984802 0.77775764465332
v 0.850271642208099 1.42621421813965 0.778967976570129
v 0.82785701751709 1.37335395812988 0.785178959369659
v 0.877853631973267 1.30819177627563 0.714570879936218
v 0.874666690826416 1.31235635280609 0.715179085731506
v 0.864820122718811 1.31458389759064 0.71024227142334
v 0.860960066318512 1.31102919578552 0.705670177936554
v 0.860529839992523 1.30514287948608 0.702396154403687
v 0.863813757896423 1.30063486099243 0.701969385147095
v 0.869093000888824 1.29858064651489 0.70333993434906
v 0.87031477689743 1.31507682800293 0.713834285736084
v 0.878797113895416 1.30277061462402 0.7121342420578
v 0.875004589557648 1.29885625839233 0.707305669784546
v 0.881190001964569 1.30327129364014 0.699856400489807
v 0.88456529378891 1.30687379837036 0.705358684062958
v 0.875102341175079 1.30229914188385 0.695751130580902
v 0.869174897670746 1.30416417121887 0.694779634475708
v 0.864832878112793 1.30800437927246 0.696567893028259
v 0.883181095123291 1.31189751625061 0.708788335323334
v 0.879237473011017 1.31585955619812 0.710136294364929
v 0.873455405235291 1.31789398193359 0.708781957626343
v 0.888472676277161 1.31522464752197 0.702909827232361
v 0.891623318195343 1.31196904182434 0.697491407394409
v 0.886745452880859 1.31230795383453 0.680506348609924
v 0.89067929983139 1.31076812744141 0.681805372238159
v 0.887784242630005 1.30899572372437 0.684660732746124
v 0.883385300636292 1.30976068973541 0.683540999889374
v 0.886506855487823 1.30837762355804 0.687527537345886
v 0.881810486316681 1.30709302425385 0.688566029071808
v 0.893084406852722 1.30965530872345 0.687872469425201
v 0.890641868114471 1.30938899517059 0.690142333507538
v 0.896468579769135 1.31291556358337 0.691666305065155
v 0.893863677978516 1.3110830783844 0.692923188209534
v 0.89626944065094 1.31083464622498 0.684712052345276
v 0.893520355224609 1.31260931491852 0.679995536804199
v 0.897770643234253 1.31342196464539 0.682134687900543
v 0.891394257545471 1.31485831737518 0.679006457328796
v 0.887389004230499 1.30795836448669 0.693233907222748
v 0.874289929866791 1.30788516998291 0.688727855682373
v 0.878807485103607 1.31157255172729 0.683584570884705
v 0.883636653423309 1.31500339508057 0.680493533611298
v 0.888934314250946 1.31815588474274 0.67982429265976
v 0.875429749488831 1.31564092636108 0.685579895973206
v 0.881855130195618 1.31880247592926 0.682880222797394
v 0.887068808078766 1.32076561450958 0.682370185852051
v 0.875136077404022 1.31968140602112 0.689819931983948
v 0.882099747657776 1.32137382030487 0.686234533786774
v 0.868946731090546 1.31128573417664 0.691307008266449
v 0.867759764194489 1.31563222408295 0.696067214012146
v 0.88620787858963 1.3220921754837 0.684738218784332
v 0.894171535968781 1.32043075561523 0.68220841884613
v 0.896969676017761 1.31733334064484 0.680745899677277
v 0.895998358726501 1.3159065246582 0.694635212421417
v 0.899067342281342 1.31390130519867 0.688559353351593
v 0.898664534091949 1.31767296791077 0.690799713134766
v 0.893256902694702 1.31877887248993 0.697541892528534
v 0.896185159683228 1.32093906402588 0.692158579826355
v 0.900225341320038 1.31494677066803 0.685437500476837
v 0.899564266204834 1.31835663318634 0.686031520366669
v 0.864254236221313 1.3130304813385 0.700716912746429
v 0.867664933204651 1.31675505638123 0.705037593841553
v 0.871303677558899 1.31905448436737 0.700911104679108
v 0.878455400466919 1.32230246067047 0.694856643676758
v 0.87765634059906 1.32033371925354 0.704338192939758
v 0.884253084659576 1.31852948665619 0.705209016799927
v 0.889448881149292 1.32137966156006 0.6985804438591
v 0.883958160877228 1.32304692268372 0.697920203208923
v 0.892621576786041 1.32289600372314 0.692533493041992
v 0.88869309425354 1.3235809803009 0.691899955272675
v 0.884774148464203 1.32316839694977 0.689411044120789
v 0.893237590789795 1.32298922538757 0.687937438488007
v 0.89672988653183 1.32141542434692 0.686869204044342
v 0.891149580478668 1.32204413414001 0.684301376342773
v 0.88859087228775 1.32285714149475 0.686461508274078
v 0.890518963336945 1.3233460187912 0.688620448112488
v 0.823230087757111 1.36731719970703 0.776307106018066
v 0.827013432979584 1.36657297611237 0.771181344985962
v 0.822524666786194 1.3595894575119 0.771819710731506
v 0.817272841930389 1.351602435112 0.772830247879028
v 0.810999810695648 1.34588813781738 0.779659330844879
v 0.822262346744537 1.34918117523193 0.768566250801086
v 0.827071964740753 1.35744714736938 0.767460107803345
v 0.833159685134888 1.36597788333893 0.766560316085815
v 0.823029637336731 1.34039616584778 0.766346573829651
v 0.991483688354492 1.35055601596832 0.482236206531525
v 0.989620268344879 1.35011148452759 0.485755741596222
v 0.990176558494568 1.3449010848999 0.489786982536316
v 0.991411864757538 1.34413397312164 0.48690140247345
v 0.993335247039795 1.34368824958801 0.483849883079529
v 0.996139824390411 1.34352946281433 0.480912923812866
v 0.99982213973999 1.35038185119629 0.475768148899078
v 0.994941294193268 1.35093307495117 0.4783775806427
v 1.01001465320587 1.3450620174408 0.474202275276184
v 1.00822198390961 1.34645020961761 0.474855780601501
v 1.00923454761505 1.34416818618774 0.474467277526855
v 1.00336074829102 1.34379887580872 0.476633965969086
v 1.00704741477966 1.34422302246094 0.475501477718353
v 0.988364934921265 1.34845650196075 0.491403549909592
v 0.988347232341766 1.34761810302734 0.493065893650055
v 0.988717794418335 1.34931564331055 0.488805711269379
v 0.999580144882202 1.34359920024872 0.478380501270294
v 0.988800466060638 1.34668874740601 0.493354916572571
v 0.989470720291138 1.34580624103546 0.492178559303284
v 1.00463902950287 1.34876871109009 0.474816381931305
v 0.992913424968719 1.34590411186218 0.483578532934189
v 0.995743989944458 1.34574842453003 0.480472266674042
v 0.999329268932343 1.34816241264343 0.476738393306732
v 0.995183050632477 1.34845399856567 0.479516506195068
v 1.00284802913666 1.34553623199463 0.476218342781067
v 1.00539195537567 1.3454509973526 0.475671529769897
v 0.991208612918854 1.34604012966156 0.486553370952606
v 0.999246120452881 1.3457065820694 0.477808803319931
v 0.992223918437958 1.34837698936462 0.483030796051025
v 1.00578236579895 1.34629559516907 0.475308299064636
v 1.00334489345551 1.34732949733734 0.475366175174713
v 0.988771677017212 1.34731388092041 0.492302685976028
v 0.989069581031799 1.34694564342499 0.492338418960571
v 1.03201079368591 1.13589608669281 0.51165109872818
v 1.02670741081238 1.12053406238556 0.503455400466919
v 0.990597009658813 1.3481068611145 0.486315816640854
v 0.989558458328247 1.34657716751099 0.491139024496078
v 0.990247309207916 1.34630262851715 0.489127933979034
v 0.989741623401642 1.34780275821686 0.488913953304291
v 0.989125847816467 1.34752666950226 0.490987002849579
v 0.864038407802582 1.12366938591003 0.751446008682251
v 0.860438406467438 1.10808730125427 0.742164790630341
v 0.894053518772125 1.12842011451721 0.797524452209473
v 0.907986223697662 1.11378419399261 0.805261850357056
v 0.951643347740173 0.851597487926483 0.448645919561386
v 0.998549938201904 0.888194918632507 0.660484433174133
v 1.00312733650208 0.905015468597412 0.66839063167572
v 1.07932233810425 0.901524245738983 0.654138565063477
v 1.0605229139328 0.898314297199249 0.661405563354492
v 0.921105563640594 0.896226763725281 0.578118085861206
v 0.918167769908905 0.878790438175201 0.5713791847229
v 0.930535793304443 0.891102254390717 0.507613837718964
v 0.930459320545197 0.870841801166534 0.500676512718201
v 0.914286017417908 0.857817888259888 0.539106488227844
v 1.02485954761505 0.856265366077423 0.657058894634247
v 1.03314888477325 0.874793410301208 0.65980738401413
v 1.0122709274292 0.873039424419403 0.659371733665466
v 1.00407528877258 0.855782091617584 0.657020330429077
v 1.08918190002441 0.882378816604614 0.636713027954102
v 1.09518945217133 0.904439866542816 0.642255902290344
v 0.929325580596924 0.915378510951996 0.609861135482788
v 0.943345725536346 0.915579497814178 0.633417725563049
v 0.983198523521423 0.918272912502289 0.666353642940521
v 1.00577974319458 0.922652661800385 0.674426853656769
v 1.049520611763 0.935805201530457 0.676623523235321
v 1.0277578830719 0.92914879322052 0.677278101444244
v 0.93758624792099 0.912012457847595 0.491907209157944
v 0.950407862663269 0.9318967461586 0.479261189699173
v 0.922133088111877 0.915005266666412 0.58365273475647
v 0.984440326690674 0.912898361682892 0.438413918018341
v 1.09631860256195 0.969252645969391 0.671029925346375
v 1.07553005218506 0.965321004390717 0.679475247859955
v 0.961804389953613 0.91618138551712 0.652386665344238
v 0.996960520744324 1.08172023296356 0.490791201591492
v 0.99122017621994 1.06586110591888 0.482294112443924
v 0.975614428520203 1.07088375091553 0.492949098348618
v 0.981820225715637 1.08629608154297 0.502915263175964
v 0.96163934469223 1.07412505149841 0.504579544067383
v 0.949741065502167 1.07621324062347 0.517264366149902
v 0.939979314804077 1.07725071907043 0.53007847070694
v 0.92175167798996 1.07406103610992 0.566272258758545
v 0.926148414611816 1.07624661922455 0.554618060588837
v 0.918294310569763 1.06653070449829 0.587561666965485
v 0.919164180755615 1.07123243808746 0.577210128307343
v 0.918677806854248 1.05541682243347 0.596747994422913
v 0.921818614006042 1.04168558120728 0.606534898281097
v 0.926398396492004 1.02798342704773 0.61824107170105
v 0.932129919528961 1.04155325889587 0.62712687253952
v 0.916941523551941 1.02757740020752 0.595980167388916
v 0.914194881916046 1.04112541675568 0.586136281490326
v 0.913222253322601 1.050821185112 0.575969636440277
v 0.997131764888763 1.02143812179565 0.461007088422775
v 0.994006514549255 0.997680246829987 0.458599895238876
v 1.03714692592621 1.15059649944305 0.518423557281494
v 0.761744320392609 1.12272143363953 0.861643195152283
v 0.833674430847168 1.22430777549744 0.789759755134583
v 1.11806106567383 1.16361927986145 0.665300369262695
v 1.12867331504822 1.16147434711456 0.653473317623138
v 1.13960087299347 1.14865720272064 0.646350562572479
v 1.13810873031616 1.16005301475525 0.644149363040924
v 1.05460512638092 1.18680608272552 0.692063450813293
v 1.07356011867523 1.17363178730011 0.694018304347992
v 1.09209167957306 1.16288936138153 0.688157677650452
v 1.10759651660919 1.1562237739563 0.67856502532959
v 0.922532141208649 0.933262288570404 0.561410188674927
v 1.12215256690979 1.12644517421722 0.671588182449341
v 1.10885763168335 1.14417231082916 0.681268036365509
v 1.09310340881348 1.15049564838409 0.692826271057129
v 1.07360398769379 1.16096806526184 0.700331270694733
v 1.0513744354248 1.17564606666565 0.702528953552246
v 1.03759300708771 1.17542600631714 0.707923829555511
v 1.02545559406281 1.15617644786835 0.72445273399353
v 1.01387655735016 1.15516102313995 0.729604601860046
v 1.0046272277832 1.17189812660217 0.725995302200317
v 0.992819488048553 1.17130529880524 0.735265672206879
v 1.00256633758545 1.15485954284668 0.738415122032166
v 0.935743927955627 1.1203202009201 0.789841651916504
v 0.92730975151062 1.1078565120697 0.796674489974976
v 0.924423217773438 1.09311711788177 0.8006991147995
v 0.922972083091736 1.0783166885376 0.800313591957092
v 0.92394495010376 1.06607401371002 0.79521381855011
v 0.927775859832764 1.05643355846405 0.785919308662415
v 0.934482455253601 1.05232763290405 0.773131489753723
v 0.956671118736267 1.05800485610962 0.735739588737488
v 0.966370284557343 1.06118023395538 0.725362479686737
v 0.989971041679382 1.04520428180695 0.709229707717896
v 0.994950294494629 1.03860175609589 0.708494544029236
v 1.01545798778534 0.996013760566711 0.699367105960846
v 1.00890028476715 1.0112087726593 0.703258693218231
v 1.02184271812439 0.980425357818604 0.695705413818359
v 0.991973161697388 0.764068126678467 0.665155172348022
v 0.997308850288391 0.78144770860672 0.658679366111755
v 0.975106179714203 0.784885466098785 0.656825125217438
v 0.970372080802917 0.767680048942566 0.661622405052185
v 1.07101392745972 0.812376022338867 0.630401015281677
v 1.05050146579742 0.814460039138794 0.641363263130188
v 0.901945233345032 0.787434458732605 0.592311501502991
v 0.915323734283447 0.789204061031342 0.618076384067535
v 0.933347821235657 0.788858115673065 0.637335002422333
v 0.953909635543823 0.787460029125214 0.649705648422241
v 0.896190524101257 0.78311961889267 0.565035700798035
v 0.939183056354523 0.743099927902222 0.448383659124374
v 0.9259192943573 0.751053631305695 0.468278616666794
v 0.989069581031799 0.727260589599609 0.409269154071808
v 0.971628963947296 0.731103539466858 0.418528020381927
v 0.896595358848572 0.776070117950439 0.53841906785965
v 0.954732298851013 0.736478328704834 0.431283384561539
v 0.913659691810608 0.759112775325775 0.489833682775497
v 0.902597904205322 0.767586946487427 0.513509929180145
v 1.00401830673218 0.798826992511749 0.654133558273315
v 1.02452969551086 0.796679794788361 0.651395082473755
v 1.03042447566986 0.816319823265076 0.648300409317017
v 1.11735701560974 1.03271543979645 0.678600549697876
v 1.10222578048706 1.03545153141022 0.690086960792542
v 1.08720147609711 1.03891682624817 0.700767338275909
v 1.0799468755722 1.05969274044037 0.709333837032318
v 1.06639957427979 1.06607186794281 0.714516162872314
v 1.05963003635406 1.05131912231445 0.713876307010651
v 1.07283532619476 1.04441499710083 0.709420502185822
v 1.03653740882874 1.07745027542114 0.717335820198059
v 1.02452337741852 1.08167958259583 0.720702111721039
v 1.01971089839935 1.07089281082153 0.717870831489563
v 1.03157675266266 1.06614804267883 0.715678453445435
v 1.00924479961395 1.07454085350037 0.722313940525055
v 0.998796284198761 1.07732820510864 0.726498067378998
v 0.988866686820984 1.07890856266022 0.731898725032806
v 0.979243993759155 1.07864212989807 0.741511166095734
v 0.98693311214447 1.09736692905426 0.751440703868866
v 0.99691253900528 1.09866344928741 0.742218255996704
v 1.0403151512146 1.09087097644806 0.718798518180847
v 1.05494201183319 1.08663308620453 0.715667843818665
v 1.12187564373016 1.06665527820587 0.676435112953186
v 1.13203346729279 1.06433641910553 0.663719773292542
v 0.934329330921173 1.01991987228394 0.635743916034698
v 0.944125115871429 1.01393580436707 0.654640018939972
v 0.955535292625427 1.01072227954865 0.67050963640213
v 0.967209160327911 1.00997829437256 0.683064579963684
v 0.978644728660583 1.01211071014404 0.693497002124786
v 0.991387486457825 1.01600933074951 0.700777530670166
v 1.00424683094025 1.02178490161896 0.705808699131012
v 0.999719023704529 1.03091752529144 0.707459926605225
v 1.01576590538025 1.02879023551941 0.709590673446655
v 1.00945448875427 1.03729236125946 0.710450828075409
v 1.02646994590759 1.03747296333313 0.712507963180542
v 1.03698515892029 1.04769039154053 0.714483439922333
v 1.04611015319824 1.05927491188049 0.714804589748383
v 1.05186951160431 1.07234060764313 0.714942932128906
v 1.08425796031952 1.07580041885376 0.708888709545135
v 1.07035279273987 1.08152425289154 0.713900744915009
v 1.0982973575592 1.08954977989197 0.697952926158905
v 1.09823703765869 1.1054869890213 0.696783304214478
v 1.09338974952698 1.05580198764801 0.700765907764435
v 1.0966876745224 1.07203030586243 0.699514150619507
v 1.07175815105438 1.20504784584045 0.667741894721985
v 1.0892870426178 1.1973751783371 0.663788437843323
v 0.945725858211517 1.06578528881073 0.770875215530396
v 0.937796652317047 1.06230533123016 0.77803099155426
v 0.941425204277039 1.05818486213684 0.76910799741745
v 0.94639003276825 1.06187832355499 0.766272306442261
v 0.935871303081512 1.06972801685333 0.784853458404541
v 0.946347117424011 1.08171629905701 0.779727160930634
v 0.935839414596558 1.07994115352631 0.789277076721191
v 0.945625603199005 1.072345495224 0.775856256484985
v 0.937217533588409 1.09213483333588 0.790927290916443
v 0.947698593139648 1.09169101715088 0.782509505748749
v 0.939947605133057 1.10393035411835 0.789853930473328
v 0.949701547622681 1.10171890258789 0.783253788948059
v 0.951507151126862 1.10902953147888 0.783022284507751
v 0.945781350135803 1.11353707313538 0.78611421585083
v 0.979449510574341 1.11820769309998 0.764894127845764
v 0.968957424163818 1.11551260948181 0.772556006908417
v 0.958855330944061 1.11191618442535 0.779047071933746
v 0.970746994018555 1.07598221302032 0.749417126178741
v 0.962687790393829 1.07522535324097 0.758657693862915
v 0.954363524913788 1.07377791404724 0.767314493656158
v 0.955997049808502 1.08265173435211 0.771607160568237
v 0.965203940868378 1.0834321975708 0.76309472322464
v 0.974080502986908 1.08435416221619 0.754494249820709
v 1.12123191356659 1.05041074752808 0.677882254123688
v 1.1082729101181 1.05272424221039 0.689861297607422
v 1.01365423202515 1.0847977399826 0.725563108921051
v 1.00366389751434 1.08699584007263 0.730412483215332
v 0.99378228187561 1.08787453174591 0.7369784116745
v 0.983638048171997 1.08681499958038 0.746025323867798
v 1.00690591335297 1.09791421890259 0.734739780426025
v 1.01730179786682 1.09663128852844 0.728736162185669
v 1.02806329727173 1.09399688243866 0.723390460014343
v 1.10977816581726 1.06946218013763 0.688701391220093
v 1.13187193870544 1.04827439785004 0.665490567684174
v 0.932541728019714 1.16447222232819 0.670190572738647
v 0.941994190216064 1.18302476406097 0.688921809196472
v 0.957223176956177 1.19028353691101 0.710982263088226
v 0.9763423204422 1.18450713157654 0.726945459842682
v 1.12923359870911 1.19734513759613 0.631118059158325
v 0.777341246604919 1.03164935112 0.834113597869873
v 1.13544344902039 0.994170963764191 0.653661012649536
v 1.13932502269745 1.01380801200867 0.655827283859253
v 1.11457693576813 0.927478849887848 0.636383175849915
v 1.12249135971069 0.948787212371826 0.644417464733124
v 1.0575202703476 0.836949288845062 0.641663789749146
v 1.07663297653198 0.837744951248169 0.629659056663513
v 1.08339369297028 0.861078798770905 0.63205498456955
v 1.09184014797211 0.789828777313232 0.625628590583801
v 1.09204077720642 0.811506927013397 0.616601407527924
v 1.09854972362518 0.86220246553421 0.618613123893738
v 1.10371899604797 0.885151147842407 0.623940229415894
v 1.11346137523651 0.971296608448029 0.659815788269043
v 1.13032579421997 1.03184390068054 0.667411684989929
v 1.14244437217712 1.04760074615479 0.656001448631287
v 1.14183175563812 1.06377792358398 0.654134929180145
v 1.14179384708405 1.07995009422302 0.653222322463989
v 0.921989321708679 1.04744148254395 0.519303917884827
v 0.926796793937683 1.06219673156738 0.530157446861267
v 0.934398651123047 1.06252408027649 0.518289625644684
v 0.929538369178772 1.04779922962189 0.507941782474518
v 0.913080751895905 1.04552793502808 0.542496919631958
v 0.917137145996094 1.05951166152954 0.553671896457672
v 0.921088814735413 1.06131625175476 0.54202938079834
v 0.91660487651825 1.04669737815857 0.53089040517807
v 0.914452373981476 1.05623388290405 0.564879238605499
v 0.91079717874527 1.04268980026245 0.553980052471161
v 0.918461322784424 1.031569480896 0.510300099849701
v 0.913031876087189 1.03121960163116 0.521786391735077
v 0.926118612289429 1.03182590007782 0.499714016914368
v 0.908130347728729 1.0289351940155 0.54443085193634
v 0.90980052947998 1.03055953979492 0.533244371414185
v 1.0266637802124 1.22902643680573 0.493433684110641
v 1.01911866664886 1.23169732093811 0.479694247245789
v 1.01395845413208 1.27150297164917 0.457437425851822
v 1.01507520675659 1.27628076076508 0.458144843578339
v 1.04366302490234 1.22264063358307 0.50892186164856
v 1.0466445684433 1.21623921394348 0.514257073402405
v 1.01892232894897 1.25384402275085 0.462137669324875
v 1.01944351196289 1.23984682559967 0.464679300785065
v 1.01432514190674 1.2970769405365 0.450255483388901
v 1.01522314548492 1.29391729831696 0.452151238918304
v 1.01490545272827 1.28286731243134 0.453321635723114
v 1.01563823223114 1.27925169467926 0.455102235078812
v 1.04954302310944 1.20939898490906 0.51919162273407
v 1.03943991661072 1.22656345367432 0.501509010791779
v 1.05452215671539 1.19366562366486 0.524380087852478
v 1.05623030662537 1.18593502044678 0.525472700595856
v 1.04659140110016 1.17936050891876 0.531440258026123
v 1.04495370388031 1.17060542106628 0.529050171375275
v 1.00159585475922 1.04206490516663 0.466573297977448
v 1.01721680164337 1.08885550498962 0.488626480102539
v 1.01163256168365 1.07606875896454 0.479703426361084
v 1.02215957641602 1.10458719730377 0.495773017406464
v 1.04141557216644 1.16137659549713 0.524165093898773
v 1.0523636341095 1.20173323154449 0.522534370422363
v 1.0166552066803 1.26670432090759 0.45783531665802
v 1.01853799819946 1.26163518428802 0.461005032062531
v 1.01535820960999 1.29007387161255 0.452936977148056
v 1.01512908935547 1.28648626804352 0.45309916138649
v 1.0457661151886 1.13326156139374 0.501947224140167
v 1.04071080684662 1.11760234832764 0.493276059627533
v 1.00654780864716 1.0597984790802 0.473185837268829
v 1.01405084133148 1.01658463478088 0.453969538211823
v 1.01273858547211 0.993079781532288 0.450469642877579
v 1.05022180080414 1.14815902709961 0.509481489658356
v 1.01316010951996 0.970625579357147 0.448884546756744
v 0.900934517383575 0.5989830493927 0.652173340320587
v 0.921766042709351 0.579814076423645 0.664742827415466
v 0.936895787715912 0.595773696899414 0.676073789596558
v 0.921303868293762 0.609685659408569 0.667792916297913
v 0.912347614765167 0.653659522533417 0.654222369194031
v 0.91278338432312 0.681016743183136 0.6493079662323
v 0.913861393928528 0.708254992961884 0.646154522895813
v 0.959088861942291 0.586778044700623 0.682142734527588
v 0.993451833724976 0.604271411895752 0.691431760787964
v 0.985255539417267 0.581697225570679 0.683923125267029
v 0.935818314552307 0.705809950828552 0.664854288101196
v 0.934772253036499 0.679464101791382 0.667945683002472
v 0.934360563755035 0.616932153701782 0.675896942615509
v 0.933210134506226 0.63140994310379 0.674976527690887
v 0.913430333137512 0.629213690757751 0.661108136177063
v 0.967531979084015 0.606577277183533 0.6891068816185
v 0.947221100330353 0.611110687255859 0.682553172111511
v 1.03463697433472 0.757725775241852 0.66048789024353
v 1.03188109397888 0.739320993423462 0.66951310634613
v 1.05841493606567 0.736934185028076 0.66225653886795
v 0.948166191577911 0.771325349807739 0.652547478675842
v 0.965779483318329 0.749313592910767 0.667786002159119
v 1.07536685466766 0.592193484306335 0.651703119277954
v 0.951794028282166 0.629598259925842 0.68522846698761
v 1.00025749206543 0.62783420085907 0.695643723011017
v 0.973930418491364 0.628532648086548 0.69215852022171
v 1.00581276416779 0.700325965881348 0.688333511352539
v 0.98159921169281 0.701464056968689 0.685511410236359
v 0.981013119220734 0.677189230918884 0.690414905548096
v 1.00562465190887 0.676782488822937 0.693621814250946
v 0.958629846572876 0.702810406684875 0.678019344806671
v 0.961507141590118 0.727688789367676 0.673400104045868
v 1.00691986083984 0.722267031669617 0.681357383728027
v 0.984009802341461 0.724524080753326 0.679354071617126
v 0.987645089626312 0.746068298816681 0.672508597373962
v 0.957565724849701 0.677203774452209 0.681604087352753
v 1.00444424152374 0.652253150939941 0.696291565895081
v 1.03254842758179 0.651358008384705 0.693370759487152
v 1.06064057350159 0.651470541954041 0.683927834033966
v 1.08748972415924 0.648746609687805 0.673535287380219
v 1.08989858627319 0.672717750072479 0.671615958213806
v 1.00939452648163 0.742352426052094 0.672745645046234
v 1.01834571361542 0.779228091239929 0.656815886497498
v 1.01250886917114 0.761217474937439 0.66441285610199
v 1.03753650188446 0.837011218070984 0.648611605167389
v 0.873004794120789 0.383170068264008 0.479954481124878
v 1.03695702552795 0.535622239112854 0.541275680065155
v 1.02919661998749 0.532763838768005 0.517053842544556
v 0.859062194824219 0.640955686569214 0.538699448108673
v 0.869852781295776 0.618412494659424 0.613705456256866
v 0.891834616661072 0.624563813209534 0.640562534332275
v 1.00726306438446 0.536298513412476 0.4777951836586
v 0.986350655555725 0.546944499015808 0.461127758026123
v 0.869122922420502 0.634877145290375 0.506432056427002
v 0.907331109046936 0.595491409301758 0.463079273700714
v 1.02016985416412 0.532569527626038 0.497125327587128
v 0.933505773544312 0.654462695121765 0.671372771263123
v 0.955066025257111 0.652031421661377 0.684148967266083
v 0.978343307971954 0.652077078819275 0.692740797996521
v 1.02874553203583 0.6275874376297 0.692280113697052
v 1.0583348274231 0.628783345222473 0.681940317153931
v 1.08468616008759 0.627577900886536 0.669465303421021
v 0.989693880081177 0.59011447429657 0.438884675502777
v 0.99983149766922 0.595937490463257 0.432496339082718
v 0.992530703544617 0.59942901134491 0.433253049850464
v 1.00856304168701 0.608480215072632 0.426081597805023
v 1.01018011569977 0.592520236968994 0.43145951628685
v 1.00160050392151 0.581727385520935 0.439871847629547
v 1.01251196861267 0.577989995479584 0.439207971096039
v 1.01570355892181 0.564761281013489 0.449518650770187
v 0.941168606281281 0.720862805843353 0.449873328208923
v 0.925797343254089 0.729449450969696 0.468621224164963
v 0.991380572319031 0.704684853553772 0.413422405719757
v 0.974840760231018 0.708572924137115 0.421975702047348
v 0.891416609287262 0.757338225841522 0.538343131542206
v 0.95806348323822 0.713860809803009 0.433906674385071
v 0.911505162715912 0.738473296165466 0.489432722330093
v 0.898705780506134 0.74812525510788 0.513307094573975
v 1.0917581319809 0.716165721416473 0.660451292991638
v 1.09031522274017 0.737110018730164 0.651419043540955
v 1.00796926021576 0.701551675796509 0.408306837081909
v 1.02531826496124 1.23093831539154 0.475692272186279
v 1.03312253952026 1.22805202007294 0.489678055047989
v 1.0240021944046 1.41821193695068 0.454887509346008
v 1.11117744445801 1.24909734725952 0.605877697467804
v 1.01681292057037 1.3602569103241 0.448222935199738
v 1.01676952838898 1.27587020397186 0.457292646169662
v 1.01264953613281 1.29879832267761 0.447403967380524
v 1.0573422908783 1.17740380764008 0.525894522666931
v 1.05680060386658 1.16776859760284 0.523186683654785
v 1.03985464572906 0.54290759563446 0.536988317966461
v 1.05381178855896 1.15864562988281 0.516807317733765
v 1.04176127910614 0.54346889257431 0.550595462322235
v 1.10907423496246 0.907084167003632 0.629500091075897
v 0.87530791759491 -0.0696535110473633 0.591173112392426
v 0.87875372171402 -0.0679285526275635 0.606374084949493
v 0.871415019035339 -0.0963134765625 0.602717399597168
v 0.869799017906189 -0.097009539604187 0.588156878948212
v 0.863139152526855 -0.0611100196838379 0.636346101760864
v 0.873638570308685 -0.0645610690116882 0.627389490604401
v 0.848701953887939 -0.0587913990020752 0.639252781867981
v 0.834800958633423 -0.0582441687583923 0.634890794754028
v 0.835716009140015 -0.0884062051773071 0.632618069648743
v 0.84761118888855 -0.0892156362533569 0.638424038887024
v 0.825518310070038 -0.0581397414207458 0.626344084739685
v 0.818328857421875 -0.0876703262329102 0.614845454692841
v 0.818397164344788 -0.0583099722862244 0.615165174007416
v 0.813597440719604 -0.0592024326324463 0.596633851528168
v 0.814924478530884 -0.0873914957046509 0.596945345401764
v 0.817721486091614 -0.063787579536438 0.576623916625977
v 0.818112850189209 -0.0906522274017334 0.57793664932251
v 0.830296397209167 -0.0680185556411743 0.564550340175629
v 0.866585969924927 -0.0711661577224731 0.576963126659393
v 0.863008379936218 -0.0977920293807983 0.57299280166626
v 0.860308170318604 -0.0911092758178711 0.635573029518127
v 0.86811089515686 -0.0939608812332153 0.625504791736603
v 0.870513916015625 -0.0952606201171875 0.613845646381378
v 0.877680838108063 -0.0665830373764038 0.617785751819611
v 0.867050528526306 -0.123771905899048 0.59891664981842
v 0.869319140911102 -0.123725175857544 0.582640826702118
v 0.858626902103424 -0.120464324951172 0.635459423065186
v 0.862870872020721 -0.122225046157837 0.621699571609497
v 0.836451053619385 -0.11753237247467 0.63171923160553
v 0.846566438674927 -0.118203282356262 0.639953017234802
v 0.814297258853912 -0.11518669128418 0.615773618221283
v 0.824951112270355 -0.116344213485718 0.624325752258301
v 0.826520085334778 -0.0880078077316284 0.624625027179718
v 0.81180340051651 -0.114366054534912 0.598583519458771
v 0.814631223678589 -0.115299940109253 0.576167821884155
v 0.861616313457489 -0.122840404510498 0.565937101840973
v 0.864963054656982 -0.123429417610168 0.610333859920502
v 0.766666889190674 -0.19648265838623 0.424595296382904
v 0.76820969581604 -0.192054152488708 0.425117790699005
v 0.772498488426208 -0.192186951637268 0.42348375916481
v 0.773299098014832 -0.197465658187866 0.422211766242981
v 0.803948998451233 -0.199668765068054 0.404929161071777
v 0.805998504161835 -0.189269065856934 0.402797847986221
v 0.814520001411438 -0.191550254821777 0.40362149477005
v 0.815280497074127 -0.203355669975281 0.40500995516777
v 0.786607265472412 -0.198683738708496 0.410474002361298
v 0.785901010036469 -0.202060580253601 0.414044827222824
v 0.781103372573853 -0.201850056648254 0.415660440921783
v 0.778753101825714 -0.198163390159607 0.412887871265411
v 0.750716805458069 -0.193036556243896 0.45930004119873
v 0.750901818275452 -0.197764992713928 0.461545407772064
v 0.746858716011047 -0.19730818271637 0.464123755693436
v 0.745553493499756 -0.193348050117493 0.463298916816711
v 0.761366367340088 -0.196614384651184 0.437934339046478
v 0.761488318443298 -0.201055645942688 0.440741032361984
v 0.7575843334198 -0.200239777565002 0.443089544773102
v 0.755666315555573 -0.196773886680603 0.441885530948639
v 0.807704865932465 -0.186113476753235 0.427108764648438
v 0.821978688240051 -0.185849547386169 0.426961004734039
v 0.818255007266998 -0.19006884098053 0.41295713186264
v 0.805838167667389 -0.186989903450012 0.413156092166901
v 0.824630916118622 -0.199308514595032 0.415228545665741
v 0.829012870788574 -0.197024464607239 0.430174589157104
v 0.822004616260529 -0.204621076583862 0.432739615440369
v 0.818248212337494 -0.20403778553009 0.419093728065491
v 0.808714270591736 -0.203717470169067 0.432030528783798
v 0.80641496181488 -0.20337975025177 0.419637978076935
v 0.801433384418488 -0.196281790733337 0.42923828959465
v 0.797308087348938 -0.195440053939819 0.415834188461304
v 0.781740188598633 -0.19349193572998 0.432388097047806
v 0.786695957183838 -0.186217665672302 0.430799186229706
v 0.782289385795593 -0.189762830734253 0.419082671403885
v 0.77619743347168 -0.195819854736328 0.421639680862427
v 0.797180414199829 -0.187546610832214 0.426697760820389
v 0.79020619392395 -0.190520405769348 0.416238337755203
v 0.800586223602295 -0.198124766349792 0.42643803358078
v 0.795664250850677 -0.202753067016602 0.431013911962509
v 0.790136337280273 -0.202383041381836 0.419587314128876
v 0.795149683952332 -0.197836995124817 0.41479167342186
v 0.78640353679657 -0.201427936553955 0.433801293373108
v 0.781392335891724 -0.201980829238892 0.422929227352142
v 0.770700216293335 -0.185439109802246 0.441700011491776
v 0.780575513839722 -0.18716561794281 0.437056571245193
v 0.775706887245178 -0.190869808197021 0.428451001644135
v 0.768346607685089 -0.189909696578979 0.431208491325378
v 0.779753088951111 -0.198865532875061 0.42714250087738
v 0.783450126647949 -0.197372198104858 0.436189651489258
v 0.778408050537109 -0.201542496681213 0.43997848033905
v 0.774625241756439 -0.201558232307434 0.430182993412018
v 0.769445955753326 -0.199965596199036 0.443234235048294
v 0.767365276813507 -0.201175928115845 0.432417750358582
v 0.76558780670166 -0.191869020462036 0.442768514156342
v 0.763491451740265 -0.19511878490448 0.432244449853897
v 0.753539144992828 -0.191330552101135 0.45933324098587
v 0.757296025753021 -0.184571981430054 0.458034187555313
v 0.755920231342316 -0.188904404640198 0.448277235031128
v 0.753114938735962 -0.195120453834534 0.449617773294449
v 0.764344453811646 -0.185584902763367 0.452712893486023
v 0.7616246342659 -0.18899393081665 0.445024490356445
v 0.766225337982178 -0.194003701210022 0.442931771278381
v 0.766821384429932 -0.191498994827271 0.449916779994965
v 0.764701724052429 -0.199855923652649 0.453886568546295
v 0.764143168926239 -0.201410293579102 0.445539385080338
v 0.757146954536438 -0.199201703071594 0.459098428487778
v 0.756863117218018 -0.200956225395203 0.449172407388687
v 0.746216058731079 -0.184170365333557 0.477176636457443
v 0.745213627815247 -0.186600804328918 0.468711256980896
v 0.743418216705322 -0.192417979240417 0.470469623804092
v 0.744997382164001 -0.191015720367432 0.480480968952179
v 0.7519850730896 -0.183861970901489 0.470982104539871
v 0.750780701637268 -0.186501383781433 0.464736133813858
v 0.754514276981354 -0.191705107688904 0.463526517152786
v 0.754048705101013 -0.189465522766113 0.46892237663269
v 0.754151821136475 -0.198156714439392 0.472178161144257
v 0.753670573234558 -0.198955416679382 0.46596571803093
v 0.74849659204483 -0.197318911552429 0.47782301902771
v 0.746807456016541 -0.198523879051208 0.469750940799713
v 0.806442558765411 -0.185088396072388 0.441688716411591
v 0.824352622032166 -0.182129979133606 0.44140887260437
v 0.814253985881805 -0.203449726104736 0.410023212432861
v 0.830785095691681 -0.195091128349304 0.444761842489243
v 0.807561039924622 -0.203162550926208 0.410428822040558
v 0.806413948535919 -0.203403830528259 0.444526016712189
v 0.823155164718628 -0.203788995742798 0.447226405143738
v 0.803591847419739 -0.195931315422058 0.434689402580261
v 0.780974864959717 -0.192624807357788 0.413051933050156
v 0.786720991134644 -0.201834440231323 0.450278043746948
v 0.785274744033813 -0.195318222045898 0.441389799118042
v 0.785841941833496 -0.192985892295837 0.411504209041595
v 0.788306951522827 -0.184218764305115 0.447071641683578
v 0.77223813533783 -0.184551239013672 0.45942011475563
v 0.771701812744141 -0.201161623001099 0.42501163482666
v 0.767753183841705 -0.200922846794128 0.426254272460938
v 0.76967978477478 -0.200499892234802 0.460799127817154
v 0.766938447952271 -0.190475583076477 0.451957434415817
v 0.756236553192139 -0.19180965423584 0.442202508449554
v 0.75717693567276 -0.199280858039856 0.47469037771225
v 0.75402557849884 -0.189413905143738 0.468721657991409
v 0.759774684906006 -0.192043423652649 0.440220534801483
v 0.758047223091125 -0.182350873947144 0.474069714546204
v 0.746814250946045 -0.190006256103516 0.463548749685287
v 0.749768018722534 -0.198273777961731 0.488338023424149
v 0.745915293693542 -0.190329074859619 0.492946177721024
v 0.749544024467468 -0.189473032951355 0.461125314235687
v 0.748649597167969 -0.182005405426025 0.487886369228363
v 0.851857542991638 -0.0976587533950806 0.562678456306458
v 0.856005907058716 -0.0718797445297241 0.56664377450943
v 0.843628406524658 -0.0713316202163696 0.562325596809387
v 0.83954930305481 -0.0966349840164185 0.559649884700775
v 0.828311800956726 -0.0941154956817627 0.564127206802368
v 0.848465919494629 -0.120720386505127 0.555252373218536
v 0.834946036338806 -0.118761539459229 0.553507328033447
v 0.824053823947906 -0.1176677942276 0.560571908950806
v 0.805893659591675 -0.136162161827087 0.60184645652771
v 0.810647487640381 -0.136328935623169 0.619440078735352
v 0.823685765266418 -0.138071775436401 0.627269089221954
v 0.834616839885712 -0.139526605606079 0.635957598686218
v 0.845764696598053 -0.140706062316895 0.643803775310516
v 0.85811710357666 -0.144171118736267 0.559692978858948
v 0.844841122627258 -0.13919734954834 0.545019388198853
v 0.8298499584198 -0.135642409324646 0.541945457458496
v 0.816874504089355 -0.134933710098267 0.551846981048584
v 0.831415951251984 -0.17724335193634 0.456826329231262
v 0.813227891921997 -0.173904776573181 0.45920005440712
v 0.820710361003876 -0.16648268699646 0.477758586406708
v 0.83506053686142 -0.177837371826172 0.477685034275055
v 0.796013712882996 -0.17610228061676 0.465971231460571
v 0.803058743476868 -0.165782332420349 0.484967350959778
v 0.780220568180084 -0.17748498916626 0.477194517850876
v 0.788053810596466 -0.16913104057312 0.496006727218628
v 0.765917420387268 -0.178263902664185 0.490475118160248
v 0.774875521659851 -0.172829270362854 0.508403182029724
v 0.753553450107574 -0.179924607276917 0.502569854259491
v 0.76265424489975 -0.178036451339722 0.52055823802948
v 0.747341871261597 -0.189260005950928 0.508679151535034
v 0.754636168479919 -0.187986254692078 0.527619004249573
v 0.836856067180634 -0.194617390632629 0.460761606693268
v 0.838610708713531 -0.193728804588318 0.481877058744431
v 0.827160954475403 -0.20557701587677 0.465311467647552
v 0.82863986492157 -0.20610523223877 0.485935688018799
v 0.810792088508606 -0.204529047012329 0.469277828931808
v 0.81372731924057 -0.205407977104187 0.490733742713928
v 0.757546961307526 -0.200537443161011 0.524201929569244
v 0.751886606216431 -0.200332164764404 0.504365146160126
v 0.792915165424347 -0.203183650970459 0.477050840854645
v 0.796859622001648 -0.203682065010071 0.49873685836792
v 0.776562094688416 -0.203104496002197 0.48647329211235
v 0.781316995620728 -0.203872203826904 0.508071839809418
v 0.762959420681 -0.202591776847839 0.496033102273941
v 0.768069505691528 -0.203688621520996 0.516991317272186
v 0.830092370510101 -0.162102222442627 0.500690042972565
v 0.812056064605713 -0.154989719390869 0.505306839942932
v 0.798336744308472 -0.159112334251404 0.51687890291214
v 0.785711407661438 -0.16534960269928 0.529980957508087
v 0.773900866508484 -0.175082206726074 0.542303681373596
v 0.764566421508789 -0.186200141906738 0.549286246299744
v 0.793652892112732 -0.154736876487732 0.55734658241272
v 0.784471094608307 -0.174663066864014 0.566745400428772
v 0.776979684829712 -0.187385082244873 0.570738136768341
v 0.787515819072723 -0.188159346580505 0.592485666275024
v 0.792479157447815 -0.17427122592926 0.591342568397522
v 0.809295892715454 -0.17732036113739 0.62964129447937
v 0.801496505737305 -0.175098180770874 0.612754464149475
v 0.79602438211441 -0.188910126686096 0.614426016807556
v 0.80377995967865 -0.192530751228333 0.63226318359375
v 0.797566533088684 -0.156066656112671 0.585108458995819
v 0.805297434329987 -0.156374931335449 0.607213139533997
v 0.814152240753174 -0.157071352005005 0.6226527094841
v 0.824369311332703 -0.195915460586548 0.650729775428772
v 0.827006757259369 -0.179239869117737 0.650515198707581
v 0.816909730434418 -0.178716421127319 0.641175031661987
v 0.812274098396301 -0.194639086723328 0.64357727766037
v 0.841612935066223 -0.199523091316223 0.651493787765503
v 0.844000935554504 -0.182358264923096 0.653965890407562
v 0.857700824737549 -0.185994863510132 0.64001601934433
v 0.856116354465485 -0.202357649803162 0.638985514640808
v 0.831290245056152 -0.158770084381104 0.64268970489502
v 0.822658240795135 -0.158205151557922 0.633465647697449
v 0.84471070766449 -0.16081964969635 0.648101329803467
v 0.856958270072937 -0.163521289825439 0.636918008327484
v 0.86050271987915 -0.186365485191345 0.619930028915405
v 0.859709143638611 -0.164740324020386 0.61918181180954
v 0.860515356063843 -0.202505826950073 0.619765937328339
v 0.839102268218994 -0.178756237030029 0.502282738685608
v 0.838694095611572 -0.19183623790741 0.506367206573486
v 0.807280957698822 -0.146329760551453 0.536244809627533
v 0.821978807449341 -0.145269274711609 0.525282680988312
v 0.84106171131134 -0.155089020729065 0.528342545032501
v 0.846925973892212 -0.178194046020508 0.52824193239212
v 0.842115819454193 -0.192615151405334 0.532573282718658
v 0.853769302368164 -0.181633114814758 0.552664816379547
v 0.846905112266541 -0.194422125816345 0.555734395980835
v 0.830302298069 -0.201406002044678 0.510468006134033
v 0.833316206932068 -0.199012756347656 0.536528944969177
v 0.838930010795593 -0.20060133934021 0.559184014797211
v 0.858169794082642 -0.184056639671326 0.573637008666992
v 0.852950811386108 -0.197117567062378 0.575465321540833
v 0.858649134635925 -0.184342861175537 0.591359615325928
v 0.856625437736511 -0.199085474014282 0.591602921485901
v 0.859047770500183 -0.200804471969604 0.604976058006287
v 0.858988583087921 -0.185106873512268 0.605229020118713
v 0.860390782356262 -0.16491687297821 0.593485236167908
v 0.8600994348526 -0.164495706558228 0.606131553649902
v 0.859389185905457 -0.165098547935486 0.57563316822052
v 0.855161070823669 -0.162508487701416 0.553455054759979
v 0.765822529792786 -0.199396967887878 0.546960651874542
v 0.776782989501953 -0.19861626625061 0.56921374797821
v 0.78820788860321 -0.198487162590027 0.590444087982178
v 0.797427177429199 -0.201284170150757 0.611751019954681
v 0.806793570518494 -0.204750776290894 0.627845048904419
v 0.815054416656494 -0.20641553401947 0.637496471405029
v 0.8255774974823 -0.207197666168213 0.643720269203186
v 0.839551091194153 -0.208439469337463 0.643034160137177
v 0.850407361984253 -0.210396647453308 0.634622573852539
v 0.853280782699585 -0.211554169654846 0.619478046894073
v 0.85235607624054 -0.211549758911133 0.606305420398712
v 0.845396220684052 -0.205197215080261 0.578486919403076
v 0.850203633308411 -0.209621787071228 0.593415856361389
v 0.865591108798981 -0.146209955215454 0.578188598155975
v 0.865603446960449 -0.145864605903625 0.595704019069672
v 0.863248884677887 -0.144991993904114 0.607446730136871
v 0.857081294059753 -0.142866253852844 0.634623765945435
v 0.860259115695953 -0.144030451774597 0.619046568870544
v 0.81724739074707 -0.20451021194458 0.515876948833466
v 0.801707029342651 -0.203534007072449 0.523732006549835
v 0.78721296787262 -0.20357871055603 0.532686531543732
v 0.77513062953949 -0.203334093093872 0.540674209594727
v 0.784144639968872 -0.203203916549683 0.564142644405365
v 0.795282006263733 -0.203792452812195 0.557516872882843
v 0.809073448181152 -0.204512357711792 0.549462795257568
v 0.822595059871674 -0.202711224555969 0.54163533449173
v 0.795045375823975 -0.2041015625 0.58536696434021
v 0.804750442504883 -0.205677628517151 0.579150021076202
v 0.817702531814575 -0.206432938575745 0.572305917739868
v 0.829261541366577 -0.205072522163391 0.564415633678436
v 0.836661875247955 -0.209905028343201 0.58373361825943
v 0.826775312423706 -0.210146546363831 0.591680407524109
v 0.815043389797211 -0.208759665489197 0.598017752170563
v 0.805972278118134 -0.206660628318787 0.604991793632507
v 0.81473445892334 -0.208817362785339 0.620075285434723
v 0.823178350925446 -0.210362315177917 0.612669467926025
v 0.83349871635437 -0.211928606033325 0.606229782104492
v 0.841713428497314 -0.212417602539062 0.59916627407074
v 0.821116745471954 -0.209790468215942 0.628721952438354
v 0.837187588214874 -0.211299777030945 0.635375320911407
v 0.82819676399231 -0.210476398468018 0.634159207344055
v 0.844563186168671 -0.213079929351807 0.630436062812805
v 0.845664918422699 -0.213549494743347 0.620118856430054
v 0.84430193901062 -0.213375449180603 0.609861433506012
v 0.838961064815521 -0.212579369544983 0.622245609760284
v 0.836722373962402 -0.212394714355469 0.615099310874939
v 0.827899873256683 -0.210899949073792 0.621261417865753
v 0.832120895385742 -0.211200833320618 0.627061784267426
v 0.839929819107056 -0.212334156036377 0.627837598323822
v 0.836400389671326 -0.2116379737854 0.630193531513214
v 0.808442711830139 -0.138042449951172 0.573967337608337
v 1.12604379653931 1.2118809223175 0.624951481819153
v 1.14068293571472 1.1367427110672 0.648157954216003
v 0.895063281059265 0.205546736717224 0.515364408493042
v 0.879177570343018 0.205027163028717 0.512235641479492
v 0.86388111114502 0.20915949344635 0.513564705848694
v 0.888522386550903 0.627747416496277 0.481799066066742
v 0.939617931842804 0.852082669734955 0.470081180334091
v 0.9382364153862 0.89156574010849 0.485202610492706
v 0.939255595207214 0.871508598327637 0.477896898984909
v 0.881745576858521 0.603270947933197 0.478803515434265
v 0.921660542488098 0.913157761096954 0.558239698410034
v 1.08017718791962 0.609917521476746 0.661887943744659
v 1.1416825056076 1.09581756591797 0.652376294136047
v 0.932216703891754 1.0772852897644 0.542783558368683
v 1.09123814105988 0.694815754890442 0.666940093040466
v 0.999968647956848 1.34687805175781 0.577133774757385
v 1.00296211242676 1.34584724903107 0.577532052993774
v 1.00403094291687 1.34255337715149 0.578557729721069
v 1.00708436965942 1.34199774265289 0.58197683095932
v 1.0093058347702 1.34102308750153 0.584784269332886
v 1.01055455207825 1.34080052375793 0.586666822433472
v 1.00431025028229 1.34381926059723 0.581056118011475
v 1.00685942173004 1.34708440303802 0.582435786724091
v 1.00408136844635 1.34603416919708 0.58014577627182
v 1.00283992290497 1.34511876106262 0.579662501811981
v 1.03628849983215 1.10097670555115 0.485903292894363
v 1.03121173381805 1.08550620079041 0.478872984647751
v 1.02501535415649 1.07337689399719 0.470438599586487
v 1.02104389667511 1.05563223361969 0.464830696582794
v 1.01586985588074 1.27125537395477 0.456268340349197
v 1.0064754486084 0.79148006439209 0.40522289276123
v 1.00651383399963 0.806400060653687 0.408224821090698
v 1.09423267841339 0.839051008224487 0.615168273448944
v 1.00684678554535 0.745496034622192 0.401154607534409
v 1.00505721569061 0.823889970779419 0.407408356666565
v 1.12946176528931 0.972341299057007 0.650094091892242
v 1.01725661754608 1.03744351863861 0.459199279546738
v 1.00734806060791 0.723826885223389 0.403716504573822
v 1.14271330833435 1.03185105323792 0.657833933830261
v 1.00267231464386 0.847032845020294 0.408874332904816
v 1.00776827335358 0.628681182861328 0.421956241130829
v 1.00623309612274 0.911295771598816 0.426994740962982
v 1.06504189968109 1.38874316215515 0.442729949951172
v 1.0794951915741 1.38082361221313 0.445672333240509
v 1.07000386714935 1.37078404426575 0.441623628139496
v 1.05576848983765 1.37499403953552 0.438831627368927
v 1.06347608566284 1.36185836791992 0.438024818897247
v 1.05167031288147 1.36343634128571 0.437503695487976
v 1.08963811397552 1.37191438674927 0.452845990657806
v 1.08016729354858 1.36444067955017 0.44695246219635
v 1.08986377716064 1.32948446273804 0.45333993434906
v 1.08804619312286 1.33873558044434 0.453390955924988
v 1.09692549705505 1.33679509162903 0.458148062229156
v 1.09847462177277 1.32471108436584 0.459492325782776
v 1.09034359455109 1.30274987220764 0.457401156425476
v 1.09746038913727 1.29471552371979 0.467039167881012
v 1.08767247200012 1.28598427772522 0.461252242326736
v 1.08099162578583 1.29470682144165 0.453942984342575
v 1.04200792312622 1.30947399139404 0.449357748031616
v 1.04556560516357 1.31541109085083 0.448547512292862
v 1.05088543891907 1.30951428413391 0.446582734584808
v 1.04677820205688 1.30279636383057 0.447981476783752
v 1.03147709369659 1.31989526748657 0.44826078414917
v 1.02462530136108 1.32309007644653 0.444763779640198
v 1.02754020690918 1.32890999317169 0.448132216930389
v 1.0342892408371 1.32498478889465 0.450274467468262
v 1.0371241569519 1.30420243740082 0.45167464017868
v 1.04226565361023 1.29737496376038 0.451141357421875
v 1.0343850851059 1.3108491897583 0.448865592479706
v 1.03738498687744 1.31529426574707 0.44990286231041
v 1.02575552463531 1.30463671684265 0.441951334476471
v 1.02079129219055 1.30500841140747 0.439309120178223
v 1.02152800559998 1.31070554256439 0.438188076019287
v 1.02772569656372 1.30967128276825 0.442204236984253
v 1.03362333774567 1.30392491817474 0.44828525185585
v 1.02930521965027 1.30098259449005 0.448734849691391
v 1.02895224094391 1.30326008796692 0.445201396942139
v 1.0320611000061 1.3070809841156 0.445617735385895
v 1.02899992465973 1.31472325325012 0.44568058848381
v 1.02256393432617 1.3171021938324 0.441369205713272
v 1.01565670967102 1.31834387779236 0.437589764595032
v 1.01427900791168 1.31027495861053 0.434839189052582
v 1.05847489833832 1.28933262825012 0.44886189699173
v 1.0527400970459 1.28587770462036 0.450128853321075
v 1.04755651950836 1.2914901971817 0.450007170438766
v 1.05247044563293 1.29608297348022 0.447682738304138
v 1.03181886672974 1.29805314540863 0.451340317726135
v 1.03318202495575 1.28196239471436 0.450103849172592
v 1.02646267414093 1.28306865692139 0.44972813129425
v 1.02662420272827 1.28718531131744 0.449564278125763
v 1.03387057781219 1.28608524799347 0.449800193309784
v 1.06758654117584 1.27507984638214 0.454832583665848
v 1.06947720050812 1.26701760292053 0.458659589290619
v 1.06045699119568 1.26735889911652 0.456528574228287
v 1.05971550941467 1.27392435073853 0.453969031572342
v 1.05864429473877 1.26109600067139 0.45908311009407
v 1.06810629367828 1.25861620903015 0.462535262107849
v 1.05769026279449 1.24349331855774 0.466756939888
v 1.0483912229538 1.25004959106445 0.460758328437805
v 1.05440628528595 1.25556182861328 0.460671931505203
v 1.06409883499146 1.25094127655029 0.465310335159302
v 1.03425323963165 1.25558316707611 0.458914816379547
v 1.04065227508545 1.24518311023712 0.460004895925522
v 1.03243410587311 1.24158704280853 0.459778904914856
v 1.02795374393463 1.2542690038681 0.459667384624481
v 1.03434407711029 1.27618873119354 0.454404890537262
v 1.03333520889282 1.27875125408173 0.451861202716827
v 1.0385559797287 1.27790331840515 0.452756702899933
v 1.0390373468399 1.27603566646576 0.454722285270691
v 1.04411256313324 1.27580046653748 0.455019414424896
v 1.04362523555756 1.27643716335297 0.454288363456726
v 1.04509854316711 1.27709937095642 0.453506112098694
v 1.04601562023163 1.27560782432556 0.454762279987335
v 1.0419499874115 1.27587747573853 0.454973518848419
v 1.04304075241089 1.27480435371399 0.455378890037537
v 1.04037082195282 1.27391302585602 0.45524400472641
v 1.03594183921814 1.27304005622864 0.454422533512115
v 1.02080976963043 1.27118062973022 0.454496324062347
v 1.02062606811523 1.27589249610901 0.455508440732956
v 1.02393341064453 1.27588510513306 0.454819738864899
v 1.02471971511841 1.27152872085571 0.453641623258591
v 1.04280161857605 1.27858924865723 0.452434480190277
v 1.03899598121643 1.28028345108032 0.451312988996506
v 1.04020881652832 1.28351485729218 0.450491905212402
v 1.04476237297058 1.28061497211456 0.451397240161896
v 1.04799234867096 1.28314328193665 0.450682133436203
v 1.05146455764771 1.27888751029968 0.452091634273529
v 1.04757916927338 1.27791285514832 0.452682435512543
v 1.04524052143097 1.27379953861237 0.455751657485962
v 1.04904925823212 1.27512288093567 0.454398393630981
v 1.04872119426727 1.27216804027557 0.456132292747498
v 1.046262383461 1.26920855045319 0.456696003675461
v 1.04259693622589 1.27195453643799 0.455801427364349
v 1.0382422208786 1.27017450332642 0.455075800418854
v 1.04198145866394 1.26641011238098 0.456494212150574
v 1.03612494468689 1.26406538486481 0.456331014633179
v 1.03239226341248 1.26835870742798 0.454211890697479
v 1.04293215274811 1.28726768493652 0.450189232826233
v 1.05354905128479 1.274409532547 0.454034626483917
v 1.0567262172699 1.2802027463913 0.451669216156006
v 1.05379688739777 1.26969110965729 0.456227272748947
v 1.05159711837769 1.26531219482422 0.457615077495575
v 1.04127383232117 1.2579528093338 0.458447426557541
v 1.04734218120575 1.26124691963196 0.458130061626434
v 1.04922163486481 1.23692035675049 0.467511713504791
v 1.03989171981812 1.23256099224091 0.469171851873398
v 1.05977690219879 1.35504329204559 0.439382672309875
v 1.05083632469177 1.35634922981262 0.440980613231659
v 1.06204426288605 1.34799551963806 0.443233013153076
v 1.05761587619781 1.34886741638184 0.443203300237656
v 1.05805468559265 1.35150301456451 0.442184329032898
v 1.0637788772583 1.35000216960907 0.442643463611603
v 1.08042895793915 1.34076654911041 0.451162755489349
v 1.08197200298309 1.33413815498352 0.451047718524933
v 1.07503223419189 1.33868384361267 0.450168609619141
v 1.07400476932526 1.34262251853943 0.449147284030914
v 1.06522679328918 1.33057451248169 0.447966396808624
v 1.06230354309082 1.33747446537018 0.447006613016129
v 1.06614553928375 1.33839678764343 0.447501659393311
v 1.07036960124969 1.33201563358307 0.448575556278229
v 1.05813980102539 1.33699345588684 0.447147697210312
v 1.05987524986267 1.33061349391937 0.448130816221237
v 1.0547182559967 1.331782579422 0.448754787445068
v 1.05398440361023 1.33736515045166 0.448122441768646
v 1.05125212669373 1.35254967212677 0.444161653518677
v 1.05220007896423 1.34965085983276 0.444705963134766
v 1.04697453975677 1.34937989711761 0.448239326477051
v 1.04506552219391 1.3526496887207 0.448118090629578
v 1.040611743927 1.34318542480469 0.457194238901138
v 1.03717291355133 1.34284806251526 0.457158237695694
v 1.03727877140045 1.34701728820801 0.456073611974716
v 1.04091119766235 1.34559309482574 0.456001996994019
v 1.04152393341064 1.34123194217682 0.456247866153717
v 1.0392781496048 1.3396178483963 0.456193506717682
v 1.0600038766861 1.41173768043518 0.446855545043945
v 1.07714033126831 1.40316772460938 0.448479056358337
v 1.04866886138916 1.3933869600296 0.44083958864212
v 1.09164619445801 1.39162576198578 0.452261537313461
v 1.10113573074341 1.37918281555176 0.458745807409286
v 1.09254670143127 1.27714002132416 0.46811318397522
v 1.08063042163849 1.27039265632629 0.462600260972977
v 1.07725954055786 1.27928853034973 0.457407921552658
v 1.0939120054245 1.26702952384949 0.474746942520142
v 1.08042979240417 1.26024389266968 0.467539221048355
v 1.06966507434845 1.24123382568359 0.477986365556717
v 1.07707035541534 1.25005996227264 0.472649753093719
v 1.10707092285156 1.27741527557373 0.484576463699341
v 1.10794794559479 1.26969909667969 0.492456525564194
v 1.09236097335815 1.25685465335846 0.483047127723694
v 1.11836123466492 1.28491544723511 0.500396311283112
v 1.12006497383118 1.28283047676086 0.509184002876282
v 1.109041929245 1.26177930831909 0.504229962825775
v 1.09272921085358 1.22797119617462 0.50910884141922
v 1.10927033424377 1.2341080904007 0.513225734233856
v 1.11254632472992 1.22335159778595 0.516760051250458
v 1.09641551971436 1.2182891368866 0.511222004890442
v 1.10431838035583 1.2862286567688 0.476506024599075
v 1.10267126560211 1.34907245635986 0.464043229818344
v 1.10638582706451 1.33463525772095 0.466497898101807
v 1.09289002418518 1.34809982776642 0.456305503845215
v 1.11746311187744 1.41239392757416 0.475894600152969
v 1.12379550933838 1.39381504058838 0.47777533531189
v 1.11230993270874 1.38686943054199 0.467837363481522
v 1.10391092300415 1.403000831604 0.462300628423691
v 1.08819532394409 1.44589805603027 0.480016052722931
v 1.1053546667099 1.43101644515991 0.476835191249847
v 1.09003341197968 1.41836774349213 0.459628999233246
v 1.07304334640503 1.4305032491684 0.46038144826889
v 1.13435757160187 1.39804720878601 0.490139067173004
v 1.13034057617188 1.4164754152298 0.49270686507225
v 1.14259719848633 1.4145839214325 0.511262953281403
v 1.14338850975037 1.39786648750305 0.504025042057037
v 1.12088918685913 1.43606042861938 0.498514622449875
v 1.13564002513885 1.43442511558533 0.521264493465424
v 1.12639164924622 1.28818130493164 0.518361270427704
v 1.12278401851654 1.2689973115921 0.518651962280273
v 1.12103128433228 1.25340104103088 0.519862174987793
v 1.10678100585938 1.24679887294769 0.509608089923859
v 1.12363421916962 1.44982922077179 0.533262610435486
v 1.10579824447632 1.45205235481262 0.506511270999908
v 1.15597546100616 1.37723004817963 0.551134645938873
v 1.15356659889221 1.36697125434875 0.537365436553955
v 1.15259897708893 1.38058650493622 0.526541113853455
v 1.15467774868011 1.39406681060791 0.541428089141846
v 1.15415692329407 1.38743364810944 0.56822007894516
v 1.15295839309692 1.40737104415894 0.55782163143158
v 1.14343357086182 1.3232147693634 0.560780107975006
v 1.14144325256348 1.3281637430191 0.57576596736908
v 1.13459193706512 1.30873596668243 0.573284804821014
v 1.13593542575836 1.30550301074982 0.55930107831955
v 1.07306313514709 1.35748434066772 0.440952360630035
v 1.07979238033295 1.35288059711456 0.446151733398438
v 1.07305526733398 1.34949517250061 0.443838447332382
v 1.06736850738525 1.35271441936493 0.440811306238174
v 1.09750330448151 1.3606573343277 0.458585202693939
v 1.08755671977997 1.35682761669159 0.452151238918304
v 1.11784100532532 1.37194299697876 0.47300922870636
v 1.12700569629669 1.37860262393951 0.481608092784882
v 1.14290797710419 1.38371396064758 0.502337455749512
v 1.13558971881866 1.38261008262634 0.491280257701874
v 1.14982581138611 1.3583836555481 0.527815163135529
v 1.14980936050415 1.36735117435455 0.520465195178986
v 1.13369596004486 1.29945242404938 0.529896676540375
v 1.13521873950958 1.30180084705353 0.545412182807922
v 1.1313259601593 1.28354489803314 0.546045303344727
v 1.13004910945892 1.27771782875061 0.531560301780701
v 1.12981843948364 1.29136598110199 0.571367502212524
v 1.13005077838898 1.28832650184631 0.559508800506592
v 1.13031089305878 1.24646174907684 0.537197947502136
v 1.13282597064972 1.25200057029724 0.551632225513458
v 1.13694477081299 1.23962807655334 0.555058300495148
v 1.13221633434296 1.23459386825562 0.541036009788513
v 1.13739168643951 1.24248600006104 0.56909590959549
v 1.13267374038696 1.2562050819397 0.565170407295227
v 1.13064885139465 1.25843214988708 0.576805353164673
v 1.13475096225739 1.24346959590912 0.580716550350189
v 1.06765222549438 1.21113610267639 0.512635588645935
v 1.08056783676147 1.21442782878876 0.511011242866516
v 1.08444881439209 1.20609831809998 0.512307524681091
v 1.07082569599152 1.20357823371887 0.514647245407104
v 1.13721370697021 1.22408246994019 0.544826090335846
v 1.14372432231903 1.22991609573364 0.558478116989136
v 1.14097702503204 1.32047939300537 0.546736776828766
v 1.14085042476654 1.31909108161926 0.533585667610168
v 1.14493346214294 1.23204910755157 0.57269811630249
v 1.13110780715942 1.26669311523438 0.548675656318665
v 1.1298394203186 1.27121353149414 0.56156998872757
v 1.12570643424988 1.29404711723328 0.582919836044312
v 1.13100016117096 1.31280851364136 0.585692822933197
v 1.04035496711731 1.32046782970428 0.450384974479675
v 1.04566740989685 1.3354959487915 0.452410399913788
v 1.04221510887146 1.33732390403748 0.454580307006836
v 1.04338276386261 1.34026491641998 0.45437940955162
v 1.0462486743927 1.3391934633255 0.452045857906342
v 1.02830731868744 1.37516844272614 0.442201793193817
v 1.04183566570282 1.37645721435547 0.438804864883423
v 1.03907811641693 1.3625580072403 0.439127147197723
v 1.02729773521423 1.35910940170288 0.444748908281326
v 1.07194173336029 1.3063223361969 0.446918487548828
v 1.06490468978882 1.29569256305695 0.447600066661835
v 1.05723524093628 1.30296802520752 0.445833623409271
v 1.06090581417084 1.31209540367126 0.445573925971985
v 1.07006728649139 1.34366059303284 0.447771042585373
v 1.06821131706238 1.34513163566589 0.445883631706238
v 1.07146680355072 1.34556877613068 0.446806222200394
v 1.06360030174255 1.28260314464569 0.451516091823578
v 1.0718230009079 1.28744673728943 0.452152907848358
v 1.10765910148621 1.32001328468323 0.469557195901871
v 1.08453941345215 1.34683847427368 0.450808882713318
v 1.06902980804443 1.45512747764587 0.485978603363037
v 1.0534975528717 1.43838596343994 0.462631702423096
v 1.08742296695709 1.46293473243713 0.515039205551147
v 1.10584616661072 1.46153521537781 0.543301820755005
v 1.14512324333191 1.41906607151031 0.5738804936409
v 1.13058090209961 1.42921257019043 0.589154124259949
v 1.13492286205292 1.40467703342438 0.602818131446838
v 1.14904057979584 1.39622843265533 0.584756672382355
v 1.13722395896912 1.3326541185379 0.590397894382477
v 1.12536561489105 1.26123738288879 0.586254298686981
v 1.12878441810608 1.24502921104431 0.589815199375153
v 1.04169869422913 1.41631162166595 0.449008166790009
v 1.03386986255646 1.39504265785217 0.442779660224915
v 1.10845339298248 1.36527049541473 0.466114699840546
v 1.08852326869965 1.32048892974854 0.451981425285339
v 1.08283579349518 1.31251072883606 0.449775516986847
v 1.07655000686646 1.32298576831818 0.447277933359146
v 1.08102118968964 1.32794690132141 0.44929713010788
v 1.0965291261673 1.31292939186096 0.459870398044586
v 1.10456609725952 1.30616962909698 0.471365630626678
v 1.11388075351715 1.30016148090363 0.484409511089325
v 1.11703634262085 1.29007923603058 0.493067175149918
v 1.15052497386932 1.40878105163574 0.529372811317444
v 1.14924263954163 1.39344573020935 0.51764178276062
v 1.13790655136108 1.43873524665833 0.556114852428436
v 1.14626932144165 1.42470133304596 0.542147040367126
v 1.14838552474976 1.38196158409119 0.513835966587067
v 1.12202394008636 1.45126843452454 0.569139063358307
v 1.02677893638611 1.29166483879089 0.449968039989471
v 1.02557289600372 1.29597973823547 0.450389504432678
v 1.03553938865662 1.29194355010986 0.450607717037201
v 1.0268486738205 1.26707863807678 0.454492926597595
v 1.03032779693604 1.26239550113678 0.457173466682434
v 1.02512800693512 1.26172876358032 0.458575069904327
v 1.02220606803894 1.2666175365448 0.45564666390419
v 1.04765069484711 1.22960150241852 0.482920527458191
v 1.05831527709961 1.23409819602966 0.480669140815735
v 1.06390142440796 1.21838319301605 0.509039759635925
v 1.07677638530731 1.22226572036743 0.508047103881836
v 1.02305567264557 1.3035671710968 0.445320963859558
v 1.02444326877594 1.3032351732254 0.447083413600922
v 1.02255940437317 1.30346918106079 0.447492361068726
v 1.02152800559998 1.30385327339172 0.44568145275116
v 1.0419112443924 1.27718818187714 0.45363786816597
v 1.02123558521271 1.28322744369507 0.450539648532867
v 1.02230274677277 1.27954578399658 0.452258229255676
v 1.01928269863129 1.27931487560272 0.453332036733627
v 1.01831603050232 1.28280746936798 0.45166802406311
v 1.086052775383 1.24464392662048 0.492804616689682
v 1.08934831619263 1.2374119758606 0.503833293914795
v 1.1245903968811 1.22893154621124 0.527664124965668
v 1.12234818935394 1.24035930633545 0.523411393165588
v 1.12940001487732 1.26061308383942 0.533708453178406
v 1.12887454032898 1.27410399913788 0.57246333360672
v 1.12433123588562 1.27779173851013 0.583304822444916
v 1.11769306659698 1.28032243251801 0.593165397644043
v 1.11974108219147 1.29609560966492 0.593657433986664
v 1.0675265789032 1.23293852806091 0.493047475814819
v 1.07288086414337 1.22894072532654 0.502236783504486
v 1.05997633934021 1.22516989707947 0.503124833106995
v 1.05481159687042 1.22825992107391 0.494722485542297
v 1.01736581325531 1.30090701580048 0.447196245193481
v 1.01931655406952 1.30013287067413 0.448769390583038
v 1.01730513572693 1.29782474040985 0.449405997991562
v 1.01535403728485 1.29959046840668 0.44682902097702
v 1.02617204189301 1.3015718460083 0.448369473218918
v 1.02458214759827 1.29889643192291 0.450050681829453
v 1.02419662475586 1.30090582370758 0.449794709682465
v 1.0259872674942 1.30253529548645 0.446306943893433
v 1.02403128147125 1.30336272716522 0.444061517715454
v 1.01744771003723 1.30343127250671 0.442354112863541
v 1.01460063457489 1.30330455303192 0.438146352767944
v 1.02087950706482 1.30348384380341 0.44231790304184
v 1.01976227760315 1.30240964889526 0.447250604629517
v 1.02093851566315 1.3015810251236 0.449035555124283
v 1.0235184431076 1.30251514911652 0.449277222156525
v 1.0249959230423 1.30258941650391 0.448357820510864
v 1.01881790161133 1.30369484424591 0.44404536485672
v 1.02106308937073 1.30374562740326 0.444251120090485
v 1.01766657829285 1.32526397705078 0.441547721624374
v 1.05398213863373 1.21661186218262 0.511030435562134
v 1.05056273937225 1.22291851043701 0.505535483360291
v 1.04326140880585 1.27604258060455 0.454928696155548
v 1.04189085960388 1.35610103607178 0.444571077823639
v 1.06917476654053 1.32051908969879 0.445975005626678
v 1.04811370372772 1.32154762744904 0.449168622493744
v 1.04934966564178 1.32767534255981 0.45002806186676
v 1.05507063865662 1.32465314865112 0.448252767324448
v 1.05385291576385 1.31704032421112 0.447324633598328
v 1.03486800193787 1.35321855545044 0.449646919965744
v 1.0313857793808 1.34798002243042 0.453998148441315
v 1.02485406398773 1.34895241260529 0.45031750202179
v 1.03166246414185 1.34168291091919 0.455139875411987
v 1.03531360626221 1.33680832386017 0.455564022064209
v 1.03105342388153 1.33363556861877 0.451909095048904
v 1.02473402023315 1.33976721763611 0.449926137924194
v 1.06807231903076 1.34795022010803 0.444396257400513
v 1.0655220746994 1.34657406806946 0.44425904750824
v 1.03711998462677 1.32940292358398 0.452534794807434
v 1.03987014293671 1.33341288566589 0.454325258731842
v 1.04443347454071 1.33055472373962 0.452310621738434
v 1.04270458221436 1.32547914981842 0.451381206512451
v 1.06150507926941 1.32195246219635 0.446865677833557
v 1.07709777355194 1.34597957134247 0.448110073804855
v 1.07384860515594 1.33478689193726 0.449669778347015
v 1.13399910926819 1.31150317192078 0.521960854530334
v 1.13973128795624 1.32336926460266 0.524465084075928
v 1.12695550918579 1.30039989948273 0.505852580070496
v 1.12854242324829 1.30330634117126 0.509127020835876
v 1.12359189987183 1.29717183113098 0.51095175743103
v 1.12330412864685 1.29598832130432 0.505736291408539
v 1.14320969581604 1.3550066947937 0.508938908576965
v 1.14069485664368 1.35436725616455 0.505408585071564
v 1.14047288894653 1.3605580329895 0.503413677215576
v 1.14377856254578 1.36145853996277 0.510352373123169
v 1.1375720500946 1.35554718971252 0.499016582965851
v 1.13717401027679 1.35214066505432 0.49989441037178
v 1.13545310497284 1.35099768638611 0.497118532657623
v 1.13635611534119 1.35815250873566 0.496610879898071
v 1.1313282251358 1.35481572151184 0.491425067186356
v 1.12944006919861 1.3652925491333 0.486414045095444
v 1.13569629192352 1.36910057067871 0.494200110435486
v 1.11402249336243 1.34845376014709 0.474575161933899
v 1.12183356285095 1.35870921611786 0.480658650398254
v 1.12598896026611 1.34903621673584 0.488902658224106
v 1.12280237674713 1.33981466293335 0.487155765295029
v 1.12208676338196 1.30518281459808 0.495357036590576
v 1.12318754196167 1.29782676696777 0.499814450740814
v 1.12786912918091 1.30243575572968 0.516691505908966
v 1.15232276916504 1.36716270446777 0.573464095592499
v 1.15379655361176 1.35976874828339 0.557181000709534
v 1.15147995948792 1.35225129127502 0.543367683887482
v 1.14868271350861 1.34652233123779 0.532003223896027
v 1.14879381656647 1.37489438056946 0.590534687042236
v 1.13790738582611 1.37759363651276 0.606109023094177
v 1.11584770679474 1.33164286613464 0.477361381053925
v 1.12190854549408 1.3275500535965 0.48858916759491
v 1.14931333065033 1.34154093265533 0.560093104839325
v 1.14846777915955 1.34747576713562 0.576888859272003
v 1.14707827568054 1.33606052398682 0.545829057693481
v 1.14645218849182 1.33328592777252 0.534113466739655
v 1.14408934116364 1.35456144809723 0.592686593532562
v 1.13377630710602 1.35437178611755 0.60802948474884
v 1.12966012954712 1.33186316490173 0.603075206279755
v 1.13107764720917 1.30810165405273 0.501826524734497
v 1.13132464885712 1.3021045923233 0.501405954360962
v 1.12806880474091 1.30095672607422 0.501908779144287
v 1.12725520133972 1.30618929862976 0.499553859233856
v 1.12233221530914 1.31558454036713 0.491555154323578
v 1.11596345901489 1.31615471839905 0.481293827295303
v 1.02068746089935 1.33218383789062 0.445155084133148
v 1.02539420127869 1.2401328086853 0.4616439640522
v 1.02296113967896 1.25395917892456 0.460485965013504
v 1.0210108757019 1.29127526283264 0.450326561927795
v 1.02121186256409 1.28705763816833 0.450178503990173
v 1.01817619800568 1.28645551204681 0.451375037431717
v 1.01807963848114 1.29036784172058 0.451372236013412
v 1.0401759147644 1.35076093673706 0.452752113342285
v 1.12302398681641 1.31482088565826 0.597015678882599
v 1.11820995807648 1.26384687423706 0.59517776966095
v 1.12087714672089 1.24733519554138 0.598231673240662
v 1.14169979095459 1.23145401477814 0.585110187530518
v 1.13479745388031 1.23180139064789 0.59506893157959
v 1.01771128177643 1.29431807994843 0.450934946537018
v 1.02065300941467 1.29499959945679 0.450315654277802
v 1.01896870136261 1.3033481836319 0.445412039756775
v 1.02722477912903 1.27930879592896 0.451536357402802
v 1.02133989334106 1.30018591880798 0.44954925775528
v 1.02061700820923 1.29797458648682 0.449960768222809
v 1.01517760753632 1.29710805416107 0.449800610542297
v 1.01619184017181 1.29393005371094 0.451452434062958
v 1.04991161823273 1.33357095718384 0.450210630893707
v 1.04996109008789 1.33810091018677 0.449872076511383
v 1.01651811599731 1.302161693573 0.444573044776917
v 1.01423263549805 1.30082511901855 0.443058520555496
v 1.10049331188202 1.20928406715393 0.513397514820099
v 1.11651408672333 1.21364760398865 0.520051002502441
v 1.01728534698486 1.27927470207214 0.454223781824112
v 1.01644289493561 1.28267955780029 0.452531039714813
v 1.12745845317841 1.3340003490448 0.495624572038651
v 1.12961530685425 1.34177386760712 0.495055675506592
v 1.13368511199951 1.33745121955872 0.49948862195015
v 1.13185596466064 1.3310045003891 0.500135958194733
v 1.05757129192352 1.20959746837616 0.515415668487549
v 1.12857472896576 1.21876287460327 0.531667351722717
v 1.12609302997589 1.23346626758575 0.603722929954529
v 1.06889832019806 1.33993673324585 0.44817790389061
v 1.0702463388443 1.34185218811035 0.448512971401215
v 1.04321479797363 1.34825944900513 0.452761232852936
v 1.03008890151978 1.27212524414062 0.453451871871948
v 1.0287024974823 1.27603650093079 0.454252243041992
v 1.04596102237701 1.2264199256897 0.497395187616348
v 1.01352739334106 1.298832654953 0.446888357400894
v 1.13836777210236 1.3463921546936 0.50538581609726
v 1.13796889781952 1.34296059608459 0.505699157714844
v 1.13923418521881 1.3415595293045 0.502514541149139
v 1.13888800144196 1.34458529949188 0.501352071762085
v 1.13734292984009 1.347052693367 0.4953673183918
v 1.13901388645172 1.35065150260925 0.49579244852066
v 1.14130449295044 1.34741616249084 0.497167408466339
v 1.13974225521088 1.34472620487213 0.497906237840652
v 1.13305556774139 1.34749710559845 0.49482724070549
v 1.13531696796417 1.34313952922821 0.497019797563553
v 1.14176094532013 1.35235619544983 0.495802253484726
v 1.1424595117569 1.34977734088898 0.497630715370178
v 1.1386593580246 1.35327541828156 0.501685440540314
v 1.13978409767151 1.35389757156372 0.498202443122864
v 1.14286243915558 1.35648572444916 0.501238346099854
v 1.14583718776703 1.3540016412735 0.497714549303055
v 1.14790165424347 1.3572838306427 0.505529522895813
v 1.15079462528229 1.35400545597076 0.501088619232178
v 1.15116262435913 1.35374820232391 0.510335087776184
v 1.15443801879883 1.35157084465027 0.505863189697266
v 1.12720024585724 1.31467866897583 0.498413383960724
v 1.13007473945618 1.31667590141296 0.504238188266754
v 1.1529129743576 1.34831655025482 0.513706266880035
v 1.15663814544678 1.34705853462219 0.509333610534668
v 1.15320837497711 1.34097814559937 0.516095340251923
v 1.15711343288422 1.34042072296143 0.51203066110611
v 1.15238571166992 1.33330321311951 0.517147541046143
v 1.15591943264008 1.33292019367218 0.513393223285675
v 1.15040063858032 1.32481527328491 0.516830086708069
v 1.15372633934021 1.32567453384399 0.512897968292236
v 1.14668667316437 1.3149311542511 0.515359222888947
v 1.14961469173431 1.31825876235962 0.511294841766357
v 1.15097999572754 1.34967303276062 0.507434606552124
v 1.14811158180237 1.35201454162598 0.504255533218384
v 1.14319157600403 1.35160326957703 0.511998653411865
v 1.14470899105072 1.35200810432434 0.500372290611267
v 1.1412627696991 1.33852863311768 0.513479471206665
v 1.14006197452545 1.33551347255707 0.512804627418518
v 1.14111471176147 1.33558237552643 0.508094370365143
v 1.13970828056335 1.33838212490082 0.51092666387558
v 1.13477826118469 1.3296263217926 0.503218293190002
v 1.13520097732544 1.32405710220337 0.50410521030426
v 1.13175141811371 1.32349956035614 0.500857889652252
v 1.13367414474487 1.32023537158966 0.506011009216309
v 1.13351678848267 1.32490921020508 0.506824791431427
v 1.13392782211304 1.32183516025543 0.507421493530273
v 1.13281285762787 1.32890152931213 0.507094621658325
v 1.13493800163269 1.32047522068024 0.508574366569519
v 1.13496661186218 1.31869053840637 0.507214486598969
v 1.134437084198 1.32151758670807 0.509559512138367
v 1.13373792171478 1.32235288619995 0.508952260017395
v 1.13332235813141 1.32413244247437 0.509851455688477
v 1.13420736789703 1.32727599143982 0.511299967765808
v 1.12777149677277 1.32427477836609 0.495989978313446
v 1.13549137115479 1.31747043132782 0.515947818756104
v 1.14045917987823 1.32574868202209 0.516562104225159
v 1.14488434791565 1.31183528900146 0.508506417274475
v 1.14211928844452 1.30589532852173 0.511569857597351
v 1.13381254673004 1.29981708526611 0.502588868141174
v 1.13802647590637 1.30070233345032 0.506342947483063
v 1.14349675178528 1.34675335884094 0.514308333396912
v 1.14454066753387 1.34054517745972 0.516364455223083
v 1.13090658187866 1.31009423732758 0.511833548545837
v 1.14336049556732 1.3337299823761 0.517163515090942
v 1.14780116081238 1.32152700424194 0.510987401008606
v 1.14361381530762 1.31721711158752 0.50914603471756
v 1.15142691135406 1.32699370384216 0.511748135089874
v 1.1345716714859 1.31488227844238 0.505003690719604
v 1.13925075531006 1.31487536430359 0.506696939468384
v 1.14007472991943 1.3088104724884 0.504835784435272
v 1.13538932800293 1.30782747268677 0.502575516700745
v 1.14150714874268 1.32079482078552 0.510040760040283
v 1.1454895734787 1.32397270202637 0.51008141040802
v 1.13941991329193 1.32297313213348 0.512337684631348
v 1.14310145378113 1.32608902454376 0.512409150600433
v 1.13676047325134 1.32106494903564 0.510192930698395
v 1.13773703575134 1.31887269020081 0.508761942386627
v 1.13653302192688 1.32481503486633 0.514363169670105
v 1.14013922214508 1.32948458194733 0.514765202999115
v 1.1349983215332 1.32236695289612 0.511385917663574
v 1.14561808109283 1.32958173751831 0.510829269886017
v 1.14324176311493 1.33274817466736 0.512617170810699
v 1.14494252204895 1.3356693983078 0.50860583782196
v 1.14734578132629 1.33329176902771 0.508696794509888
v 1.14870047569275 1.32796907424927 0.510195016860962
v 1.15088605880737 1.33264136314392 0.509753406047821
v 1.15266358852386 1.33318662643433 0.512454330921173
v 1.15138816833496 1.33819723129272 0.509436368942261
v 1.15300059318542 1.33977484703064 0.512022733688354
v 1.1485698223114 1.33721303939819 0.508017778396606
v 1.14615380764008 1.33774566650391 0.506690442562103
v 1.15278148651123 1.34575664997101 0.510147213935852
v 1.15079760551453 1.34321475028992 0.508333325386047
v 1.14912557601929 1.34690690040588 0.506728649139404
v 1.14846980571747 1.34109711647034 0.507039189338684
v 1.14714336395264 1.34400522708893 0.505709946155548
v 1.14679265022278 1.34001731872559 0.506210267543793
v 1.14545798301697 1.34148991107941 0.505280137062073
v 1.14112091064453 1.34923720359802 0.500696897506714
v 1.13965666294098 1.34715163707733 0.500462770462036
v 1.14374208450317 1.34974348545074 0.502241194248199
v 1.14274263381958 1.34718227386475 0.503361523151398
v 1.14112424850464 1.34795093536377 0.502531886100769
v 1.13985323905945 1.34685862064362 0.503218173980713
v 1.14179742336273 1.34477269649506 0.503758192062378
v 1.1409924030304 1.34340608119965 0.50653463602066
v 1.07653486728668 1.18658804893494 0.514787554740906
v 1.06506073474884 1.18593037128448 0.519977152347565
v 1.06284308433533 1.19393134117126 0.519735336303711
v 1.07395112514496 1.19519019126892 0.515273749828339
v 1.14494061470032 1.3458765745163 0.504318952560425
v 1.14365112781525 1.34295153617859 0.504038751125336
v 1.14664471149445 1.3491233587265 0.504610419273376
v 1.14362037181854 1.33992433547974 0.508409380912781
v 1.14316272735596 1.34107291698456 0.50601851940155
v 1.14457809925079 1.33931374549866 0.505918085575104
v 1.14442193508148 1.3383252620697 0.507509827613831
v 1.13476181030273 1.33357286453247 0.503723382949829
v 1.13495469093323 1.33259856700897 0.508009493350983
v 1.13706207275391 1.33057284355164 0.511671543121338
v 1.11960983276367 1.17645740509033 0.510576844215393
v 1.11547648906708 1.18470215797424 0.515258014202118
v 1.13547170162201 1.19050359725952 0.518867611885071
v 1.14122760295868 1.1833518743515 0.514271676540375
v 1.12115800380707 1.15740633010864 0.489711821079254
v 1.15246558189392 1.1637601852417 0.492299020290375
v 1.13923561573029 1.14432775974274 0.475138664245605
v 1.11610174179077 1.14085054397583 0.478704184293747
v 1.12870681285858 1.12668931484222 0.463639289140701
v 1.10926413536072 1.1246919631958 0.468742996454239
v 1.10332810878754 1.08009648323059 0.434623599052429
v 1.08722543716431 1.08038592338562 0.439694821834564
v 1.09426128864288 1.09508490562439 0.449208468198776
v 1.11105906963348 1.09533739089966 0.443972051143646
v 1.10427522659302 1.00305211544037 0.39977639913559
v 1.10009527206421 0.985303699970245 0.404280781745911
v 1.08605897426605 0.98992794752121 0.405481845140457
v 1.09237420558929 1.00588345527649 0.401486903429031
v 1.18494486808777 1.09640300273895 0.438407480716705
v 1.19581127166748 1.11469292640686 0.442834228277206
v 1.20442855358124 1.10542273521423 0.440633028745651
v 1.19242429733276 1.08652663230896 0.437666833400726
v 1.19168758392334 1.19255721569061 0.530083894729614
v 1.17476344108582 1.18006193637848 0.51193106174469
v 1.16663932800293 1.18367648124695 0.52031534910202
v 1.18344330787659 1.1960541009903 0.535756886005402
v 1.16335785388947 1.0116491317749 0.41862291097641
v 1.15610086917877 0.999947547912598 0.414567470550537
v 1.14816200733185 1.01000893115997 0.409511476755142
v 1.15412223339081 1.02156698703766 0.413295596837997
v 1.13612270355225 0.922459542751312 0.432266473770142
v 1.13720774650574 0.903697371482849 0.431255578994751
v 1.11663830280304 0.904440522193909 0.423589020967484
v 1.11665034294128 0.922577083110809 0.425260722637177
v 1.19856858253479 0.941866517066956 0.472035109996796
v 1.21312952041626 0.93958455324173 0.494560390710831
v 1.21120083332062 0.923814177513123 0.496630400419235
v 1.19732522964478 0.924270331859589 0.473896384239197
v 1.13316237926483 1.07728719711304 0.428954273462296
v 1.11892545223236 1.07926416397095 0.431140720844269
v 1.12732601165771 1.09441840648651 0.439894676208496
v 1.14215123653412 1.09237802028656 0.437248229980469
v 1.3459804058075 1.06036698818207 0.375525146722794
v 1.33516156673431 1.04556930065155 0.373722642660141
v 1.31769478321075 1.05785536766052 0.385067790746689
v 1.32838916778564 1.07218861579895 0.386800944805145
v 1.19404423236847 0.833944141864777 0.467588871717453
v 1.20314741134644 0.837288916110992 0.490725219249725
v 1.2050895690918 0.819337964057922 0.48927029967308
v 1.19513165950775 0.815434455871582 0.465643644332886
v 1.2661828994751 1.14857244491577 0.445573031902313
v 1.25538873672485 1.15746021270752 0.451743543148041
v 1.26960694789886 1.16720378398895 0.469938576221466
v 1.28086543083191 1.15871119499207 0.462158381938934
v 1.17465174198151 1.05993509292603 0.430284559726715
v 1.16611647605896 1.06724309921265 0.428480386734009
v 1.17491400241852 1.08135688304901 0.433047443628311
v 1.18280279636383 1.07209813594818 0.43369647860527
v 1.22204232215881 0.968111217021942 0.492136418819427
v 1.21002840995789 0.970959484577179 0.473649024963379
v 1.21618473529816 0.987488925457001 0.476680666208267
v 1.22741365432739 0.985001683235168 0.492938339710236
v 1.20468866825104 0.956207931041718 0.471973985433578
v 1.21762430667877 0.953302204608917 0.492753148078918
v 1.15698194503784 1.07175993919373 0.427905440330505
v 1.14592862129211 1.0747435092926 0.427776217460632
v 1.15529501438141 1.08992719650269 0.435705900192261
v 1.16590166091919 1.08757400512695 0.434293806552887
v 1.09827351570129 0.969542622566223 0.412215024232864
v 1.08088731765747 0.975398421287537 0.413247019052505
v 1.18005192279816 0.811094641685486 0.445792436599731
v 1.1612731218338 0.806598901748657 0.430333435535431
v 1.16054773330688 0.827142059803009 0.432252943515778
v 1.17929363250732 0.830556571483612 0.447647869586945
v 1.09812867641449 0.940645635128021 0.422323226928711
v 1.09763062000275 0.956270754337311 0.419369608163834
v 1.1149924993515 0.954026758670807 0.421473205089569
v 1.11624813079834 0.938924908638 0.425563037395477
v 1.13974523544312 0.802453458309174 0.41915026307106
v 1.1165646314621 0.799858808517456 0.409319579601288
v 1.11542892456055 0.822490334510803 0.412221312522888
v 1.13869690895081 0.824119865894318 0.421026170253754
v 1.11958253383636 1.11065745353699 0.453528583049774
v 1.101597905159 1.10992741584778 0.45874759554863
v 1.12792730331421 1.00066339969635 0.402405083179474
v 1.1269474029541 0.983486294746399 0.406427264213562
v 1.1139440536499 0.983525991439819 0.404684156179428
v 1.11660218238831 1.00147473812103 0.400317370891571
v 1.20464217662811 1.05916678905487 0.450483500957489
v 1.19903886318207 1.07324767112732 0.440771043300629
v 1.21379733085632 1.09172010421753 0.441828817129135
v 1.21379172801971 1.06996369361877 0.454043716192245
v 1.20716643333435 0.801092803478241 0.488306492567062
v 1.19723224639893 0.796837687492371 0.464515686035156
v 1.14097607135773 0.780648410320282 0.417748540639877
v 1.11763215065002 0.777133941650391 0.407810300588608
v 1.25433504581451 1.04815530776978 0.488072127103806
v 1.2473818063736 1.04370498657227 0.491793036460876
v 1.23960614204407 1.0486878156662 0.483425438404083
v 1.24702858924866 1.05427181720734 0.480865985155106
v 1.05625009536743 1.00944495201111 0.417445600032806
v 1.06984996795654 1.01814937591553 0.41042223572731
v 1.07474064826965 1.00088250637054 0.407321244478226
v 1.06471514701843 0.98827987909317 0.415125846862793
v 1.12828099727631 0.967577993869781 0.414716958999634
v 1.13105821609497 0.954416275024414 0.423958778381348
v 1.11394560337067 0.967450261116028 0.412725806236267
v 1.04361069202423 0.999844312667847 0.4279665350914
v 1.05490362644196 0.97302120923996 0.426292538642883
v 1.08423435688019 1.10789561271667 0.464854776859283
v 1.07727158069611 1.09422528743744 0.455497443675995
v 1.09016394615173 1.12206661701202 0.474011659622192
v 1.07203793525696 1.11993455886841 0.479471564292908
v 1.0758136510849 1.13491642475128 0.488551735877991
v 1.09469056129456 1.1371169090271 0.483332246541977
v 1.07751727104187 1.15021157264709 0.496241450309753
v 1.09703862667084 1.15251135826111 0.491973906755447
v 1.09735441207886 1.17156779766083 0.510246932506561
v 1.09524071216583 1.18022918701172 0.514132261276245
v 1.18997633457184 1.06060385704041 0.43780118227005
v 1.18304073810577 1.04967033863068 0.434972941875458
v 1.16281402111053 0.785646617412567 0.429086625576019
v 1.23414897918701 1.119912981987 0.601401567459106
v 1.2330949306488 1.10268223285675 0.607306003570557
v 1.24307799339294 1.10439336299896 0.591566443443298
v 1.24484777450562 1.12069487571716 0.587096273899078
v 1.20114779472351 1.19122755527496 0.524224519729614
v 1.18639230728149 1.17988777160645 0.502996146678925
v 1.26275908946991 1.05330896377563 0.535349369049072
v 1.25745856761932 1.05204176902771 0.545876741409302
v 1.25631749629974 1.04418897628784 0.540698349475861
v 1.26003170013428 1.04712677001953 0.531844973564148
v 1.26439547538757 1.043248295784 0.501848757266998
v 1.2735903263092 1.03717041015625 0.493942618370056
v 1.27826011180878 1.03830516338348 0.498822927474976
v 1.26775050163269 1.04521679878235 0.506365120410919
v 1.20830297470093 0.822226405143738 0.512922286987305
v 1.20632803440094 0.839529395103455 0.515109658241272
v 1.22524440288544 0.95162570476532 0.563183486461639
v 1.22545373439789 0.944376945495605 0.540318250656128
v 1.2310962677002 0.960116982460022 0.535208582878113
v 1.23250210285187 0.968044757843018 0.555270612239838
v 1.1559876203537 1.09778082370758 0.646705269813538
v 1.15585589408875 1.0820928812027 0.648313164710999
v 1.17294144630432 1.08587241172791 0.64287543296814
v 1.17253577709198 1.10187375545502 0.641671538352966
v 1.2060729265213 1.12909305095673 0.624503970146179
v 1.20563578605652 1.14464151859283 0.619650423526764
v 1.18835806846619 1.13794052600861 0.630515933036804
v 1.18900811672211 1.12298679351807 0.633302450180054
v 1.22186434268951 1.11691200733185 0.616998493671417
v 1.22078275680542 1.09999120235443 0.621583938598633
v 1.23532998561859 0.986135005950928 0.509669899940491
v 1.2307368516922 0.97014331817627 0.511235177516937
v 1.24317955970764 1.00901484489441 0.508545458316803
v 1.23554849624634 1.00956332683563 0.494979709386826
v 1.23873007297516 1.01844370365143 0.495241045951843
v 1.24633383750916 1.01790535449982 0.508274495601654
v 1.17539727687836 1.20104122161865 0.540647745132446
v 1.1858217716217 1.20730292797089 0.561031103134155
v 1.1953467130661 1.20240759849548 0.555277168750763
v 1.17352020740509 1.1865508556366 0.612296283245087
v 1.17583465576172 1.18023002147675 0.61613667011261
v 1.18563795089722 1.18432116508484 0.605733633041382
v 1.18024659156799 1.19016265869141 0.60351824760437
v 1.17243313789368 1.01459991931915 0.642438650131226
v 1.15482223033905 1.01347267627716 0.650138974189758
v 1.15106475353241 0.992974281311035 0.647822618484497
v 1.17006587982178 0.992042005062103 0.639327168464661
v 1.25203609466553 1.02742838859558 0.517565906047821
v 1.25311422348022 1.03400552272797 0.512873291969299
v 1.25597333908081 1.03739333152771 0.520751476287842
v 1.2541846036911 1.03152143955231 0.526914298534393
v 1.25269460678101 1.0246502161026 0.530466675758362
v 1.25026416778564 1.01678717136383 0.533780097961426
v 1.24775743484497 1.01175200939178 0.521354377269745
v 1.25030076503754 1.02036261558533 0.519514739513397
v 1.23811447620392 0.982942342758179 0.547899782657623
v 1.23617970943451 0.975431442260742 0.52965372800827
v 1.24023246765137 0.990694940090179 0.526100635528564
v 1.24347460269928 0.997347176074982 0.542376458644867
v 1.13286209106445 0.924122750759125 0.634866774082184
v 1.1514538526535 0.921230733394623 0.630173742771149
v 1.15717577934265 0.944584488868713 0.633902728557587
v 1.1390620470047 0.946655094623566 0.640672922134399
v 1.24788546562195 1.06781780719757 0.459983974695206
v 1.24489390850067 1.07663285732269 0.449173033237457
v 1.25406181812286 1.07116568088531 0.441186785697937
v 1.25881910324097 1.05980002880096 0.451392889022827
v 1.29842734336853 1.04490745067596 0.503491401672363
v 1.30770516395569 1.04132556915283 0.497665464878082
v 1.31096172332764 1.04672265052795 0.498924016952515
v 1.30172777175903 1.05073273181915 0.505484282970428
v 1.27549123764038 1.03631782531738 0.447296470403671
v 1.2698472738266 1.0485178232193 0.440237820148468
v 1.28214693069458 1.03535962104797 0.427040249109268
v 1.28781640529633 1.02196526527405 0.435078084468842
v 1.22270584106445 1.1898934841156 0.543737471103668
v 1.21037209033966 1.19012784957886 0.518897891044617
v 1.21436858177185 1.19390153884888 0.546730875968933
v 1.27438306808472 1.03197395801544 0.471736907958984
v 1.28567636013031 1.01917135715485 0.462643593549728
v 1.29121947288513 1.0156022310257 0.470968872308731
v 1.27949070930481 1.0280534029007 0.479540705680847
v 1.3599112033844 1.07058036327362 0.383480042219162
v 1.34195101261139 1.08197617530823 0.394627302885056
v 1.3083575963974 0.998427987098694 0.43017566204071
v 1.31716239452362 0.992630481719971 0.439256101846695
v 1.2991818189621 1.00451302528381 0.451293706893921
v 1.29331457614899 1.01127088069916 0.442879736423492
v 1.21773052215576 0.934542298316956 0.5683274269104
v 1.220250248909 0.928697049617767 0.544986009597778
v 1.19778394699097 0.826109349727631 0.557555198669434
v 1.20531558990479 0.824416100978851 0.536194205284119
v 1.20301413536072 0.842123210430145 0.538735926151276
v 1.19633805751801 0.844262003898621 0.559687316417694
v 1.21013236045837 0.804113030433655 0.512784123420715
v 1.1988627910614 0.807024717330933 0.556743144989014
v 1.20692348480225 0.805988371372223 0.535613775253296
v 1.1649317741394 1.21722054481506 0.563081204891205
v 1.16474580764771 1.21806716918945 0.57993084192276
v 1.17396354675293 1.21184909343719 0.58274382352829
v 1.1752895116806 1.21246409416199 0.56341940164566
v 1.22911393642426 0.686015427112579 0.518864333629608
v 1.22801780700684 0.657732844352722 0.524907231330872
v 1.22570371627808 0.653408527374268 0.495265066623688
v 1.22362184524536 0.682487905025482 0.489513784646988
v 1.15592002868652 1.20229268074036 0.611194789409637
v 1.16593706607819 1.20689344406128 0.598040044307709
v 1.15797066688538 1.2152624130249 0.594176709651947
v 1.14875864982605 1.21173667907715 0.605791747570038
v 1.22232019901276 0.708793520927429 0.487063527107239
v 1.22764122486115 0.714430809020996 0.515205502510071
v 1.15654623508453 1.20987796783447 0.545608520507812
v 1.16677176952362 1.20483124256134 0.543758451938629
v 1.15258026123047 1.19639945030212 0.529418528079987
v 1.14406704902649 1.20259630680084 0.53180068731308
v 1.12838983535767 1.19745182991028 0.521734178066254
v 1.21843469142914 0.645294368267059 0.470583140850067
v 1.21329843997955 0.672614574432373 0.466060400009155
v 1.15451180934906 1.22406482696533 0.57609611749649
v 1.14966022968292 1.22258460521698 0.589635193347931
v 1.14177310466766 1.22138011455536 0.600556492805481
v 1.13212728500366 1.22198462486267 0.610077202320099
v 1.2131609916687 0.786256909370422 0.513016760349274
v 1.20966410636902 0.78294312953949 0.488212555646896
v 1.18852829933167 0.557843923568726 0.615195572376251
v 1.16389942169189 0.555599331855774 0.629384458065033
v 1.15727806091309 0.538523137569427 0.618471384048462
v 1.18723893165588 0.540105104446411 0.606220781803131
v 1.09765708446503 0.568394899368286 0.642210841178894
v 1.08890223503113 0.552899777889252 0.626540303230286
v 1.123091340065 0.543708086013794 0.626182913780212
v 1.13254201412201 0.559588253498077 0.637652039527893
v 1.12336599826813 0.693629145622253 0.657732725143433
v 1.15201699733734 0.691753208637238 0.648705720901489
v 1.1514595746994 0.712608456611633 0.640473008155823
v 1.12407839298248 0.714453756809235 0.650120496749878
v 1.20188975334167 0.788806736469269 0.557990431785583
v 1.21027362346649 0.787979125976562 0.536625802516937
v 1.19905245304108 0.778190135955811 0.464382290840149
v 1.22339916229248 0.517402172088623 0.478985548019409
v 1.23489081859589 0.524108409881592 0.515021145343781
v 1.23331844806671 0.49207815527916 0.522053122520447
v 1.22421967983246 0.48495489358902 0.486934810876846
v 1.20794749259949 0.497734636068344 0.583850264549255
v 1.21165442466736 0.523297548294067 0.583060145378113
v 1.18354141712189 0.519911646842957 0.602095782756805
v 1.17977428436279 0.498123019933701 0.601067900657654
v 1.09421920776367 0.774167656898499 0.39910101890564
v 1.11862099170685 0.754875004291534 0.408268094062805
v 1.09493494033813 0.751228213310242 0.400335729122162
v 1.02919805049896 0.768967151641846 0.39410126209259
v 1.05162405967712 0.77037250995636 0.391544461250305
v 1.04979026317596 0.747115075588226 0.393340319395065
v 1.02805149555206 0.746038258075714 0.395456254482269
v 1.03724265098572 0.624724984169006 0.418559610843658
v 1.02134168148041 0.627288997173309 0.419773906469345
v 1.02305042743683 0.650641679763794 0.415086984634399
v 1.0416225194931 0.64876401424408 0.41309654712677
v 1.19766306877136 0.661990702152252 0.445797145366669
v 1.17528414726257 0.654029846191406 0.430096626281738
v 1.17238450050354 0.677710354328156 0.430018782615662
v 1.19412279129028 0.687214553356171 0.444387793540955
v 1.08118915557861 0.541580557823181 0.608744978904724
v 1.11304378509521 0.530953347682953 0.611772000789642
v 1.20442748069763 0.478029012680054 0.453371047973633
v 1.2017617225647 0.511700510978699 0.446591287851334
v 1.17363047599792 0.472956776618958 0.430181235074997
v 1.13780641555786 0.473121404647827 0.424939751625061
v 1.13659727573395 0.505053400993347 0.4198197722435
v 1.17181539535522 0.506191909313202 0.425408184528351
v 1.03710639476776 0.545902132987976 0.46686315536499
v 1.04348146915436 0.563657581806183 0.442531585693359
v 1.05311155319214 0.553143501281738 0.44626122713089
v 1.0429025888443 0.541389465332031 0.471634060144424
v 1.11059391498566 0.605862736701965 0.661607265472412
v 1.10522174835205 0.587239742279053 0.654051899909973
v 1.13808655738831 0.578567385673523 0.647859454154968
v 1.14236772060394 0.599682807922363 0.655047535896301
v 1.18636989593506 0.807929575443268 0.574443817138672
v 1.18899250030518 0.788825273513794 0.576750934123993
v 1.17155313491821 0.808089077472687 0.588398575782776
v 1.18661499023438 0.827343046665192 0.575536966323853
v 1.1718533039093 0.82862389087677 0.589308679103851
v 1.1979558467865 0.953019857406616 0.608182430267334
v 1.209965467453 0.942862331867218 0.589727580547333
v 1.21897292137146 0.960384845733643 0.585784673690796
v 1.20842325687408 0.972401261329651 0.605556547641754
v 1.18971574306488 1.09067463874817 0.637055218219757
v 1.18956816196442 1.10682117938995 0.635673642158508
v 1.14324808120728 0.502786219120026 0.608986258506775
v 1.09970796108246 0.514016449451447 0.603179693222046
v 1.11124742031097 0.480449914932251 0.604236125946045
v 1.14729928970337 0.476262480020523 0.606909394264221
v 1.2045910358429 0.470800399780273 0.584604203701019
v 1.22255563735962 0.46734020113945 0.560324907302856
v 1.22725117206573 0.497325509786606 0.556436657905579
v 1.23003399372101 0.460377722978592 0.527457296848297
v 1.2232164144516 0.452404171228409 0.491734355688095
v 1.17301630973816 0.440033793449402 0.435845673084259
v 1.13743591308594 0.440641403198242 0.432035207748413
v 1.0573183298111 0.480140000581741 0.477193474769592
v 1.07704293727875 0.476272195577621 0.454937607049942
v 1.07868957519531 0.450011491775513 0.464520335197449
v 1.0607054233551 0.455613732337952 0.488738149404526
v 1.08424413204193 0.612947165966034 0.41924923658371
v 1.1198502779007 0.62948602437973 0.418694794178009
v 1.12457370758057 0.607386469841003 0.418072581291199
v 1.09503054618835 0.591920137405396 0.420984983444214
v 1.03342723846436 0.792309880256653 0.393621444702148
v 1.05148708820343 0.794695496559143 0.39169904589653
v 1.07179152965546 0.772176802158356 0.393289119005203
v 1.0708749294281 0.796366572380066 0.393677651882172
v 1.09308779239655 0.797927021980286 0.400019496679306
v 1.04772663116455 0.888292908668518 0.407173544168472
v 1.07092225551605 0.886381089687347 0.407493114471436
v 1.06839823722839 0.865822792053223 0.404123723506927
v 1.0453634262085 0.867182672023773 0.402848690748215
v 1.05087578296661 0.90941333770752 0.412509918212891
v 1.07391405105591 0.907932877540588 0.411801993846893
v 1.0559389591217 0.949263751506805 0.426360070705414
v 1.07770931720734 0.961444437503815 0.42058938741684
v 1.07789731025696 0.944275498390198 0.422200590372086
v 1.0669606924057 1.10562586784363 0.470872074365616
v 1.06110191345215 1.09160876274109 0.462468534708023
v 1.20365309715271 0.635296106338501 0.447769492864609
v 1.06837964057922 0.508510589599609 0.582842171192169
v 1.05282866954803 0.500364780426025 0.558578968048096
v 1.06085276603699 0.474769532680511 0.568318903446198
v 1.08000493049622 0.479436755180359 0.590269446372986
v 1.21073377132416 0.698712050914764 0.463499009609222
v 1.18166434764862 0.79162323474884 0.444340914487839
v 1.18319249153137 0.771888613700867 0.444397538900375
v 1.17637407779694 0.948202967643738 0.449652791023254
v 1.17761969566345 0.925879836082458 0.455008774995804
v 1.08259010314941 1.02289319038391 0.406064182519913
v 1.08300685882568 1.01023459434509 0.403965711593628
v 1.23095142841339 0.527217984199524 0.552215039730072
v 1.17226982116699 0.408697366714478 0.443113386631012
v 1.16952979564667 0.378692388534546 0.451169848442078
v 1.13561916351318 0.37835156917572 0.449644535779953
v 1.13641774654388 0.408909559249878 0.440085887908936
v 1.0595874786377 0.433039844036102 0.525693714618683
v 1.06572008132935 0.42761093378067 0.49972665309906
v 1.07218587398529 0.398870348930359 0.510881781578064
v 1.06814360618591 0.403611302375793 0.535965442657471
v 1.07629799842834 0.374345362186432 0.543771207332611
v 1.07941389083862 0.368344902992249 0.519192755222321
v 1.08314907550812 0.339414894580841 0.528671681880951
v 1.08285415172577 0.345859050750732 0.552026271820068
v 1.20401525497437 0.443937420845032 0.458655893802643
v 1.21741104125977 0.390435338020325 0.499010294675827
v 1.19954836368561 0.382384479045868 0.469411909580231
v 1.20211279392242 0.412246942520142 0.463930010795593
v 1.22035038471222 0.420729517936707 0.495462417602539
v 1.17977833747864 0.472697824239731 0.599655866622925
v 1.05200922489166 0.460980951786041 0.514473378658295
v 1.0469628572464 0.484200775623322 0.502365469932556
v 1.08254063129425 0.412057518959045 0.581743538379669
v 1.10160005092621 0.415065765380859 0.59956419467926
v 1.09161865711212 0.44710910320282 0.595694780349731
v 1.07140862941742 0.443555623292923 0.575539231300354
v 1.20433437824249 0.413840591907501 0.585069417953491
v 1.21857726573944 0.408557772636414 0.561758041381836
v 1.22041833400726 0.437783181667328 0.560199320316315
v 1.20436215400696 0.442201882600784 0.584230422973633
v 1.22650527954102 0.429660141468048 0.529317319393158
v 1.22313928604126 0.399981558322906 0.531631231307983
v 1.21141457557678 0.33198082447052 0.506865322589874
v 1.19202470779419 0.324871063232422 0.481786996126175
v 1.19619190692902 0.353270471096039 0.475454688072205
v 1.21447789669037 0.360909998416901 0.502807855606079
v 1.21782004833221 0.342165410518646 0.537123918533325
v 1.22021758556366 0.371034681797028 0.534164249897003
v 1.2170284986496 0.379613399505615 0.563486754894257
v 1.21551477909088 0.351263642311096 0.564477503299713
v 1.20297527313232 0.357690334320068 0.585742115974426
v 1.2040513753891 0.385839462280273 0.585939586162567
v 1.18419981002808 0.388521254062653 0.602071046829224
v 1.18493807315826 0.361293077468872 0.601173281669617
v 1.15987157821655 0.389552235603333 0.609884262084961
v 1.13410782814026 0.388725996017456 0.609371066093445
v 1.14054298400879 0.36155116558075 0.608412683010101
v 1.16354632377625 0.362342119216919 0.608544111251831
v 1.10054910182953 0.355284929275513 0.590731978416443
v 1.1183797121048 0.359080195426941 0.603510797023773
v 1.11013317108154 0.386094272136688 0.602064490318298
v 1.09217512607574 0.382472634315491 0.586599111557007
v 1.12667918205261 0.249795198440552 0.606159806251526
v 1.14390850067139 0.25347763299942 0.609289526939392
v 1.13691675662994 0.281087577342987 0.607612311840057
v 1.11896336078644 0.277470171451569 0.603740274906158
v 1.16057085990906 0.256730735301971 0.61367392539978
v 1.17843651771545 0.258624076843262 0.612991690635681
v 1.17249488830566 0.284593284130096 0.608864486217499
v 1.15547239780426 0.28343790769577 0.609773099422455
v 1.20248937606812 0.279204070568085 0.58699232339859
v 1.18894171714783 0.283553242683411 0.601601004600525
v 1.19449174404144 0.257641911506653 0.605542302131653
v 1.20728659629822 0.253353238105774 0.590727686882019
v 1.21920812129974 0.247573435306549 0.572434186935425
v 1.21674108505249 0.272973835468292 0.569117426872253
v 1.21796154975891 0.23905873298645 0.549697279930115
v 1.21813774108887 0.263947904109955 0.546124458312988
v 1.20306956768036 0.255036532878876 0.521699607372284
v 1.20601654052734 0.230639696121216 0.524295747280121
v 1.09409689903259 0.258382618427277 0.55940842628479
v 1.10046625137329 0.23128467798233 0.565629661083221
v 1.10159409046173 0.23855459690094 0.58450847864151
v 1.09399604797363 0.265346765518188 0.577506005764008
v 1.11837911605835 0.24915623664856 0.519182026386261
v 1.13383638858795 0.246448278427124 0.496590286493301
v 1.13760960102081 0.221707165241241 0.507536947727203
v 1.12273585796356 0.223418295383453 0.528972268104553
v 1.21616876125336 0.315309524536133 0.540162444114685
v 1.20791232585907 0.305133461952209 0.511467635631561
v 1.20144832134247 0.330728471279144 0.58507889509201
v 1.21427130699158 0.324351966381073 0.565339505672455
v 1.10695362091064 0.329294323921204 0.595473885536194
v 1.12511932849884 0.333181500434875 0.604732871055603
v 1.08691275119781 0.311647355556488 0.538280189037323
v 1.08680272102356 0.318254768848419 0.560189127922058
v 1.15991461277008 0.269175589084625 0.479495257139206
v 1.1604870557785 0.295122265815735 0.474527537822723
v 1.18824625015259 0.298137009143829 0.487005949020386
v 1.18668913841248 0.272088646888733 0.491106271743774
v 1.21722340583801 0.289211809635162 0.542723894119263
v 1.21467590332031 0.298393905162811 0.567387044429779
v 1.20106136798859 0.304858446121216 0.585071444511414
v 1.18659913539886 0.309215903282166 0.599700033664703
v 1.16889429092407 0.310259401798248 0.606569349765778
v 1.15019369125366 0.309573709964752 0.606950640678406
v 1.13103973865509 0.307584285736084 0.605688989162445
v 1.11282026767731 0.303729772567749 0.599531054496765
v 1.09016752243042 0.291776359081268 0.569066882133484
v 1.09036076068878 0.284377336502075 0.549114406108856
v 1.16263842582703 0.221881806850433 0.497034072875977
v 1.16039872169495 0.244573295116425 0.486554622650146
v 1.18739151954651 0.248060524463654 0.49762150645256
v 1.18965911865234 0.224897384643555 0.503807783126831
v 1.16641414165497 0.200861752033234 0.508444607257843
v 1.14574491977692 0.200251817703247 0.517972409725189
v 1.16767561435699 0.229882419109344 0.618704915046692
v 1.18466377258301 0.231655240058899 0.617140233516693
v 1.20085048675537 0.230803251266479 0.609812438488007
v 1.2235004901886 0.222124397754669 0.576380848884583
v 1.21960711479187 0.213234126567841 0.551332056522369
v 1.20624303817749 0.205129325389862 0.527538180351257
v 1.18948316574097 0.203361451625824 0.511393666267395
v 1.12038052082062 0.184205889701843 0.590957880020142
v 1.11236381530762 0.212088227272034 0.586854159832001
v 1.1114182472229 0.205845355987549 0.569387555122375
v 1.12157702445984 0.17926812171936 0.573182940483093
v 1.14042711257935 0.193728566169739 0.616824090480804
v 1.15553975105286 0.198710560798645 0.626063525676727
v 1.15110611915588 0.22616046667099 0.613299369812012
v 1.13597297668457 0.222135722637177 0.606381893157959
v 1.17392444610596 0.202298760414124 0.629712760448456
v 1.1922208070755 0.203866481781006 0.626450002193451
v 1.20946276187897 0.204231441020966 0.618545949459076
v 1.22921824455261 0.194748163223267 0.580191910266876
v 1.21512317657471 0.228310167789459 0.596363127231598
v 1.22373783588409 0.201513767242432 0.602995574474335
v 1.22433686256409 0.185274422168732 0.550467312335968
v 1.20818173885345 0.146586120128632 0.532942831516266
v 1.20256316661835 0.176014959812164 0.528103768825531
v 1.23119235038757 0.155813813209534 0.552694022655487
v 1.19371545314789 0.0470602512359619 0.55068826675415
v 1.2198600769043 0.0513409376144409 0.551481902599335
v 1.21977257728577 0.0169098377227783 0.559681832790375
v 1.19713270664215 0.0127406120300293 0.558758556842804
v 1.12663996219635 0.150571882724762 0.57864248752594
v 1.12457239627838 0.154409945011139 0.598665952682495
v 1.14207017421722 0.163340866565704 0.6285560131073
v 1.15968954563141 0.168650269508362 0.637926936149597
v 1.24444460868835 0.135363280773163 0.589836657047272
v 1.23773181438446 0.165753126144409 0.583186089992523
v 1.23224925994873 0.172290325164795 0.608609855175018
v 1.23833751678467 0.141458988189697 0.615447342395782
v 1.13574588298798 0.0530821681022644 0.595254719257355
v 1.1338301897049 0.055532693862915 0.614821016788483
v 1.12803554534912 0.0893835425376892 0.611140251159668
v 1.12998247146606 0.0862757563591003 0.589979887008667
v 1.16126120090485 0.136217057704926 0.64701920747757
v 1.14343154430389 0.130648970603943 0.636650204658508
v 1.14655780792236 0.0975096821784973 0.642549633979797
v 1.1643226146698 0.102288246154785 0.652690470218658
v 1.24722707271576 0.0661110281944275 0.599158108234406
v 1.24772703647614 0.102055609226227 0.595035970211029
v 1.24226593971252 0.107520818710327 0.620404005050659
v 1.24282765388489 0.0706738233566284 0.623189568519592
v 1.21442317962646 0.116974234580994 0.537663280963898
v 1.23726642131805 0.126083254814148 0.55915755033493
v 1.24024176597595 0.0942140221595764 0.565722763538361
v 1.2189519405365 0.0849916338920593 0.544482707977295
v 1.18536853790283 0.112499475479126 0.537818789482117
v 1.19027936458588 0.0809732675552368 0.543655335903168
v 1.15517425537109 -0.0170426368713379 0.617626368999481
v 1.14421212673187 0.0198574066162109 0.616223216056824
v 1.14560389518738 0.016768217086792 0.59852522611618
v 1.15712881088257 -0.0211092829704285 0.602388978004456
v 1.17002129554749 0.0666662454605103 0.653925836086273
v 1.15190267562866 0.0626903176307678 0.644454717636108
v 1.16095089912415 0.0257635712623596 0.642736732959747
v 1.17664170265198 0.0290671586990356 0.651238441467285
v 1.24308705329895 -0.0118663311004639 0.605995178222656
v 1.24558591842651 0.027988076210022 0.602717876434326
v 1.24125039577484 0.0311195850372314 0.624616324901581
v 1.2382230758667 -0.00880235433578491 0.626313805580139
v 1.22071635723114 -0.0203491449356079 0.568457067012787
v 1.23941349983215 0.0230120420455933 0.576529979705811
v 1.23851680755615 -0.0157793164253235 0.583453774452209
v 1.22033357620239 -0.0578049421310425 0.57407945394516
v 1.20324993133545 -0.060741662979126 0.572955012321472
v 1.1999603509903 -0.0238426327705383 0.567049443721771
v 1.16722011566162 -0.0562350749969482 0.605467677116394
v 1.16392481327057 -0.053453803062439 0.619136691093445
v 1.17312526702881 -0.0488938689231873 0.640043139457703
v 1.18504512310028 -0.0451066493988037 0.647765159606934
v 1.1819840669632 -0.008339524269104 0.648662865161896
v 1.16847050189972 -0.0118110775947571 0.64089447259903
v 1.21568930149078 -0.00772494077682495 0.649179995059967
v 1.1988068819046 -0.00708526372909546 0.651776611804962
v 1.2004371881485 -0.0438773632049561 0.650602042675018
v 1.21572530269623 -0.0446785688400269 0.647563219070435
v 1.23410820960999 -0.0455806255340576 0.626717627048492
v 1.2291065454483 -0.00759738683700562 0.640646815299988
v 1.22643065452576 -0.0446460843086243 0.639466226100922
v 1.23958611488342 -0.0480042695999146 0.607924938201904
v 1.23626434803009 -0.0530721545219421 0.586681365966797
v 1.05084764957428 0.533181071281433 0.558086156845093
v 1.04392778873444 0.525206923484802 0.531525611877441
v 1.04814553260803 0.516695499420166 0.545734763145447
v 1.05978167057037 0.527590215206146 0.57140177488327
v 1.08594346046448 0.390103220939636 0.484414488077164
v 1.08207142353058 0.421194195747375 0.473824739456177
v 1.09231758117676 0.332116425037384 0.504160106182098
v 1.09016215801239 0.359511196613312 0.493678867816925
v 1.09560000896454 0.304790318012238 0.515396296977997
v 1.09911692142487 0.278383016586304 0.527550637722015
v 1.1022207736969 0.251580417156219 0.539250791072845
v 1.10860538482666 0.22524619102478 0.547048628330231
v 1.11888492107391 0.200180113315582 0.551288485527039
v 1.12910580635071 0.173829436302185 0.554045617580414
v 1.13991129398346 0.116558969020844 0.563075244426727
v 1.12849450111389 0.119184851646423 0.584876596927643
v 1.13669097423553 0.146235346794128 0.558366119861603
v 1.14768993854523 0.0499079823493958 0.573458194732666
v 1.14257764816284 0.0844133496284485 0.568110048770905
v 1.15638053417206 0.0129219889640808 0.579611599445343
v 1.16602265834808 -0.0244904160499573 0.58596134185791
v 1.17575824260712 -0.0592881441116333 0.590581357479095
v 1.10385406017303 0.530096411705017 0.425173759460449
v 1.07702255249023 0.523830413818359 0.439892172813416
v 1.0774599313736 0.541916489601135 0.434521347284317
v 1.10290265083313 0.552808523178101 0.422771245241165
v 1.03700339794159 0.538430094718933 0.499027878046036
v 1.03636646270752 0.539616584777832 0.485107839107513
v 1.04048359394073 0.537242293357849 0.489265531301498
v 1.03986132144928 0.536983847618103 0.504003345966339
v 1.20531868934631 0.280083119869232 0.516397774219513
v 1.18552017211914 0.334901988506317 0.59963196516037
v 1.16618359088898 0.336055338382721 0.606401085853577
v 1.14553785324097 0.335385799407959 0.606997132301331
v 1.11291670799255 0.272356450557709 0.504911303520203
v 1.11040639877319 0.298817276954651 0.493791788816452
v 1.1314355134964 0.295610070228577 0.477957993745804
v 1.1320093870163 0.270548224449158 0.48768025636673
v 1.17953932285309 0.139334678649902 0.532837808132172
v 1.16038227081299 0.113419532775879 0.548303246498108
v 1.15511524677277 0.141681015491486 0.542476952075958
v 1.17509424686432 0.163634896278381 0.526570081710815
v 1.20064342021942 0.175204396247864 0.637193500995636
v 1.21891903877258 0.175607860088348 0.627264320850372
v 1.1835652589798 0.141381084918976 0.650375068187714
v 1.20601499080658 0.144376218318939 0.647097527980804
v 1.18006837368011 0.172843337059021 0.639757037162781
v 1.10873830318451 0.351961612701416 0.472154885530472
v 1.13474822044373 0.349472939968109 0.459713697433472
v 1.1328592300415 0.321712374687195 0.469489067792892
v 1.10871887207031 0.32504940032959 0.48282778263092
v 1.20300281047821 0.858790099620819 0.542979001998901
v 1.1963666677475 0.862057209014893 0.563782691955566
v 1.15425777435303 0.977065205574036 0.42017537355423
v 1.16328406333923 0.963516175746918 0.432547092437744
v 1.14754152297974 0.95715457201004 0.42750495672226
v 1.14149355888367 0.970546185970306 0.417113691568375
v 1.17442870140076 0.974025070667267 0.436107397079468
v 1.16441082954407 0.986837267875671 0.423097789287567
v 1.17258250713348 0.999093413352966 0.427211105823517
v 1.18279540538788 0.986476421356201 0.439350634813309
v 1.21186590194702 1.04974007606506 0.463289558887482
v 1.2179319858551 1.0582058429718 0.467097789049149
v 1.05350422859192 0.929759562015533 0.41832834482193
v 1.030641913414 0.930807709693909 0.424531757831573
v 1.03344035148621 0.949937582015991 0.432696163654327
v 1.07207560539246 0.748460590839386 0.395037800073624
v 1.08921098709106 0.64794659614563 0.413730382919312
v 1.05618357658386 0.619316577911377 0.418119549751282
v 1.06359648704529 0.646877527236938 0.41258317232132
v 1.02526271343231 0.563160538673401 0.447545915842056
v 1.16890788078308 0.916314363479614 0.620002329349518
v 1.17457449436188 0.939651966094971 0.622496366500854
v 1.17240285873413 1.11702835559845 0.640197098255157
v 1.15562915802002 1.1128990650177 0.645516753196716
v 1.17046391963959 1.14457821846008 0.635972440242767
v 1.16835856437683 1.15669143199921 0.633302271366119
v 1.15293788909912 1.1517117023468 0.639469623565674
v 1.15414357185364 1.13968396186829 0.641938149929047
v 1.13781309127808 1.21044218540192 0.616526782512665
v 1.14285266399384 1.19929265975952 0.622455835342407
v 1.04040193557739 0.538625061511993 0.518910884857178
v 1.04117071628571 0.534371376037598 0.509522438049316
v 1.04255604743958 0.537718176841736 0.529092013835907
v 1.05650186538696 0.50139331817627 0.466925531625748
v 1.04546296596527 0.502758622169495 0.49082550406456
v 1.04550063610077 0.51739490032196 0.482159823179245
v 1.05694091320038 0.519241571426392 0.459164083003998
v 1.22075974941254 0.548539519309998 0.469035118818283
v 1.23489356040955 0.555865526199341 0.504230201244354
v 1.14944565296173 0.523871421813965 0.612012386322021
v 1.35848200321198 0.974473595619202 0.408907413482666
v 1.37094938755035 0.975696682929993 0.416019290685654
v 1.34964776039124 0.982990801334381 0.433321297168732
v 1.33709907531738 0.982531011104584 0.425246477127075
v 1.19184494018555 1.01626801490784 0.632020592689514
v 1.19355535507202 0.989945769309998 0.62443482875824
v 1.15994191169739 1.19041109085083 0.525794863700867
v 1.22745895385742 1.18733930587769 0.505964040756226
v 1.21455717086792 1.18015885353088 0.483604222536087
v 1.20627105236053 1.18041062355042 0.49080491065979
v 1.21904754638672 1.18868541717529 0.512999415397644
v 1.25273036956787 1.13691473007202 0.56833404302597
v 1.25069427490234 1.15361177921295 0.560624420642853
v 1.24325931072235 1.15567016601562 0.572018980979919
v 1.24516153335571 1.13808989524841 0.580740928649902
v 1.12111043930054 0.671850681304932 0.663833796977997
v 1.15069365501404 0.669378042221069 0.65585732460022
v 1.13782942295074 0.853999137878418 0.613964080810547
v 1.15612924098969 0.851208806037903 0.605639100074768
v 1.15878629684448 0.871289491653442 0.61124062538147
v 1.1410835981369 0.875142872333527 0.619669437408447
v 1.21430599689484 1.00412881374359 0.612112462520599
v 1.22213697433472 0.988185226917267 0.596051812171936
v 1.04204285144806 1.0250141620636 0.43205663561821
v 1.04534006118774 1.04463338851929 0.439038276672363
v 1.06002867221832 1.04822909832001 0.429926425218582
v 1.05633389949799 1.03074502944946 0.42287078499794
v 1.34558010101318 1.01467430591583 0.46569350361824
v 1.32173871994019 1.01727402210236 0.477686405181885
v 1.31776404380798 1.00773668289185 0.469913840293884
v 1.34033870697021 0.999254584312439 0.456772238016129
v 1.2335604429245 0.562068343162537 0.546226799488068
v 1.21443152427673 0.547987282276154 0.584736943244934
v 1.21312654018402 0.890581965446472 0.523577570915222
v 1.21278035640717 0.893815100193024 0.549325406551361
v 1.20699596405029 0.875875055789948 0.54710590839386
v 1.20833730697632 0.872787237167358 0.522156596183777
v 1.22130274772644 0.94039922952652 0.517490029335022
v 1.21810257434845 0.925035297870636 0.520872354507446
v 1.22628796100616 0.954915821552277 0.514015316963196
v 1.25596928596497 1.04188406467438 0.507595777511597
v 1.25233769416809 1.0408456325531 0.500796437263489
v 1.25912594795227 1.0437343120575 0.495332479476929
v 1.07620561122894 0.501851558685303 0.446414798498154
v 1.07173466682434 0.572255849838257 0.429338932037354
v 1.06140339374542 0.585914731025696 0.426732182502747
v 1.03781044483185 0.539440751075745 0.511703014373779
v 1.13515257835388 1.2096164226532 0.532929301261902
v 1.12169873714447 1.20478630065918 0.522157907485962
v 1.26970160007477 1.03989219665527 0.464627295732498
v 1.28062736988068 1.02609694004059 0.45474636554718
v 1.24123024940491 1.02679800987244 0.495175898075104
v 1.23205518722534 1.03159940242767 0.484093517065048
v 1.23553621768951 1.04037129878998 0.484577596187592
v 1.24360609054565 1.03524887561798 0.494103729724884
v 1.24951255321503 1.03334701061249 0.503774523735046
v 1.24783825874329 1.02551102638245 0.506690859794617
v 1.17598974704742 1.10302805900574 0.440619468688965
v 1.16502618789673 1.10688495635986 0.443149089813232
v 1.17445647716522 1.12331664562225 0.450323075056076
v 1.18560135364532 1.12032628059387 0.446177363395691
v 1.15166878700256 1.10868191719055 0.446056187152863
v 1.13657140731812 1.11011457443237 0.449163556098938
v 1.14650213718414 1.12712669372559 0.459097266197205
v 1.16165280342102 1.12610745429993 0.455251812934875
v 1.14588534832001 1.17543482780457 0.506563186645508
v 1.12141799926758 1.16895282268524 0.501582086086273
v 1.09788036346436 1.16390156745911 0.501728594303131
v 1.07851004600525 1.16131472587585 0.503777980804443
v 1.14656758308411 1.1866739988327 0.62721198797226
v 1.14903342723846 1.17414259910583 0.631689786911011
v 1.1638617515564 1.17749285697937 0.623894214630127
v 1.16300415992737 1.18999433517456 0.616520762443542
v 1.110356092453 1.1923942565918 0.516773223876953
v 1.0921596288681 1.18894946575165 0.514233887195587
v 1.07824528217316 1.17786681652069 0.513929128646851
v 1.37533557415009 1.07222080230713 0.395539700984955
v 1.35736680030823 1.08358979225159 0.406667292118073
v 1.1530282497406 1.22208797931671 0.560731053352356
v 1.14553046226501 1.21585953235626 0.545746028423309
v 1.37010312080383 1.07758069038391 0.41989803314209
v 1.38827621936798 1.06552028656006 0.408594131469727
v 1.18480443954468 1.16307067871094 0.478561997413635
v 1.1969952583313 1.18010985851288 0.496882408857346
v 1.19500529766083 1.16327559947968 0.473087936639786
v 1.1057585477829 1.2003458738327 0.515693068504333
v 1.08856737613678 1.1971800327301 0.513014554977417
v 1.23059284687042 0.586535334587097 0.489143282175064
v 1.2155259847641 0.577861309051514 0.459000706672668
v 1.17850470542908 0.849427282810211 0.450127929449081
v 1.19303476810455 0.851781129837036 0.470159947872162
v 1.02511286735535 0.889601349830627 0.411370575428009
v 1.02295577526093 0.868695020675659 0.406125068664551
v 1.06059694290161 1.20199370384216 0.518397867679596
v 1.04782378673553 0.820203959941864 0.395133316516876
v 1.0260363817215 0.817390918731689 0.398000121116638
v 1.02359735965729 0.844774484634399 0.401704609394073
v 1.04553437232971 0.844803273677826 0.398635923862457
v 1.01928210258484 0.79104083776474 0.398123502731323
v 1.01820290088654 0.778920948505402 0.397697597742081
v 1.03384876251221 0.604767560958862 0.423039972782135
v 1.02049136161804 0.607506275177002 0.423855543136597
v 1.28537666797638 1.10469651222229 0.419126272201538
v 1.27407503128052 1.11487174034119 0.42779952287674
v 1.28563618659973 1.12947523593903 0.434129297733307
v 1.29845976829529 1.11787903308868 0.426766395568848
v 1.06900703907013 0.821413815021515 0.396872580051422
v 1.09214818477631 0.822038650512695 0.403265655040741
v 1.19722402095795 1.04865658283234 0.447535514831543
v 1.20619666576385 1.03972029685974 0.460821151733398
v 1.03357040882111 0.972017049789429 0.437494248151779
v 1.07067155838013 1.0351048707962 0.41582316160202
v 1.07500576972961 1.05034673213959 0.422852694988251
v 1.08995509147644 1.05133616924286 0.417481422424316
v 1.08534717559814 1.03724944591522 0.410736978054047
v 1.03877317905426 0.541043162345886 0.521261096000671
v 1.32187688350677 1.08487796783447 0.501456379890442
v 1.31338512897491 1.09006774425507 0.510859966278076
v 1.3113751411438 1.07892894744873 0.510614633560181
v 1.32074856758118 1.07445418834686 0.501072347164154
v 1.04310357570648 0.507300972938538 0.518050193786621
v 1.04681587219238 0.490918457508087 0.530540108680725
v 1.07026076316833 0.535817563533783 0.589751482009888
v 1.05385422706604 0.539290308952332 0.575198173522949
v 1.10492873191833 0.444011241197586 0.443743467330933
v 1.10444808006287 0.474513828754425 0.435233473777771
v 1.10540235042572 0.412308514118195 0.452748715877533
v 1.10721707344055 0.381003737449646 0.462398797273636
v 1.1328399181366 0.198480069637299 0.534913241863251
v 1.14778685569763 0.170697212219238 0.534969091415405
v 1.16530871391296 0.0818617939949036 0.554410636425018
v 1.17020463943481 0.0479764938354492 0.560901939868927
v 1.17605233192444 0.0117560029029846 0.56780731678009
v 1.18208646774292 -0.0257385969161987 0.575343132019043
v 1.18804407119751 -0.0614917874336243 0.579155027866364
v 1.39817452430725 1.05319082736969 0.419583141803741
v 1.37941598892212 1.06533300876617 0.433259040117264
v 1.38504028320312 1.04877686500549 0.440558165311813
v 1.40473008155823 1.0378577709198 0.426365435123444
v 1.3020191192627 1.0089418888092 0.421903163194656
v 1.29679131507874 1.02255582809448 0.413583934307098
v 1.31353831291199 1.01112818717957 0.400270640850067
v 1.31889677047729 0.998208284378052 0.408613294363022
v 1.33784413337708 0.988112688064575 0.394386768341064
v 1.34716749191284 0.978982329368591 0.401771932840347
v 1.32641053199768 0.988201200962067 0.416990548372269
v 1.38323163986206 0.983426868915558 0.422343552112579
v 1.39340400695801 0.995083928108215 0.426816672086716
v 1.37182223796844 1.003751039505 0.44501793384552
v 1.36251866817474 0.990322768688202 0.439555764198303
v 1.40642642974854 1.0218346118927 0.429613143205643
v 1.38631200790405 1.03262913227081 0.443820953369141
v 1.38205325603485 1.01778376102448 0.445282578468323
v 1.40234541893005 1.0072033405304 0.429312288761139
v 1.32902681827545 1.02934777736664 0.375600755214691
v 1.32778286933899 1.01366174221039 0.380129635334015
v 1.31053328514099 1.02576744556427 0.392897695302963
v 1.31181788444519 1.04157876968384 0.387590438127518
v 1.30086922645569 1.13816213607788 0.446944445371628
v 1.31325697898865 1.1243941783905 0.439077943563461
v 1.22494459152222 1.08027541637421 0.455499619245529
v 1.22630286216736 1.09479296207428 0.444886475801468
v 1.23677349090576 1.09442162513733 0.444232195615768
v 1.23498904705048 1.08131504058838 0.454412907361984
v 1.32470142841339 1.09341990947723 0.406111001968384
v 1.31078147888184 1.10578966140747 0.416846215724945
v 1.3259551525116 1.10970640182495 0.429314374923706
v 1.34061479568481 1.09567224979401 0.418223470449448
v 1.29454827308655 1.05337965488434 0.39949968457222
v 1.29369628429413 1.03771340847015 0.405332744121552
v 1.27823448181152 1.04989445209503 0.418581336736679
v 1.27881860733032 1.06478917598724 0.411201775074005
v 1.32826519012451 0.992308259010315 0.448718518018723
v 1.30769610404968 1.00322377681732 0.460888922214508
v 1.26358270645142 1.09799420833588 0.425958842039108
v 1.27428615093231 1.08857607841492 0.416730761528015
v 1.1913388967514 1.03785419464111 0.444243520498276
v 1.22447645664215 1.01360440254211 0.481637120246887
v 1.22858452796936 1.02318179607391 0.482712209224701
v 1.13808739185333 0.986027359962463 0.408771336078644
v 1.13737845420837 1.00098156929016 0.405131489038467
v 1.19568359851837 0.977223992347717 0.455670028924942
v 1.20269680023193 0.992825150489807 0.460333317518234
v 1.14778184890747 0.99117237329483 0.411470651626587
v 1.14413332939148 1.00129187107086 0.40785214304924
v 1.09700918197632 0.924392521381378 0.419948697090149
v 1.07885181903839 1.16949772834778 0.510981559753418
v 1.29716944694519 1.0937442779541 0.409307599067688
v 1.28545117378235 1.07936775684357 0.408157765865326
v 1.3043669462204 1.02294754981995 0.48621392250061
v 1.2898371219635 1.03005981445312 0.492760181427002
v 1.28457868099213 1.02756154537201 0.486886829137802
v 1.29880356788635 1.01715838909149 0.479446828365326
v 1.23906278610229 1.02700757980347 0.585580468177795
v 1.22881388664246 1.0160493850708 0.599556505680084
v 1.23309075832367 1.00210630893707 0.584599375724792
v 1.24173712730408 1.01572096347809 0.572457790374756
v 1.32631158828735 1.10119378566742 0.494841516017914
v 1.32934677600861 1.1083892583847 0.485666990280151
v 1.31913411617279 1.12033474445343 0.49616551399231
v 1.3173840045929 1.10970461368561 0.50438928604126
v 1.31877338886261 1.13067638874054 0.483776122331619
v 1.33030366897583 1.11653554439545 0.472562730312347
v 1.32556807994843 1.12272191047668 0.456008493900299
v 1.31360793113708 1.13771367073059 0.466020196676254
v 1.22897720336914 0.630035877227783 0.5352583527565
v 1.22994875907898 0.62412965297699 0.506618618965149
v 1.16414332389832 0.765055596828461 0.429054081439972
v 1.14236879348755 0.759243726730347 0.417588353157043
v 1.11888742446899 0.656545042991638 0.416684150695801
v 1.05642569065094 0.543541729450226 0.449068456888199
v 1.04453611373901 0.534883558750153 0.473753482103348
v 1.05333781242371 0.46739399433136 0.541623055934906
v 1.22432923316956 0.615709364414215 0.478152900934219
v 1.06176269054413 0.438285738229752 0.551241934299469
v 1.07194840908051 0.40830659866333 0.559437990188599
v 1.12783801555634 0.416790902614594 0.608755767345428
v 1.15625953674316 0.417346477508545 0.609864056110382
v 1.15216314792633 0.446409076452255 0.60876989364624
v 1.12074208259583 0.447713077068329 0.607406377792358
v 1.18282353878021 0.416272938251495 0.601441621780396
v 1.18117523193359 0.444725006818771 0.600602567195892
v 1.16319513320923 0.322237968444824 0.468793123960495
v 1.18664026260376 0.106636047363281 0.656378209590912
v 1.21193277835846 0.0714412331581116 0.653723120689392
v 1.2091680765152 0.110146760940552 0.653074502944946
v 1.19081103801727 0.0695434808731079 0.657377004623413
v 1.22857677936554 0.110227108001709 0.640318810939789
v 1.22489261627197 0.14478725194931 0.635333061218262
v 1.24042165279388 0.0596671104431152 0.570664644241333
v 1.19548559188843 0.0313396453857422 0.65458208322525
v 1.21400964260101 0.0322619080543518 0.651655077934265
v 1.23024487495422 0.0726776123046875 0.642188668251038
v 1.23010110855103 0.0326871871948242 0.641533613204956
v 1.04178416728973 0.519105911254883 0.50629335641861
v 1.19768071174622 0.54307496547699 0.440859794616699
v 1.19227516651154 0.572063624858856 0.43600806593895
v 1.12912571430206 0.585310220718384 0.416852712631226
v 1.10037088394165 0.572868704795837 0.421031355857849
v 1.11478435993195 0.843082666397095 0.415397554636002
v 1.13807439804077 0.844137668609619 0.423409581184387
v 1.13703656196594 0.884048342704773 0.430154472589493
v 1.15852403640747 0.885100722312927 0.439866840839386
v 1.15867459774017 0.86601310968399 0.437476396560669
v 1.13722813129425 0.864304304122925 0.427021980285645
v 1.19520282745361 0.88710081577301 0.474616259336472
v 1.20715570449829 0.888523817062378 0.498175382614136
v 1.20396184921265 0.870921313762665 0.496857315301895
v 1.19318807125092 0.869204103946686 0.473043411970139
v 1.20210778713226 0.85400652885437 0.49370750784874
v 1.20546722412109 0.856239438056946 0.518818557262421
v 1.17897582054138 0.888739347457886 0.603022396564484
v 1.19182515144348 0.884332716464996 0.587220966815948
v 1.19694542884827 0.90478390455246 0.590655863285065
v 1.18403482437134 0.91080367565155 0.606466770172119
v 1.04743552207947 0.597804129123688 0.424624562263489
v 1.0414183139801 0.532839775085449 0.492988914251328
v 1.10434973239899 0.503848195075989 0.429074048995972
v 1.1348032951355 0.535236835479736 0.417262345552444
v 1.16817760467529 0.537760317325592 0.422054529190063
v 1.26452827453613 1.04915368556976 0.458241999149323
v 1.25333976745605 1.04891014099121 0.554814696311951
v 1.25349140167236 1.0390876531601 0.54826945066452
v 1.34201669692993 1.09914171695709 0.460932195186615
v 1.3375700712204 1.10621857643127 0.444999366998672
v 1.26579809188843 1.07472848892212 0.421364009380341
v 1.27488207817078 1.1389821767807 0.439371377229691
v 1.26318597793579 1.12286913394928 0.433191418647766
v 1.25329899787903 1.1314058303833 0.436931550502777
v 1.1497677564621 0.641377031803131 0.421763837337494
v 1.18088245391846 0.626247644424438 0.429909914731979
v 1.1539021730423 0.617119014263153 0.420456528663635
v 1.04734349250793 0.539949953556061 0.559288918972015
v 1.075927734375 0.557287693023682 0.430576592683792
v 1.08081269264221 0.378763675689697 0.566381514072418
v 1.08807194232941 0.350771903991699 0.572911024093628
v 1.09361183643341 0.324237525463104 0.579838156700134
v 1.0986921787262 0.298282563686371 0.586673676967621
v 1.10364675521851 0.272041916847229 0.593319237232208
v 1.11161017417908 0.245395243167877 0.598477721214294
v 1.12149810791016 0.218106389045715 0.599462509155273
v 1.1281486749649 0.189379572868347 0.605762183666229
v 1.12592697143555 0.122516453266144 0.605381369590759
v 1.13186311721802 0.126553773880005 0.622942507266998
v 1.1304886341095 0.15889185667038 0.615195453166962
v 1.13422763347626 0.0931116938591003 0.628746867179871
v 1.14012348651886 0.0585286617279053 0.630954742431641
v 1.15018236637115 0.0227159261703491 0.630780220031738
v 1.15961742401123 -0.0139463543891907 0.630275368690491
v 1.16630530357361 -0.0508048534393311 0.630282402038574
v 1.0411069393158 0.540754079818726 0.53135746717453
v 1.04410541057587 0.540834069252014 0.544511377811432
v 1.17209982872009 1.16282320022583 0.484637558460236
v 1.22157680988312 1.04018437862396 0.473866492509842
v 1.22615611553192 1.04776906967163 0.476162731647491
v 1.2552717924118 1.08342897891998 0.430498629808426
v 1.36767482757568 1.04145109653473 0.458083152770996
v 1.36699843406677 1.05802464485168 0.455821871757507
v 1.26522350311279 1.06193995475769 0.431083619594574
v 1.22671103477478 1.06827235221863 0.46653163433075
v 1.23571217060089 1.0721937417984 0.463800609111786
v 1.39237892627716 1.11455142498016 0.356810837984085
v 1.40585947036743 1.11579167842865 0.351586163043976
v 1.39441192150116 1.13055813312531 0.344962537288666
v 1.38152706623077 1.12822818756104 0.349531888961792
v 1.37835872173309 1.10998630523682 0.356505185365677
v 1.36923861503601 1.12299001216888 0.348411798477173
v 1.35928773880005 1.07830131053925 0.3030806183815
v 1.35517358779907 1.08103764057159 0.316878080368042
v 1.35108602046967 1.09872937202454 0.309486299753189
v 1.35570931434631 1.09704947471619 0.29630446434021
v 1.35069191455841 1.1301212310791 0.335018336772919
v 1.34586608409882 1.12386763095856 0.32612007856369
v 1.35259890556335 1.10889458656311 0.333584725856781
v 1.35914373397827 1.11653172969818 0.342831432819366
v 1.38514149188995 1.08146274089813 0.286161720752716
v 1.39977264404297 1.08587908744812 0.286734104156494
v 1.40406918525696 1.06518816947937 0.291107296943665
v 1.38838863372803 1.06149172782898 0.291366636753082
v 1.3726042509079 1.01144874095917 0.3387850522995
v 1.37839865684509 1.00462543964386 0.327920645475388
v 1.37971138954163 0.993942022323608 0.336088240146637
v 1.37519025802612 1.0027551651001 0.344532579183578
v 1.41209518909454 1.08765935897827 0.372606784105301
v 1.42656826972961 1.08563947677612 0.365812420845032
v 1.4167628288269 1.10054469108582 0.358688116073608
v 1.40244245529175 1.10075545310974 0.364639163017273
v 1.37139904499054 1.06691718101501 0.358602821826935
v 1.3648567199707 1.0566349029541 0.34683883190155
v 1.37081277370453 1.04236578941345 0.354577004909515
v 1.37778604030609 1.05350649356842 0.366078853607178
v 1.42239677906036 1.07386064529419 0.379604637622833
v 1.43584656715393 1.06970715522766 0.372093856334686
v 1.35891592502594 1.09447801113129 0.34230437874794
v 1.35525965690613 1.08641815185547 0.330172270536423
v 1.35976815223694 1.07111191749573 0.338671445846558
v 1.36478686332703 1.08069396018982 0.350795209407806
v 1.37484765052795 1.12093925476074 0.278960645198822
v 1.38676691055298 1.12544214725494 0.281071364879608
v 1.39378356933594 1.10592865943909 0.283560127019882
v 1.38052916526794 1.1015921831131 0.282037794589996
v 1.34481859207153 1.11928391456604 0.315017342567444
v 1.34641742706299 1.11664319038391 0.303006052970886
v 1.35046136379242 1.10270881652832 0.322020590305328
v 1.40146434307098 1.14421617984772 0.320906609296799
v 1.39382934570312 1.14585554599762 0.331063598394394
v 1.40579915046692 1.12952601909637 0.336565315723419
v 1.41331624984741 1.12677586078644 0.325271964073181
v 1.365194439888 1.04151725769043 0.319778650999069
v 1.36248779296875 1.04728579521179 0.333236843347549
v 1.35868144035339 1.06386709213257 0.324848890304565
v 1.36243367195129 1.05980968475342 0.311067938804626
v 1.39594912528992 1.08389794826508 0.373830586671829
v 1.38736879825592 1.09666287899017 0.365087956190109
v 1.42380285263062 1.11024141311646 0.330146670341492
v 1.41716492176056 1.1133908033371 0.342231065034866
v 1.42727708816528 1.09688091278076 0.34826385974884
v 1.43412744998932 1.0913587808609 0.335178911685944
v 1.44226980209351 1.06422543525696 0.324484944343567
v 1.43435955047607 1.05597901344299 0.311768382787704
v 1.42830848693848 1.07690382003784 0.308020323514938
v 1.43463683128357 1.08448326587677 0.320729047060013
v 1.3691713809967 1.02466893196106 0.329563677310944
v 1.37630617618561 1.02031517028809 0.317052364349365
v 1.39050459861755 1.04084122180939 0.298633217811584
v 1.40718007087708 1.04376459121704 0.296891868114471
v 1.40867471694946 1.02202260494232 0.304900795221329
v 1.39065933227539 1.01965069770813 0.307896584272385
v 1.40451169013977 1.04602706432343 0.386890769004822
v 1.42191696166992 1.0509557723999 0.392465829849243
v 1.41358494758606 1.06070911884308 0.388742327690125
v 1.39610350131989 1.05419540405273 0.383650362491608
v 1.43108153343201 1.05991363525391 0.385703325271606
v 1.43801879882812 1.04721796512604 0.389712363481522
v 1.44993853569031 1.02363193035126 0.390631347894669
v 1.45164847373962 1.01069867610931 0.385987520217896
v 1.45487928390503 1.01629889011383 0.379998981952667
v 1.45093977451324 1.02876174449921 0.386675834655762
v 1.45419955253601 1.02068150043488 0.33313399553299
v 1.44407725334167 1.00894486904144 0.322424829006195
v 1.43925952911377 1.03318691253662 0.316160976886749
v 1.44889056682587 1.04302048683167 0.327848106622696
v 1.42514896392822 0.982398867607117 0.325058937072754
v 1.40639662742615 0.983880937099457 0.324526607990265
v 1.4089982509613 1.00087332725525 0.314654678106308
v 1.42742955684662 1.00271761417389 0.316355496644974
v 1.38379120826721 0.966663181781769 0.372662544250488
v 1.37314105033875 0.971935153007507 0.36723256111145
v 1.3852105140686 0.969452142715454 0.354514867067337
v 1.39764404296875 0.964889705181122 0.358244836330414
v 1.36945462226868 0.990064084529877 0.350621998310089
v 1.35899209976196 0.994303643703461 0.358107030391693
v 1.35937070846558 1.00894212722778 0.355329632759094
v 1.36932754516602 1.00411605834961 0.350200802087784
v 1.40827608108521 1.05230760574341 0.382294893264771
v 1.42284488677979 1.04743814468384 0.395662695169449
v 1.42960596084595 1.04528343677521 0.392960369586945
v 1.41425490379333 1.04683363437653 0.382972180843353
v 1.45768642425537 1.00094068050385 0.340639263391495
v 1.44670414924622 0.984488844871521 0.328785061836243
v 1.37643265724182 0.987472653388977 0.345685690641403
v 1.37500286102295 0.999922692775726 0.347967475652695
v 1.37652039527893 0.998703002929688 0.347015738487244
v 1.37957334518433 0.987957537174225 0.341582477092743
v 1.38779592514038 1.02639269828796 0.359871864318848
v 1.39994144439697 1.03501832485199 0.372343361377716
v 1.39667391777039 1.03363966941833 0.374631285667419
v 1.38598346710205 1.02284276485443 0.362533807754517
v 1.41553890705109 1.04287004470825 0.383647441864014
v 1.43225932121277 1.04344987869263 0.391611397266388
v 1.42881715297699 1.0444952249527 0.392375528812408
v 1.41120290756226 1.04209196567535 0.385885894298553
v 1.45637738704681 0.988825082778931 0.350128352642059
v 1.45864343643188 1.00094473361969 0.360411584377289
v 1.45442295074463 0.991550445556641 0.366948306560516
v 1.4499249458313 0.980352818965912 0.358345717191696
v 1.41741454601288 0.970789909362793 0.335882425308228
v 1.40167498588562 0.973282098770142 0.334502607584
v 1.38112795352936 1.02472448348999 0.363185346126556
v 1.37476742267609 1.01347529888153 0.35311496257782
v 1.37791967391968 1.01079821586609 0.353385865688324
v 1.44296097755432 1.03903746604919 0.391590684652328
v 1.39564490318298 0.964476108551025 0.378029644489288
v 1.40731477737427 0.965709149837494 0.384295523166656
v 1.39144909381866 0.969577133655548 0.398700684309006
v 1.37979626655579 0.967861115932465 0.392263770103455
v 1.36848616600037 0.970861852169037 0.386017441749573
v 1.35816931724548 0.978078186511993 0.379513770341873
v 1.34537589550018 1.0026444196701 0.367866486310959
v 1.34608924388885 1.0179238319397 0.364261835813522
v 1.35196459293365 1.03367674350739 0.363357305526733
v 1.36174976825714 1.04788136482239 0.365810602903366
v 1.37543201446533 1.03875851631165 0.358689099550247
v 1.36521673202515 1.02450454235077 0.355239242315292
v 1.39254903793335 1.0610910654068 0.386481404304504
v 1.40651774406433 1.05478990077972 0.400101482868195
v 1.43219530582428 1.03614902496338 0.401834577322006
v 1.41728293895721 1.04241013526917 0.409286320209503
v 1.38286423683167 0.97657436132431 0.344123989343643
v 1.37508451938629 0.977918565273285 0.351942777633667
v 1.42597937583923 1.10369729995728 0.316939473152161
v 1.42084991931915 1.09730732440948 0.304518759250641
v 1.41205942630768 1.11637806892395 0.300935506820679
v 1.41577768325806 1.12192237377167 0.312948197126389
v 1.39614379405975 1.13019859790802 0.287999272346497
v 1.40449774265289 1.11121082305908 0.290600001811981
v 1.36703181266785 1.10279715061188 0.351571768522263
v 1.37431621551514 1.08957481384277 0.359921425580978
v 1.35928332805634 1.13673210144043 0.341297030448914
v 1.39020383358002 1.03586375713348 0.375047147274017
v 1.3840891122818 1.04246163368225 0.37212473154068
v 1.45079159736633 0.997503101825714 0.380299925804138
v 1.44590246677399 1.00796508789062 0.393268167972565
v 1.44380819797516 0.994244873523712 0.388514906167984
v 1.45879030227661 1.01456785202026 0.355114728212357
v 1.45565009117126 1.03258585929871 0.350078254938126
v 1.4504771232605 1.04307436943054 0.365560472011566
v 1.45520901679993 1.02418780326843 0.370946735143661
v 1.44166111946106 0.974180817604065 0.36602321267128
v 1.44834530353546 0.984972834587097 0.374003648757935
v 1.43946933746338 0.98208224773407 0.383651793003082
v 1.43180477619171 0.971374988555908 0.377165943384171
v 1.3909056186676 1.04828035831451 0.367444097995758
v 1.39792382717133 1.04086446762085 0.36946302652359
v 1.42495119571686 1.01247477531433 0.415635228157043
v 1.43694829940796 1.00846874713898 0.403978228569031
v 1.43693995475769 1.0226902961731 0.403934299945831
v 1.42425870895386 1.02714347839355 0.413530588150024
v 1.44489455223083 1.02175080776215 0.396305561065674
v 1.42050719261169 0.998914361000061 0.414487600326538
v 1.43376660346985 0.995092928409576 0.400975823402405
v 1.37597632408142 1.05849707126617 0.373093098402023
v 1.41829586029053 0.972862362861633 0.391231507062912
v 1.42709183692932 0.983593046665192 0.396302223205566
v 1.41224992275238 0.987476766109467 0.410337090492249
v 1.40233874320984 0.976703524589539 0.405431568622589
v 1.41179978847504 1.09117567539215 0.293997019529343
v 1.41755270957947 1.07057237625122 0.297917068004608
v 1.39001893997192 0.987058579921722 0.327932000160217
v 1.39067053794861 1.00059509277344 0.318206667900085
v 1.38776290416718 0.978966772556305 0.336740255355835
v 1.37008762359619 1.07877814769745 0.29142302274704
v 1.36653959751129 1.09822010993958 0.28622767329216
v 1.37447571754456 1.03921723365784 0.306832194328308
v 1.37256574630737 1.05896294116974 0.298411667346954
v 1.44241666793823 1.07313418388367 0.339954346418381
v 1.42144894599915 0.965216040611267 0.350690960884094
v 1.40814161300659 0.965986490249634 0.346688449382782
v 1.43299829959869 0.970872402191162 0.339673340320587
v 1.34946048259735 0.9891197681427 0.373285889625549
v 1.36412405967712 0.981427192687988 0.362143695354462
v 1.45105886459351 0.980038523674011 0.341929882764816
v 1.33092188835144 0.999881148338318 0.386745750904083
v 1.4490692615509 1.03799390792847 0.382651329040527
v 1.44429159164429 1.03594386577606 0.393247067928314
v 1.44018888473511 1.03541171550751 0.396667212247849
v 1.38298892974854 1.14569354057312 0.339199721813202
v 1.38131892681122 1.07657122612 0.368356049060822
v 1.3758293390274 1.03155040740967 0.360537230968475
v 1.37186300754547 1.02048206329346 0.349446356296539
v 1.43285000324249 0.967731237411499 0.357374727725983
v 1.42160356044769 0.964536428451538 0.369515419006348
v 1.40989768505096 0.962956428527832 0.362989485263824
v 1.38373231887817 1.03255701065063 0.357515275478363
v 1.37417221069336 1.01882755756378 0.351497709751129
v 1.36219048500061 1.11728799343109 0.282294362783432
v 1.37861323356628 1.01369869709015 0.351794242858887
v 1.44302415847778 1.05391955375671 0.377908498048782
v 1.15534067153931 1.12652540206909 0.643880188465118
v 1.18815159797668 0.963135182857513 0.452587246894836
v 1.13430297374725 0.940347611904144 0.430838584899902
v 1.15345644950867 0.94289767742157 0.438935458660126
v 1.21234691143036 1.02039051055908 0.46884548664093
v 1.21700143814087 1.03134703636169 0.471371084451675
v 1.23197937011719 1.05696082115173 0.474959373474121
v 1.23988580703735 1.06203591823578 0.472838521003723
v 1.190349817276 1.00034308433533 0.444995820522308
v 1.14584791660309 1.35807478427887 0.515837371349335
v 1.14619266986847 1.35179114341736 0.520268678665161
v 1.14679479598999 1.37104332447052 0.511711776256561
v 1.01717257499695 0.804796278476715 0.400808274745941
v 1.14080226421356 1.34252214431763 0.510492742061615
v 1.14057385921478 1.33444046974182 0.514891505241394
v 1.14379394054413 1.33780264854431 0.510223567485809
v 1.13929772377014 1.34337067604065 0.509024858474731
v 1.1389878988266 1.34433615207672 0.508310377597809
v 1.14163613319397 1.37116587162018 0.502633392810822
v 1.14552927017212 1.34333491325378 0.523240923881531
v 1.14368689060211 1.33409368991852 0.524061560630798
v 1.13861882686615 1.35651397705078 0.500949740409851
v 1.13736486434937 0.787229776382446 0.610797107219696
v 1.11560785770416 0.787519812583923 0.618933916091919
v 1.1170597076416 0.769781947135925 0.625636696815491
v 1.14025413990021 0.768575429916382 0.615749895572662
v 1.11947238445282 0.751188039779663 0.633282005786896
v 1.21809494495392 0.712343633174896 0.572353661060333
v 1.22571361064911 0.71381139755249 0.544566929340363
v 1.22180807590485 0.735480964183807 0.542166471481323
v 1.21415865421295 0.734412789344788 0.568347036838531
v 1.22030961513519 0.751678228378296 0.514585673809052
v 1.21752095222473 0.753748178482056 0.540484070777893
v 1.22384750843048 0.734819114208221 0.513969004154205
v 1.21878516674042 0.729901134967804 0.486846715211868
v 1.21563804149628 0.747836291790009 0.487776130437851
v 1.20738863945007 0.721092879772186 0.463218957185745
v 1.20412266254425 0.740993022918701 0.463815569877625
v 1.19106256961823 0.710518717765808 0.444593012332916
v 1.17043936252594 0.70065838098526 0.43017241358757
v 1.1471928358078 0.667274713516235 0.422389209270477
v 1.11879575252533 0.683480978012085 0.41387602686882
v 1.14591217041016 0.691444635391235 0.420611679553986
v 1.06725788116455 0.674735367298126 0.407298892736435
v 1.09180498123169 0.677197992801666 0.410018593072891
v 1.02503263950348 0.675957798957825 0.40923210978508
v 1.04479420185089 0.674635410308838 0.407410562038422
v 1.15854692459106 1.14559304714203 0.469810873270035
v 1.1967316865921 1.19884645938873 0.576909244060516
v 1.20664751529694 1.19346022605896 0.572880804538727
v 1.2048454284668 1.19807386398315 0.550623297691345
v 1.23475897312164 1.13734567165375 0.595128297805786
v 1.23344445228577 1.15556597709656 0.585693955421448
v 1.22147274017334 1.15098488330841 0.603239893913269
v 1.2216649055481 1.13402819633484 0.610660791397095
v 1.19305765628815 1.19083046913147 0.592794001102448
v 1.18636190891266 1.19390118122101 0.594086527824402
v 1.20161473751068 1.18604040145874 0.592327833175659
v 1.18041324615479 1.17178452014923 0.620011210441589
v 1.19208931922913 1.17827749252319 0.608100712299347
v 1.23832273483276 1.18278503417969 0.529362976551056
v 1.24620270729065 1.17017126083374 0.548508882522583
v 1.25342869758606 1.16766011714935 0.539274036884308
v 1.24741041660309 1.18013525009155 0.520431339740753
v 1.25308787822723 1.12058758735657 0.573508322238922
v 1.25199484825134 1.10477674007416 0.576640188694
v 1.25896501541138 1.10540664196014 0.566369354724884
v 1.25988280773163 1.12053179740906 0.563566923141479
v 1.27980005741119 1.16746783256531 0.491663724184036
v 1.2839914560318 1.15817642211914 0.511218190193176
v 1.29628598690033 1.15119779109955 0.501961231231689
v 1.29148626327515 1.15919864177704 0.483214676380157
v 1.25903975963593 1.13604164123535 0.55852484703064
v 1.20970702171326 1.02299129962921 0.621604144573212
v 1.2254421710968 1.03116869926453 0.609935522079468
v 1.23685073852539 1.0391651391983 0.596765279769897
v 1.25335454940796 1.05875897407532 0.560161471366882
v 1.24965667724609 1.05443668365479 0.569478392601013
v 1.2501974105835 1.04311466217041 0.563463628292084
v 1.25876665115356 1.06085681915283 0.551085770130157
v 1.26489043235779 1.06088197231293 0.540511071681976
v 1.24345147609711 1.11200845241547 0.437032550573349
v 1.23259603977203 1.11613821983337 0.437826752662659
v 1.24246728420258 1.13895905017853 0.441019952297211
v 1.27719509601593 1.05449950695038 0.517535746097565
v 1.26893389225006 1.05660259723663 0.527158737182617
v 1.26587772369385 1.05180406570435 0.523109257221222
v 1.27461838722229 1.05055367946625 0.514058887958527
v 1.23026621341705 1.18560016155243 0.53714519739151
v 1.29781222343445 1.13835060596466 0.514043748378754
v 1.28554010391235 1.14434361457825 0.523132562637329
v 1.28646564483643 1.12928903102875 0.529736399650574
v 1.29809617996216 1.12426912784576 0.520750999450684
v 1.29680359363556 1.1117308139801 0.525425672531128
v 1.28603291511536 1.11566007137299 0.534766376018524
v 1.28420281410217 1.10312914848328 0.537532567977905
v 1.29429543018341 1.1001170873642 0.528192758560181
v 1.28089237213135 1.05940461158752 0.520725190639496
v 1.27189588546753 1.06257390975952 0.530982434749603
v 1.29026675224304 1.14904117584229 0.454375505447388
v 1.24603807926178 1.18179738521576 0.488061845302582
v 1.23217844963074 1.17283117771149 0.466911315917969
v 1.22262787818909 1.17749285697937 0.475168883800507
v 1.23600137233734 1.18538475036621 0.497147589921951
v 1.25802040100098 1.05058252811432 0.474672317504883
v 1.25232529640198 1.05906093120575 0.468441009521484
v 1.26355838775635 1.04274964332581 0.480982065200806
v 1.25978183746338 1.04475069046021 0.513959109783173
v 1.26893162727356 1.03824186325073 0.487825751304626
v 1.24618065357208 1.08993601799011 0.439157754182816
v 1.25347495079041 1.10584437847137 0.433968156576157
v 1.22025954723358 1.15341150760651 0.452262252569199
v 1.21095073223114 1.15891778469086 0.459113866090775
v 1.30233526229858 1.14958894252777 0.475021988153458
v 1.30771422386169 1.14186787605286 0.493398815393448
v 1.28763461112976 1.04924523830414 0.509361028671265
v 1.28490376472473 1.04465568065643 0.506386280059814
v 1.29577624797821 1.0396511554718 0.500584483146667
v 1.25791871547699 1.04186654090881 0.526735067367554
v 1.26319634914398 1.04804146289825 0.518980383872986
v 1.25663840770721 1.17742252349854 0.511390924453735
v 1.30892169475555 1.12947642803192 0.506064593791962
v 1.30781447887421 1.1164675951004 0.513483166694641
v 1.27625560760498 1.11842608451843 0.544331073760986
v 1.27606010437012 1.13263440132141 0.539564549922943
v 1.26717579364777 1.1347815990448 0.549136340618134
v 1.26784646511078 1.11982989311218 0.554087579250336
v 1.30453181266785 1.09485113620758 0.519766449928284
v 1.30207967758179 1.08312177658081 0.519453465938568
v 1.26681530475616 1.10558390617371 0.556628108024597
v 1.27505946159363 1.10481214523315 0.54702615737915
v 1.29127669334412 1.05458498001099 0.512605249881744
v 1.20309197902679 1.16257929801941 0.466814547777176
v 1.19398200511932 1.14249277114868 0.453997433185577
v 1.18386483192444 1.14376926422119 0.459371715784073
v 1.21226418018341 1.13042283058167 0.443196624517441
v 1.20288145542145 1.13754522800446 0.448499232530594
v 1.22226285934448 1.12160968780518 0.43909877538681
v 1.17244493961334 1.14458405971527 0.464294880628586
v 1.44236922264099 0.972266376018524 0.349514245986938
v 1.29376006126404 1.03456795215607 0.497181862592697
v 1.30641007423401 1.02990996837616 0.491134285926819
v 1.30694735050201 1.03577053546906 0.495114415884018
v 1.36083686351776 1.02729523181915 0.461070477962494
v 1.02140557765961 1.26146125793457 0.459748983383179
v 1.01909375190735 1.26645135879517 0.456687271595001
v 1.01646745204926 1.28630566596985 0.452245712280273
v 1.01655685901642 1.29001832008362 0.45214906334877
v 1.45510268211365 1.00332307815552 0.373842805624008
v 1.45688104629517 1.00920915603638 0.368238151073456
v 1.44973468780518 1.05272114276886 0.344841420650482
v 1.43616580963135 1.07958793640137 0.354365229606628
v 1.44403004646301 1.06154882907867 0.360267639160156
v 1.404705286026 1.07155585289001 0.381833493709564
v 1.38930678367615 1.06355285644531 0.376603841781616
v 1.36733889579773 1.03243041038513 0.341913729906082
v 1.42526686191559 1.02601432800293 0.308340132236481
v 1.34773004055023 1.17004013061523 0.332342624664307
v 1.35897564888 1.1750602722168 0.329787492752075
v 1.34708380699158 1.18892693519592 0.325987935066223
v 1.33614075183868 1.18315982818604 0.326978087425232
v 1.32543194293976 1.19550955295563 0.322186291217804
v 1.31836771965027 1.19087266921997 0.315936684608459
v 1.32786786556244 1.17773270606995 0.322020769119263
v 1.31553840637207 1.18805480003357 0.30666583776474
v 1.32388937473297 1.17382550239563 0.31360912322998
v 1.31594717502594 1.18616998195648 0.296872735023499
v 1.3190860748291 1.18591678142548 0.288058459758759
v 1.32526445388794 1.1697119474411 0.294492423534393
v 1.32314145565033 1.17082130908966 0.303909450769424
v 1.33576631546021 1.15252339839935 0.291814237833023
v 1.33023571968079 1.17067384719849 0.286085546016693
v 1.33695423603058 1.17261159420013 0.278562605381012
v 1.34206068515778 1.15328168869019 0.282428562641144
v 1.34756219387054 1.19862270355225 0.270416617393494
v 1.35444784164429 1.20197343826294 0.273578524589539
v 1.36280691623688 1.18363261222839 0.275145351886749
v 1.35501909255981 1.17939829826355 0.27173912525177
v 1.38081562519073 1.17321991920471 0.293038189411163
v 1.37733209133148 1.16867280006409 0.283799171447754
v 1.36831855773926 1.18779194355011 0.282234847545624
v 1.37203192710876 1.19177222251892 0.291157394647598
v 1.36541390419006 1.2086329460144 0.289757549762726
v 1.36343455314636 1.2102392911911 0.300467431545258
v 1.37185120582581 1.19426989555359 0.300785511732101
v 1.37068223953247 1.14265465736389 0.342952996492386
v 1.35928213596344 1.15647208690643 0.337768077850342
v 1.34884190559387 1.15051567554474 0.334659814834595
v 1.3307296037674 1.15494334697723 0.311487078666687
v 1.33862948417664 1.13945531845093 0.318929225206375
v 1.34183287620544 1.14442408084869 0.327986717224121
v 1.33269262313843 1.15893983840942 0.320824474096298
v 1.35174000263214 1.11576747894287 0.290904700756073
v 1.34129464626312 1.13456928730011 0.297139048576355
v 1.34723210334778 1.13460111618042 0.286715149879456
v 1.33192479610443 1.15299940109253 0.301464557647705
v 1.33874845504761 1.13613629341125 0.308254659175873
v 1.35166931152344 1.15549385547638 0.275891900062561
v 1.34585118293762 1.17555952072144 0.273283421993256
v 1.36947405338287 1.17734169960022 0.323094815015793
v 1.37758827209473 1.17785930633545 0.313748478889465
v 1.36578607559204 1.19450676441193 0.311057597398758
v 1.35745811462402 1.19294095039368 0.319682061672211
v 1.35666465759277 1.13648355007172 0.279161632061005
v 1.3893575668335 1.16144347190857 0.317147672176361
v 1.3817183971405 1.16173958778381 0.326758146286011
v 1.38191151618958 1.17614197731018 0.303226321935654
v 1.3924822807312 1.15850484371185 0.305972695350647
v 1.34685492515564 1.20598983764648 0.317091584205627
v 1.33596849441528 1.20159733295441 0.322507470846176
v 1.37119722366333 1.15995454788208 0.334595650434494
v 1.36198115348816 1.15949559211731 0.273804306983948
v 1.37111985683441 1.16418349742889 0.276744157075882
v 1.37909197807312 1.14474892616272 0.278841197490692
v 1.36832499504089 1.14005994796753 0.276365906000137
v 1.40160548686981 1.135125041008 0.297753900289536
v 1.38680458068848 1.14898383617401 0.285727888345718
v 1.39111089706421 1.15388774871826 0.295135676860809
v 1.36049604415894 1.20523428916931 0.280334115028381
v 1.40386891365051 1.14075446128845 0.30900314450264
v 1.28497815132141 1.2613936662674 0.294551223516464
v 1.28546142578125 1.25173962116241 0.291656970977783
v 1.27534067630768 1.25232410430908 0.296634823083878
v 1.2758936882019 1.26188778877258 0.299966424703598
v 1.27213728427887 1.22981059551239 0.290872991085052
v 1.27236592769623 1.21932446956635 0.297268986701965
v 1.26291275024414 1.22499942779541 0.304554551839828
v 1.26267862319946 1.23408627510071 0.298877716064453
v 1.26963663101196 1.26166617870331 0.306879550218582
v 1.26830291748047 1.25271773338318 0.302701830863953
v 1.26789462566376 1.25890827178955 0.313304573297501
v 1.27140831947327 1.26879227161407 0.318157613277435
v 1.26994252204895 1.26980555057526 0.311046063899994
v 1.27173161506653 1.27701604366302 0.321222215890884
v 1.28137612342834 1.26575434207916 0.323939949274063
v 1.28056538105011 1.27815759181976 0.325531631708145
v 1.30695998668671 1.2723536491394 0.317959010601044
v 1.31560015678406 1.2745189666748 0.311928808689117
v 1.30989003181458 1.28792262077332 0.313320755958557
v 1.30095183849335 1.28503751754761 0.319352388381958
v 1.32371294498444 1.28745186328888 0.297672957181931
v 1.31691908836365 1.28885591030121 0.306159615516663
v 1.32198405265808 1.27504062652588 0.305600553750992
v 1.32817995548248 1.27444529533386 0.298314332962036
v 1.299161195755 1.26199996471405 0.287475764751434
v 1.30208194255829 1.25244784355164 0.284165292978287
v 1.29583477973938 1.25177681446075 0.287665188312531
v 1.29389953613281 1.26127576828003 0.290674149990082
v 1.26300406455994 1.25169730186462 0.321135848760605
v 1.27436006069183 1.25214958190918 0.322255611419678
v 1.2714467048645 1.25798547267914 0.319436013698578
v 1.26164877414703 1.25376093387604 0.317691504955292
v 1.31520795822144 1.2333916425705 0.266361236572266
v 1.31978273391724 1.22194349765778 0.267349064350128
v 1.31329596042633 1.21912729740143 0.272935211658478
v 1.31031811237335 1.22980546951294 0.271357744932175
v 1.29047358036041 1.21181011199951 0.287247478961945
v 1.29941213130951 1.21072196960449 0.284835994243622
v 1.30019581317902 1.20417034626007 0.298900932073593
v 1.29285717010498 1.20721435546875 0.301141798496246
v 1.28169393539429 1.21472132205963 0.291267156600952
v 1.28546941280365 1.21043765544891 0.303860127925873
v 1.27645552158356 1.21575903892517 0.30800524353981
v 1.26614677906036 1.22215235233307 0.313273459672928
v 1.32923746109009 1.22583913803101 0.263171255588531
v 1.32726287841797 1.23461008071899 0.260721892118454
v 1.25202333927155 1.3222279548645 0.324376314878464
v 1.25444841384888 1.32526457309723 0.319940745830536
v 1.25645756721497 1.31998300552368 0.318991839885712
v 1.25407433509827 1.31689548492432 0.323551267385483
v 1.34419572353363 1.2400426864624 0.270809412002563
v 1.34673547744751 1.24214673042297 0.280247002840042
v 1.34899866580963 1.23496055603027 0.278376042842865
v 1.34456753730774 1.23261332511902 0.269837439060211
v 1.34340238571167 1.24968481063843 0.271528840065002
v 1.34421217441559 1.25095081329346 0.282440334558487
v 1.25859892368317 1.3249192237854 0.335706919431686
v 1.25448966026306 1.32218301296234 0.33350270986557
v 1.2576539516449 1.3172082901001 0.332863837480545
v 1.26205575466156 1.31994128227234 0.334801286458969
v 1.27434182167053 1.27040386199951 0.303237617015839
v 1.28212344646454 1.27030503749847 0.297473251819611
v 1.27040278911591 1.28904485702515 0.305711060762405
v 1.27753889560699 1.28019618988037 0.300134837627411
v 1.27094268798828 1.27798676490784 0.306825578212738
v 1.26763653755188 1.28526222705841 0.310655564069748
v 1.29497706890106 1.28199362754822 0.288647711277008
v 1.29915106296539 1.27207458019257 0.28723731637001
v 1.29250085353851 1.27264261245728 0.291959464550018
v 1.28811931610107 1.28289937973022 0.293139278888702
v 1.30689263343811 1.27402985095978 0.277231633663177
v 1.303750872612 1.28378844261169 0.279020965099335
v 1.30772423744202 1.285001039505 0.273271352052689
v 1.31018161773682 1.27620601654053 0.272108614444733
v 1.29405760765076 1.3013129234314 0.287891358137131
v 1.2927485704422 1.31039690971375 0.291807591915131
v 1.29707479476929 1.31131279468536 0.288575649261475
v 1.29816436767578 1.30232894420624 0.284201353788376
v 1.3515625 1.22880876064301 0.2775599360466
v 1.34624862670898 1.22531008720398 0.269837498664856
v 1.33453261852264 1.28532147407532 0.280112862586975
v 1.3354218006134 1.28247570991516 0.270169496536255
v 1.33376932144165 1.29295301437378 0.2680344581604
v 1.33280313014984 1.29533982276917 0.278463244438171
v 1.34499764442444 1.24318337440491 0.290612459182739
v 1.348503947258 1.236532330513 0.289228737354279
v 1.26315951347351 1.32859539985657 0.334751009941101
v 1.26673209667206 1.32358849048615 0.333938211202621
v 1.28414702415466 1.22000277042389 0.315857768058777
v 1.27227997779846 1.22590529918671 0.320455342531204
v 1.29351246356964 1.21514916419983 0.312274545431137
v 1.2999746799469 1.21145558357239 0.310513079166412
v 1.30505418777466 1.20643198490143 0.310617715120316
v 1.27919673919678 1.28744053840637 0.29850834608078
v 1.29020273685455 1.26808285713196 0.293176591396332
v 1.30266118049622 1.26220703125 0.284302741289139
v 1.32030880451202 1.26993107795715 0.26061224937439
v 1.32278084754944 1.26232707500458 0.259329617023468
v 1.31459653377533 1.26142239570618 0.265358746051788
v 1.31459641456604 1.26915872097015 0.265816628932953
v 1.3315441608429 1.28061068058014 0.261635482311249
v 1.32435655593872 1.2798752784729 0.259884119033813
v 1.32235264778137 1.28888630867004 0.260332763195038
v 1.32932937145233 1.29043197631836 0.260889977216721
v 1.26237642765045 1.24795997142792 0.325455218553543
v 1.2739520072937 1.24459600448608 0.324370324611664
v 1.33778762817383 1.23749268054962 0.263203680515289
v 1.33813488483429 1.22921299934387 0.264170736074448
v 1.33937358856201 1.22177767753601 0.265903353691101
v 1.30625998973846 1.24122977256775 0.276787430047989
v 1.3065767288208 1.22776651382446 0.27409553527832
v 1.30073988437653 1.22608041763306 0.276789546012878
v 1.30235528945923 1.24068927764893 0.27953514456749
v 1.28417646884918 1.24049162864685 0.286303520202637
v 1.28280866146088 1.22691202163696 0.284213781356812
v 1.27358424663544 1.24209451675415 0.29224681854248
v 1.30732786655426 1.21546876430511 0.277350425720215
v 1.31696331501007 1.21104609966278 0.275282442569733
v 1.31044936180115 1.20733344554901 0.28086268901825
v 1.32411980628967 1.21475219726562 0.269769132137299
v 1.33188188076019 1.21859765052795 0.266150742769241
v 1.32054233551025 1.20191407203674 0.277456283569336
v 1.31437981128693 1.1987646818161 0.283919900655746
v 1.32808113098145 1.20588266849518 0.272225916385651
v 1.3354719877243 1.20990169048309 0.269162505865097
v 1.35917210578918 1.22115552425385 0.289612591266632
v 1.35572731494904 1.21873641014099 0.278795331716537
v 1.35329401493073 1.22985255718231 0.288854420185089
v 1.30744051933289 1.19782960414886 0.302167862653732
v 1.30488967895508 1.2050234079361 0.289158225059509
v 1.30961537361145 1.19817447662354 0.291926145553589
v 1.31058430671692 1.20007991790771 0.312299311161041
v 1.2566385269165 1.23685777187347 0.304612934589386
v 1.25079333782196 1.23989391326904 0.30909851193428
v 1.25381100177765 1.24711835384369 0.308425456285477
v 1.25973510742188 1.24522042274475 0.304827868938446
v 1.27106022834778 1.28500378131866 0.323518872261047
v 1.26723265647888 1.28404891490936 0.317475020885468
v 1.26861417293549 1.27678537368774 0.314579635858536
v 1.31581544876099 1.24396312236786 0.26420733332634
v 1.3264331817627 1.24480795860291 0.259218692779541
v 1.27350282669067 1.2939076423645 0.303657978773117
v 1.26561844348907 1.3137059211731 0.33333945274353
v 1.26087975502014 1.31106650829315 0.331256240606308
v 1.26589167118073 1.30010366439819 0.327890068292618
v 1.2710964679718 1.30312621593475 0.33069771528244
v 1.27526223659515 1.30423450469971 0.307419091463089
v 1.27099466323853 1.2994556427002 0.307743012905121
v 1.26768803596497 1.30643630027771 0.310357093811035
v 1.27227210998535 1.31092214584351 0.311414062976837
v 1.3016597032547 1.31026744842529 0.282437890768051
v 1.30295813083649 1.30294382572174 0.279011338949203
v 1.29292786121368 1.29697263240814 0.317663371562958
v 1.28678524494171 1.29121959209442 0.32597678899765
v 1.2915221452713 1.28089094161987 0.325430899858475
v 1.29994857311249 1.28273546695709 0.283891975879669
v 1.29660761356354 1.29217922687531 0.285288900136948
v 1.30067801475525 1.29332911968231 0.281172513961792
v 1.28040277957916 1.29177737236023 0.298650741577148
v 1.27726125717163 1.29696834087372 0.302205890417099
v 1.28242754936218 1.29722487926483 0.298300445079803
v 1.28548181056976 1.29023325443268 0.294903606176376
v 1.33856129646301 1.27111780643463 0.271724611520767
v 1.33331573009491 1.26874601840973 0.260698348283768
v 1.25222134590149 1.32118308544159 0.329396814107895
v 1.25475597381592 1.31609272956848 0.328793317079544
v 1.34859776496887 1.21550583839417 0.27152693271637
v 1.34196090698242 1.21296429634094 0.268696308135986
v 1.30330836772919 1.27253675460815 0.282541871070862
v 1.29618513584137 1.26888906955719 0.322849482297897
v 1.30582475662231 1.26255369186401 0.280177861452103
v 1.31902801990509 1.30639171600342 0.287882745265961
v 1.31832337379456 1.30730867385864 0.28006500005722
v 1.31374716758728 1.3132050037384 0.283006489276886
v 1.31653356552124 1.31374180316925 0.289084553718567
v 1.26849329471588 1.32071816921234 0.316033601760864
v 1.26320827007294 1.3172003030777 0.314795821905136
v 1.26095402240753 1.32386040687561 0.317206621170044
v 1.26590633392334 1.3270617723465 0.318735241889954
v 1.26796162128448 1.29510247707367 0.30972096323967
v 1.26557493209839 1.29185247421265 0.313875675201416
v 1.26231861114502 1.29964685440063 0.317015111446381
v 1.26424551010132 1.30249226093292 0.312491118907928
v 1.26608002185822 1.29109930992126 0.319943219423294
v 1.26291823387146 1.29889965057373 0.322950959205627
v 1.27287483215332 1.32287442684174 0.320971339941025
v 1.27386820316315 1.32122385501862 0.327657133340836
v 1.27936160564423 1.31133008003235 0.324022531509399
v 1.27699065208435 1.31333386898041 0.316977828741074
v 1.33259260654449 1.26196849346161 0.298655033111572
v 1.33748722076416 1.26194953918457 0.291158020496368
v 1.33346724510193 1.2743421792984 0.29004380106926
v 1.32976877689362 1.28685617446899 0.288677781820297
v 1.32417893409729 1.29782700538635 0.286027044057846
v 1.31951010227203 1.29916632175446 0.29735141992569
v 1.33734238147736 1.27344346046448 0.282252758741379
v 1.2850489616394 1.30602526664734 0.311154872179031
v 1.28404784202576 1.30363142490387 0.318999648094177
v 1.2900607585907 1.30607116222382 0.314459413290024
v 1.30987191200256 1.26395201683044 0.273734331130981
v 1.25769114494324 1.30992245674133 0.327038884162903
v 1.3175927400589 1.22431361675262 0.317777395248413
v 1.32829070091248 1.23023581504822 0.314753174781799
v 1.32416033744812 1.23876559734344 0.314182430505753
v 1.31249177455902 1.2306535243988 0.317604780197144
v 1.25918459892273 1.31349921226501 0.31676322221756
v 1.25680506229401 1.31079244613647 0.321261048316956
v 1.30826544761658 1.3050719499588 0.275189578533173
v 1.30629420280457 1.31121134757996 0.279200404882431
v 1.31029391288757 1.31324934959412 0.27840593457222
v 1.31309795379639 1.30902528762817 0.274331122636795
v 1.34101819992065 1.26158976554871 0.283454596996307
v 1.33205831050873 1.30116391181946 0.266241729259491
v 1.33233618736267 1.3022620677948 0.276603281497955
v 1.34163618087769 1.25132250785828 0.291447520256042
v 1.33685517311096 1.25102925300598 0.299403309822083
v 1.340123295784 1.24252724647522 0.299901753664017
v 1.30898284912109 1.30218505859375 0.304896891117096
v 1.32703268527985 1.2621260881424 0.305212408304214
v 1.33136343955994 1.25063252449036 0.305462419986725
v 1.33443665504456 1.24104237556458 0.307043105363846
v 1.3376100063324 1.23373544216156 0.307817935943604
v 1.34362006187439 1.23556971549988 0.299792110919952
v 1.27058267593384 1.31755173206329 0.332353621721268
v 1.2700263261795 1.32714176177979 0.32955202460289
v 1.34908986091614 1.22788679599762 0.300039172172546
v 1.35626649856567 1.22027254104614 0.300655156373978
v 1.34833514690399 1.21859097480774 0.308838576078415
v 1.34205532073975 1.22647643089294 0.308529496192932
v 1.32479858398438 1.24966871738434 0.311454117298126
v 1.31711935997009 1.2475643157959 0.316190242767334
v 1.32070481777191 1.26159131526947 0.311133563518524
v 1.31251299381256 1.26005864143372 0.316781759262085
v 1.3037416934967 1.29938745498657 0.313808977603912
v 1.26192367076874 1.34074711799622 0.32739445567131
v 1.26611351966858 1.33353877067566 0.325245141983032
v 1.2634791135788 1.33266770839691 0.320488959550858
v 1.25999653339386 1.34024131298065 0.323058396577835
v 1.26946413516998 1.32843506336212 0.323407828807831
v 1.2664942741394 1.33214950561523 0.330793023109436
v 1.30104970932007 1.25613927841187 0.321242153644562
v 1.28074562549591 1.30433416366577 0.302596777677536
v 1.30349540710449 1.24039912223816 0.31957620382309
v 1.28734719753265 1.25387132167816 0.324730783700943
v 1.28748214244843 1.24218881130219 0.323762059211731
v 1.30222368240356 1.22177219390869 0.318120837211609
v 1.29327893257141 1.22683262825012 0.320150285959244
v 1.31318116188049 1.21165823936462 0.316807299852371
v 1.30815088748932 1.21716952323914 0.316868871450424
v 1.31813287734985 1.20465648174286 0.318685173988342
v 1.28065359592438 1.23215973377228 0.323733359575272
v 1.24890506267548 1.32960522174835 0.324914515018463
v 1.25187170505524 1.3327968120575 0.32091099023819
v 1.32227087020874 1.217928647995 0.318539321422577
v 1.32774090766907 1.21079540252686 0.32006824016571
v 1.26548886299133 1.24405443668365 0.299122005701065
v 1.31037616729736 1.25346863269806 0.272150665521622
v 1.30763745307922 1.25285482406616 0.277411133050919
v 1.32484292984009 1.25448703765869 0.25889664888382
v 1.31485784053802 1.25364637374878 0.264654725790024
v 1.33881807327271 1.21566140651703 0.316091299057007
v 1.32466208934784 1.18832278251648 0.280820071697235
v 1.33220994472504 1.19137144088745 0.274963527917862
v 1.35623121261597 1.20879936218262 0.309378325939178
v 1.24844539165497 1.32865869998932 0.329973012208939
v 1.2963342666626 1.31496298313141 0.295722424983978
v 1.2990083694458 1.31471967697144 0.295220941305161
v 1.25591850280762 1.22936105728149 0.309559196233749
v 1.24994575977325 1.23487877845764 0.313759475946426
v 1.25445210933685 1.2368221282959 0.325168967247009
v 1.25109267234802 1.23420095443726 0.319735705852509
v 1.25795197486877 1.22773540019989 0.317121088504791
v 1.26266276836395 1.23091280460358 0.323485612869263
v 1.30868947505951 1.24199986457825 0.27390131354332
v 1.31146824359894 1.24346458911896 0.269876509904861
v 1.34150457382202 1.26004528999329 0.272090286016464
v 1.33620750904083 1.25784659385681 0.261900186538696
v 1.26943445205688 1.29206526279449 0.325423568487167
v 1.27833127975464 1.28738307952881 0.32674252986908
v 1.27547764778137 1.29479420185089 0.328015118837357
v 1.27677774429321 1.30688548088074 0.329310715198517
v 1.28142583370209 1.3067455291748 0.3083715736866
v 1.27944254875183 1.30720114707947 0.312808662652969
v 1.2926914691925 1.22586894035339 0.279850661754608
v 1.29485750198364 1.2402651309967 0.282636702060699
v 1.26359581947327 1.25209259986877 0.307891219854355
v 1.2591404914856 1.25274443626404 0.312126666307449
v 1.2914617061615 1.29053795337677 0.29013380408287
v 1.30211365222931 1.31187129020691 0.307468622922897
v 1.29860901832581 1.30833029747009 0.314313620328903
v 1.28862547874451 1.29849183559418 0.292807519435883
v 1.25420784950256 1.33241903781891 0.336427748203278
v 1.25013303756714 1.32976293563843 0.334075689315796
v 1.28172767162323 1.29892492294312 0.326775223016739
v 1.30529427528381 1.29437804222107 0.275493264198303
v 1.30666041374207 1.31030869483948 0.300644308328629
v 1.30030393600464 1.31462001800537 0.301523238420486
v 1.3276104927063 1.29735374450684 0.261557817459106
v 1.33286571502686 1.2232049703598 0.315323770046234
v 1.25899112224579 1.32942414283752 0.318063646554947
v 1.25624251365662 1.33697652816772 0.319576770067215
v 1.26192712783813 1.33905255794525 0.331794887781143
v 1.25894689559937 1.3357127904892 0.33550101518631
v 1.33768677711487 1.24753928184509 0.26232847571373
v 1.30521440505981 1.25263166427612 0.28114652633667
v 1.34033179283142 1.19527804851532 0.271305054426193
v 1.26915335655212 1.23665499687195 0.326523751020432
v 1.25904893875122 1.24208652973175 0.327787697315216
v 1.28658044338226 1.30607771873474 0.295643895864487
v 1.32520866394043 1.3042197227478 0.280383676290512
v 1.31680583953857 1.30759310722351 0.297158807516098
v 1.31515312194824 1.31431400775909 0.297328412532806
v 1.30805885791779 1.31502413749695 0.300934493541718
v 1.30262434482574 1.31663584709167 0.298898667097092
v 1.25882005691528 1.34477591514587 0.33281534910202
v 1.25572228431702 1.34171867370605 0.336497783660889
v 1.25090336799622 1.33878409862518 0.33758819103241
v 1.24723696708679 1.33587646484375 0.334963619709015
v 1.24618077278137 1.33435988426208 0.330671072006226
v 1.25895738601685 1.34625625610352 0.328704446554184
v 1.25723028182983 1.34543883800507 0.324527442455292
v 1.25383305549622 1.34205794334412 0.321187824010849
v 1.25644850730896 1.35111200809479 0.329293757677078
v 1.2556346654892 1.35069918632507 0.333724111318588
v 1.24367046356201 1.34977984428406 0.338666677474976
v 1.24770557880402 1.34542870521545 0.33873724937439
v 1.24825167655945 1.34940600395203 0.338585197925568
v 1.24609327316284 1.35237371921539 0.339023441076279
v 1.2442479133606 1.35617876052856 0.339076042175293
v 1.24166679382324 1.3541145324707 0.338016092777252
v 1.25140762329102 1.35010552406311 0.337478458881378
v 1.2497091293335 1.35412847995758 0.337891072034836
v 1.25210380554199 1.35572290420532 0.335011422634125
v 1.25031340122223 1.35979902744293 0.335404515266418
v 1.24790060520172 1.35843431949615 0.338244169950485
v 1.25324153900146 1.35211670398712 0.335356444120407
v 1.2531486749649 1.34667932987213 0.337256103754044
v 1.24136197566986 1.35867094993591 0.337361603975296
v 1.24335372447968 1.35921823978424 0.338952928781509
v 1.24582839012146 1.36191558837891 0.338236629962921
v 1.24386262893677 1.36273014545441 0.336011201143265
v 1.2449551820755 1.34103226661682 0.335690677165985
v 1.24216318130493 1.34733867645264 0.335833430290222
v 1.24042463302612 1.35297393798828 0.335224598646164
v 1.24030947685242 1.35794830322266 0.33448788523674
v 1.2415224313736 1.34697699546814 0.332065373659134
v 1.24052822589874 1.35298097133636 0.331983774900436
v 1.24073946475983 1.35724377632141 0.331496804952621
v 1.24227797985077 1.34844398498535 0.328198671340942
v 1.24143445491791 1.3540700674057 0.329168140888214
v 1.2448388338089 1.34035754203796 0.326939821243286
v 1.24407422542572 1.33942246437073 0.331440061330795
v 1.24150383472443 1.3569723367691 0.329769551753998
v 1.24296760559082 1.36182987689972 0.33302766084671
v 1.25363755226135 1.35600614547729 0.332355469465256
v 1.25110745429993 1.36044275760651 0.33262038230896
v 1.25363492965698 1.35615634918213 0.329389125108719
v 1.25068283081055 1.36048460006714 0.329840898513794
v 1.24799728393555 1.36371755599976 0.333812594413757
v 1.24848580360413 1.36290597915649 0.336130738258362
v 1.24697053432465 1.33492374420166 0.325678884983063
v 1.25012218952179 1.33816766738892 0.322123467922211
v 1.24780976772308 1.34336745738983 0.323229789733887
v 1.24505269527435 1.35085809230804 0.324603110551834
v 1.25173616409302 1.34676778316498 0.322542250156403
v 1.25485491752625 1.35011029243469 0.325403094291687
v 1.25216639041901 1.35535323619843 0.326520055532455
v 1.24928343296051 1.35341095924377 0.324176818132401
v 1.24925446510315 1.35939121246338 0.32751789689064
v 1.24691319465637 1.35788094997406 0.326250642538071
v 1.24377870559692 1.35598003864288 0.327012240886688
v 1.24616241455078 1.36138761043549 0.328885734081268
v 1.24711263179779 1.36295032501221 0.331138551235199
v 1.24297070503235 1.36031651496887 0.330584585666656
v 1.24538028240204 1.35968589782715 0.327856808900833
v 1.24327027797699 1.35850536823273 0.328822016716003
v 1.27218115329742 1.34327602386475 0.308357238769531
v 1.27517330646515 1.34536337852478 0.304141044616699
v 1.27749633789062 1.33820521831512 0.303779542446136
v 1.27454054355621 1.33628749847412 0.307940542697906
v 1.27798974514008 1.34338510036469 0.32047513127327
v 1.27301526069641 1.34204626083374 0.317242026329041
v 1.27580988407135 1.33561527729034 0.317277848720551
v 1.28093087673187 1.33705151081085 0.320255398750305
v 1.28404402732849 1.34573686122894 0.318869322538376
v 1.28718590736389 1.33956229686737 0.318493634462357
v 1.2836879491806 1.32939100265503 0.319592654705048
v 1.27852284908295 1.32804358005524 0.31634122133255
v 1.2827308177948 1.3151535987854 0.312678575515747
v 1.28738045692444 1.31608498096466 0.316695928573608
v 1.28852427005768 1.31888222694397 0.295908212661743
v 1.29298675060272 1.3219256401062 0.297758013010025
v 1.27122843265533 1.34227931499481 0.312799066305161
v 1.27386522293091 1.33555662631989 0.312552154064178
v 1.2887567281723 1.3347339630127 0.301437020301819
v 1.28397750854492 1.33252704143524 0.300014644861221
v 1.28171968460083 1.34062433242798 0.30201929807663
v 1.28629088401794 1.34280943870544 0.303040474653244
v 1.2804000377655 1.31407511234283 0.303426891565323
v 1.28382170200348 1.31579029560089 0.298398226499557
v 1.2804811000824 1.31447124481201 0.308342278003693
v 1.2929505109787 1.33606123924255 0.305433541536331
v 1.29400479793549 1.33518433570862 0.311545073986053
v 1.29846334457397 1.32207107543945 0.309782832860947
v 1.29720902442932 1.32343435287476 0.303100258111954
v 1.27643811702728 1.32770049571991 0.311435967683792
v 1.27958452701569 1.32982921600342 0.301908731460571
v 1.27664935588837 1.32815420627594 0.306337058544159
v 1.29017519950867 1.33196926116943 0.317595928907394
v 1.29080426692963 1.34265542030334 0.312242656946182
v 1.28327429294586 1.35854923725128 0.309533834457397
v 1.28707218170166 1.35017454624176 0.3078673183918
v 1.28412747383118 1.34977078437805 0.30385559797287
v 1.28087532520294 1.35870599746704 0.305475920438766
v 1.28982937335968 1.3436131477356 0.306652396917343
v 1.28771448135376 1.34880590438843 0.313281714916229
v 1.26870512962341 1.35336256027222 0.309005081653595
v 1.27202665805817 1.3555371761322 0.305151849985123
v 1.26769316196442 1.3520655632019 0.313267350196838
v 1.29477512836456 1.31887102127075 0.316091269254684
v 1.27397036552429 1.35244107246399 0.320755928754807
v 1.26934003829956 1.35161519050598 0.317289769649506
v 1.27949213981628 1.34783709049225 0.302440315485001
v 1.27645146846771 1.3574492931366 0.303516507148743
v 1.28347718715668 1.35720276832581 0.314628154039383
v 1.2799825668335 1.35430717468262 0.31954950094223
v 1.28007698059082 1.36422348022461 0.315199017524719
v 1.27670431137085 1.36181831359863 0.31973585486412
v 1.2711433172226 1.3600537776947 0.321132868528366
v 1.26707243919373 1.35859966278076 0.317593455314636
v 1.26597571372986 1.35843920707703 0.313715875148773
v 1.28023171424866 1.36534094810486 0.310661613941193
v 1.27836072444916 1.36499440670013 0.306968003511429
v 1.2746524810791 1.3631865978241 0.304672479629517
v 1.27776026725769 1.37197375297546 0.311314910650253
v 1.27725863456726 1.37188935279846 0.315773844718933
v 1.26368749141693 1.3786609172821 0.32103568315506
v 1.26536405086517 1.37310123443604 0.321483433246613
v 1.26814258098602 1.37517476081848 0.321602433919907
v 1.26645910739899 1.37998378276825 0.322248220443726
v 1.26880753040314 1.36787867546082 0.321714580059052
v 1.27005064487457 1.37196052074432 0.321360886096954
v 1.27297031879425 1.37287068367004 0.320006489753723
v 1.27187812328339 1.37710309028625 0.320555210113525
v 1.27412438392639 1.37821805477142 0.317245572805405
v 1.27295017242432 1.38300943374634 0.317873537540436
v 1.27052998542786 1.38219046592712 0.321528404951096
v 1.27498376369476 1.37428760528564 0.317547529935837
v 1.26581525802612 1.38392758369446 0.322362124919891
v 1.26418948173523 1.38393688201904 0.320349812507629
v 1.27446913719177 1.36862683296204 0.320060104131699
v 1.26530718803406 1.36474323272705 0.318456083536148
v 1.26313090324402 1.37138056755066 0.31867054104805
v 1.26229596138 1.37785410881042 0.318022429943085
v 1.26327538490295 1.38335478305817 0.317071080207825
v 1.26245009899139 1.37127649784088 0.314613908529282
v 1.26197338104248 1.37786841392517 0.314599871635437
v 1.26326084136963 1.38256883621216 0.314354956150055
v 1.26343035697937 1.37219750881195 0.310372114181519
v 1.26299250125885 1.37865328788757 0.311522364616394
v 1.26567816734314 1.36422109603882 0.309920608997345
v 1.26448106765747 1.36371171474457 0.314256072044373
v 1.26376616954803 1.38184380531311 0.312474608421326
v 1.26730597019196 1.38788414001465 0.319351404905319
v 1.26625084877014 1.38698315620422 0.316168546676636
v 1.26887440681458 1.38698947429657 0.322219550609589
v 1.2748908996582 1.37817239761353 0.314602375030518
v 1.27322554588318 1.38322222232819 0.315078735351562
v 1.27550292015076 1.37826204299927 0.311893701553345
v 1.27338588237762 1.3836522102356 0.312702745199203
v 1.27123868465424 1.38744688034058 0.316811949014664
v 1.27168560028076 1.38673198223114 0.318984925746918
v 1.26714909076691 1.35924518108368 0.309633761644363
v 1.27039766311646 1.36105310916901 0.306030839681625
v 1.2687714099884 1.36604261398315 0.306147456169128
v 1.26663255691528 1.37406039237976 0.306842803955078
v 1.27307093143463 1.3680340051651 0.30517190694809
v 1.2763683795929 1.37076711654663 0.307740032672882
v 1.27413463592529 1.37742185592651 0.308826744556427
v 1.2709778547287 1.37584590911865 0.306463599205017
v 1.27189385890961 1.38272440433502 0.310271888971329
v 1.26928448677063 1.38130676746368 0.308372586965561
v 1.26575171947479 1.37987947463989 0.308871418237686
v 1.2691764831543 1.38569009304047 0.311765134334564
v 1.27044153213501 1.38726317882538 0.31418114900589
v 1.26572775840759 1.38517880439758 0.313309103250504
v 1.26796340942383 1.38392698764801 0.310153067111969
v 1.26563060283661 1.38315558433533 0.311144948005676
v 1.29417788982391 1.34426355361938 0.292441099882126
v 1.29608070850372 1.34460961818695 0.287211984395981
v 1.29762959480286 1.33850991725922 0.287225425243378
v 1.29550087451935 1.33841109275818 0.292369067668915
v 1.30154883861542 1.34589123725891 0.30138424038887
v 1.29795074462891 1.34538292884827 0.300349414348602
v 1.29915177822113 1.33911776542664 0.300671070814133
v 1.30334270000458 1.33906197547913 0.302122980356216
v 1.30631101131439 1.34697914123535 0.299298495054245
v 1.30857467651367 1.33983099460602 0.299434900283813
v 1.30486178398132 1.3322845697403 0.302216202020645
v 1.2999769449234 1.33261704444885 0.300379812717438
v 1.30167531967163 1.32249355316162 0.298804998397827
v 1.30695712566376 1.32224249839783 0.301431238651276
v 1.29526424407959 1.34491419792175 0.297143310308456
v 1.29643762111664 1.33885264396667 0.297171413898468
v 1.3060200214386 1.33301663398743 0.282969117164612
v 1.30210816860199 1.33194327354431 0.282943695783615
v 1.30122363567352 1.33930766582489 0.284261465072632
v 1.30490112304688 1.34030818939209 0.284310579299927
v 1.29800260066986 1.3195116519928 0.289231568574905
v 1.30048108100891 1.31882548332214 0.284130245447159
v 1.29869854450226 1.32129967212677 0.294235408306122
v 1.31048011779785 1.33420765399933 0.286367505788803
v 1.31315183639526 1.33402323722839 0.292609423398972
v 1.31514143943787 1.32285714149475 0.290797591209412
v 1.31193327903748 1.32215321063995 0.284737139940262
v 1.29697239398956 1.33242130279541 0.296378999948502
v 1.29817378520966 1.33136606216431 0.285896867513657
v 1.29602110385895 1.33156299591064 0.291292756795883
v 1.31057381629944 1.33273553848267 0.299106776714325
v 1.31119394302368 1.34091579914093 0.293220102787018
v 1.30467212200165 1.3578999042511 0.289186805486679
v 1.30746412277222 1.34776139259338 0.287896782159805
v 1.30375504493713 1.3468964099884 0.284351766109467
v 1.30178475379944 1.35723090171814 0.28568509221077
v 1.30911731719971 1.34121990203857 0.287224054336548
v 1.30890321731567 1.34792768955231 0.293749153614044
v 1.29205179214478 1.35367810726166 0.292063981294632
v 1.29415893554688 1.35427057743073 0.287459015846252
v 1.2929013967514 1.35418832302094 0.296520948410034
v 1.31320703029633 1.32254576683044 0.298282980918884
v 1.30788660049438 1.32078564167023 0.280606806278229
v 1.29843389987946 1.35570323467255 0.300924628973007
v 1.29515743255615 1.35493075847626 0.29978808760643
v 1.29983758926392 1.34556233882904 0.283987104892731
v 1.29794669151306 1.35555720329285 0.284716367721558
v 1.30565929412842 1.35782754421234 0.294359773397446
v 1.30311107635498 1.3566370010376 0.299406737089157
v 1.30369746685028 1.36460280418396 0.294634431600571
v 1.30093085765839 1.36347901821136 0.29934149980545
v 1.29643845558167 1.36272704601288 0.301097929477692
v 1.29321777820587 1.36156916618347 0.299436450004578
v 1.2914514541626 1.36042475700378 0.296100646257401
v 1.30270516872406 1.36480319499969 0.2898088991642
v 1.30023241043091 1.36381769180298 0.286833196878433
v 1.29672360420227 1.36144161224365 0.285588622093201
v 1.30150556564331 1.36988735198975 0.289882928133011
v 1.30178809165955 1.37061333656311 0.294758588075638
v 1.29052519798279 1.37974154949188 0.301004588603973
v 1.29165625572205 1.37479686737061 0.301071137189865
v 1.29380989074707 1.37580299377441 0.300509184598923
v 1.29286825656891 1.38035297393799 0.301133513450623
v 1.29471158981323 1.36935937404633 0.301160931587219
v 1.29544377326965 1.37247467041016 0.30054646730423
v 1.29838252067566 1.37252831459045 0.299147695302963
v 1.29749166965485 1.37680435180664 0.299488872289658
v 1.29944860935211 1.37651753425598 0.295575320720673
v 1.29844903945923 1.38093173503876 0.29584926366806
v 1.29639041423798 1.38132059574127 0.299761593341827
v 1.30029237270355 1.37317752838135 0.296511948108673
v 1.29264867305756 1.3835357427597 0.301043212413788
v 1.29082190990448 1.38385581970215 0.300269186496735
v 1.29939997196198 1.368936419487 0.299268424510956
v 1.29137563705444 1.36704289913177 0.299427330493927
v 1.28932344913483 1.37299680709839 0.299314975738525
v 1.28835654258728 1.37879085540771 0.298973709344864
v 1.28912615776062 1.38281059265137 0.297752201557159
v 1.2882262468338 1.37168884277344 0.295915722846985
v 1.28746151924133 1.37745642662048 0.295712023973465
v 1.28831136226654 1.38106310367584 0.294874757528305
v 1.28855550289154 1.3709169626236 0.292126804590225
v 1.28791034221649 1.3767466545105 0.292531162500381
v 1.29025065898895 1.36451125144958 0.292085319757462
v 1.28999841213226 1.36541938781738 0.295940309762955
v 1.288498878479 1.37969434261322 0.292940109968185
v 1.29365217685699 1.38588929176331 0.2978835105896
v 1.29205048084259 1.38495111465454 0.294988244771957
v 1.29532337188721 1.38496959209442 0.299751937389374
v 1.30025267601013 1.37590599060059 0.292961865663528
v 1.29869842529297 1.38055729866028 0.293172270059586
v 1.29952085018158 1.37514615058899 0.289934545755386
v 1.29775595664978 1.38016605377197 0.290669143199921
v 1.29689490795135 1.38427257537842 0.294694483280182
v 1.29736030101776 1.38399147987366 0.296647250652313
v 1.29125869274139 1.3596568107605 0.292101860046387
v 1.29329264163971 1.35980355739594 0.288042157888412
v 1.29217100143433 1.3645703792572 0.288324862718582
v 1.29055571556091 1.37139868736267 0.288464725017548
v 1.29548931121826 1.36595582962036 0.285993427038193
v 1.29886293411255 1.36843693256378 0.287199348211288
v 1.29736709594727 1.37403845787048 0.287646114826202
v 1.29412162303925 1.37247228622437 0.286559134721756
v 1.29585158824921 1.37912738323212 0.288707613945007
v 1.29308915138245 1.37798070907593 0.287796020507812
v 1.28988993167877 1.37715673446655 0.289493709802628
v 1.29390799999237 1.38229119777679 0.290385395288467
v 1.29562211036682 1.38364923000336 0.292258590459824
v 1.29084455966949 1.38285338878632 0.292671710252762
v 1.29245233535767 1.3806380033493 0.289371639490128
v 1.29015576839447 1.38050675392151 0.291081517934799
v 1.30441808700562 1.31926321983337 0.281242668628693
v 1.31908142566681 1.33220148086548 0.26709046959877
v 1.32017207145691 1.3312201499939 0.263273298740387
v 1.32014667987823 1.32646346092224 0.264261513948441
v 1.31917309761047 1.32732224464417 0.267914086580276
v 1.32671439647675 1.33477187156677 0.274238407611847
v 1.32255113124847 1.33445167541504 0.273891389369965
v 1.32254922389984 1.32917380332947 0.275171309709549
v 1.32711911201477 1.32933783531189 0.275819033384323
v 1.33083891868591 1.33418214321136 0.270598232746124
v 1.3315737247467 1.32867729663849 0.272071301937103
v 1.32660627365112 1.3229044675827 0.276959776878357
v 1.32175731658936 1.32305824756622 0.276148706674576
v 1.32083785533905 1.31330633163452 0.277131825685501
v 1.32592225074768 1.31227874755859 0.278640508651733
v 1.32614505290985 1.30298793315887 0.26149195432663
v 1.32160615921021 1.30235695838928 0.262299716472626
v 1.32155740261078 1.31028652191162 0.261815011501312
v 1.32577586174011 1.30995452404022 0.260544896125793
v 1.32001328468323 1.33340513706207 0.270927876234055
v 1.31982183456421 1.32839643955231 0.271949678659439
v 1.32584547996521 1.32020282745361 0.260038614273071
v 1.32192158699036 1.32053637504578 0.261436551809311
v 1.32254886627197 1.32599329948425 0.261234521865845
v 1.32609605789185 1.32596373558044 0.259772688150406
v 1.31748461723328 1.30323576927185 0.264898896217346
v 1.31443440914154 1.30507516860962 0.269106149673462
v 1.31694555282593 1.31169259548187 0.269100725650787
v 1.31846594810486 1.31108820438385 0.264760583639145
v 1.31770801544189 1.31293249130249 0.272896319627762
v 1.32991075515747 1.32037103176117 0.261700958013535
v 1.33244287967682 1.32129645347595 0.266739249229431
v 1.33278369903564 1.31003904342651 0.267262905836105
v 1.32974004745483 1.3100278377533 0.262380421161652
v 1.31913661956787 1.3226922750473 0.272489309310913
v 1.31928491592407 1.32104623317719 0.264529168605804
v 1.31815874576569 1.32183408737183 0.268653184175491
v 1.33155536651611 1.32206737995148 0.273353844881058
v 1.33230018615723 1.32771277427673 0.266017526388168
v 1.32924127578735 1.33866667747498 0.259085536003113
v 1.32991635799408 1.33159863948822 0.260228931903839
v 1.32632684707642 1.33075737953186 0.258433759212494
v 1.32621169090271 1.33762574195862 0.25728514790535
v 1.32994961738586 1.32654237747192 0.261256664991379
v 1.33185279369354 1.33300030231476 0.264830112457275
v 1.31860435009003 1.33905184268951 0.265943378210068
v 1.3197854757309 1.33770442008972 0.26199272274971
v 1.31957864761353 1.34024572372437 0.269495874643326
v 1.33193731307983 1.31097185611725 0.275530993938446
v 1.3257520198822 1.34175372123718 0.272602915763855
v 1.321861743927 1.34137606620789 0.272064954042435
v 1.32265675067902 1.3306987285614 0.26008328795433
v 1.32266783714294 1.33730792999268 0.258721023797989
v 1.33093929290771 1.34007430076599 0.263488233089447
v 1.32970428466797 1.34109675884247 0.269192069768906
v 1.33035802841187 1.3459050655365 0.262504786252975
v 1.32918381690979 1.3468199968338 0.268211394548416
v 1.32500183582306 1.34719979763031 0.271472126245499
v 1.32130694389343 1.34635043144226 0.2712022960186
v 1.31924653053284 1.34479439258575 0.268594801425934
v 1.32869899272919 1.34447348117828 0.258200705051422
v 1.32578122615814 1.34311497211456 0.256964504718781
v 1.32257640361786 1.34217154979706 0.258439660072327
v 1.32793378829956 1.34927415847778 0.258261054754257
v 1.32949018478394 1.35142052173615 0.262480944395065
v 1.32097184658051 1.36112093925476 0.26876762509346
v 1.32172238826752 1.35708904266357 0.269681513309479
v 1.32382786273956 1.35764682292938 0.268793046474457
v 1.32317042350769 1.36122119426727 0.268726229667664
v 1.32410931587219 1.35239827632904 0.270233929157257
v 1.32540082931519 1.35436058044434 0.269101470708847
v 1.32784759998322 1.35362184047699 0.267083019018173
v 1.32703578472137 1.35747516155243 0.267238020896912
v 1.32875514030457 1.35648989677429 0.263091683387756
v 1.32761740684509 1.36080849170685 0.262950927019119
v 1.32660317420959 1.36141169071198 0.267089247703552
v 1.32892298698425 1.35408449172974 0.26441365480423
v 1.32332348823547 1.36397063732147 0.268502295017242
v 1.32157170772552 1.36447691917419 0.267753839492798
v 1.32825303077698 1.35113430023193 0.267550349235535
v 1.32088506221771 1.35083878040314 0.270136922597885
v 1.31968450546265 1.35610401630402 0.269207835197449
v 1.31911218166351 1.36091709136963 0.267792463302612
v 1.31990587711334 1.36399841308594 0.265798389911652
v 1.31848931312561 1.35438132286072 0.267194598913193
v 1.31808376312256 1.3595974445343 0.265851080417633
v 1.31898784637451 1.36247646808624 0.263975918292999
v 1.31819450855255 1.35268247127533 0.264241605997086
v 1.31800580024719 1.35806572437286 0.263440370559692
v 1.31861019134521 1.34723663330078 0.264649152755737
v 1.31906747817993 1.3490777015686 0.267991095781326
v 1.31856083869934 1.36097645759583 0.262856543064117
v 1.32393765449524 1.36554133892059 0.264729768037796
v 1.32188713550568 1.36474180221558 0.263021498918533
v 1.32604551315308 1.36471402645111 0.266490876674652
v 1.32837665081024 1.3559365272522 0.260681450366974
v 1.32710361480713 1.36056566238403 0.260325253009796
v 1.32688307762146 1.35427856445312 0.258100539445877
v 1.3252637386322 1.35964047908783 0.25836506485939
v 1.32579874992371 1.36385989189148 0.26167905330658
v 1.3271142244339 1.36361038684845 0.263325989246368
v 1.31860089302063 1.34335172176361 0.265220701694489
v 1.31986248493195 1.34223115444183 0.261453121900558
v 1.31964790821075 1.34614229202271 0.261001139879227
v 1.31909251213074 1.35157656669617 0.260756969451904
v 1.32216644287109 1.34633207321167 0.25808185338974
v 1.32520985603333 1.34748780727386 0.25696462392807
v 1.32437038421631 1.35314130783081 0.257009416818619
v 1.32133424282074 1.35199129581451 0.257800370454788
v 1.32308578491211 1.35856580734253 0.257918417453766
v 1.32068872451782 1.3576842546463 0.258551836013794
v 1.31884384155273 1.35735177993774 0.26081782579422
v 1.32175898551941 1.36197030544281 0.259862929582596
v 1.3236790895462 1.36325311660767 0.260340929031372
v 1.32036471366882 1.36307907104492 0.262004613876343
v 1.32046604156494 1.36068081855774 0.259853333234787
v 1.31939578056335 1.36106777191162 0.261367738246918
v 1.32949650287628 1.30401432514191 0.26288565993309
v 1.2527904510498 1.25332927703857 0.328331887722015
v 1.2537499666214 1.25697779655457 0.324215769767761
v 1.2459477186203 1.25065326690674 0.311733186244965
v 1.24963140487671 1.25584864616394 0.314195454120636
v 1.24314892292023 1.2447407245636 0.313220798969269
v 1.24266874790192 1.24027335643768 0.322743803262711
v 1.24199438095093 1.24151372909546 0.31768137216568
v 1.25261270999908 1.25814628601074 0.319362342357635
v 1.24997770786285 1.24792456626892 0.33063793182373
v 1.24567925930023 1.2423300743103 0.328210949897766
v 1.24176752567291 1.25331676006317 0.333659648895264
v 1.23708772659302 1.2478893995285 0.331403166055679
v 1.23380994796753 1.24522829055786 0.325599670410156
v 1.23444652557373 1.24600148200989 0.3197261095047
v 1.23664963245392 1.2486537694931 0.315141767263412
v 1.24559462070465 1.25811171531677 0.331403255462646
v 1.2476099729538 1.26114249229431 0.326718688011169
v 1.24661755561829 1.26139318943024 0.3206966817379
v 1.23861634731293 1.26261675357819 0.334029108285904
v 1.23260724544525 1.26034808158875 0.337036043405533
v 1.2167991399765 1.25807285308838 0.330996423959732
v 1.22046744823456 1.25496280193329 0.329146295785904
v 1.22090113162994 1.25586545467377 0.333213955163956
v 1.21767425537109 1.25761556625366 0.334929168224335
v 1.22554111480713 1.25184988975525 0.328686565160751
v 1.22368764877319 1.25469505786896 0.332740485668182
v 1.22585964202881 1.25701558589935 0.336152374744415
v 1.22324526309967 1.2581148147583 0.337871313095093
v 1.22793221473694 1.26007401943207 0.338301807641983
v 1.22624146938324 1.26207649707794 0.340215384960175
v 1.21986782550812 1.25962913036346 0.33965539932251
v 1.21525895595551 1.25983810424805 0.336779713630676
v 1.21672737598419 1.26195776462555 0.340332716703415
v 1.2142139673233 1.26138019561768 0.334093451499939
v 1.22946059703827 1.25495946407318 0.334007084369659
v 1.22725522518158 1.25049221515656 0.322031617164612
v 1.22123420238495 1.25521349906921 0.324629724025726
v 1.21705746650696 1.25979971885681 0.32752138376236
v 1.21521711349487 1.264000415802 0.331008404493332
v 1.22348093986511 1.25808775424957 0.32037752866745
v 1.21946310997009 1.26299047470093 0.324801355600357
v 1.21807813644409 1.26604282855988 0.328771859407425
v 1.22740256786346 1.26217591762543 0.319567531347275
v 1.22262406349182 1.26589465141296 0.324615567922592
v 1.23477244377136 1.25666630268097 0.31529027223587
v 1.2302280664444 1.25247466564178 0.316936433315277
v 1.22053384780884 1.26733994483948 0.327613741159439
v 1.21520960330963 1.26529836654663 0.338284999132156
v 1.21690666675568 1.26776623725891 0.334823697805405
v 1.22906899452209 1.26504182815552 0.339088678359985
v 1.22308433055878 1.26369142532349 0.341731488704681
v 1.22493815422058 1.26740205287933 0.340481042861938
v 1.23221075534821 1.26753258705139 0.336377441883087
v 1.22647297382355 1.27001237869263 0.337490111589432
v 1.22024297714233 1.26772367954254 0.340742021799088
v 1.21983814239502 1.2644270658493 0.342347055673599
v 1.2403005361557 1.25311243534088 0.313516229391098
v 1.24371814727783 1.25809395313263 0.315900474786758
v 1.23885488510132 1.26156723499298 0.317852407693863
v 1.23166215419769 1.26609206199646 0.322095513343811
v 1.2417665719986 1.26464009284973 0.323344379663467
v 1.24169933795929 1.26514983177185 0.329656600952148
v 1.23396122455597 1.26958155632019 0.332229465246201
v 1.23392343521118 1.26945543289185 0.326822102069855
v 1.22731173038483 1.2713418006897 0.333809733390808
v 1.22714602947235 1.27068758010864 0.329749315977097
v 1.22531771659851 1.26857590675354 0.326506525278091
v 1.22256803512573 1.270663022995 0.333712607622147
v 1.22121274471283 1.26999974250793 0.337314993143082
v 1.21935153007507 1.26871776580811 0.331855714321136
v 1.22359800338745 1.27038908004761 0.331116169691086
v 1.22182810306549 1.2689733505249 0.329439133405685
v 1.32149887084961 1.29595112800598 0.261265188455582
v 1.31609189510345 1.29626512527466 0.264382392168045
v 1.31687164306641 1.28836369514465 0.26322415471077
v 1.31854569911957 1.27906680107117 0.26183146238327
v 1.32574152946472 1.27245199680328 0.259184658527374
v 1.31380438804626 1.27798390388489 0.26672774553299
v 1.31222343444824 1.28749895095825 0.267835706472397
v 1.31089758872986 1.29764199256897 0.26995176076889
v 1.31146514415741 1.26966869831085 0.270487487316132
v 1.06148183345795 1.34657180309296 0.444825232028961
v 1.05777156352997 1.34729731082916 0.444683074951172
v 1.06127464771271 1.34053170681 0.446987301111221
v 1.06433737277985 1.341059923172 0.447016298770905
v 1.05387854576111 1.34032237529755 0.448505580425262
v 1.05777859687805 1.3400262594223 0.447069108486176
v 1.05308043956757 1.34790229797363 0.445871293544769
v 1.04853248596191 1.34773588180542 0.448893010616302
v 1.0435574054718 1.34444642066956 0.455948054790497
v 1.04223823547363 1.3429948091507 0.456907898187637
v 1.04275465011597 1.34195923805237 0.456317842006683
v 1.04458475112915 1.34183955192566 0.455081462860107
v 1.04728496074677 1.34115695953369 0.45251601934433
v 1.06800901889801 1.34401559829712 0.447418212890625
v 1.06670808792114 1.34499788284302 0.446593225002289
v 1.0644189119339 1.34586942195892 0.44552356004715
v 1.05032730102539 1.34062194824219 0.450165152549744
v 1.06667172908783 1.34196639060974 0.447503209114075
v 1.06794893741608 1.34294354915619 0.447797954082489
v 1.0455162525177 1.34669041633606 0.452667623758316
v 1.05384576320648 1.34260845184326 0.447656840085983
v 1.0578248500824 1.34246838092804 0.446517944335938
v 1.05371689796448 1.34528923034668 0.446645587682724
v 1.04959309101105 1.34533333778381 0.448908358812332
v 1.0456018447876 1.34296488761902 0.453695565462112
v 1.04741656780243 1.3428817987442 0.451764225959778
v 1.06124234199524 1.34248232841492 0.446441292762756
v 1.05026495456696 1.34279036521912 0.449445724487305
v 1.05794107913971 1.34493851661682 0.44561892747879
v 1.04669916629791 1.34486508369446 0.45178359746933
v 1.04517078399658 1.34411644935608 0.45391571521759
v 1.0670485496521 1.34371221065521 0.447329998016357
v 1.06704044342041 1.34324073791504 0.447418391704559
v 1.05986261367798 1.13325345516205 0.494577348232269
v 1.05546188354492 1.11800765991211 0.485782563686371
v 1.06132400035858 1.34450936317444 0.445787012577057
v 1.0658677816391 1.34296882152557 0.447059392929077
v 1.06390249729156 1.34268665313721 0.446705937385559
v 1.06402671337128 1.34429442882538 0.446296989917755
v 1.06595611572266 1.34401178359985 0.446855187416077
v 1.30046617984772 1.06887996196747 0.397066712379456
v 1.31095886230469 1.08302795886993 0.398570686578751
v 1.35261869430542 1.09055984020233 0.433064103126526
v 1.35882139205933 1.07898902893066 0.450860351324081
v 1.06793117523193 0.844690680503845 0.400525003671646
v 1.20107388496399 0.879776537418365 0.569006145000458
v 1.20725107192993 0.898705065250397 0.572010695934296
v 1.14621305465698 0.898103415966034 0.625393569469452
v 1.16362142562866 0.893241882324219 0.616193175315857
v 1.1779305934906 0.867685794830322 0.452955573797226
v 1.17843461036682 0.886139869689941 0.45488178730011
v 1.11495089530945 0.863309502601624 0.418606460094452
v 1.11592721939087 0.883706152439117 0.421458393335342
v 1.15975832939148 0.846583843231201 0.434544414281845
v 1.1726199388504 0.84865415096283 0.593235015869141
v 1.18604695796967 0.846208572387695 0.578023672103882
v 1.1874783039093 0.865132868289948 0.582489013671875
v 1.17497253417969 0.86821973323822 0.598351836204529
v 1.12762033939362 0.902209758758545 0.62898051738739
v 1.12233209609985 0.880068421363831 0.622908413410187
v 1.19682061672211 0.906071245670319 0.47443425655365
v 1.21017324924469 0.906536281108856 0.497759819030762
v 1.21705710887909 0.912122488021851 0.548655033111572
v 1.21218764781952 0.917444169521332 0.571826577186584
v 1.20256352424622 0.924868285655975 0.591269731521606
v 1.18955314159393 0.932515680789948 0.607911884784698
v 1.09603941440582 0.905506372451782 0.416177064180374
v 1.07620561122894 0.92683207988739 0.416884511709213
v 1.1787291765213 0.90583211183548 0.455111563205719
v 1.02792024612427 0.910514771938324 0.4175925552845
v 1.18252062797546 0.96352356672287 0.624419808387756
v 1.16349267959595 0.968090951442719 0.637377560138702
v 1.21694719791412 0.908412277698517 0.523122429847717
v 1.05490946769714 1.07770562171936 0.454552173614502
v 1.07117259502411 1.07955169677734 0.446682244539261
v 1.06537771224976 1.06408834457397 0.43805468082428
v 1.04973077774048 1.06111788749695 0.446945250034332
v 1.08068227767944 1.06530392169952 0.431020140647888
v 1.09630119800568 1.06530320644379 0.425856709480286
v 1.1111946105957 1.06462836265564 0.422403067350388
v 1.14835178852081 1.05782449245453 0.42059725522995
v 1.13730752468109 1.06073522567749 0.420107066631317
v 1.16770279407501 1.04852056503296 0.425512403249741
v 1.15827810764313 1.05405962467194 0.422458529472351
v 1.17678701877594 1.0382741689682 0.430503606796265
v 1.18595027923584 1.0261127948761 0.439158409833908
v 1.20101201534271 1.02766108512878 0.456963300704956
v 1.19555127620697 1.01351237297058 0.450881659984589
v 1.17973697185516 1.01296269893646 0.433054357767105
v 1.16991066932678 1.02561354637146 0.424408912658691
v 1.16043174266815 1.03528201580048 0.419347077608109
v 1.02941954135895 0.995460391044617 0.439831614494324
v 1.02919983863831 1.0191490650177 0.444053173065186
v 1.06286716461182 1.14814496040344 0.502494513988495
v 1.42220509052277 1.04878604412079 0.302517354488373
v 1.33816766738892 1.16390883922577 0.328554332256317
v 1.15109288692474 1.16294026374817 0.636577844619751
v 1.16581249237061 1.16722023487091 0.629421234130859
v 1.21041226387024 1.17857193946838 0.592835485935211
v 1.21663188934326 1.1868622303009 0.570731103420258
v 1.19818520545959 1.17022287845612 0.610887229442596
v 1.18348455429077 1.16242384910583 0.623885095119476
v 1.15674352645874 0.923845708370209 0.441539019346237
v 1.17180347442627 1.13106489181519 0.637904167175293
v 1.18656504154205 1.15124869346619 0.627400636672974
v 1.20283615589142 1.15888833999634 0.614777207374573
v 1.21793150901794 1.16711497306824 0.595958352088928
v 1.22874987125397 1.1760333776474 0.570961952209473
v 1.23853266239166 1.17285084724426 0.557817280292511
v 1.25724041461945 1.15185177326202 0.551177084445953
v 1.26487922668457 1.14988744258881 0.541711151599884
v 1.27434313297272 1.14751315116882 0.532337009906769
v 1.27262604236603 1.16271603107452 0.52083021402359
v 1.26202154159546 1.16516101360321 0.530105471611023
v 1.33917260169983 1.09453880786896 0.475758194923401
v 1.34760236740112 1.07886862754822 0.469306290149689
v 1.35215044021606 1.06326818466187 0.469050735235214
v 1.35198247432709 1.04860186576843 0.470327973365784
v 1.34581911563873 1.03655576705933 0.473464161157608
v 1.33426129817963 1.02845966815948 0.478118896484375
v 1.32017016410828 1.02728760242462 0.48479026556015
v 1.28248393535614 1.04059517383575 0.502654433250427
v 1.27213287353516 1.04734468460083 0.509915769100189
v 1.25551474094391 1.03751754760742 0.53413587808609
v 1.25354874134064 1.03090345859528 0.540136814117432
v 1.24351370334625 1.00593674182892 0.557685554027557
v 1.23711204528809 0.991483271121979 0.567063808441162
v 1.22877144813538 0.976452708244324 0.576925039291382
v 1.18089008331299 0.752030730247498 0.600280523300171
v 1.19647932052612 0.753036141395569 0.584485709667206
v 1.19262290000916 0.770523905754089 0.580224275588989
v 1.17667412757874 0.769459426403046 0.595612764358521
v 1.13535523414612 0.808782160282135 0.60709023475647
v 1.11453187465668 0.809669077396393 0.61303299665451
v 1.21613144874573 0.768575191497803 0.513848602771759
v 1.21203660964966 0.765040993690491 0.488536417484283
v 1.20559251308441 0.77126944065094 0.560748636722565
v 1.21353256702423 0.770265638828278 0.53867381811142
v 1.20121455192566 0.759530663490295 0.464506566524506
v 1.11906576156616 0.73217511177063 0.409347653388977
v 1.0947732925415 0.7277871966362 0.402504682540894
v 1.04806911945343 0.723777413368225 0.397177755832672
v 1.02687573432922 0.723453402519226 0.399148523807526
v 1.18534696102142 0.752178430557251 0.444579750299454
v 1.07091987133026 0.724940121173859 0.398321866989136
v 1.16610908508301 0.744189739227295 0.429469913244247
v 1.14348554611206 0.73733788728714 0.418107092380524
v 1.15461158752441 0.808261573314667 0.598858952522278
v 1.15663695335388 0.787727355957031 0.60231351852417
v 1.17353713512421 0.788220107555389 0.591543078422546
v 1.17278623580933 1.03413116931915 0.645056128501892
v 1.19008839130402 1.03665411472321 0.636833190917969
v 1.2073301076889 1.04092240333557 0.627871513366699
v 1.22184813022614 1.06352841854095 0.621523499488831
v 1.22245347499847 1.04681551456451 0.617466568946838
v 1.23563027381897 1.0534166097641 0.604174435138702
v 1.23366045951843 1.06953012943268 0.608746767044067
v 1.24921751022339 1.0768233537674 0.577946364879608
v 1.24840474128723 1.06548631191254 0.575057685375214
v 1.25387406349182 1.0686160326004 0.564375221729279
v 1.2557247877121 1.07917904853821 0.567063391208649
v 1.26063907146454 1.07010614871979 0.555288553237915
v 1.26770532131195 1.07026934623718 0.544973611831665
v 1.27516233921051 1.06928527355194 0.533807337284088
v 1.28508067131042 1.06657004356384 0.5240558385849
v 1.29154479503632 1.08844554424286 0.529068231582642
v 1.28125309944153 1.09099566936493 0.538604915142059
v 1.25056731700897 1.09017181396484 0.578503251075745
v 1.24230575561523 1.08846914768219 0.594264626502991
v 1.172203540802 1.06870126724243 0.644478261470795
v 1.15557253360748 1.06545209884644 0.649729251861572
v 1.2074693441391 1.00685667991638 0.464984238147736
v 1.22047185897827 1.00105488300323 0.479571908712387
v 1.23093461990356 0.998301148414612 0.494500279426575
v 1.23823606967926 0.998568654060364 0.508948087692261
v 1.24434494972229 1.00176346302032 0.523408114910126
v 1.24715268611908 1.00758624076843 0.537763774394989
v 1.25121295452118 1.02346456050873 0.545579254627228
v 1.2479190826416 1.01527559757233 0.55111426115036
v 1.25088047981262 1.03256034851074 0.555606961250305
v 1.24760627746582 1.02477312088013 0.562803030014038
v 1.24642813205719 1.03547418117523 0.573179841041565
v 1.24429202079773 1.04707586765289 0.582464396953583
v 1.24243760108948 1.06024444103241 0.589643895626068
v 1.24201226234436 1.07410502433777 0.59384822845459
v 1.2328554391861 1.08621370792389 0.610180497169495
v 1.22164559364319 1.0817803144455 0.622835159301758
v 1.20629596710205 1.0954464673996 0.630741596221924
v 1.20634198188782 1.11262571811676 0.628353595733643
v 1.20615017414093 1.07683634757996 0.631500244140625
v 1.20674633979797 1.05809354782104 0.631221890449524
v 1.18470573425293 1.20325183868408 0.584325611591339
v 1.17438089847565 1.19760835170746 0.601195216178894
v 1.31943202018738 1.04249930381775 0.492722272872925
v 1.31463146209717 1.03870224952698 0.493428230285645
v 1.31728625297546 1.03407001495361 0.489934265613556
v 1.32668709754944 1.03696322441101 0.486345767974854
v 1.33469319343567 1.04395699501038 0.483576953411102
v 1.32877087593079 1.05913710594177 0.49127721786499
v 1.32505238056183 1.04920959472656 0.491401344537735
v 1.33949112892151 1.05452132225037 0.481563299894333
v 1.34046566486359 1.06696975231171 0.481208175420761
v 1.33032262325287 1.0702919960022 0.491689652204514
v 1.33861517906189 1.07963609695435 0.482525080442429
v 1.33031487464905 1.08088839054108 0.492359220981598
v 1.33367395401001 1.09122014045715 0.486902981996536
v 1.3290958404541 1.08871936798096 0.493355512619019
v 1.30626511573792 1.10597193241119 0.517590343952179
v 1.31509065628052 1.10045337677002 0.509195327758789
v 1.32337045669556 1.09400391578674 0.500243663787842
v 1.29509603977203 1.0617014169693 0.515213251113892
v 1.30549883842468 1.05824661254883 0.507376432418823
v 1.3156590461731 1.05385553836823 0.499538511037827
v 1.31874120235443 1.06368231773376 0.500301122665405
v 1.30894589424133 1.0677592754364 0.509025037288666
v 1.29906749725342 1.07161521911621 0.517759621143341
v 1.17290318012238 1.0517692565918 0.645696461200714
v 1.189497590065 1.05482196807861 0.639316439628601
v 1.26299715042114 1.08046281337738 0.557258188724518
v 1.2699031829834 1.08069407939911 0.548162817955017
v 1.27818655967712 1.07967758178711 0.537763118743896
v 1.28891777992249 1.0768655538559 0.527171850204468
v 1.27316164970398 1.09211182594299 0.548377633094788
v 1.26533770561218 1.09231281280518 0.557895064353943
v 1.25738573074341 1.09168303012848 0.567688465118408
v 1.1897451877594 1.07272338867188 0.638690710067749
v 1.1566162109375 1.04897201061249 0.651620984077454
v 1.23131573200226 1.14635121822357 0.446223556995392
v 1.24339735507965 1.16532802581787 0.458673357963562
v 1.25793695449829 1.17504191398621 0.478219270706177
v 1.26820480823517 1.17369699478149 0.501169562339783
v 1.3944411277771 0.969306111335754 0.344316601753235
v 1.11858522891998 0.857745409011841 0.617463648319244
v 1.11591064929962 0.835410177707672 0.612859487533569
v 1.13564014434814 0.832843959331512 0.608798325061798
v 1.14560925960541 0.970571875572205 0.644946098327637
v 1.15718424320221 1.03236520290375 0.652326762676239
v 1.11181247234344 1.03499948978424 0.405670464038849
v 1.09918653964996 1.03669619560242 0.407321780920029
v 1.10431575775146 1.05073034763336 0.413969874382019
v 1.11755156517029 1.0490870475769 0.412412464618683
v 1.13472521305084 1.0309511423111 0.407491266727448
v 1.12392807006836 1.03319180011749 0.405857354402542
v 1.12981748580933 1.04695820808411 0.412493288516998
v 1.14087116718292 1.04437398910522 0.413516819477081
v 1.14472913742065 1.02753663063049 0.409973382949829
v 1.15092706680298 1.04094195365906 0.415819227695465
v 1.11956977844238 1.01831352710724 0.401129692792892
v 1.10777676105499 1.02008414268494 0.400550603866577
v 1.09561789035797 1.02187776565552 0.402384281158447
v 1.13982486724854 1.01436853408813 0.405986070632935
v 1.13059103488922 1.01668858528137 0.403199285268784
v 1.0394127368927 1.2279132604599 0.485635161399841
v 1.03191447257996 1.23104751110077 0.472054243087769
v 1.01799416542053 1.27111649513245 0.455387622117996
v 1.01850032806396 1.2757682800293 0.456345319747925
v 1.06653416156769 1.16834676265717 0.516167342662811
v 1.06659913063049 1.17752718925476 0.519273102283478
v 1.03149318695068 1.03956055641174 0.449540644884109
v 1.03920388221741 1.07468295097351 0.462839037179947
v 1.04566586017609 1.08717608451843 0.470319896936417
v 1.05076050758362 1.10237240791321 0.477531969547272
v 1.06561434268951 1.15947735309601 0.50970059633255
v 1.03504610061646 1.0573445558548 0.456164717674255
v 1.22414457798004 0.580717265605927 0.570083856582642
v 1.20993435382843 0.566097021102905 0.594445586204529
v 1.21653711795807 0.59315299987793 0.588011741638184
v 1.20603549480438 0.58219712972641 0.604962110519409
v 1.22486138343811 0.659814596176147 0.553691387176514
v 1.22396147251129 0.634056568145752 0.562955737113953
v 1.2273211479187 0.687579154968262 0.548101246356964
v 1.18989169597626 0.576106548309326 0.622690856456757
v 1.1670618057251 0.57483446598053 0.636990249156952
v 1.16960501670837 0.595863580703735 0.642714858055115
v 1.21972191333771 0.687693476676941 0.575569033622742
v 1.21814870834351 0.660930156707764 0.580608487129211
v 1.212078332901 0.601209759712219 0.598172545433044
v 1.221834897995 0.610979020595551 0.574162542819977
v 1.21429622173309 0.615465581417084 0.593308746814728
v 1.19005155563354 0.595396220684052 0.627806901931763
v 1.20420265197754 0.597548484802246 0.611337244510651
v 1.14446067810059 0.749825477600098 0.623042166233063
v 1.12322163581848 0.733112215995789 0.640900552272797
v 1.1485447883606 0.731808066368103 0.631152749061584
v 1.20924055576324 0.754116892814636 0.563884198665619
v 1.20167326927185 0.733869433403015 0.589632511138916
v 1.20487856864929 0.615482687950134 0.611338913440704
v 1.19140648841858 0.616363525390625 0.629706680774689
v 1.17154264450073 0.61831259727478 0.646525740623474
v 1.17540776729584 0.690085172653198 0.635810732841492
v 1.1748982667923 0.667481064796448 0.642634987831116
v 1.19340264797211 0.664540708065033 0.62556266784668
v 1.1939685344696 0.688763797283173 0.619098961353302
v 1.20642340183258 0.712082922458649 0.594854891300201
v 1.20831596851349 0.687801122665405 0.59926038980484
v 1.17351567745209 0.712027192115784 0.628367006778717
v 1.19176292419434 0.712052226066589 0.613168060779572
v 1.186518907547 0.73292863368988 0.607046008110046
v 1.20800971984863 0.661910891532898 0.604372143745422
v 1.14741063117981 0.64666736125946 0.66031402349472
v 1.17333161830902 0.642795562744141 0.646924316883087
v 1.11795997619629 0.64965558052063 0.667491912841797
v 1.16923856735229 0.732203006744385 0.620295882225037
v 1.16359150409698 0.751001536846161 0.612294793128967
v 1.15914690494537 0.769210815429688 0.606521725654602
v 1.15496635437012 0.830310821533203 0.600242793560028
v 1.16688787937164 0.349630951881409 0.460270464420319
v 1.04189133644104 0.530732750892639 0.518446862697601
v 1.04535388946533 0.53575325012207 0.542519569396973
v 1.20951056480408 0.608189105987549 0.452244877815247
v 1.23369073867798 0.595103561878204 0.522587299346924
v 1.22868883609772 0.60335636138916 0.551583349704742
v 1.05751633644104 0.532837629318237 0.453532755374908
v 1.04531574249268 0.527639865875244 0.476725101470947
v 1.18709862232208 0.599450409412384 0.432470113039017
v 1.13208842277527 0.561752676963806 0.417059719562531
v 1.04138100147247 0.527412533760071 0.497882485389709
v 1.21639788150787 0.636657297611237 0.586769163608551
v 1.20641565322876 0.637436628341675 0.60855358839035
v 1.19236469268799 0.639470815658569 0.628893375396729
v 1.14520633220673 0.622272491455078 0.659671485424042
v 1.11454558372498 0.626762628555298 0.666275978088379
v 1.03628993034363 0.582746207714081 0.431205093860626
v 1.03020036220551 0.593425035476685 0.427147626876831
v 1.02048993110657 0.592487990856171 0.429273843765259
v 1.02341139316559 0.578036248683929 0.436514645814896
v 1.11891973018646 0.708218395709991 0.411630392074585
v 1.09363782405853 0.703425168991089 0.406129777431488
v 1.04650628566742 0.699818551540375 0.402279138565063
v 1.02610814571381 0.700471878051758 0.404240071773529
v 1.18795216083527 0.73195618391037 0.444655328989029
v 1.06902134418488 0.700595498085022 0.402903616428375
v 1.16833400726318 0.722747206687927 0.429816603660583
v 1.14459562301636 0.714542031288147 0.419278383255005
v 1.17625403404236 -0.0873273611068726 0.605105757713318
v 1.1805967092514 -0.114962816238403 0.602208077907562
v 1.17925238609314 -0.113263249397278 0.61748206615448
v 1.172971367836 -0.0853590965270996 0.619225680828094
v 1.18648111820221 -0.0787187218666077 0.64727109670639
v 1.17595362663269 -0.082062840461731 0.639215290546417
v 1.2005101442337 -0.0769283175468445 0.650114119052887
v 1.20058572292328 -0.107975840568542 0.650978326797485
v 1.21277523040771 -0.107916235923767 0.645392119884491
v 1.21401298046112 -0.0770481824874878 0.646719098091125
v 1.2237663269043 -0.0772715210914612 0.637913107872009
v 1.22997009754181 -0.107989072799683 0.626578330993652
v 1.23402631282806 -0.108159065246582 0.608740448951721
v 1.23583245277405 -0.0796723365783691 0.608176529407501
v 1.23092079162598 -0.0779082775115967 0.626118540763855
v 1.23334312438965 -0.0851964950561523 0.5882728099823
v 1.23218703269958 -0.11182177066803 0.589326858520508
v 1.21947062015533 -0.0891505479812622 0.577262997627258
v 1.18298482894897 -0.0895330905914307 0.590190291404724
v 1.1861971616745 -0.116273999214172 0.585721969604492
v 1.18705463409424 -0.109256148338318 0.648328125476837
v 1.17897188663483 -0.111950635910034 0.637414216995239
v 1.17144739627838 -0.0844358205795288 0.629076480865479
v 1.17888569831848 -0.112499117851257 0.627289056777954
v 1.18102264404297 -0.141322374343872 0.612411975860596
v 1.17885994911194 -0.141063332557678 0.59642106294632
v 1.18689346313477 -0.138746738433838 0.648922860622406
v 1.18403720855713 -0.13997220993042 0.635057747364044
v 1.21115636825562 -0.137181401252747 0.643951773643494
v 1.20004987716675 -0.137296199798584 0.653009593486786
v 1.23263645172119 -0.136682868003845 0.628058791160583
v 1.22203397750854 -0.107952833175659 0.637118101119995
v 1.22252774238586 -0.137038111686707 0.636875927448273
v 1.23693954944611 -0.135059714317322 0.610050082206726
v 1.2348964214325 -0.136020541191101 0.587772965431213
v 1.18589234352112 -0.140232086181641 0.578619003295898
v 1.18303227424622 -0.140273213386536 0.623986303806305
v 1.28394150733948 -0.211029529571533 0.434754610061646
v 1.2775502204895 -0.211649417877197 0.431144326925278
v 1.27852213382721 -0.206634044647217 0.433411657810211
v 1.28276836872101 -0.206920266151428 0.435397058725357
v 1.24899458885193 -0.207972526550293 0.416169136762619
v 1.23712432384491 -0.211494922637939 0.414423376321793
v 1.23877584934235 -0.199092626571655 0.414210557937622
v 1.24736440181732 -0.197481513023376 0.41506016254425
v 1.26639080047607 -0.210439682006836 0.420513987541199
v 1.27391588687897 -0.210763454437256 0.42330926656723
v 1.27111852169037 -0.214836716651917 0.425077587366104
v 1.26636469364166 -0.214433908462524 0.423328757286072
v 1.29768633842468 -0.212998509407043 0.468409150838852
v 1.30275011062622 -0.214346051216125 0.472309172153473
v 1.30067312717438 -0.217708230018616 0.472904562950134
v 1.2975001335144 -0.217575550079346 0.470985054969788
v 1.28946483135223 -0.213416814804077 0.447635173797607
v 1.29444408416748 -0.214445948600769 0.451531440019608
v 1.29250025749207 -0.218011856079102 0.452653378248215
v 1.28922653198242 -0.218315243721008 0.450050532817841
v 1.24591648578644 -0.19556188583374 0.437492221593857
v 1.24846434593201 -0.195050477981567 0.423887670040131
v 1.23489117622375 -0.197224259376526 0.422613680362701
v 1.23064565658569 -0.194056153297424 0.435895204544067
v 1.22798645496368 -0.207159280776978 0.423502087593079
v 1.23518526554108 -0.21336030960083 0.427539885044098
v 1.23055672645569 -0.215341567993164 0.440405368804932
v 1.22345566749573 -0.206397533416748 0.437792122364044
v 1.24800443649292 -0.214030623435974 0.428715765476227
v 1.24476790428162 -0.21566116809845 0.441101849079132
v 1.2532080411911 -0.207343816757202 0.440467417240143
v 1.25758683681488 -0.204951643943787 0.426509022712708
v 1.27177059650421 -0.207608222961426 0.443077504634857
v 1.27701497077942 -0.209373950958252 0.432159453630447
v 1.27169358730316 -0.202600598335266 0.430201828479767
v 1.26679527759552 -0.199376106262207 0.441800534725189
v 1.26380288600922 -0.202355265617371 0.426793932914734
v 1.25611257553101 -0.199161648750305 0.437293171882629
v 1.25252091884613 -0.209774374961853 0.437237590551376
v 1.25781035423279 -0.208943843841553 0.424444586038589
v 1.26169097423553 -0.215008616447449 0.428830564022064
v 1.25646305084229 -0.215870976448059 0.440840840339661
v 1.26547336578369 -0.215771317481995 0.443298757076263
v 1.27060842514038 -0.215659737586975 0.432230949401855
v 1.28151214122772 -0.201918601989746 0.452360689640045
v 1.28285384178162 -0.205725193023682 0.441291391849518
v 1.27572417259216 -0.205487370491028 0.438515663146973
v 1.27173936367035 -0.201796770095825 0.447734951972961
v 1.27131462097168 -0.212936282157898 0.436224490404129
v 1.27608549594879 -0.216687679290771 0.438994526863098
v 1.27194845676422 -0.216603994369507 0.448839902877808
v 1.26792347431183 -0.21189272403717 0.445536375045776
v 1.2810161113739 -0.216229677200317 0.452356070280075
v 1.28311812877655 -0.217402458190918 0.441665709018707
v 1.28594243526459 -0.208257675170898 0.452500224113464
v 1.28746807575226 -0.211410284042358 0.442322432994843
v 1.29684233665466 -0.211016297340393 0.469063341617584
v 1.29714071750641 -0.214454889297485 0.458874821662903
v 1.29455828666687 -0.208646416664124 0.457554876804352
v 1.29417014122009 -0.204285621643066 0.46822726726532
v 1.28928470611572 -0.207332134246826 0.454442918300629
v 1.28731346130371 -0.203921914100647 0.462334394454956
v 1.28499937057495 -0.211506724357605 0.452382743358612
v 1.28649687767029 -0.218856573104858 0.454583674669266
v 1.28540778160095 -0.218038320541382 0.462614953517914
v 1.28453302383423 -0.209742426872253 0.458933264017105
v 1.29274940490723 -0.219550013542175 0.458066821098328
v 1.29235935211182 -0.218499779701233 0.468024879693985
v 1.30246376991272 -0.206913590431213 0.487811058759689
v 1.30345118045807 -0.214079856872559 0.490180850028992
v 1.30394172668457 -0.213832497596741 0.480039715766907
v 1.30239307880402 -0.208235740661621 0.478972136974335
v 1.2984277009964 -0.207474231719971 0.474998950958252
v 1.29774129390717 -0.205190062522888 0.481327652931213
v 1.29438757896423 -0.211681365966797 0.473208367824554
v 1.29452121257782 -0.218908429145813 0.47495973110199
v 1.29403686523438 -0.218903064727783 0.481121242046356
v 1.29519593715668 -0.210642695426941 0.478529453277588
v 1.30036473274231 -0.219145536422729 0.478466033935547
v 1.2993061542511 -0.218953251838684 0.487036675214767
v 1.22708582878113 -0.192634463310242 0.449598073959351
v 1.2463995218277 -0.196984529495239 0.45126736164093
v 1.23913860321045 -0.212242364883423 0.41916686296463
v 1.21984910964966 -0.207197904586792 0.45174652338028
v 1.24612236022949 -0.212617635726929 0.420229315757751
v 1.24532210826874 -0.217210412025452 0.453247487545013
v 1.22783660888672 -0.216825842857361 0.454319804906845
v 1.24999785423279 -0.208518505096436 0.445740342140198
v 1.2723902463913 -0.205436944961548 0.424039989709854
v 1.26665616035461 -0.210031390190125 0.451085776090622
v 1.26404023170471 -0.217812180519104 0.458818197250366
v 1.26794290542603 -0.205222487449646 0.422104597091675
v 1.26405072212219 -0.198628425598145 0.457390189170837
v 1.27915346622467 -0.201070308685303 0.469805002212524
v 1.27867448329926 -0.215760707855225 0.433894038200378
v 1.28226971626282 -0.216065406799316 0.435507535934448
v 1.28020787239075 -0.21890127658844 0.469490706920624
v 1.28482246398926 -0.208803057670593 0.461171090602875
v 1.29417276382446 -0.210556149482727 0.45179957151413
v 1.29654169082642 -0.21052348613739 0.47849577665329
v 1.2916316986084 -0.220199346542358 0.483732759952545
v 1.2908308506012 -0.209404587745667 0.450298577547073
v 1.29230713844299 -0.201999425888062 0.484781265258789
v 1.30151438713074 -0.210926651954651 0.473493963479996
v 1.30158710479736 -0.213981747627258 0.502705276012421
v 1.29806637763977 -0.221219897270203 0.497620224952698
v 1.29927778244019 -0.209845066070557 0.471153795719147
v 1.30046606063843 -0.204911112785339 0.498647153377533
v 1.19288492202759 -0.0917627811431885 0.578486442565918
v 1.19618272781372 -0.116619944572449 0.574649453163147
v 1.20576107501984 -0.0920858383178711 0.574581027030945
v 1.22047436237335 -0.114935040473938 0.577240288257599
v 1.20894014835358 -0.116988778114319 0.572792828083038
v 1.19916653633118 -0.138807535171509 0.566242814064026
v 1.22428464889526 -0.138354897499084 0.573238432407379
v 1.21342062950134 -0.138357520103455 0.56623774766922
v 1.23468661308289 -0.158255338668823 0.632195293903351
v 1.24143779277802 -0.156713724136353 0.61372298002243
v 1.22185969352722 -0.158823728561401 0.639373898506165
v 1.19910562038422 -0.15996527671814 0.656761348247528
v 1.21113228797913 -0.159167647361755 0.648324847221375
v 1.20314717292786 -0.156493902206421 0.555919647216797
v 1.18954539299011 -0.1604323387146 0.571838140487671
v 1.2189884185791 -0.154659152030945 0.554114401340485
v 1.23241341114044 -0.154651284217834 0.563799917697906
v 1.21883463859558 -0.190683960914612 0.464865744113922
v 1.21332693099976 -0.193080425262451 0.485674917697906
v 1.22860503196716 -0.182122707366943 0.486875474452972
v 1.23780870437622 -0.188696265220642 0.468531608581543
v 1.24669694900513 -0.183750033378601 0.495667785406113
v 1.25509417057037 -0.192370176315308 0.476507306098938
v 1.26188957691193 -0.187863826751709 0.507167935371399
v 1.27063298225403 -0.194956064224243 0.488098204135895
v 1.27433884143829 -0.193050742149353 0.519623160362244
v 1.28392720222473 -0.198485493659973 0.501530230045319
v 1.28459596633911 -0.201077342033386 0.531254410743713
v 1.29442477226257 -0.20305061340332 0.513423562049866
v 1.29113960266113 -0.211895823478699 0.537543058395386
v 1.29928612709045 -0.213387608528137 0.518764495849609
v 1.2124799489975 -0.208567500114441 0.467279940843582
v 1.20859098434448 -0.209400296211243 0.487862408161163
v 1.22213304042816 -0.220395565032959 0.471421718597412
v 1.21787631511688 -0.22340977191925 0.49183601140976
v 1.23873925209045 -0.221029043197632 0.476376593112946
v 1.23339641094208 -0.223970174789429 0.497567445039749
v 1.28745865821838 -0.224840521812439 0.53347259759903
v 1.29434323310852 -0.224598526954651 0.513610064983368
v 1.25607717037201 -0.222110748291016 0.48473396897316
v 1.250004529953 -0.223849892616272 0.506193280220032
v 1.27156341075897 -0.224404335021973 0.494589447975159
v 1.26495444774628 -0.225732445716858 0.516086935997009
v 1.28420853614807 -0.225918412208557 0.504655241966248
v 1.27737748622894 -0.227201223373413 0.525583148002625
v 1.21778786182404 -0.178346037864685 0.509479880332947
v 1.23691654205322 -0.173452854156494 0.515820503234863
v 1.25128853321075 -0.178279519081116 0.528175592422485
v 1.26273345947266 -0.186081767082214 0.541089296340942
v 1.27230703830719 -0.197872400283813 0.552524089813232
v 1.28040623664856 -0.209071755409241 0.558744370937347
v 1.25356721878052 -0.175898790359497 0.568096041679382
v 1.26045405864716 -0.196658968925476 0.576472401618958
v 1.26712584495544 -0.209528565406799 0.580072999000549
v 1.25047814846039 -0.196390271186829 0.601101875305176
v 1.25537443161011 -0.210185289382935 0.601882934570312
v 1.23301649093628 -0.199052333831787 0.640632629394531
v 1.23782682418823 -0.214776873588562 0.642629861831665
v 1.24594950675964 -0.211132407188416 0.624240517616272
v 1.24083530902863 -0.196951150894165 0.623474359512329
v 1.24613797664642 -0.1771240234375 0.595944166183472
v 1.23884582519531 -0.176990628242493 0.619325816631317
v 1.23031675815582 -0.178085446357727 0.635558724403381
v 1.21695256233215 -0.217796683311462 0.661495387554169
v 1.22891545295715 -0.217034459114075 0.65421450138092
v 1.2255859375 -0.200369477272034 0.652411580085754
v 1.21534311771393 -0.200741648674011 0.661890983581543
v 1.19778251647949 -0.202584147453308 0.665813684463501
v 1.19966626167297 -0.219959259033203 0.661703824996948
v 1.18425822257996 -0.204558968544006 0.651728510856628
v 1.18523490428925 -0.22161853313446 0.649506568908691
v 1.21293652057648 -0.179221987724304 0.655141532421112
v 1.22155153751373 -0.179161071777344 0.645729005336761
v 1.19884479045868 -0.180358409881592 0.661148309707642
v 1.18648028373718 -0.182009816169739 0.649889349937439
v 1.18728065490723 -0.182376861572266 0.632689237594604
v 1.18482673168182 -0.20458996295929 0.632374405860901
v 1.18214869499207 -0.221104025840759 0.630674302577972
v 1.20776426792145 -0.194960117340088 0.510495722293854
v 1.2071408033371 -0.208592653274536 0.513258576393127
v 1.24233615398407 -0.166254758834839 0.547834932804108
v 1.2266092300415 -0.163989901542664 0.536128520965576
v 1.20634508132935 -0.172582745552063 0.538272678852081
v 1.19946765899658 -0.195055961608887 0.537291765213013
v 1.203737616539 -0.209718823432922 0.540706157684326
v 1.1993910074234 -0.211515545845032 0.564973652362823
v 1.19276201725006 -0.198602557182312 0.562635660171509
v 1.21472811698914 -0.21978235244751 0.517406105995178
v 1.2119277715683 -0.217057824134827 0.544593870639801
v 1.2065281867981 -0.218290567398071 0.568103313446045
v 1.19297981262207 -0.21428394317627 0.585359275341034
v 1.18825030326843 -0.201246023178101 0.584446907043457
v 1.18893599510193 -0.216243624687195 0.602117717266083
v 1.1872171163559 -0.201661229133606 0.602513670921326
v 1.18652510643005 -0.202538728713989 0.616888284683228
v 1.18519353866577 -0.218538641929626 0.615663349628448
v 1.18602585792542 -0.181533336639404 0.604966342449188
v 1.18657338619232 -0.181407928466797 0.618313550949097
v 1.18676662445068 -0.181898355484009 0.586464762687683
v 1.19171762466431 -0.179005980491638 0.564135670661926
v 1.27780795097351 -0.22270131111145 0.555828511714935
v 1.26630353927612 -0.221208810806274 0.577920377254486
v 1.2543363571167 -0.220531582832336 0.599668800830841
v 1.2442581653595 -0.223126173019409 0.621316075325012
v 1.23390221595764 -0.226534128189087 0.63748425245285
v 1.22533214092255 -0.228332996368408 0.647112965583801
v 1.20109474658966 -0.229130148887634 0.652864694595337
v 1.21491611003876 -0.228715658187866 0.653482556343079
v 1.19073414802551 -0.230193495750427 0.64448869228363
v 1.18877112865448 -0.230719804763794 0.629141449928284
v 1.19103157520294 -0.229893803596497 0.616162896156311
v 1.19965195655823 -0.222819924354553 0.587904930114746
v 1.19448173046112 -0.227214932441711 0.603269577026367
v 1.18070363998413 -0.162880301475525 0.591142296791077
v 1.18107426166534 -0.162940382957458 0.609189510345459
v 1.18337941169739 -0.161998748779297 0.621522605419159
v 1.18688905239105 -0.160691142082214 0.648631155490875
v 1.18572187423706 -0.161455631256104 0.633334517478943
v 1.22795915603638 -0.223825335502625 0.523138523101807
v 1.24342620372772 -0.223787665367126 0.531501829624176
v 1.25735402107239 -0.225251078605652 0.540901839733124
v 1.26876497268677 -0.226083040237427 0.549206376075745
v 1.25896573066711 -0.225464463233948 0.572615623474121
v 1.24841392040253 -0.225226402282715 0.565928936004639
v 1.23521196842194 -0.224570155143738 0.557729125022888
v 1.22210192680359 -0.221583604812622 0.549796342849731
v 1.247429728508 -0.225914359092712 0.594215869903564
v 1.23816430568695 -0.226789951324463 0.587866067886353
v 1.22615087032318 -0.226561546325684 0.580942630767822
v 1.21532011032104 -0.223841905593872 0.573128700256348
v 1.20748662948608 -0.228551626205444 0.5928635597229
v 1.21659076213837 -0.229890584945679 0.600841403007507
v 1.2271488904953 -0.229519724845886 0.60727071762085
v 1.23593294620514 -0.228089690208435 0.614338994026184
v 1.22661709785461 -0.230058670043945 0.629467248916626
v 1.21856343746185 -0.230920076370239 0.621975719928741
v 1.20928907394409 -0.23159646987915 0.61531001329422
v 1.20196771621704 -0.231072783470154 0.608588933944702
v 1.21960818767548 -0.230937600135803 0.638039231300354
v 1.20371317863464 -0.232023239135742 0.644869446754456
v 1.21221113204956 -0.231279850006104 0.643583238124847
v 1.19663059711456 -0.232974529266357 0.640067398548126
v 1.1962456703186 -0.232952356338501 0.629566311836243
v 1.19849193096161 -0.232401490211487 0.619343459606171
v 1.20544528961182 -0.232159733772278 0.62430477142334
v 1.20279848575592 -0.232437372207642 0.631497502326965
v 1.21358847618103 -0.231427431106567 0.630323350429535
v 1.20904266834259 -0.231654286384583 0.636239647865295
v 1.20146751403809 -0.232410192489624 0.637287795543671
v 1.20467686653137 -0.232015013694763 0.639538407325745
v 1.23986876010895 -0.158148646354675 0.584744513034821
v 1.17094337940216 0.183945417404175 0.519432842731476
v 1.15546059608459 0.185856938362122 0.524455368518829
v 1.18733215332031 0.187365889549255 0.518896818161011
v 1.15877294540405 0.592241704463959 0.41884571313858
v 1.09161865711212 0.84384286403656 0.407186478376389
v 1.09434509277344 0.8846595287323 0.413004398345947
v 1.09214448928833 0.864137649536133 0.410420358181
v 1.16346120834351 0.56616735458374 0.419607579708099
v 1.15794777870178 0.904757380485535 0.441465198993683
v 1.12488889694214 1.06322014331818 0.420591861009598
v 1.1379063129425 1.3414751291275 0.499408453702927
v 1.13704562187195 1.33829307556152 0.501899003982544
v 1.13748562335968 1.3357629776001 0.504805207252502
v 1.13870823383331 1.33360660076141 0.507597386837006
v 1.13969647884369 1.33227777481079 0.510812699794769
v 1.13971829414368 1.33285534381866 0.514636814594269
v 1.14048886299133 1.33732056617737 0.505881071090698
v 1.13928318023682 1.34046471118927 0.509324789047241
v 1.13872015476227 1.34195482730865 0.50756424665451
v 1.13964581489563 1.33930468559265 0.503891348838806
f 2 3 1
f 1 3 4
f 3 2 5
f 5 2 6
f 3 7 4
f 4 7 8
f 10 11 9
f 9 11 12
f 14 15 13
f 13 15 16
f 18 19 17
f 17 19 20
f 22 23 21
f 21 23 24
f 26 18 25
f 25 18 17
f 27 28 17
f 17 28 25
f 30 31 29
f 29 31 32
f 34 35 33
f 33 35 36
f 21 24 37
f 37 24 38
f 40 31 39
f 39 31 38
f 34 33 28
f 28 33 25
f 41 42 44
f 44 42 43
f 36 45 33
f 33 45 25
f 46 47 49
f 49 47 48
f 51 52 50
f 50 52 53
f 55 53 54
f 54 53 52
f 57 58 56
f 56 58 59
f 61 62 60
f 60 62 63
f 65 66 64
f 64 66 67
f 69 70 68
f 68 70 71
f 65 73 72
f 72 73 74
f 64 75 65
f 65 75 73
f 77 78 76
f 76 78 79
f 80 81 83
f 83 81 82
f 81 85 84
f 84 85 86
f 88 89 87
f 87 89 69
f 88 87 90
f 90 87 91
f 93 94 92
f 92 94 95
f 96 84 43
f 43 84 44
f 51 98 97
f 97 98 86
f 97 99 51
f 51 99 52
f 54 52 100
f 100 52 99
f 58 101 59
f 59 101 102
f 62 103 63
f 63 103 104
f 105 106 6
f 6 106 5
f 108 109 107
f 107 109 110
f 112 113 111
f 111 113 114
f 116 117 115
f 115 117 118
f 120 121 119
f 119 121 122
f 124 125 123
f 123 125 126
f 128 129 127
f 127 129 130
f 130 131 127
f 127 131 132
f 134 1 133
f 133 1 135
f 1 4 135
f 135 4 136
f 4 8 136
f 136 8 137
f 138 139 15
f 15 139 140
f 140 139 141
f 141 139 142
f 144 57 143
f 143 57 56
f 145 146 141
f 141 146 147
f 146 149 148
f 148 149 150
f 152 153 151
f 151 153 154
f 141 147 140
f 140 147 155
f 157 11 156
f 156 11 158
f 160 161 159
f 159 161 162
f 164 165 163
f 163 165 166
f 165 160 166
f 166 160 159
f 168 169 167
f 167 169 170
f 169 171 170
f 170 171 172
f 149 173 150
f 150 173 174
f 175 176 149
f 149 176 173
f 178 172 177
f 177 172 171
f 180 181 179
f 179 181 182
f 184 180 183
f 183 180 179
f 186 187 185
f 185 187 188
f 190 191 189
f 189 191 192
f 7 193 8
f 8 193 194
f 196 162 195
f 195 162 161
f 197 168 198
f 198 168 167
f 181 199 182
f 182 199 200
f 202 203 201
f 201 203 204
f 187 186 205
f 205 186 206
f 208 209 207
f 207 209 210
f 212 213 211
f 211 213 214
f 215 216 218
f 218 216 217
f 220 209 219
f 219 209 208
f 204 186 221
f 221 186 185
f 201 204 222
f 222 204 221
f 223 211 220
f 220 211 209
f 224 225 214
f 214 225 210
f 203 206 204
f 204 206 186
f 227 187 226
f 226 187 205
f 27 228 21
f 21 228 22
f 230 231 229
f 229 231 232
f 234 235 233
f 233 235 236
f 238 239 237
f 237 239 240
f 119 122 118
f 118 122 115
f 112 242 241
f 241 242 243
f 98 51 244
f 244 51 50
f 245 138 14
f 14 138 15
f 11 10 158
f 158 10 246
f 89 85 69
f 69 85 70
f 11 157 12
f 12 157 247
f 249 164 248
f 248 164 163
f 177 250 178
f 178 250 251
f 253 254 252
f 252 254 255
f 187 227 188
f 188 227 256
f 212 257 213
f 213 257 258
f 260 134 259
f 259 134 133
f 165 164 135
f 135 164 133
f 160 165 136
f 136 165 135
f 136 137 160
f 160 137 161
f 137 261 161
f 161 261 195
f 263 264 262
f 262 264 265
f 13 16 266
f 266 16 267
f 268 267 155
f 155 267 16
f 147 269 155
f 155 269 268
f 162 196 167
f 167 196 198
f 167 170 162
f 162 170 159
f 170 172 159
f 159 172 166
f 172 178 166
f 166 178 163
f 178 251 163
f 163 251 248
f 168 270 169
f 169 270 271
f 272 273 171
f 171 273 177
f 271 272 169
f 169 272 171
f 168 197 270
f 270 197 274
f 250 177 275
f 275 177 273
f 277 45 276
f 276 45 278
f 280 281 279
f 279 281 282
f 284 104 283
f 283 104 103
f 285 215 286
f 286 215 218
f 288 289 287
f 287 289 290
f 291 80 66
f 66 80 83
f 293 294 292
f 292 294 295
f 73 91 74
f 74 91 87
f 91 73 92
f 92 73 75
f 279 77 280
f 280 77 76
f 80 291 70
f 70 291 71
f 277 47 96
f 96 47 82
f 297 175 296
f 296 175 149
f 299 154 298
f 298 154 153
f 225 300 210
f 210 300 207
f 224 301 206
f 206 301 205
f 210 209 214
f 214 209 211
f 226 205 302
f 302 205 301
f 304 305 303
f 303 305 306
f 308 309 307
f 307 309 310
f 72 291 65
f 65 291 66
f 66 83 67
f 67 83 46
f 312 313 311
f 311 313 314
f 316 317 315
f 315 317 36
f 29 318 35
f 35 318 319
f 321 32 320
f 320 32 322
f 311 314 323
f 323 314 324
f 315 325 316
f 316 325 326
f 318 287 319
f 319 287 290
f 328 321 327
f 327 321 320
f 329 330 39
f 39 330 331
f 332 333 40
f 40 333 322
f 309 334 285
f 285 334 335
f 236 2 134
f 134 2 1
f 260 336 233
f 233 336 337
f 237 14 265
f 265 14 13
f 84 86 44
f 44 86 98
f 189 192 7
f 7 192 193
f 44 98 41
f 41 98 244
f 237 240 14
f 14 240 245
f 7 3 189
f 189 3 5
f 338 71 72
f 72 71 291
f 262 265 266
f 266 265 13
f 124 123 339
f 339 123 105
f 123 109 105
f 105 109 106
f 189 5 190
f 190 5 106
f 111 114 12
f 12 114 9
f 264 340 265
f 265 340 237
f 342 343 341
f 341 343 344
f 6 235 105
f 105 235 339
f 234 346 345
f 345 346 347
f 349 350 348
f 348 350 351
f 107 352 108
f 108 352 353
f 355 356 354
f 354 356 357
f 237 340 238
f 238 340 358
f 12 247 111
f 111 247 359
f 264 263 116
f 116 263 360
f 361 362 222
f 222 362 201
f 364 365 363
f 363 365 366
f 368 369 367
f 367 369 370
f 372 373 371
f 371 373 374
f 375 376 372
f 372 376 377
f 378 379 381
f 381 379 380
f 382 383 269
f 269 383 268
f 150 174 365
f 365 174 384
f 380 377 381
f 381 377 376
f 271 270 180
f 180 270 181
f 273 272 252
f 252 272 184
f 272 271 184
f 184 271 180
f 181 270 274
f 252 255 273
f 273 255 275
f 254 385 255
f 255 385 386
f 387 388 179
f 179 388 183
f 389 387 182
f 182 387 179
f 182 200 389
f 389 200 390
f 388 391 183
f 183 391 253
f 391 392 253
f 253 392 254
f 394 379 393
f 393 379 378
f 185 188 395
f 395 188 396
f 221 185 397
f 397 185 395
f 222 221 398
f 398 221 397
f 188 256 396
f 396 256 399
f 400 401 256
f 256 401 399
f 402 403 405
f 405 403 404
f 148 150 364
f 364 150 365
f 393 406 394
f 394 406 407
f 158 246 393
f 393 246 406
f 342 19 238
f 238 19 239
f 23 22 350
f 350 22 354
f 244 50 245
f 245 50 138
f 55 142 53
f 53 142 139
f 145 144 296
f 296 144 143
f 355 228 341
f 341 228 20
f 41 240 42
f 42 240 239
f 283 308 284
f 284 308 307
f 349 409 408
f 408 409 410
f 244 245 41
f 41 245 240
f 268 383 406
f 406 383 407
f 346 411 349
f 349 411 409
f 251 412 248
f 248 412 413
f 275 414 250
f 250 414 415
f 25 45 26
f 26 45 277
f 43 26 96
f 96 26 277
f 416 417 61
f 61 417 62
f 329 24 408
f 408 24 23
f 31 40 32
f 32 40 322
f 39 38 329
f 329 38 24
f 37 38 30
f 30 38 31
f 418 419 421
f 421 419 420
f 78 295 79
f 79 295 294
f 124 339 422
f 422 339 345
f 232 131 357
f 357 131 351
f 2 236 6
f 6 236 235
f 252 184 253
f 253 184 183
f 227 423 256
f 256 423 400
f 423 227 305
f 305 227 226
f 424 258 425
f 425 258 257
f 426 427 212
f 212 427 257
f 259 133 249
f 249 133 164
f 419 418 428
f 428 418 429
f 327 430 328
f 328 430 288
f 49 431 46
f 46 431 67
f 306 302 424
f 424 302 258
f 313 432 314
f 314 432 433
f 32 321 29
f 29 321 318
f 324 314 433
f 287 318 328
f 328 318 321
f 134 260 236
f 236 260 233
f 345 339 234
f 234 339 235
f 357 351 354
f 354 351 350
f 408 23 349
f 349 23 350
f 317 278 36
f 36 278 45
f 432 313 429
f 429 313 428
f 435 428 434
f 434 428 313
f 42 239 18
f 18 239 19
f 43 42 26
f 26 42 18
f 121 120 436
f 436 120 437
f 302 301 258
f 258 301 213
f 110 109 126
f 126 109 123
f 238 358 342
f 342 358 343
f 341 20 342
f 342 20 19
f 322 438 320
f 320 438 439
f 320 439 327
f 327 439 430
f 333 440 322
f 322 440 438
f 289 288 323
f 323 288 430
f 115 340 116
f 116 340 264
f 146 145 149
f 149 145 296
f 15 140 16
f 16 140 155
f 441 442 152
f 152 442 153
f 225 224 203
f 203 224 206
f 175 297 154
f 154 297 151
f 293 443 294
f 294 443 444
f 248 413 249
f 249 413 445
f 446 447 400
f 400 447 401
f 388 387 396
f 396 387 395
f 387 389 395
f 395 389 397
f 391 388 399
f 399 388 396
f 401 392 399
f 399 392 391
f 255 386 275
f 275 386 414
f 449 450 448
f 448 450 451
f 335 452 285
f 285 452 215
f 453 298 442
f 442 298 153
f 211 223 212
f 212 223 426
f 425 257 454
f 454 257 427
f 266 10 262
f 262 10 9
f 360 113 456
f 456 113 455
f 8 194 137
f 137 194 261
f 10 266 246
f 246 266 267
f 203 202 225
f 225 202 300
f 262 9 263
f 263 9 114
f 108 353 190
f 190 353 191
f 389 390 397
f 397 390 398
f 457 422 128
f 128 422 129
f 156 158 378
f 378 158 393
f 347 346 348
f 348 346 349
f 447 458 401
f 401 458 392
f 364 382 148
f 148 382 269
f 55 54 57
f 57 54 58
f 75 64 459
f 459 64 460
f 100 90 101
f 101 90 95
f 101 58 100
f 100 58 54
f 142 55 144
f 144 55 57
f 147 146 269
f 269 146 148
f 459 93 75
f 75 93 92
f 144 145 142
f 142 145 141
f 228 27 20
f 20 27 17
f 154 299 175
f 175 299 176
f 214 213 224
f 224 213 301
f 424 461 306
f 306 461 303
f 285 286 309
f 309 286 310
f 462 334 308
f 308 334 309
f 302 306 226
f 226 306 305
f 37 28 21
f 21 28 27
f 29 35 30
f 30 35 34
f 30 34 37
f 37 34 28
f 344 436 356
f 356 436 229
f 325 290 326
f 326 290 289
f 311 439 312
f 312 439 438
f 35 319 36
f 36 319 315
f 439 311 430
f 430 311 323
f 315 319 325
f 325 319 290
f 440 463 438
f 438 463 312
f 341 344 355
f 355 344 356
f 360 456 116
f 116 456 117
f 354 22 355
f 355 22 228
f 326 289 324
f 324 289 323
f 74 87 68
f 68 87 69
f 50 53 138
f 138 53 139
f 268 406 267
f 267 406 246
f 190 106 108
f 108 106 109
f 241 455 112
f 112 455 113
f 358 122 343
f 343 122 121
f 129 347 130
f 130 347 348
f 348 351 130
f 130 351 131
f 229 232 356
f 356 232 357
f 340 115 358
f 358 115 122
f 111 359 112
f 112 359 242
f 125 124 457
f 457 124 422
f 231 132 232
f 232 132 131
f 343 121 344
f 344 121 436
f 263 114 360
f 360 114 113
f 347 129 345
f 345 129 422
f 230 229 437
f 437 229 436
f 464 446 423
f 423 446 400
f 465 466 468
f 468 466 467
f 470 471 469
f 469 471 472
f 469 472 373
f 373 472 374
f 474 469 473
f 473 469 373
f 471 475 472
f 472 475 476
f 472 477 374
f 374 477 478
f 477 472 476
f 479 480 476
f 476 480 477
f 473 373 377
f 377 373 372
f 481 482 479
f 479 482 480
f 483 484 481
f 481 484 482
f 403 402 485
f 485 402 486
f 487 488 483
f 483 488 484
f 487 489 488
f 488 489 490
f 489 491 490
f 490 491 492
f 491 493 492
f 492 493 494
f 493 495 494
f 494 495 496
f 497 498 481
f 481 498 483
f 484 499 482
f 482 499 367
f 370 480 367
f 367 480 482
f 480 370 477
f 477 370 478
f 500 497 479
f 479 497 481
f 451 473 380
f 380 473 377
f 448 451 379
f 379 451 380
f 501 502 504
f 504 502 503
f 449 505 507
f 507 505 506
f 486 508 505
f 505 508 506
f 508 509 506
f 506 509 510
f 511 507 510
f 510 507 506
f 509 508 512
f 512 508 513
f 515 509 514
f 514 509 512
f 509 515 510
f 510 515 516
f 510 516 511
f 511 516 517
f 486 505 485
f 485 505 518
f 505 449 518
f 518 449 448
f 383 382 403
f 403 382 404
f 363 404 364
f 364 404 382
f 403 485 383
f 383 485 407
f 519 520 361
f 361 520 362
f 522 496 521
f 521 496 495
f 450 474 451
f 451 474 473
f 363 366 523
f 523 366 524
f 525 499 488
f 488 499 484
f 488 490 525
f 525 490 526
f 496 522 520
f 520 522 527
f 494 496 519
f 519 496 520
f 492 494 528
f 528 494 519
f 529 530 495
f 495 530 521
f 490 492 526
f 526 492 528
f 529 495 531
f 531 495 493
f 533 534 532
f 532 534 535
f 523 524 533
f 533 524 534
f 486 402 532
f 532 402 533
f 529 536 530
f 530 536 537
f 536 538 537
f 537 538 539
f 540 541 539
f 539 541 537
f 530 537 535
f 535 537 541
f 542 539 543
f 543 539 538
f 539 542 540
f 540 542 544
f 541 540 513
f 513 540 512
f 540 544 512
f 512 544 514
f 546 547 545
f 545 547 548
f 549 550 531
f 531 550 551
f 550 549 552
f 552 549 553
f 546 550 554
f 554 550 552
f 547 546 555
f 555 546 554
f 498 556 558
f 558 556 557
f 559 557 560
f 560 557 556
f 561 562 560
f 560 562 559
f 557 559 552
f 552 559 554
f 559 562 554
f 554 562 555
f 558 557 553
f 553 557 552
f 475 471 563
f 563 471 564
f 565 563 567
f 567 563 566
f 471 470 564
f 564 470 466
f 564 466 568
f 568 466 465
f 568 465 569
f 569 465 570
f 572 573 571
f 571 573 574
f 569 575 567
f 567 575 576
f 577 565 576
f 576 565 567
f 578 579 581
f 581 579 580
f 575 561 576
f 576 561 560
f 556 577 560
f 560 577 576
f 577 556 497
f 497 556 498
f 565 577 500
f 500 577 497
f 563 565 475
f 475 565 500
f 553 489 558
f 558 489 487
f 531 493 549
f 549 493 491
f 489 553 491
f 491 553 549
f 394 407 518
f 518 407 485
f 518 448 394
f 394 448 379
f 545 548 538
f 538 548 543
f 551 545 536
f 536 545 538
f 536 529 551
f 551 529 531
f 507 582 449
f 449 582 450
f 511 583 507
f 507 583 582
f 511 517 583
f 583 517 584
f 585 586 588
f 588 586 587
f 590 591 589
f 589 591 592
f 591 590 593
f 593 590 594
f 596 597 595
f 595 597 598
f 599 600 602
f 602 600 601
f 604 605 603
f 603 605 606
f 608 609 607
f 607 609 610
f 612 613 611
f 611 613 614
f 615 616 618
f 618 616 617
f 620 621 619
f 619 621 622
f 624 625 623
f 623 625 626
f 628 629 627
f 627 629 630
f 632 633 631
f 631 633 634
f 635 636 638
f 638 636 637
f 639 640 642
f 642 640 641
f 644 645 643
f 643 645 646
f 619 622 647
f 647 622 648
f 650 651 649
f 649 651 652
f 601 653 602
f 602 653 654
f 656 657 655
f 655 657 658
f 660 661 659
f 659 661 662
f 664 665 663
f 663 665 666
f 593 594 667
f 667 594 668
f 669 670 672
f 672 670 671
f 673 674 676
f 676 674 675
f 633 632 677
f 677 632 678
f 663 666 679
f 679 666 680
f 681 682 684
f 684 682 683
f 686 687 685
f 685 687 688
f 690 661 689
f 689 661 691
f 693 686 692
f 692 686 685
f 695 597 694
f 694 597 668
f 594 696 668
f 668 696 694
f 697 698 696
f 696 698 699
f 700 701 697
f 697 701 698
f 702 585 703
f 703 585 588
f 671 690 672
f 672 690 689
f 640 639 704
f 704 639 705
f 679 706 663
f 663 706 658
f 708 709 707
f 707 709 710
f 711 712 610
f 610 712 607
f 713 714 716
f 716 714 715
f 717 718 720
f 720 718 719
f 722 634 721
f 721 634 633
f 724 725 723
f 723 725 726
f 728 729 727
f 727 729 730
f 732 733 731
f 731 733 734
f 707 710 735
f 735 710 736
f 643 737 644
f 644 737 738
f 740 741 739
f 739 741 742
f 608 744 743
f 743 744 745
f 747 748 746
f 746 748 749
f 751 752 750
f 750 752 753
f 754 755 757
f 757 755 756
f 758 759 761
f 761 759 760
f 763 764 762
f 762 764 765
f 767 768 766
f 766 768 769
f 771 772 770
f 770 772 773
f 775 776 774
f 774 776 777
f 779 780 778
f 778 780 781
f 783 712 782
f 782 712 784
f 785 786 788
f 788 786 787
f 790 628 789
f 789 628 627
f 792 793 791
f 791 793 794
f 795 796 726
f 726 796 723
f 798 799 797
f 797 799 800
f 721 633 801
f 801 633 677
f 797 800 802
f 802 800 803
f 805 806 804
f 804 806 807
f 809 810 808
f 808 810 811
f 813 814 812
f 812 814 815
f 809 808 817
f 817 808 816
f 818 819 804
f 804 819 805
f 820 821 818
f 818 821 819
f 821 820 587
f 587 820 822
f 809 823 810
f 810 823 824
f 814 807 815
f 815 807 806
f 826 426 825
f 825 426 223
f 426 826 427
f 427 826 827
f 828 829 454
f 454 829 830
f 831 832 677
f 677 832 801
f 834 835 833
f 833 835 836
f 838 839 837
f 837 839 840
f 841 842 844
f 844 842 843
f 845 846 803
f 803 846 802
f 847 831 678
f 678 831 677
f 848 849 851
f 851 849 850
f 853 854 852
f 852 854 855
f 857 858 856
f 856 858 680
f 860 861 859
f 859 861 862
f 864 865 863
f 863 865 866
f 868 869 867
f 867 869 870
f 839 871 840
f 840 871 872
f 849 848 874
f 874 848 873
f 876 877 875
f 875 877 878
f 880 881 879
f 879 881 882
f 883 884 886
f 886 884 885
f 846 887 802
f 802 887 888
f 890 891 889
f 889 891 888
f 893 894 892
f 892 894 895
f 896 897 728
f 728 897 729
f 899 900 898
f 898 900 901
f 902 852 904
f 904 852 903
f 849 905 850
f 850 905 906
f 875 878 907
f 907 878 908
f 910 911 909
f 909 911 912
f 914 915 913
f 913 915 916
f 917 918 862
f 862 918 859
f 919 920 856
f 856 920 921
f 923 924 922
f 922 924 925
f 926 927 925
f 925 927 922
f 929 930 928
f 928 930 693
f 932 695 931
f 931 695 694
f 823 867 824
f 824 867 933
f 935 936 934
f 934 936 937
f 938 868 823
f 823 868 867
f 940 847 939
f 939 847 678
f 632 655 678
f 678 655 939
f 941 942 619
f 619 942 620
f 687 943 688
f 688 943 944
f 851 850 945
f 945 850 903
f 850 906 903
f 903 906 904
f 946 947 949
f 949 947 948
f 951 952 950
f 950 952 953
f 955 956 954
f 954 956 957
f 907 958 875
f 875 958 874
f 960 961 959
f 959 961 962
f 963 853 902
f 902 853 852
f 909 964 910
f 910 964 965
f 967 968 966
f 966 968 969
f 971 972 970
f 970 972 973
f 974 960 975
f 975 960 959
f 977 978 976
f 976 978 979
f 981 977 980
f 980 977 976
f 980 982 981
f 981 982 983
f 985 983 984
f 984 983 982
f 984 986 985
f 985 986 987
f 989 990 988
f 988 990 991
f 993 994 992
f 992 994 995
f 997 998 996
f 996 998 999
f 1001 1002 1000
f 1000 1002 1003
f 1005 1006 1004
f 1004 1006 1007
f 1004 1008 1005
f 1005 1008 1009
f 1008 1010 1009
f 1009 1010 1011
f 1013 1011 1012
f 1012 1011 1010
f 1014 1015 1017
f 1017 1015 1016
f 1019 1020 1018
f 1018 1020 1021
f 1022 1023 976
f 976 1023 980
f 1024 1025 982
f 982 1025 984
f 992 995 1026
f 1026 995 1027
f 956 955 1028
f 1028 955 1029
f 1030 1031 1033
f 1033 1031 1032
f 1010 1008 1034
f 1034 1008 1035
f 1008 1004 1035
f 1035 1004 1036
f 1037 1038 1002
f 1002 1038 1007
f 1002 1001 1037
f 1037 1001 1039
f 1040 1041 997
f 997 1041 998
f 1015 1014 1043
f 1043 1014 1042
f 1044 1045 1047
f 1047 1045 1046
f 1044 1020 1048
f 1048 1020 1049
f 1050 1051 1003
f 1003 1051 1000
f 1052 1050 1006
f 1006 1050 1003
f 1053 1054 1011
f 1011 1054 1009
f 1013 1045 1055
f 1055 1045 1056
f 1058 1059 1057
f 1057 1059 1060
f 1062 1063 1061
f 1061 1063 1064
f 1065 1066 1050
f 1050 1066 1051
f 1067 1065 1052
f 1052 1065 1050
f 1068 1069 1054
f 1054 1069 1070
f 1071 1068 1053
f 1053 1068 1054
f 1073 1071 1072
f 1072 1071 1074
f 1074 1071 1055
f 1055 1071 1053
f 1076 1077 1075
f 1075 1077 1078
f 1079 1080 1057
f 1057 1080 1058
f 1081 1082 1064
f 1064 1082 1061
f 1084 1085 1083
f 1083 1085 1086
f 1088 1089 1087
f 1087 1089 1090
f 1092 1093 1091
f 1091 1093 1094
f 1096 1097 1095
f 1095 1097 1098
f 1099 1100 1102
f 1102 1100 1101
f 1103 1104 1099
f 1099 1104 1100
f 1106 1107 1105
f 1105 1107 1108
f 1110 1111 1109
f 1109 1111 1112
f 1114 1115 1113
f 1113 1115 1116
f 1118 1119 1117
f 1117 1119 1077
f 1117 1120 1122
f 1122 1120 1121
f 1105 1123 1106
f 1106 1123 1124
f 1125 1126 1128
f 1128 1126 1127
f 1130 1131 1129
f 1129 1131 1132
f 1134 1135 1133
f 1133 1135 1114
f 1113 1136 1114
f 1114 1136 1133
f 1118 1137 1113
f 1113 1137 1136
f 1118 1117 1137
f 1137 1117 1122
f 1139 1140 1138
f 1138 1140 1141
f 1143 953 1142
f 1142 953 952
f 1145 957 1144
f 1144 957 956
f 1028 1146 956
f 956 1146 1144
f 1014 1147 1042
f 1042 1147 1148
f 1014 1017 1147
f 1147 1017 1149
f 1059 1058 1150
f 1150 1058 1151
f 1153 1080 1152
f 1152 1080 1154
f 1156 1088 1155
f 1155 1088 1087
f 1157 1158 1106
f 1106 1158 1107
f 1106 1124 1157
f 1157 1124 1159
f 1161 1162 1160
f 1160 1162 1163
f 1165 1166 1164
f 1164 1166 1167
f 1168 1031 1012
f 1012 1031 1046
f 1024 1023 1035
f 1035 1023 1034
f 1036 1038 1025
f 1025 1038 1169
f 1170 1171 1039
f 1039 1171 1037
f 1028 1029 1042
f 1042 1029 1043
f 1172 1173 1175
f 1175 1173 1174
f 1055 1053 1013
f 1013 1053 1011
f 1005 1009 1070
f 1070 1009 1054
f 996 999 1062
f 1062 999 1063
f 1016 1060 1017
f 1017 1060 1059
f 1017 1059 1149
f 1149 1059 1150
f 1177 1178 1176
f 1176 1178 1103
f 1176 1072 1179
f 1179 1072 1074
f 1073 1102 1086
f 1086 1102 1083
f 1180 1181 1067
f 1067 1181 1065
f 1182 1183 1184
f 1184 1183 1181
f 1186 1187 1185
f 1185 1187 1188
f 1189 1190 798
f 798 1190 799
f 1192 1193 1191
f 1191 1193 1194
f 1195 1196 1194
f 1194 1196 1191
f 1196 1195 1198
f 1198 1195 1197
f 1200 674 1199
f 1199 674 673
f 928 1201 1203
f 1203 1201 1202
f 861 1204 862
f 862 1204 921
f 1205 1206 913
f 913 1206 1207
f 882 1208 879
f 879 1208 1209
f 1210 1211 1167
f 1167 1211 1164
f 1212 769 1213
f 1213 769 768
f 727 1214 728
f 728 1214 1215
f 1217 1218 1216
f 1216 1218 1219
f 1220 813 1221
f 1221 813 812
f 827 828 427
f 427 828 454
f 1223 1224 1222
f 1222 1224 1165
f 1226 1227 1225
f 1225 1227 1228
f 851 1229 848
f 848 1229 1230
f 834 854 835
f 835 854 1231
f 1233 1234 1232
f 1232 1234 1235
f 1237 751 1236
f 1236 751 750
f 743 819 1238
f 1238 819 821
f 1240 1241 1239
f 1239 1241 1242
f 1244 1245 1243
f 1243 1245 1246
f 844 1247 841
f 841 1247 1248
f 1250 1251 1249
f 1249 1251 1252
f 1254 893 1253
f 1253 893 1237
f 1255 1256 1258
f 1258 1256 1257
f 1260 1261 1259
f 1259 1261 1262
f 945 903 855
f 855 903 852
f 855 1263 945
f 945 1263 1264
f 832 845 801
f 801 845 803
f 800 721 803
f 803 721 801
f 721 800 722
f 722 800 799
f 1266 1267 1265
f 1265 1267 1268
f 1270 795 1269
f 1269 795 726
f 725 1271 726
f 726 1271 1269
f 737 765 738
f 738 765 764
f 759 740 760
f 760 740 739
f 717 1272 1274
f 1274 1272 1273
f 1163 1226 1275
f 1275 1226 1225
f 1277 882 1276
f 1276 882 881
f 1041 1040 1027
f 1027 1040 1026
f 900 935 901
f 901 935 934
f 1164 1278 1165
f 1165 1278 1222
f 1211 1279 1164
f 1164 1279 1278
f 442 1280 453
f 453 1280 1281
f 788 1282 785
f 785 1282 1283
f 1285 1286 1284
f 1284 1286 1287
f 1284 1288 1285
f 1285 1288 1289
f 757 1289 754
f 754 1289 1288
f 605 604 675
f 675 604 676
f 1290 1291 1293
f 1293 1291 1292
f 1295 1296 1294
f 1294 1296 1297
f 696 699 694
f 694 699 931
f 1298 1299 592
f 592 1299 589
f 1299 1300 589
f 589 1300 700
f 1300 1301 700
f 700 1301 701
f 743 745 819
f 819 745 805
f 1303 1304 1302
f 1302 1304 1305
f 1306 1307 1305
f 1305 1307 1302
f 609 1298 610
f 610 1298 592
f 587 822 588
f 588 822 1308
f 703 588 1309
f 1309 588 1308
f 1310 703 571
f 571 703 1309
f 1311 1312 789
f 789 1312 790
f 825 223 1313
f 1313 223 220
f 219 1314 220
f 220 1314 1313
f 1315 1316 1311
f 1311 1316 1312
f 1317 1318 1319
f 1319 1318 1241
f 441 1320 442
f 442 1320 1280
f 1321 217 572
f 572 217 216
f 1323 1230 1322
f 1322 1230 1229
f 1324 1325 631
f 631 1325 656
f 1034 1168 1010
f 1010 1168 1012
f 1327 1328 1326
f 1326 1328 1329
f 1331 1202 1330
f 1330 1202 1201
f 571 1309 572
f 572 1309 1321
f 573 572 1332
f 1332 572 216
f 1334 1335 1333
f 1333 1335 1336
f 1337 1338 918
f 918 1338 859
f 1339 863 1340
f 1340 863 866
f 1341 1342 1344
f 1344 1342 1343
f 1345 1346 919
f 919 1346 920
f 1347 1348 673
f 673 1348 1199
f 693 1349 928
f 928 1349 1201
f 1351 1257 1350
f 1350 1257 1256
f 1350 1352 1351
f 1351 1352 1353
f 653 930 654
f 654 930 662
f 1279 1354 1278
f 1278 1354 1355
f 1357 1358 1356
f 1356 1358 1359
f 937 1360 1140
f 1140 1360 1361
f 1225 1228 909
f 909 1228 964
f 901 934 1362
f 1362 934 1139
f 1364 1365 1363
f 1363 1365 1362
f 1367 912 1366
f 1366 912 911
f 1143 1142 1368
f 1368 1142 1369
f 1144 1186 1145
f 1145 1186 1185
f 1146 1175 1144
f 1144 1175 1186
f 1175 1146 1172
f 1172 1146 1148
f 1147 1018 1148
f 1148 1018 1172
f 1018 1147 1019
f 1019 1147 1149
f 1149 1150 1019
f 1019 1150 1370
f 1150 1151 1370
f 1370 1151 1371
f 1151 1153 1371
f 1371 1153 1177
f 1152 1156 1178
f 1178 1156 1372
f 1155 1158 1373
f 1373 1158 1374
f 1157 1159 1376
f 1376 1159 1375
f 1378 1379 1377
f 1377 1379 1380
f 1382 1383 1381
f 1381 1383 1384
f 1382 1386 1385
f 1385 1386 1387
f 1386 1233 1387
f 1387 1233 1232
f 1389 1390 1388
f 1388 1390 1391
f 1393 1394 1392
f 1392 1394 1395
f 1397 1398 1396
f 1396 1398 1399
f 629 1397 630
f 630 1397 1396
f 1342 1400 1343
f 1343 1400 1401
f 1403 1404 1402
f 1402 1404 1405
f 1407 1408 1406
f 1406 1408 1409
f 1411 1412 1410
f 1410 1412 1413
f 793 1414 794
f 794 1414 1415
f 1417 1341 1416
f 1416 1341 1344
f 704 705 1347
f 1347 705 1418
f 741 1419 742
f 742 1419 1420
f 1422 669 1421
f 1421 669 672
f 645 1423 646
f 646 1423 1424
f 1196 1198 614
f 614 1198 611
f 613 1425 614
f 614 1425 1426
f 1427 616 659
f 659 616 660
f 614 1426 1196
f 1196 1426 1191
f 696 594 697
f 697 594 590
f 697 590 700
f 700 590 589
f 703 1310 702
f 702 1310 1428
f 1421 672 1192
f 1192 672 689
f 1271 648 1269
f 1269 648 622
f 621 1270 622
f 622 1270 1269
f 1429 1430 1417
f 1417 1430 1341
f 1431 1432 1434
f 1434 1432 1433
f 1436 1437 1435
f 1435 1437 1438
f 1440 1441 1439
f 1439 1441 1442
f 1443 1444 1446
f 1446 1444 1445
f 823 809 938
f 938 809 817
f 810 1447 811
f 811 1447 1448
f 1449 1450 679
f 679 1450 706
f 913 916 1205
f 1205 916 1451
f 1275 1225 912
f 912 1225 909
f 1452 1453 880
f 880 1453 881
f 1444 1401 1445
f 1445 1401 1400
f 936 1454 937
f 937 1454 1360
f 824 1455 810
f 810 1455 1447
f 631 656 632
f 632 656 655
f 966 1456 967
f 967 1456 1457
f 1459 1460 1458
f 1458 1460 1461
f 1460 1462 1461
f 1461 1462 1463
f 972 974 973
f 973 974 975
f 990 995 991
f 991 995 994
f 1464 1187 1033
f 1033 1187 1174
f 1018 1021 1172
f 1172 1021 1173
f 1000 999 1001
f 1001 999 998
f 976 979 1022
f 1022 979 1032
f 1023 1024 980
f 980 1024 982
f 989 986 1171
f 1171 986 1169
f 1171 1170 989
f 989 1170 990
f 1170 1027 990
f 990 1027 995
f 1041 1039 998
f 998 1039 1001
f 1051 1063 1000
f 1000 1063 999
f 1066 1064 1051
f 1051 1064 1063
f 1183 1081 1066
f 1066 1081 1064
f 1178 1372 1103
f 1103 1372 1104
f 1092 1091 1465
f 1465 1091 1182
f 1467 1465 1466
f 1466 1465 1468
f 1469 1470 1184
f 1184 1470 1468
f 1095 1098 1471
f 1471 1098 1101
f 1076 1374 1120
f 1120 1374 1376
f 1110 1472 1127
f 1127 1472 1132
f 1472 1473 1132
f 1132 1473 1129
f 1474 1475 1466
f 1466 1475 1473
f 1119 1118 1116
f 1116 1118 1113
f 1375 1121 1376
f 1376 1121 1120
f 1127 1132 1128
f 1128 1132 1131
f 1227 1476 1228
f 1228 1476 1361
f 1365 1477 1362
f 1362 1477 872
f 1478 1479 1323
f 1323 1479 1230
f 1480 1481 914
f 914 1481 915
f 913 1277 914
f 914 1277 1276
f 1168 1034 1022
f 1022 1034 1023
f 1035 1036 1024
f 1024 1036 1025
f 1039 1041 1170
f 1170 1041 1027
f 1042 1148 1028
f 1028 1148 1146
f 968 1459 969
f 969 1459 1458
f 1482 1483 664
f 664 1483 665
f 1485 1486 1484
f 1484 1486 1487
f 1489 1490 1488
f 1488 1490 1491
f 1492 1493 722
f 722 1493 634
f 1495 1496 1494
f 1494 1496 1497
f 1498 1207 1339
f 1339 1207 863
f 1224 1499 1165
f 1165 1499 1166
f 1160 1163 1500
f 1500 1163 1275
f 1500 877 1160
f 1160 877 1501
f 876 873 1502
f 1502 873 1479
f 945 1264 851
f 851 1264 1229
f 835 1231 839
f 839 1231 871
f 1503 1283 778
f 778 1283 1282
f 716 715 1505
f 1505 715 1504
f 1446 1445 1507
f 1507 1445 1506
f 779 792 1381
f 1381 792 791
f 1430 1409 1341
f 1341 1409 1342
f 1411 1429 1508
f 1508 1429 1417
f 635 1510 1509
f 1509 1510 1511
f 1377 1380 1315
f 1315 1380 1316
f 1445 1400 1506
f 1506 1400 1408
f 918 917 1336
f 1336 917 1333
f 1513 1514 1512
f 1512 1514 870
f 1515 1516 1363
f 1363 1516 1364
f 1453 1517 881
f 881 1517 1276
f 992 1518 993
f 993 1518 1519
f 1520 1029 1518
f 1518 1029 955
f 1520 1026 1521
f 1521 1026 1040
f 1522 1015 1521
f 1521 1015 1043
f 996 1523 997
f 997 1523 1522
f 1060 1016 1524
f 1524 1016 1523
f 1061 1525 1062
f 1062 1525 1524
f 1079 1527 1526
f 1526 1527 1528
f 1093 1529 1094
f 1094 1529 1528
f 1111 1530 1112
f 1112 1530 1531
f 1532 1533 1105
f 1105 1533 1123
f 934 937 1139
f 1139 937 1140
f 1138 1363 1139
f 1139 1363 1362
f 1534 1222 1355
f 1355 1222 1278
f 1535 1223 1534
f 1534 1223 1222
f 821 587 1238
f 1238 587 586
f 1319 711 1317
f 1317 711 1536
f 1538 1200 1537
f 1537 1200 1199
f 1508 1417 1539
f 1539 1417 1416
f 1540 1541 840
f 840 1541 837
f 1231 898 871
f 871 898 901
f 1500 1275 1367
f 1367 1275 912
f 1543 1379 1542
f 1542 1379 1395
f 1539 772 1508
f 1508 772 1544
f 1546 1403 1545
f 1545 1403 1402
f 1548 1549 1547
f 1547 1549 1550
f 1552 1548 1551
f 1551 1548 1547
f 1554 1555 1553
f 1553 1555 1556
f 1558 1559 1557
f 1557 1559 1560
f 1562 1563 1561
f 1561 1563 1564
f 1566 1567 1565
f 1565 1567 1568
f 1570 1571 1569
f 1569 1571 1572
f 1574 1575 1573
f 1573 1575 1576
f 1577 1578 1572
f 1572 1578 1569
f 1580 1581 1579
f 1579 1581 1582
f 1584 1585 1583
f 1583 1585 1586
f 1588 1555 1587
f 1587 1555 1589
f 1591 1592 1590
f 1590 1592 1593
f 1595 1596 1594
f 1594 1596 1597
f 1596 1581 1597
f 1597 1581 1576
f 1599 1570 1598
f 1598 1570 1569
f 1601 1602 1600
f 1600 1602 1603
f 1605 1606 1604
f 1604 1606 1607
f 1608 1609 1568
f 1568 1609 1565
f 1611 1612 1610
f 1610 1612 1613
f 1615 1616 1614
f 1614 1616 1617
f 1619 1617 1618
f 1618 1617 1616
f 1621 1622 1620
f 1620 1622 1623
f 1625 1626 1624
f 1624 1626 1627
f 1629 1630 1628
f 1628 1630 1631
f 1633 1634 1632
f 1632 1634 1635
f 1636 1637 1639
f 1639 1637 1638
f 1641 1642 1640
f 1640 1642 1643
f 1624 1627 1644
f 1644 1627 1645
f 1647 1648 1646
f 1646 1648 1649
f 1651 1652 1650
f 1650 1652 1653
f 1655 1656 1654
f 1654 1656 1657
f 1659 1660 1658
f 1658 1660 1661
f 1662 1663 1631
f 1631 1663 1628
f 1651 1665 1664
f 1664 1665 1666
f 1667 1656 1619
f 1619 1656 1617
f 1669 1670 1668
f 1668 1670 1671
f 1632 1635 1672
f 1672 1635 1673
f 1674 1675 1638
f 1638 1675 1639
f 1677 1678 1676
f 1676 1678 1679
f 1680 1640 1681
f 1681 1640 1643
f 1682 1683 1643
f 1643 1683 1681
f 1670 1669 1235
f 1235 1669 1232
f 1396 1399 1674
f 1674 1399 1675
f 627 630 1679
f 1679 630 1676
f 1681 1315 1680
f 1680 1315 1311
f 1683 1377 1681
f 1681 1377 1315
f 1672 1673 1387
f 1387 1673 1385
f 1636 1684 1646
f 1646 1684 1685
f 1687 1688 1686
f 1686 1688 1689
f 1585 1690 1586
f 1586 1690 1691
f 1599 1692 1551
f 1551 1692 1693
f 1552 1558 1694
f 1694 1558 1557
f 1696 1615 1695
f 1695 1615 1614
f 1698 1699 1697
f 1697 1699 1623
f 1700 1701 1703
f 1703 1701 1702
f 1705 1706 1704
f 1704 1706 1707
f 1708 1709 1640
f 1640 1709 1641
f 1710 1711 1713
f 1713 1711 1712
f 1652 1655 1653
f 1653 1655 1654
f 1714 1699 1712
f 1712 1699 1713
f 1715 1710 1716
f 1716 1710 1713
f 1717 1708 1680
f 1680 1708 1640
f 1393 1392 1715
f 1715 1392 1710
f 1719 1720 1718
f 1718 1720 1721
f 1680 1311 1717
f 1717 1311 789
f 1378 1711 1392
f 1392 1711 1710
f 1388 1391 1719
f 1719 1391 1720
f 1723 1606 1722
f 1722 1606 1689
f 1725 1568 1724
f 1724 1568 1567
f 1726 1647 1685
f 1685 1647 1646
f 1728 1554 1727
f 1727 1554 1553
f 1591 1687 1600
f 1600 1687 1686
f 1730 1595 1729
f 1729 1595 1594
f 1601 1605 1731
f 1731 1605 1604
f 1733 1663 1732
f 1732 1663 1734
f 1736 1639 1735
f 1735 1639 1675
f 1658 1644 1737
f 1737 1644 1645
f 1726 1662 1724
f 1724 1662 1631
f 1399 1738 1675
f 1675 1738 1735
f 1621 1667 1739
f 1739 1667 1619
f 1714 1740 1620
f 1620 1740 1741
f 1592 1549 1593
f 1593 1549 1742
f 1602 1571 1603
f 1603 1571 1550
f 1688 1690 1689
f 1689 1690 1722
f 1588 1559 1582
f 1582 1559 1579
f 1673 1735 1385
f 1385 1735 1738
f 1387 1232 1672
f 1672 1232 1669
f 1580 1692 1573
f 1573 1692 1743
f 1377 1683 1378
f 1378 1683 1711
f 1664 1666 1744
f 1744 1666 1745
f 1744 1696 1664
f 1664 1696 1695
f 1746 1747 1732
f 1732 1747 1748
f 1749 1750 1677
f 1677 1750 1678
f 1709 1708 1750
f 1750 1708 1678
f 1668 1632 1669
f 1669 1632 1672
f 1633 1746 1734
f 1734 1746 1732
f 1679 1678 1717
f 1717 1678 1708
f 789 627 1717
f 1717 627 1679
f 1563 1723 1564
f 1564 1723 1722
f 1728 1584 1751
f 1751 1584 1583
f 1674 1676 1396
f 1396 1676 630
f 1666 1566 1745
f 1745 1566 1565
f 1627 1629 1645
f 1645 1629 1628
f 1637 1749 1638
f 1638 1749 1677
f 1648 1665 1649
f 1649 1665 1752
f 1740 1642 1741
f 1741 1642 1657
f 1676 1674 1677
f 1677 1674 1638
f 1683 1682 1711
f 1711 1682 1712
f 1618 1753 1619
f 1619 1753 1739
f 1701 1739 1702
f 1702 1739 1753
f 1754 1214 1756
f 1756 1214 1755
f 647 1757 619
f 619 1757 941
f 1759 1193 1758
f 1758 1193 691
f 1419 1760 1420
f 1420 1760 1761
f 682 1762 683
f 683 1762 1763
f 1412 780 1413
f 1413 780 1384
f 1383 1398 1384
f 1384 1398 1413
f 1197 1424 1764
f 1764 1424 1423
f 1537 1287 1538
f 1538 1287 1286
f 1634 1684 1635
f 1635 1684 1736
f 1724 1631 1725
f 1725 1631 1630
f 1562 1730 1610
f 1610 1730 1729
f 1735 1673 1736
f 1736 1673 1635
f 1757 1195 941
f 941 1195 1194
f 1766 200 1765
f 1765 200 199
f 475 500 476
f 476 500 479
f 498 558 483
f 483 558 487
f 545 551 546
f 546 551 550
f 453 1281 219
f 219 1281 1314
f 298 453 208
f 208 453 219
f 368 1765 1767
f 1767 1765 199
f 523 405 363
f 363 405 404
f 523 533 405
f 405 533 402
f 298 208 299
f 299 208 207
f 299 207 176
f 176 207 300
f 176 300 173
f 173 300 202
f 173 202 174
f 174 202 201
f 1337 918 1768
f 1768 918 1336
f 1769 1770 1338
f 1338 1770 859
f 581 570 578
f 578 570 1771
f 555 562 580
f 580 562 561
f 504 1772 501
f 501 1772 548
f 517 542 584
f 584 542 543
f 515 514 516
f 516 514 544
f 542 517 544
f 544 517 516
f 561 575 580
f 580 575 581
f 575 569 581
f 581 569 570
f 501 548 1773
f 1773 548 547
f 1774 1775 570
f 570 1775 1771
f 369 368 1776
f 1776 368 1767
f 372 369 375
f 375 369 1776
f 822 1280 1308
f 1308 1280 1320
f 820 1281 822
f 822 1281 1280
f 818 1314 820
f 820 1314 1281
f 1314 818 1313
f 1313 818 804
f 807 814 825
f 825 814 826
f 814 813 826
f 826 813 827
f 813 1220 827
f 827 1220 828
f 580 579 555
f 555 579 547
f 1477 1540 872
f 872 1540 840
f 367 499 368
f 368 499 1765
f 1766 1765 525
f 525 1765 499
f 1777 1766 526
f 526 1766 525
f 520 527 362
f 362 527 384
f 361 1778 519
f 519 1778 528
f 371 1779 372
f 372 1779 369
f 369 1779 370
f 370 1779 478
f 1779 371 478
f 478 371 374
f 1778 1777 528
f 528 1777 526
f 1781 1782 1780
f 1780 1782 1783
f 431 460 67
f 67 460 64
f 68 338 74
f 74 338 72
f 1785 1782 1784
f 1784 1782 1786
f 1787 1788 1790
f 1790 1788 1789
f 1792 1789 1791
f 1791 1789 1793
f 1791 1794 1792
f 1792 1794 1795
f 1794 1796 1795
f 1795 1796 1797
f 1797 1798 938
f 938 1798 868
f 1798 1799 868
f 868 1799 869
f 1801 1802 1800
f 1800 1802 1451
f 1803 1804 1205
f 1205 1804 1206
f 1805 1806 864
f 864 1806 865
f 1806 1807 865
f 865 1807 1808
f 68 71 338
f 287 328 288
f 1320 1321 1308
f 1308 1321 1309
f 1320 441 1321
f 1321 441 217
f 441 152 217
f 217 152 218
f 151 286 152
f 152 286 218
f 297 310 151
f 151 310 286
f 296 307 297
f 297 307 310
f 296 143 307
f 307 143 284
f 143 56 284
f 284 56 104
f 56 59 104
f 104 59 63
f 59 102 63
f 63 102 60
f 102 94 60
f 60 94 282
f 93 459 279
f 279 459 77
f 459 460 77
f 77 460 78
f 460 431 78
f 78 431 295
f 431 49 295
f 295 49 292
f 48 421 49
f 49 421 292
f 276 278 418
f 418 278 429
f 317 432 278
f 278 432 429
f 432 317 433
f 433 317 316
f 326 324 316
f 316 324 433
f 1536 592 1809
f 1809 592 591
f 1810 744 1812
f 1812 744 1811
f 1814 1815 1813
f 1813 1815 1816
f 1817 748 1818
f 1818 748 747
f 1812 1819 1810
f 1810 1819 1817
f 1820 1821 748
f 748 1821 749
f 1823 1824 1822
f 1822 1824 1825
f 1827 1828 1826
f 1826 1828 1829
f 1831 1832 1830
f 1830 1832 1833
f 1834 1827 1243
f 1243 1827 1826
f 1313 804 825
f 825 804 807
f 1835 1253 1236
f 1236 1253 1237
f 1836 1837 1438
f 1438 1837 1435
f 1838 1505 1840
f 1840 1505 1839
f 1841 1842 716
f 716 1842 713
f 1843 1844 1510
f 1510 1844 1845
f 1847 1848 1846
f 1846 1848 1849
f 1850 1240 1822
f 1822 1240 1239
f 636 1831 637
f 637 1831 1830
f 1852 1853 1851
f 1851 1853 1854
f 1855 1856 1858
f 1858 1856 1857
f 1846 1849 1859
f 1859 1849 1860
f 1343 1401 1509
f 1509 1401 1861
f 1509 1861 635
f 635 1861 636
f 1863 1864 1862
f 1862 1864 1865
f 1283 1503 1867
f 1867 1503 1866
f 1868 1867 681
f 681 1867 682
f 1286 1285 683
f 683 1285 684
f 757 756 1274
f 1274 756 1869
f 1274 1869 717
f 717 1869 718
f 1434 1433 719
f 719 1433 720
f 1200 1538 1545
f 1545 1538 1763
f 1285 1289 684
f 684 1289 1273
f 684 1273 681
f 681 1273 1272
f 785 1283 1868
f 1868 1283 1867
f 786 785 1870
f 1870 785 1868
f 1289 757 1273
f 1273 757 1274
f 1539 1416 1871
f 1871 1416 1872
f 773 1871 1403
f 1403 1871 1404
f 675 674 1405
f 1405 674 1402
f 1864 1873 1865
f 1865 1873 1874
f 638 1843 635
f 635 1843 1510
f 1344 1343 1511
f 1511 1343 1509
f 772 1539 773
f 773 1539 1871
f 674 1200 1402
f 1402 1200 1545
f 1538 1286 1763
f 1763 1286 683
f 1444 1443 1875
f 1875 1443 1876
f 1875 1876 1831
f 1831 1876 1832
f 1416 1344 1872
f 1872 1344 1511
f 1877 1878 774
f 774 1878 1879
f 1878 1847 1879
f 1879 1847 1846
f 1880 714 1881
f 1881 714 1848
f 1401 1444 1861
f 1861 1444 1875
f 1861 1875 636
f 636 1875 1831
f 1823 1863 1882
f 1882 1863 1862
f 1441 1440 1884
f 1884 1440 1883
f 1883 1852 1884
f 1884 1852 1851
f 1886 1887 1885
f 1885 1887 1888
f 1358 1889 1359
f 1359 1889 1890
f 1891 1886 1892
f 1892 1886 1885
f 774 1879 775
f 775 1879 1893
f 1859 1893 1846
f 1846 1893 1879
f 713 1842 1849
f 1849 1842 1860
f 1318 1895 1894
f 1894 1895 1896
f 1873 1897 1874
f 1874 1897 1898
f 1898 605 1899
f 1899 605 675
f 1405 1844 675
f 675 1844 1899
f 1404 1845 1405
f 1405 1845 1844
f 593 1296 591
f 591 1296 1809
f 1295 1292 1900
f 1900 1292 1895
f 606 1897 1291
f 1291 1897 1896
f 1510 1845 1511
f 1511 1845 1872
f 1871 1872 1404
f 1404 1872 1845
f 1866 770 1762
f 1762 770 1546
f 1762 682 1866
f 1866 682 1867
f 1870 1868 1272
f 1272 1868 681
f 1272 717 1870
f 1870 717 720
f 1870 720 786
f 786 720 1433
f 786 1433 787
f 787 1433 1432
f 1261 1414 1432
f 1432 1414 787
f 1389 1234 1260
f 1260 1234 1415
f 1719 1670 1388
f 1388 1670 1235
f 1718 1671 1719
f 1719 1671 1670
f 1705 1747 1718
f 1718 1747 1671
f 1659 1901 1704
f 1704 1901 1748
f 1877 1903 1902
f 1902 1903 1904
f 1259 1905 1390
f 1390 1905 1394
f 1715 1720 1393
f 1393 1720 1391
f 1716 1721 1715
f 1715 1721 1720
f 1698 1706 1716
f 1716 1706 1721
f 277 276 47
f 47 276 48
f 84 96 81
f 81 96 82
f 80 70 81
f 81 70 85
f 99 97 88
f 88 97 89
f 90 100 88
f 88 100 99
f 101 95 102
f 102 95 94
f 1906 1907 280
f 280 1907 281
f 97 86 89
f 89 86 85
f 60 282 61
f 61 282 281
f 83 82 46
f 46 82 47
f 293 292 420
f 420 292 421
f 419 1908 420
f 420 1908 1909
f 92 95 91
f 91 95 90
f 279 282 93
f 93 282 94
f 276 418 48
f 48 418 421
f 1910 1660 1697
f 1697 1660 1707
f 1703 1624 1700
f 1700 1624 1644
f 1622 1910 1623
f 1623 1910 1697
f 1701 1700 1911
f 1911 1700 1661
f 1700 1644 1661
f 1661 1644 1658
f 1901 1737 1733
f 1733 1737 1645
f 1625 1912 1604
f 1604 1912 1731
f 1912 1913 1731
f 1731 1913 1914
f 1913 1577 1914
f 1914 1577 1572
f 1915 1578 1616
f 1616 1578 1618
f 1915 1916 1598
f 1598 1916 1743
f 1916 1574 1743
f 1743 1574 1573
f 1575 1917 1576
f 1576 1917 1597
f 1917 1609 1597
f 1597 1609 1594
f 1608 1611 1729
f 1729 1611 1610
f 1918 1612 1629
f 1629 1612 1630
f 1626 1918 1627
f 1627 1918 1629
f 1920 1921 1919
f 1919 1921 1922
f 1920 1924 1923
f 1923 1924 1925
f 1926 1927 1924
f 1924 1927 1925
f 1929 1930 1928
f 1928 1930 1931
f 1932 1933 1935
f 1935 1933 1934
f 1937 1938 1936
f 1936 1938 1939
f 1941 1942 1940
f 1940 1942 1943
f 1941 1945 1944
f 1944 1945 1946
f 1947 1948 1694
f 1694 1948 1949
f 1950 1951 1953
f 1953 1951 1952
f 1955 1956 1954
f 1954 1956 1589
f 1958 1956 1957
f 1957 1956 1932
f 1960 1934 1959
f 1959 1934 1933
f 1962 1963 1961
f 1961 1963 1964
f 1965 1955 1751
f 1751 1955 1954
f 1935 1930 1932
f 1932 1930 1957
f 1951 1950 1926
f 1926 1950 1929
f 1966 1967 1593
f 1593 1967 1590
f 1969 1967 1968
f 1968 1967 1964
f 1962 1921 1970
f 1970 1921 1971
f 1963 1945 1964
f 1964 1945 1968
f 1972 1948 1922
f 1922 1948 1919
f 1966 1972 1961
f 1961 1972 1922
f 1958 1953 1587
f 1587 1953 1560
f 1974 1975 1973
f 1973 1975 1976
f 1978 1979 1977
f 1977 1979 1691
f 1979 1975 1691
f 1691 1975 1586
f 1938 1942 1939
f 1939 1942 1980
f 1952 1947 1557
f 1557 1947 1694
f 1969 1978 1981
f 1981 1978 1977
f 1983 1984 1982
f 1982 1984 1985
f 1986 1987 1989
f 1989 1987 1988
f 1990 1991 1983
f 1983 1991 1984
f 1990 1993 1992
f 1992 1993 1994
f 1995 1996 1994
f 1994 1996 1997
f 1999 2000 1998
f 1998 2000 2001
f 2003 2004 2002
f 2002 2004 2005
f 2007 2008 2006
f 2006 2008 2009
f 2011 2012 2010
f 2010 2012 2013
f 2014 2015 2017
f 2017 2015 2016
f 2018 2019 2021
f 2021 2019 2020
f 2022 1989 2024
f 2024 1989 2023
f 1989 1988 2023
f 2023 1988 2025
f 2026 2027 2017
f 2017 2027 2014
f 2029 2030 2028
f 2028 2030 2031
f 2033 2034 2032
f 2032 2034 2035
f 2032 2035 2036
f 2036 2035 2037
f 2039 2040 2038
f 2038 2040 2041
f 1982 2042 1983
f 1983 2042 2043
f 2045 2046 2044
f 2044 2046 2047
f 2049 2050 2048
f 2048 2050 2051
f 2053 2054 2052
f 2052 2054 2055
f 2057 2058 2056
f 2056 2058 2059
f 2060 2061 2033
f 2033 2061 2034
f 2063 2064 2062
f 2062 2064 2065
f 2066 2035 2067
f 2067 2035 2034
f 2069 2039 2068
f 2068 2039 2038
f 2025 2070 2023
f 2023 2070 2071
f 2072 2024 2071
f 2071 2024 2023
f 2074 2020 2073
f 2073 2020 2019
f 2050 2049 2047
f 2047 2049 2075
f 1983 2043 1990
f 1990 2043 1993
f 2006 2050 2007
f 2007 2050 2076
f 2050 2006 2051
f 2051 2006 2077
f 2079 2080 2078
f 2078 2080 2081
f 2082 2083 2085
f 2085 2083 2084
f 2010 2013 2086
f 2086 2013 2087
f 2089 2033 2088
f 2088 2033 2032
f 2090 2060 2089
f 2089 2060 2033
f 2092 2093 2091
f 2091 2093 2094
f 2096 1986 2095
f 2095 1986 2097
f 2097 1986 2022
f 2022 1986 1989
f 2015 2094 2016
f 2016 2094 2098
f 2016 2098 2100
f 2100 2098 2099
f 2017 2016 2101
f 2101 2016 2100
f 2017 2101 2026
f 2026 2101 2102
f 2100 2099 2104
f 2104 2099 2103
f 2104 2105 2100
f 2100 2105 2101
f 2105 2106 2101
f 2101 2106 2102
f 2108 2061 2107
f 2107 2061 2109
f 2111 2112 2110
f 2110 2112 2020
f 2020 2074 2110
f 2110 2074 2113
f 2115 2116 2114
f 2114 2116 2117
f 2118 2119 1995
f 1995 2119 2120
f 2121 2122 2027
f 2027 2122 2014
f 2047 2075 2044
f 2044 2075 2123
f 2124 2125 2127
f 2127 2125 2126
f 2129 2130 2128
f 2128 2130 2131
f 2132 2133 2057
f 2057 2133 2058
f 2134 1999 2136
f 2136 1999 2135
f 2055 2138 2137
f 2137 2138 2139
f 2141 2142 2140
f 2140 2142 2143
f 2083 2082 2064
f 2064 2082 2065
f 2082 2144 2065
f 2065 2144 2145
f 2040 2146 2041
f 2041 2146 2147
f 2060 2090 2148
f 2148 2090 2149
f 2048 2051 2137
f 2137 2051 2150
f 2151 1997 2135
f 2135 1997 1996
f 2152 2150 2077
f 2077 2150 2051
f 2046 2045 2118
f 2118 2045 2119
f 2154 2155 2153
f 2153 2155 2156
f 2158 2159 2157
f 2157 2159 2160
f 2162 2163 2161
f 2161 2163 2164
f 2164 2163 2165
f 2165 2163 2166
f 2168 2169 2167
f 2167 2169 2170
f 2003 2172 2171
f 2171 2172 2173
f 2174 2175 2002
f 2002 2175 2176
f 2145 2177 2065
f 2065 2177 2062
f 2178 2179 2180
f 2180 2179 2134
f 2181 2052 2152
f 2152 2052 2150
f 2040 2127 2146
f 2146 2127 2182
f 2130 2162 2131
f 2131 2162 2161
f 2052 2055 2150
f 2150 2055 2137
f 2184 2185 2183
f 2183 2185 2186
f 2159 2030 2160
f 2160 2030 2187
f 2146 2182 2029
f 2029 2182 2188
f 2189 2190 2192
f 2192 2190 2191
f 2172 2003 2176
f 2176 2003 2002
f 1998 2151 1999
f 1999 2151 2135
f 2177 2172 2062
f 2062 2172 2176
f 2172 2177 2173
f 2173 2177 2193
f 2063 2194 2064
f 2064 2194 2195
f 2066 2197 2196
f 2196 2197 2198
f 2002 2005 2174
f 2174 2005 2199
f 2004 2003 2200
f 2200 2003 2171
f 2198 2201 2171
f 2171 2201 2200
f 2197 2202 2198
f 2198 2202 2201
f 2202 2197 2203
f 2203 2197 2204
f 2196 2198 2173
f 2173 2198 2171
f 2205 2069 2170
f 2170 2069 2206
f 2197 2066 2204
f 2204 2066 2067
f 2107 2207 2108
f 2108 2207 2208
f 2210 2208 2209
f 2209 2208 2207
f 2185 2211 2212
f 2213 2214 2211
f 2211 2214 2212
f 1998 2001 2213
f 2213 2001 2214
f 2134 2215 1999
f 1999 2215 2000
f 2216 2217 2219
f 2219 2217 2218
f 2206 2220 2170
f 2170 2220 2167
f 2069 2068 2206
f 2206 2068 2221
f 2151 1998 2222
f 2222 1998 2213
f 2124 2039 2205
f 2205 2039 2069
f 2142 2223 2143
f 2143 2223 2128
f 2203 2186 2202
f 2202 2186 2185
f 2185 2184 2211
f 2211 2184 2224
f 2224 2225 2222
f 2222 2225 2226
f 2071 2227 2072
f 2072 2227 2228
f 2229 2074 2230
f 2230 2074 2073
f 2074 2229 2113
f 2113 2229 2231
f 2232 2225 2227
f 2227 2225 2224
f 2233 2234 2031
f 2031 2234 2028
f 2236 2231 2235
f 2235 2231 2229
f 2230 2183 2229
f 2229 2183 2235
f 2237 1987 2096
f 2096 1987 1986
f 2152 2238 2181
f 2181 2238 2239
f 2080 2240 2081
f 2081 2240 2241
f 2236 2242 1971
f 1971 2242 1970
f 1925 2113 1923
f 1923 2113 2231
f 2110 1927 2111
f 2111 1927 1928
f 2103 2111 1931
f 1931 2111 1928
f 1931 2243 2103
f 2103 2243 2104
f 2105 2104 2244
f 2244 2104 2243
f 1939 1980 2148
f 2148 1980 2109
f 1980 1944 2109
f 2109 1944 2107
f 1946 2245 2207
f 2207 2245 2209
f 2245 1970 2209
f 2209 1970 2242
f 2231 2236 1923
f 1923 2236 1971
f 2113 1925 2110
f 2110 1925 1927
f 2234 2246 2028
f 2028 2246 2147
f 2247 2248 2058
f 2058 2248 2059
f 2114 2117 2249
f 2249 2117 2250
f 2252 2253 2251
f 2251 2253 2254
f 2094 2015 2091
f 2091 2015 2255
f 2256 2255 2014
f 2014 2255 2015
f 2257 2145 2258
f 2258 2145 2144
f 2131 2161 2123
f 2123 2161 2044
f 2045 2044 2164
f 2164 2044 2161
f 2045 2164 2119
f 2119 2164 2165
f 2259 2120 2165
f 2165 2120 2119
f 2260 2261 2259
f 2259 2261 2120
f 2205 2262 2124
f 2124 2262 2125
f 2180 2263 2178
f 2178 2263 2264
f 2265 2266 2092
f 2092 2266 2093
f 1992 2267 2268
f 2184 2228 2224
f 2224 2228 2227
f 2048 2269 2049
f 2049 2269 2141
f 2129 2168 2157
f 2157 2168 2167
f 2049 2141 2075
f 2075 2141 2140
f 2199 2215 2270
f 2270 2215 2271
f 2142 2141 2272
f 2272 2141 2269
f 2089 2026 2090
f 2090 2026 2102
f 2146 2029 2147
f 2147 2029 2028
f 2111 2103 2112
f 2112 2103 2099
f 2061 2060 2109
f 2109 2060 2148
f 2273 2274 2041
f 2041 2274 2038
f 2260 2275 2261
f 2261 2275 2136
f 2057 2138 2132
f 2132 2138 2276
f 2272 2269 2056
f 2056 2269 2139
f 2277 2278 2270
f 2270 2278 2199
f 2029 2188 2030
f 2030 2188 2187
f 2040 2039 2127
f 2127 2039 2124
f 2064 2195 2083
f 2083 2195 2279
f 2056 2139 2057
f 2057 2139 2138
f 2278 2277 2247
f 2247 2277 2248
f 2062 2176 2063
f 2063 2176 2175
f 2280 2210 2242
f 2242 2210 2209
f 2282 2233 2281
f 2281 2233 2031
f 2216 2219 2283
f 2283 2219 2221
f 2158 2220 2218
f 2218 2220 2219
f 2217 2282 2218
f 2218 2282 2281
f 2220 2158 2167
f 2167 2158 2157
f 2223 2264 2128
f 2128 2264 2263
f 2261 1996 2120
f 2120 1996 1995
f 2213 2211 2222
f 2222 2211 2224
f 2283 2221 2284
f 2284 2221 2068
f 2135 1996 2136
f 2136 1996 2261
f 2144 2081 2258
f 2258 2081 2241
f 2235 2280 2236
f 2236 2280 2242
f 2246 2273 2147
f 2147 2273 2041
f 2036 2285 2032
f 2032 2285 2088
f 2077 2286 2152
f 2152 2286 2238
f 1937 1960 1973
f 1973 1960 1959
f 2070 2232 2071
f 2071 2232 2227
f 2244 2287 2105
f 2105 2287 2106
f 1936 1939 2149
f 2149 1939 2148
f 1944 1946 2107
f 2107 1946 2207
f 2285 2121 2088
f 2088 2121 2027
f 2253 2249 2254
f 2254 2249 2250
f 2006 2009 2077
f 2077 2009 2286
f 2289 2086 2288
f 2288 2086 2087
f 2223 2142 2290
f 2290 2142 2272
f 2128 2131 2143
f 2143 2131 2123
f 2156 2291 2153
f 2153 2291 2175
f 2292 2293 2278
f 2278 2293 2294
f 2075 2140 2123
f 2123 2140 2143
f 2262 2169 2275
f 2275 2169 2180
f 2275 2180 2136
f 2136 2180 2134
f 2274 2284 2038
f 2038 2284 2068
f 2127 2126 2182
f 2182 2126 2166
f 2094 2093 2098
f 2098 2093 2021
f 2098 2021 2099
f 2099 2021 2112
f 2018 2021 2266
f 2266 2021 2093
f 2251 2289 2252
f 2252 2289 2288
f 1997 2151 2226
f 2226 2151 2222
f 2206 2221 2220
f 2220 2221 2219
f 2269 2048 2139
f 2139 2048 2137
f 2159 2158 2281
f 2281 2158 2218
f 2156 2155 2190
f 2190 2155 2191
f 1974 1965 1583
f 1583 1965 1751
f 2088 2027 2089
f 2089 2027 2026
f 2030 2159 2031
f 2031 2159 2281
f 2106 2149 2102
f 2102 2149 2090
f 2287 1936 2106
f 2106 1936 2149
f 2293 2154 2294
f 2294 2154 2153
f 2021 2020 2112
f 2247 2295 2278
f 2278 2295 2292
f 2284 2296 2283
f 2283 2296 2297
f 2298 2296 2274
f 2274 2296 2284
f 2273 2299 2274
f 2274 2299 2298
f 2246 2300 2273
f 2273 2300 2299
f 2283 2297 2216
f 2216 2297 2301
f 2216 2301 2217
f 2217 2301 2302
f 2302 2303 2217
f 2217 2303 2282
f 2304 2301 2305
f 2305 2301 2297
f 2307 2308 2306
f 2306 2308 2309
f 2306 2310 2307
f 2307 2310 2311
f 2307 2312 2308
f 2308 2312 2313
f 2314 2315 2312
f 2312 2315 2316
f 2316 2317 2312
f 2312 2317 2313
f 2317 2305 2313
f 2313 2305 2318
f 2314 2312 2311
f 2311 2312 2307
f 2319 2320 2322
f 2322 2320 2321
f 2322 2311 2319
f 2319 2311 2310
f 2313 2318 2308
f 2308 2318 2309
f 2296 2298 2318
f 2318 2298 2309
f 2309 2298 2323
f 2323 2298 2299
f 2306 2309 2324
f 2324 2309 2323
f 2310 2306 2325
f 2325 2306 2324
f 2296 2318 2297
f 2297 2318 2305
f 2319 2310 2326
f 2326 2310 2325
f 2328 2325 2327
f 2327 2325 2324
f 2325 2328 2326
f 2326 2328 2329
f 2331 2328 2330
f 2330 2328 2327
f 2332 2333 2327
f 2327 2333 2330
f 2328 2331 2329
f 2329 2331 2334
f 2324 2323 2327
f 2327 2323 2332
f 2300 2332 2299
f 2299 2332 2323
f 2326 2335 2319
f 2319 2335 2320
f 2305 2317 2336
f 2336 2317 2316
f 2336 2316 2337
f 2337 2316 2315
f 2338 2304 2336
f 2336 2304 2305
f 2337 2339 2336
f 2336 2339 2338
f 2337 2315 2341
f 2341 2315 2340
f 2342 2300 2234
f 2234 2300 2246
f 2303 2343 2282
f 2282 2343 2233
f 2234 2233 2342
f 2342 2233 2343
f 2342 2343 2333
f 2333 2343 2344
f 2333 2344 2330
f 2330 2344 2345
f 2346 2344 2303
f 2303 2344 2343
f 2332 2300 2333
f 2333 2300 2342
f 2347 2346 2302
f 2302 2346 2303
f 2301 2304 2302
f 2302 2304 2347
f 2304 2338 2347
f 2347 2338 2348
f 2348 2349 2347
f 2347 2349 2346
f 2350 2351 2348
f 2348 2351 2349
f 2349 2345 2346
f 2346 2345 2344
f 2345 2349 2352
f 2352 2349 2351
f 2338 2339 2348
f 2348 2339 2350
f 2350 2339 2353
f 2353 2339 2354
f 2356 2357 2355
f 2355 2357 2353
f 2351 2350 2357
f 2357 2350 2353
f 2353 2354 2355
f 2355 2354 2335
f 2320 2335 2341
f 2341 2335 2354
f 2339 2337 2354
f 2354 2337 2341
f 2352 2331 2345
f 2345 2331 2330
f 2356 2334 2352
f 2352 2334 2331
f 2356 2352 2357
f 2357 2352 2351
f 2355 2329 2356
f 2356 2329 2334
f 2335 2326 2355
f 2355 2326 2329
f 2321 2314 2322
f 2322 2314 2311
f 2321 2320 2340
f 2340 2320 2341
f 2315 2314 2340
f 2340 2314 2321
f 2125 2260 2126
f 2126 2260 2259
f 2157 2160 2129
f 2129 2160 2130
f 2188 2163 2187
f 2187 2163 2162
f 2182 2166 2188
f 2188 2166 2163
f 2180 2169 2263
f 2263 2169 2168
f 2160 2187 2130
f 2130 2187 2162
f 2275 2260 2262
f 2262 2260 2125
f 2128 2263 2129
f 2129 2263 2168
f 2262 2205 2169
f 2169 2205 2170
f 2165 2166 2259
f 2259 2166 2126
f 2359 2360 2358
f 2358 2360 2361
f 2363 2364 2362
f 2362 2364 2365
f 2367 2363 2366
f 2366 2363 2362
f 2368 2369 2371
f 2371 2369 2370
f 2372 2373 2248
f 2248 2373 2059
f 2364 2374 2365
f 2365 2374 2375
f 2377 2378 2376
f 2376 2378 2379
f 2290 2380 2223
f 2223 2380 2381
f 2223 2381 2264
f 2264 2381 2382
f 2384 2385 2383
f 2383 2385 2386
f 2364 2371 2374
f 2374 2371 2387
f 2059 2373 2290
f 2290 2373 2380
f 2378 2360 2379
f 2379 2360 2388
f 2374 2387 2359
f 2359 2387 2389
f 2390 2367 2386
f 2386 2367 2391
f 2393 2394 2392
f 2392 2394 2395
f 2386 2391 2383
f 2383 2391 2396
f 2367 2366 2391
f 2391 2366 2397
f 2363 2367 2368
f 2368 2367 2390
f 2398 2399 2361
f 2361 2399 2358
f 2399 2400 2358
f 2358 2400 2375
f 2390 2401 2368
f 2368 2401 2369
f 2372 2384 2376
f 2376 2384 2383
f 2374 2359 2375
f 2375 2359 2358
f 2402 2403 2365
f 2365 2403 2362
f 2359 2389 2360
f 2360 2389 2388
f 2364 2363 2371
f 2371 2363 2368
f 2405 2398 2404
f 2404 2398 2361
f 2392 2395 2406
f 2406 2395 2397
f 2377 2396 2394
f 2394 2396 2395
f 2394 2393 2404
f 2404 2393 2405
f 2396 2377 2383
f 2383 2377 2376
f 2406 2397 2407
f 2407 2397 2366
f 2400 2402 2375
f 2375 2402 2365
f 2385 2270 2401
f 2401 2270 2271
f 2403 2407 2362
f 2362 2407 2366
f 2371 2370 2387
f 2387 2370 2382
f 2391 2397 2396
f 2396 2397 2395
f 2378 2377 2404
f 2404 2377 2394
f 2360 2378 2361
f 2361 2378 2404
f 2407 2408 2406
f 2406 2408 2409
f 2410 2408 2403
f 2403 2408 2407
f 2411 2410 2402
f 2402 2410 2403
f 2412 2411 2400
f 2400 2411 2402
f 2406 2409 2392
f 2392 2409 2413
f 2392 2413 2393
f 2393 2413 2414
f 2415 2405 2414
f 2414 2405 2393
f 2416 2413 2417
f 2417 2413 2409
f 2419 2420 2418
f 2418 2420 2421
f 2420 2422 2421
f 2421 2422 2423
f 2420 2424 2422
f 2422 2424 2425
f 2426 2427 2424
f 2424 2427 2428
f 2428 2429 2424
f 2424 2429 2425
f 2426 2424 2419
f 2419 2424 2420
f 2419 2418 2431
f 2431 2418 2430
f 2425 2432 2422
f 2422 2432 2423
f 2408 2410 2432
f 2432 2410 2423
f 2423 2410 2433
f 2433 2410 2411
f 2421 2423 2434
f 2434 2423 2433
f 2435 2418 2434
f 2434 2418 2421
f 2429 2417 2425
f 2425 2417 2432
f 2408 2432 2409
f 2409 2432 2417
f 2418 2435 2430
f 2430 2435 2436
f 2438 2435 2437
f 2437 2435 2434
f 2435 2438 2436
f 2436 2438 2439
f 2441 2438 2440
f 2440 2438 2437
f 2442 2443 2437
f 2437 2443 2440
f 2439 2438 2444
f 2444 2438 2441
f 2433 2442 2434
f 2434 2442 2437
f 2412 2442 2411
f 2411 2442 2433
f 2436 2445 2430
f 2430 2445 2446
f 2430 2446 2431
f 2431 2446 2447
f 2417 2429 2448
f 2448 2429 2428
f 2427 2449 2428
f 2428 2449 2448
f 2450 2416 2448
f 2448 2416 2417
f 2451 2450 2449
f 2449 2450 2448
f 2427 2452 2449
f 2449 2452 2453
f 2447 2446 2452
f 2452 2446 2453
f 2454 2412 2399
f 2399 2412 2400
f 2415 2455 2405
f 2405 2455 2398
f 2399 2398 2454
f 2454 2398 2455
f 2454 2455 2443
f 2443 2455 2456
f 2443 2456 2440
f 2440 2456 2457
f 2458 2456 2415
f 2415 2456 2455
f 2443 2442 2454
f 2454 2442 2412
f 2459 2458 2414
f 2414 2458 2415
f 2413 2416 2414
f 2414 2416 2459
f 2459 2416 2460
f 2460 2416 2450
f 2460 2461 2459
f 2459 2461 2458
f 2462 2463 2460
f 2460 2463 2461
f 2461 2457 2458
f 2458 2457 2456
f 2457 2461 2464
f 2464 2461 2463
f 2451 2462 2450
f 2450 2462 2460
f 2462 2451 2465
f 2465 2451 2466
f 2468 2469 2467
f 2467 2469 2465
f 2463 2462 2469
f 2469 2462 2465
f 2465 2466 2467
f 2467 2466 2445
f 2446 2445 2453
f 2453 2445 2466
f 2451 2449 2466
f 2466 2449 2453
f 2464 2441 2457
f 2457 2441 2440
f 2468 2444 2464
f 2464 2444 2441
f 2468 2464 2469
f 2469 2464 2463
f 2467 2439 2468
f 2468 2439 2444
f 2445 2436 2467
f 2467 2436 2439
f 2447 2426 2431
f 2431 2426 2419
f 2427 2426 2452
f 2452 2426 2447
f 2369 2179 2370
f 2370 2179 2178
f 2376 2379 2372
f 2372 2379 2373
f 2389 2381 2388
f 2388 2381 2380
f 2387 2382 2389
f 2389 2382 2381
f 2270 2385 2277
f 2277 2385 2384
f 2379 2388 2373
f 2373 2388 2380
f 2401 2271 2369
f 2369 2271 2179
f 2248 2277 2372
f 2372 2277 2384
f 2401 2390 2385
f 2385 2390 2386
f 2264 2382 2178
f 2178 2382 2370
f 2215 2134 2271
f 2271 2134 2179
f 2005 2000 2199
f 2199 2000 2215
f 2004 2001 2005
f 2005 2001 2000
f 2200 2214 2004
f 2004 2214 2001
f 2470 2471 2473
f 2473 2471 2472
f 2475 2476 2474
f 2474 2476 2477
f 2479 2475 2478
f 2478 2475 2474
f 2481 2482 2480
f 2480 2482 2483
f 2476 2484 2477
f 2477 2484 2485
f 2487 2488 2486
f 2486 2488 2489
f 2133 2490 2058
f 2058 2490 2491
f 2058 2491 2247
f 2247 2491 2492
f 2494 2495 2493
f 2493 2495 2496
f 2476 2483 2484
f 2484 2483 2497
f 2472 2498 2488
f 2488 2498 2489
f 2484 2497 2471
f 2471 2497 2499
f 2500 2479 2496
f 2496 2479 2501
f 2502 2503 2505
f 2505 2503 2504
f 2496 2501 2493
f 2493 2501 2506
f 2479 2478 2501
f 2501 2478 2507
f 2475 2479 2480
f 2480 2479 2500
f 2508 2509 2473
f 2473 2509 2470
f 2509 2510 2470
f 2470 2510 2485
f 2511 2481 2500
f 2500 2481 2480
f 2512 2494 2486
f 2486 2494 2493
f 2485 2484 2470
f 2470 2484 2471
f 2513 2514 2477
f 2477 2514 2474
f 2471 2499 2472
f 2472 2499 2498
f 2476 2475 2483
f 2483 2475 2480
f 2516 2508 2515
f 2515 2508 2473
f 2502 2505 2517
f 2517 2505 2507
f 2504 2487 2505
f 2505 2487 2506
f 2503 2516 2504
f 2504 2516 2515
f 2506 2487 2493
f 2493 2487 2486
f 2517 2507 2518
f 2518 2507 2478
f 2510 2513 2485
f 2485 2513 2477
f 2511 2495 2293
f 2293 2495 2154
f 2514 2518 2474
f 2474 2518 2478
f 2483 2482 2497
f 2497 2482 2492
f 2501 2507 2506
f 2506 2507 2505
f 2488 2487 2515
f 2515 2487 2504
f 2472 2488 2473
f 2473 2488 2515
f 2518 2519 2517
f 2517 2519 2520
f 2521 2519 2514
f 2514 2519 2518
f 2522 2521 2513
f 2513 2521 2514
f 2523 2522 2510
f 2510 2522 2513
f 2517 2520 2502
f 2502 2520 2524
f 2502 2524 2503
f 2503 2524 2525
f 2525 2526 2503
f 2503 2526 2516
f 2527 2524 2528
f 2528 2524 2520
f 2530 2531 2529
f 2529 2531 2532
f 2531 2533 2532
f 2532 2533 2534
f 2531 2535 2533
f 2533 2535 2536
f 2537 2538 2535
f 2535 2538 2539
f 2539 2540 2535
f 2535 2540 2536
f 2537 2535 2530
f 2530 2535 2531
f 2529 2541 2530
f 2530 2541 2542
f 2543 2534 2536
f 2536 2534 2533
f 2519 2521 2543
f 2543 2521 2534
f 2534 2521 2544
f 2544 2521 2522
f 2532 2534 2545
f 2545 2534 2544
f 2529 2532 2546
f 2546 2532 2545
f 2536 2540 2543
f 2543 2540 2528
f 2519 2543 2520
f 2520 2543 2528
f 2541 2529 2547
f 2547 2529 2546
f 2548 2549 2545
f 2545 2549 2546
f 2549 2550 2546
f 2546 2550 2547
f 2551 2552 2548
f 2548 2552 2549
f 2548 2553 2551
f 2551 2553 2554
f 2550 2549 2555
f 2555 2549 2552
f 2545 2544 2548
f 2548 2544 2553
f 2523 2553 2522
f 2522 2553 2544
f 2547 2556 2541
f 2541 2556 2557
f 2541 2557 2542
f 2542 2557 2558
f 2528 2540 2559
f 2559 2540 2539
f 2538 2560 2539
f 2539 2560 2559
f 2561 2527 2559
f 2559 2527 2528
f 2560 2562 2559
f 2559 2562 2561
f 2560 2538 2564
f 2564 2538 2563
f 2558 2557 2563
f 2563 2557 2564
f 2565 2523 2509
f 2509 2523 2510
f 2526 2566 2516
f 2516 2566 2508
f 2509 2508 2565
f 2565 2508 2566
f 2565 2566 2554
f 2554 2566 2567
f 2554 2567 2551
f 2551 2567 2568
f 2569 2567 2526
f 2526 2567 2566
f 2553 2523 2554
f 2554 2523 2565
f 2570 2569 2525
f 2525 2569 2526
f 2524 2527 2525
f 2525 2527 2570
f 2527 2561 2570
f 2570 2561 2571
f 2571 2572 2570
f 2570 2572 2569
f 2573 2574 2571
f 2571 2574 2572
f 2572 2568 2569
f 2569 2568 2567
f 2568 2572 2575
f 2575 2572 2574
f 2562 2573 2561
f 2561 2573 2571
f 2573 2562 2576
f 2576 2562 2577
f 2579 2580 2578
f 2578 2580 2576
f 2574 2573 2580
f 2580 2573 2576
f 2576 2577 2578
f 2578 2577 2556
f 2557 2556 2564
f 2564 2556 2577
f 2562 2560 2577
f 2577 2560 2564
f 2575 2552 2568
f 2568 2552 2551
f 2579 2555 2575
f 2575 2555 2552
f 2579 2575 2580
f 2580 2575 2574
f 2550 2555 2578
f 2578 2555 2579
f 2556 2547 2578
f 2578 2547 2550
f 2558 2537 2542
f 2542 2537 2530
f 2538 2537 2563
f 2563 2537 2558
f 2292 2295 2481
f 2481 2295 2482
f 2486 2489 2512
f 2512 2489 2581
f 2499 2491 2498
f 2498 2491 2490
f 2497 2492 2499
f 2499 2492 2491
f 2155 2154 2494
f 2494 2154 2495
f 2581 2489 2490
f 2490 2489 2498
f 2293 2292 2511
f 2511 2292 2481
f 2191 2155 2512
f 2512 2155 2494
f 2500 2496 2511
f 2511 2496 2495
f 2247 2492 2295
f 2295 2492 2482
f 2583 2584 2582
f 2582 2584 2585
f 2587 2588 2586
f 2586 2588 2589
f 2591 2587 2590
f 2590 2587 2586
f 2593 2594 2592
f 2592 2594 2595
f 2596 2597 2599
f 2599 2597 2598
f 2588 2600 2589
f 2589 2600 2601
f 2602 2603 2605
f 2605 2603 2604
f 2606 2607 2609
f 2609 2607 2608
f 2609 2608 2190
f 2190 2608 2610
f 2611 2612 2614
f 2614 2612 2613
f 2600 2588 2615
f 2615 2588 2595
f 2599 2598 2606
f 2606 2598 2607
f 2584 2616 2604
f 2604 2616 2605
f 2600 2615 2583
f 2583 2615 2617
f 2591 2619 2618
f 2618 2619 2614
f 2621 2622 2620
f 2620 2622 2623
f 2619 2624 2614
f 2614 2624 2611
f 2591 2590 2619
f 2619 2590 2625
f 2587 2591 2592
f 2592 2591 2618
f 2626 2627 2585
f 2585 2627 2582
f 2627 2628 2582
f 2582 2628 2601
f 2629 2593 2618
f 2618 2593 2592
f 2602 2597 2611
f 2611 2597 2612
f 2600 2583 2601
f 2601 2583 2582
f 2630 2631 2589
f 2589 2631 2586
f 2583 2617 2584
f 2584 2617 2616
f 2588 2587 2595
f 2595 2587 2592
f 2633 2626 2632
f 2632 2626 2585
f 2620 2623 2634
f 2634 2623 2625
f 2622 2603 2623
f 2623 2603 2624
f 2621 2633 2622
f 2622 2633 2632
f 2611 2624 2602
f 2602 2624 2603
f 2634 2625 2635
f 2635 2625 2590
f 2628 2630 2601
f 2601 2630 2589
f 2613 2195 2629
f 2629 2195 2194
f 2631 2635 2586
f 2586 2635 2590
f 2595 2594 2615
f 2615 2594 2610
f 2619 2625 2624
f 2624 2625 2623
f 2632 2604 2622
f 2622 2604 2603
f 2585 2584 2632
f 2632 2584 2604
f 2635 2636 2634
f 2634 2636 2637
f 2638 2636 2631
f 2631 2636 2635
f 2639 2638 2630
f 2630 2638 2631
f 2640 2639 2628
f 2628 2639 2630
f 2634 2637 2620
f 2620 2637 2641
f 2620 2641 2621
f 2621 2641 2642
f 2642 2643 2621
f 2621 2643 2633
f 2641 2637 2644
f 2644 2637 2645
f 2646 2647 2649
f 2649 2647 2648
f 2648 2650 2649
f 2649 2650 2651
f 2648 2652 2650
f 2650 2652 2653
f 2652 2654 2656
f 2656 2654 2655
f 2656 2657 2652
f 2652 2657 2653
f 2654 2652 2647
f 2647 2652 2648
f 2647 2646 2659
f 2659 2646 2658
f 2660 2651 2653
f 2653 2651 2650
f 2636 2638 2660
f 2660 2638 2651
f 2651 2638 2661
f 2661 2638 2639
f 2651 2661 2649
f 2649 2661 2662
f 2663 2646 2662
f 2662 2646 2649
f 2653 2657 2660
f 2660 2657 2645
f 2636 2660 2637
f 2637 2660 2645
f 2646 2663 2658
f 2658 2663 2664
f 2665 2666 2662
f 2662 2666 2663
f 2666 2667 2663
f 2663 2667 2664
f 2668 2669 2665
f 2665 2669 2666
f 2665 2670 2668
f 2668 2670 2671
f 2667 2666 2672
f 2672 2666 2669
f 2662 2661 2665
f 2665 2661 2670
f 2640 2670 2639
f 2639 2670 2661
f 2673 2674 2664
f 2664 2674 2658
f 2658 2674 2659
f 2659 2674 2675
f 2645 2657 2676
f 2676 2657 2656
f 2677 2676 2655
f 2655 2676 2656
f 2676 2678 2645
f 2645 2678 2644
f 2677 2679 2676
f 2676 2679 2678
f 2655 2680 2677
f 2677 2680 2681
f 2675 2674 2680
f 2680 2674 2681
f 2682 2640 2627
f 2627 2640 2628
f 2643 2683 2633
f 2633 2683 2626
f 2682 2627 2683
f 2683 2627 2626
f 2683 2684 2682
f 2682 2684 2671
f 2684 2685 2671
f 2671 2685 2668
f 2686 2684 2643
f 2643 2684 2683
f 2670 2640 2671
f 2671 2640 2682
f 2687 2686 2642
f 2642 2686 2643
f 2642 2641 2687
f 2687 2641 2644
f 2687 2644 2688
f 2688 2644 2678
f 2688 2689 2687
f 2687 2689 2686
f 2690 2691 2688
f 2688 2691 2689
f 2689 2685 2686
f 2686 2685 2684
f 2685 2689 2692
f 2692 2689 2691
f 2679 2690 2678
f 2678 2690 2688
f 2690 2679 2693
f 2693 2679 2694
f 2696 2697 2695
f 2695 2697 2693
f 2691 2690 2697
f 2697 2690 2693
f 2693 2694 2695
f 2695 2694 2673
f 2674 2673 2681
f 2681 2673 2694
f 2679 2677 2694
f 2694 2677 2681
f 2685 2692 2668
f 2668 2692 2669
f 2696 2672 2692
f 2692 2672 2669
f 2696 2692 2697
f 2697 2692 2691
f 2695 2667 2696
f 2696 2667 2672
f 2673 2664 2695
f 2695 2664 2667
f 2675 2654 2659
f 2659 2654 2647
f 2655 2654 2680
f 2680 2654 2675
f 2291 2156 2593
f 2593 2156 2594
f 2597 2602 2598
f 2598 2602 2605
f 2616 2617 2607
f 2607 2617 2608
f 2615 2610 2617
f 2617 2610 2608
f 2597 2596 2612
f 2612 2596 2698
f 2598 2605 2607
f 2607 2605 2616
f 2194 2291 2629
f 2629 2291 2593
f 2629 2618 2613
f 2613 2618 2614
f 2190 2610 2156
f 2156 2610 2594
f 2700 2010 2699
f 2699 2010 2086
f 2267 2701 2116
f 2116 2701 2702
f 2116 2702 2117
f 2117 2702 2703
f 2704 2705 2250
f 2250 2705 2254
f 2011 2706 2267
f 2267 2706 2701
f 2699 2086 2707
f 2707 2086 2289
f 2010 2700 2011
f 2011 2700 2706
f 2708 2707 2251
f 2251 2707 2289
f 2703 2704 2117
f 2117 2704 2250
f 2705 2708 2254
f 2254 2708 2251
f 2709 2710 2708
f 2708 2710 2707
f 2711 2709 2705
f 2705 2709 2708
f 2712 2711 2704
f 2704 2711 2705
f 2713 2712 2703
f 2703 2712 2704
f 2707 2710 2699
f 2699 2710 2714
f 2699 2714 2700
f 2700 2714 2715
f 2716 2706 2715
f 2715 2706 2700
f 2714 2710 2717
f 2717 2710 2718
f 2720 2721 2719
f 2719 2721 2722
f 2721 2723 2722
f 2722 2723 2724
f 2721 2725 2723
f 2723 2725 2726
f 2727 2728 2725
f 2725 2728 2726
f 2729 2725 2720
f 2720 2725 2721
f 2731 2729 2730
f 2730 2729 2720
f 2719 2732 2720
f 2720 2732 2730
f 2726 2733 2723
f 2723 2733 2724
f 2709 2711 2733
f 2733 2711 2724
f 2724 2711 2734
f 2734 2711 2712
f 2722 2724 2735
f 2735 2724 2734
f 2719 2722 2736
f 2736 2722 2735
f 2726 2728 2733
f 2733 2728 2718
f 2709 2733 2710
f 2710 2733 2718
f 2732 2719 2737
f 2737 2719 2736
f 2738 2739 2735
f 2735 2739 2736
f 2739 2740 2736
f 2736 2740 2737
f 2741 2742 2738
f 2738 2742 2739
f 2738 2743 2741
f 2741 2743 2744
f 2740 2739 2745
f 2745 2739 2742
f 2735 2734 2738
f 2738 2734 2743
f 2713 2743 2712
f 2712 2743 2734
f 2737 2746 2732
f 2732 2746 2747
f 2732 2747 2730
f 2730 2747 2731
f 2718 2728 2748
f 2748 2728 2727
f 2749 2750 2727
f 2727 2750 2748
f 2748 2751 2718
f 2718 2751 2717
f 2750 2752 2748
f 2748 2752 2751
f 2750 2749 2754
f 2754 2749 2753
f 2731 2747 2753
f 2753 2747 2754
f 2727 2725 2749
f 2749 2725 2729
f 2749 2729 2753
f 2753 2729 2731
f 2702 2755 2703
f 2703 2755 2713
f 2706 2716 2701
f 2701 2716 2756
f 2755 2702 2756
f 2756 2702 2701
f 2756 2757 2755
f 2755 2757 2744
f 2757 2758 2744
f 2744 2758 2741
f 2759 2757 2716
f 2716 2757 2756
f 2743 2713 2744
f 2744 2713 2755
f 2760 2759 2715
f 2715 2759 2716
f 2715 2714 2760
f 2760 2714 2717
f 2760 2717 2761
f 2761 2717 2751
f 2761 2762 2760
f 2760 2762 2759
f 2763 2764 2761
f 2761 2764 2762
f 2762 2758 2759
f 2759 2758 2757
f 2758 2762 2765
f 2765 2762 2764
f 2752 2763 2751
f 2751 2763 2761
f 2763 2752 2766
f 2766 2752 2767
f 2768 2769 2766
f 2766 2769 2770
f 2764 2763 2770
f 2770 2763 2766
f 2766 2767 2768
f 2768 2767 2746
f 2747 2746 2754
f 2754 2746 2767
f 2752 2750 2767
f 2767 2750 2754
f 2758 2765 2741
f 2741 2765 2742
f 2769 2745 2765
f 2765 2745 2742
f 2769 2765 2770
f 2770 2765 2764
f 2768 2740 2769
f 2769 2740 2745
f 2746 2737 2768
f 2768 2737 2740
f 2201 2212 2200
f 2200 2212 2214
f 2201 2202 2212
f 2212 2202 2185
f 2512 2581 2191
f 2191 2581 2192
f 2059 2290 2056
f 2056 2290 2272
f 2174 2199 2294
f 2294 2199 2278
f 2063 2175 2194
f 2194 2175 2291
f 2192 2581 2133
f 2133 2581 2490
f 2133 2132 2192
f 2192 2132 2189
f 2054 2276 2055
f 2055 2276 2138
f 2083 2279 2084
f 2084 2279 2771
f 2771 2279 2599
f 2599 2279 2596
f 2606 2772 2599
f 2599 2772 2771
f 2772 2773 2771
f 2771 2773 2084
f 2773 2774 2084
f 2084 2774 2085
f 2085 2775 2082
f 2082 2775 2144
f 2774 2078 2085
f 2085 2078 2775
f 2078 2774 2079
f 2079 2774 2776
f 2774 2773 2776
f 2776 2773 2777
f 2773 2772 2777
f 2777 2772 2778
f 2190 2189 2609
f 2609 2189 2778
f 2053 2052 2779
f 2779 2052 2181
f 2144 2775 2081
f 2081 2775 2078
f 2294 2153 2174
f 2174 2153 2175
f 2132 2276 2189
f 2189 2276 2778
f 2606 2609 2772
f 2772 2609 2778
f 2195 2613 2698
f 2698 2613 2612
f 2596 2279 2698
f 2698 2279 2195
f 2054 2777 2276
f 2276 2777 2778
f 2777 2054 2776
f 2776 2054 2053
f 2053 2779 2776
f 2776 2779 2079
f 2779 2181 2079
f 2079 2181 2080
f 2181 2239 2080
f 2080 2239 2240
f 2122 2256 2014
f 2042 1982 2076
f 2076 1982 2007
f 1982 1985 2007
f 2007 1985 2008
f 2095 2097 2265
f 2265 2097 2266
f 2076 2050 2042
f 2042 2050 2047
f 2046 2043 2047
f 2047 2043 2042
f 2118 1993 2046
f 2046 1993 2043
f 1995 1994 2118
f 2118 1994 1993
f 2267 1992 2011
f 2011 1992 2012
f 1997 2012 1994
f 1994 2012 1992
f 2226 2013 1997
f 1997 2013 2012
f 2225 2087 2226
f 2226 2087 2013
f 2225 2232 2087
f 2087 2232 2288
f 2232 2070 2288
f 2288 2070 2252
f 2070 2025 2252
f 2252 2025 2253
f 1988 2249 2025
f 2025 2249 2253
f 2116 2115 2267
f 2267 2115 2268
f 2096 1984 2237
f 2237 1984 1991
f 2095 1985 2096
f 2096 1985 1984
f 2265 2008 2095
f 2095 2008 1985
f 2092 2009 2265
f 2265 2009 2008
f 2091 2286 2092
f 2092 2286 2009
f 2255 2238 2091
f 2091 2238 2286
f 2256 2239 2255
f 2255 2239 2238
f 2122 2240 2256
f 2256 2240 2239
f 2121 2241 2122
f 2122 2241 2240
f 2022 2018 2097
f 2097 2018 2266
f 2022 2024 2018
f 2018 2024 2019
f 2024 2072 2019
f 2019 2072 2073
f 2072 2228 2073
f 2073 2228 2230
f 2228 2184 2230
f 2230 2184 2183
f 2121 2285 2241
f 2241 2285 2258
f 2285 2036 2258
f 2258 2036 2257
f 2177 2145 2193
f 2193 2145 2257
f 2173 2193 2196
f 2196 2193 2037
f 2036 2037 2257
f 2257 2037 2193
f 2196 2037 2066
f 2066 2037 2035
f 2061 2108 2034
f 2034 2108 2067
f 2108 2208 2067
f 2067 2208 2204
f 2208 2210 2204
f 2204 2210 2203
f 2210 2280 2203
f 2203 2280 2186
f 2183 2186 2235
f 2235 2186 2280
f 1987 2114 1988
f 1988 2114 2249
f 2237 2115 1987
f 1987 2115 2114
f 1991 2268 2237
f 2237 2268 2115
f 1991 1990 2268
f 2268 1990 1992
f 107 110 2781
f 2781 110 2780
f 117 2782 118
f 118 2782 2783
f 119 2784 120
f 120 2784 2785
f 125 2786 126
f 126 2786 2787
f 127 2788 128
f 128 2788 2789
f 127 132 2788
f 2788 132 2790
f 231 230 2792
f 2792 230 2791
f 118 2783 119
f 119 2783 2784
f 241 243 2794
f 2794 243 2793
f 2781 2795 107
f 107 2795 352
f 120 2785 437
f 437 2785 2796
f 126 2787 110
f 110 2787 2780
f 455 2797 456
f 456 2797 2798
f 128 2789 457
f 457 2789 2799
f 456 2798 117
f 117 2798 2782
f 2794 2797 241
f 241 2797 455
f 457 2799 125
f 125 2799 2786
f 132 231 2790
f 2790 231 2792
f 230 437 2791
f 2791 437 2796
f 2792 2789 2790
f 2790 2789 2788
f 2785 2784 2801
f 2801 2784 2800
f 2786 2802 2787
f 2787 2802 2803
f 2792 2791 2805
f 2805 2791 2804
f 2784 2783 2800
f 2800 2783 2806
f 2785 2801 2796
f 2796 2801 2807
f 2787 2803 2780
f 2780 2803 2808
f 2789 2809 2799
f 2799 2809 2810
f 2799 2810 2786
f 2786 2810 2802
f 2791 2796 2804
f 2804 2796 2807
f 2789 2792 2809
f 2809 2792 2805
f 2812 2797 2811
f 2811 2797 2794
f 2809 2805 2810
f 2810 2805 2804
f 2810 2804 2802
f 2802 2804 2807
f 2802 2807 2803
f 2803 2807 2801
f 2808 2803 2800
f 2800 2803 2801
f 2814 699 2813
f 2813 699 698
f 2808 2815 2780
f 2780 2815 2781
f 2817 2782 2816
f 2816 2782 2798
f 2815 2818 2781
f 2781 2818 2795
f 2797 2812 2798
f 2798 2812 2816
f 2783 2782 2806
f 2806 2782 2817
f 2800 2806 2808
f 2808 2806 2815
f 2794 2793 2811
f 2811 2793 2819
f 174 201 384
f 384 201 362
f 200 1766 390
f 390 1766 1777
f 1777 1778 390
f 390 1778 398
f 1778 361 398
f 398 361 222
f 2820 2821 628
f 628 2821 629
f 1406 2820 790
f 790 2820 628
f 794 1415 1233
f 1233 1415 1234
f 1406 790 1407
f 1407 790 1312
f 1407 1312 2822
f 2822 1312 1316
f 2823 1380 1543
f 1543 1380 1379
f 1385 1738 1382
f 1382 1738 1383
f 1381 791 1382
f 1382 791 1386
f 791 794 1386
f 1386 794 1233
f 1259 1390 1260
f 1260 1390 1389
f 1905 1542 1394
f 1394 1542 1395
f 1410 1413 1397
f 1397 1413 1398
f 2821 1410 629
f 629 1410 1397
f 2823 2822 1380
f 1380 2822 1316
f 1392 1395 1378
f 1378 1395 1379
f 1738 1399 1383
f 1383 1399 1398
f 1388 1235 1389
f 1389 1235 1234
f 1393 1391 1394
f 1394 1391 1390
f 1381 1384 779
f 779 1384 780
f 1282 788 792
f 792 788 793
f 1431 1262 1432
f 1432 1262 1261
f 1400 1342 1408
f 1408 1342 1409
f 1508 1544 1411
f 1411 1544 1412
f 788 787 793
f 793 787 1414
f 2821 2820 1429
f 1429 2820 1430
f 2822 2823 1506
f 1506 2823 1507
f 778 1282 779
f 779 1282 792
f 2820 1406 1430
f 1430 1406 1409
f 1410 2821 1411
f 1411 2821 1429
f 1407 2822 1408
f 1408 2822 1506
f 1544 781 1412
f 1412 781 780
f 1260 1415 1261
f 1261 1415 1414
f 1334 2824 923
f 923 2824 924
f 2826 1268 2825
f 2825 1268 1267
f 769 1212 2827
f 2827 1212 2828
f 1492 1190 1266
f 1266 1190 1267
f 1488 2829 1489
f 1489 2829 2830
f 922 1329 923
f 923 1329 1328
f 1484 2831 1485
f 1485 2831 2832
f 1482 2833 1485
f 1485 2833 1486
f 1324 1493 1489
f 1489 1493 1490
f 1265 1491 1266
f 1266 1491 1490
f 2835 2836 2834
f 2834 2836 2837
f 1250 2838 2827
f 2827 2838 2839
f 1488 1491 2840
f 2840 1491 2841
f 1268 2826 2842
f 2842 2826 2843
f 2844 2845 1495
f 1495 2845 1496
f 1427 2847 2846
f 2846 2847 926
f 2829 1488 2848
f 2848 1488 2840
f 1329 922 2849
f 2849 922 927
f 2850 2851 768
f 768 2851 1213
f 1265 1268 2852
f 2852 1268 2842
f 1491 1265 2841
f 2841 1265 2852
f 2854 2855 2853
f 2853 2855 2856
f 2855 2857 2856
f 2856 2857 598
f 2857 2858 598
f 598 2858 595
f 2858 2859 595
f 595 2859 626
f 649 652 2860
f 2860 652 2861
f 639 642 2862
f 2862 642 2863
f 2864 705 2862
f 2862 705 639
f 2865 1418 2864
f 2864 1418 705
f 2866 2867 2865
f 2865 2867 1418
f 1760 1348 1761
f 1761 1348 2867
f 1764 2868 1197
f 1197 2868 1198
f 2869 611 2868
f 2868 611 1198
f 2870 612 2869
f 2869 612 611
f 1352 1350 944
f 944 1350 688
f 1350 1256 688
f 688 1256 685
f 1256 1255 685
f 685 1255 692
f 1255 2871 692
f 692 2871 2872
f 701 2873 698
f 698 2873 2813
f 2872 1349 692
f 692 1349 693
f 1696 1744 1574
f 1574 1744 1575
f 1753 1618 1577
f 1577 1618 1578
f 1729 1594 1608
f 1608 1594 1609
f 1725 1630 1611
f 1611 1630 1612
f 1604 1607 1625
f 1625 1607 1626
f 1624 1703 1625
f 1625 1703 1912
f 1703 1702 1912
f 1912 1702 1913
f 1702 1753 1913
f 1913 1753 1577
f 1598 1569 1915
f 1915 1569 1578
f 1616 1615 1915
f 1915 1615 1916
f 1615 1696 1916
f 1916 1696 1574
f 1744 1745 1575
f 1575 1745 1917
f 1745 1565 1917
f 1917 1565 1609
f 1568 1725 1608
f 1608 1725 1611
f 2874 1613 1918
f 1918 1613 1612
f 1607 2874 1626
f 1626 2874 1918
f 1610 1613 1562
f 1562 1613 1563
f 1547 1550 1570
f 1570 1550 1571
f 1573 1576 1580
f 1580 1576 1581
f 1553 1556 1595
f 1595 1556 1596
f 1556 1582 1596
f 1596 1582 1581
f 1551 1547 1599
f 1599 1547 1570
f 1731 1914 1601
f 1601 1914 1602
f 1686 1689 1605
f 1605 1689 1606
f 1598 1743 1599
f 1599 1743 1692
f 2874 1607 1723
f 1723 1607 1606
f 1727 1553 1730
f 1730 1553 1595
f 1600 1686 1601
f 1601 1686 1605
f 1914 1572 1602
f 1602 1572 1571
f 1579 1693 1580
f 1580 1693 1692
f 1613 2874 1563
f 1563 2874 1723
f 1561 1727 1562
f 1562 1727 1730
f 1949 1742 1548
f 1548 1742 1549
f 1694 1949 1552
f 1552 1949 1548
f 1954 1589 1554
f 1554 1589 1555
f 1693 1579 1558
f 1558 1579 1559
f 1561 1564 1584
f 1584 1564 1585
f 1582 1556 1588
f 1588 1556 1555
f 1600 1603 1591
f 1591 1603 1592
f 1981 1977 1687
f 1687 1977 1688
f 1564 1722 1585
f 1585 1722 1690
f 1551 1693 1552
f 1552 1693 1558
f 1751 1954 1728
f 1728 1954 1554
f 1590 1981 1591
f 1591 1981 1687
f 1603 1550 1592
f 1592 1550 1549
f 1977 1691 1688
f 1688 1691 1690
f 1587 1560 1588
f 1588 1560 1559
f 1727 1561 1728
f 1728 1561 1584
f 2875 1919 1947
f 1947 1919 1948
f 1557 1560 1952
f 1952 1560 1953
f 1933 1932 1955
f 1955 1932 1956
f 1587 1589 1958
f 1958 1589 1956
f 1959 1933 1965
f 1965 1933 1955
f 1961 1964 1966
f 1966 1964 1967
f 1981 1590 1969
f 1969 1590 1967
f 1742 1949 1972
f 1972 1949 1948
f 1593 1742 1966
f 1966 1742 1972
f 1957 1950 1958
f 1958 1950 1953
f 1583 1586 1974
f 1974 1586 1975
f 1940 1943 1978
f 1978 1943 1979
f 1943 1976 1979
f 1979 1976 1975
f 1951 2875 1952
f 1952 2875 1947
f 1968 1940 1969
f 1969 1940 1978
f 1973 1959 1974
f 1974 1959 1965
f 1923 1971 1920
f 1920 1971 1921
f 1919 2875 1920
f 1920 2875 1924
f 2875 1951 1924
f 1924 1951 1926
f 1950 1957 1929
f 1929 1957 1930
f 2244 2243 1934
f 1934 2243 1935
f 1973 1976 1937
f 1937 1976 1938
f 1944 1980 1941
f 1941 1980 1942
f 1940 1968 1941
f 1941 1968 1945
f 2287 2244 1960
f 1960 2244 1934
f 1970 2245 1962
f 1962 2245 1963
f 2243 1931 1935
f 1935 1931 1930
f 1927 1926 1928
f 1928 1926 1929
f 1961 1922 1962
f 1962 1922 1921
f 2245 1946 1963
f 1963 1946 1945
f 1976 1943 1938
f 1938 1943 1942
f 1936 2287 1937
f 1937 2287 1960
f 743 1238 608
f 608 1238 609
f 607 1811 608
f 608 1811 744
f 1304 2876 1305
f 1305 2876 2877
f 586 585 1298
f 1298 585 1299
f 585 702 1299
f 1299 702 1300
f 702 1428 1300
f 1300 1428 1301
f 1238 586 609
f 609 586 1298
f 2878 2879 1218
f 1218 2879 2877
f 2880 2881 1812
f 1812 2881 1819
f 2883 1821 2882
f 2882 1821 1820
f 2840 2841 620
f 620 2841 621
f 2842 2843 795
f 795 2843 796
f 892 895 2844
f 2844 895 2845
f 2848 2840 942
f 942 2840 620
f 2849 927 1202
f 1202 927 1203
f 2852 2842 1270
f 1270 2842 795
f 2841 2852 621
f 621 2852 1270
f 941 1759 942
f 942 1759 2884
f 659 929 1427
f 1427 929 2847
f 1237 2851 751
f 751 2851 2850
f 1216 2885 1217
f 1217 2885 1754
f 2887 734 2886
f 2886 734 733
f 2889 1816 2888
f 2888 1816 1815
f 2890 1245 2889
f 2889 1245 1816
f 1824 2891 1825
f 1825 2891 1246
f 2892 2893 2895
f 2895 2893 2894
f 1854 1833 1851
f 1851 1833 1832
f 1851 1832 1884
f 1884 1832 1876
f 1884 1876 1441
f 1441 1876 1443
f 1441 1443 1442
f 1442 1443 1446
f 1442 1446 2896
f 2896 1446 1507
f 2897 2823 2898
f 2898 2823 1543
f 1542 2899 1543
f 1543 2899 2898
f 1542 1905 2899
f 2899 1905 2900
f 1905 1259 2900
f 2900 1259 2901
f 1262 1431 2902
f 2902 1431 1904
f 1431 1434 1904
f 1904 1434 1902
f 1902 1434 2903
f 2903 1434 719
f 2903 719 2904
f 2904 719 718
f 1869 1881 718
f 718 1881 2904
f 1881 1869 1880
f 1880 1869 756
f 1880 756 2905
f 2905 756 755
f 2905 755 2906
f 2906 755 758
f 762 2907 763
f 763 2907 2908
f 724 723 2909
f 2909 723 894
f 796 895 723
f 723 895 894
f 2843 2845 796
f 796 2845 895
f 2826 1496 2843
f 2843 1496 2845
f 2825 1497 2826
f 2826 1497 1496
f 1189 2836 2825
f 2825 2836 1497
f 797 891 798
f 798 891 2837
f 802 888 797
f 797 888 891
f 2910 2911 2913
f 2913 2911 2912
f 1780 1783 2915
f 2915 1783 2914
f 2916 2917 831
f 831 2917 832
f 2918 2919 845
f 845 2919 846
f 2920 2916 847
f 847 2916 831
f 2921 2922 857
f 857 2922 858
f 2923 2924 860
f 860 2924 861
f 2919 2912 846
f 846 2912 887
f 2925 2920 940
f 940 2920 847
f 2924 2926 861
f 861 2926 1204
f 2917 2918 832
f 832 2918 845
f 2927 2928 1449
f 1449 2928 1450
f 2929 2930 889
f 889 2930 2931
f 2896 1507 2897
f 2897 1507 2823
f 2902 2901 1262
f 1262 2901 1259
f 2932 2933 750
f 750 2933 1236
f 2933 2934 1236
f 1236 2934 1835
f 2936 2937 2935
f 2935 2937 2938
f 2940 2941 2939
f 2939 2941 2942
f 2943 2944 1841
f 1841 2944 1842
f 2945 1860 2944
f 2944 1860 1842
f 2945 2946 1860
f 1860 2946 1859
f 1889 2947 1890
f 1890 2947 1856
f 1856 2947 1857
f 1857 2947 2948
f 2950 709 2949
f 2949 709 1829
f 2952 730 2951
f 2951 730 729
f 2866 2953 2867
f 2867 2953 1761
f 2953 2954 1761
f 1761 2954 1420
f 2954 2955 1420
f 1420 2955 742
f 2955 2956 742
f 742 2956 739
f 2956 2957 739
f 739 2957 760
f 2957 2958 760
f 760 2958 761
f 2958 2959 761
f 761 2959 2960
f 2959 2961 2960
f 2960 2961 2962
f 2963 2964 1839
f 1839 2964 1840
f 2964 2965 1840
f 1840 2965 2942
f 2966 2950 2939
f 2939 2950 2949
f 2935 2967 2936
f 2936 2967 2968
f 2969 2970 736
f 736 2970 735
f 734 2887 1815
f 1815 2887 2888
f 2887 2882 2888
f 2888 2882 2881
f 1819 1820 1817
f 1817 1820 748
f 1195 1757 1197
f 1197 1757 1424
f 1757 647 1424
f 1424 647 646
f 647 648 646
f 646 648 643
f 648 1271 643
f 643 1271 737
f 1271 725 737
f 737 725 765
f 725 724 765
f 765 724 762
f 762 724 2907
f 2907 724 2909
f 1254 1437 2909
f 2909 1437 2907
f 1438 1253 1836
f 1836 1253 1835
f 1836 1835 2938
f 2938 1835 2934
f 2971 2972 2935
f 2935 2972 2967
f 897 896 2969
f 2969 896 2970
f 1815 1814 734
f 734 1814 731
f 728 1215 896
f 896 1215 732
f 2885 1216 733
f 733 1216 2886
f 1216 1219 2886
f 2886 1219 2883
f 2876 1304 1821
f 1821 1304 749
f 1304 1303 749
f 749 1303 746
f 1818 2973 1817
f 1817 2973 1810
f 747 2974 1818
f 1818 2974 2973
f 747 746 2974
f 2974 746 1303
f 2976 2977 2975
f 2975 2977 2978
f 2976 2979 2901
f 2901 2979 2900
f 2980 2981 2982
f 2982 2981 2979
f 2981 2980 2983
f 2983 2980 2984
f 2985 2897 2983
f 2983 2897 2898
f 2987 2988 2986
f 2986 2988 2985
f 2896 2988 1442
f 1442 2988 1439
f 1903 2977 1904
f 1904 2977 2902
f 1856 1855 1890
f 1890 1855 2989
f 2989 2990 1890
f 1890 2990 1359
f 2990 2991 1359
f 1359 2991 1356
f 2946 2992 1859
f 1859 2992 1893
f 2992 2993 1893
f 1893 2993 775
f 2993 2994 775
f 775 2994 776
f 2986 1356 2987
f 2987 1356 2991
f 2975 2978 776
f 776 2978 777
f 2982 2994 2980
f 2980 2994 2995
f 1357 2984 2995
f 2995 2984 2980
f 2995 2996 1357
f 1357 2996 1358
f 2996 2997 1358
f 1358 2997 1889
f 2998 2999 2932
f 2932 2999 2933
f 2999 2971 2933
f 2933 2971 2934
f 1837 1836 2937
f 2937 1836 2938
f 2943 1841 2941
f 2941 1841 1838
f 3001 2944 3000
f 3000 2944 2943
f 3001 3002 2944
f 2944 3002 2945
f 3002 3003 2945
f 2945 3003 2946
f 2997 3003 1889
f 1889 3003 2947
f 2947 3003 2948
f 2948 3003 3002
f 3001 3004 3002
f 3002 3004 2948
f 3000 3005 3001
f 3001 3005 3004
f 2940 3006 3000
f 3000 3006 3005
f 2999 3007 2971
f 2971 3007 2972
f 2998 2951 2999
f 2999 2951 3007
f 3008 2952 2998
f 2998 2952 2951
f 2966 2965 2936
f 2936 2965 2937
f 2935 2938 2971
f 2971 2938 2934
f 3003 2997 2946
f 2946 2997 2992
f 2997 2996 2992
f 2992 2996 2993
f 2996 2995 2993
f 2993 2995 2994
f 1356 2986 1357
f 1357 2986 2984
f 2982 2975 2994
f 2994 2975 776
f 1844 1843 1899
f 1899 1843 3009
f 1843 638 3009
f 3009 638 3010
f 638 637 3010
f 3010 637 3011
f 637 1830 3011
f 3011 1830 3012
f 1830 1833 3012
f 3012 1833 2894
f 1833 1854 2894
f 2894 1854 2895
f 1854 1853 2895
f 2895 1853 1888
f 1858 1857 1885
f 1885 1857 1892
f 1899 3009 1898
f 1898 3009 1874
f 3009 3010 1874
f 1874 3010 1865
f 3010 3011 1865
f 1865 3011 1862
f 3011 3012 1862
f 1862 3012 1882
f 3012 2894 1882
f 1882 2894 2893
f 1850 2890 782
f 782 2890 2889
f 783 2880 1811
f 1811 2880 1812
f 744 1810 745
f 745 1810 2973
f 745 2973 805
f 805 2973 806
f 2973 2974 806
f 806 2974 815
f 1303 812 2974
f 2974 812 815
f 1303 1302 812
f 812 1302 1221
f 1307 3013 1302
f 1302 3013 1221
f 1734 3014 1633
f 1633 3014 1634
f 1646 1649 1636
f 1636 1649 1637
f 1654 1657 1641
f 1641 1657 1642
f 1639 1736 1636
f 1636 1736 1684
f 1716 1713 1698
f 1698 1713 1699
f 1718 1721 1705
f 1705 1721 1706
f 1653 1654 1709
f 1709 1654 1641
f 1620 1623 1714
f 1714 1623 1699
f 1712 1682 1714
f 1714 1682 1740
f 1668 1671 1746
f 1746 1671 1747
f 1752 1650 1749
f 1749 1650 1750
f 1750 1650 1709
f 1709 1650 1653
f 1632 1668 1633
f 1633 1668 1746
f 1649 1752 1637
f 1637 1752 1749
f 1682 1643 1740
f 1740 1643 1642
f 3014 1685 1634
f 1634 1685 1684
f 1704 1748 1705
f 1705 1748 1747
f 1697 1707 1698
f 1698 1707 1706
f 1739 1701 1621
f 1621 1701 1622
f 1567 1566 1647
f 1647 1566 1648
f 1664 1695 1651
f 1651 1695 1652
f 1614 1617 1655
f 1655 1617 1656
f 1704 1707 1659
f 1659 1707 1660
f 3014 1734 1662
f 1662 1734 1663
f 1650 1752 1651
f 1651 1752 1665
f 1741 1657 1667
f 1667 1657 1656
f 1695 1614 1652
f 1652 1614 1655
f 1724 1567 1726
f 1726 1567 1647
f 1645 1628 1733
f 1733 1628 1663
f 1685 3014 1726
f 1726 3014 1662
f 1620 1741 1621
f 1621 1741 1667
f 1566 1666 1648
f 1648 1666 1665
f 1658 1737 1659
f 1659 1737 1901
f 1911 1661 1910
f 1910 1661 1660
f 1701 1911 1622
f 1622 1911 1910
f 1732 1748 1733
f 1733 1748 1901
f 1857 2948 1892
f 1892 2948 3004
f 1892 3004 1891
f 1891 3004 3005
f 1828 3006 1829
f 1829 3006 2949
f 2967 736 2968
f 2968 736 710
f 2972 2969 2967
f 2967 2969 736
f 2969 2972 897
f 897 2972 3007
f 897 3007 729
f 729 3007 2951
f 3016 753 3015
f 3015 753 752
f 3018 767 3017
f 3017 767 766
f 3019 3020 1249
f 1249 3020 3021
f 2915 2914 3019
f 3019 2914 3020
f 3023 2914 3022
f 3022 2914 1783
f 2827 2839 769
f 769 2839 766
f 3025 2838 3024
f 3024 2838 3021
f 768 767 2850
f 2850 767 3026
f 2850 3026 751
f 751 3026 752
f 750 753 2932
f 2932 753 3027
f 3008 2998 3027
f 3027 2998 2932
f 3028 3029 3008
f 3008 3029 2952
f 3029 3030 2952
f 2952 3030 730
f 3032 3033 3031
f 3031 3033 3034
f 3036 3037 3035
f 3035 3037 3038
f 2870 3039 612
f 612 3039 3040
f 3041 3042 3031
f 3031 3042 3038
f 3034 1352 3043
f 3043 1352 944
f 612 3040 613
f 613 3040 3044
f 613 3044 1425
f 1425 3044 1422
f 3045 3042 669
f 669 3042 670
f 3041 3043 599
f 599 3043 600
f 772 771 1544
f 1544 771 781
f 1503 771 1866
f 1866 771 770
f 771 1503 781
f 781 1503 778
f 61 281 416
f 416 281 1907
f 283 103 3046
f 3046 103 3047
f 76 79 3048
f 3048 79 3049
f 280 76 1906
f 1906 76 3048
f 3051 335 3050
f 3050 335 334
f 3053 417 3052
f 3052 417 416
f 3055 435 3054
f 3054 435 434
f 428 435 419
f 419 435 1908
f 420 1909 293
f 293 1909 443
f 79 294 3049
f 3049 294 444
f 3057 444 3056
f 3056 444 443
f 3051 3058 335
f 335 3058 452
f 216 215 1332
f 1332 215 452
f 308 283 462
f 462 283 3046
f 3050 334 3059
f 3059 334 462
f 103 62 3047
f 3047 62 417
f 313 312 434
f 434 312 463
f 3061 574 3060
f 3060 574 573
f 1310 3062 1428
f 1428 3062 3063
f 1258 3064 1255
f 1255 3064 2871
f 932 3065 2853
f 2853 3065 3066
f 699 2814 931
f 931 2814 3067
f 3068 1301 3063
f 3063 1301 1428
f 571 574 1310
f 1310 574 3062
f 3060 573 3069
f 3069 573 1332
f 3070 3071 1906
f 1906 3071 1907
f 3072 3073 1908
f 1908 3073 1909
f 3075 2814 3074
f 3074 2814 2813
f 2854 3076 1258
f 1258 3076 3064
f 2871 3077 2872
f 2872 3077 3078
f 3074 2813 3079
f 3079 2813 2873
f 2872 3078 1349
f 1349 3078 3080
f 2873 701 3068
f 3068 701 1301
f 1330 1201 3080
f 3080 1201 1349
f 1264 1263 3081
f 3081 1263 3082
f 3083 3084 3082
f 3082 3084 3081
f 811 1448 3086
f 3086 1448 3085
f 808 811 3087
f 3087 811 3086
f 3088 3083 833
f 833 3083 3082
f 884 3089 885
f 885 3089 3090
f 3087 1790 808
f 808 1790 816
f 1790 3087 1787
f 1787 3087 3091
f 3092 3091 3086
f 3086 3091 3087
f 3093 3094 3084
f 3084 3094 3095
f 3089 3096 3090
f 3090 3096 3088
f 3097 3093 3083
f 3083 3093 3084
f 3099 3100 3098
f 3098 3100 1786
f 3101 1788 2913
f 2913 1788 3102
f 838 837 885
f 885 837 886
f 886 837 3103
f 3103 837 1541
f 3094 3093 3104
f 3104 3093 3097
f 3105 3106 3089
f 3089 3106 3096
f 3108 3109 3107
f 3107 3109 3110
f 3111 3112 3091
f 3091 3112 1787
f 3114 3108 3113
f 3113 3108 3107
f 3114 3115 3112
f 3112 3115 3102
f 3091 3092 3111
f 3111 3092 3116
f 839 838 835
f 835 838 836
f 885 3090 838
f 838 3090 836
f 3110 3117 1247
f 1247 3117 3118
f 1247 3118 1248
f 1248 3118 3119
f 3120 3121 3119
f 3119 3121 1248
f 1247 844 3110
f 3110 844 3107
f 844 843 3107
f 3107 843 3113
f 843 3099 3113
f 3113 3099 3122
f 1781 3123 3098
f 3098 3123 3124
f 2915 2931 1780
f 1780 2931 2930
f 3019 3125 2915
f 2915 3125 2931
f 890 3125 2834
f 2834 3125 1252
f 3125 3019 1252
f 1252 3019 1249
f 907 908 946
f 946 908 947
f 1185 1188 1369
f 1369 1188 948
f 954 957 951
f 951 957 952
f 910 965 953
f 953 965 950
f 905 958 960
f 960 958 961
f 3126 978 949
f 949 978 962
f 936 935 967
f 967 935 968
f 994 993 969
f 969 993 966
f 902 904 971
f 971 904 972
f 983 985 973
f 973 985 970
f 906 905 974
f 974 905 960
f 977 981 959
f 959 981 975
f 911 910 1143
f 1143 910 953
f 952 957 1142
f 1142 957 1145
f 911 1143 1366
f 1366 1143 1368
f 1185 1369 1145
f 1145 1369 1142
f 993 1519 966
f 966 1519 1456
f 965 1454 950
f 950 1454 1457
f 900 899 1459
f 1459 899 1460
f 988 991 1461
f 1461 991 1458
f 899 963 1460
f 1460 963 1462
f 985 987 970
f 970 987 1463
f 904 906 972
f 972 906 974
f 981 983 975
f 975 983 973
f 935 900 968
f 968 900 1459
f 991 994 1458
f 1458 994 969
f 1154 1526 1088
f 1088 1526 1089
f 1109 1112 1092
f 1092 1112 1093
f 1083 1098 1084
f 1084 1098 1097
f 1078 1471 1100
f 1100 1471 1101
f 1075 1078 1104
f 1104 1078 1100
f 1152 1154 1156
f 1156 1154 1088
f 1156 1155 1372
f 1372 1155 1373
f 1372 1373 1104
f 1104 1373 1075
f 1467 1109 1465
f 1465 1109 1092
f 1465 1182 1468
f 1468 1182 1184
f 1474 1470 1096
f 1096 1470 1097
f 1102 1101 1083
f 1083 1101 1098
f 1112 1531 1093
f 1093 1531 1529
f 1102 1073 1099
f 1099 1073 1072
f 1526 1154 1079
f 1079 1154 1080
f 1081 1091 1082
f 1082 1091 1094
f 1069 1068 1085
f 1085 1068 1086
f 1153 1151 1080
f 1080 1151 1058
f 1371 1177 1179
f 1179 1177 1176
f 1099 1072 1103
f 1103 1072 1176
f 1068 1071 1086
f 1086 1071 1073
f 1085 1084 1180
f 1180 1084 1469
f 1066 1065 1183
f 1183 1065 1181
f 1153 1152 1177
f 1177 1152 1178
f 1091 1081 1182
f 1182 1081 1183
f 1057 1525 1079
f 1079 1525 1527
f 1120 1117 1076
f 1076 1117 1077
f 1087 1090 1107
f 1107 1090 1108
f 1127 1126 1110
f 1110 1126 1111
f 1095 1116 1096
f 1096 1116 1115
f 1471 1078 1119
f 1119 1078 1077
f 1087 1107 1155
f 1155 1107 1158
f 1376 1374 1157
f 1157 1374 1158
f 1076 1075 1374
f 1374 1075 1373
f 1109 1467 1110
f 1110 1467 1472
f 1467 1466 1472
f 1472 1466 1473
f 1135 1475 1114
f 1114 1475 1115
f 1471 1119 1095
f 1095 1119 1116
f 1126 1532 1111
f 1111 1532 1530
f 914 1276 1480
f 1480 1276 1517
f 3127 3128 1223
f 1223 3128 1224
f 824 933 1455
f 1455 933 3129
f 3131 1448 3130
f 3130 1448 1447
f 3132 3133 1452
f 1452 3133 1453
f 3130 1447 1322
f 1322 1447 1455
f 933 1514 3129
f 3129 1514 3134
f 1161 3135 1480
f 1480 3135 1481
f 3128 3136 1224
f 1224 3136 1499
f 3133 1162 1453
f 1453 1162 1517
f 1515 3127 1535
f 1535 3127 1223
f 3095 3085 3131
f 3131 3085 1448
f 3137 3092 3085
f 3085 3092 3086
f 3138 3116 3137
f 3137 3116 3092
f 3110 3109 3117
f 3117 3109 3139
f 3105 3140 3117
f 3117 3140 3118
f 3140 3141 3118
f 3118 3141 3119
f 3142 3120 3141
f 3141 3120 3119
f 1498 3143 1277
f 1277 3143 882
f 3144 3145 1340
f 1340 3145 1339
f 1340 3146 3144
f 3144 3146 3147
f 3145 3144 3143
f 3143 3144 3148
f 871 901 872
f 872 901 1362
f 3149 3148 3147
f 3147 3148 3144
f 1208 3150 1209
f 3098 1786 1781
f 1781 1786 1782
f 2930 2929 3123
f 3123 2929 2911
f 1794 1791 2916
f 2916 1791 2917
f 1793 3101 2918
f 2918 3101 2919
f 1796 1794 2920
f 2920 1794 2916
f 3151 3152 2921
f 2921 3152 2922
f 3153 3154 2923
f 2923 3154 2924
f 2919 3101 2912
f 2912 3101 2913
f 3155 1796 2925
f 2925 1796 2920
f 3154 3156 2924
f 2924 3156 2926
f 1791 1793 2917
f 2917 1793 2918
f 3157 3158 2927
f 2927 3158 2928
f 1780 2930 1781
f 1781 2930 3123
f 2825 1267 1189
f 1189 1267 1190
f 2827 2828 1250
f 1250 2828 1251
f 1489 2830 1324
f 1324 2830 1325
f 923 1328 1334
f 1334 1328 1335
f 1485 2832 1482
f 1482 2832 1483
f 1266 1490 1492
f 1492 1490 1493
f 1333 1346 1334
f 1334 1346 2824
f 722 799 1492
f 1492 799 1190
f 664 657 1482
f 1482 657 2833
f 631 634 1324
f 1324 634 1493
f 2828 1494 1251
f 1251 1494 2835
f 1249 3021 1250
f 1250 3021 2838
f 798 2837 1189
f 1189 2837 2836
f 3100 842 3160
f 3160 842 3159
f 1788 3101 1789
f 1789 3101 1793
f 1792 816 1789
f 1789 816 1790
f 817 816 1795
f 1795 816 1792
f 938 817 1797
f 1797 817 1795
f 1796 3155 1797
f 1797 3155 1798
f 3155 3158 1798
f 1798 3158 1799
f 3157 3152 1801
f 1801 3152 1802
f 3151 3156 1803
f 1803 3156 1804
f 3154 3153 1805
f 1805 3153 1806
f 3153 3161 1806
f 1806 3161 1807
f 3099 843 3100
f 3100 843 842
f 1788 1787 3102
f 3102 1787 3112
f 2910 3115 3124
f 3124 3115 3122
f 3099 3098 3122
f 3122 3098 3124
f 416 1907 3052
f 3052 1907 3071
f 3046 3047 3163
f 3163 3047 3162
f 249 445 259
f 259 445 3164
f 425 3165 424
f 424 3165 461
f 408 410 329
f 329 410 330
f 39 331 40
f 40 331 332
f 305 304 423
f 423 304 464
f 385 254 458
f 458 254 392
f 250 415 251
f 251 415 412
f 233 337 234
f 234 337 3166
f 435 3055 1908
f 1908 3055 3072
f 443 1909 3056
f 3056 1909 3073
f 3167 3049 3057
f 3057 3049 444
f 452 3058 1332
f 1332 3058 3069
f 234 3166 346
f 346 3166 411
f 3046 3163 462
f 462 3163 3059
f 259 3164 260
f 260 3164 336
f 3047 417 3162
f 3162 417 3053
f 463 3168 434
f 434 3168 3054
f 454 830 425
f 425 830 3165
f 3062 3169 3063
f 3063 3169 3170
f 1355 1354 1534
f 1534 1354 3171
f 3063 3170 3068
f 3068 3170 3172
f 574 3061 3062
f 3062 3061 3169
f 1534 3171 1535
f 1535 3171 3173
f 3079 2873 3172
f 3172 2873 3068
f 2838 3025 2839
f 2839 3025 3174
f 3176 3177 3175
f 3175 3177 3178
f 3180 1125 3179
f 3179 1125 1128
f 3182 3183 3181
f 3181 3183 3184
f 1134 3185 1130
f 1130 3185 3182
f 3186 3187 3189
f 3189 3187 3188
f 3191 3189 3190
f 3190 3189 3188
f 1137 1122 3190
f 3190 1122 3192
f 3175 3178 3193
f 3193 3178 3194
f 3181 3184 3179
f 3179 3184 3195
f 3197 3198 3196
f 3196 3198 3180
f 3200 3178 3199
f 3199 3178 3177
f 3202 3196 3201
f 3201 3196 3195
f 3204 3184 3203
f 3203 3184 3183
f 3206 3207 3205
f 3205 3207 3186
f 3205 3186 3208
f 3208 3186 3189
f 3209 3208 3191
f 3191 3208 3189
f 3210 3194 3200
f 3200 3194 3178
f 3201 3195 3204
f 3204 3195 3184
f 3197 3211 3177
f 3177 3211 3199
f 3213 3214 3212
f 3212 3214 3215
f 3217 3218 3216
f 3216 3218 3219
f 3221 3222 3220
f 3220 3222 3223
f 3225 3226 3224
f 3224 3226 3227
f 3229 3230 3228
f 3228 3230 3231
f 3233 3234 3232
f 3232 3234 3235
f 3237 3238 3236
f 3236 3238 3239
f 3238 3240 3239
f 3239 3240 3241
f 3232 3235 3242
f 3242 3235 3243
f 3245 3246 3244
f 3244 3246 3247
f 3248 3249 3245
f 3245 3249 3246
f 3251 3252 3250
f 3250 3252 3253
f 3255 3252 3254
f 3254 3252 3251
f 3256 3257 3259
f 3259 3257 3258
f 3261 3262 3260
f 3260 3262 3263
f 3265 3263 3264
f 3264 3263 3262
f 3256 3259 3266
f 3266 3259 3267
f 3269 3270 3268
f 3268 3270 3271
f 3269 3272 3270
f 3270 3272 3273
f 3274 3275 3277
f 3277 3275 3276
f 3278 3279 3276
f 3276 3279 3277
f 3281 3282 3280
f 3280 3282 3283
f 3280 3284 3281
f 3281 3284 3285
f 3287 3288 3286
f 3286 3288 3289
f 3290 3291 3288
f 3288 3291 3289
f 3234 3218 3235
f 3235 3218 3217
f 3232 3292 3233
f 3233 3292 3293
f 3239 3294 3236
f 3236 3294 3219
f 3233 3293 3237
f 3237 3293 3295
f 3296 3294 3241
f 3241 3294 3239
f 3240 3238 3297
f 3297 3238 3298
f 3217 3216 3235
f 3235 3216 3243
f 3297 3299 3240
f 3240 3299 3242
f 3246 3300 3247
f 3247 3300 3223
f 3301 3302 3254
f 3254 3302 3244
f 3249 3303 3246
f 3246 3303 3300
f 3245 3304 3248
f 3248 3304 3292
f 3252 3221 3253
f 3253 3221 3220
f 3250 3248 3299
f 3299 3248 3292
f 3222 3221 3255
f 3255 3221 3252
f 3297 3301 3251
f 3251 3301 3254
f 3258 3214 3259
f 3259 3214 3213
f 3257 3256 3304
f 3304 3256 3305
f 3263 3306 3260
f 3260 3306 3215
f 3261 3257 3302
f 3302 3257 3304
f 3307 3306 3265
f 3265 3306 3263
f 3262 3301 3264
f 3264 3301 3308
f 3259 3213 3267
f 3267 3213 3212
f 3308 3309 3264
f 3264 3309 3266
f 3270 3310 3271
f 3271 3310 3231
f 3311 3312 3278
f 3278 3312 3268
f 3270 3273 3310
f 3310 3273 3313
f 3272 3269 3305
f 3305 3269 3314
f 3277 3229 3274
f 3274 3229 3228
f 3275 3272 3309
f 3309 3272 3305
f 3279 3230 3277
f 3277 3230 3229
f 3276 3308 3278
f 3278 3308 3311
f 3281 3315 3282
f 3282 3315 3227
f 3290 3316 3283
f 3283 3316 3317
f 3281 3285 3315
f 3315 3285 3318
f 3284 3280 3314
f 3314 3280 3319
f 3289 3225 3286
f 3286 3225 3224
f 3287 3284 3312
f 3284 3314 3312
f 3291 3226 3289
f 3289 3226 3225
f 3288 3311 3290
f 3290 3311 3316
f 3212 3215 3307
f 3307 3215 3306
f 3294 3296 3219
f 3219 3296 3216
f 3303 3220 3300
f 3300 3220 3223
f 3224 3227 3318
f 3318 3227 3315
f 3228 3231 3313
f 3313 3231 3310
f 3234 3233 3236
f 3236 3233 3237
f 3243 3241 3242
f 3242 3241 3240
f 3247 3255 3244
f 3244 3255 3254
f 3253 3249 3250
f 3250 3249 3248
f 3260 3258 3261
f 3261 3258 3257
f 3266 3267 3264
f 3264 3267 3265
f 3268 3271 3278
f 3278 3271 3279
f 3274 3273 3275
f 3275 3273 3272
f 3283 3282 3290
f 3290 3282 3291
f 3286 3285 3287
f 3287 3285 3284
f 3218 3234 3219
f 3219 3234 3236
f 3295 3298 3237
f 3237 3298 3238
f 3216 3296 3243
f 3243 3296 3241
f 3242 3299 3232
f 3232 3299 3292
f 3223 3222 3247
f 3247 3222 3255
f 3244 3302 3245
f 3245 3302 3304
f 3303 3249 3220
f 3220 3249 3253
f 3297 3251 3299
f 3299 3251 3250
f 3215 3214 3260
f 3260 3214 3258
f 3301 3262 3302
f 3302 3262 3261
f 3212 3307 3267
f 3267 3307 3265
f 3266 3309 3256
f 3256 3309 3305
f 3271 3231 3279
f 3279 3231 3230
f 3268 3312 3269
f 3269 3312 3314
f 3228 3313 3274
f 3274 3313 3273
f 3308 3276 3309
f 3309 3276 3275
f 3282 3227 3291
f 3291 3227 3226
f 3317 3319 3283
f 3283 3319 3280
f 3224 3318 3286
f 3286 3318 3285
f 3312 3311 3287
f 3311 3288 3287
f 3320 3321 3194
f 3194 3321 3193
f 1375 3321 1121
f 1121 3321 3322
f 3323 3324 3322
f 3322 3324 3192
f 3175 1124 3176
f 3176 1124 1123
f 3179 3195 3180
f 3180 3195 3196
f 3181 1131 3182
f 3182 1131 1130
f 3207 3185 3186
f 3186 3185 3187
f 1136 3188 1133
f 1133 3188 3187
f 3190 3188 1137
f 1137 3188 1136
f 3193 1159 3175
f 3175 1159 1124
f 3179 1128 3181
f 3181 1128 1131
f 1533 3198 1123
f 1123 3198 3176
f 3321 1375 3193
f 3193 1375 1159
f 3321 3320 3322
f 3322 3320 3323
f 1122 1121 3192
f 3192 1121 3322
f 3194 3210 3320
f 3320 3210 3325
f 3324 3323 3327
f 3327 3323 3326
f 3320 3325 3323
f 3323 3325 3326
f 3208 3328 3205
f 3205 3328 3329
f 3330 3206 3329
f 3329 3206 3205
f 3203 3331 3204
f 3204 3331 3332
f 3210 3333 3325
f 3325 3333 3334
f 3325 3334 3326
f 3326 3334 3335
f 3327 3326 3336
f 3336 3326 3335
f 3327 3209 3324
f 3324 3209 3191
f 3190 3192 3191
f 3191 3192 3324
f 3338 3339 3337
f 3337 3339 3340
f 3338 3341 3339
f 3339 3341 3342
f 3341 3343 3342
f 3342 3343 3344
f 3343 3345 3344
f 3344 3345 3346
f 3345 3347 3346
f 3346 3347 3348
f 3347 3349 3348
f 3348 3349 3350
f 3337 3340 3351
f 3351 3340 3352
f 3351 3352 3353
f 3353 3352 3354
f 3353 3354 3355
f 3355 3354 3356
f 3350 3349 3357
f 3357 3349 3358
f 3355 3356 3359
f 3359 3356 3360
f 3359 3360 3361
f 3361 3360 3362
f 3361 3362 3363
f 3363 3362 3364
f 3363 3364 3358
f 3358 3364 3357
f 3339 3342 3365
f 3365 3342 3366
f 3342 3344 3366
f 3366 3344 3367
f 3344 3346 3367
f 3367 3346 3368
f 3346 3348 3368
f 3368 3348 3369
f 3348 3350 3369
f 3369 3350 3370
f 3368 3369 3371
f 3371 3369 3372
f 3369 3370 3372
f 3372 3370 3373
f 3373 3374 3372
f 3372 3374 3375
f 3377 3378 3376
f 3376 3378 3379
f 3377 3375 3378
f 3378 3375 3374
f 3375 3380 3372
f 3372 3380 3371
f 3377 3381 3375
f 3375 3381 3380
f 3376 3382 3377
f 3377 3382 3381
f 3384 3385 3383
f 3383 3385 3386
f 3384 3383 3388
f 3388 3383 3387
f 3388 3387 3389
f 3389 3387 3390
f 3392 3385 3391
f 3391 3385 3384
f 3388 3393 3384
f 3384 3393 3391
f 3389 3394 3388
f 3388 3394 3393
f 3389 3395 3394
f 3394 3395 3396
f 3395 3389 3397
f 3397 3389 3390
f 3339 3365 3340
f 3340 3365 3398
f 3340 3398 3352
f 3352 3398 3399
f 3371 3400 3368
f 3368 3400 3367
f 3400 3401 3367
f 3367 3401 3366
f 3366 3401 3365
f 3365 3401 3402
f 3398 3365 3403
f 3403 3365 3402
f 3398 3403 3399
f 3399 3403 3404
f 3403 3405 3404
f 3404 3405 3406
f 3352 3399 3354
f 3354 3399 3407
f 3399 3404 3407
f 3407 3404 3408
f 3404 3406 3408
f 3408 3406 3409
f 3405 3410 3406
f 3406 3410 3411
f 3410 3412 3411
f 3411 3412 3413
f 3397 3414 3395
f 3395 3414 3415
f 3417 3415 3416
f 3416 3415 3412
f 3410 3418 3412
f 3412 3418 3416
f 3410 3405 3418
f 3418 3405 3419
f 3405 3403 3419
f 3419 3403 3402
f 3370 3350 3420
f 3420 3350 3357
f 3373 3370 3421
f 3421 3370 3420
f 3374 3373 3422
f 3422 3373 3421
f 3378 3374 3423
f 3423 3374 3422
f 3378 3423 3379
f 3379 3423 3424
f 3424 3425 3379
f 3379 3425 3386
f 3383 3426 3387
f 3387 3426 3427
f 3387 3427 3390
f 3390 3427 3428
f 3390 3428 3397
f 3397 3428 3429
f 3429 3430 3397
f 3397 3430 3414
f 3411 3413 3431
f 3431 3413 3432
f 3406 3411 3409
f 3409 3411 3431
f 3401 3400 3335
f 3335 3400 3336
f 3401 3335 3402
f 3402 3335 3334
f 3402 3334 3419
f 3419 3334 3333
f 3419 3333 3418
f 3418 3333 3433
f 3418 3433 3416
f 3416 3433 3434
f 3435 3417 3434
f 3434 3417 3416
f 3394 3396 3436
f 3436 3396 3437
f 3393 3394 3332
f 3332 3394 3436
f 3393 3332 3391
f 3391 3332 3331
f 3330 3392 3331
f 3331 3392 3391
f 3382 3329 3381
f 3381 3329 3328
f 3354 3407 3356
f 3356 3407 3438
f 3356 3438 3360
f 3360 3438 3439
f 3360 3439 3362
f 3362 3439 3440
f 3362 3440 3364
f 3364 3440 3441
f 3364 3441 3357
f 3357 3441 3420
f 3421 3420 3442
f 3442 3420 3441
f 3442 3441 3443
f 3443 3441 3440
f 3443 3440 3444
f 3444 3440 3439
f 3444 3439 3445
f 3445 3439 3438
f 3445 3438 3408
f 3408 3438 3407
f 3422 3421 3446
f 3446 3421 3442
f 3446 3442 3447
f 3447 3442 3443
f 3447 3443 3448
f 3448 3443 3444
f 3448 3444 3449
f 3449 3444 3445
f 3449 3445 3409
f 3409 3445 3408
f 3409 3431 3449
f 3449 3431 3450
f 3449 3450 3448
f 3448 3450 3451
f 3451 3452 3448
f 3448 3452 3447
f 3447 3452 3446
f 3446 3452 3453
f 3446 3453 3422
f 3422 3453 3423
f 3424 3423 3454
f 3454 3423 3453
f 3452 3455 3453
f 3453 3455 3454
f 3452 3451 3455
f 3455 3451 3456
f 3450 3457 3451
f 3451 3457 3456
f 3431 3432 3450
f 3450 3432 3457
f 3454 3458 3424
f 3424 3458 3425
f 3427 3426 3459
f 3459 3426 3460
f 3428 3427 3461
f 3461 3427 3459
f 3428 3461 3429
f 3429 3461 3462
f 3462 3463 3429
f 3429 3463 3430
f 3464 3465 3462
f 3462 3465 3463
f 3455 3466 3454
f 3454 3466 3458
f 3465 3464 3466
f 3466 3464 3467
f 3461 3459 3468
f 3468 3459 3469
f 3468 3469 3464
f 3464 3469 3467
f 3464 3462 3468
f 3468 3462 3461
f 3459 3460 3469
f 3469 3460 3467
f 3295 3351 3298
f 3298 3351 3353
f 3353 3355 3298
f 3298 3355 3297
f 3297 3355 3301
f 3301 3355 3359
f 3301 3359 3308
f 3308 3359 3361
f 3308 3361 3311
f 3311 3361 3363
f 3311 3363 3316
f 3316 3363 3358
f 3316 3358 3317
f 3317 3358 3349
f 3349 3347 3317
f 3317 3347 3319
f 3347 3345 3319
f 3319 3345 3314
f 3345 3343 3314
f 3314 3343 3305
f 3343 3341 3305
f 3305 3341 3304
f 3304 3341 3292
f 3292 3341 3338
f 3292 3338 3293
f 3293 3338 3337
f 3293 3337 3295
f 3295 3337 3351
f 3437 3202 3436
f 3436 3202 3201
f 3436 3201 3332
f 3332 3201 3204
f 3433 3200 3434
f 3434 3200 3199
f 3211 3435 3199
f 3199 3435 3434
f 3333 3210 3433
f 3433 3210 3200
f 3380 3470 3371
f 3400 3371 3336
f 3336 3371 3470
f 3381 3328 3380
f 3380 3328 3470
f 3470 3328 3209
f 3209 3328 3208
f 3336 3470 3327
f 3327 3470 3209
f 1545 1763 1546
f 1546 1763 1762
f 1403 1546 773
f 773 1546 770
f 1221 3013 1220
f 1220 3013 3471
f 1305 2877 1306
f 1306 2877 2879
f 1220 3471 828
f 828 3471 829
f 1217 1754 3472
f 3472 1754 1756
f 1049 3473 1048
f 1048 3473 3474
f 1371 1179 3473
f 3473 1179 3474
f 1074 3475 1179
f 1179 3475 3474
f 3474 3475 1048
f 1048 3475 1056
f 919 666 1345
f 1345 666 665
f 856 680 919
f 919 680 666
f 679 680 1449
f 1449 680 858
f 1367 878 1500
f 1500 878 877
f 1366 908 1367
f 1367 908 878
f 1512 916 1513
f 1513 916 915
f 947 1368 948
f 948 1368 1369
f 1047 1021 1044
f 1044 1021 1020
f 1370 1049 1019
f 1019 1049 1020
f 1173 1030 1174
f 1174 1030 1033
f 3126 1188 1464
f 1464 1188 1187
f 1800 1451 1512
f 1512 1451 916
f 1175 1174 1186
f 1186 1174 1187
f 1030 1173 1047
f 1047 1173 1021
f 1513 915 3476
f 3476 915 1481
f 1345 665 3477
f 3477 665 1483
f 1502 1501 876
f 876 1501 877
f 1205 1451 1803
f 1803 1451 1802
f 3479 2832 3478
f 3478 2832 2831
f 1449 858 2927
f 2927 858 2922
f 908 1366 947
f 947 1366 1368
f 949 948 3126
f 3126 948 1188
f 3480 3135 1502
f 1502 3135 1501
f 2927 2922 3157
f 3157 2922 3152
f 3477 1483 3479
f 3479 1483 2832
f 1803 1802 3151
f 3151 1802 3152
f 663 658 664
f 664 658 657
f 655 658 939
f 939 658 706
f 1512 870 1800
f 1800 870 869
f 875 874 876
f 876 874 873
f 849 874 905
f 905 874 958
f 949 962 946
f 946 962 961
f 978 3126 979
f 979 3126 1464
f 1031 1168 1032
f 1032 1168 1022
f 1045 1013 1046
f 1046 1013 1012
f 1045 1044 1056
f 1056 1044 1048
f 1047 1046 1030
f 1030 1046 1031
f 939 706 940
f 940 706 1450
f 979 1464 1032
f 1032 1464 1033
f 3480 1478 3476
f 3476 1478 3134
f 2829 1487 2830
f 2830 1487 1486
f 848 1230 873
f 873 1230 1479
f 867 870 933
f 933 870 1514
f 1800 869 1801
f 1801 869 1799
f 2830 1486 1325
f 1325 1486 2833
f 940 1450 2925
f 2925 1450 2928
f 946 961 907
f 907 961 958
f 959 962 977
f 977 962 978
f 3476 3134 1513
f 1513 3134 1514
f 2925 2928 3155
f 3155 2928 3158
f 1325 2833 656
f 656 2833 657
f 1801 1799 3157
f 3157 1799 3158
f 1074 1055 3475
f 3475 1055 1056
f 1371 3473 1370
f 1370 3473 1049
f 2884 615 3481
f 3481 615 618
f 3478 2831 2846
f 2846 2831 617
f 2831 1484 617
f 617 1484 618
f 1484 1487 618
f 618 1487 3481
f 2848 3481 2829
f 2829 3481 1487
f 1480 1517 1161
f 1161 1517 1162
f 3129 1323 1455
f 1455 1323 1322
f 3129 3134 1323
f 1323 3134 1478
f 1535 3173 1515
f 1515 3173 1516
f 3085 3095 3137
f 3137 3095 3094
f 3137 3094 3138
f 3138 3094 3104
f 3117 3139 3105
f 3105 3139 3106
f 1138 1141 3127
f 3127 1141 3128
f 3081 3131 1264
f 1264 3131 3130
f 1227 1226 3132
f 3132 1226 3133
f 1264 3130 1229
f 1229 3130 1322
f 1160 1501 1161
f 1161 1501 3135
f 1141 1476 3128
f 3128 1476 3136
f 1226 1163 3133
f 3133 1163 1162
f 1363 1138 1515
f 1515 1138 3127
f 3084 3095 3081
f 3081 3095 3131
f 3089 884 3105
f 3105 884 3140
f 884 883 3140
f 3140 883 3141
f 883 3482 3141
f 3141 3482 3142
f 3476 1481 3480
f 3480 1481 3135
f 1502 1479 3480
f 3480 1479 1478
f 3168 463 440
f 714 1880 715
f 715 1880 2905
f 896 732 2970
f 2970 732 731
f 1263 834 3082
f 3082 834 833
f 898 1231 853
f 853 1231 854
f 3125 890 2931
f 2931 890 889
f 1237 893 2851
f 2851 893 892
f 898 853 899
f 899 853 963
f 988 987 989
f 989 987 986
f 1002 1007 1003
f 1003 1007 1006
f 1038 1036 1007
f 1007 1036 1004
f 1070 1052 1005
f 1005 1052 1006
f 1069 1067 1070
f 1070 1067 1052
f 1130 1129 1134
f 1134 1129 1135
f 879 1167 880
f 880 1167 1166
f 1171 1169 1037
f 1037 1169 1038
f 1085 1180 1069
f 1069 1180 1067
f 1209 1210 879
f 879 1210 1167
f 2885 1215 1754
f 1754 1215 1214
f 1263 855 834
f 834 855 854
f 708 1244 1826
f 1826 1244 1243
f 2909 894 1254
f 1254 894 893
f 1228 1361 964
f 964 1361 1360
f 2908 2907 1436
f 1436 2907 1437
f 2990 1440 2991
f 2991 1440 1439
f 964 1360 965
f 965 1360 1454
f 950 1457 951
f 951 1457 1456
f 970 1463 971
f 971 1463 1462
f 1025 1169 984
f 984 1169 986
f 1084 1097 1469
f 1469 1097 1470
f 1096 1115 1474
f 1474 1115 1475
f 1140 1361 1141
f 1141 1361 1476
f 1212 1495 2828
f 2828 1495 1494
f 880 1166 1452
f 1452 1166 1499
f 715 2905 1504
f 1504 2905 2906
f 954 1519 955
f 955 1519 1518
f 1026 1520 992
f 992 1520 1518
f 1029 1520 1043
f 1043 1520 1521
f 997 1522 1040
f 1040 1522 1521
f 1015 1522 1016
f 1016 1522 1523
f 1523 996 1524
f 1524 996 1062
f 1057 1060 1525
f 1525 1060 1524
f 1094 1528 1082
f 1082 1528 1527
f 1526 1528 1089
f 1089 1528 1529
f 1090 1531 1108
f 1108 1531 1530
f 1125 1533 1126
f 1126 1533 1532
f 3483 1755 727
f 727 1755 1214
f 735 1814 707
f 707 1814 1813
f 2891 1834 1246
f 1246 1834 1243
f 2904 1881 1847
f 1847 1881 1848
f 1852 1855 1853
f 1853 1855 1858
f 1902 2903 1877
f 1877 2903 1878
f 2903 2904 1878
f 1878 2904 1847
f 714 713 1848
f 1848 713 1849
f 1440 2990 1883
f 1883 2990 2989
f 1883 2989 1852
f 1852 2989 1855
f 2895 1888 2892
f 2892 1888 1887
f 774 777 1877
f 1877 777 1903
f 1251 2835 1252
f 1252 2835 2834
f 1213 2844 1212
f 1212 2844 1495
f 2851 892 1213
f 1213 892 2844
f 3123 2911 3124
f 3124 2911 2910
f 887 2929 888
f 888 2929 889
f 1435 2963 1436
f 1436 2963 2961
f 1253 1438 1254
f 1254 1438 1437
f 2970 731 735
f 735 731 1814
f 733 732 2885
f 2885 732 1215
f 2901 2902 2976
f 2976 2902 2977
f 2975 2982 2976
f 2976 2982 2979
f 2899 2900 2981
f 2981 2900 2979
f 2899 2981 2898
f 2898 2981 2983
f 2986 2985 2984
f 2984 2985 2983
f 2897 2985 2896
f 2896 2985 2988
f 2991 1439 2987
f 2987 1439 2988
f 777 2978 1903
f 1903 2978 2977
f 1885 1888 1858
f 1858 1888 1853
f 3090 3088 836
f 836 3088 833
f 3083 3088 3097
f 3097 3088 3096
f 3097 3096 3104
f 3104 3096 3106
f 3111 3116 3108
f 3108 3116 3109
f 3112 3111 3114
f 3114 3111 3108
f 3113 3122 3114
f 3114 3122 3115
f 891 890 2837
f 2837 890 2834
f 951 1456 954
f 954 1456 1519
f 967 1457 936
f 936 1457 1454
f 971 1462 902
f 902 1462 963
f 1461 1463 988
f 988 1463 987
f 1466 1468 1474
f 1474 1468 1470
f 1089 1529 1090
f 1090 1529 1531
f 1184 1181 1469
f 1469 1181 1180
f 1082 1527 1061
f 1061 1527 1525
f 1129 1473 1135
f 1135 1473 1475
f 1108 1530 1105
f 1105 1530 1532
f 1452 1499 3132
f 3132 1499 3136
f 3109 3116 3139
f 3139 3116 3138
f 2912 2911 887
f 887 2911 2929
f 2836 2835 1497
f 1497 2835 1494
f 2913 3102 2910
f 2910 3102 3115
f 1133 3187 1134
f 1134 3187 3185
f 3177 3176 3197
f 3197 3176 3198
f 3203 3183 3206
f 3206 3183 3207
f 3196 3202 3197
f 3197 3202 3211
f 3183 3182 3207
f 3207 3182 3185
f 1125 3180 1533
f 1533 3180 3198
f 3331 3203 3330
f 3330 3203 3206
f 3376 3379 3385
f 3385 3379 3386
f 3382 3376 3392
f 3392 3376 3385
f 3412 3415 3413
f 3413 3415 3414
f 3417 3396 3415
f 3415 3396 3395
f 3383 3386 3426
f 3426 3386 3425
f 3413 3414 3432
f 3432 3414 3430
f 3437 3396 3435
f 3435 3396 3417
f 3329 3382 3330
f 3330 3382 3392
f 3426 3425 3460
f 3460 3425 3458
f 3432 3430 3457
f 3457 3430 3463
f 3457 3463 3456
f 3456 3463 3465
f 3460 3458 3467
f 3467 3458 3466
f 3466 3455 3465
f 3465 3455 3456
f 3202 3437 3211
f 3211 3437 3435
f 3104 3106 3138
f 3138 3106 3139
f 3132 3136 1227
f 1227 3136 1476
f 943 687 600
f 600 687 601
f 596 625 667
f 667 625 1297
f 687 686 601
f 601 686 653
f 1319 784 711
f 711 784 712
f 1811 607 783
f 783 607 712
f 862 921 917
f 917 921 920
f 3478 925 3479
f 3479 925 924
f 2846 926 3478
f 3478 926 925
f 659 662 929
f 929 662 930
f 856 921 857
f 857 921 1204
f 1206 864 1207
f 1207 864 863
f 2876 1219 2877
f 2877 1219 1218
f 667 1297 593
f 593 1297 1296
f 917 920 1333
f 1333 920 1346
f 686 693 653
f 653 693 930
f 1277 913 1498
f 1498 913 1207
f 592 1536 610
f 610 1536 711
f 864 1206 1805
f 1805 1206 1804
f 1317 1536 1900
f 1900 1536 1809
f 1900 1809 1295
f 1295 1809 1296
f 3479 924 3477
f 3477 924 2824
f 927 926 1203
f 1203 926 2847
f 3484 2859 3032
f 3032 2859 3033
f 3472 2878 1217
f 1217 2878 1218
f 2889 2888 2880
f 2880 2888 2881
f 2886 2883 2887
f 2887 2883 2882
f 929 928 2847
f 2847 928 1203
f 857 1204 2921
f 2921 1204 2926
f 1820 1819 2882
f 2882 1819 2881
f 1821 2883 2876
f 2876 2883 1219
f 782 2889 783
f 783 2889 2880
f 1352 3034 1353
f 1353 3034 3033
f 3031 3034 3041
f 3041 3034 3043
f 944 943 3043
f 3043 943 600
f 1339 3145 1498
f 1498 3145 3143
f 1208 882 3148
f 3148 882 3143
f 2921 2926 3151
f 3151 2926 3156
f 3477 2824 1345
f 1345 2824 1346
f 1805 1804 3154
f 3154 1804 3156
f 886 3103 883
f 883 3103 3482
f 841 1248 3485
f 3485 1248 3121
f 2811 2819 2812
f 2812 2819 2816
f 2818 2815 2817
f 2817 2815 2806
f 2817 2816 2818
f 2818 2816 2819
f 2793 2795 2819
f 2819 2795 2818
f 243 352 2793
f 2793 352 2795
f 242 353 243
f 243 353 352
f 359 191 242
f 242 191 353
f 247 192 359
f 359 192 191
f 157 193 247
f 247 193 192
f 156 194 157
f 157 194 193
f 378 261 156
f 156 261 194
f 378 381 261
f 261 381 195
f 195 381 196
f 196 381 376
f 196 376 198
f 198 376 375
f 375 1776 198
f 198 1776 197
f 1776 1767 197
f 197 1767 274
f 181 274 199
f 199 274 1767
f 568 566 564
f 564 566 563
f 568 569 566
f 566 569 567
f 501 1773 1771
f 1771 1773 578
f 547 579 1773
f 1773 579 578
f 3486 470 474
f 474 470 469
f 450 582 3487
f 3487 582 3488
f 582 583 3488
f 3488 583 3489
f 583 584 3489
f 3489 584 3490
f 3490 584 3491
f 3491 584 543
f 470 3486 466
f 466 3486 467
f 3489 3490 503
f 503 3490 504
f 503 3492 3489
f 3489 3492 3488
f 3492 503 3493
f 3493 503 502
f 3495 3492 3494
f 3494 3492 3493
f 3487 3488 3495
f 3495 3488 3492
f 468 1774 465
f 465 1774 570
f 3494 3493 1775
f 1775 3493 1771
f 3490 3491 504
f 504 3491 1772
f 3491 543 1772
f 1772 543 548
f 450 3487 474
f 474 3487 3486
f 3495 467 3487
f 3487 467 3486
f 3494 468 3495
f 3495 468 467
f 468 3494 1774
f 1774 3494 1775
f 501 1771 502
f 502 1771 3493
f 527 366 384
f 384 366 365
f 522 524 527
f 527 524 366
f 521 534 522
f 522 534 524
f 530 535 521
f 521 535 534
f 508 486 513
f 513 486 532
f 513 532 541
f 541 532 535
f 667 668 596
f 596 668 597
f 1294 1297 624
f 624 1297 625
f 603 641 604
f 604 641 640
f 1290 1293 650
f 650 1293 651
f 1758 691 660
f 660 691 661
f 602 671 599
f 599 671 670
f 654 662 690
f 690 662 661
f 2856 598 695
f 695 598 597
f 602 654 671
f 671 654 690
f 604 640 676
f 676 640 704
f 1826 1829 708
f 708 1829 709
f 1288 1284 740
f 740 1284 741
f 755 754 758
f 758 754 759
f 2853 2856 932
f 932 2856 695
f 689 691 1192
f 1192 691 1193
f 784 1319 1240
f 1240 1319 1241
f 1813 1816 1244
f 1244 1816 1245
f 754 1288 759
f 759 1288 740
f 1894 1242 1318
f 1318 1242 1241
f 2867 1348 1418
f 1418 1348 1347
f 676 704 673
f 673 704 1347
f 1284 1287 741
f 741 1287 1419
f 1421 1426 1422
f 1422 1426 1425
f 1758 660 615
f 615 660 616
f 1192 1191 1421
f 1421 1191 1426
f 2962 1839 1504
f 1504 1839 1505
f 941 1194 1759
f 1759 1194 1193
f 1287 1537 1419
f 1419 1537 1760
f 1882 2893 1823
f 1823 2893 1824
f 1886 1891 1827
f 1827 1891 1828
f 1887 1886 1834
f 1834 1886 1827
f 1841 716 1838
f 1838 716 1505
f 782 784 1850
f 1850 784 1240
f 1239 1242 1863
f 1863 1242 1864
f 1242 1894 1864
f 1864 1894 1873
f 1822 1239 1823
f 1823 1239 1863
f 1318 1317 1895
f 1895 1317 1900
f 1894 1896 1873
f 1873 1896 1897
f 1291 1896 1292
f 1292 1896 1895
f 605 1898 606
f 606 1898 1897
f 1258 1257 2854
f 2854 1257 2855
f 1257 1351 2855
f 2855 1351 2857
f 1351 1353 2857
f 2857 1353 2858
f 1353 3033 2858
f 2858 3033 2859
f 2860 2861 3036
f 3036 2861 3037
f 2862 2863 2870
f 2870 2863 3039
f 2870 2869 2862
f 2862 2869 2864
f 2868 2865 2869
f 2869 2865 2864
f 1764 2866 2868
f 2868 2866 2865
f 1537 1199 1760
f 1760 1199 1348
f 615 2884 1758
f 1758 2884 1759
f 1825 1246 2890
f 2890 1246 1245
f 2893 2892 1824
f 1824 2892 2891
f 761 2960 758
f 758 2960 2906
f 3000 2943 2940
f 2940 2943 2941
f 2968 710 2950
f 2950 710 709
f 1764 1423 2866
f 2866 1423 2953
f 1423 645 2953
f 2953 645 2954
f 645 644 2954
f 2954 644 2955
f 644 738 2955
f 2955 738 2956
f 738 764 2956
f 2956 764 2957
f 764 763 2957
f 2957 763 2958
f 763 2908 2958
f 2958 2908 2959
f 2908 1436 2959
f 2959 1436 2961
f 1837 2964 1435
f 1435 2964 2963
f 1837 2937 2964
f 2964 2937 2965
f 2936 2968 2966
f 2966 2968 2950
f 1840 2942 1838
f 1838 2942 2941
f 2939 2949 2940
f 2940 2949 3006
f 2939 2942 2966
f 2966 2942 2965
f 1822 1825 1850
f 1850 1825 2890
f 1891 3005 1828
f 1828 3005 3006
f 3035 3038 3045
f 3045 3038 3042
f 3045 3044 3035
f 3035 3044 3040
f 669 1422 3045
f 3045 1422 3044
f 599 670 3041
f 3041 670 3042
f 931 3067 932
f 932 3067 3065
f 2853 3066 2854
f 2854 3066 3076
f 3067 3496 3065
f 3065 3496 3497
f 3066 3498 3076
f 3076 3498 3499
f 707 1813 708
f 708 1813 1244
f 2960 2962 2906
f 2906 2962 1504
f 2892 1887 2891
f 2891 1887 1834
f 1839 2962 2963
f 2963 2962 2961
f 595 626 596
f 596 626 625
f 623 626 3484
f 3484 626 2859
f 1291 1290 606
f 606 1290 603
f 1290 650 603
f 603 650 641
f 641 650 642
f 642 650 649
f 2860 2863 649
f 649 2863 642
f 3036 3039 2860
f 2860 3039 2863
f 3035 3040 3036
f 3036 3040 3039
f 1294 1293 1295
f 1295 1293 1292
f 624 651 1294
f 1294 651 1293
f 623 652 624
f 624 652 651
f 3484 2861 623
f 623 2861 652
f 3032 3037 3484
f 3484 3037 2861
f 3031 3038 3032
f 3032 3038 3037
f 3481 2848 2884
f 2884 2848 942
f 2846 617 1427
f 1427 617 616
f 3049 3167 3048
f 3048 3167 3500
f 1906 3048 3070
f 3070 3048 3500
f 1337 1768 3501
f 3501 1768 3502
f 3020 3503 3021
f 3021 3503 3024
f 2914 3023 3020
f 3020 3023 3503
f 859 1770 860
f 860 1770 3504
f 1336 3505 1768
f 1768 3505 3502
f 3065 3497 3066
f 3066 3497 3498
f 2814 3075 3067
f 3067 3075 3496
f 2839 3174 766
f 766 3174 3017
f 1337 3501 1338
f 1338 3501 1769
f 767 3018 3026
f 3026 3018 3506
f 3076 3499 3064
f 3064 3499 3507
f 727 730 3483
f 3483 730 3030
f 3064 3507 2871
f 2871 3507 3077
f 3100 3160 1786
f 1786 3160 1784
f 3026 3506 752
f 752 3506 3015
f 860 3504 2923
f 2923 3504 3508
f 753 3016 3027
f 3027 3016 3509
f 3027 3509 3008
f 3008 3509 3028
f 1782 1785 1783
f 1783 1785 3022
f 2923 3508 3153
f 3153 3508 3161
f 3148 3149 1208
f 1208 3149 3150
f 1335 1328 3510
f 3510 1328 1327
f 1336 1335 3505
f 3505 1335 3510
f 866 3511 1340
f 1340 3511 3146
f 865 1808 866
f 866 1808 3511
f 842 841 3159
f 3159 841 3485
f 2849 3512 1329
f 1329 3512 1326
f 1202 1331 2849
f 2849 1331 3512
f 3514 3515 3513
f 3513 3515 3516
f 3518 3516 3517
f 3517 3516 3515
f 3519 3520 3514
f 3514 3520 3515
f 3522 3523 3521
f 3521 3523 3524
f 3526 3527 3525
f 3525 3527 3528
f 3530 3531 3529
f 3529 3531 3532
f 3534 3535 3533
f 3533 3535 3536
f 3529 3532 3537
f 3537 3532 3538
f 3537 3539 3529
f 3529 3539 3540
f 3542 3543 3541
f 3541 3543 3544
f 3546 3547 3545
f 3545 3547 3548
f 3550 3534 3549
f 3549 3534 3533
f 3550 3543 3551
f 3551 3543 3552
f 3537 3545 3539
f 3539 3545 3548
f 3553 3554 3556
f 3556 3554 3555
f 3537 3557 3545
f 3545 3557 3546
f 3558 3559 3561
f 3561 3559 3560
f 3563 3564 3562
f 3562 3564 3565
f 3564 3563 3566
f 3566 3563 3567
f 3569 3570 3568
f 3568 3570 3571
f 3573 3574 3572
f 3572 3574 3575
f 3577 3578 3576
f 3576 3578 3579
f 3581 3582 3580
f 3580 3582 3583
f 3585 3586 3584
f 3584 3586 3579
f 3586 3587 3579
f 3579 3587 3576
f 3589 3590 3588
f 3588 3590 3591
f 3592 3593 3595
f 3595 3593 3594
f 3597 3598 3596
f 3596 3598 3595
f 3583 3600 3599
f 3599 3600 3601
f 3603 3599 3602
f 3602 3599 3601
f 3605 3606 3604
f 3604 3606 3607
f 3608 3555 3596
f 3596 3555 3554
f 3597 3610 3609
f 3609 3610 3565
f 3564 3611 3565
f 3565 3611 3609
f 3611 3564 3612
f 3612 3564 3566
f 3613 3614 3569
f 3569 3614 3570
f 3615 3616 3573
f 3573 3616 3574
f 3517 3617 3518
f 3518 3617 3618
f 3620 3621 3619
f 3619 3621 3622
f 3624 3625 3623
f 3623 3625 3626
f 3628 3629 3627
f 3627 3629 3630
f 3632 3633 3631
f 3631 3633 3634
f 3636 3637 3635
f 3635 3637 3638
f 3640 3641 3639
f 3639 3641 3642
f 3643 3644 3639
f 3639 3644 3640
f 3646 3513 3645
f 3645 3513 3647
f 3648 3514 3646
f 3646 3514 3513
f 3649 3519 3648
f 3648 3519 3514
f 3650 3651 3527
f 3527 3651 3652
f 3654 3651 3653
f 3653 3651 3650
f 3568 3571 3655
f 3655 3571 3656
f 3657 3658 3653
f 3653 3658 3659
f 3661 3662 3660
f 3660 3662 3658
f 3664 3665 3663
f 3663 3665 3666
f 3667 3657 3650
f 3650 3657 3653
f 3669 3523 3668
f 3668 3523 3670
f 3672 3673 3671
f 3671 3673 3674
f 3676 3677 3675
f 3675 3677 3678
f 3671 3674 3676
f 3676 3674 3677
f 3680 3681 3679
f 3679 3681 3682
f 3683 3684 3680
f 3680 3684 3681
f 3685 3686 3661
f 3661 3686 3662
f 3686 3687 3662
f 3662 3687 3688
f 3684 3683 3689
f 3689 3683 3690
f 3692 3693 3691
f 3691 3693 3694
f 3691 3694 3695
f 3695 3694 3696
f 3698 3699 3697
f 3697 3699 3700
f 3702 3703 3701
f 3701 3703 3704
f 3705 3706 3519
f 3519 3706 3520
f 3673 3672 3707
f 3707 3672 3708
f 3709 3710 3682
f 3682 3710 3679
f 3711 3712 3692
f 3692 3712 3693
f 3714 3715 3713
f 3713 3715 3716
f 3718 3700 3717
f 3717 3700 3699
f 3720 3721 3719
f 3719 3721 3722
f 3724 3725 3723
f 3723 3725 3726
f 3727 3728 3730
f 3730 3728 3729
f 3722 3721 3731
f 3731 3721 3732
f 3697 3700 3733
f 3733 3700 3714
f 3733 3714 3734
f 3734 3714 3713
f 3721 3723 3732
f 3732 3723 3735
f 3720 3736 3724
f 3724 3736 3737
f 3700 3718 3714
f 3714 3718 3715
f 3717 3699 3738
f 3738 3699 3739
f 3536 3740 3533
f 3533 3740 3540
f 3742 3743 3741
f 3741 3743 3744
f 3746 3747 3745
f 3745 3747 3748
f 3750 3751 3749
f 3749 3751 3752
f 3627 3632 3628
f 3628 3632 3631
f 3754 3755 3753
f 3753 3755 3626
f 3562 3565 3756
f 3756 3565 3610
f 3527 3652 3528
f 3528 3652 3757
f 3758 3524 3669
f 3669 3524 3523
f 3582 3598 3583
f 3583 3598 3600
f 3759 3670 3522
f 3522 3670 3523
f 3675 3678 3760
f 3760 3678 3761
f 3762 3763 3690
f 3690 3763 3689
f 3765 3766 3764
f 3764 3766 3767
f 3768 3739 3698
f 3698 3739 3699
f 3726 3725 3770
f 3770 3725 3769
f 3645 3647 3771
f 3771 3647 3772
f 3645 3678 3646
f 3646 3678 3677
f 3646 3677 3648
f 3648 3677 3674
f 3673 3649 3674
f 3674 3649 3648
f 3707 3773 3673
f 3673 3773 3649
f 3775 3776 3774
f 3774 3776 3777
f 3779 3526 3778
f 3778 3526 3525
f 3526 3779 3667
f 3667 3779 3780
f 3780 3781 3667
f 3667 3781 3657
f 3672 3679 3708
f 3708 3679 3710
f 3671 3680 3672
f 3672 3680 3679
f 3676 3683 3671
f 3671 3683 3680
f 3675 3690 3676
f 3676 3690 3683
f 3760 3762 3675
f 3675 3762 3690
f 3682 3681 3783
f 3783 3681 3782
f 3689 3784 3684
f 3684 3784 3785
f 3684 3785 3681
f 3681 3785 3782
f 3786 3709 3783
f 3783 3709 3682
f 3784 3689 3787
f 3787 3689 3763
f 3789 3557 3788
f 3788 3557 3790
f 3792 3793 3791
f 3791 3793 3794
f 3616 3615 3795
f 3795 3615 3796
f 3797 3798 3727
f 3727 3798 3728
f 3800 3801 3799
f 3799 3801 3802
f 3803 3578 3592
f 3592 3578 3593
f 3805 3806 3804
f 3804 3806 3807
f 3599 3603 3585
f 3585 3603 3586
f 3587 3586 3604
f 3604 3586 3603
f 3588 3591 3794
f 3794 3591 3791
f 3581 3803 3582
f 3582 3803 3592
f 3594 3561 3608
f 3608 3561 3790
f 3662 3688 3808
f 3808 3688 3809
f 3665 3664 3810
f 3810 3664 3811
f 3719 3812 3720
f 3720 3812 3736
f 3717 3813 3718
f 3718 3813 3737
f 3723 3721 3724
f 3724 3721 3720
f 3813 3717 3814
f 3814 3717 3738
f 3815 3816 303
f 303 3816 304
f 3818 3819 3817
f 3817 3819 3820
f 3578 3803 3579
f 3579 3803 3584
f 3558 3593 3577
f 3577 3593 3578
f 3822 3823 3821
f 3821 3823 3824
f 3546 3826 3825
f 3825 3826 3827
f 3828 3829 3547
f 3547 3829 3541
f 3831 3542 3830
f 3830 3542 3832
f 3834 3822 3833
f 3833 3822 3821
f 3835 3836 3827
f 3827 3836 3825
f 3800 3799 3828
f 3828 3799 3829
f 3830 3832 3837
f 3837 3832 3838
f 331 330 3551
f 3551 330 3839
f 3831 333 3552
f 3552 333 332
f 3819 3797 3841
f 3841 3797 3840
f 3513 3516 3647
f 3647 3516 3746
f 337 336 3745
f 3745 336 3772
f 3525 3528 3775
f 3775 3528 3749
f 3610 3597 3554
f 3554 3597 3596
f 3706 3702 3520
f 3520 3702 3701
f 3756 3610 3553
f 3553 3610 3554
f 3757 3750 3528
f 3528 3750 3749
f 3517 3515 3701
f 3701 3515 3520
f 3842 3584 3581
f 3581 3584 3803
f 3525 3775 3778
f 3778 3775 3774
f 3638 3843 3635
f 3635 3843 3618
f 3617 3621 3618
f 3618 3621 3635
f 3617 3517 3704
f 3704 3517 3701
f 3521 3624 3522
f 3522 3624 3623
f 3749 3844 3775
f 3775 3844 3776
f 3846 3847 3845
f 3845 3847 3848
f 3843 3747 3618
f 3618 3747 3518
f 3850 3851 3849
f 3849 3851 3748
f 3853 3854 3852
f 3852 3854 3855
f 3856 3857 3622
f 3622 3857 3619
f 3859 3860 3858
f 3858 3860 3861
f 3862 3844 3752
f 3752 3844 3749
f 3863 3759 3623
f 3623 3759 3522
f 3864 3777 3630
f 3630 3777 3776
f 3713 3865 3734
f 3734 3865 3866
f 3868 3869 3867
f 3867 3869 3870
f 3872 3873 3871
f 3871 3873 3874
f 3876 3877 3875
f 3875 3877 3878
f 3879 3880 3878
f 3878 3880 3881
f 3882 3883 3885
f 3885 3883 3884
f 3780 3886 3781
f 3781 3886 3887
f 3888 3685 3869
f 3869 3685 3661
f 3880 3879 3883
f 3883 3879 3884
f 3693 3783 3694
f 3694 3783 3782
f 3696 3785 3764
f 3764 3785 3784
f 3694 3782 3696
f 3696 3782 3785
f 3693 3786 3783
f 3787 3765 3784
f 3784 3765 3764
f 386 385 3765
f 3765 385 3766
f 3695 3889 3691
f 3691 3889 3890
f 3691 3890 3692
f 3692 3890 3891
f 3892 3711 3891
f 3891 3711 3692
f 3767 3893 3695
f 3695 3893 3889
f 3766 3894 3767
f 3767 3894 3893
f 3882 3885 3895
f 3895 3885 3896
f 3898 3698 3897
f 3897 3698 3697
f 3897 3697 3899
f 3899 3697 3733
f 3899 3733 3900
f 3900 3733 3734
f 3901 3768 3898
f 3898 3768 3698
f 3901 3902 3768
f 3768 3902 3903
f 3904 3905 3907
f 3907 3905 3906
f 3869 3661 3870
f 3870 3661 3660
f 3908 3909 3896
f 3896 3909 3895
f 3909 3758 3895
f 3895 3758 3669
f 3751 3531 3752
f 3752 3531 3848
f 3858 3536 3854
f 3854 3536 3535
f 3652 3562 3757
f 3757 3562 3756
f 3651 3654 3563
f 3563 3654 3567
f 3655 3656 3808
f 3808 3656 3659
f 3530 3740 3845
f 3845 3740 3861
f 3751 3750 3556
f 3556 3750 3553
f 3817 3820 3796
f 3796 3820 3795
f 410 409 3910
f 3910 409 3855
f 3750 3757 3553
f 3553 3757 3756
f 3908 3886 3909
f 3909 3886 3780
f 409 411 3855
f 3855 411 3851
f 413 412 3760
f 3760 412 3762
f 415 414 3763
f 3763 414 3787
f 3790 3557 3538
f 3538 3557 3537
f 3555 3608 3538
f 3538 3608 3790
f 3574 3911 3575
f 3575 3911 3912
f 3535 3534 3910
f 3910 3534 3839
f 3831 3552 3542
f 3542 3552 3543
f 3534 3550 3839
f 3839 3550 3551
f 3543 3550 3544
f 3544 3550 3549
f 3913 3914 3916
f 3916 3914 3915
f 3806 3805 3589
f 3589 3805 3590
f 3849 3843 3917
f 3917 3843 3638
f 3853 3644 3859
f 3859 3644 3742
f 3747 3746 3518
f 3518 3746 3516
f 3695 3696 3767
f 3767 3696 3764
f 3903 3918 3768
f 3768 3918 3739
f 3738 3739 3816
f 3816 3739 3918
f 3919 3920 3769
f 3769 3920 3770
f 3921 3726 3922
f 3922 3726 3770
f 3678 3645 3761
f 3761 3645 3771
f 3924 3913 3923
f 3923 3913 3916
f 3802 3925 3838
f 3838 3925 3837
f 3577 3926 3558
f 3558 3926 3559
f 3815 3919 3814
f 3814 3919 3769
f 3927 3928 3822
f 3822 3928 3823
f 3829 3832 3541
f 3541 3832 3542
f 3834 3927 3822
f 3832 3829 3838
f 3838 3829 3799
f 3745 3772 3746
f 3746 3772 3647
f 3849 3748 3843
f 3843 3748 3747
f 3854 3853 3858
f 3858 3853 3859
f 3854 3535 3855
f 3855 3535 3910
f 3557 3789 3546
f 3546 3789 3826
f 3923 3823 3924
f 3924 3823 3928
f 3823 3923 3929
f 3929 3923 3930
f 3531 3751 3532
f 3532 3751 3556
f 3532 3556 3538
f 3538 3556 3555
f 3932 3634 3931
f 3931 3634 3633
f 3814 3769 3813
f 3813 3769 3725
f 3620 3636 3621
f 3621 3636 3635
f 3847 3862 3848
f 3848 3862 3752
f 3531 3530 3848
f 3848 3530 3845
f 3933 3934 3830
f 3830 3934 3831
f 3925 3933 3837
f 3837 3933 3830
f 3934 440 3831
f 3831 440 333
f 3925 3802 3833
f 3833 3802 3801
f 3776 3844 3630
f 3630 3844 3627
f 3808 3659 3662
f 3662 3659 3658
f 3667 3650 3526
f 3526 3650 3527
f 3935 3666 3936
f 3936 3666 3665
f 3718 3737 3715
f 3715 3737 3736
f 3663 3809 3664
f 3664 3809 3688
f 3807 3806 3938
f 3938 3806 3937
f 445 413 3761
f 3761 413 3760
f 3902 447 3903
f 3903 447 446
f 3897 3890 3898
f 3898 3890 3889
f 3899 3891 3897
f 3897 3891 3890
f 3898 3889 3901
f 3901 3889 3893
f 3893 3894 3901
f 3901 3894 3902
f 414 386 3787
f 3787 386 3765
f 3940 3941 3939
f 3939 3941 3942
f 3840 3797 3943
f 3943 3797 3727
f 3665 3810 3936
f 3936 3810 3944
f 3921 3735 3726
f 3726 3735 3723
f 3920 3945 3770
f 3770 3945 3922
f 3521 3524 3774
f 3774 3524 3778
f 3864 3946 3625
f 3625 3946 3947
f 3773 3705 3649
f 3649 3705 3519
f 3779 3778 3758
f 3758 3778 3524
f 3812 3716 3736
f 3736 3716 3715
f 3624 3521 3777
f 3777 3521 3774
f 3703 3856 3704
f 3704 3856 3622
f 3900 3892 3899
f 3899 3892 3891
f 3641 3917 3642
f 3642 3917 3948
f 3895 3669 3882
f 3882 3669 3668
f 3855 3851 3852
f 3852 3851 3850
f 3894 458 3902
f 3902 458 447
f 3781 3887 3660
f 3660 3887 3870
f 3570 3566 3571
f 3571 3566 3567
f 3950 3576 3949
f 3949 3576 3587
f 3605 3602 3614
f 3614 3602 3612
f 3614 3612 3570
f 3570 3612 3566
f 3571 3567 3656
f 3656 3567 3654
f 3660 3658 3781
f 3781 3658 3657
f 3604 3607 3587
f 3587 3607 3949
f 3653 3659 3654
f 3654 3659 3656
f 3529 3540 3530
f 3530 3540 3740
f 3687 3811 3688
f 3688 3811 3664
f 3813 3725 3737
f 3737 3725 3724
f 3919 3815 461
f 461 3815 303
f 3818 3798 3819
f 3819 3798 3797
f 3819 3841 3820
f 3820 3841 3951
f 3816 3815 3738
f 3738 3815 3814
f 3540 3539 3533
f 3533 3539 3549
f 3548 3547 3544
f 3544 3547 3541
f 3539 3548 3549
f 3549 3548 3544
f 3741 3931 3860
f 3860 3931 3846
f 3801 3800 3835
f 3835 3800 3836
f 3934 3933 3824
f 3824 3933 3821
f 3825 3828 3546
f 3546 3828 3547
f 3833 3821 3925
f 3925 3821 3933
f 3800 3828 3836
f 3836 3828 3825
f 3824 3952 3934
f 3934 3952 440
f 3860 3846 3861
f 3861 3846 3845
f 3629 3946 3630
f 3630 3946 3864
f 3740 3536 3861
f 3861 3536 3858
f 3833 3801 3834
f 3834 3801 3835
f 3583 3599 3580
f 3580 3599 3585
f 3651 3563 3652
f 3652 3563 3562
f 3758 3909 3779
f 3779 3909 3780
f 3621 3617 3622
f 3622 3617 3704
f 3625 3947 3626
f 3626 3947 3753
f 3633 3632 3847
f 3847 3632 3862
f 3852 3850 3640
f 3640 3850 3641
f 3644 3853 3640
f 3640 3853 3852
f 3859 3742 3860
f 3860 3742 3741
f 3632 3627 3862
f 3862 3627 3844
f 3755 3863 3626
f 3626 3863 3623
f 3917 3638 3948
f 3948 3638 3637
f 3644 3643 3742
f 3742 3643 3743
f 3931 3633 3846
f 3846 3633 3847
f 3625 3624 3864
f 3864 3624 3777
f 3917 3641 3849
f 3849 3641 3850
f 3744 3932 3741
f 3741 3932 3931
f 3903 446 3918
f 3918 446 464
f 3953 3954 3956
f 3956 3954 3955
f 3958 3959 3957
f 3957 3959 3960
f 3876 3958 3877
f 3877 3958 3957
f 3877 3957 3961
f 3961 3957 3962
f 3963 3964 3958
f 3958 3964 3959
f 3965 3966 3876
f 3876 3966 3958
f 3966 3963 3958
f 3966 3967 3963
f 3963 3967 3968
f 3878 3877 3879
f 3879 3877 3961
f 3967 3969 3968
f 3968 3969 3970
f 3969 3971 3970
f 3970 3971 3972
f 3974 3904 3973
f 3973 3904 3907
f 3971 3975 3972
f 3972 3975 3976
f 3976 3975 3978
f 3978 3975 3977
f 3979 3980 3977
f 3977 3980 3978
f 3981 3982 3979
f 3979 3982 3980
f 3983 3984 3981
f 3981 3984 3982
f 3972 3985 3970
f 3970 3985 3986
f 3871 3987 3969
f 3969 3987 3971
f 3872 3871 3967
f 3967 3871 3969
f 3965 3872 3966
f 3966 3872 3967
f 3970 3986 3968
f 3968 3986 3988
f 3879 3961 3884
f 3884 3961 3940
f 3884 3940 3885
f 3885 3940 3939
f 3989 3990 3992
f 3992 3990 3991
f 3942 3993 3995
f 3995 3993 3994
f 3994 3996 3995
f 3995 3996 3974
f 3997 3998 3994
f 3994 3998 3996
f 3999 3997 3993
f 3993 3997 3994
f 4001 3996 4000
f 4000 3996 3998
f 4000 3998 4002
f 4002 3998 4003
f 4004 4003 3997
f 3997 4003 3998
f 3997 3999 4004
f 4004 3999 4005
f 4006 3995 3973
f 3973 3995 3974
f 3939 3942 4006
f 4006 3942 3995
f 3906 3887 3907
f 3907 3887 3886
f 3887 3906 3870
f 3870 3906 3867
f 3908 3973 3886
f 3886 3973 3907
f 3865 4007 3866
f 3866 4007 4008
f 3984 3983 4009
f 4009 3983 4010
f 3961 3962 3940
f 3940 3962 3941
f 4012 3868 4011
f 4011 3868 3867
f 4013 3975 3987
f 3987 3975 3971
f 4014 3977 4013
f 4013 3977 3975
f 4015 4010 4007
f 4007 4010 3983
f 4007 3983 4008
f 4008 3983 3981
f 4008 3981 4016
f 4016 3981 3979
f 4017 3984 4018
f 4018 3984 4009
f 3977 4014 3979
f 3979 4014 4016
f 3982 3984 4019
f 4019 3984 4017
f 4021 4022 4020
f 4020 4022 4023
f 4022 4012 4023
f 4023 4012 4011
f 4023 3904 4020
f 4020 3904 3974
f 4024 4025 4018
f 4018 4025 4017
f 4026 4027 4024
f 4024 4027 4025
f 4028 4026 4029
f 4029 4026 4024
f 4018 4021 4024
f 4024 4021 4029
f 4030 4031 4026
f 4026 4031 4027
f 4032 4030 4028
f 4028 4030 4026
f 4029 4001 4028
f 4028 4001 4000
f 4028 4000 4032
f 4032 4000 4002
f 4034 4035 4033
f 4033 4035 4036
f 4037 4038 4019
f 4019 4038 4039
f 4041 4039 4040
f 4040 4039 4038
f 4040 4038 4042
f 4042 4038 4036
f 4042 4036 4043
f 4043 4036 4035
f 3985 4044 4046
f 4046 4044 4045
f 4047 4048 4045
f 4045 4048 4046
f 4047 4049 4048
f 4048 4049 4050
f 4042 4047 4040
f 4040 4047 4045
f 4043 4049 4042
f 4042 4049 4047
f 4040 4045 4041
f 4041 4045 4044
f 4052 3959 4051
f 4051 3959 3964
f 4053 4054 4051
f 4051 4054 4055
f 3956 3960 4052
f 4052 3960 3959
f 3953 3956 4056
f 4056 3956 4052
f 4058 3953 4057
f 4057 3953 4056
f 4060 4061 4059
f 4059 4061 4062
f 4063 4064 4054
f 4054 4064 4057
f 4054 4053 4063
f 4063 4053 4065
f 4066 4067 4069
f 4069 4067 4068
f 4048 4050 4063
f 4063 4050 4064
f 4063 4065 4048
f 4048 4065 4046
f 3985 4046 3986
f 3986 4046 4065
f 3986 4065 3988
f 3988 4065 4053
f 3988 4053 3964
f 3964 4053 4051
f 3976 3978 4044
f 4044 3978 4041
f 3980 3982 4039
f 4039 3982 4019
f 4039 4041 3980
f 3980 4041 3978
f 3973 3908 4006
f 4006 3908 3896
f 3885 3939 3896
f 3896 3939 4006
f 4031 4034 4027
f 4027 4034 4033
f 4027 4033 4025
f 4025 4033 4037
f 4019 4017 4037
f 4037 4017 4025
f 3993 3942 4070
f 4070 3942 3941
f 3999 3993 4071
f 4071 3993 4070
f 3999 4071 4005
f 4005 4071 4072
f 4073 4074 4076
f 4076 4074 4075
f 4078 4079 4077
f 4077 4079 4080
f 4082 4080 4081
f 4081 4080 4079
f 4084 4085 4083
f 4083 4085 4086
f 4087 4088 4090
f 4090 4088 4089
f 4092 4093 4091
f 4091 4093 4094
f 4096 4097 4095
f 4095 4097 4098
f 4100 4101 4099
f 4099 4101 4102
f 4103 4104 4106
f 4106 4104 4105
f 4108 4109 4107
f 4107 4109 4110
f 4112 4113 4111
f 4111 4113 4114
f 4116 4117 4115
f 4115 4117 4118
f 4120 4121 4119
f 4119 4121 4122
f 4123 4124 4126
f 4126 4124 4125
f 4127 4128 4130
f 4130 4128 4129
f 4132 4133 4131
f 4131 4133 4134
f 4136 4108 4135
f 4135 4108 4107
f 4138 4139 4137
f 4137 4139 4140
f 4141 4142 4088
f 4088 4142 4089
f 4144 4145 4143
f 4143 4145 4146
f 4148 4149 4147
f 4147 4149 4150
f 4152 4153 4151
f 4151 4153 4154
f 4156 4082 4155
f 4155 4082 4081
f 4157 4158 4160
f 4160 4158 4159
f 4161 4162 4164
f 4164 4162 4163
f 4166 4122 4165
f 4165 4122 4121
f 4168 4152 4167
f 4167 4152 4151
f 4169 4170 4172
f 4172 4170 4171
f 4174 4175 4173
f 4173 4175 4176
f 4178 4149 4177
f 4177 4149 4179
f 4173 4176 4180
f 4180 4176 4181
f 4156 4085 4182
f 4182 4085 4183
f 4182 4184 4156
f 4156 4184 4082
f 4185 4186 4184
f 4184 4186 4187
f 4186 4188 4187
f 4187 4188 4189
f 4190 4191 4073
f 4073 4191 4074
f 4177 4179 4158
f 4158 4179 4159
f 4193 4127 4192
f 4192 4127 4130
f 4144 4194 4151
f 4151 4194 4167
f 4196 4197 4195
f 4195 4197 4198
f 4095 4199 4096
f 4096 4199 4200
f 4201 4202 4204
f 4204 4202 4203
f 4205 4206 4208
f 4208 4206 4207
f 4121 4120 4209
f 4209 4120 4210
f 4212 4213 4211
f 4211 4213 4214
f 4216 4217 4215
f 4215 4217 4218
f 4220 4221 4219
f 4219 4221 4222
f 4224 4196 4223
f 4223 4196 4195
f 4225 4226 4134
f 4134 4226 4131
f 4228 4229 4227
f 4227 4229 4230
f 4232 4233 4231
f 4231 4233 4098
f 4235 4236 4234
f 4234 4236 4237
f 4239 4240 4238
f 4238 4240 4241
f 4242 4243 4245
f 4245 4243 4244
f 4246 4247 4249
f 4249 4247 4248
f 4251 4252 4250
f 4250 4252 4253
f 4255 4256 4254
f 4254 4256 4257
f 4259 4260 4258
f 4258 4260 4261
f 4263 4264 4262
f 4262 4264 4265
f 4267 4268 4266
f 4266 4268 4269
f 4271 4199 4270
f 4270 4199 4272
f 4273 4274 4276
f 4276 4274 4275
f 4115 4118 4277
f 4277 4118 4278
f 4280 4281 4279
f 4279 4281 4282
f 4211 4283 4212
f 4212 4283 4284
f 4286 4287 4285
f 4285 4287 4288
f 4165 4121 4289
f 4289 4121 4209
f 4291 4286 4290
f 4290 4286 4285
f 4293 4294 4292
f 4292 4294 4295
f 4297 4298 4296
f 4296 4298 4299
f 4301 4302 4300
f 4300 4302 4303
f 4299 4304 4296
f 4296 4304 4305
f 4306 4292 4307
f 4307 4292 4295
f 4307 4308 4306
f 4306 4308 4309
f 4310 4309 4075
f 4075 4309 4308
f 4299 4298 4312
f 4312 4298 4311
f 4302 4301 4293
f 4293 4301 4294
f 3735 3921 4313
f 4313 3921 4314
f 4315 4314 3922
f 3922 4314 3921
f 4316 3945 829
f 829 3945 830
f 4289 4317 4165
f 4165 4317 4318
f 4320 4321 4319
f 4319 4321 4322
f 4324 4325 4323
f 4323 4325 4326
f 4327 4328 4330
f 4330 4328 4329
f 4290 4331 4291
f 4291 4331 4332
f 4165 4318 4166
f 4166 4318 4333
f 4334 4335 4337
f 4337 4335 4336
f 4339 4340 4338
f 4338 4340 4341
f 4168 4343 4342
f 4342 4343 4344
f 4346 4347 4345
f 4345 4347 4348
f 4350 4351 4349
f 4349 4351 4352
f 4354 4355 4353
f 4353 4355 4356
f 4357 4358 4324
f 4324 4358 4325
f 4337 4359 4334
f 4334 4359 4360
f 4362 4363 4361
f 4361 4363 4364
f 4366 4367 4365
f 4365 4367 4368
f 4369 4370 4372
f 4372 4370 4371
f 4331 4290 4374
f 4374 4290 4373
f 4373 4376 4375
f 4375 4376 4377
f 4379 4380 4378
f 4378 4380 4381
f 4217 4382 4218
f 4218 4382 4383
f 4385 4386 4384
f 4384 4386 4387
f 4388 4389 4338
f 4338 4389 4390
f 4337 4336 4392
f 4392 4336 4391
f 4394 4362 4393
f 4393 4362 4361
f 4396 4397 4395
f 4395 4397 4398
f 4400 4401 4399
f 4399 4401 4402
f 4345 4403 4346
f 4346 4403 4404
f 4405 4406 4342
f 4342 4406 4407
f 4409 4410 4408
f 4408 4410 4411
f 4408 4412 4409
f 4409 4412 4413
f 4181 4415 4414
f 4414 4415 4416
f 4182 4183 4417
f 4417 4183 4418
f 4419 4353 4311
f 4311 4353 4312
f 4421 4422 4420
f 4420 4422 4423
f 4353 4356 4312
f 4312 4356 4424
f 4166 4333 4425
f 4425 4333 4426
f 4425 4143 4166
f 4166 4143 4122
f 4427 4107 4428
f 4428 4107 4110
f 4429 4430 4174
f 4174 4430 4175
f 4335 4431 4336
f 4336 4431 4390
f 4336 4390 4391
f 4391 4390 4389
f 4432 4433 4435
f 4435 4433 4434
f 4437 4438 4436
f 4436 4438 4439
f 4441 4442 4440
f 4440 4442 4443
f 4359 4444 4361
f 4361 4444 4393
f 4446 4447 4445
f 4445 4447 4448
f 4338 4341 4388
f 4388 4341 4449
f 4450 4451 4398
f 4398 4451 4395
f 4453 4454 4452
f 4452 4454 4455
f 4457 4458 4456
f 4456 4458 4459
f 4460 4461 4448
f 4448 4461 4445
f 4463 4464 4462
f 4462 4464 4465
f 4462 4465 4466
f 4466 4465 4467
f 4468 4469 4467
f 4467 4469 4466
f 4469 4468 4470
f 4470 4468 4471
f 4472 4473 4471
f 4471 4473 4470
f 4475 4476 4474
f 4474 4476 4477
f 4479 4480 4478
f 4478 4480 4481
f 4483 4484 4482
f 4482 4484 4485
f 4487 4488 4486
f 4486 4488 4489
f 4491 4492 4490
f 4490 4492 4493
f 4494 4495 4493
f 4493 4495 4490
f 4496 4497 4494
f 4494 4497 4495
f 4497 4496 4498
f 4498 4496 4499
f 4500 4501 4503
f 4503 4501 4502
f 4505 4506 4504
f 4504 4506 4507
f 4466 4508 4462
f 4462 4508 4509
f 4470 4510 4469
f 4469 4510 4511
f 4513 4479 4512
f 4512 4479 4478
f 4515 4443 4514
f 4514 4443 4442
f 4516 4517 4519
f 4519 4517 4518
f 4521 4495 4520
f 4520 4495 4497
f 4522 4490 4521
f 4521 4490 4495
f 4491 4523 4488
f 4488 4523 4524
f 4525 4489 4524
f 4524 4489 4488
f 4484 4526 4485
f 4485 4526 4527
f 4503 4528 4500
f 4500 4528 4529
f 4530 4531 4533
f 4533 4531 4532
f 4535 4506 4534
f 4534 4506 4530
f 4486 4536 4487
f 4487 4536 4537
f 4487 4537 4492
f 4492 4537 4538
f 4494 4539 4496
f 4496 4539 4540
f 4542 4533 4541
f 4541 4533 4499
f 4544 4545 4543
f 4543 4545 4546
f 4548 4549 4547
f 4547 4549 4550
f 4536 4551 4537
f 4537 4551 4552
f 4537 4552 4538
f 4538 4552 4553
f 4554 4539 4556
f 4556 4539 4555
f 4557 4540 4554
f 4554 4540 4539
f 4559 4557 4558
f 4558 4557 4560
f 4540 4557 4541
f 4541 4557 4559
f 4562 4563 4561
f 4561 4563 4564
f 4546 4565 4543
f 4543 4565 4566
f 4547 4567 4548
f 4548 4567 4568
f 4570 4571 4569
f 4569 4571 4572
f 4574 4575 4573
f 4573 4575 4576
f 4578 4579 4577
f 4577 4579 4580
f 4582 4583 4581
f 4581 4583 4584
f 4585 4586 4588
f 4588 4586 4587
f 4589 4585 4590
f 4590 4585 4588
f 4592 4593 4591
f 4591 4593 4594
f 4596 4597 4595
f 4595 4597 4598
f 4600 4601 4599
f 4599 4601 4602
f 4563 4604 4603
f 4603 4604 4605
f 4603 4606 4608
f 4608 4606 4607
f 4609 4610 4594
f 4594 4610 4591
f 4611 4612 4614
f 4614 4612 4613
f 4616 4617 4615
f 4615 4617 4618
f 4602 4620 4619
f 4619 4620 4621
f 4619 4622 4602
f 4602 4622 4599
f 4605 4599 4623
f 4623 4599 4622
f 4605 4623 4603
f 4603 4623 4606
f 4625 4626 4624
f 4624 4626 4627
f 4438 4437 4628
f 4628 4437 4629
f 4442 4441 4630
f 4630 4441 4631
f 4630 4632 4442
f 4442 4632 4514
f 4633 4634 4529
f 4529 4634 4500
f 4500 4634 4501
f 4501 4634 4635
f 4637 4546 4636
f 4636 4546 4545
f 4639 4565 4638
f 4638 4565 4640
f 4573 4576 4641
f 4641 4576 4642
f 4593 4643 4594
f 4594 4643 4644
f 4645 4609 4644
f 4644 4609 4594
f 4647 4648 4646
f 4646 4648 4649
f 4651 4652 4650
f 4650 4652 4653
f 4654 4498 4519
f 4519 4498 4532
f 4520 4508 4521
f 4521 4508 4511
f 4522 4510 4523
f 4523 4510 4655
f 4524 4656 4525
f 4525 4656 4657
f 4514 4529 4515
f 4515 4529 4528
f 4658 4659 4661
f 4661 4659 4660
f 4496 4540 4499
f 4499 4540 4541
f 4493 4555 4494
f 4494 4555 4539
f 4549 4483 4550
f 4550 4483 4482
f 4545 4544 4501
f 4501 4544 4502
f 4636 4545 4635
f 4635 4545 4501
f 4589 4663 4662
f 4662 4663 4664
f 4662 4665 4558
f 4558 4665 4559
f 4569 4586 4570
f 4570 4586 4560
f 4552 4666 4553
f 4553 4666 4667
f 4668 4669 4670
f 4670 4669 4666
f 4672 4673 4671
f 4671 4673 4674
f 4287 4675 4288
f 4288 4675 4676
f 4678 4679 4677
f 4677 4679 4680
f 4681 4678 4682
f 4682 4678 4677
f 4682 4683 4681
f 4681 4683 4684
f 4161 4164 4685
f 4685 4164 4686
f 4414 4687 4689
f 4689 4687 4688
f 4405 4690 4346
f 4346 4690 4347
f 4691 4399 4693
f 4693 4399 4692
f 1209 4694 4365
f 4365 4694 4366
f 4650 1211 4651
f 4651 1211 1210
f 4695 4696 4255
f 4255 4696 4256
f 4697 4698 4218
f 4218 4698 4215
f 4700 4701 4699
f 4699 4701 4702
f 4703 4704 4303
f 4303 4704 4300
f 4315 3922 4316
f 4316 3922 3945
f 4653 4706 4705
f 4705 4706 4707
f 4709 4710 4708
f 4708 4710 4711
f 4335 4334 4713
f 4713 4334 4712
f 4714 4340 4321
f 4321 4340 4322
f 4716 4717 4715
f 4715 4717 4718
f 4238 4241 4719
f 4719 4241 4720
f 4231 4721 4307
f 4307 4721 4308
f 4723 4724 4722
f 4722 4724 4725
f 4727 4728 4726
f 4726 4728 4729
f 4730 4731 4327
f 4327 4731 4328
f 4733 4734 4732
f 4732 4734 4735
f 4720 4381 4736
f 4736 4381 4737
f 4738 4739 4741
f 4741 4739 4740
f 4743 4744 4742
f 4742 4744 4745
f 4338 4390 4339
f 4339 4390 4431
f 4746 4747 4431
f 4431 4747 4339
f 4291 4332 4289
f 4289 4332 4317
f 4289 4209 4291
f 4291 4209 4286
f 4287 4286 4210
f 4210 4286 4209
f 4749 4750 4748
f 4748 4750 4751
f 4212 4284 4752
f 4752 4284 4753
f 4752 4754 4212
f 4212 4754 4213
f 4252 4251 4225
f 4225 4251 4226
f 4227 4230 4248
f 4248 4230 4249
f 4205 4755 4757
f 4757 4755 4756
f 4708 4711 4758
f 4758 4711 4647
f 4367 4366 4759
f 4759 4366 4760
f 4526 4513 4527
f 4527 4513 4512
f 4420 4423 4385
f 4385 4423 4386
f 4705 4761 4653
f 4653 4761 4650
f 4761 1279 4650
f 4650 1279 1211
f 4762 4763 3944
f 3944 4763 3936
f 4274 4273 4765
f 4765 4273 4764
f 4767 4768 4766
f 4766 4768 4769
f 4770 4771 4769
f 4769 4771 4766
f 4771 4770 4242
f 4242 4770 4243
f 4093 4163 4094
f 4094 4163 4162
f 4772 4773 4775
f 4775 4773 4774
f 4777 4778 4776
f 4776 4778 4779
f 4417 4185 4182
f 4182 4185 4184
f 4780 4078 4781
f 4781 4078 4077
f 4781 4077 4782
f 4782 4077 4189
f 4188 4783 4189
f 4189 4783 4782
f 4295 4232 4307
f 4307 4232 4231
f 4785 4786 4784
f 4784 4786 4787
f 4784 1307 4785
f 4785 1307 1306
f 4078 4780 4096
f 4096 4780 4097
f 4075 4074 4310
f 4310 4074 4788
f 4788 4074 4789
f 4789 4074 4191
f 4789 4191 4059
f 4059 4191 4790
f 4791 4277 4792
f 4792 4277 4278
f 3732 3735 4793
f 4793 3735 4313
f 4793 4794 3732
f 3732 4794 3731
f 4792 4795 4791
f 4791 4795 4796
f 4797 4798 4799
f 4799 4798 4724
f 4763 4800 3936
f 3936 4800 3935
f 4801 4062 3729
f 3729 4062 3730
f 4713 4712 4802
f 4802 4712 4803
f 4146 4804 4119
f 4119 4804 4805
f 4498 4654 4497
f 4497 4654 4520
f 4806 4807 1326
f 1326 4807 1327
f 4689 4688 1330
f 1330 4688 1331
f 4801 4789 4062
f 4062 4789 4059
f 3730 4062 4808
f 4808 4062 4061
f 4810 4811 4809
f 4809 4811 4812
f 4813 4403 4814
f 4814 4403 4345
f 4815 4816 4349
f 4349 4816 4350
f 4817 4818 4820
f 4820 4818 4819
f 4406 4821 4407
f 4407 4821 4822
f 4823 4161 4824
f 4824 4161 4685
f 4181 4414 4825
f 4825 4414 4689
f 4741 4740 4826
f 4826 4740 4827
f 4828 4829 4827
f 4827 4829 4826
f 4142 4141 4415
f 4415 4141 4148
f 4830 1354 4761
f 4761 1354 1279
f 4832 4833 4831
f 4831 4833 4834
f 4835 4836 4626
f 4626 4836 4421
f 4451 4709 4395
f 4395 4709 4708
f 4627 4420 4837
f 4837 4420 4385
f 4837 1365 4838
f 4838 1365 1364
f 4397 4396 4839
f 4839 4396 4840
f 4842 4628 4841
f 4841 4628 4629
f 4671 4674 4631
f 4631 4674 4630
f 4674 4659 4630
f 4630 4659 4632
f 4633 4632 4658
f 4658 4632 4659
f 4658 4504 4633
f 4633 4504 4634
f 4635 4634 4507
f 4507 4634 4504
f 4843 4636 4507
f 4507 4636 4635
f 4844 4637 4843
f 4843 4637 4636
f 4637 4844 4640
f 4640 4844 4664
f 4638 4663 4642
f 4642 4663 4845
f 4847 4643 4846
f 4846 4643 4641
f 4644 4848 4645
f 4645 4848 4849
f 4851 4852 4850
f 4850 4852 4853
f 4855 4856 4854
f 4854 4856 4857
f 4859 4860 4858
f 4858 4860 4857
f 4715 4718 4859
f 4859 4718 4860
f 4862 4863 4861
f 4861 4863 4864
f 4866 4867 4865
f 4865 4867 4868
f 4870 4871 4869
f 4869 4871 4872
f 4869 4872 4116
f 4116 4872 4117
f 4820 4819 4874
f 4874 4819 4873
f 4876 4877 4875
f 4875 4877 4878
f 4880 4881 4879
f 4879 4881 4882
f 4884 4885 4883
f 4883 4885 4886
f 4887 4888 4280
f 4280 4888 4281
f 4818 4817 4889
f 4889 4817 4890
f 4891 4193 4823
f 4823 4193 4192
f 4892 4893 4228
f 4228 4893 4229
f 4158 4157 4894
f 4894 4157 4895
f 4896 4897 4132
f 4132 4897 4133
f 4099 4683 4100
f 4100 4683 4682
f 4101 4100 4899
f 4899 4100 4898
f 4150 4106 4147
f 4147 4106 4900
f 4100 4682 4898
f 4898 4682 4677
f 4080 4082 4187
f 4187 4082 4184
f 4077 4080 4189
f 4189 4080 4187
f 4191 4190 4790
f 4790 4190 4901
f 4177 4158 4680
f 4680 4158 4894
f 4108 4136 4752
f 4752 4136 4754
f 4752 4753 4108
f 4108 4753 4109
f 4817 4902 4890
f 4890 4902 4903
f 4904 4905 4907
f 4907 4905 4906
f 4909 4910 4908
f 4908 4910 4911
f 4913 4914 4912
f 4912 4914 4915
f 4916 4917 4919
f 4919 4917 4918
f 4312 4424 4299
f 4299 4424 4304
f 4920 4921 4297
f 4297 4921 4298
f 4194 4922 4167
f 4167 4922 4923
f 4924 4400 4691
f 4691 4400 4399
f 4395 4708 4396
f 4396 4708 4758
f 4367 4925 4368
f 4368 4925 4926
f 4919 4918 4873
f 4873 4918 4874
f 4836 4927 4421
f 4421 4927 4422
f 4921 4928 4298
f 4298 4928 4311
f 4143 4146 4122
f 4122 4146 4119
f 4929 4930 4455
f 4455 4930 4452
f 4932 4933 4931
f 4931 4933 4934
f 4935 4936 4932
f 4932 4936 4933
f 4461 4460 4457
f 4457 4460 4458
f 4480 4479 4475
f 4475 4479 4476
f 4660 4673 4517
f 4517 4673 4937
f 4661 4505 4658
f 4658 4505 4504
f 4484 4483 4489
f 4489 4483 4486
f 4462 4509 4463
f 4463 4509 4518
f 4469 4511 4466
f 4466 4511 4508
f 4655 4473 4656
f 4656 4473 4477
f 4476 4657 4477
f 4477 4657 4656
f 4479 4513 4476
f 4476 4513 4657
f 4489 4525 4484
f 4484 4525 4526
f 4483 4549 4486
f 4486 4549 4536
f 4549 4548 4536
f 4536 4548 4551
f 4548 4568 4551
f 4551 4568 4670
f 4663 4589 4845
f 4845 4589 4590
f 4668 4577 4938
f 4938 4577 4580
f 4940 4938 4939
f 4939 4938 4941
f 4940 4942 4669
f 4669 4942 4943
f 4587 4582 4944
f 4944 4582 4581
f 4848 4847 4608
f 4608 4847 4564
f 4616 4945 4613
f 4613 4945 4598
f 4615 4946 4616
f 4616 4946 4945
f 4947 4939 4948
f 4948 4939 4946
f 4599 4605 4600
f 4600 4605 4604
f 4608 4607 4848
f 4848 4607 4849
f 4613 4612 4616
f 4616 4612 4617
f 4835 4949 4709
f 4709 4949 4710
f 4357 1477 4837
f 4837 1477 1365
f 4712 4950 4803
f 4803 4950 4951
f 4401 4952 4402
f 4402 4952 4953
f 4759 4760 4402
f 4402 4760 4399
f 4508 4520 4509
f 4509 4520 4654
f 4510 4522 4511
f 4511 4522 4521
f 4513 4526 4657
f 4657 4526 4525
f 4632 4633 4514
f 4514 4633 4529
f 4931 4934 4453
f 4453 4934 4454
f 4153 4954 4154
f 4154 4954 4955
f 4957 4958 4956
f 4956 4958 4959
f 4961 4962 4960
f 4960 4962 4963
f 4120 4964 4210
f 4210 4964 4965
f 4967 4968 4966
f 4966 4968 4969
f 4349 4692 4815
f 4815 4692 4970
f 4652 4971 4653
f 4653 4971 4706
f 4758 4647 4972
f 4972 4647 4646
f 4973 4363 4646
f 4646 4363 4972
f 4950 4360 4974
f 4974 4360 4364
f 4431 4335 4746
f 4746 4335 4713
f 4358 4714 4325
f 4325 4714 4321
f 4765 4764 4266
f 4266 4764 4975
f 4202 4976 4203
f 4203 4976 4977
f 4917 4978 4918
f 4918 4978 4979
f 4279 4282 4854
f 4854 4282 4269
f 4820 4880 4817
f 4817 4880 4902
f 4890 4903 4980
f 4980 4903 4886
f 4982 4983 4981
f 4981 4983 4123
f 4795 4851 4796
f 4796 4851 4850
f 4918 4979 4874
f 4874 4979 4881
f 4809 4404 4810
f 4810 4404 4403
f 4354 4985 4984
f 4984 4985 4986
f 1364 1516 4838
f 4838 1516 4987
f 4759 4988 4367
f 4367 4988 4925
f 4989 4990 4481
f 4481 4990 4478
f 4443 4515 4990
f 4990 4515 4991
f 4527 4512 4992
f 4992 4512 4991
f 4528 4503 4992
f 4992 4503 4993
f 4993 4994 4485
f 4485 4994 4482
f 4544 4995 4502
f 4502 4995 4994
f 4995 4996 4550
f 4550 4996 4547
f 4998 4999 4997
f 4997 4999 4566
f 4998 5000 4578
f 4578 5000 4579
f 5001 5002 4596
f 4596 5002 4597
f 5003 4591 5004
f 5004 4591 4610
f 4626 4421 4627
f 4627 4421 4420
f 4837 4838 4627
f 4627 4838 4624
f 4761 4705 4830
f 4830 4705 5005
f 4705 4707 5005
f 5005 4707 5006
f 4308 4721 4075
f 4075 4721 4076
f 5007 4200 4797
f 4797 4200 4798
f 4685 4686 5008
f 5008 4686 5009
f 4889 4890 5010
f 5010 4890 4980
f 4323 1541 4324
f 4324 1541 1540
f 4385 4384 4358
f 4358 4384 4714
f 4396 4758 4840
f 4840 4758 4972
f 4866 4852 5011
f 5011 4852 5012
f 5013 4260 4980
f 4980 4260 5010
f 4875 4878 5014
f 5014 4878 5015
f 5017 5018 5016
f 5016 5018 5019
f 5016 5019 5020
f 5020 5019 5021
f 5023 5024 5022
f 5022 5024 5025
f 5027 5028 5026
f 5026 5028 5029
f 5031 5032 5030
f 5030 5032 5033
f 5035 5036 5034
f 5034 5036 5037
f 5039 5040 5038
f 5038 5040 5041
f 5043 5044 5042
f 5042 5044 5045
f 5038 5046 5039
f 5039 5046 5047
f 5049 5050 5048
f 5048 5050 5051
f 5053 5054 5052
f 5052 5054 5055
f 5057 5024 5056
f 5056 5024 5058
f 5060 5061 5059
f 5059 5061 5062
f 5064 5065 5063
f 5063 5065 5066
f 5043 5050 5064
f 5064 5050 5065
f 5038 5041 5067
f 5067 5041 5068
f 5070 5071 5069
f 5069 5071 5072
f 5074 5075 5073
f 5073 5075 5076
f 5034 5077 5035
f 5035 5077 5078
f 5080 5081 5079
f 5079 5081 5082
f 5084 5085 5083
f 5083 5085 5086
f 5085 5084 5087
f 5087 5084 5088
f 5090 5091 5089
f 5089 5091 5092
f 5094 5095 5093
f 5093 5095 5096
f 5098 5099 5097
f 5097 5099 5100
f 5102 5103 5101
f 5101 5103 5104
f 5105 5106 5108
f 5108 5106 5107
f 5110 5111 5109
f 5109 5111 5112
f 5114 5094 5113
f 5113 5094 5093
f 5116 5117 5115
f 5115 5117 5118
f 5120 5121 5119
f 5119 5121 5122
f 5124 5125 5123
f 5123 5125 5126
f 5128 5129 5127
f 5127 5129 5130
f 5097 5131 5098
f 5098 5131 5132
f 5134 5135 5133
f 5133 5135 5122
f 5084 5125 5088
f 5088 5125 5136
f 5138 5139 5137
f 5137 5139 5140
f 5142 5102 5141
f 5141 5102 5101
f 5106 5143 5107
f 5107 5143 5144
f 5146 5147 5145
f 5145 5147 5148
f 5149 5150 5109
f 5109 5150 5110
f 5151 5110 5152
f 5152 5110 5150
f 4715 5140 4716
f 4716 5140 5139
f 5143 4870 5144
f 5144 4870 4869
f 4115 5146 4116
f 4116 5146 5145
f 4791 4796 5149
f 5149 4796 5150
f 4796 4850 5150
f 5150 4850 5152
f 4858 5142 4859
f 4859 5142 5141
f 5153 5154 5115
f 5115 5154 5105
f 5156 5157 5155
f 5155 5157 5158
f 5159 5160 5053
f 5053 5160 5054
f 5161 5162 5020
f 5020 5162 5068
f 5026 5029 5163
f 5163 5029 5021
f 5083 5086 5164
f 5164 5086 5165
f 5090 5167 5166
f 5166 5167 5168
f 5169 5170 5172
f 5172 5170 5171
f 5174 5175 5173
f 5173 5175 5176
f 5177 5109 5178
f 5178 5109 5112
f 5179 5180 5182
f 5182 5180 5181
f 5123 5126 5120
f 5120 5126 5121
f 5180 5167 5181
f 5181 5167 5183
f 5184 5185 5179
f 5179 5185 5180
f 5186 5149 5177
f 5177 5149 5109
f 4868 5184 4865
f 4865 5184 5179
f 5188 5189 5187
f 5187 5189 5190
f 4277 4791 5186
f 5186 4791 5149
f 5179 5182 4865
f 4865 5182 4853
f 5189 4862 5190
f 5190 4862 4861
f 5156 5075 5191
f 5191 5075 5192
f 5036 5035 5193
f 5193 5035 5194
f 5115 5118 5153
f 5153 5118 5195
f 5022 5025 5196
f 5196 5025 5197
f 5155 5158 5069
f 5069 5158 5062
f 5063 5066 5198
f 5198 5066 5199
f 5073 5076 5200
f 5200 5076 5072
f 5202 5131 5201
f 5201 5131 5203
f 5143 5106 5204
f 5204 5106 5205
f 5114 5113 5206
f 5206 5113 5127
f 5098 5132 5193
f 5193 5132 5195
f 5204 5207 5143
f 5143 5207 4870
f 5088 5136 5208
f 5208 5136 5092
f 5209 5210 5089
f 5089 5210 5183
f 5211 5018 5060
f 5060 5018 5061
f 5017 5040 5070
f 5070 5040 5071
f 5191 5160 5156
f 5156 5160 5157
f 5048 5028 5049
f 5049 5028 5058
f 5207 5204 4858
f 4858 5204 5142
f 4859 5141 4715
f 4715 5141 5140
f 5212 5162 5042
f 5042 5162 5051
f 5182 5152 4853
f 4853 5152 4850
f 5214 5134 5213
f 5213 5134 5133
f 5164 5165 5133
f 5133 5165 5213
f 5215 5216 5201
f 5201 5216 5217
f 5147 5218 5148
f 5148 5218 5219
f 5147 5177 5218
f 5218 5177 5178
f 5141 5101 5140
f 5140 5101 5137
f 5201 5217 5202
f 5202 5217 5104
f 5146 5186 5147
f 5147 5186 5177
f 4277 5186 4115
f 4115 5186 5146
f 5191 5192 5031
f 5031 5192 5032
f 5052 5055 5220
f 5220 5055 5197
f 4116 5145 4869
f 4869 5145 5144
f 5034 5037 5214
f 5214 5037 5134
f 5097 5100 5114
f 5114 5100 5094
f 5108 5107 5219
f 5219 5107 5148
f 5221 5135 5116
f 5116 5135 5117
f 5124 5111 5209
f 5209 5111 5210
f 5107 5144 5148
f 5148 5144 5145
f 5152 5182 5151
f 5151 5182 5181
f 5208 5222 5088
f 5088 5222 5087
f 5222 5208 5171
f 5171 5208 5172
f 5223 1756 4698
f 4698 1756 1755
f 4427 5224 4107
f 4107 5224 4135
f 4178 4679 5225
f 5225 4679 5226
f 5227 5228 4892
f 4892 5228 4893
f 5229 5230 4171
f 4171 5230 4172
f 4855 4268 4884
f 4884 4268 4885
f 4884 4871 4855
f 4855 4871 4856
f 4684 5231 4896
f 4896 5231 4897
f 4768 4767 5009
f 5009 4767 5008
f 5205 5154 5102
f 5102 5154 5103
f 5099 5098 5194
f 5194 5098 5193
f 5198 5199 5079
f 5079 5199 5033
f 5102 5142 5205
f 5205 5142 5204
f 5224 4427 4681
f 4681 4427 4678
f 3712 3711 5232
f 5232 3711 5233
f 3968 3988 3963
f 3963 3988 3964
f 3976 4044 3972
f 3972 4044 3985
f 4038 4037 4036
f 4036 4037 4033
f 4794 4762 3731
f 3731 4762 3944
f 3731 3944 3722
f 3722 3944 3810
f 3874 5234 5232
f 5232 5234 3712
f 3906 3905 3867
f 3867 3905 4011
f 3904 4023 3905
f 3905 4023 4011
f 3719 3722 3811
f 3811 3722 3810
f 3812 3719 3687
f 3687 3719 3811
f 3716 3812 3686
f 3686 3812 3687
f 3713 3716 3685
f 3685 3716 3686
f 4810 4403 5235
f 5235 4403 4813
f 4345 1770 4814
f 4814 1770 1769
f 4067 4066 4058
f 4058 4066 5236
f 4043 4068 4049
f 4049 4068 4050
f 4034 5237 3989
f 3989 5237 3990
f 4031 4030 4072
f 4072 4030 4005
f 4003 4004 4002
f 4002 4004 4032
f 4004 4005 4032
f 4032 4005 4030
f 4067 4064 4068
f 4068 4064 4050
f 4058 4057 4067
f 4067 4057 4064
f 4035 4034 5238
f 5238 4034 3989
f 5236 5239 4058
f 4058 5239 5240
f 5234 3874 5241
f 5241 3874 3873
f 5241 3873 3881
f 3881 3873 3878
f 4800 4763 4788
f 4788 4763 4310
f 4763 4762 4310
f 4310 4762 4309
f 4762 4794 4309
f 4309 4794 4306
f 4794 4793 4306
f 4306 4793 4292
f 4293 4313 4302
f 4302 4313 4314
f 4302 4314 4303
f 4303 4314 4315
f 4303 4315 4703
f 4703 4315 4316
f 4035 4069 4043
f 4043 4069 4068
f 4324 1540 4357
f 4357 1540 1477
f 5232 3987 3874
f 3874 3987 3871
f 3987 5232 4013
f 4013 5232 5233
f 4013 5233 4014
f 4014 5233 5242
f 3888 4015 3865
f 3865 4015 4007
f 3866 4008 5243
f 5243 4008 4016
f 3873 5244 3878
f 3878 5244 3875
f 3965 5244 3872
f 3872 5244 3873
f 3876 3875 3965
f 3965 3875 5244
f 5243 4016 5242
f 5242 4016 4014
f 5246 5247 5245
f 5245 5247 5248
f 3576 3950 3577
f 3577 3950 3926
f 3584 3842 3585
f 3585 3842 3580
f 5249 5247 1784
f 1784 5247 1785
f 5250 5251 5253
f 5253 5251 5252
f 5255 5252 5254
f 5254 5252 5256
f 5254 5256 5258
f 5258 5256 5257
f 5258 5257 5260
f 5260 5257 5259
f 4356 5261 4424
f 4424 5261 5259
f 4355 5262 4356
f 4356 5262 5261
f 4924 5264 5263
f 5263 5264 5265
f 4693 5266 4691
f 4691 5266 5267
f 4351 5268 4352
f 4352 5268 5269
f 1808 1807 4351
f 4351 1807 5268
f 3580 3842 3581
f 3799 3802 3838
f 4800 4788 4801
f 4801 4788 4789
f 3729 3935 4801
f 4801 3935 4800
f 3728 3666 3729
f 3729 3666 3935
f 3728 3798 3666
f 3666 3798 3663
f 3798 3818 3663
f 3663 3818 3809
f 3818 3817 3809
f 3809 3817 3808
f 3796 3655 3817
f 3817 3655 3808
f 3615 3568 3796
f 3796 3568 3655
f 3573 3569 3615
f 3615 3569 3568
f 3572 3613 3573
f 3573 3613 3569
f 3792 3606 3572
f 3572 3606 3613
f 3607 3791 3949
f 3949 3791 3591
f 3590 3950 3591
f 3591 3950 3949
f 3805 3926 3590
f 3590 3926 3950
f 3804 3559 3805
f 3805 3559 3926
f 3804 3914 3559
f 3559 3914 3560
f 3924 3789 3913
f 3913 3789 3788
f 3924 3928 3789
f 3789 3928 3826
f 3928 3927 3826
f 3826 3927 3827
f 3927 3834 3827
f 3827 3834 3835
f 4079 4078 5270
f 5270 4078 5007
f 5271 5272 4233
f 4233 5272 5273
f 5275 5276 5274
f 5274 5276 5277
f 5278 5279 4236
f 4236 5279 4237
f 5278 5280 5271
f 5271 5280 5272
f 4235 5281 4236
f 4236 5281 5282
f 5284 5285 5283
f 5283 5285 5286
f 5288 5289 5287
f 5287 5289 5290
f 5292 5293 5291
f 5291 5293 5294
f 5287 5290 4726
f 4726 5290 5295
f 4293 4292 4313
f 4313 4292 4793
f 4720 4736 4719
f 4719 4736 5296
f 5297 4909 5298
f 5298 4909 4908
f 5299 5300 4976
f 4976 5300 5301
f 5302 4202 5303
f 5303 4202 4201
f 5304 5305 4983
f 4983 5305 5306
f 5308 5309 5307
f 5307 5309 5310
f 4722 4725 5283
f 5283 4725 5311
f 5291 5294 4125
f 4125 5294 4126
f 5313 5314 5312
f 5312 5314 5315
f 5316 5317 5319
f 5319 5317 5318
f 5321 5308 5320
f 5320 5308 5307
f 4819 4981 4873
f 4873 4981 5322
f 4981 4123 5322
f 5322 4123 4126
f 5324 5325 5323
f 5323 5325 5326
f 4764 5327 4975
f 4975 5327 5328
f 4172 5327 4169
f 4169 5327 5329
f 4768 4171 4769
f 4769 4171 4170
f 4243 4755 4244
f 4244 4755 5330
f 4755 4205 5330
f 5330 4205 4208
f 4206 4906 4207
f 4207 4906 4905
f 4686 5014 5009
f 5009 5014 5229
f 4756 4770 4170
f 4170 4770 4769
f 4170 4169 4756
f 4756 4169 4757
f 4273 5329 4764
f 4764 5329 5327
f 4276 5331 4273
f 4273 5331 5329
f 4770 4756 4243
f 4243 4756 4755
f 5333 4889 5332
f 5332 4889 5010
f 4877 5332 4878
f 4878 5332 4259
f 4875 4164 4876
f 4876 4164 4163
f 5334 5335 5324
f 5324 5335 5325
f 4983 5306 4123
f 4123 5306 4124
f 4818 4982 4819
f 4819 4982 4981
f 5332 5010 4259
f 4259 5010 4260
f 5014 4686 4875
f 4875 4686 4164
f 4171 4768 5229
f 5229 4768 5009
f 5337 4916 5336
f 5336 4916 4919
f 5293 5337 5294
f 5294 5337 5336
f 4982 4818 5333
f 5333 4818 4889
f 5338 5339 4262
f 4262 5339 5340
f 5307 5310 5338
f 5338 5310 5339
f 5341 5342 4204
f 4204 5342 5309
f 5336 4919 5322
f 5322 4919 4873
f 5294 5336 4126
f 4126 5336 5322
f 5323 5326 5343
f 5343 5326 5286
f 4914 5344 4915
f 4915 5344 5345
f 5312 5315 5344
f 5344 5315 5345
f 5347 5348 5346
f 5346 5348 5349
f 5350 5351 4832
f 4832 5351 4833
f 5352 5353 5349
f 5349 5353 5346
f 5354 5338 4265
f 4265 5338 4262
f 5320 5307 5354
f 5354 5307 5338
f 4201 5308 5303
f 5303 5308 5321
f 5356 5357 5355
f 5355 5357 4799
f 5358 5359 5334
f 5334 5359 5335
f 5358 5360 4093
f 4093 5360 4163
f 5360 5305 4163
f 4163 5305 4876
f 5305 5304 4876
f 4876 5304 4877
f 5270 4778 4079
f 4079 4778 4081
f 4779 5361 4774
f 4774 5361 5357
f 5356 5359 4775
f 4775 5359 4092
f 5333 5304 4982
f 4982 5304 4983
f 5332 4877 5333
f 5333 4877 5304
f 5015 4258 5230
f 5230 4258 5328
f 5327 4172 5328
f 5328 4172 5230
f 4169 5329 4757
f 4757 5329 5331
f 4757 5331 4205
f 4205 5331 4206
f 5331 4276 4206
f 4206 4276 4906
f 4276 4275 4906
f 4906 4275 4907
f 4275 4888 4907
f 4907 4888 4744
f 4887 4717 4745
f 4745 4717 4864
f 4716 5139 4861
f 4861 5139 5190
f 5139 5138 5190
f 5190 5138 5187
f 5138 5216 5187
f 5187 5216 5176
f 5215 5362 5173
f 5173 5362 5130
f 5364 5365 5363
f 5363 5365 5340
f 4742 4863 5366
f 5366 4863 4867
f 4862 5189 4868
f 4868 5189 5184
f 5189 5188 5184
f 5184 5188 5185
f 5188 5175 5185
f 5185 5175 5168
f 3560 3788 3561
f 3561 3788 3790
f 3596 3595 3608
f 3608 3595 3594
f 3598 3582 3595
f 3595 3582 3592
f 3600 3609 3601
f 3601 3609 3611
f 3602 3601 3612
f 3612 3601 3611
f 3606 3605 3613
f 3613 3605 3614
f 3793 5367 3794
f 3794 5367 5368
f 3598 3597 3600
f 3600 3597 3609
f 3793 3792 3575
f 3575 3792 3572
f 3561 3594 3558
f 3558 3594 3593
f 3807 3915 3804
f 3804 3915 3914
f 3916 3915 5370
f 5370 3915 5369
f 3602 3605 3603
f 3603 3605 3604
f 3606 3792 3607
f 3607 3792 3791
f 3914 3913 3560
f 3560 3913 3788
f 5174 5129 5166
f 5166 5129 5371
f 5170 5169 5093
f 5093 5169 5113
f 5166 5371 5090
f 5090 5371 5091
f 5128 5169 5372
f 5372 5169 5172
f 5127 5113 5128
f 5128 5113 5169
f 5114 5206 5203
f 5203 5206 5362
f 5200 5373 5073
f 5073 5373 5096
f 5374 5375 5200
f 5200 5375 5373
f 5039 5047 5374
f 5374 5047 5375
f 5087 5046 5085
f 5085 5046 5376
f 5212 5377 5067
f 5067 5377 5376
f 5042 5045 5212
f 5212 5045 5377
f 5064 5378 5043
f 5043 5378 5044
f 5063 5077 5064
f 5064 5077 5378
f 5079 5082 5198
f 5198 5082 5078
f 5099 5081 5100
f 5100 5081 5379
f 5100 5379 5094
f 5094 5379 5095
f 5381 5382 5380
f 5380 5382 5383
f 5385 5386 5384
f 5384 5386 5383
f 5385 5387 5386
f 5386 5387 5388
f 5390 5391 5389
f 5389 5391 5392
f 5393 5394 5396
f 5396 5394 5395
f 5398 5399 5397
f 5397 5399 5400
f 5402 5403 5401
f 5401 5403 5404
f 5406 5407 5405
f 5405 5407 5404
f 5408 5409 5163
f 5163 5409 5410
f 5411 5412 5414
f 5414 5412 5413
f 5057 5416 5415
f 5415 5416 5417
f 5393 5416 5418
f 5418 5416 5419
f 5396 5395 5420
f 5420 5395 5421
f 5423 5424 5422
f 5422 5424 5425
f 5415 5417 5220
f 5220 5417 5426
f 5418 5391 5393
f 5393 5391 5394
f 5414 5388 5411
f 5411 5388 5392
f 5059 5427 5060
f 5060 5427 5428
f 5423 5427 5429
f 5429 5427 5430
f 5432 5382 5431
f 5431 5382 5425
f 5429 5407 5423
f 5423 5407 5424
f 5380 5409 5381
f 5381 5409 5433
f 5381 5433 5422
f 5422 5433 5428
f 5027 5412 5056
f 5056 5412 5419
f 5435 5436 5434
f 5434 5436 5437
f 5159 5439 5438
f 5438 5439 5440
f 5053 5436 5159
f 5159 5436 5439
f 5441 5403 5398
f 5398 5403 5399
f 5163 5410 5026
f 5026 5410 5413
f 5438 5440 5442
f 5442 5440 5430
f 5444 5445 5443
f 5443 5445 5446
f 5447 5448 5450
f 5450 5448 5449
f 5451 5446 5452
f 5452 5446 5445
f 5454 5455 5453
f 5453 5455 5451
f 5456 5454 5458
f 5458 5454 5457
f 5460 5461 5459
f 5459 5461 5462
f 5464 5465 5463
f 5463 5465 5466
f 5468 5469 5467
f 5467 5469 5470
f 5472 5473 5471
f 5471 5473 5474
f 5475 5476 5478
f 5478 5476 5477
f 5479 5480 5482
f 5482 5480 5481
f 5483 5484 5448
f 5448 5484 5485
f 5448 5485 5449
f 5449 5485 5486
f 5487 5476 5488
f 5488 5476 5475
f 5490 5491 5489
f 5489 5491 5492
f 5494 5495 5493
f 5493 5495 5496
f 5498 5494 5497
f 5497 5494 5493
f 5500 5501 5499
f 5499 5501 5502
f 5503 5504 5446
f 5446 5504 5443
f 5506 5507 5505
f 5505 5507 5508
f 5510 5511 5509
f 5509 5511 5512
f 5514 5515 5513
f 5513 5515 5516
f 5518 5519 5517
f 5517 5519 5520
f 5495 5521 5496
f 5496 5521 5522
f 5524 5525 5523
f 5523 5525 5526
f 5527 5528 5494
f 5494 5528 5495
f 5499 5502 5529
f 5529 5502 5530
f 5531 5532 5485
f 5485 5532 5486
f 5485 5484 5531
f 5531 5484 5533
f 5482 5481 5534
f 5534 5481 5535
f 5536 5512 5506
f 5506 5512 5511
f 5455 5503 5451
f 5451 5503 5446
f 5467 5470 5511
f 5511 5470 5537
f 5538 5467 5510
f 5510 5467 5511
f 5540 5541 5539
f 5539 5541 5542
f 5543 5544 5546
f 5546 5544 5545
f 5548 5472 5547
f 5547 5472 5471
f 5493 5496 5549
f 5549 5496 5550
f 5496 5522 5550
f 5550 5522 5551
f 5553 5554 5552
f 5552 5554 5555
f 5557 5447 5556
f 5556 5447 5558
f 5557 5483 5447
f 5447 5483 5448
f 5478 5477 5553
f 5553 5477 5559
f 5477 5560 5559
f 5559 5560 5561
f 5476 5562 5477
f 5477 5562 5560
f 5476 5487 5562
f 5562 5487 5563
f 5560 5564 5561
f 5561 5564 5565
f 5564 5560 5566
f 5566 5560 5562
f 5563 5567 5562
f 5562 5567 5566
f 5569 5521 5568
f 5568 5521 5570
f 5481 5572 5571
f 5571 5572 5573
f 5574 5535 5571
f 5571 5535 5481
f 5576 5577 5575
f 5575 5577 5578
f 5579 5580 5456
f 5456 5580 5581
f 5475 5582 5488
f 5488 5582 5583
f 5584 5536 5505
f 5505 5536 5506
f 5585 5586 5588
f 5588 5586 5587
f 5590 5591 5589
f 5589 5591 5592
f 5519 5593 5520
f 5520 5593 5594
f 5595 5596 5462
f 5462 5596 5597
f 5599 5600 5598
f 5598 5600 5514
f 5602 5603 5601
f 5601 5603 5604
f 5524 5543 5525
f 5525 5543 5546
f 5543 5524 5606
f 5606 5524 5605
f 5607 5608 5500
f 5500 5608 5501
f 5610 5551 5609
f 5609 5551 5522
f 5611 5510 5598
f 5598 5510 5509
f 5612 5597 5457
f 5457 5597 5458
f 5510 5611 5538
f 5538 5611 5613
f 5580 5508 5581
f 5581 5508 5507
f 5615 5616 5614
f 5614 5616 5617
f 5619 5620 5618
f 5618 5620 5621
f 5623 5624 5622
f 5622 5624 5625
f 5627 5624 5626
f 5626 5624 5623
f 5629 5630 5628
f 5628 5630 5631
f 5633 5634 5632
f 5632 5634 5466
f 5635 5636 5463
f 5463 5636 5637
f 5523 5638 5524
f 5524 5638 5605
f 5639 5640 5641
f 5641 5640 5595
f 5611 5513 5613
f 5613 5513 5642
f 5643 5586 5608
f 5608 5586 5501
f 5622 5625 5590
f 5590 5625 5591
f 5598 5514 5611
f 5611 5514 5513
f 5645 5646 5644
f 5644 5646 5647
f 5620 5619 5491
f 5491 5619 5648
f 5649 5643 5492
f 5492 5643 5608
f 5650 5651 5653
f 5653 5651 5652
f 5463 5466 5635
f 5635 5466 5634
f 5597 5612 5462
f 5462 5612 5459
f 5635 5634 5523
f 5523 5634 5638
f 5654 5638 5633
f 5633 5638 5634
f 5655 5656 5525
f 5525 5656 5526
f 5658 5659 5657
f 5657 5659 5527
f 5660 5464 5637
f 5637 5464 5463
f 5632 5466 5661
f 5661 5466 5465
f 5661 5662 5632
f 5632 5662 5658
f 5662 5663 5658
f 5658 5663 5659
f 5665 5659 5664
f 5664 5659 5663
f 5632 5658 5633
f 5633 5658 5657
f 5666 5629 5530
f 5530 5629 5667
f 5528 5527 5665
f 5665 5527 5659
f 5668 5669 5570
f 5570 5669 5568
f 5669 5668 5670
f 5670 5668 5671
f 5646 5672 5673
f 5672 5674 5673
f 5673 5674 5675
f 5674 5460 5675
f 5675 5460 5459
f 5461 5676 5462
f 5462 5676 5595
f 5677 5678 5680
f 5680 5678 5679
f 5628 5681 5629
f 5629 5681 5667
f 5682 5529 5667
f 5667 5529 5530
f 5675 5459 5683
f 5683 5459 5612
f 5585 5666 5502
f 5502 5666 5530
f 5589 5684 5602
f 5602 5684 5603
f 5646 5645 5663
f 5663 5645 5664
f 5685 5647 5673
f 5673 5647 5646
f 5686 5687 5683
f 5683 5687 5685
f 5688 5689 5533
f 5533 5689 5531
f 5690 5691 5535
f 5535 5691 5534
f 5692 5690 5574
f 5574 5690 5535
f 5685 5687 5689
f 5689 5687 5693
f 5489 5694 5490
f 5490 5694 5695
f 5690 5692 5696
f 5696 5692 5697
f 5696 5644 5690
f 5690 5644 5691
f 5447 5450 5558
f 5558 5450 5698
f 5699 5700 5642
f 5642 5700 5613
f 5701 5702 5540
f 5540 5702 5541
f 5431 5703 5432
f 5432 5703 5697
f 5385 5384 5574
f 5574 5384 5692
f 5389 5387 5573
f 5573 5387 5571
f 5565 5390 5573
f 5573 5390 5389
f 5390 5565 5704
f 5704 5565 5564
f 5566 5705 5564
f 5564 5705 5704
f 5569 5441 5609
f 5609 5441 5398
f 5568 5405 5569
f 5569 5405 5441
f 5670 5706 5669
f 5669 5706 5406
f 5703 5431 5670
f 5670 5431 5706
f 5432 5697 5384
f 5384 5697 5692
f 5574 5571 5385
f 5385 5571 5387
f 5607 5707 5489
f 5489 5707 5694
f 5518 5708 5519
f 5519 5708 5709
f 5711 5576 5710
f 5710 5576 5575
f 5713 5714 5712
f 5712 5714 5715
f 5553 5552 5478
f 5478 5552 5716
f 5717 5475 5716
f 5716 5475 5478
f 5718 5719 5605
f 5605 5719 5606
f 5505 5622 5584
f 5584 5622 5590
f 5508 5623 5505
f 5505 5623 5622
f 5626 5623 5580
f 5580 5623 5508
f 5580 5579 5626
f 5626 5579 5720
f 5579 5721 5720
f 5720 5721 5722
f 5666 5585 5723
f 5723 5585 5588
f 5724 5725 5639
f 5639 5725 5640
f 5554 5726 5555
f 5555 5726 5727
f 5453 5728 5729
f 5689 5688 5685
f 5685 5688 5647
f 5604 5730 5512
f 5512 5730 5509
f 5628 5631 5618
f 5618 5631 5592
f 5601 5604 5536
f 5536 5604 5512
f 5732 5676 5731
f 5731 5676 5660
f 5730 5604 5733
f 5733 5604 5603
f 5563 5487 5551
f 5551 5487 5550
f 5489 5492 5607
f 5607 5492 5608
f 5573 5572 5565
f 5565 5572 5561
f 5609 5522 5569
f 5569 5522 5521
f 5499 5734 5500
f 5500 5734 5735
f 5596 5736 5721
f 5721 5736 5722
f 5737 5600 5594
f 5594 5600 5520
f 5599 5730 5517
f 5517 5730 5733
f 5660 5738 5731
f 5731 5738 5739
f 5648 5649 5491
f 5491 5649 5492
f 5501 5586 5502
f 5502 5586 5585
f 5525 5546 5655
f 5655 5546 5740
f 5600 5599 5520
f 5520 5599 5517
f 5708 5739 5709
f 5709 5739 5738
f 5636 5635 5526
f 5526 5635 5523
f 5670 5671 5703
f 5703 5671 5741
f 5490 5695 5742
f 5742 5695 5743
f 5682 5678 5744
f 5744 5678 5677
f 5678 5681 5679
f 5679 5681 5621
f 5742 5743 5679
f 5679 5743 5680
f 5618 5621 5628
f 5628 5621 5681
f 5725 5724 5589
f 5589 5724 5684
f 5456 5458 5579
f 5579 5458 5721
f 5675 5683 5673
f 5673 5683 5685
f 5529 5682 5745
f 5745 5682 5744
f 5721 5458 5596
f 5596 5458 5597
f 5701 5540 5719
f 5719 5540 5606
f 5703 5741 5697
f 5697 5741 5696
f 5500 5735 5607
f 5607 5735 5707
f 5549 5746 5493
f 5493 5746 5497
f 5700 5747 5613
f 5613 5747 5538
f 5420 5421 5434
f 5434 5421 5400
f 5689 5693 5531
f 5531 5693 5532
f 5705 5566 5748
f 5748 5566 5567
f 5609 5398 5610
f 5610 5398 5397
f 5669 5406 5568
f 5568 5406 5405
f 5488 5583 5549
f 5549 5583 5746
f 5714 5713 5710
f 5710 5713 5711
f 5747 5468 5538
f 5538 5468 5467
f 5548 5547 5749
f 5749 5547 5750
f 5733 5603 5751
f 5751 5603 5684
f 5589 5602 5590
f 5590 5602 5584
f 5636 5752 5614
f 5614 5752 5615
f 5753 5754 5738
f 5738 5754 5755
f 5602 5601 5584
f 5584 5601 5536
f 5723 5736 5630
f 5630 5736 5640
f 5595 5640 5596
f 5596 5640 5736
f 5734 5499 5745
f 5745 5499 5529
f 5627 5587 5643
f 5643 5587 5586
f 5553 5559 5554
f 5554 5559 5480
f 5559 5561 5480
f 5480 5561 5572
f 5554 5480 5726
f 5726 5480 5479
f 5749 5750 5715
f 5715 5750 5712
f 5683 5612 5686
f 5686 5612 5457
f 5678 5682 5681
f 5681 5682 5667
f 5598 5509 5599
f 5599 5509 5730
f 5679 5621 5742
f 5742 5621 5620
f 5652 5616 5653
f 5653 5616 5615
f 5220 5426 5052
f 5052 5426 5437
f 5487 5488 5550
f 5550 5488 5549
f 5742 5620 5490
f 5490 5620 5491
f 5551 5610 5563
f 5563 5610 5567
f 5610 5397 5567
f 5567 5397 5748
f 5614 5617 5753
f 5753 5617 5754
f 5480 5572 5481
f 5755 5756 5738
f 5738 5756 5709
f 5745 5744 5758
f 5758 5744 5757
f 5745 5758 5734
f 5734 5758 5759
f 5735 5734 5760
f 5760 5734 5759
f 5707 5735 5761
f 5761 5735 5760
f 5744 5677 5757
f 5757 5677 5762
f 5677 5680 5762
f 5762 5680 5763
f 5763 5680 5764
f 5764 5680 5743
f 5765 5766 5762
f 5762 5766 5757
f 5768 5769 5767
f 5767 5769 5770
f 5771 5772 5770
f 5770 5772 5767
f 5770 5769 5774
f 5774 5769 5773
f 5775 5776 5774
f 5774 5776 5777
f 5773 5778 5774
f 5774 5778 5775
f 5779 5766 5773
f 5773 5766 5778
f 5777 5771 5774
f 5774 5771 5770
f 5780 5781 5783
f 5783 5781 5782
f 5781 5780 5771
f 5771 5780 5772
f 5773 5769 5779
f 5779 5769 5768
f 5768 5759 5779
f 5779 5759 5758
f 5768 5784 5759
f 5759 5784 5760
f 5767 5785 5768
f 5768 5785 5784
f 5785 5767 5786
f 5786 5767 5772
f 5766 5779 5757
f 5757 5779 5758
f 5780 5787 5772
f 5772 5787 5786
f 5785 5786 5788
f 5788 5786 5789
f 5786 5787 5789
f 5789 5787 5790
f 5788 5789 5791
f 5791 5789 5792
f 5791 5793 5788
f 5788 5793 5794
f 5795 5792 5790
f 5790 5792 5789
f 5785 5788 5784
f 5784 5788 5794
f 5784 5794 5760
f 5760 5794 5761
f 5787 5780 5796
f 5796 5780 5783
f 5775 5778 5797
f 5797 5778 5766
f 5797 5798 5775
f 5775 5798 5776
f 5766 5765 5797
f 5797 5765 5799
f 5798 5797 5800
f 5800 5797 5799
f 5798 5801 5776
f 5776 5801 5802
f 5707 5761 5694
f 5694 5761 5803
f 5695 5804 5743
f 5743 5804 5764
f 5804 5695 5803
f 5803 5695 5694
f 5803 5793 5804
f 5804 5793 5805
f 5793 5791 5805
f 5805 5791 5806
f 5804 5805 5764
f 5764 5805 5807
f 5803 5761 5793
f 5793 5761 5794
f 5808 5763 5807
f 5807 5763 5764
f 5808 5765 5763
f 5763 5765 5762
f 5809 5799 5808
f 5808 5799 5765
f 5809 5808 5810
f 5810 5808 5807
f 5811 5809 5812
f 5812 5809 5810
f 5805 5806 5807
f 5807 5806 5810
f 5806 5813 5810
f 5810 5813 5812
f 5799 5809 5800
f 5800 5809 5811
f 5815 5800 5814
f 5814 5800 5811
f 5814 5817 5816
f 5816 5817 5818
f 5814 5811 5817
f 5817 5811 5812
f 5814 5816 5815
f 5815 5816 5796
f 5815 5796 5801
f 5801 5796 5783
f 5801 5798 5815
f 5815 5798 5800
f 5791 5792 5806
f 5806 5792 5813
f 5818 5813 5795
f 5795 5813 5792
f 5818 5817 5813
f 5813 5817 5812
f 5816 5818 5790
f 5790 5818 5795
f 5790 5787 5816
f 5816 5787 5796
f 5771 5777 5781
f 5781 5777 5782
f 5782 5802 5783
f 5783 5802 5801
f 5782 5777 5802
f 5802 5777 5776
f 5588 5587 5722
f 5722 5587 5720
f 5591 5619 5592
f 5592 5619 5618
f 5625 5624 5648
f 5648 5624 5649
f 5624 5627 5649
f 5649 5627 5643
f 5631 5630 5725
f 5725 5630 5640
f 5625 5648 5591
f 5591 5648 5619
f 5588 5722 5723
f 5723 5722 5736
f 5631 5725 5592
f 5592 5725 5589
f 5723 5630 5666
f 5666 5630 5629
f 5587 5627 5720
f 5720 5627 5626
f 5820 5821 5819
f 5819 5821 5822
f 5824 5825 5823
f 5823 5825 5826
f 5823 5826 5827
f 5827 5826 5828
f 5829 5830 5832
f 5832 5830 5831
f 5518 5833 5708
f 5708 5833 5834
f 5835 5836 5824
f 5824 5836 5825
f 5838 5839 5837
f 5837 5839 5840
f 5751 5684 5842
f 5842 5684 5841
f 5843 5841 5724
f 5724 5841 5684
f 5845 5846 5844
f 5844 5846 5847
f 5848 5830 5836
f 5836 5830 5825
f 5518 5751 5833
f 5833 5751 5842
f 5839 5838 5821
f 5821 5838 5849
f 5850 5848 5822
f 5822 5848 5836
f 5851 5845 5828
f 5828 5845 5852
f 5854 5855 5853
f 5853 5855 5856
f 5845 5844 5852
f 5852 5844 5857
f 5858 5827 5852
f 5852 5827 5828
f 5851 5828 5829
f 5829 5828 5826
f 5819 5859 5820
f 5820 5859 5860
f 5835 5861 5819
f 5819 5861 5859
f 5851 5829 5862
f 5862 5829 5832
f 5844 5847 5837
f 5837 5847 5834
f 5819 5822 5835
f 5835 5822 5836
f 5823 5863 5824
f 5824 5863 5864
f 5849 5850 5821
f 5821 5850 5822
f 5825 5830 5826
f 5826 5830 5829
f 5820 5860 5865
f 5865 5860 5866
f 5858 5854 5867
f 5867 5854 5853
f 5854 5857 5855
f 5855 5857 5840
f 5855 5865 5856
f 5856 5865 5866
f 5837 5840 5844
f 5844 5840 5857
f 5827 5858 5868
f 5868 5858 5867
f 5824 5864 5835
f 5835 5864 5861
f 5732 5731 5862
f 5862 5731 5846
f 5863 5823 5868
f 5868 5823 5827
f 5843 5831 5848
f 5848 5831 5830
f 5854 5858 5857
f 5857 5858 5852
f 5855 5840 5865
f 5865 5840 5839
f 5865 5839 5820
f 5820 5839 5821
f 5868 5867 5870
f 5870 5867 5869
f 5868 5870 5863
f 5863 5870 5871
f 5863 5871 5864
f 5864 5871 5872
f 5864 5872 5861
f 5861 5872 5873
f 5867 5853 5869
f 5869 5853 5874
f 5853 5856 5874
f 5874 5856 5875
f 5856 5866 5875
f 5875 5866 5876
f 5877 5878 5874
f 5874 5878 5869
f 5880 5881 5879
f 5879 5881 5882
f 5883 5884 5880
f 5880 5884 5881
f 5881 5884 5886
f 5886 5884 5885
f 5887 5888 5886
f 5886 5888 5889
f 5885 5890 5886
f 5886 5890 5887
f 5889 5882 5886
f 5886 5882 5881
f 5882 5891 5879
f 5879 5891 5892
f 5885 5884 5893
f 5893 5884 5883
f 5883 5871 5893
f 5893 5871 5870
f 5883 5894 5871
f 5871 5894 5872
f 5880 5895 5883
f 5883 5895 5894
f 5896 5895 5879
f 5879 5895 5880
f 5893 5878 5885
f 5885 5878 5890
f 5878 5893 5869
f 5869 5893 5870
f 5897 5896 5892
f 5892 5896 5879
f 5895 5896 5898
f 5898 5896 5899
f 5896 5897 5899
f 5899 5897 5900
f 5898 5899 5901
f 5901 5899 5902
f 5901 5903 5898
f 5898 5903 5904
f 5900 5905 5899
f 5899 5905 5902
f 5898 5904 5895
f 5895 5904 5894
f 5894 5904 5872
f 5872 5904 5873
f 5897 5892 5907
f 5907 5892 5906
f 5892 5891 5906
f 5906 5891 5908
f 5887 5890 5909
f 5909 5890 5878
f 5888 5887 5910
f 5910 5887 5909
f 5878 5877 5909
f 5909 5877 5911
f 5909 5911 5910
f 5910 5911 5912
f 5913 5914 5910
f 5910 5914 5888
f 5908 5914 5906
f 5906 5914 5913
f 5861 5873 5859
f 5859 5873 5915
f 5860 5916 5866
f 5866 5916 5876
f 5916 5860 5915
f 5915 5860 5859
f 5915 5903 5916
f 5916 5903 5917
f 5903 5901 5917
f 5917 5901 5918
f 5916 5917 5876
f 5876 5917 5919
f 5903 5915 5904
f 5904 5915 5873
f 5920 5875 5919
f 5919 5875 5876
f 5920 5877 5875
f 5875 5877 5874
f 5920 5921 5877
f 5877 5921 5911
f 5921 5920 5922
f 5922 5920 5919
f 5923 5921 5924
f 5924 5921 5922
f 5917 5918 5919
f 5919 5918 5922
f 5918 5925 5922
f 5922 5925 5924
f 5921 5923 5911
f 5911 5923 5912
f 5927 5912 5926
f 5926 5912 5923
f 5926 5929 5928
f 5928 5929 5930
f 5926 5923 5929
f 5929 5923 5924
f 5926 5928 5927
f 5927 5928 5907
f 5927 5907 5913
f 5913 5907 5906
f 5913 5910 5927
f 5927 5910 5912
f 5901 5902 5918
f 5918 5902 5925
f 5930 5925 5905
f 5905 5925 5902
f 5930 5929 5925
f 5925 5929 5924
f 5928 5930 5900
f 5900 5930 5905
f 5900 5897 5928
f 5928 5897 5907
f 5882 5889 5891
f 5891 5889 5908
f 5908 5889 5914
f 5914 5889 5888
f 5832 5831 5641
f 5641 5831 5639
f 5833 5838 5834
f 5834 5838 5837
f 5842 5841 5849
f 5849 5841 5850
f 5841 5843 5850
f 5850 5843 5848
f 5847 5846 5739
f 5739 5846 5731
f 5842 5849 5833
f 5833 5849 5838
f 5862 5832 5732
f 5732 5832 5641
f 5847 5739 5834
f 5834 5739 5708
f 5862 5846 5851
f 5851 5846 5845
f 5831 5843 5639
f 5639 5843 5724
f 5676 5732 5595
f 5595 5732 5641
f 5676 5461 5660
f 5660 5461 5464
f 5461 5460 5464
f 5464 5460 5465
f 5460 5674 5465
f 5465 5674 5661
f 5931 5932 5934
f 5934 5932 5933
f 5936 5937 5935
f 5935 5937 5938
f 5935 5938 5939
f 5939 5938 5940
f 5942 5943 5941
f 5941 5943 5944
f 5945 5946 5936
f 5936 5946 5937
f 5948 5949 5947
f 5947 5949 5950
f 5951 5952 5519
f 5519 5952 5593
f 5953 5951 5709
f 5709 5951 5519
f 5955 5956 5954
f 5954 5956 5957
f 5958 5942 5946
f 5946 5942 5937
f 5948 5959 5949
f 5949 5959 5933
f 5960 5958 5934
f 5934 5958 5946
f 5961 5955 5940
f 5940 5955 5962
f 5963 5964 5966
f 5966 5964 5965
f 5955 5954 5962
f 5962 5954 5967
f 5968 5939 5962
f 5962 5939 5940
f 5961 5940 5941
f 5941 5940 5938
f 5931 5969 5932
f 5932 5969 5970
f 5945 5971 5931
f 5931 5971 5969
f 5941 5944 5961
f 5961 5944 5972
f 5954 5957 5947
f 5947 5957 5973
f 5945 5931 5946
f 5946 5931 5934
f 5935 5974 5936
f 5936 5974 5975
f 5959 5960 5933
f 5933 5960 5934
f 5937 5942 5938
f 5938 5942 5941
f 5932 5970 5976
f 5976 5970 5977
f 5968 5964 5978
f 5978 5964 5963
f 5965 5964 5950
f 5950 5964 5967
f 5976 5977 5965
f 5965 5977 5966
f 5947 5950 5954
f 5954 5950 5967
f 5939 5968 5979
f 5979 5968 5978
f 5936 5975 5945
f 5945 5975 5971
f 5972 5754 5956
f 5956 5754 5617
f 5974 5935 5979
f 5979 5935 5939
f 5953 5943 5958
f 5958 5943 5942
f 5964 5968 5967
f 5967 5968 5962
f 5965 5950 5976
f 5976 5950 5949
f 5976 5949 5932
f 5932 5949 5933
f 5979 5978 5981
f 5981 5978 5980
f 5979 5981 5974
f 5974 5981 5982
f 5974 5982 5975
f 5975 5982 5983
f 5975 5983 5971
f 5971 5983 5984
f 5978 5963 5980
f 5980 5963 5985
f 5963 5966 5985
f 5985 5966 5986
f 5986 5966 5987
f 5987 5966 5977
f 5988 5989 5985
f 5985 5989 5980
f 5991 5992 5990
f 5990 5992 5993
f 5994 5995 5991
f 5991 5995 5992
f 5992 5995 5997
f 5997 5995 5996
f 5998 5999 5997
f 5997 5999 6000
f 5996 6001 5997
f 5997 6001 5998
f 6000 5993 5997
f 5997 5993 5992
f 6002 6003 5993
f 5993 6003 5990
f 5995 5994 5996
f 5996 5994 6004
f 5994 5982 6004
f 6004 5982 5981
f 5994 6005 5982
f 5982 6005 5983
f 5991 6006 5994
f 5994 6006 6005
f 6006 5991 6007
f 6007 5991 5990
f 5996 6004 6001
f 6001 6004 5989
f 5989 6004 5980
f 5980 6004 5981
f 6003 6008 5990
f 5990 6008 6007
f 6009 6006 6010
f 6010 6006 6007
f 6008 6011 6007
f 6007 6011 6010
f 6012 6009 6013
f 6013 6009 6010
f 6009 6012 6015
f 6015 6012 6014
f 6011 6016 6010
f 6010 6016 6013
f 6006 6009 6005
f 6005 6009 6015
f 6005 6015 5983
f 5983 6015 5984
f 6008 6003 6018
f 6018 6003 6017
f 6003 6002 6017
f 6017 6002 6019
f 5998 6001 6020
f 6020 6001 5989
f 5999 5998 6021
f 6021 5998 6020
f 5989 5988 6020
f 6020 5988 6022
f 6021 6020 6023
f 6023 6020 6022
f 6021 6024 5999
f 5999 6024 6025
f 6019 6025 6017
f 6017 6025 6024
f 5971 5984 5969
f 5969 5984 6026
f 5970 6027 5977
f 5977 6027 5987
f 6027 5970 6026
f 6026 5970 5969
f 6026 6014 6027
f 6027 6014 6028
f 6014 6012 6028
f 6028 6012 6029
f 6027 6028 5987
f 5987 6028 6030
f 6026 5984 6014
f 6014 5984 6015
f 6031 5986 6030
f 6030 5986 5987
f 6031 5988 5986
f 5986 5988 5985
f 6032 6022 6031
f 6031 6022 5988
f 6032 6031 6033
f 6033 6031 6030
f 6034 6032 6035
f 6035 6032 6033
f 6028 6029 6030
f 6030 6029 6033
f 6029 6036 6033
f 6033 6036 6035
f 6032 6034 6022
f 6022 6034 6023
f 6038 6023 6037
f 6037 6023 6034
f 6037 6040 6039
f 6039 6040 6041
f 6037 6034 6040
f 6040 6034 6035
f 6037 6039 6038
f 6038 6039 6018
f 6038 6018 6024
f 6024 6018 6017
f 6024 6021 6038
f 6038 6021 6023
f 6012 6013 6029
f 6029 6013 6036
f 6041 6036 6016
f 6016 6036 6013
f 6041 6040 6036
f 6036 6040 6035
f 6041 6016 6039
f 6039 6016 6011
f 6011 6008 6039
f 6039 6008 6018
f 5993 6000 6002
f 6002 6000 6019
f 6019 6000 6025
f 6025 6000 5999
f 5943 5756 5944
f 5944 5756 5755
f 6042 5948 5973
f 5973 5948 5947
f 5952 5951 5959
f 5959 5951 5960
f 5951 5953 5960
f 5960 5953 5958
f 5616 5957 5617
f 5617 5957 5956
f 6042 5952 5948
f 5948 5952 5959
f 5944 5755 5972
f 5972 5755 5754
f 5957 5616 5973
f 5973 5616 5652
f 5956 5955 5972
f 5972 5955 5961
f 5943 5953 5756
f 5756 5953 5709
f 6044 6045 6043
f 6043 6045 6046
f 6048 6049 6047
f 6047 6049 6050
f 6047 6050 6051
f 6051 6050 6052
f 6054 6055 6053
f 6053 6055 6056
f 6057 6058 6060
f 6060 6058 6059
f 6061 6062 6048
f 6048 6062 6049
f 6063 6064 6066
f 6066 6064 6065
f 6067 6068 6070
f 6070 6068 6069
f 6071 6069 5653
f 5653 6069 6068
f 6072 6073 6075
f 6075 6073 6074
f 6062 6076 6049
f 6049 6076 6054
f 6058 6067 6059
f 6059 6067 6070
f 6064 6077 6065
f 6065 6077 6045
f 6078 6076 6046
f 6046 6076 6062
f 6073 6080 6079
f 6079 6080 6052
f 6082 6083 6081
f 6081 6083 6084
f 6072 6085 6073
f 6073 6085 6080
f 6086 6051 6080
f 6080 6051 6052
f 6079 6052 6053
f 6053 6052 6050
f 6043 6087 6044
f 6044 6087 6088
f 6061 6089 6043
f 6043 6089 6087
f 6053 6056 6079
f 6079 6056 6090
f 6063 6072 6060
f 6060 6072 6075
f 6043 6046 6061
f 6061 6046 6062
f 6047 6091 6048
f 6048 6091 6092
f 6077 6078 6045
f 6045 6078 6046
f 6049 6054 6050
f 6050 6054 6053
f 6044 6088 6093
f 6093 6088 6094
f 6086 6082 6095
f 6095 6082 6081
f 6083 6082 6066
f 6066 6082 6085
f 6093 6094 6083
f 6083 6094 6084
f 6072 6063 6085
f 6085 6063 6066
f 6051 6086 6096
f 6096 6086 6095
f 6048 6092 6061
f 6061 6092 6089
f 5656 5655 6090
f 6090 5655 6074
f 6091 6047 6096
f 6096 6047 6051
f 6071 6055 6076
f 6076 6055 6054
f 6082 6086 6085
f 6085 6086 6080
f 6093 6083 6065
f 6065 6083 6066
f 6044 6093 6045
f 6045 6093 6065
f 6096 6095 6098
f 6098 6095 6097
f 6096 6098 6091
f 6091 6098 6099
f 6091 6099 6092
f 6092 6099 6100
f 6092 6100 6089
f 6089 6100 6101
f 6095 6081 6097
f 6097 6081 6102
f 6081 6084 6102
f 6102 6084 6103
f 6103 6084 6104
f 6104 6084 6094
f 6106 6097 6105
f 6105 6097 6102
f 6107 6108 6110
f 6110 6108 6109
f 6111 6112 6108
f 6108 6112 6109
f 6109 6112 6114
f 6114 6112 6113
f 6114 6115 6117
f 6117 6115 6116
f 6113 6118 6114
f 6114 6118 6115
f 6117 6110 6114
f 6114 6110 6109
f 6110 6119 6107
f 6107 6119 6120
f 6112 6111 6113
f 6113 6111 6121
f 6111 6099 6121
f 6121 6099 6098
f 6111 6122 6099
f 6099 6122 6100
f 6123 6122 6108
f 6108 6122 6111
f 6124 6123 6107
f 6107 6123 6108
f 6113 6121 6118
f 6118 6121 6106
f 6106 6121 6097
f 6097 6121 6098
f 6125 6124 6120
f 6120 6124 6107
f 6126 6123 6127
f 6127 6123 6124
f 6125 6128 6124
f 6124 6128 6127
f 6129 6126 6130
f 6130 6126 6127
f 6126 6129 6132
f 6132 6129 6131
f 6128 6133 6127
f 6127 6133 6130
f 6123 6126 6122
f 6122 6126 6132
f 6122 6132 6100
f 6100 6132 6101
f 6120 6134 6125
f 6125 6134 6135
f 6120 6119 6134
f 6134 6119 6136
f 6115 6118 6137
f 6137 6118 6106
f 6115 6137 6116
f 6116 6137 6138
f 6137 6106 6139
f 6139 6106 6105
f 6138 6137 6140
f 6140 6137 6139
f 6141 6142 6138
f 6138 6142 6116
f 6136 6142 6134
f 6134 6142 6141
f 6089 6101 6087
f 6087 6101 6143
f 6088 6144 6094
f 6094 6144 6104
f 6143 6144 6087
f 6087 6144 6088
f 6131 6145 6143
f 6143 6145 6144
f 6129 6146 6131
f 6131 6146 6145
f 6144 6145 6104
f 6104 6145 6147
f 6143 6101 6131
f 6131 6101 6132
f 6148 6103 6147
f 6147 6103 6104
f 6103 6148 6102
f 6102 6148 6105
f 6148 6149 6105
f 6105 6149 6139
f 6149 6148 6150
f 6150 6148 6147
f 6151 6149 6152
f 6152 6149 6150
f 6145 6146 6147
f 6147 6146 6150
f 6146 6153 6150
f 6150 6153 6152
f 6149 6151 6139
f 6139 6151 6140
f 6155 6140 6154
f 6154 6140 6151
f 6154 6157 6156
f 6156 6157 6158
f 6154 6151 6157
f 6157 6151 6152
f 6154 6156 6155
f 6155 6156 6135
f 6155 6135 6141
f 6141 6135 6134
f 6141 6138 6155
f 6155 6138 6140
f 6146 6129 6153
f 6153 6129 6130
f 6158 6153 6133
f 6133 6153 6130
f 6158 6157 6153
f 6153 6157 6152
f 6156 6158 6128
f 6128 6158 6133
f 6128 6125 6156
f 6156 6125 6135
f 6110 6117 6119
f 6119 6117 6136
f 6136 6117 6142
f 6142 6117 6116
f 6055 5615 6056
f 6056 5615 5752
f 6060 6059 6063
f 6063 6059 6064
f 6077 6070 6078
f 6078 6070 6069
f 6069 6071 6078
f 6078 6071 6076
f 6159 6057 6075
f 6075 6057 6060
f 6059 6070 6064
f 6064 6070 6077
f 6056 5752 6090
f 6090 5752 5656
f 6090 6074 6079
f 6079 6074 6073
f 6055 6071 5615
f 5615 6071 5653
f 5547 5471 6160
f 6160 5471 6161
f 5729 5577 6163
f 6163 5577 6162
f 5577 5576 6162
f 6162 5576 6164
f 5713 6165 5711
f 5711 6165 6166
f 5474 5729 6167
f 6167 5729 6163
f 5750 5547 6168
f 6168 5547 6160
f 5471 5474 6161
f 6161 5474 6167
f 6169 5712 6168
f 6168 5712 5750
f 5711 6166 5576
f 5576 6166 6164
f 6165 5713 6169
f 6169 5713 5712
f 6168 6170 6169
f 6169 6170 6171
f 6169 6171 6165
f 6165 6171 6172
f 6165 6172 6166
f 6166 6172 6173
f 6166 6173 6164
f 6164 6173 6174
f 6168 6160 6170
f 6170 6160 6175
f 6160 6161 6175
f 6175 6161 6176
f 6161 6167 6176
f 6176 6167 6177
f 6179 6170 6178
f 6178 6170 6175
f 6181 6182 6180
f 6180 6182 6183
f 6184 6185 6181
f 6181 6185 6182
f 6186 6187 6185
f 6185 6187 6182
f 6186 6188 6187
f 6187 6188 6189
f 6190 6183 6187
f 6187 6183 6182
f 6183 6190 6191
f 6191 6190 6192
f 6191 6193 6183
f 6183 6193 6180
f 6186 6185 6194
f 6194 6185 6184
f 6184 6172 6194
f 6194 6172 6171
f 6184 6195 6172
f 6172 6195 6173
f 6181 6196 6184
f 6184 6196 6195
f 6196 6181 6197
f 6197 6181 6180
f 6186 6194 6188
f 6188 6194 6179
f 6179 6194 6170
f 6170 6194 6171
f 6193 6198 6180
f 6180 6198 6197
f 6199 6196 6200
f 6200 6196 6197
f 6198 6201 6197
f 6197 6201 6200
f 6202 6199 6203
f 6203 6199 6200
f 6199 6202 6205
f 6205 6202 6204
f 6201 6206 6200
f 6200 6206 6203
f 6196 6199 6195
f 6195 6199 6205
f 6195 6205 6173
f 6173 6205 6174
f 6198 6193 6208
f 6208 6193 6207
f 6193 6191 6207
f 6207 6191 6192
f 6189 6188 6209
f 6209 6188 6179
f 6210 6189 6211
f 6211 6189 6209
f 6209 6179 6212
f 6212 6179 6178
f 6211 6209 6213
f 6213 6209 6212
f 6211 6214 6210
f 6210 6214 6215
f 6192 6215 6207
f 6207 6215 6214
f 6190 6187 6210
f 6210 6187 6189
f 6192 6190 6215
f 6215 6190 6210
f 6162 6164 6216
f 6216 6164 6174
f 6167 6163 6177
f 6177 6163 6217
f 6216 6217 6162
f 6162 6217 6163
f 6204 6218 6216
f 6216 6218 6217
f 6202 6219 6204
f 6204 6219 6218
f 6217 6218 6177
f 6177 6218 6220
f 6216 6174 6204
f 6204 6174 6205
f 6221 6176 6220
f 6220 6176 6177
f 6176 6221 6175
f 6175 6221 6178
f 6221 6222 6178
f 6178 6222 6212
f 6222 6221 6223
f 6223 6221 6220
f 6224 6222 6225
f 6225 6222 6223
f 6218 6219 6220
f 6220 6219 6223
f 6219 6226 6223
f 6223 6226 6225
f 6222 6224 6212
f 6212 6224 6213
f 6228 6213 6227
f 6227 6213 6224
f 6229 6227 6231
f 6231 6227 6230
f 6227 6224 6230
f 6230 6224 6225
f 6227 6229 6228
f 6228 6229 6208
f 6228 6208 6214
f 6214 6208 6207
f 6214 6211 6228
f 6228 6211 6213
f 6219 6202 6226
f 6226 6202 6203
f 6231 6226 6206
f 6206 6226 6203
f 6231 6230 6226
f 6226 6230 6225
f 6229 6231 6201
f 6201 6231 6206
f 6201 6198 6229
f 6229 6198 6208
f 5674 5672 5661
f 5661 5672 5662
f 5662 5672 5663
f 5663 5672 5646
f 5651 6042 5652
f 5652 6042 5973
f 5518 5517 5751
f 5751 5517 5733
f 5738 5660 5753
f 5753 5660 5637
f 5752 5636 5656
f 5656 5636 5526
f 5952 6042 5593
f 5593 6042 5651
f 5593 5651 5594
f 5594 5651 5650
f 5600 5737 5514
f 5514 5737 5515
f 5546 5545 5740
f 5740 5545 6232
f 6232 6058 5740
f 5740 6058 6057
f 6067 6058 6233
f 6233 6058 6232
f 6233 6232 6234
f 6234 6232 5545
f 6234 5545 6235
f 6235 5545 5544
f 5606 6236 5543
f 5543 6236 5544
f 6235 5544 5539
f 5539 5544 6236
f 6237 6235 5542
f 5542 6235 5539
f 6235 6237 6234
f 6234 6237 6238
f 6234 6238 6233
f 6233 6238 6239
f 5653 6068 5650
f 5650 6068 6239
f 5642 5513 6240
f 6240 5513 5516
f 5539 6236 5540
f 5540 6236 5606
f 5636 5614 5637
f 5637 5614 5753
f 6239 5737 5650
f 5650 5737 5594
f 6239 6068 6233
f 6233 6068 6067
f 6075 6074 6159
f 6159 6074 5655
f 6057 6159 5740
f 5740 6159 5655
f 5515 5737 6238
f 6238 5737 6239
f 6238 6237 5515
f 5515 6237 5516
f 5542 6240 6237
f 6237 6240 5516
f 6240 5542 5642
f 5642 5542 5541
f 5702 5699 5541
f 5541 5699 5642
f 5582 5475 5717
f 5470 5443 5537
f 5537 5443 5504
f 5469 5444 5470
f 5470 5444 5443
f 5726 5557 5727
f 5727 5557 5556
f 5537 5504 5511
f 5511 5504 5506
f 5504 5503 5506
f 5506 5503 5507
f 5503 5455 5507
f 5507 5455 5581
f 5455 5454 5581
f 5581 5454 5456
f 5473 5453 5474
f 5474 5453 5729
f 5457 5454 5473
f 5473 5454 5453
f 5473 5472 5457
f 5457 5472 5686
f 5472 5548 5686
f 5686 5548 5687
f 5749 5693 5548
f 5548 5693 5687
f 5715 5532 5749
f 5749 5532 5693
f 5714 5486 5715
f 5715 5486 5532
f 5714 5710 5486
f 5486 5710 5449
f 5728 5578 5729
f 5729 5578 5577
f 5452 5445 5698
f 5698 5445 5558
f 5445 5444 5558
f 5558 5444 5556
f 5444 5469 5556
f 5556 5469 5727
f 5469 5468 5727
f 5727 5468 5555
f 5468 5747 5555
f 5555 5747 5552
f 5747 5700 5552
f 5552 5700 5716
f 5700 5699 5716
f 5716 5699 5717
f 5699 5702 5717
f 5717 5702 5582
f 5702 5701 5582
f 5582 5701 5583
f 5726 5479 5557
f 5557 5479 5483
f 5483 5479 5484
f 5484 5479 5482
f 5534 5533 5482
f 5482 5533 5484
f 5691 5688 5534
f 5534 5688 5533
f 5644 5647 5691
f 5691 5647 5688
f 5719 5746 5701
f 5701 5746 5583
f 5718 5497 5719
f 5719 5497 5746
f 5718 5605 5654
f 5654 5605 5638
f 5498 5654 5657
f 5657 5654 5633
f 5497 5718 5498
f 5498 5718 5654
f 5657 5527 5498
f 5498 5527 5494
f 5528 5570 5495
f 5495 5570 5521
f 5665 5668 5528
f 5528 5668 5570
f 5664 5671 5665
f 5665 5671 5668
f 5645 5741 5664
f 5664 5741 5671
f 5644 5696 5645
f 5645 5696 5741
f 5710 5575 5449
f 5449 5575 5450
f 5575 5578 5450
f 5450 5578 5698
f 5578 5728 5698
f 5698 5728 5452
f 5452 5728 5451
f 5451 5728 5453
f 3619 6241 3620
f 3620 6241 6242
f 6243 6244 3628
f 3628 6244 3629
f 6245 6246 3634
f 3634 6246 3631
f 6247 6248 3636
f 3636 6248 3637
f 6249 6250 3642
f 3642 6250 3639
f 3639 6250 3643
f 3643 6250 6251
f 3743 6252 3744
f 3744 6252 6253
f 6246 6243 3631
f 3631 6243 3628
f 3753 6254 3754
f 3754 6254 6255
f 3857 6256 3619
f 3619 6256 6241
f 6257 6245 3932
f 3932 6245 3634
f 6242 6247 3620
f 3620 6247 3636
f 6258 6259 3946
f 3946 6259 3947
f 6260 6249 3948
f 3948 6249 3642
f 6244 6258 3629
f 3629 6258 3946
f 3947 6259 3753
f 3753 6259 6254
f 6248 6260 3637
f 3637 6260 3948
f 3643 6251 3743
f 3743 6251 6252
f 3744 6253 3932
f 3932 6253 6257
f 6250 6249 6251
f 6251 6249 6252
f 6245 6261 6246
f 6246 6261 6262
f 6263 6264 6247
f 6247 6264 6248
f 6252 6265 6253
f 6253 6265 6266
f 6246 6262 6243
f 6243 6262 6267
f 6268 6261 6257
f 6257 6261 6245
f 6269 6263 6242
f 6242 6263 6247
f 6270 6271 6260
f 6260 6271 6249
f 6264 6270 6248
f 6248 6270 6260
f 6253 6266 6257
f 6257 6266 6268
f 6249 6271 6252
f 6252 6271 6265
f 6254 6259 6272
f 6272 6259 6273
f 6266 6265 6270
f 6270 6265 6271
f 6268 6266 6264
f 6264 6266 6270
f 6261 6268 6263
f 6263 6268 6264
f 6269 6262 6263
f 6263 6262 6261
f 4186 4185 6274
f 6274 4185 6275
f 6241 6276 6242
f 6242 6276 6269
f 6258 6244 6277
f 6277 6244 6278
f 6256 6279 6241
f 6241 6279 6276
f 6259 6258 6273
f 6273 6258 6277
f 6243 6267 6244
f 6244 6267 6278
f 6276 6267 6269
f 6269 6267 6262
f 6254 6272 6255
f 6255 6272 6280
f 3865 3713 3888
f 3888 3713 3685
f 5242 5233 3892
f 3892 5233 3711
f 3900 5243 3892
f 3892 5243 5242
f 3734 3866 3900
f 3900 3866 5243
f 4117 6281 4118
f 4118 6281 6282
f 4118 6282 4278
f 4278 6282 4879
f 4717 4887 4718
f 4718 4887 4280
f 4792 4278 4882
f 4882 4278 4879
f 4795 4792 6283
f 6283 4792 4882
f 4852 4851 5012
f 5012 4851 6284
f 4856 5207 4857
f 4857 5207 4858
f 4860 4279 4857
f 4857 4279 4854
f 4718 4280 4860
f 4860 4280 4279
f 4864 4863 4745
f 4745 4863 4742
f 5366 4867 5011
f 5011 4867 4866
f 4871 4884 4872
f 4872 4884 4883
f 4872 4883 4117
f 4117 4883 6281
f 6284 4851 6283
f 6283 4851 4795
f 4852 4866 4853
f 4853 4866 4865
f 4871 4870 4856
f 4856 4870 5207
f 4717 4716 4864
f 4864 4716 4861
f 4868 4867 4862
f 4862 4867 4863
f 4268 4855 4269
f 4269 4855 4854
f 4281 4274 4282
f 4282 4274 4765
f 4744 4743 4907
f 4907 4743 4904
f 4874 4881 4820
f 4820 4881 4880
f 4885 5013 4886
f 4886 5013 4980
f 4888 4275 4281
f 4281 4275 4274
f 4902 6282 4903
f 4903 6282 6281
f 6283 4979 6284
f 6284 4979 4978
f 4282 4765 4269
f 4269 4765 4266
f 4880 4879 4902
f 4902 4879 6282
f 4903 6281 4886
f 4886 6281 4883
f 4882 4881 6283
f 6283 4881 4979
f 5013 4885 4267
f 4267 4885 4268
f 4888 4887 4744
f 4744 4887 4745
f 4410 6285 4411
f 4411 6285 4812
f 4750 4749 6286
f 6286 4749 6287
f 6289 4695 6288
f 6288 4695 4255
f 4750 4675 4751
f 4751 4675 4965
f 6290 6291 4963
f 4963 6291 4960
f 4807 4806 4411
f 4411 4806 4408
f 6292 6293 4959
f 4959 6293 4956
f 4958 6294 4959
f 4959 6294 4955
f 4962 4964 4963
f 4963 4964 4805
f 4962 4961 4751
f 4751 4961 4748
f 6296 6297 6295
f 6295 6297 6298
f 6299 6300 6288
f 6288 6300 4735
f 6302 4961 6301
f 6301 4961 4960
f 6304 6287 6303
f 6303 6287 4749
f 4968 6305 4969
f 4969 6305 6306
f 4413 6308 6307
f 6307 6308 4900
f 6301 4960 6309
f 6309 4960 6291
f 4412 4408 6310
f 6310 4408 4806
f 4696 6311 4256
f 4256 6311 6312
f 6303 4749 6313
f 6313 4749 4748
f 6313 4748 6302
f 6302 4748 4961
f 6315 6316 6314
f 6314 6316 6317
f 4084 6318 6315
f 6315 6318 6316
f 4083 6319 4084
f 4084 6319 6318
f 4112 6320 4083
f 4083 6320 6319
f 6322 4138 6321
f 6321 4138 4137
f 6324 4128 6323
f 6323 4128 4127
f 4127 4193 6323
f 6323 4193 6325
f 4193 4891 6325
f 6325 4891 6326
f 4891 6327 6326
f 6326 6327 6328
f 6327 4824 5227
f 5227 4824 5228
f 5231 4684 6329
f 6329 4684 4683
f 4683 4099 6329
f 6329 4099 6330
f 4099 4102 6330
f 6330 4102 6331
f 4174 4826 4429
f 4429 4826 4829
f 4173 4741 4174
f 4174 4741 4826
f 4180 4738 4173
f 4173 4738 4741
f 6332 6333 4180
f 4180 6333 4738
f 6274 6334 4186
f 4186 6334 4188
f 4181 4825 4180
f 4180 4825 6332
f 5044 5213 5045
f 5045 5213 5165
f 5046 5087 5047
f 5047 5087 5222
f 5077 5063 5078
f 5078 5063 5198
f 5081 5099 5082
f 5082 5099 5194
f 5095 5074 5096
f 5096 5074 5073
f 5373 5170 5096
f 5096 5170 5093
f 5375 5171 5373
f 5373 5171 5170
f 5047 5222 5375
f 5375 5222 5171
f 5046 5038 5376
f 5376 5038 5067
f 5377 5086 5376
f 5376 5086 5085
f 5045 5165 5377
f 5377 5165 5086
f 5378 5214 5044
f 5044 5214 5213
f 5077 5034 5378
f 5378 5034 5214
f 5082 5194 5078
f 5078 5194 5035
f 5081 5080 5379
f 5379 5080 6335
f 5379 6335 5095
f 5095 6335 5074
f 5032 5080 5033
f 5033 5080 5079
f 5040 5017 5041
f 5041 5017 5016
f 5050 5043 5051
f 5051 5043 5042
f 5065 5023 5066
f 5066 5023 5022
f 5050 5049 5065
f 5065 5049 5023
f 5041 5016 5068
f 5068 5016 5020
f 5071 5374 5072
f 5072 5374 5200
f 5075 5156 5076
f 5076 5156 5155
f 5162 5212 5068
f 5068 5212 5067
f 5075 5074 5192
f 5192 5074 6335
f 5066 5022 5199
f 5199 5022 5196
f 5076 5155 5072
f 5072 5155 5069
f 5040 5039 5071
f 5071 5039 5374
f 5162 5161 5051
f 5051 5161 5048
f 5192 6335 5032
f 5032 6335 5080
f 5199 5196 5033
f 5033 5196 5030
f 5018 5211 5019
f 5019 5211 5408
f 5019 5408 5021
f 5021 5408 5163
f 5024 5057 5025
f 5025 5057 5415
f 5028 5048 5029
f 5029 5048 5161
f 5054 5031 5055
f 5055 5031 5030
f 5024 5023 5058
f 5058 5023 5049
f 5061 5070 5062
f 5062 5070 5069
f 5157 5438 5158
f 5158 5438 5442
f 5160 5191 5054
f 5054 5191 5031
f 5029 5161 5021
f 5021 5161 5020
f 5025 5415 5197
f 5197 5415 5220
f 5158 5442 5062
f 5062 5442 5059
f 5018 5017 5061
f 5061 5017 5070
f 5160 5159 5157
f 5157 5159 5438
f 5028 5027 5058
f 5058 5027 5056
f 5055 5030 5197
f 5197 5030 5196
f 5409 5380 5410
f 5410 5380 6336
f 5026 5413 5027
f 5027 5413 5412
f 5396 5417 5393
f 5393 5417 5416
f 5416 5057 5419
f 5419 5057 5056
f 5417 5396 5426
f 5426 5396 5420
f 5427 5423 5428
f 5428 5423 5422
f 5427 5059 5430
f 5430 5059 5442
f 5409 5408 5433
f 5433 5408 5211
f 5433 5211 5428
f 5428 5211 5060
f 5412 5411 5419
f 5419 5411 5418
f 5436 5053 5437
f 5437 5053 5052
f 5439 5402 5440
f 5440 5402 5401
f 5436 5435 5439
f 5439 5435 5402
f 5410 6336 5413
f 5413 6336 5414
f 5440 5401 5430
f 5430 5401 5429
f 5426 5420 5437
f 5437 5420 5434
f 5382 5432 5383
f 5383 5432 5384
f 5386 6336 5383
f 5383 6336 5380
f 6336 5386 5414
f 5414 5386 5388
f 5391 5418 5392
f 5392 5418 5411
f 5705 5395 5704
f 5704 5395 5394
f 5399 5435 5400
f 5400 5435 5434
f 5403 5441 5404
f 5404 5441 5405
f 5407 5429 5404
f 5404 5429 5401
f 5395 5705 5421
f 5421 5705 5748
f 5424 5706 5425
f 5425 5706 5431
f 5391 5390 5394
f 5394 5390 5704
f 5392 5388 5389
f 5389 5388 5387
f 5382 5381 5425
f 5425 5381 5422
f 5407 5406 5424
f 5424 5406 5706
f 5403 5402 5399
f 5399 5402 5435
f 5421 5748 5400
f 5400 5748 5397
f 4097 4721 4098
f 4098 4721 4231
f 4233 5273 4098
f 4098 5273 4095
f 6337 6338 4785
f 4785 6338 4786
f 4076 4780 4073
f 4073 4780 4781
f 4782 4190 4781
f 4781 4190 4073
f 4783 4901 4782
f 4782 4901 4190
f 4780 4076 4097
f 4097 4076 4721
f 6337 2879 4701
f 4701 2879 2878
f 5280 6339 5272
f 5272 6339 6340
f 5282 5281 6341
f 6341 5281 6342
f 4109 6302 4110
f 4110 6302 6301
f 4283 6304 4284
f 4284 6304 6303
f 6305 4379 6306
f 6306 4379 4378
f 4110 6301 4428
f 4428 6301 6309
f 6310 4688 4412
f 4412 4688 4687
f 4284 6303 4753
f 4753 6303 6313
f 4753 6313 4109
f 4109 6313 6302
f 6343 5226 4428
f 4428 5226 4427
f 4147 4900 4416
f 4416 4900 6308
f 6312 6311 4241
f 4241 6311 4720
f 5223 6344 4702
f 4702 6344 4699
f 4221 4220 6345
f 6345 4220 6346
f 5276 5275 6347
f 6347 5275 6348
f 5275 4728 6348
f 6348 4728 6349
f 4727 6350 5284
f 5284 6350 5285
f 6351 6352 6354
f 6354 6352 6353
f 5313 5312 5292
f 5292 5312 5293
f 5312 5344 5293
f 5293 5344 5337
f 5344 4914 5337
f 5337 4914 4916
f 4914 4913 4916
f 4916 4913 4917
f 4913 6355 4917
f 4917 6355 4978
f 6356 6357 6284
f 6284 6357 5012
f 6357 6358 5012
f 5012 6358 5011
f 5011 6358 5366
f 5366 6358 6359
f 6360 4742 6359
f 6359 4742 5366
f 4743 6361 4904
f 4904 6361 5364
f 5363 4905 5364
f 5364 4905 4904
f 5363 6362 4905
f 4905 6362 4207
f 6362 6363 4207
f 4207 6363 4208
f 6363 5342 4208
f 4208 5342 5330
f 5342 5341 5330
f 5330 5341 4244
f 5341 6364 4244
f 4244 6364 4245
f 6364 6365 4245
f 4245 6365 4246
f 6366 6367 4253
f 4253 6367 4250
f 4214 6368 4211
f 4211 6368 4380
f 4380 4379 4211
f 4211 4379 4283
f 4379 6305 4283
f 4283 6305 6304
f 6305 4968 6304
f 6304 4968 6287
f 4968 4967 6287
f 6287 4967 6286
f 4967 6297 6286
f 6286 6297 4676
f 6296 4376 4288
f 4288 4376 4285
f 4376 4373 4285
f 4285 4373 4290
f 6369 6370 6372
f 6372 6370 6371
f 5245 6373 5246
f 5246 6373 6374
f 4317 6375 4318
f 4318 6375 6376
f 4331 6377 4332
f 4332 6377 6378
f 6379 4333 6376
f 6376 4333 4318
f 4343 6380 4344
f 4344 6380 6381
f 4347 6382 4348
f 4348 6382 6383
f 4374 6371 4331
f 4331 6371 6377
f 4333 6379 4426
f 4426 6379 6384
f 4690 6385 4347
f 4347 6385 6382
f 4332 6378 4317
f 4317 6378 6375
f 4922 6386 4923
f 4923 6386 6387
f 6388 6389 4375
f 4375 6389 6390
f 6355 6356 4978
f 4978 6356 6284
f 4742 6360 4743
f 4743 6360 6361
f 6391 4238 6392
f 6392 4238 4719
f 6392 4719 6393
f 6393 4719 5296
f 6395 6396 6394
f 6394 6396 6397
f 6399 6400 6398
f 6398 6400 6401
f 6402 5302 6403
f 6403 5302 5303
f 5303 5321 6403
f 6403 5321 6404
f 5320 6405 5321
f 5321 6405 6404
f 5319 6406 5350
f 5350 6406 5351
f 5319 5318 6406
f 6406 5318 6407
f 5288 4197 6408
f 6408 4197 6409
f 4217 4216 6410
f 6410 4216 6411
f 5227 6412 6327
f 6327 6412 6328
f 4892 6413 5227
f 5227 6413 6412
f 4228 6414 4892
f 4892 6414 6413
f 4227 6415 4228
f 4228 6415 6414
f 4248 6416 4227
f 4227 6416 6415
f 4247 6417 4248
f 4248 6417 6416
f 6417 4247 6419
f 6419 4247 6418
f 6419 6418 6421
f 6421 6418 6420
f 6422 5301 6423
f 6423 5301 5300
f 6423 5300 6424
f 6424 5300 6399
f 6408 6409 6398
f 6398 6409 6425
f 6426 6427 6397
f 6397 6427 6394
f 6428 4224 6429
f 6429 4224 4223
f 6347 6346 5276
f 5276 6346 4220
f 6346 6347 6341
f 6341 6347 6339
f 5280 5278 5282
f 5282 5278 4236
f 4896 5224 4684
f 4684 5224 4681
f 4132 4135 4896
f 4896 4135 5224
f 4131 4136 4132
f 4132 4136 4135
f 4226 4754 4131
f 4131 4754 4136
f 4251 4213 4226
f 4226 4213 4754
f 4250 4214 4251
f 4251 4214 4213
f 4250 6367 4214
f 4214 6367 6368
f 6367 4910 6368
f 6368 4910 4737
f 4909 5297 4736
f 4736 5297 5296
f 5297 6395 5296
f 5296 6395 6393
f 6427 6430 6394
f 6394 6430 6431
f 6429 4383 6428
f 6428 4383 4382
f 4219 5277 4220
f 4220 5277 5276
f 4222 4697 4383
f 4383 4697 4218
f 6345 4699 4221
f 4221 4699 6344
f 6342 4700 6345
f 6345 4700 4699
f 4235 4786 5281
f 5281 4786 6338
f 4234 4787 4235
f 4235 4787 4786
f 5279 5278 6432
f 6432 5278 5271
f 4237 5279 6433
f 6433 5279 6432
f 4787 4234 6433
f 6433 4234 4237
f 6435 6436 6434
f 6434 6436 6437
f 6359 6438 6360
f 6360 6438 6437
f 6439 6440 6441
f 6441 6440 6438
f 6443 6439 6442
f 6442 6439 6441
f 6357 6356 6442
f 6442 6356 6444
f 6444 6446 6445
f 6445 6446 6447
f 4912 6446 4913
f 4913 6446 6355
f 6361 6436 5364
f 5364 6436 5365
f 5319 5350 5316
f 5316 5350 6448
f 4832 6449 5350
f 5350 6449 6448
f 4831 6450 4832
f 4832 6450 6449
f 5354 6451 5320
f 5320 6451 6405
f 4265 6452 5354
f 5354 6452 6451
f 4264 6453 4265
f 4265 6453 6452
f 6450 4831 6447
f 6447 4831 6445
f 4263 6435 4264
f 4264 6435 6434
f 6454 6453 6439
f 6439 6453 6440
f 6439 6443 6454
f 6454 6443 4834
f 4833 6455 4834
f 4834 6455 6454
f 5351 6456 4833
f 4833 6456 6455
f 6457 6391 6458
f 6458 6391 6392
f 6458 6392 6431
f 6431 6392 6393
f 5298 6396 5297
f 5297 6396 6395
f 6402 6400 5302
f 5302 6400 5299
f 6402 6403 6459
f 6459 6403 6460
f 6460 6403 6461
f 6461 6403 6404
f 6405 6462 6404
f 6404 6462 6461
f 6406 6462 5351
f 5351 6462 6456
f 6406 6407 6462
f 6462 6407 6461
f 6407 6463 6461
f 6461 6463 6460
f 6463 6464 6460
f 6460 6464 6459
f 6464 6465 6459
f 6459 6465 6401
f 6430 6466 6431
f 6431 6466 6458
f 6466 6410 6458
f 6458 6410 6457
f 6410 6411 6457
f 6457 6411 6467
f 6396 6424 6397
f 6397 6424 6425
f 6393 6395 6431
f 6431 6395 6394
f 6451 6456 6405
f 6405 6456 6462
f 6452 6455 6451
f 6451 6455 6456
f 6453 6454 6452
f 6452 6454 6455
f 6443 6445 4834
f 4834 6445 4831
f 6440 6453 6434
f 6434 6453 4264
f 6468 5306 5360
f 5360 5306 5305
f 6469 4124 6468
f 6468 4124 5306
f 6470 4125 6469
f 6469 4125 4124
f 6471 5291 6470
f 6470 5291 4125
f 6353 5292 6471
f 6471 5292 5291
f 5292 6353 5313
f 5313 6353 6352
f 5347 5314 6352
f 6352 5314 5313
f 5353 5318 5346
f 5346 5318 5317
f 5334 6468 5358
f 5358 6468 5360
f 5324 6469 5334
f 5334 6469 6468
f 5323 6470 5324
f 5324 6470 6469
f 5343 6471 5323
f 5323 6471 6470
f 6354 6353 5343
f 5343 6353 6471
f 6348 6349 4270
f 4270 6349 5311
f 5272 6340 5273
f 5273 6340 4272
f 6432 5271 4232
f 4232 5271 4233
f 4294 6432 4295
f 4295 6432 4232
f 6432 4294 6433
f 6433 4294 4301
f 4301 4300 6433
f 6433 4300 4787
f 4704 4784 4300
f 4300 4784 4787
f 4704 3013 4784
f 4784 3013 1307
f 5103 6472 5104
f 5104 6472 5202
f 5108 5116 5105
f 5105 5116 5115
f 5111 5124 5112
f 5112 5124 5123
f 5154 5205 5105
f 5105 5205 5106
f 5167 5180 5168
f 5168 5180 5185
f 5175 5188 5176
f 5176 5188 5187
f 5112 5123 5178
f 5178 5123 5120
f 5167 5090 5183
f 5183 5090 5089
f 5210 5151 5183
f 5183 5151 5181
f 5216 5138 5217
f 5217 5138 5137
f 5218 5119 5219
f 5219 5119 5221
f 5218 5178 5119
f 5119 5178 5120
f 5217 5137 5104
f 5104 5137 5101
f 5116 5108 5221
f 5221 5108 5219
f 5111 5110 5210
f 5210 5110 5151
f 5154 5153 5103
f 5103 5153 6472
f 5216 5215 5176
f 5176 5215 5173
f 5175 5174 5168
f 5168 5174 5166
f 5091 5172 5092
f 5092 5172 5208
f 5117 5037 5118
f 5118 5037 5036
f 5121 5164 5122
f 5122 5164 5133
f 5125 5084 5126
f 5126 5084 5083
f 5129 5174 5130
f 5130 5174 5173
f 5131 5202 5132
f 5132 5202 6472
f 5135 5221 5122
f 5122 5221 5119
f 5125 5124 5136
f 5136 5124 5209
f 5126 5083 5121
f 5121 5083 5164
f 5118 5036 5195
f 5195 5036 5193
f 5131 5097 5203
f 5203 5097 5114
f 5132 6472 5195
f 5195 6472 5153
f 5136 5209 5092
f 5092 5209 5089
f 5135 5134 5117
f 5117 5134 5037
f 5362 5206 5130
f 5130 5206 5127
f 5372 5371 5128
f 5128 5371 5129
f 5371 5372 5091
f 5091 5372 5172
f 5362 5215 5203
f 5203 5215 5201
f 6463 6407 5353
f 5353 6407 5318
f 6464 6463 5352
f 5352 6463 5353
f 6408 6465 5288
f 5288 6465 5289
f 4196 4224 6426
f 6426 4224 6427
f 6430 6427 6428
f 6428 6427 4224
f 6466 6430 4382
f 4382 6430 6428
f 6410 6466 4217
f 4217 6466 4382
f 4240 4239 3015
f 3015 4239 3016
f 4254 4257 3017
f 3017 4257 3018
f 6473 6474 4732
f 4732 6474 6475
f 6474 6374 6475
f 6475 6374 6373
f 5246 6374 3022
f 3022 6374 3023
f 4254 6299 4255
f 4255 6299 6288
f 6473 6300 3024
f 3024 6300 3025
f 6476 4257 6312
f 6312 4257 4256
f 4240 6476 4241
f 4241 6476 6312
f 6477 4239 6391
f 6391 4239 4238
f 6467 6477 6457
f 6457 6477 6391
f 6411 3029 6467
f 6467 3029 3028
f 4216 3030 6411
f 6411 3030 3029
f 6479 6480 6478
f 6478 6480 6481
f 6483 6484 6482
f 6482 6484 6485
f 6486 6487 4102
f 4102 6487 6331
f 6483 6488 6478
f 6478 6488 6489
f 4429 4829 6490
f 6490 4829 6479
f 6491 6486 4101
f 4101 6486 4102
f 4895 6491 4899
f 4899 6491 4101
f 4160 6488 4157
f 4157 6488 6492
f 6489 4087 6490
f 6490 4087 4090
f 4267 4261 5013
f 5013 4261 4260
f 4258 4261 5328
f 5328 4261 4975
f 4261 4267 4975
f 4975 4267 4266
f 5367 3793 3912
f 3912 3793 3575
f 6494 3616 6493
f 6493 3616 3795
f 6496 3589 6495
f 6495 3589 3588
f 6495 3588 5368
f 5368 3588 3794
f 3841 3840 3050
f 3050 3840 3051
f 3912 3911 3052
f 3052 3911 3053
f 3929 3930 3054
f 3054 3930 3055
f 5370 3930 3916
f 3916 3930 3923
f 3938 5369 3807
f 3807 5369 3915
f 3589 6496 3806
f 3806 6496 3937
f 3938 3937 3056
f 3056 3937 3057
f 3051 3840 3058
f 3058 3840 3943
f 3730 4808 3727
f 3727 4808 3943
f 3820 3951 3795
f 3795 3951 6493
f 3951 3841 3059
f 3059 3841 3050
f 3911 3574 6494
f 6494 3574 3616
f 3823 3929 3824
f 3824 3929 3952
f 4061 4060 3060
f 3060 4060 3061
f 6497 6498 4901
f 4901 6498 4790
f 6333 6499 4738
f 4738 6499 4739
f 6500 6501 6314
f 6314 6501 4418
f 6502 6275 4417
f 4417 6275 4185
f 6503 6497 4783
f 4783 6497 4901
f 6498 4060 4790
f 4790 4060 4059
f 4808 4061 3069
f 3069 4061 3060
f 5367 3071 5368
f 5368 3071 3070
f 5369 3073 5370
f 5370 3073 3072
f 6274 6275 3074
f 3074 6275 3075
f 6499 6504 4739
f 4739 6504 6317
f 6333 6332 3077
f 3077 6332 3078
f 6334 6274 3079
f 3079 6274 3074
f 6332 4825 3078
f 3078 4825 3080
f 6334 6503 4188
f 4188 6503 4783
f 4825 4689 3080
f 3080 4689 1330
f 6506 4747 6505
f 6505 4747 4746
f 6505 6507 6506
f 6506 6507 6508
f 4297 6509 4920
f 4920 6509 6510
f 4296 6511 4297
f 4297 6511 6509
f 6506 6508 4319
f 4319 6508 6512
f 4372 4371 6514
f 6514 4371 6513
f 6511 4296 5251
f 5251 4296 4305
f 5251 5250 6511
f 6511 5250 6515
f 6516 6509 6515
f 6515 6509 6511
f 6517 6507 6519
f 6519 6507 6518
f 6512 6520 6513
f 6513 6520 6514
f 6507 6517 6508
f 6508 6517 6521
f 5249 6523 6522
f 6522 6523 6524
f 6525 6370 5253
f 5253 6370 6526
f 4370 4323 4371
f 4371 4323 4326
f 4370 3103 4323
f 4323 3103 1541
f 6521 6517 6527
f 6527 6517 6519
f 6520 6528 6514
f 6514 6528 6529
f 6531 6532 6530
f 6530 6532 6533
f 5250 6534 6515
f 6515 6534 6535
f 6530 6533 6536
f 6536 6533 6537
f 6526 6538 6534
f 6534 6538 6537
f 6515 6535 6516
f 6516 6535 6539
f 4325 4321 4326
f 4326 4321 4320
f 4371 4326 6513
f 6513 4326 4320
f 6531 4731 6541
f 6541 4731 6540
f 4731 4730 6540
f 6540 4730 6542
f 4730 3121 6542
f 6542 3121 3120
f 6530 4328 6531
f 6531 4328 4731
f 4328 6530 4329
f 4329 6530 6536
f 4329 6536 6524
f 6524 6536 6543
f 6544 6545 6522
f 6522 6545 5248
f 6389 6388 5245
f 5245 6388 6373
f 6388 6546 6373
f 6373 6546 6475
f 4733 6546 6295
f 6295 6546 4377
f 4732 6475 4733
f 4733 6475 6546
f 4393 4432 4394
f 4394 4432 4435
f 4434 4672 4842
f 4842 4672 4671
f 4440 4439 4441
f 4441 4439 4438
f 4436 4450 4437
f 4437 4450 4398
f 4447 4444 4448
f 4448 4444 4392
f 4446 4464 4433
f 4433 4464 6547
f 4454 4423 4455
f 4455 4423 4422
f 4452 4481 4453
f 4453 4481 4480
f 4458 4389 4459
f 4459 4389 4388
f 4456 4471 4457
f 4457 4471 4468
f 4391 4460 4392
f 4392 4460 4448
f 4461 4467 4445
f 4445 4467 4465
f 4437 4398 4629
f 4629 4398 4397
f 4438 4628 4441
f 4441 4628 4631
f 4841 4629 4839
f 4839 4629 4397
f 4628 4842 4631
f 4631 4842 4671
f 4930 4989 4452
f 4452 4989 4481
f 4929 4927 4436
f 4436 4927 4450
f 4933 4387 4934
f 4934 4387 4386
f 4931 4475 4932
f 4932 4475 4474
f 4936 4449 4933
f 4933 4449 4387
f 4935 4472 4456
f 4456 4472 4471
f 4389 4458 4391
f 4391 4458 4460
f 4457 4468 4461
f 4461 4468 4467
f 4934 4386 4454
f 4454 4386 4423
f 4453 4480 4931
f 4931 4480 4475
f 4575 4997 4576
f 4576 4997 4639
f 4579 4596 4580
f 4580 4596 4595
f 4583 4582 4572
f 4572 4582 4569
f 4587 4944 4588
f 4588 4944 4562
f 4588 4562 4590
f 4590 4562 4561
f 4576 4639 4642
f 4642 4639 4638
f 4642 4845 4641
f 4641 4845 4846
f 4845 4590 4846
f 4846 4590 4561
f 4941 4938 4595
f 4595 4938 4580
f 4938 4940 4668
f 4668 4940 4669
f 4583 4942 4584
f 4584 4942 4947
f 4582 4587 4569
f 4569 4587 4586
f 5000 5001 4579
f 4579 5001 4596
f 4558 4560 4585
f 4585 4560 4586
f 4565 4639 4566
f 4566 4639 4997
f 4568 4567 4577
f 4577 4567 4578
f 4570 4554 4571
f 4571 4554 4556
f 4640 4565 4637
f 4637 4565 4546
f 4662 4664 4665
f 4665 4664 4844
f 4662 4558 4589
f 4589 4558 4585
f 4554 4570 4557
f 4557 4570 4560
f 4571 4667 4572
f 4572 4667 4943
f 4551 4670 4552
f 4552 4670 4666
f 4640 4664 4638
f 4638 4664 4663
f 4670 4568 4668
f 4668 4568 4577
f 4999 4996 4566
f 4566 4996 4543
f 4608 4564 4603
f 4603 4564 4563
f 4573 4593 4574
f 4574 4593 4592
f 4597 4614 4598
f 4598 4614 4613
f 4601 4600 4584
f 4584 4600 4581
f 4563 4562 4604
f 4604 4562 4944
f 4643 4593 4641
f 4641 4593 4573
f 4643 4847 4644
f 4644 4847 4848
f 4564 4847 4561
f 4561 4847 4846
f 4945 4941 4598
f 4598 4941 4595
f 4941 4945 4939
f 4939 4945 4946
f 4601 4948 4602
f 4602 4948 4620
f 4600 4604 4581
f 4581 4604 4944
f 5002 5003 4597
f 4597 5003 4614
f 4988 4759 4953
f 4953 4759 4402
f 4706 6548 4707
f 4707 6548 6549
f 4311 4928 4419
f 4419 4928 6550
f 4921 4920 6551
f 6551 4920 6552
f 4925 6553 4926
f 4926 6553 6554
f 4928 4921 4802
f 4802 4921 6551
f 6555 4985 6550
f 6550 4985 4419
f 4952 6556 4953
f 4953 6556 4649
f 4971 6557 4706
f 4706 6557 6548
f 4988 4648 4925
f 4925 4648 6553
f 4707 6549 5006
f 5006 6549 4987
f 4920 6510 6552
f 6552 6510 6518
f 6558 6510 6516
f 6516 6510 6509
f 6559 6558 6539
f 6539 6558 6516
f 6531 6541 6532
f 6532 6541 6560
f 6540 6561 6541
f 6541 6561 6529
f 6542 6562 6540
f 6540 6562 6561
f 6542 3120 6562
f 6562 3120 3142
f 4366 6563 4760
f 4760 6563 4970
f 4815 6564 4816
f 4816 6564 6565
f 3147 3146 6565
f 6565 3146 4816
f 6564 6563 6565
f 6565 6563 6566
f 4837 4385 4357
f 4357 4385 4358
f 6565 6566 3147
f 3147 6566 3149
f 4694 1209 3150
f 5247 5249 5248
f 5248 5249 6522
f 6372 6390 6545
f 6545 6390 6389
f 6375 5254 6376
f 6376 5254 5258
f 6377 6525 6378
f 6378 6525 5255
f 5260 6379 5258
f 5258 6379 6376
f 6380 6567 6381
f 6381 6567 6568
f 6382 6569 6383
f 6383 6569 6570
f 6377 6371 6525
f 6525 6371 6370
f 6379 5260 6384
f 6384 5260 6571
f 6385 6572 6382
f 6382 6572 6569
f 6378 5255 6375
f 6375 5255 5254
f 6386 6573 6387
f 6387 6573 6574
f 6545 6389 5248
f 5248 6389 5245
f 4675 4750 4676
f 4676 4750 6286
f 4734 6289 4735
f 4735 6289 6288
f 4804 6290 4805
f 4805 6290 4963
f 4811 4807 4812
f 4812 4807 4411
f 4954 6292 4955
f 4955 6292 4959
f 4964 4962 4965
f 4965 4962 4751
f 6285 4821 4812
f 4812 4821 4809
f 4675 4287 4965
f 4965 4287 4210
f 6294 4145 4955
f 4955 4145 4154
f 4964 4120 4805
f 4805 4120 4119
f 6298 4966 4734
f 4734 4966 6289
f 6300 6473 4735
f 4735 6473 4732
f 6297 6296 4676
f 4676 6296 4288
f 6523 3160 4330
f 4330 3160 3159
f 5253 5252 6525
f 6525 5252 5255
f 5256 5252 4305
f 4305 5252 5251
f 4304 5257 4305
f 4305 5257 5256
f 4424 5259 4304
f 4304 5259 5257
f 5261 6571 5259
f 5259 6571 5260
f 5262 6573 5261
f 5261 6573 6571
f 5264 6567 5265
f 5265 6567 6574
f 5266 6572 5267
f 5267 6572 6568
f 5268 6570 5269
f 5269 6570 6569
f 1807 3161 5268
f 5268 3161 6570
f 6524 6523 4329
f 4329 6523 4330
f 5253 6526 5250
f 5250 6526 6534
f 6543 6538 6544
f 6544 6538 6369
f 6524 6543 6522
f 6522 6543 6544
f 3071 5367 3052
f 3052 5367 3912
f 6493 3163 6494
f 6494 3163 3162
f 3164 445 3771
f 3771 445 3761
f 461 3165 3919
f 3919 3165 3920
f 330 410 3839
f 3839 410 3910
f 332 331 3552
f 3552 331 3551
f 464 304 3918
f 3918 304 3816
f 385 458 3766
f 3766 458 3894
f 412 415 3762
f 3762 415 3763
f 3166 337 3748
f 3748 337 3745
f 3072 3055 5370
f 5370 3055 3930
f 3073 5369 3056
f 3056 5369 3938
f 3167 3057 6496
f 6496 3057 3937
f 3069 3058 4808
f 4808 3058 3943
f 411 3166 3851
f 3851 3166 3748
f 3059 3163 3951
f 3951 3163 6493
f 336 3164 3772
f 3772 3164 3771
f 3053 3911 3162
f 3162 3911 6494
f 3054 3168 3929
f 3929 3168 3952
f 3165 830 3920
f 3920 830 3945
f 3170 3169 6497
f 6497 3169 6498
f 3171 1354 5005
f 5005 1354 4830
f 3172 3170 6503
f 6503 3170 6497
f 3169 3061 6498
f 6498 3061 4060
f 3173 3171 5006
f 5006 3171 5005
f 3079 3172 6334
f 6334 3172 6503
f 3174 3025 6299
f 6299 3025 6300
f 6576 6577 6575
f 6575 6577 6578
f 4612 4611 6579
f 6579 4611 6580
f 6582 6583 6581
f 6581 6583 6584
f 6584 6585 4618
f 4618 6585 4621
f 6586 6587 6589
f 6589 6587 6588
f 6588 6587 6590
f 6590 6587 6591
f 6592 4606 6590
f 6590 4606 4623
f 6594 6576 6593
f 6593 6576 6575
f 6595 6582 6579
f 6579 6582 6581
f 6580 6597 6596
f 6596 6597 6598
f 6577 6576 6599
f 6599 6576 6600
f 6595 6596 6601
f 6601 6596 6602
f 6583 6582 6603
f 6603 6582 6604
f 6586 6606 6605
f 6605 6606 6607
f 6587 6586 6608
f 6608 6586 6605
f 6587 6608 6591
f 6591 6608 6609
f 6576 6594 6600
f 6600 6594 6610
f 6582 6595 6604
f 6604 6595 6601
f 6599 6611 6577
f 6577 6611 6598
f 6613 6614 6612
f 6612 6614 6615
f 6617 6618 6616
f 6616 6618 6619
f 6621 6622 6620
f 6620 6622 6623
f 6625 6626 6624
f 6624 6626 6627
f 6629 6630 6628
f 6628 6630 6631
f 6633 6634 6632
f 6632 6634 6635
f 6637 6638 6636
f 6636 6638 6639
f 6640 6641 6637
f 6637 6641 6638
f 6643 6633 6642
f 6642 6633 6632
f 6645 6646 6644
f 6644 6646 6647
f 6646 6648 6647
f 6647 6648 6649
f 6651 6652 6650
f 6650 6652 6653
f 6653 6652 6654
f 6654 6652 6655
f 6656 6657 6659
f 6659 6657 6658
f 6661 6662 6660
f 6660 6662 6663
f 6662 6661 6664
f 6664 6661 6665
f 6667 6657 6666
f 6666 6657 6656
f 6669 6670 6668
f 6668 6670 6671
f 6672 6673 6670
f 6670 6673 6671
f 6674 6675 6677
f 6677 6675 6676
f 6675 6678 6676
f 6676 6678 6679
f 6681 6682 6680
f 6680 6682 6683
f 6684 6685 6683
f 6683 6685 6680
f 6687 6688 6686
f 6686 6688 6689
f 6687 6690 6688
f 6688 6690 6691
f 6619 6618 6633
f 6633 6618 6634
f 6632 6635 6693
f 6693 6635 6692
f 6617 6694 6636
f 6636 6694 6637
f 6695 6692 6639
f 6639 6692 6635
f 6637 6694 6640
f 6640 6694 6696
f 6698 6638 6697
f 6697 6638 6641
f 6643 6616 6633
f 6633 6616 6619
f 6642 6699 6641
f 6641 6699 6697
f 6646 6645 6700
f 6700 6645 6621
f 6644 6701 6654
f 6654 6701 6702
f 6700 6703 6646
f 6646 6703 6648
f 6693 6704 6649
f 6649 6704 6647
f 6620 6623 6651
f 6651 6623 6652
f 6693 6649 6699
f 6699 6649 6650
f 6652 6623 6655
f 6655 6623 6622
f 6654 6702 6653
f 6653 6702 6697
f 6615 6614 6657
f 6657 6614 6658
f 6705 6656 6704
f 6704 6656 6659
f 6613 6706 6660
f 6660 6706 6661
f 6704 6659 6701
f 6701 6659 6663
f 6661 6706 6665
f 6665 6706 6707
f 6708 6702 6664
f 6664 6702 6662
f 6612 6615 6667
f 6667 6615 6657
f 6666 6709 6664
f 6664 6709 6708
f 6629 6710 6669
f 6669 6710 6670
f 6668 6711 6679
f 6679 6711 6712
f 6713 6672 6710
f 6710 6672 6670
f 6714 6671 6705
f 6705 6671 6673
f 6628 6631 6674
f 6674 6631 6675
f 6705 6673 6709
f 6709 6673 6677
f 6631 6630 6675
f 6675 6630 6678
f 6712 6708 6679
f 6679 6708 6676
f 6625 6715 6682
f 6682 6715 6683
f 6716 6717 6681
f 6681 6717 6691
f 6718 6684 6715
f 6715 6684 6683
f 6719 6680 6714
f 6714 6680 6685
f 6624 6627 6686
f 6686 6627 6687
f 6689 6711 6685
f 6685 6711 6714
f 6627 6626 6687
f 6687 6626 6690
f 6717 6712 6691
f 6691 6712 6688
f 6612 6707 6613
f 6613 6707 6706
f 6616 6696 6617
f 6617 6696 6694
f 6703 6700 6620
f 6620 6700 6621
f 6715 6625 6718
f 6718 6625 6624
f 6710 6629 6713
f 6713 6629 6628
f 6639 6635 6636
f 6636 6635 6634
f 6641 6640 6642
f 6642 6640 6643
f 6654 6655 6644
f 6644 6655 6645
f 6651 6650 6648
f 6648 6650 6649
f 6659 6658 6663
f 6663 6658 6660
f 6665 6667 6664
f 6664 6667 6666
f 6678 6669 6679
f 6679 6669 6668
f 6673 6672 6677
f 6677 6672 6674
f 6690 6682 6691
f 6691 6682 6681
f 6685 6684 6689
f 6689 6684 6686
f 6636 6634 6617
f 6617 6634 6618
f 6638 6698 6639
f 6639 6698 6695
f 6640 6696 6643
f 6643 6696 6616
f 6693 6699 6632
f 6632 6699 6642
f 6655 6622 6645
f 6645 6622 6621
f 6704 6701 6647
f 6647 6701 6644
f 6651 6648 6620
f 6620 6648 6703
f 6650 6653 6699
f 6699 6653 6697
f 6613 6660 6614
f 6614 6660 6658
f 6663 6662 6701
f 6701 6662 6702
f 6665 6707 6667
f 6667 6707 6612
f 6705 6709 6656
f 6656 6709 6666
f 6630 6629 6678
f 6678 6629 6669
f 6714 6711 6671
f 6671 6711 6668
f 6672 6713 6674
f 6674 6713 6628
f 6677 6676 6709
f 6709 6676 6708
f 6626 6625 6690
f 6690 6625 6682
f 6680 6719 6681
f 6681 6719 6716
f 6684 6718 6686
f 6686 6718 6624
f 6711 6689 6712
f 6689 6688 6712
f 6593 6720 6594
f 6594 6720 6721
f 6722 6720 4607
f 4607 6720 4849
f 6592 6723 6722
f 6722 6723 6724
f 4610 4609 6578
f 6578 4609 6575
f 6596 6595 6580
f 6580 6595 6579
f 4618 4617 6584
f 6584 4617 6581
f 6589 6585 6586
f 6586 6585 6606
f 4622 4619 6588
f 6588 4619 6589
f 4622 6588 4623
f 4623 6588 6590
f 4609 4645 6575
f 6575 4645 6593
f 4617 4612 6581
f 6581 4612 6579
f 5004 4610 6597
f 6597 4610 6578
f 4645 4849 6593
f 6593 4849 6720
f 6724 6721 6722
f 6722 6721 6720
f 6722 4607 6592
f 6592 4607 4606
f 6725 6610 6721
f 6721 6610 6594
f 6723 6726 6724
f 6724 6726 6727
f 6727 6725 6724
f 6724 6725 6721
f 6728 6729 6605
f 6605 6729 6608
f 6605 6607 6728
f 6728 6607 6730
f 6731 6732 6604
f 6604 6732 6603
f 6733 6734 6725
f 6725 6734 6610
f 6735 6733 6727
f 6727 6733 6725
f 6735 6727 6736
f 6736 6727 6726
f 6591 6609 6723
f 6723 6609 6726
f 6723 6592 6591
f 6591 6592 6590
f 6738 6739 6737
f 6737 6739 6740
f 6740 6739 6742
f 6742 6739 6741
f 6743 6744 6741
f 6741 6744 6742
f 6745 6746 6743
f 6743 6746 6744
f 6747 6748 6745
f 6745 6748 6746
f 6749 6750 6747
f 6747 6750 6748
f 6752 6738 6751
f 6751 6738 6737
f 6754 6752 6753
f 6753 6752 6751
f 6756 6754 6755
f 6755 6754 6753
f 6758 6750 6757
f 6757 6750 6749
f 6760 6756 6759
f 6759 6756 6755
f 6762 6760 6761
f 6761 6760 6759
f 6764 6762 6763
f 6763 6762 6761
f 6757 6764 6758
f 6758 6764 6763
f 6766 6741 6765
f 6765 6741 6739
f 6767 6743 6766
f 6766 6743 6741
f 6768 6745 6767
f 6767 6745 6743
f 6769 6747 6768
f 6768 6747 6745
f 6770 6749 6769
f 6769 6749 6747
f 6772 6769 6771
f 6771 6769 6768
f 6773 6770 6772
f 6772 6770 6769
f 6774 6775 6772
f 6772 6775 6773
f 6777 6778 6776
f 6776 6778 6779
f 6775 6774 6778
f 6778 6774 6779
f 6771 6780 6772
f 6772 6780 6774
f 6780 6781 6774
f 6774 6781 6779
f 6781 6782 6779
f 6779 6782 6776
f 6784 6785 6783
f 6783 6785 6786
f 6786 6787 6783
f 6783 6787 6788
f 6790 6788 6789
f 6789 6788 6787
f 6786 6785 6791
f 6791 6785 6792
f 6791 6793 6786
f 6786 6793 6787
f 6793 6794 6787
f 6787 6794 6789
f 6795 6796 6794
f 6794 6796 6789
f 6790 6789 6797
f 6797 6789 6796
f 6798 6765 6738
f 6738 6765 6739
f 6799 6798 6752
f 6752 6798 6738
f 6767 6800 6768
f 6768 6800 6771
f 6766 6801 6767
f 6767 6801 6800
f 6802 6801 6765
f 6765 6801 6766
f 6798 6803 6765
f 6765 6803 6802
f 6804 6803 6799
f 6799 6803 6798
f 6805 6806 6804
f 6804 6806 6803
f 6807 6799 6754
f 6754 6799 6752
f 6808 6804 6807
f 6807 6804 6799
f 6809 6805 6808
f 6808 6805 6804
f 6810 6811 6805
f 6805 6811 6806
f 6812 6813 6810
f 6810 6813 6811
f 6814 6815 6796
f 6796 6815 6797
f 6813 6814 6816
f 6816 6814 6817
f 6816 6818 6813
f 6813 6818 6811
f 6819 6806 6818
f 6818 6806 6811
f 6802 6803 6819
f 6819 6803 6806
f 6757 6749 6820
f 6820 6749 6770
f 6820 6770 6821
f 6821 6770 6773
f 6821 6773 6822
f 6822 6773 6775
f 6822 6775 6823
f 6823 6775 6778
f 6824 6823 6777
f 6777 6823 6778
f 6784 6825 6777
f 6777 6825 6824
f 6826 6827 6788
f 6788 6827 6783
f 6828 6826 6790
f 6790 6826 6788
f 6829 6828 6797
f 6797 6828 6790
f 6815 6830 6797
f 6797 6830 6829
f 6832 6812 6831
f 6831 6812 6810
f 6831 6810 6809
f 6809 6810 6805
f 6736 6800 6735
f 6735 6800 6801
f 6733 6735 6802
f 6802 6735 6801
f 6734 6733 6819
f 6819 6733 6802
f 6833 6734 6818
f 6818 6734 6819
f 6834 6833 6816
f 6816 6833 6818
f 6816 6817 6834
f 6834 6817 6835
f 6837 6795 6836
f 6836 6795 6794
f 6836 6794 6731
f 6731 6794 6793
f 6732 6731 6791
f 6791 6731 6793
f 6791 6792 6732
f 6732 6792 6730
f 6729 6728 6781
f 6781 6728 6782
f 6838 6807 6756
f 6756 6807 6754
f 6839 6838 6760
f 6760 6838 6756
f 6840 6839 6762
f 6762 6839 6760
f 6841 6840 6764
f 6764 6840 6762
f 6820 6841 6757
f 6757 6841 6764
f 6841 6820 6842
f 6842 6820 6821
f 6840 6841 6843
f 6843 6841 6842
f 6839 6840 6844
f 6844 6840 6843
f 6838 6839 6845
f 6845 6839 6844
f 6807 6838 6808
f 6808 6838 6845
f 6842 6821 6846
f 6846 6821 6822
f 6843 6842 6847
f 6847 6842 6846
f 6844 6843 6848
f 6848 6843 6847
f 6845 6844 6849
f 6849 6844 6848
f 6808 6845 6809
f 6809 6845 6849
f 6850 6831 6849
f 6849 6831 6809
f 6851 6850 6848
f 6848 6850 6849
f 6847 6852 6848
f 6848 6852 6851
f 6853 6852 6846
f 6846 6852 6847
f 6846 6822 6853
f 6853 6822 6823
f 6853 6823 6854
f 6854 6823 6824
f 6854 6855 6853
f 6853 6855 6852
f 6856 6851 6855
f 6855 6851 6852
f 6856 6857 6851
f 6851 6857 6850
f 6857 6832 6850
f 6850 6832 6831
f 6825 6858 6824
f 6824 6858 6854
f 6860 6827 6859
f 6859 6827 6826
f 6859 6826 6861
f 6861 6826 6828
f 6862 6861 6829
f 6829 6861 6828
f 6830 6863 6829
f 6829 6863 6862
f 6863 6864 6862
f 6862 6864 6865
f 6858 6866 6854
f 6854 6866 6855
f 6867 6865 6866
f 6866 6865 6864
f 6869 6859 6868
f 6868 6859 6861
f 6867 6869 6865
f 6865 6869 6868
f 6861 6862 6868
f 6868 6862 6865
f 6867 6860 6869
f 6869 6860 6859
f 6753 6751 6698
f 6698 6751 6695
f 6697 6755 6698
f 6698 6755 6753
f 6759 6755 6702
f 6702 6755 6697
f 6761 6759 6708
f 6708 6759 6702
f 6763 6761 6712
f 6712 6761 6708
f 6758 6763 6717
f 6717 6763 6712
f 6750 6758 6716
f 6716 6758 6717
f 6719 6748 6716
f 6716 6748 6750
f 6714 6746 6719
f 6719 6746 6748
f 6705 6744 6714
f 6714 6744 6746
f 6704 6742 6705
f 6705 6742 6744
f 6740 6742 6693
f 6693 6742 6704
f 6737 6740 6692
f 6692 6740 6693
f 6751 6737 6695
f 6695 6737 6692
f 6601 6602 6836
f 6836 6602 6837
f 6604 6601 6731
f 6731 6601 6836
f 6599 6600 6834
f 6834 6600 6833
f 6834 6835 6599
f 6599 6835 6611
f 6600 6610 6833
f 6833 6610 6734
f 6780 6771 6870
f 6870 6771 6736
f 6736 6771 6800
f 6870 6729 6780
f 6780 6729 6781
f 6608 6729 6609
f 6609 6729 6870
f 6609 6870 6726
f 6726 6870 6736
f 5014 5015 5229
f 5229 5015 5230
f 4258 5015 4259
f 4259 5015 4878
f 3471 3013 4703
f 4703 3013 4704
f 2879 6337 1306
f 1306 6337 4785
f 829 3471 4316
f 4316 3471 4703
f 4702 3472 5223
f 5223 3472 1756
f 6871 6872 4534
f 4534 6872 4535
f 6871 4665 6872
f 6872 4665 4844
f 6871 6873 4665
f 4665 6873 4559
f 6871 4534 6873
f 6873 4534 4542
f 4153 4152 4822
f 4822 4152 4407
f 4152 4168 4407
f 4407 4168 4342
f 4343 4168 4923
f 4923 4168 4167
f 4363 4362 4972
f 4972 4362 4840
f 4362 4394 4840
f 4840 4394 4839
f 4401 4400 4986
f 4986 4400 4984
f 4435 4434 4841
f 4841 4434 4842
f 4506 4505 4530
f 4530 4505 4531
f 4506 4535 4507
f 4507 4535 4843
f 4661 4660 4516
f 4516 4660 4517
f 4673 4672 4937
f 4937 4672 6547
f 4400 4924 4984
f 4984 4924 5263
f 4673 4660 4674
f 4674 4660 4659
f 4505 4661 4531
f 4531 4661 4516
f 4952 4401 6874
f 6874 4401 4986
f 4954 4153 6875
f 6875 4153 4822
f 4363 4973 4364
f 4364 4973 4974
f 5264 4924 5267
f 5267 4924 4691
f 6293 6292 6876
f 6876 6292 6877
f 6380 4343 6387
f 6387 4343 4923
f 4394 4435 4839
f 4839 4435 4841
f 4672 4434 6547
f 6547 4434 4433
f 4973 6556 4974
f 4974 6556 6878
f 6567 6380 6574
f 6574 6380 6387
f 6292 4954 6877
f 6877 4954 6875
f 6567 5264 6568
f 6568 5264 5267
f 4145 4144 4154
f 4154 4144 4151
f 4194 4144 4425
f 4425 4144 4143
f 4355 4354 5263
f 5263 4354 4984
f 4360 4359 4364
f 4364 4359 4361
f 4444 4359 4392
f 4392 4359 4337
f 4447 4446 4432
f 4432 4446 4433
f 4464 4463 6547
f 6547 4463 4937
f 4519 4518 4654
f 4654 4518 4509
f 4533 4532 4499
f 4499 4532 4498
f 4533 4542 4530
f 4530 4542 4534
f 4519 4532 4516
f 4516 4532 4531
f 4922 4194 4426
f 4426 4194 4425
f 4463 4518 4937
f 4937 4518 4517
f 6555 4951 6874
f 6874 4951 6878
f 4958 4957 6290
f 6290 4957 6291
f 4334 4360 4712
f 4712 4360 4950
f 4985 4354 4419
f 4419 4354 4353
f 5262 4355 5265
f 5265 4355 5263
f 6294 4958 4804
f 4804 4958 6290
f 6386 4922 6384
f 6384 4922 4426
f 4444 4447 4393
f 4393 4447 4432
f 4464 4446 4465
f 4465 4446 4445
f 4985 6555 4986
f 4986 6555 6874
f 6573 6386 6571
f 6571 6386 6384
f 4145 6294 4146
f 4146 6294 4804
f 6573 5262 6574
f 6574 5262 5265
f 4542 4541 6873
f 6873 4541 4559
f 4535 6872 4843
f 4843 6872 4844
f 4104 4103 6879
f 6879 4103 6343
f 4105 6293 6307
f 6307 6293 6876
f 4104 4956 4105
f 4105 4956 6293
f 4956 4104 4957
f 4957 4104 6879
f 4957 6879 6291
f 6291 6879 6309
f 4648 4988 4649
f 4649 4988 4953
f 4802 4803 4928
f 4928 4803 6550
f 6550 4803 6555
f 6555 4803 4951
f 1516 3173 4987
f 4987 3173 5006
f 6519 6518 6558
f 6558 6518 6510
f 6527 6519 6559
f 6559 6519 6558
f 6528 6560 6529
f 6529 6560 6541
f 6548 4625 6549
f 6549 4625 4624
f 6551 6552 4746
f 4746 6552 6505
f 6553 4711 6554
f 6554 4711 4710
f 4802 6551 4713
f 4713 6551 4746
f 6556 4973 4649
f 4649 4973 4646
f 6557 4949 6548
f 6548 4949 4625
f 4648 4647 6553
f 6553 4647 4711
f 6549 4624 4987
f 4987 4624 4838
f 6552 6518 6505
f 6505 6518 6507
f 6561 4372 6529
f 6529 4372 6514
f 6562 4369 6561
f 6561 4369 4372
f 3142 3482 6562
f 6562 3482 4369
f 6556 4952 6878
f 6878 4952 6874
f 4951 4950 6878
f 6878 4950 4974
f 3168 440 3952
f 4204 4203 5341
f 5341 4203 6364
f 4219 4222 6429
f 6429 4222 4383
f 4319 4322 6506
f 6506 4322 4747
f 4340 4714 4341
f 4341 4714 4384
f 4375 4377 6388
f 6388 4377 6546
f 4378 4381 6311
f 6311 4381 4720
f 4449 4341 4387
f 4387 4341 4384
f 4473 4472 4477
f 4477 4472 4474
f 4492 4491 4487
f 4487 4491 4488
f 4523 4491 4522
f 4522 4491 4490
f 4492 4538 4493
f 4493 4538 4555
f 4538 4553 4555
f 4555 4553 4556
f 4620 4615 4621
f 4621 4615 4618
f 4652 4651 4368
f 4368 4651 4365
f 4523 4655 4524
f 4524 4655 4656
f 4553 4667 4556
f 4556 4667 4571
f 4651 1210 4365
f 4365 1210 1209
f 4698 4697 5223
f 5223 4697 6344
f 4340 4339 4322
f 4322 4339 4747
f 4726 4729 5287
f 5287 4729 4198
f 4381 4380 4737
f 4737 4380 6368
f 4836 4835 4451
f 4451 4835 4709
f 4910 6367 4911
f 4911 6367 6366
f 4912 4915 6450
f 6450 4915 6449
f 4927 4836 4450
f 4450 4836 4451
f 4930 4929 4439
f 4439 4929 4436
f 4936 4935 4459
f 4459 4935 4456
f 4473 4655 4470
f 4470 4655 4510
f 4942 4583 4943
f 4943 4583 4572
f 4948 4601 4947
f 4947 4601 4584
f 4949 4835 4625
f 4625 4835 4626
f 4966 4969 6289
f 6289 4969 4695
f 4971 4652 4926
f 4926 4652 4368
f 4203 4977 6364
f 6364 4977 6365
f 4990 4989 4443
f 4443 4989 4440
f 4990 4991 4478
f 4478 4991 4512
f 4992 4991 4528
f 4528 4991 4515
f 4992 4993 4527
f 4527 4993 4485
f 4994 4993 4502
f 4502 4993 4503
f 4994 4995 4482
f 4482 4995 4550
f 4543 4996 4544
f 4544 4996 4995
f 4999 4998 4567
f 4567 4998 4578
f 5000 4998 4575
f 4575 4998 4997
f 5002 5001 4592
f 4592 5001 4574
f 5003 5004 4614
f 4614 5004 4611
f 3483 4215 1755
f 1755 4215 4698
f 5274 5277 4195
f 4195 5277 4223
f 4726 5295 4727
f 4727 5295 6350
f 5309 5342 5310
f 5310 5342 6363
f 5315 5314 5316
f 5316 5314 5317
f 5339 6362 5340
f 5340 6362 5363
f 5310 6363 5339
f 5339 6363 6362
f 4204 5309 4201
f 4201 5309 5308
f 4915 5345 6449
f 6449 5345 6448
f 5345 5315 6448
f 6448 5315 5316
f 5348 5347 6351
f 6351 5347 6352
f 5365 4263 5340
f 5340 4263 4262
f 6295 6298 4733
f 4733 6298 4734
f 4969 6306 4695
f 4695 6306 4696
f 6306 4378 4696
f 4696 4378 6311
f 6369 6372 6544
f 6544 6372 6545
f 4375 6390 4373
f 4373 6390 4374
f 6421 6422 4911
f 4911 6422 4908
f 4910 4909 4737
f 4737 4909 4736
f 5277 4219 4223
f 4223 4219 6429
f 4697 4222 6344
f 6344 4222 4221
f 6436 6361 6437
f 6437 6361 6360
f 6438 6440 6437
f 6437 6440 6434
f 6438 6359 6441
f 6441 6359 6358
f 6442 6441 6357
f 6357 6441 6358
f 6442 6444 6443
f 6443 6444 6445
f 6446 6444 6355
f 6355 6444 6356
f 6446 4912 6447
f 6447 4912 6450
f 6436 6435 5365
f 5365 6435 4263
f 5314 5347 5317
f 5317 5347 5346
f 4319 6512 4320
f 4320 6512 6513
f 6520 6512 6521
f 6521 6512 6508
f 6528 6520 6527
f 6527 6520 6521
f 6532 6539 6533
f 6533 6539 6535
f 6533 6535 6537
f 6537 6535 6534
f 6538 6543 6537
f 6537 6543 6536
f 6295 4377 6296
f 6296 4377 4376
f 4989 4930 4440
f 4440 4930 4439
f 4927 4929 4422
f 4422 4929 4455
f 4449 4936 4388
f 4388 4936 4459
f 4472 4935 4474
f 4474 4935 4932
f 4942 4940 4947
f 4947 4940 4939
f 5001 5000 4574
f 4574 5000 4575
f 4669 4943 4666
f 4666 4943 4667
f 4996 4999 4547
f 4547 4999 4567
f 4948 4946 4620
f 4620 4946 4615
f 5003 5002 4591
f 4591 5002 4592
f 6557 4971 6554
f 6554 4971 4926
f 6532 6560 6539
f 6539 6560 6559
f 6390 6372 4374
f 4374 6372 6371
f 4966 6298 4967
f 4967 6298 6297
f 6538 6526 6369
f 6369 6526 6370
f 6585 6589 4621
f 4621 6589 4619
f 6597 6578 6598
f 6598 6578 6577
f 6606 6583 6607
f 6607 6583 6603
f 6611 6602 6598
f 6598 6602 6596
f 6585 6584 6606
f 6606 6584 6583
f 6597 6580 5004
f 5004 6580 4611
f 6607 6603 6730
f 6730 6603 6732
f 6776 6785 6777
f 6777 6785 6784
f 6785 6776 6792
f 6792 6776 6782
f 6815 6814 6812
f 6812 6814 6813
f 6817 6814 6795
f 6795 6814 6796
f 6825 6784 6827
f 6827 6784 6783
f 6830 6815 6832
f 6832 6815 6812
f 6817 6795 6835
f 6835 6795 6837
f 6792 6782 6730
f 6730 6782 6728
f 6858 6825 6860
f 6860 6825 6827
f 6863 6830 6857
f 6857 6830 6832
f 6864 6863 6856
f 6856 6863 6857
f 6866 6858 6867
f 6867 6858 6860
f 6866 6864 6855
f 6855 6864 6856
f 6835 6837 6611
f 6611 6837 6602
f 6560 6528 6559
f 6559 6528 6527
f 4949 6557 4710
f 4710 6557 6554
f 4430 4090 4175
f 4175 4090 4089
f 4777 4113 4155
f 4155 4113 4086
f 4175 4089 4176
f 4176 4089 4142
f 4199 4271 4200
f 4200 4271 4798
f 4199 4095 4272
f 4272 4095 5273
f 4406 4405 4404
f 4404 4405 4346
f 4410 4409 6877
f 6877 4409 6876
f 4409 4413 6876
f 6876 4413 6307
f 4415 4148 4416
f 4416 4148 4147
f 4690 4405 4344
f 4344 4405 4342
f 4693 4692 4352
f 4352 4692 4349
f 4701 4700 6337
f 6337 4700 6338
f 4778 4777 4081
f 4081 4777 4155
f 4821 4406 4809
f 4809 4406 4404
f 4176 4142 4181
f 4181 4142 4415
f 4760 4970 4399
f 4399 4970 4692
f 4200 5007 4096
f 4096 5007 4078
f 5266 4693 5269
f 5269 4693 4352
f 5270 5007 5361
f 5361 5007 4797
f 4778 5270 4779
f 4779 5270 5361
f 6285 4410 6875
f 6875 4410 6877
f 6308 4413 4687
f 4687 4413 4412
f 6480 6320 6481
f 6481 6320 6880
f 4701 2878 4702
f 4702 2878 3472
f 6339 6347 6340
f 6340 6347 6348
f 6341 6342 6346
f 6346 6342 6345
f 4416 6308 4414
f 4414 6308 4687
f 6385 4690 6381
f 6381 4690 4344
f 5282 6341 5280
f 5280 6341 6339
f 4700 6342 6338
f 6338 6342 5281
f 6340 6348 4272
f 4272 6348 4270
f 6480 6479 4828
f 4828 6479 4829
f 6490 6479 6489
f 6489 6479 6478
f 4090 4430 6490
f 6490 4430 4429
f 6563 6564 4970
f 4970 6564 4815
f 4694 6566 4366
f 4366 6566 6563
f 6572 6385 6568
f 6568 6385 6381
f 4821 6285 4822
f 4822 6285 6875
f 6572 5266 6569
f 6569 5266 5269
f 3482 3103 4369
f 4369 3103 4370
f 3121 4730 3485
f 3485 4730 4327
f 6277 6280 6273
f 6273 6280 6272
f 6267 6276 6278
f 6278 6276 6279
f 6278 6279 6277
f 6277 6279 6280
f 6279 6256 6280
f 6280 6256 6255
f 6256 3857 6255
f 6255 3857 3754
f 3857 3856 3754
f 3754 3856 3755
f 3856 3703 3755
f 3755 3703 3863
f 3703 3702 3863
f 3863 3702 3759
f 3702 3706 3759
f 3759 3706 3670
f 3706 3705 3670
f 3670 3705 3668
f 3705 3773 3668
f 3668 3773 3882
f 3882 3773 3883
f 3883 3773 3707
f 3707 3708 3883
f 3883 3708 3880
f 3708 3710 3880
f 3880 3710 3881
f 3709 5241 3710
f 3710 5241 3881
f 5241 3709 5234
f 5234 3709 3786
f 3693 3712 3786
f 3786 3712 5234
f 4051 4055 4052
f 4052 4055 4056
f 4056 4055 4057
f 4057 4055 4054
f 4066 5238 5236
f 5236 5238 3989
f 4066 4069 5238
f 5238 4069 4035
f 6881 3962 3960
f 3960 3962 3957
f 6883 4070 6882
f 6882 4070 3941
f 4070 6883 4071
f 4071 6883 6884
f 4071 6884 4072
f 4072 6884 6885
f 6885 6886 4072
f 4072 6886 4031
f 3955 6881 3956
f 3956 6881 3960
f 6884 3991 6885
f 6885 3991 3990
f 6883 6887 6884
f 6884 6887 3991
f 6887 6888 3991
f 3991 6888 3992
f 6888 6887 6889
f 6889 6887 6890
f 6887 6883 6890
f 6890 6883 6882
f 4058 5240 3953
f 3953 5240 3954
f 5236 6888 5239
f 5239 6888 6889
f 5237 6886 3990
f 3990 6886 6885
f 4034 4031 5237
f 5237 4031 6886
f 6881 6882 3962
f 3962 6882 3941
f 6881 3955 6882
f 6882 3955 6890
f 3955 3954 6890
f 6890 3954 6889
f 5239 6889 5240
f 5240 6889 3954
f 6888 5236 3992
f 3992 5236 3989
f 3869 3868 3888
f 3888 3868 4015
f 3868 4012 4015
f 4015 4012 4010
f 4012 4022 4010
f 4010 4022 4009
f 4022 4021 4009
f 4009 4021 4018
f 4020 3974 4001
f 4001 3974 3996
f 4021 4020 4029
f 4029 4020 4001
f 4085 4156 4086
f 4086 4156 4155
f 4113 4777 4114
f 4114 4777 4776
f 4130 4129 4094
f 4094 4129 4091
f 4139 4773 4140
f 4140 4773 4772
f 4149 4178 4150
f 4150 4178 5225
f 4160 4159 4087
f 4087 4159 4088
f 4149 4148 4179
f 4179 4148 4141
f 4085 4084 4183
f 4183 4084 6315
f 4179 4141 4159
f 4159 4141 4088
f 4192 4130 4162
f 4162 4130 4094
f 4197 5288 4198
f 4198 5288 5287
f 4229 4766 4230
f 4230 4766 4771
f 4245 4246 4242
f 4242 4246 4249
f 4183 6315 4418
f 4418 6315 6314
f 4679 4178 4680
f 4680 4178 4177
f 4724 4798 4725
f 4725 4798 4271
f 4728 5275 4729
f 4729 5275 5274
f 4230 4771 4249
f 4249 4771 4242
f 4724 4723 4799
f 4799 4723 5355
f 4823 4824 4891
f 4891 4824 6327
f 4823 4192 4161
f 4161 4192 4162
f 4893 4767 4229
f 4229 4767 4766
f 4894 4895 4898
f 4898 4895 4899
f 4106 4150 4103
f 4103 4150 5225
f 4680 4894 4677
f 4677 4894 4898
f 6420 4977 5301
f 5301 4977 4976
f 4679 4678 5226
f 5226 4678 4427
f 5228 5008 4893
f 4893 5008 4767
f 5285 6354 5286
f 5286 6354 5343
f 5289 5352 5290
f 5290 5352 5349
f 5290 5349 5295
f 5295 5349 5348
f 5302 5299 4202
f 4202 5299 4976
f 4725 4271 5311
f 5311 4271 4270
f 5325 4723 5326
f 5326 4723 4722
f 5335 5355 5325
f 5325 5355 4723
f 5326 4722 5286
f 5286 4722 5283
f 4799 5357 4797
f 4797 5357 5361
f 5359 5356 5335
f 5335 5356 5355
f 4775 4774 5356
f 5356 4774 5357
f 5359 5358 4092
f 4092 5358 4093
f 6316 4740 6317
f 6317 4740 4739
f 6318 4827 6316
f 6316 4827 4740
f 6319 4828 6318
f 6318 4828 4827
f 6320 6480 6319
f 6319 6480 4828
f 6484 6322 6485
f 6485 6322 6321
f 6487 6324 6331
f 6331 6324 6323
f 6331 6323 6330
f 6330 6323 6325
f 6325 6326 6330
f 6330 6326 6329
f 6326 6328 6329
f 6329 6328 5231
f 4824 4685 5228
f 5228 4685 5008
f 5226 6343 5225
f 5225 6343 4103
f 4728 4727 6349
f 6349 4727 5284
f 6350 6351 5285
f 5285 6351 6354
f 4247 4246 6418
f 6418 4246 6365
f 6400 6402 6401
f 6401 6402 6459
f 4197 4196 6409
f 6409 4196 6426
f 6412 4897 6328
f 6328 4897 5231
f 6413 4133 6412
f 6412 4133 4897
f 6414 4134 6413
f 6413 4134 4133
f 6415 4225 6414
f 6414 4225 4134
f 6416 4252 6415
f 6415 4252 4225
f 6417 4253 6416
f 6416 4253 4252
f 4253 6417 6366
f 6366 6417 6419
f 6366 6419 4911
f 4911 6419 6421
f 6422 6423 4908
f 4908 6423 5298
f 5298 6423 6396
f 6396 6423 6424
f 6409 6426 6425
f 6425 6426 6397
f 5300 5299 6399
f 6399 5299 6400
f 6465 6408 6401
f 6401 6408 6398
f 6424 6399 6425
f 6425 6399 6398
f 6349 5284 5311
f 5311 5284 5283
f 6465 6464 5289
f 5289 6464 5352
f 6488 6483 6492
f 6492 6483 6482
f 6486 6491 6482
f 6482 6491 6492
f 6491 4895 6492
f 6492 4895 4157
f 6488 4160 6489
f 6489 4160 4087
f 6501 6502 4418
f 4418 6502 4417
f 6504 6500 6317
f 6317 6500 6314
f 3497 3496 6501
f 6501 3496 6502
f 3499 3498 6504
f 6504 3498 6500
f 4729 5274 4198
f 4198 5274 4195
f 6418 6365 6420
f 6420 6365 4977
f 5295 5348 6350
f 6350 5348 6351
f 5301 6422 6420
f 6420 6422 6421
f 4113 4112 4086
f 4086 4112 4083
f 6320 4112 6880
f 6880 4112 4111
f 4091 4772 4092
f 4092 4772 4775
f 4129 4140 4091
f 4091 4140 4772
f 4137 4140 4128
f 4128 4140 4129
f 4128 6324 4137
f 4137 6324 6321
f 6324 6487 6321
f 6321 6487 6485
f 6487 6486 6485
f 6485 6486 6482
f 4774 4773 4779
f 4779 4773 4776
f 4773 4139 4776
f 4776 4139 4114
f 4139 4138 4114
f 4114 4138 4111
f 4138 6322 4111
f 4111 6322 6880
f 6322 6484 6880
f 6880 6484 6481
f 6484 6483 6481
f 6481 6483 6478
f 6879 6343 6309
f 6309 6343 4428
f 4106 4105 4900
f 4900 4105 6307
f 3500 3167 6495
f 6495 3167 6496
f 3500 6495 3070
f 3070 6495 5368
f 3502 5235 3501
f 3501 5235 4813
f 3024 3503 6473
f 6473 3503 6474
f 3503 3023 6474
f 6474 3023 6374
f 3504 1770 4348
f 4348 1770 4345
f 3502 3505 5235
f 5235 3505 4810
f 3498 3497 6500
f 6500 3497 6501
f 3496 3075 6502
f 6502 3075 6275
f 6299 4254 3174
f 3174 4254 3017
f 1769 3501 4814
f 4814 3501 4813
f 3506 3018 6476
f 6476 3018 4257
f 3507 3499 6499
f 6499 3499 6504
f 3030 4216 3483
f 3483 4216 4215
f 3077 3507 6333
f 6333 3507 6499
f 1784 3160 5249
f 5249 3160 6523
f 3015 3506 4240
f 4240 3506 6476
f 3508 3504 6383
f 6383 3504 4348
f 3509 3016 6477
f 6477 3016 4239
f 3028 3509 6467
f 6467 3509 6477
f 3022 1785 5246
f 5246 1785 5247
f 3161 3508 6570
f 6570 3508 6383
f 3150 3149 4694
f 4694 3149 6566
f 1327 4807 3510
f 3510 4807 4811
f 3510 4811 3505
f 3505 4811 4810
f 3146 3511 4816
f 4816 3511 4350
f 3511 1808 4350
f 4350 1808 4351
f 3485 4327 3159
f 3159 4327 4330
f 1326 3512 4806
f 4806 3512 6310
f 3512 1331 6310
f 6310 1331 4688
